model_label,target_passage_tokens,num_needles,query_order,q_hat,q_hat_power_N,all_pairs_found,exact_correct,scheme
Qwen3-8B,10000,10,query_first,0.9945289858669039,0.9466173343830218,1.0,0.0,seed
Qwen3-8B,10000,10,query_first,0.9961762379688228,0.9624136674609379,1.0,0.0,seed
Qwen3-8B,10000,10,query_first,0.993944939648308,0.9410729055940562,1.0,0.0,seed
Qwen3-8B,10000,10,query_first,0.9963298592385582,0.9638988449287819,1.0,0.0,seed
Qwen3-8B,10000,10,query_first,0.9953529989556056,0.954489802756777,1.0,0.0,seed
Qwen3-8B,10000,1,query_first,0.9920695098923461,0.9920695098923461,1.0,1.0,seed
Qwen3-8B,10000,1,query_first,0.9911576196540071,0.9911576196540071,1.0,1.0,seed
Qwen3-8B,10000,1,query_first,0.9882490562628454,0.9882490562628454,1.0,1.0,seed
Qwen3-8B,10000,1,query_first,0.992631816181287,0.992631816181287,1.0,1.0,seed
Qwen3-8B,10000,1,query_first,0.9920477959545978,0.9920477959545978,1.0,1.0,seed
Qwen3-8B,10000,20,query_first,0.995108283309226,0.9065814461749264,1.0,0.0,seed
Qwen3-8B,10000,20,query_first,0.9970310385293558,0.9422661081273642,1.0,0.0,seed
Qwen3-8B,10000,20,query_first,0.9950436262055511,0.9054040715386567,1.0,0.0,seed
Qwen3-8B,10000,20,query_first,0.99702570046875,0.9421652162278461,1.0,0.0,seed
Qwen3-8B,10000,20,query_first,0.9960480961818479,0.9238600641962743,1.0,0.0,seed
Qwen3-8B,10000,2,query_first,0.992907371316602,0.9858650480148445,1.0,1.0,seed
Qwen3-8B,10000,2,query_first,0.9931265894977056,0.9863004227673443,1.0,0.0,seed
Qwen3-8B,10000,2,query_first,0.9903712448842744,0.9808352026936275,1.0,0.0,seed
Qwen3-8B,10000,2,query_first,0.994024583799585,0.9880848731979383,1.0,0.0,seed
Qwen3-8B,10000,2,query_first,0.9932339238921786,0.986513627570254,1.0,0.0,seed
Qwen3-8B,10000,30,query_first,0.9954184156335102,0.8713048531434512,1.0,0.0,seed
Qwen3-8B,10000,30,query_first,0.9974397328331072,0.925976421249278,1.0,0.0,seed
Qwen3-8B,10000,30,query_first,0.995591838288337,0.875870360647171,1.0,0.0,seed
Qwen3-8B,10000,30,query_first,0.9973700264568479,0.9240370229867554,1.0,0.0,seed
Qwen3-8B,10000,30,query_first,0.996405626770653,0.8976047473457315,0.0,0.0,seed
Qwen3-8B,10000,3,query_first,0.9933561087063092,0.9802004567235523,1.0,0.0,seed
Qwen3-8B,10000,3,query_first,0.9940695563242057,0.9823139708845264,1.0,0.0,seed
Qwen3-8B,10000,3,query_first,0.9914318072524885,0.9745150345136644,1.0,0.0,seed
Qwen3-8B,10000,3,query_first,0.9947144984949564,0.9842271574047976,1.0,0.0,seed
Qwen3-8B,10000,3,query_first,0.9938444805556499,0.9816468796906243,1.0,0.0,seed
Qwen3-8B,10000,4,query_first,0.9936572780877058,0.9748694740229393,1.0,0.0,seed
Qwen3-8B,10000,4,query_first,0.9946594829633791,0.9788084501301252,1.0,0.0,seed
Qwen3-8B,10000,4,query_first,0.9921132306239101,0.9688241708878643,1.0,0.0,seed
Qwen3-8B,10000,4,query_first,0.9951553690480595,0.9807618446148069,1.0,0.0,seed
Qwen3-8B,10000,4,query_first,0.9942441588730219,0.9771746520748169,1.0,0.0,seed
Qwen3-8B,10000,5,query_first,0.9938815074204917,0.96977961309968,1.0,0.0,seed
Qwen3-8B,10000,5,query_first,0.9950765451107109,0.9756239391035617,1.0,0.0,seed
Qwen3-8B,10000,5,query_first,0.9926045157736118,0.9635654808460741,1.0,0.0,seed
Qwen3-8B,10000,5,query_first,0.9954719643820179,0.9775639266876823,1.0,0.0,seed
Qwen3-8B,10000,5,query_first,0.9945363122712014,0.9729784536290903,1.0,0.0,seed
Qwen3-8B,10000,6,query_first,0.9940588541669243,0.9648784077348302,1.0,0.0,seed
Qwen3-8B,10000,6,query_first,0.9953931268471395,0.9726751615713093,1.0,0.0,seed
Qwen3-8B,10000,6,query_first,0.9929832808038433,0.9586313270336755,1.0,0.0,seed
Qwen3-8B,10000,6,query_first,0.9957152873479671,0.9745655373320237,1.0,0.0,seed
Qwen3-8B,10000,6,query_first,0.9947640345988634,0.9689925779340529,1.0,0.0,seed
Qwen3-8B,10000,8,query_first,0.9943283497898177,0.9555173468405613,1.0,0.0,seed
Qwen3-8B,10000,8,query_first,0.9958519416526904,0.9672933358488652,1.0,0.0,seed
Qwen3-8B,10000,8,query_first,0.993542120098541,0.9494897179026003,1.0,0.0,seed
Qwen3-8B,10000,8,query_first,0.9960730103571187,0.9690125030776738,1.0,0.0,seed
Qwen3-8B,10000,8,query_first,0.9951043003230614,0.9614989721355744,1.0,0.0,seed
Qwen3-8B,2000,10,query_first,0.9957814197787059,0.958606093745351,1.0,1.0,seed
Qwen3-8B,2000,10,query_first,0.9978756888621729,0.9789588139239366,1.0,1.0,seed
Qwen3-8B,2000,10,query_first,0.996197356918409,0.9626177187530799,1.0,1.0,seed
Qwen3-8B,2000,10,query_first,0.997747789961389,0.9777047943484198,1.0,1.0,seed
Qwen3-8B,2000,10,query_first,0.9968105296855553,0.9685591974732393,1.0,1.0,seed
Qwen3-8B,2000,1,query_first,0.9938815074204917,0.9938815074204917,1.0,1.0,seed
Qwen3-8B,2000,1,query_first,0.9950765451107109,0.9950765451107109,1.0,1.0,seed
Qwen3-8B,2000,1,query_first,0.9926045157736118,0.9926045157736118,1.0,1.0,seed
Qwen3-8B,2000,1,query_first,0.9954719643820179,0.9954719643820179,1.0,1.0,seed
Qwen3-8B,2000,1,query_first,0.9945363122712014,0.9945363122712014,1.0,1.0,seed
Qwen3-8B,2000,20,query_first,0.9962286063498405,0.9272143913908706,1.0,1.0,seed
Qwen3-8B,2000,20,query_first,0.998351206616306,0.9675355768764509,1.0,1.0,seed
Qwen3-8B,2000,20,query_first,0.996888623268328,0.9395779042890963,1.0,1.0,seed
Qwen3-8B,2000,20,query_first,0.998175290620306,0.964131556970987,1.0,0.0,seed
Qwen3-8B,2000,20,query_first,0.9972882038165324,0.9471388314006296,1.0,1.0,seed
Qwen3-8B,2000,2,query_first,0.9945289858669039,0.9890879037294522,1.0,0.0,seed
Qwen3-8B,2000,2,query_first,0.9961762379688228,0.9923670970937167,1.0,1.0,seed
Qwen3-8B,2000,2,query_first,0.993944939648308,0.9879265430524786,1.0,0.0,seed
Qwen3-8B,2000,2,query_first,0.9963298592385582,0.9926731884103253,1.0,0.0,seed
Qwen3-8B,2000,2,query_first,0.9953529989556056,0.9907275925299178,1.0,1.0,seed
Qwen3-8B,2000,30,query_first,0.9964679628755274,0.8992909272162227,1.0,1.0,seed
Qwen3-8B,2000,30,query_first,0.9985784314405706,0.9582204636662647,1.0,1.0,seed
Qwen3-8B,2000,30,query_first,0.9972333322578425,0.9202452565732331,1.0,1.0,seed
Qwen3-8B,2000,30,query_first,0.9983867472467995,0.9527176792936772,1.0,0.0,seed
Qwen3-8B,2000,30,query_first,0.9975338190732925,0.9286003664231647,1.0,1.0,seed
Qwen3-8B,2000,3,query_first,0.9948756562235694,0.984705610808499,1.0,1.0,seed
Qwen3-8B,2000,3,query_first,0.9967022111942344,0.9901392239509168,1.0,0.0,seed
Qwen3-8B,2000,3,query_first,0.9946140169166018,0.983928920950149,1.0,0.0,seed
Qwen3-8B,2000,3,query_first,0.99675447851326,0.9902950015825353,1.0,0.0,seed
Qwen3-8B,2000,3,query_first,0.9957731484524909,0.9873729686613988,1.0,0.0,seed
Qwen3-8B,2000,4,query_first,0.995108283309226,0.9805762389491474,1.0,1.0,seed
Qwen3-8B,2000,4,query_first,0.9970310385293558,0.9881769379060065,1.0,1.0,seed
Qwen3-8B,2000,4,query_first,0.9950436262055511,0.9803214122468159,1.0,1.0,seed
Qwen3-8B,2000,4,query_first,0.99702570046875,0.9881557754514096,1.0,0.0,seed
Qwen3-8B,2000,4,query_first,0.9960480961818479,0.984285843357903,1.0,0.0,seed
Qwen3-8B,2000,5,query_first,0.9952814599672859,0.9766288979480505,1.0,0.0,seed
Qwen3-8B,2000,5,query_first,0.9972634060506342,0.9863917150558211,1.0,0.0,seed
Qwen3-8B,2000,5,query_first,0.9953532251909303,0.9769810500893307,1.0,0.0,seed
Qwen3-8B,2000,5,query_first,0.9972204115367046,0.9861791043479554,1.0,0.0,seed
Qwen3-8B,2000,5,query_first,0.996249031268172,0.9813853272416413,1.0,1.0,seed
Qwen3-8B,2000,6,query_first,0.9954184156335102,0.9728234406948566,1.0,1.0,seed
Qwen3-8B,2000,6,query_first,0.9974397328331072,0.9847363865126001,0.0,0.0,seed
Qwen3-8B,2000,6,query_first,0.995591838288337,0.9738408005509186,1.0,0.0,seed
Qwen3-8B,2000,6,query_first,0.9973700264568479,0.9843235470525616,1.0,0.0,seed
Qwen3-8B,2000,6,query_first,0.996405626770653,0.9786266271562496,1.0,1.0,seed
Qwen3-8B,2000,8,query_first,0.9956265116763635,0.9655430015409756,1.0,1.0,seed
Qwen3-8B,2000,8,query_first,0.9976951908641564,0.9817095833142917,0.0,0.0,seed
Qwen3-8B,2000,8,query_first,0.9959437703983831,0.968007128755217,1.0,0.0,seed
Qwen3-8B,2000,8,query_first,0.9975899326387442,0.9808813154313472,1.0,1.0,seed
Qwen3-8B,2000,8,query_first,0.9966395719661775,0.9734306489127678,1.0,0.0,seed
Qwen3-8B,5000,10,query_first,0.995108283309226,0.9521457063784546,1.0,0.0,seed
Qwen3-8B,5000,10,query_first,0.9970310385293558,0.970703924030064,1.0,0.0,seed
Qwen3-8B,5000,10,query_first,0.9950436262055511,0.951527231107264,1.0,0.0,seed
Qwen3-8B,5000,10,query_first,0.99702570046875,0.9706519542183213,1.0,0.0,seed
Qwen3-8B,5000,10,query_first,0.9960480961818479,0.9611763959837312,1.0,0.0,seed
Qwen3-8B,5000,1,query_first,0.992907371316602,0.992907371316602,1.0,1.0,seed
Qwen3-8B,5000,1,query_first,0.9931265894977056,0.9931265894977056,1.0,1.0,seed
Qwen3-8B,5000,1,query_first,0.9903712448842744,0.9903712448842744,1.0,1.0,seed
Qwen3-8B,5000,1,query_first,0.994024583799585,0.994024583799585,1.0,1.0,seed
Qwen3-8B,5000,1,query_first,0.9932339238921786,0.9932339238921786,1.0,1.0,seed
Qwen3-8B,5000,20,query_first,0.9956265116763635,0.9160708226444954,1.0,0.0,seed
Qwen3-8B,5000,20,query_first,0.9976951908641564,0.9548993030120804,1.0,0.0,seed
Qwen3-8B,5000,20,query_first,0.9959437703983831,0.9219266920531706,1.0,1.0,seed
Qwen3-8B,5000,20,query_first,0.9975899326387442,0.9528864571597138,1.0,0.0,seed
Qwen3-8B,5000,20,query_first,0.9966395719661775,0.9348943609055984,1.0,1.0,seed
Qwen3-8B,5000,2,query_first,0.9936572780877058,0.9873547862966682,1.0,0.0,seed
Qwen3-8B,5000,2,query_first,0.9946594829633791,0.9893474870489767,1.0,0.0,seed
Qwen3-8B,5000,2,query_first,0.9921132306239101,0.9842886623790118,1.0,0.0,seed
Qwen3-8B,5000,2,query_first,0.9951553690480595,0.9903342085451794,1.0,1.0,seed
Qwen3-8B,5000,2,query_first,0.9942441588730219,0.9885214474531228,1.0,0.0,seed
Qwen3-8B,5000,30,query_first,0.9959039238283206,0.8841446114576508,1.0,0.0,seed
Qwen3-8B,5000,30,query_first,0.9980126430842299,0.9420659182950977,1.0,1.0,seed
Qwen3-8B,5000,30,query_first,0.9963927807215008,0.8972576441445942,1.0,1.0,seed
Qwen3-8B,5000,30,query_first,0.997869078718956,0.938008894388616,1.0,0.0,seed
Qwen3-8B,5000,30,query_first,0.9969437556556711,0.9122622951738932,1.0,1.0,seed
Qwen3-8B,5000,3,query_first,0.9940588541669243,0.9822822444363077,1.0,0.0,seed
Qwen3-8B,5000,3,query_first,0.9953931268471395,0.9862429526091983,1.0,0.0,seed
Qwen3-8B,5000,3,query_first,0.9929832808038433,0.9790971999927666,1.0,0.0,seed
Qwen3-8B,5000,3,query_first,0.9957152873479671,0.9872008596694107,1.0,0.0,seed
Qwen3-8B,5000,3,query_first,0.9947640345988634,0.9843742062518973,1.0,0.0,seed
Qwen3-8B,5000,4,query_first,0.9943283497898177,0.9775056761167995,1.0,0.0,seed
Qwen3-8B,5000,4,query_first,0.9958519416526904,0.9835107197427312,1.0,1.0,seed
Qwen3-8B,5000,4,query_first,0.993542120098541,0.9744176301271443,1.0,0.0,seed
Qwen3-8B,5000,4,query_first,0.9960730103571187,0.9843843269159022,1.0,0.0,seed
Qwen3-8B,5000,4,query_first,0.9951043003230614,0.9805605397605873,1.0,0.0,seed
Qwen3-8B,5000,5,query_first,0.9945289858669039,0.9729426161819729,1.0,0.0,seed
Qwen3-8B,5000,5,query_first,0.9961762379688228,0.981026843394684,1.0,0.0,seed
Qwen3-8B,5000,5,query_first,0.993944939648308,0.9700891225006372,1.0,0.0,seed
Qwen3-8B,5000,5,query_first,0.9963298592385582,0.9817835020658994,1.0,0.0,seed
Qwen3-8B,5000,5,query_first,0.9953529989556056,0.9769799397924078,1.0,0.0,seed
Qwen3-8B,5000,6,query_first,0.994687665526093,0.9685463201639811,1.0,0.0,seed
Qwen3-8B,5000,6,query_first,0.9964223628834542,0.9787252562262596,1.0,1.0,seed
Qwen3-8B,5000,6,query_first,0.994255451214136,0.966023929809555,1.0,0.0,seed
Qwen3-8B,5000,6,query_first,0.9965272423492358,0.9793435193272514,1.0,0.0,seed
Qwen3-8B,5000,6,query_first,0.9955468348200813,0.973576708824737,1.0,0.0,seed
Qwen3-8B,5000,8,query_first,0.9949287832233507,0.9601430912134625,1.0,0.0,seed
Qwen3-8B,5000,8,query_first,0.9967790041257765,0.9745206639600824,1.0,0.0,seed
Qwen3-8B,5000,8,query_first,0.994713509236876,0.9584823703826054,1.0,0.0,seed
Qwen3-8B,5000,8,query_first,0.9968173933581055,0.9748209603611651,0.0,0.0,seed
Qwen3-8B,5000,8,query_first,0.995836442218455,0.967172902823492,1.0,0.0,seed
Qwen3-8B,10000,10,query_last,0.6635031537043777,0.016535979094052584,0.0,1.0,seed
Qwen3-8B,10000,10,query_last,0.6631098154130649,0.01643821151250633,1.0,1.0,seed
Qwen3-8B,10000,10,query_last,0.7357333444419444,0.04647339426489566,1.0,1.0,seed
Qwen3-8B,10000,10,query_last,0.6785512679492351,0.02069315275101676,1.0,1.0,seed
Qwen3-8B,10000,10,query_last,0.6158998848835714,0.007854186855622523,1.0,1.0,seed
Qwen3-8B,10000,1,query_last,0.5757175829308969,0.5757175829308969,0.0,0.0,seed
Qwen3-8B,10000,1,query_last,0.45854826745774596,0.45854826745774596,0.0,1.0,seed
Qwen3-8B,10000,1,query_last,0.5878592958722091,0.5878592958722091,1.0,1.0,seed
Qwen3-8B,10000,1,query_last,0.5116134532221318,0.5116134532221318,1.0,1.0,seed
Qwen3-8B,10000,1,query_last,0.48291365000628855,0.48291365000628855,1.0,1.0,seed
Qwen3-8B,10000,20,query_last,0.6881421252331756,0.0005669736657598066,0.0,1.0,seed
Qwen3-8B,10000,20,query_last,0.7172910683989037,0.0012998955648752036,1.0,1.0,seed
Qwen3-8B,10000,20,query_last,0.7729832939903518,0.005799654971634881,0.0,1.0,seed
Qwen3-8B,10000,20,query_last,0.7227295271455605,0.0015118752725579874,1.0,1.0,seed
Qwen3-8B,10000,20,query_last,0.6536005785466833,0.00020241773409399063,1.0,1.0,seed
Qwen3-8B,10000,2,query_last,0.6029377602933391,0.3635339427875481,1.0,1.0,seed
Qwen3-8B,10000,2,query_last,0.5219089348031031,0.2723889362273097,1.0,1.0,seed
Qwen3-8B,10000,2,query_last,0.6356301742444553,0.40402571841003665,0.0,1.0,seed
Qwen3-8B,10000,2,query_last,0.5639925683429462,0.31808761714607287,1.0,1.0,seed
Qwen3-8B,10000,2,query_last,0.523570194541363,0.2741257486120807,1.0,1.0,seed
Qwen3-8B,10000,30,query_last,0.7020874289852164,2.4645402157745773e-05,1.0,1.0,seed
Qwen3-8B,10000,30,query_last,0.7464134120701478,0.00015466179109900762,1.0,1.0,seed
Qwen3-8B,10000,30,query_last,0.7929830617300272,0.0009504238458722999,0.0,1.0,seed
Qwen3-8B,10000,30,query_last,0.7467629240067041,0.00015684924279842284,1.0,1.0,seed
Qwen3-8B,10000,30,query_last,0.6748251577902112,7.511695028783827e-06,1.0,1.0,seed
Qwen3-8B,10000,3,query_last,0.6185813152442414,0.2366957134438914,1.0,1.0,seed
Qwen3-8B,10000,3,query_last,0.5587775599806614,0.17446843712717072,1.0,1.0,seed
Qwen3-8B,10000,3,query_last,0.6624463176084818,0.2907047117409643,0.0,1.0,seed
Qwen3-8B,10000,3,query_last,0.5940568394815167,0.20964475480323977,0.0,0.0,seed
Qwen3-8B,10000,3,query_last,0.5472430043119874,0.1638855471487539,1.0,1.0,seed
Qwen3-8B,10000,4,query_last,0.6295353410819707,0.15706537763642256,1.0,1.0,seed
Qwen3-8B,10000,4,query_last,0.5845723661295312,0.11677587395655752,1.0,1.0,seed
Qwen3-8B,10000,4,query_last,0.6808698764689575,0.21490992912954848,0.0,1.0,seed
Qwen3-8B,10000,4,query_last,0.6149816426616568,0.14303707110717193,0.0,0.0,seed
Qwen3-8B,10000,4,query_last,0.5639167430144855,0.10112533118549435,1.0,1.0,seed
Qwen3-8B,10000,5,query_last,0.637941739044922,0.10565865787858558,1.0,1.0,seed
Qwen3-8B,10000,5,query_last,0.6042734385443461,0.08056891665078345,1.0,1.0,seed
Qwen3-8B,10000,5,query_last,0.6947846539724755,0.16190158001368637,1.0,1.0,seed
Qwen3-8B,10000,5,query_last,0.6309285470986898,0.09997718169603244,1.0,1.0,seed
Qwen3-8B,10000,5,query_last,0.576753071679908,0.06381893916944366,1.0,1.0,seed
Qwen3-8B,10000,6,query_last,0.6447484206764211,0.0718359305637064,1.0,1.0,seed
Qwen3-8B,10000,6,query_last,0.6201258858393831,0.05686946760846765,1.0,1.0,seed
Qwen3-8B,10000,6,query_last,0.705897085006578,0.12372239855878707,0.0,0.0,seed
Qwen3-8B,10000,6,query_last,0.6437508599473427,0.07117163341889943,1.0,1.0,seed
Qwen3-8B,10000,6,query_last,0.5871655485620519,0.040979192354592714,1.0,1.0,seed
Qwen3-8B,10000,8,query_last,0.6553696310569891,0.03403223748242744,1.0,1.0,seed
Qwen3-8B,10000,8,query_last,0.6446152008544161,0.02981290801747716,1.0,1.0,seed
Qwen3-8B,10000,8,query_last,0.7229409751167962,0.07461441260391952,1.0,1.0,seed
Qwen3-8B,10000,8,query_last,0.6635648150893803,0.037589521659915345,1.0,1.0,seed
Qwen3-8B,10000,8,query_last,0.6034344745363269,0.017580893544310652,1.0,1.0,seed
Qwen3-8B,2000,10,query_last,0.7191337385684432,0.036991048721883114,1.0,1.0,seed
Qwen3-8B,2000,10,query_last,0.7801730827729704,0.08354291481776854,1.0,1.0,seed
Qwen3-8B,2000,10,query_last,0.8162839095527741,0.13134464119676925,1.0,1.0,seed
Qwen3-8B,2000,10,query_last,0.7750173548044552,0.07818335030234987,1.0,1.0,seed
Qwen3-8B,2000,10,query_last,0.7005695910628402,0.028478218901641872,1.0,1.0,seed
Qwen3-8B,2000,1,query_last,0.637941739044922,0.637941739044922,1.0,1.0,seed
Qwen3-8B,2000,1,query_last,0.6042734385443461,0.6042734385443461,1.0,1.0,seed
Qwen3-8B,2000,1,query_last,0.6947846539724755,0.6947846539724755,1.0,1.0,seed
Qwen3-8B,2000,1,query_last,0.6309285470986898,0.6309285470986898,0.0,1.0,seed
Qwen3-8B,2000,1,query_last,0.576753071679908,0.576753071679908,1.0,1.0,seed
Qwen3-8B,2000,20,query_last,0.741287616142747,0.002510353595469235,1.0,1.0,seed
Qwen3-8B,2000,20,query_last,0.8206202746720067,0.019179834411508306,1.0,1.0,seed
Qwen3-8B,2000,20,query_last,0.8445782989136615,0.03410345382321331,1.0,1.0,seed
Qwen3-8B,2000,20,query_last,0.8096568118724206,0.014656135835048172,1.0,1.0,seed
Qwen3-8B,2000,20,query_last,0.7335549354342455,0.0020354145202269593,1.0,1.0,seed
Qwen3-8B,2000,2,query_last,0.6635031537043777,0.4402364349756551,1.0,1.0,seed
Qwen3-8B,2000,2,query_last,0.6631098154130649,0.439714627297149,1.0,1.0,seed
Qwen3-8B,2000,2,query_last,0.7357333444419444,0.5413035541237288,1.0,1.0,seed
Qwen3-8B,2000,2,query_last,0.6785512679492351,0.46043182323551474,1.0,1.0,seed
Qwen3-8B,2000,2,query_last,0.6158998848835714,0.3793326681995965,1.0,1.0,seed
Qwen3-8B,2000,30,query_last,0.7537069936755536,0.00020705053344671328,1.0,1.0,seed
Qwen3-8B,2000,30,query_last,0.8414512533863346,0.005634674720141162,1.0,1.0,seed
Qwen3-8B,2000,30,query_last,0.8594177974281172,0.010620141262453277,1.0,1.0,seed
Qwen3-8B,2000,30,query_last,0.8279491745771229,0.0034682494442031687,1.0,1.0,seed
Qwen3-8B,2000,30,query_last,0.7517413371044217,0.00019144893850376126,1.0,1.0,seed
Qwen3-8B,2000,3,query_last,0.6780347395048663,0.31171366203840545,1.0,1.0,seed
Qwen3-8B,2000,3,query_last,0.6954436851692186,0.33634571861979157,1.0,1.0,seed
Qwen3-8B,2000,3,query_last,0.7579873160894047,0.4354976492106209,1.0,1.0,seed
Qwen3-8B,2000,3,query_last,0.7048501508562026,0.35017923617637736,1.0,1.0,seed
Qwen3-8B,2000,3,query_last,0.6381556071728163,0.2598841352467388,1.0,1.0,seed
Qwen3-8B,2000,4,query_last,0.6881421252331756,0.22423973810778297,1.0,1.0,seed
Qwen3-8B,2000,4,query_last,0.7172910683989037,0.26471691467413005,0.0,1.0,seed
Qwen3-8B,2000,4,query_last,0.7729832939903518,0.3570100414919353,1.0,1.0,seed
Qwen3-8B,2000,4,query_last,0.7227295271455605,0.27283695428532023,1.0,1.0,seed
Qwen3-8B,2000,4,query_last,0.6536005785466833,0.1824944712261773,1.0,1.0,seed
Qwen3-8B,2000,5,query_last,0.6958611322945075,0.163159699611459,1.0,1.0,seed
Qwen3-8B,2000,5,query_last,0.7335667868959452,0.21242141601751707,1.0,1.0,seed
Qwen3-8B,2000,5,query_last,0.7841549604388671,0.29648960425068716,1.0,1.0,seed
Qwen3-8B,2000,5,query_last,0.736128516495487,0.21615645528720656,1.0,1.0,seed
Qwen3-8B,2000,5,query_last,0.6653635670982532,0.13040525236811637,1.0,1.0,seed
Qwen3-8B,2000,6,query_last,0.7020874289852164,0.11976976070455392,1.0,1.0,seed
Qwen3-8B,2000,6,query_last,0.7464134120701478,0.17293249488781492,1.0,1.0,seed
Qwen3-8B,2000,6,query_last,0.7929830617300272,0.24864713804453467,1.0,1.0,seed
Qwen3-8B,2000,6,query_last,0.7467629240067041,0.17341892321338517,1.0,1.0,seed
Qwen3-8B,2000,6,query_last,0.6748251577902112,0.0944381757970025,1.0,1.0,seed
Qwen3-8B,2000,8,query_last,0.7117607261869726,0.06586764941275239,1.0,1.0,seed
Qwen3-8B,2000,8,query_last,0.7658356033841467,0.1183271546058692,1.0,1.0,seed
Qwen3-8B,2000,8,query_last,0.8063645326442407,0.17875217677027533,1.0,1.0,seed
Qwen3-8B,2000,8,query_last,0.7629571973489557,0.11481573076888137,1.0,1.0,seed
Qwen3-8B,2000,8,query_last,0.6894665705675478,0.05106292761355665,1.0,1.0,seed
Qwen3-8B,5000,10,query_last,0.6881421252331756,0.023811208826092944,1.0,1.0,seed
Qwen3-8B,5000,10,query_last,0.7172910683989037,0.03605406447094701,0.0,0.0,seed
Qwen3-8B,5000,10,query_last,0.7729832939903518,0.07615546580275694,0.0,1.0,seed
Qwen3-8B,5000,10,query_last,0.7227295271455605,0.03888284033552574,0.0,1.0,seed
Qwen3-8B,5000,10,query_last,0.6536005785466833,0.014227358647830266,1.0,1.0,seed
Qwen3-8B,5000,1,query_last,0.6029377602933391,0.6029377602933391,0.0,1.0,seed
Qwen3-8B,5000,1,query_last,0.5219089348031031,0.5219089348031031,1.0,1.0,seed
Qwen3-8B,5000,1,query_last,0.6356301742444553,0.6356301742444553,1.0,1.0,seed
Qwen3-8B,5000,1,query_last,0.5639925683429462,0.5639925683429462,0.0,1.0,seed
Qwen3-8B,5000,1,query_last,0.523570194541363,0.523570194541363,0.0,1.0,seed
Qwen3-8B,5000,20,query_last,0.7117607261869726,0.0011134748527022482,1.0,1.0,seed
Qwen3-8B,5000,20,query_last,0.7658356033841467,0.004816272524127333,0.0,1.0,seed
Qwen3-8B,5000,20,query_last,0.8063645326442407,0.013509160077582374,0.0,1.0,seed
Qwen3-8B,5000,20,query_last,0.7629571973489557,0.004466871773972816,0.0,1.0,seed
Qwen3-8B,5000,20,query_last,0.6894665705675478,0.00058920208764276,1.0,1.0,seed
Qwen3-8B,5000,2,query_last,0.6295353410819707,0.39631474567119324,1.0,1.0,seed
Qwen3-8B,5000,2,query_last,0.5845723661295312,0.3417248512422787,1.0,1.0,seed
Qwen3-8B,5000,2,query_last,0.6808698764689575,0.4635837886828534,1.0,1.0,seed
Qwen3-8B,5000,2,query_last,0.6149816426616568,0.3782024208108297,0.0,1.0,seed
Qwen3-8B,5000,2,query_last,0.5639167430144855,0.3180020930520652,1.0,1.0,seed
Qwen3-8B,5000,30,query_last,0.7250718357272374,6.477852860341993e-05,1.0,1.0,seed
Qwen3-8B,5000,30,query_last,0.7914114824416838,0.0008955099428856243,0.0,1.0,seed
Qwen3-8B,5000,30,query_last,0.8240927148449632,0.0030149648067274923,0.0,1.0,seed
Qwen3-8B,5000,30,query_last,0.7845432100773286,0.0006894551866928907,0.0,1.0,seed
Qwen3-8B,5000,30,query_last,0.7094704077849674,3.373094967764582e-05,1.0,1.0,seed
Qwen3-8B,5000,3,query_last,0.6447484206764211,0.26802225759012327,0.0,1.0,seed
Qwen3-8B,5000,3,query_last,0.6201258858393831,0.23847320102784642,1.0,1.0,seed
Qwen3-8B,5000,3,query_last,0.705897085006578,0.35174194881871435,1.0,1.0,seed
Qwen3-8B,5000,3,query_last,0.6437508599473427,0.26678012185861866,0.0,1.0,seed
Qwen3-8B,5000,3,query_last,0.5871655485620519,0.20243317997451088,0.0,1.0,seed
Qwen3-8B,5000,4,query_last,0.6553696310569891,0.1844782845822983,0.0,1.0,seed
Qwen3-8B,5000,4,query_last,0.6446152008544161,0.17266414803738836,1.0,1.0,seed
Qwen3-8B,5000,4,query_last,0.7229409751167962,0.27315638854678015,0.0,1.0,seed
Qwen3-8B,5000,4,query_last,0.6635648150893803,0.19388017345751304,0.0,1.0,seed
Qwen3-8B,5000,4,query_last,0.6034344745363269,0.13259296189583614,0.0,1.0,seed
Qwen3-8B,5000,5,query_last,0.6635031537043777,0.12859229795774155,0.0,1.0,seed
Qwen3-8B,5000,5,query_last,0.6631098154130649,0.12821158883855363,0.0,1.0,seed
Qwen3-8B,5000,5,query_last,0.7357333444419444,0.21557688713054482,1.0,1.0,seed
Qwen3-8B,5000,5,query_last,0.6785512679492351,0.14385114789606915,0.0,0.0,seed
Qwen3-8B,5000,5,query_last,0.6158998848835714,0.08862385037687386,0.0,1.0,seed
Qwen3-8B,5000,6,query_last,0.6700778080166931,0.0905214308054491,1.0,1.0,seed
Qwen3-8B,5000,6,query_last,0.677861811268486,0.09701681354138764,0.0,1.0,seed
Qwen3-8B,5000,6,query_last,0.7459001469057218,0.17222022652002147,1.0,1.0,seed
Qwen3-8B,5000,6,query_last,0.6905306037808876,0.10841704988783814,0.0,0.0,seed
Qwen3-8B,5000,6,query_last,0.6259738465836281,0.060164059438332355,1.0,1.0,seed
Qwen3-8B,5000,8,query_last,0.6803172117823262,0.04588721168109339,1.0,1.0,seed
Qwen3-8B,5000,8,query_last,0.700427135078734,0.05793002302048546,0.0,1.0,seed
Qwen3-8B,5000,8,query_last,0.7614093387825684,0.11296543876956305,0.0,1.0,seed
Qwen3-8B,5000,8,query_last,0.7089191943754714,0.06379312572744762,0.0,1.0,seed
Qwen3-8B,5000,8,query_last,0.6416467997568761,0.02873215895061378,1.0,1.0,seed
Qwen3-1.7B,10000,10,query_first,0.8543532233610307,0.20719278261597296,1.0,0.0,seed
Qwen3-1.7B,10000,10,query_first,0.8567451610676834,0.21306720160687673,0.0,0.0,seed
Qwen3-1.7B,10000,10,query_first,0.8872658482645033,0.30236927192633006,0.0,0.0,seed
Qwen3-1.7B,10000,10,query_first,0.8383781492449873,0.17155347009091604,1.0,0.0,seed
Qwen3-1.7B,10000,10,query_first,0.8812173213820731,0.2823776056458191,0.0,0.0,seed
Qwen3-1.7B,10000,1,query_first,0.9291076410455908,0.9291076410455908,1.0,1.0,seed
Qwen3-1.7B,10000,1,query_first,0.926244360330226,0.926244360330226,1.0,1.0,seed
Qwen3-1.7B,10000,1,query_first,0.9467118588054312,0.9467118588054312,1.0,1.0,seed
Qwen3-1.7B,10000,1,query_first,0.9023435074133771,0.9023435074133771,1.0,1.0,seed
Qwen3-1.7B,10000,1,query_first,0.943912641273985,0.943912641273985,1.0,1.0,seed
Qwen3-1.7B,10000,20,query_first,0.8215906835372334,0.019638581633307214,0.0,0.0,seed
Qwen3-1.7B,10000,20,query_first,0.827097064340396,0.02244551566015651,0.0,0.0,seed
Qwen3-1.7B,10000,20,query_first,0.8603287384259504,0.04935016469481643,0.0,0.0,seed
Qwen3-1.7B,10000,20,query_first,0.8134244015605635,0.01608214336960246,0.0,0.0,seed
Qwen3-1.7B,10000,20,query_first,0.8528875746870729,0.04147971354532829,0.0,0.0,seed
Qwen3-1.7B,10000,2,query_first,0.9114172333315865,0.8306813732138036,1.0,0.0,seed
Qwen3-1.7B,10000,2,query_first,0.9094598071947136,0.8271171409026458,1.0,0.0,seed
Qwen3-1.7B,10000,2,query_first,0.9329048692371963,0.8703114950464703,1.0,0.0,seed
Qwen3-1.7B,10000,2,query_first,0.8859219222084072,0.784857652249439,1.0,0.0,seed
Qwen3-1.7B,10000,2,query_first,0.9293367245822801,0.8636667476573208,0.0,0.0,seed
Qwen3-1.7B,10000,30,query_first,0.7998891731289947,0.001232805472373693,0.0,0.0,seed
Qwen3-1.7B,10000,30,query_first,0.8076101543651156,0.0016445728840497,0.0,0.0,seed
Qwen3-1.7B,10000,30,query_first,0.8421954731795994,0.005786115284475483,0.0,0.0,seed
Qwen3-1.7B,10000,30,query_first,0.7975019221175473,0.0011270732793649929,0.0,0.0,seed
Qwen3-1.7B,10000,30,query_first,0.8338540467235502,0.004292410241259928,0.0,0.0,seed
Qwen3-1.7B,10000,3,query_first,0.8993029460034137,0.7273074703371478,1.0,1.0,seed
Qwen3-1.7B,10000,3,query_first,0.8981120307883502,0.7244218520410703,1.0,1.0,seed
Qwen3-1.7B,10000,3,query_first,0.9233546008450683,0.7872370994535342,1.0,0.0,seed
Qwen3-1.7B,10000,3,query_first,0.8752374711882168,0.6704674646793108,1.0,1.0,seed
Qwen3-1.7B,10000,3,query_first,0.9192578736733791,0.7768051124968146,1.0,0.0,seed
Qwen3-1.7B,10000,4,query_first,0.8898357996087234,0.6269595133801895,1.0,0.0,seed
Qwen3-1.7B,10000,4,query_first,0.8893120535238881,0.6254847343485544,1.0,0.0,seed
Qwen3-1.7B,10000,4,query_first,0.9158385066336817,0.7035186231693117,1.0,0.0,seed
Qwen3-1.7B,10000,4,query_first,0.8671455070029842,0.5654157642365876,1.0,0.0,seed
Qwen3-1.7B,10000,4,query_first,0.9113286786055497,0.6897634047041042,1.0,0.0,seed
Qwen3-1.7B,10000,5,query_first,0.8819637167090726,0.5336464133099997,0.0,0.0,seed
Qwen3-1.7B,10000,5,query_first,0.8820345112614163,0.5338606246416877,1.0,1.0,seed
Qwen3-1.7B,10000,5,query_first,0.9095540057648953,0.6225044414361602,1.0,0.0,seed
Qwen3-1.7B,10000,5,query_first,0.8605665248791183,0.47197852902835696,1.0,0.0,seed
Qwen3-1.7B,10000,5,query_first,0.9047011314349668,0.606074019088507,1.0,0.0,seed
Qwen3-1.7B,10000,6,query_first,0.87517432447125,0.44933206135073195,0.0,0.0,seed
Qwen3-1.7B,10000,6,query_first,0.8757839734652949,0.4512133711723753,0.0,0.0,seed
Qwen3-1.7B,10000,6,query_first,0.9041087190851199,0.54616509995302,0.0,0.0,seed
Qwen3-1.7B,10000,6,query_first,0.854990322357607,0.39063143933233435,1.0,0.0,seed
Qwen3-1.7B,10000,6,query_first,0.8989605578678759,0.5277689356821789,1.0,0.0,seed
Qwen3-1.7B,10000,8,query_first,0.8637823059519453,0.3099091710541858,1.0,0.0,seed
Qwen3-1.7B,10000,8,query_first,0.8653446771587237,0.3144220630734666,1.0,1.0,seed
Qwen3-1.7B,10000,8,query_first,0.8949200924694712,0.4114092676964672,0.0,0.0,seed
Qwen3-1.7B,10000,8,query_first,0.8458164870692892,0.26194443179237153,1.0,0.0,seed
Qwen3-1.7B,10000,8,query_first,0.8892781704952628,0.391111920705815,1.0,0.0,seed
Qwen3-1.7B,2000,10,query_first,0.7698132961166646,0.07308934653270438,0.0,0.0,seed
Qwen3-1.7B,2000,10,query_first,0.7807382667865811,0.08415010499526547,0.0,0.0,seed
Qwen3-1.7B,2000,10,query_first,0.8166827924188612,0.13198787919739055,0.0,0.0,seed
Qwen3-1.7B,2000,10,query_first,0.7760291338615614,0.07921004489858897,0.0,0.0,seed
Qwen3-1.7B,2000,10,query_first,0.8071306008934831,0.1173378512924703,0.0,0.0,seed
Qwen3-1.7B,2000,1,query_first,0.8819637167090726,0.8819637167090726,1.0,1.0,seed
Qwen3-1.7B,2000,1,query_first,0.8820345112614163,0.8820345112614163,1.0,1.0,seed
Qwen3-1.7B,2000,1,query_first,0.9095540057648953,0.9095540057648953,1.0,1.0,seed
Qwen3-1.7B,2000,1,query_first,0.8605665248791183,0.8605665248791183,1.0,1.0,seed
Qwen3-1.7B,2000,1,query_first,0.9047011314349668,0.9047011314349668,1.0,1.0,seed
Qwen3-1.7B,2000,20,query_first,0.7241734658599057,0.0015734471472658557,0.0,0.0,seed
Qwen3-1.7B,2000,20,query_first,0.7401311136695138,0.0024331743508886872,0.0,0.0,seed
Qwen3-1.7B,2000,20,query_first,0.7771169271754997,0.0064524905545332994,0.0,0.0,seed
Qwen3-1.7B,2000,20,query_first,0.7443839909505419,0.002728603856564267,0.0,0.0,seed
Qwen3-1.7B,2000,20,query_first,0.765826650333,0.0048151465502125675,0.0,0.0,seed
Qwen3-1.7B,2000,2,query_first,0.8543532233610307,0.7299194302673833,1.0,0.0,seed
Qwen3-1.7B,2000,2,query_first,0.8567451610676834,0.7340122710128908,1.0,0.0,seed
Qwen3-1.7B,2000,2,query_first,0.8872658482645033,0.7872406854965286,1.0,0.0,seed
Qwen3-1.7B,2000,2,query_first,0.8383781492449873,0.7028779211314502,0.0,1.0,seed
Qwen3-1.7B,2000,2,query_first,0.8812173213820731,0.776543967503796,0.0,0.0,seed
Qwen3-1.7B,2000,30,query_first,0.6950209170467302,1.819433780314361e-05,0.0,0.0,seed
Qwen3-1.7B,2000,30,query_first,0.7142292646791254,4.122201598343388e-05,0.0,0.0,seed
Qwen3-1.7B,2000,30,query_first,0.7513033341683292,0.0001881306193624766,0.0,0.0,seed
Qwen3-1.7B,2000,30,query_first,0.7245646456453124,6.343284328647808e-05,0.0,0.0,seed
Qwen3-1.7B,2000,30,query_first,0.7389764240747728,0.0001145295338837683,0.0,0.0,seed
Qwen3-1.7B,2000,3,query_first,0.8358406421868834,0.583942996071926,1.0,0.0,seed
Qwen3-1.7B,2000,3,query_first,0.8399531313148115,0.5926047939027077,0.0,0.0,seed
Qwen3-1.7B,2000,3,query_first,0.872109911683485,0.6633056048607253,0.0,0.0,seed
Qwen3-1.7B,2000,3,query_first,0.8241247920167726,0.5597304548516572,1.0,1.0,seed
Qwen3-1.7B,2000,3,query_first,0.8652701113059295,0.6478211264468497,0.0,0.0,seed
Qwen3-1.7B,2000,4,query_first,0.8215906835372334,0.45564018934808204,1.0,0.0,seed
Qwen3-1.7B,2000,4,query_first,0.827097064340396,0.4679785176736959,0.0,0.0,seed
Qwen3-1.7B,2000,4,query_first,0.8603287384259504,0.5478450238820322,0.0,0.0,seed
Qwen3-1.7B,2000,4,query_first,0.8134244015605635,0.4377929724454641,1.0,0.0,seed
Qwen3-1.7B,2000,4,query_first,0.8528875746870729,0.5291358047592412,0.0,0.0,seed
Qwen3-1.7B,2000,5,query_first,0.8098838691736197,0.3484285591976837,0.0,0.0,seed
Qwen3-1.7B,2000,5,query_first,0.8165726957707827,0.3630565449354857,0.0,0.0,seed
Qwen3-1.7B,2000,5,query_first,0.8505755010943337,0.4452094237094914,0.0,0.0,seed
Qwen3-1.7B,2000,5,query_first,0.8047840342174494,0.33759558627958897,1.0,0.0,seed
Qwen3-1.7B,2000,5,query_first,0.8426461794929955,0.4248408609735113,0.0,0.0,seed
Qwen3-1.7B,2000,6,query_first,0.7998891731289947,0.2619261809557819,0.0,0.0,seed
Qwen3-1.7B,2000,6,query_first,0.8076101543651156,0.27746654414966987,0.0,0.0,seed
Qwen3-1.7B,2000,6,query_first,0.8421954731795994,0.356843192789081,0.0,0.0,seed
Qwen3-1.7B,2000,6,query_first,0.7975019221175473,0.25727076075425986,1.0,0.0,seed
Qwen3-1.7B,2000,6,query_first,0.8338540467235502,0.3361555179022659,0.0,0.0,seed
Qwen3-1.7B,2000,8,query_first,0.7833274176631955,0.14175768826003737,1.0,0.0,seed
Qwen3-1.7B,2000,8,query_first,0.7927969644753059,0.1560615187175682,1.0,0.0,seed
Qwen3-1.7B,2000,8,query_first,0.8282014474578699,0.2213542584938671,0.0,0.0,seed
Qwen3-1.7B,2000,8,query_first,0.7856031559610458,0.14508608290596692,0.0,0.0,seed
Qwen3-1.7B,2000,8,query_first,0.8191875299552422,0.20279939788409376,0.0,0.0,seed
Qwen3-1.7B,5000,10,query_first,0.8215906835372334,0.14013772380521675,0.0,0.0,seed
Qwen3-1.7B,5000,10,query_first,0.827097064340396,0.1498182754544869,0.0,0.0,seed
Qwen3-1.7B,5000,10,query_first,0.8603287384259504,0.22214896960106845,0.0,0.0,seed
Qwen3-1.7B,5000,10,query_first,0.8134244015605635,0.126815390901903,0.0,0.0,seed
Qwen3-1.7B,5000,10,query_first,0.8528875746870729,0.20366569064358456,0.0,0.0,seed
Qwen3-1.7B,5000,1,query_first,0.9114172333315865,0.9114172333315865,1.0,1.0,seed
Qwen3-1.7B,5000,1,query_first,0.9094598071947136,0.9094598071947136,1.0,1.0,seed
Qwen3-1.7B,5000,1,query_first,0.9329048692371963,0.9329048692371963,1.0,0.0,seed
Qwen3-1.7B,5000,1,query_first,0.8859219222084072,0.8859219222084072,1.0,1.0,seed
Qwen3-1.7B,5000,1,query_first,0.9293367245822801,0.9293367245822801,1.0,1.0,seed
Qwen3-1.7B,5000,20,query_first,0.7833274176631955,0.007566003810039129,0.0,0.0,seed
Qwen3-1.7B,5000,20,query_first,0.7927969644753059,0.009621428844620644,0.0,0.0,seed
Qwen3-1.7B,5000,20,query_first,0.8282014474578699,0.023052588807954976,0.0,0.0,seed
Qwen3-1.7B,5000,20,query_first,0.7856031559610458,0.008017969299163184,0.0,0.0,seed
Qwen3-1.7B,5000,20,query_first,0.8191875299552422,0.018521094732088718,0.0,0.0,seed
Qwen3-1.7B,5000,2,query_first,0.8898357996087234,0.7918077502652962,1.0,0.0,seed
Qwen3-1.7B,5000,2,query_first,0.8893120535238881,0.7908759285428748,1.0,0.0,seed
Qwen3-1.7B,5000,2,query_first,0.9158385066336817,0.8387601702330123,1.0,0.0,seed
Qwen3-1.7B,5000,2,query_first,0.8671455070029842,0.7519413303154625,0.0,0.0,seed
Qwen3-1.7B,5000,2,query_first,0.9113286786055497,0.8305199604489373,0.0,0.0,seed
Qwen3-1.7B,5000,30,query_first,0.758340603717893,0.0002488452178790865,0.0,0.0,seed
Qwen3-1.7B,5000,30,query_first,0.770516866103261,0.0004012956825674824,0.0,0.0,seed
Qwen3-1.7B,5000,30,query_first,0.8068336595690486,0.001597791975909959,0.0,0.0,seed
Qwen3-1.7B,5000,30,query_first,0.7679836202320659,0.0003635454564990448,0.0,0.0,seed
Qwen3-1.7B,5000,30,query_first,0.7968324969762182,0.001099033990386109,0.0,0.0,seed
Qwen3-1.7B,5000,3,query_first,0.87517432447125,0.6703223562963807,1.0,0.0,seed
Qwen3-1.7B,5000,3,query_first,0.8757839734652949,0.6717241778977256,1.0,0.0,seed
Qwen3-1.7B,5000,3,query_first,0.9041087190851199,0.7390298369842857,0.0,0.0,seed
Qwen3-1.7B,5000,3,query_first,0.854990322357607,0.6250051514446376,1.0,1.0,seed
Qwen3-1.7B,5000,3,query_first,0.8989605578678759,0.7264770716837379,0.0,0.0,seed
Qwen3-1.7B,5000,4,query_first,0.8637823059519453,0.5566948635061992,1.0,0.0,seed
Qwen3-1.7B,5000,4,query_first,0.8653446771587237,0.5607335045041152,1.0,0.0,seed
Qwen3-1.7B,5000,4,query_first,0.8949200924694712,0.6414119329233493,1.0,0.0,seed
Qwen3-1.7B,5000,4,query_first,0.8458164870692892,0.5118050720658907,1.0,0.0,seed
Qwen3-1.7B,5000,4,query_first,0.8892781704952628,0.625389415249263,0.0,0.0,seed
Qwen3-1.7B,5000,5,query_first,0.8543532233610307,0.4551843391593926,1.0,0.0,seed
Qwen3-1.7B,5000,5,query_first,0.8567451610676834,0.4615920294013716,0.0,0.0,seed
Qwen3-1.7B,5000,5,query_first,0.8872658482645033,0.5498811434540469,1.0,0.0,seed
Qwen3-1.7B,5000,5,query_first,0.8383781492449873,0.4141901376070126,1.0,0.0,seed
Qwen3-1.7B,5000,5,query_first,0.8812173213820731,0.53139213923977,0.0,0.0,seed
Qwen3-1.7B,5000,6,query_first,0.8462525397893259,0.36728222493357965,1.0,0.0,seed
Qwen3-1.7B,5000,6,query_first,0.8493834542373043,0.3755111014092935,1.0,0.0,seed
Qwen3-1.7B,5000,6,query_first,0.8806547753027977,0.466481222183082,0.0,0.0,seed
Qwen3-1.7B,5000,6,query_first,0.8320877315780874,0.3319057012896572,1.0,0.0,seed
Qwen3-1.7B,5000,6,query_first,0.874258751261151,0.44651898570020576,0.0,0.0,seed
Qwen3-1.7B,5000,8,query_first,0.8327255153095234,0.23121445178756397,1.0,0.0,seed
Qwen3-1.7B,5000,8,query_first,0.8371380193104281,0.2411995702829599,0.0,0.0,seed
Qwen3-1.7B,5000,8,query_first,0.869543002921643,0.32683496988381133,0.0,0.0,seed
Qwen3-1.7B,5000,8,query_first,0.8217670364309283,0.20796475139293946,1.0,0.0,seed
Qwen3-1.7B,5000,8,query_first,0.8625711183129837,0.30644976996748935,0.0,0.0,seed
Qwen3-1.7B,10000,10,query_last,0.8894950766243493,0.31005267740108317,0.0,0.0,seed
Qwen3-1.7B,10000,10,query_last,0.8888757229183225,0.3079005385859342,1.0,1.0,seed
Qwen3-1.7B,10000,10,query_last,0.9011867265019748,0.35330343846060097,1.0,0.0,seed
Qwen3-1.7B,10000,10,query_last,0.8795890780116349,0.27720322605439063,1.0,0.0,seed
Qwen3-1.7B,10000,10,query_last,0.9238415114100005,0.4528712251947538,0.0,0.0,seed
Qwen3-1.7B,10000,1,query_last,0.9473247111139407,0.9473247111139407,1.0,1.0,seed
Qwen3-1.7B,10000,1,query_last,0.9438093328967064,0.9438093328967064,1.0,1.0,seed
Qwen3-1.7B,10000,1,query_last,0.9536753571889679,0.9536753571889679,1.0,1.0,seed
Qwen3-1.7B,10000,1,query_last,0.9286327215126166,0.9286327215126166,1.0,1.0,seed
Qwen3-1.7B,10000,1,query_last,0.9649343645064457,0.9649343645064457,1.0,1.0,seed
Qwen3-1.7B,10000,20,query_last,0.8633733753876724,0.05296305597906828,0.0,0.0,seed
Qwen3-1.7B,10000,20,query_last,0.8648282278700625,0.054776859542047,0.0,0.0,seed
Qwen3-1.7B,10000,20,query_last,0.8771152346583551,0.07263285026663809,0.0,0.0,seed
Qwen3-1.7B,10000,20,query_last,0.8599351177299048,0.0489005447923521,0.0,0.0,seed
Qwen3-1.7B,10000,20,query_last,0.9045768415473934,0.13455793076871622,0.0,0.0,seed
Qwen3-1.7B,10000,2,query_last,0.933856550896217,0.8720880576517788,1.0,1.0,seed
Qwen3-1.7B,10000,2,query_last,0.930723068065611,0.8662454294294639,0.0,0.0,seed
Qwen3-1.7B,10000,2,query_last,0.9415612414756167,0.8865375714491046,0.0,0.0,seed
Qwen3-1.7B,10000,2,query_last,0.9162213986373177,0.8394616513209225,1.0,0.0,seed
Qwen3-1.7B,10000,2,query_last,0.9555643675438769,0.9131032605195294,1.0,1.0,seed
Qwen3-1.7B,10000,30,query_last,0.8458003786635684,0.006577127445794307,0.0,0.0,seed
Qwen3-1.7B,10000,30,query_last,0.8488164833107091,0.007318366221201152,0.0,0.0,seed
Qwen3-1.7B,10000,30,query_last,0.8608087342723015,0.011148076713370987,0.0,0.0,seed
Qwen3-1.7B,10000,30,query_last,0.8472364543848524,0.00692052468310024,0.0,0.0,seed
Qwen3-1.7B,10000,30,query_last,0.8913792044046088,0.031759593669893345,0.0,0.0,seed
Qwen3-1.7B,10000,3,query_last,0.9245569752614969,0.7903164804392021,1.0,1.0,seed
Qwen3-1.7B,10000,3,query_last,0.921811185390753,0.7832960217689534,1.0,1.0,seed
Qwen3-1.7B,10000,3,query_last,0.9331548280592711,0.8125706324680385,1.0,1.0,seed
Qwen3-1.7B,10000,3,query_last,0.9080803286421146,0.7488120137984251,1.0,1.0,seed
Qwen3-1.7B,10000,3,query_last,0.9490212129059856,0.8547276633741543,0.0,0.0,seed
Qwen3-1.7B,10000,4,query_last,0.9172456315973948,0.7078522361806444,1.0,0.0,seed
Qwen3-1.7B,10000,4,query_last,0.9148640516888643,0.7005292147283406,0.0,0.0,seed
Qwen3-1.7B,10000,4,query_last,0.9265232999420485,0.736928548279453,1.0,0.0,seed
Qwen3-1.7B,10000,4,query_last,0.9018797119479034,0.6615984358830506,1.0,0.0,seed
Qwen3-1.7B,10000,4,query_last,0.9438363167229511,0.7935727310389951,0.0,0.0,seed
Qwen3-1.7B,10000,5,query_last,0.9111365929738554,0.627938983167987,0.0,0.0,seed
Qwen3-1.7B,10000,5,query_last,0.909094780285788,0.6209345435627022,1.0,1.0,seed
Qwen3-1.7B,10000,5,query_last,0.9209678024320308,0.6625554586367384,1.0,0.0,seed
Qwen3-1.7B,10000,5,query_last,0.8968161022452638,0.5801188626673326,1.0,0.0,seed
Qwen3-1.7B,10000,5,query_last,0.9394771216537355,0.7318651083432465,0.0,0.0,seed
Qwen3-1.7B,10000,6,query_last,0.9058460752632621,0.5524925701599172,0.0,0.0,seed
Qwen3-1.7B,10000,6,query_last,0.9041222048861896,0.5462139817859234,1.0,0.0,seed
Qwen3-1.7B,10000,6,query_last,0.9161463303221254,0.5912744027724738,0.0,0.0,seed
Qwen3-1.7B,10000,6,query_last,0.8925085100337905,0.5054453374729397,1.0,0.0,seed
Qwen3-1.7B,10000,6,query_last,0.9356824433888125,0.6710747282577472,0.0,0.0,seed
Qwen3-1.7B,10000,8,query_last,0.8969235800544298,0.41883554728079436,0.0,0.0,seed
Qwen3-1.7B,10000,8,query_last,0.8957810844702973,0.4145864465995172,1.0,0.0,seed
Qwen3-1.7B,10000,8,query_last,0.9079938044849992,0.46202245311365386,1.0,0.0,seed
Qwen3-1.7B,10000,8,query_last,0.8853900422983739,0.3776391977736214,0.0,0.0,seed
Qwen3-1.7B,10000,8,query_last,0.9292420517859583,0.5559437351377905,1.0,0.0,seed
Qwen3-1.7B,2000,10,query_last,0.8210813279185142,0.13927134192860816,1.0,0.0,seed
Qwen3-1.7B,2000,10,query_last,0.826463340182722,0.14867431332878742,0.0,0.0,seed
Qwen3-1.7B,2000,10,query_last,0.8377254848658876,0.1702226218060999,0.0,0.0,seed
Qwen3-1.7B,2000,10,query_last,0.8299127143427938,0.15499731703881026,1.0,1.0,seed
Qwen3-1.7B,2000,10,query_last,0.8724934630592347,0.25563588497217504,0.0,0.0,seed
Qwen3-1.7B,2000,1,query_last,0.9111365929738554,0.9111365929738554,1.0,1.0,seed
Qwen3-1.7B,2000,1,query_last,0.909094780285788,0.909094780285788,1.0,1.0,seed
Qwen3-1.7B,2000,1,query_last,0.9209678024320308,0.9209678024320308,1.0,1.0,seed
Qwen3-1.7B,2000,1,query_last,0.8968161022452638,0.8968161022452638,1.0,1.0,seed
Qwen3-1.7B,2000,1,query_last,0.9394771216537355,0.9394771216537355,1.0,1.0,seed
Qwen3-1.7B,2000,20,query_last,0.7827377088586728,0.007452897260081434,1.0,1.0,seed
Qwen3-1.7B,2000,20,query_last,0.7920691285270871,0.009446299989417178,1.0,1.0,seed
Qwen3-1.7B,2000,20,query_last,0.8015979774869335,0.011998646406710656,0.0,0.0,seed
Qwen3-1.7B,2000,20,query_last,0.8039575677834283,0.012725139528510083,0.0,0.0,seed
Qwen3-1.7B,2000,20,query_last,0.8424550504805608,0.032429090162455175,0.0,0.0,seed
Qwen3-1.7B,2000,2,query_last,0.8894950766243493,0.7912014913389571,1.0,1.0,seed
Qwen3-1.7B,2000,2,query_last,0.8888757229183225,0.7901000507935705,1.0,1.0,seed
Qwen3-1.7B,2000,2,query_last,0.9011867265019748,0.8121375160233452,1.0,0.0,seed
Qwen3-1.7B,2000,2,query_last,0.8795890780116349,0.7736769461573579,1.0,1.0,seed
Qwen3-1.7B,2000,2,query_last,0.9238415114100005,0.8534831382043141,1.0,1.0,seed
Qwen3-1.7B,2000,30,query_last,0.7577039245810792,0.00024265324383809052,0.0,0.0,seed
Qwen3-1.7B,2000,30,query_last,0.7697334987630625,0.0003892347654005292,0.0,0.0,seed
Qwen3-1.7B,2000,30,query_last,0.7778090351107856,0.0005323405016503257,0.0,0.0,seed
Qwen3-1.7B,2000,30,query_last,0.7874383022991429,0.0007700094818114894,0.0,0.0,seed
Qwen3-1.7B,2000,30,query_last,0.8223528958278283,0.0028297416199498187,0.0,0.0,seed
Qwen3-1.7B,2000,3,query_last,0.8747946359809561,0.6694502902178457,1.0,1.0,seed
Qwen3-1.7B,2000,3,query_last,0.8753017928437983,0.6706152945477526,1.0,1.0,seed
Qwen3-1.7B,2000,3,query_last,0.8876653590714593,0.6994357330003037,1.0,1.0,seed
Qwen3-1.7B,2000,3,query_last,0.868399605482647,0.6548756649658312,1.0,1.0,seed
Qwen3-1.7B,2000,3,query_last,0.9130521976918496,0.7611790355962113,1.0,1.0,seed
Qwen3-1.7B,2000,4,query_last,0.8633733753876724,0.5556414131919949,1.0,0.0,seed
Qwen3-1.7B,2000,4,query_last,0.8648282278700625,0.5593960893300685,0.0,0.0,seed
Qwen3-1.7B,2000,4,query_last,0.8771152346583551,0.5918703950800256,0.0,0.0,seed
Qwen3-1.7B,2000,4,query_last,0.8599351177299048,0.5468431036513144,1.0,0.0,seed
Qwen3-1.7B,2000,4,query_last,0.9045768415473934,0.6695482202805931,1.0,1.0,seed
Qwen3-1.7B,2000,5,query_last,0.8539207734100118,0.45403349623973865,1.0,0.0,seed
Qwen3-1.7B,2000,5,query_last,0.8562012104931344,0.4601285567373582,0.0,0.0,seed
Qwen3-1.7B,2000,5,query_last,0.8683548306383572,0.49372614197723586,1.0,0.0,seed
Qwen3-1.7B,2000,5,query_last,0.8530595805187157,0.4517486090120635,1.0,1.0,seed
Qwen3-1.7B,2000,5,query_last,0.897501401807989,0.5823387338751022,0.0,0.0,seed
Qwen3-1.7B,2000,6,query_last,0.8458003786635684,0.36610634141400905,0.0,0.0,seed
Qwen3-1.7B,2000,6,query_last,0.8488164833107091,0.3740096671342682,0.0,0.0,seed
Qwen3-1.7B,2000,6,query_last,0.8608087342723015,0.4068553111496493,1.0,0.0,seed
Qwen3-1.7B,2000,6,query_last,0.8472364543848524,0.3698518576703592,1.0,0.0,seed
Qwen3-1.7B,2000,6,query_last,0.8913792044046088,0.5016201659154509,0.0,0.0,seed
Qwen3-1.7B,2000,8,query_last,0.8322414583784135,0.23014141137102515,1.0,1.0,seed
Qwen3-1.7B,2000,8,query_last,0.8365338237643575,0.23981041721616408,1.0,1.0,seed
Qwen3-1.7B,2000,8,query_last,0.8481677478889188,0.26782680034222617,1.0,0.0,seed
Qwen3-1.7B,2000,8,query_last,0.8376652185437882,0.24241744224280692,0.0,0.0,seed
Qwen3-1.7B,2000,8,query_last,0.881066430028435,0.36313594044373626,0.0,0.0,seed
Qwen3-1.7B,5000,10,query_last,0.8633733753876724,0.2301370373909169,1.0,0.0,seed
Qwen3-1.7B,5000,10,query_last,0.8648282278700625,0.23404456742690483,0.0,0.0,seed
Qwen3-1.7B,5000,10,query_last,0.8771152346583551,0.2695048241991933,0.0,0.0,seed
Qwen3-1.7B,5000,10,query_last,0.8599351177299048,0.22113467568961703,1.0,0.0,seed
Qwen3-1.7B,5000,10,query_last,0.9045768415473934,0.3668213881015068,0.0,0.0,seed
Qwen3-1.7B,5000,1,query_last,0.933856550896217,0.933856550896217,1.0,1.0,seed
Qwen3-1.7B,5000,1,query_last,0.930723068065611,0.930723068065611,1.0,1.0,seed
Qwen3-1.7B,5000,1,query_last,0.9415612414756167,0.9415612414756167,1.0,1.0,seed
Qwen3-1.7B,5000,1,query_last,0.9162213986373177,0.9162213986373177,1.0,1.0,seed
Qwen3-1.7B,5000,1,query_last,0.9555643675438769,0.9555643675438769,1.0,1.0,seed
Qwen3-1.7B,5000,20,query_last,0.8322414583784135,0.025408962385873212,0.0,0.0,seed
Qwen3-1.7B,5000,20,query_last,0.8365338237643575,0.028162429116882576,0.0,0.0,seed
Qwen3-1.7B,5000,20,query_last,0.8481677478889188,0.03712231762742523,0.0,0.0,seed
Qwen3-1.7B,5000,20,query_last,0.8376652185437882,0.028934078916247195,0.0,0.0,seed
Qwen3-1.7B,5000,20,query_last,0.881066430028435,0.0794644872720436,0.0,0.0,seed
Qwen3-1.7B,5000,2,query_last,0.9172456315973948,0.8413395486845037,1.0,1.0,seed
Qwen3-1.7B,5000,2,query_last,0.9148640516888643,0.836976233072565,1.0,1.0,seed
Qwen3-1.7B,5000,2,query_last,0.9265232999420485,0.8584454253355032,1.0,0.0,seed
Qwen3-1.7B,5000,2,query_last,0.9018797119479034,0.8133870148232332,1.0,1.0,seed
Qwen3-1.7B,5000,2,query_last,0.9438363167229511,0.8908269927651469,1.0,0.0,seed
Qwen3-1.7B,5000,30,query_last,0.8115383152419471,0.0019022643593894304,0.0,0.0,seed
Qwen3-1.7B,5000,30,query_last,0.8178762846740116,0.00240230676436681,0.0,0.0,seed
Qwen3-1.7B,5000,30,query_last,0.8287698777538565,0.0035728825343764484,0.0,0.0,seed
Qwen3-1.7B,5000,30,query_last,0.8233622349923181,0.002935812412580981,0.0,0.0,seed
Qwen3-1.7B,5000,30,query_last,0.8651020630984313,0.012942567294760525,0.0,0.0,seed
Qwen3-1.7B,5000,3,query_last,0.9058460752632621,0.7432984394978354,1.0,1.0,seed
Qwen3-1.7B,5000,3,query_last,0.9041222048861896,0.7390629078677426,1.0,1.0,seed
Qwen3-1.7B,5000,3,query_last,0.9161463303221254,0.7689436928491408,1.0,0.0,seed
Qwen3-1.7B,5000,3,query_last,0.8925085100337905,0.7109467894807175,1.0,1.0,seed
Qwen3-1.7B,5000,3,query_last,0.9356824433888125,0.8191915089023732,1.0,0.0,seed
Qwen3-1.7B,5000,4,query_last,0.8969235800544298,0.647175051497502,1.0,1.0,seed
Qwen3-1.7B,5000,4,query_last,0.8957810844702973,0.6438838766419899,1.0,1.0,seed
Qwen3-1.7B,5000,4,query_last,0.9079938044849992,0.6797223353058613,1.0,0.0,seed
Qwen3-1.7B,5000,4,query_last,0.8853900422983739,0.614523553473438,1.0,0.0,seed
Qwen3-1.7B,5000,4,query_last,0.9292420517859583,0.7456163458091504,1.0,0.0,seed
Qwen3-1.7B,5000,5,query_last,0.8894950766243493,0.5568237399762003,1.0,0.0,seed
Qwen3-1.7B,5000,5,query_last,0.8888757229183225,0.5548878612710267,0.0,0.0,seed
Qwen3-1.7B,5000,5,query_last,0.9011867265019748,0.594393336487381,1.0,0.0,seed
Qwen3-1.7B,5000,5,query_last,0.8795890780116349,0.5265009269264307,1.0,0.0,seed
Qwen3-1.7B,5000,5,query_last,0.9238415114100005,0.672957075298829,1.0,1.0,seed
Qwen3-1.7B,5000,6,query_last,0.8830814570099776,0.4742470009168497,1.0,0.0,seed
Qwen3-1.7B,5000,6,query_last,0.8829395663327567,0.47378998167104985,0.0,0.0,seed
Qwen3-1.7B,5000,6,query_last,0.8952956789305742,0.5149901593915563,1.0,0.0,seed
Qwen3-1.7B,5000,6,query_last,0.8746628235907962,0.4477586729579137,0.0,0.0,seed
Qwen3-1.7B,5000,6,query_last,0.9191508722458814,0.6030048733169947,0.0,0.0,seed
Qwen3-1.7B,5000,8,query_last,0.8723057791872574,0.3352354967728316,1.0,1.0,seed
Qwen3-1.7B,5000,8,query_last,0.8730144405036137,0.33742046479623955,0.0,0.0,seed
Qwen3-1.7B,5000,8,query_last,0.8853696291106751,0.37756954984511776,0.0,0.0,seed
Qwen3-1.7B,5000,8,query_last,0.866539271655844,0.31791132429442104,1.0,1.0,seed
Qwen3-1.7B,5000,8,query_last,0.9112121841424005,0.47528722987347083,0.0,0.0,seed
Qwen3-32B,10000,10,query_first,0.9988454677829454,0.988514476039559,1.0,0.0,seed
Qwen3-32B,10000,10,query_first,0.9988930320960502,0.98898530050824,1.0,0.0,seed
Qwen3-32B,10000,10,query_first,0.9978523672375033,0.9787300428526854,1.0,0.0,seed
Qwen3-32B,10000,10,query_first,0.9978523672375033,0.9787300428526854,1.0,0.0,seed
Qwen3-32B,10000,10,query_first,0.9982023578484714,0.9821683018582751,1.0,0.0,seed
Qwen3-32B,10000,1,query_first,0.9980580810410598,0.9980580810410598,1.0,1.0,seed
Qwen3-32B,10000,1,query_first,0.9983442569692381,0.9983442569692381,1.0,1.0,seed
Qwen3-32B,10000,1,query_first,0.9970343812270388,0.9970343812270388,1.0,1.0,seed
Qwen3-32B,10000,1,query_first,0.9970343812270388,0.9970343812270388,1.0,1.0,seed
Qwen3-32B,10000,1,query_first,0.9983528648350516,0.9983528648350516,1.0,1.0,seed
Qwen3-32B,10000,20,query_first,0.9990128216924099,0.9804405007173954,1.0,0.0,seed
Qwen3-32B,10000,20,query_first,0.9990194253547939,0.9805701267743899,1.0,0.0,seed
Qwen3-32B,10000,20,query_first,0.9980512845755877,0.9617388481274834,1.0,0.0,seed
Qwen3-32B,10000,20,query_first,0.9980512845755877,0.9617388481274834,1.0,0.0,seed
Qwen3-32B,10000,20,query_first,0.9981544177289194,0.9637284170378131,1.0,1.0,seed
Qwen3-32B,10000,2,query_first,0.998339379950067,0.9966815175590843,1.0,1.0,seed
Qwen3-32B,10000,2,query_first,0.9985332171961671,0.9970685858441277,1.0,1.0,seed
Qwen3-32B,10000,2,query_first,0.997308857468903,0.9946249571859286,1.0,0.0,seed
Qwen3-32B,10000,2,query_first,0.997308857468903,0.9946249571859286,1.0,0.0,seed
Qwen3-32B,10000,2,query_first,0.9983089316861565,0.9966207230843551,1.0,1.0,seed
Qwen3-32B,10000,30,query_first,0.9990992442437989,0.9733273200738338,0.0,0.0,seed
Qwen3-32B,10000,30,query_first,0.9990865666343771,0.9729568705836859,0.0,0.0,seed
Qwen3-32B,10000,30,query_first,0.998159005655175,0.9462194768335861,1.0,0.0,seed
Qwen3-32B,10000,30,query_first,0.998159005655175,0.9462194768335861,1.0,1.0,seed
Qwen3-32B,10000,30,query_first,0.998125785162969,0.9452751770250518,1.0,1.0,seed
Qwen3-32B,10000,3,query_first,0.9984846695500116,0.995460893849611,1.0,1.0,seed
Qwen3-32B,10000,3,query_first,0.998633604275851,0.9959064113882662,1.0,1.0,seed
Qwen3-32B,10000,3,query_first,0.9974575138825971,0.9923919179195333,1.0,0.0,seed
Qwen3-32B,10000,3,query_first,0.9974575138825971,0.9923919179195333,1.0,1.0,seed
Qwen3-32B,10000,3,query_first,0.9982826921424501,0.9948569188015911,1.0,1.0,seed
Qwen3-32B,10000,4,query_first,0.998579988956411,0.9943320429644742,1.0,1.0,seed
Qwen3-32B,10000,4,query_first,0.9987006405693281,0.9948126835147275,1.0,1.0,seed
Qwen3-32B,10000,4,query_first,0.9975579923935419,0.990267691765946,1.0,0.0,seed
Qwen3-32B,10000,4,query_first,0.9975579923935419,0.990267691765946,1.0,0.0,seed
Qwen3-32B,10000,4,query_first,0.9982638287698601,0.9930733798984704,1.0,1.0,seed
Qwen3-32B,10000,5,query_first,0.9986497811220387,0.9932671119212724,1.0,1.0,seed
Qwen3-32B,10000,5,query_first,0.9987503674875016,0.9937674337498313,1.0,1.0,seed
Qwen3-32B,10000,5,query_first,0.9976331933375924,0.9882218519994042,1.0,0.0,seed
Qwen3-32B,10000,5,query_first,0.9976331933375924,0.9882218519994042,1.0,0.0,seed
Qwen3-32B,10000,5,query_first,0.9982490548787609,0.99127587884833,1.0,1.0,seed
Qwen3-32B,10000,6,query_first,0.9987042547139151,0.9922506691534658,1.0,0.0,seed
Qwen3-32B,10000,6,query_first,0.9987895830302701,0.9927594393845506,1.0,0.0,seed
Qwen3-32B,10000,6,query_first,0.9976929186426269,0.9862371060516173,1.0,0.0,seed
Qwen3-32B,10000,6,query_first,0.9976929186426269,0.9862371060516173,1.0,1.0,seed
Qwen3-32B,10000,6,query_first,0.9982368906205474,0.9894678625739494,1.0,1.0,seed
Qwen3-32B,10000,8,query_first,0.9987857782684829,0.9903274074139865,1.0,0.0,seed
Qwen3-32B,10000,8,query_first,0.9988489757212959,0.9908288164892693,1.0,0.0,seed
Qwen3-32B,10000,8,query_first,0.9977841146747424,0.9824097939221442,1.0,0.0,seed
Qwen3-32B,10000,8,query_first,0.9977841146747424,0.9824097939221442,1.0,0.0,seed
Qwen3-32B,10000,8,query_first,0.9982175250499894,0.9858288460347269,1.0,0.0,seed
Qwen3-32B,2000,10,query_first,0.999197445108489,0.9920033733873219,1.0,0.0,seed
Qwen3-32B,2000,10,query_first,0.9991646550335194,0.9916778815433642,1.0,0.0,seed
Qwen3-32B,2000,10,query_first,0.9982862970539569,0.9829945234156869,1.0,0.0,seed
Qwen3-32B,2000,10,query_first,0.9982862970539569,0.9829945234156869,1.0,0.0,seed
Qwen3-32B,2000,10,query_first,0.998089080412931,0.9810542921853592,1.0,0.0,seed
Qwen3-32B,2000,1,query_first,0.9986497811220387,0.9986497811220387,1.0,0.0,seed
Qwen3-32B,2000,1,query_first,0.9987503674875016,0.9987503674875016,1.0,0.0,seed
Qwen3-32B,2000,1,query_first,0.9976331933375924,0.9976331933375924,1.0,0.0,seed
Qwen3-32B,2000,1,query_first,0.9976331933375924,0.9976331933375924,1.0,1.0,seed
Qwen3-32B,2000,1,query_first,0.9982490548787609,0.9982490548787609,1.0,1.0,seed
Qwen3-32B,2000,20,query_first,0.9993138135935341,0.9863653664565233,1.0,0.0,seed
Qwen3-32B,2000,20,query_first,0.9992600574417189,0.9853047162835668,1.0,1.0,seed
Qwen3-32B,2000,20,query_first,0.9984450857152908,0.9693568308652678,1.0,0.0,seed
Qwen3-32B,2000,20,query_first,0.9984450857152908,0.9693568308652678,1.0,0.0,seed
Qwen3-32B,2000,20,query_first,0.9980381253103447,0.9614852701462335,1.0,1.0,seed
Qwen3-32B,2000,2,query_first,0.9988454677829454,0.9976922685105309,1.0,1.0,seed
Qwen3-32B,2000,2,query_first,0.9988930320960502,0.9977872895700407,1.0,1.0,seed
Qwen3-32B,2000,2,query_first,0.9978523672375033,0.995709346801489,1.0,1.0,seed
Qwen3-32B,2000,2,query_first,0.9978523672375033,0.995709346801489,1.0,1.0,seed
Qwen3-32B,2000,2,query_first,0.9982023578484714,0.9964079472142479,1.0,1.0,seed
Qwen3-32B,2000,30,query_first,0.9993739023150661,0.9813865964720584,1.0,0.0,seed
Qwen3-32B,2000,30,query_first,0.9993107336828186,0.9795273504558484,1.0,1.0,seed
Qwen3-32B,2000,30,query_first,0.998531070296716,0.9568579901897537,1.0,0.0,seed
Qwen3-32B,2000,30,query_first,0.998531070296716,0.9568579901897537,1.0,0.0,seed
Qwen3-32B,2000,30,query_first,0.9980076921721615,0.9419257271839282,1.0,1.0,seed
Qwen3-32B,2000,3,query_first,0.9989465258871192,0.9968429059153234,1.0,1.0,seed
Qwen3-32B,2000,3,query_first,0.9989688187610299,0.9969096451908418,1.0,1.0,seed
Qwen3-32B,2000,3,query_first,0.9979710617152554,0.9939255265651479,1.0,1.0,seed
Qwen3-32B,2000,3,query_first,0.9979710617152554,0.9939255265651479,1.0,1.0,seed
Qwen3-32B,2000,3,query_first,0.9981744676705511,0.9945333946327997,1.0,1.0,seed
Qwen3-32B,2000,4,query_first,0.9990128216924099,0.9960571300485511,1.0,1.0,seed
Qwen3-32B,2000,4,query_first,0.9990194253547939,0.9960834668085147,1.0,1.0,seed
Qwen3-32B,2000,4,query_first,0.9980512845755877,0.9922278936666803,1.0,0.0,seed
Qwen3-32B,2000,4,query_first,0.9980512845755877,0.9922278936666803,1.0,0.0,seed
Qwen3-32B,2000,4,query_first,0.9981544177289194,0.992638082825299,1.0,1.0,seed
Qwen3-32B,2000,5,query_first,0.9990613605451985,0.995315604900307,1.0,0.0,seed
Qwen3-32B,2000,5,query_first,0.999056963793064,0.9952937037555655,1.0,1.0,seed
Qwen3-32B,2000,5,query_first,0.9981113234850246,0.9905922211075416,1.0,0.0,seed
Qwen3-32B,2000,5,query_first,0.9981113234850246,0.9905922211075416,1.0,1.0,seed
Qwen3-32B,2000,5,query_first,0.9981387145441473,0.9907281521341383,1.0,1.0,seed
Qwen3-32B,2000,6,query_first,0.9990992442437989,0.9946076212698889,1.0,0.0,seed
Qwen3-32B,2000,6,query_first,0.9990865666343771,0.9945318999817481,1.0,0.0,seed
Qwen3-32B,2000,6,query_first,0.998159005655175,0.9890047482137183,1.0,0.0,seed
Qwen3-32B,2000,6,query_first,0.998159005655175,0.9890047482137183,1.0,0.0,seed
Qwen3-32B,2000,6,query_first,0.998125785162969,0.988807269711203,1.0,1.0,seed
Qwen3-32B,2000,8,query_first,0.9991559375049747,0.9932674147618495,1.0,0.0,seed
Qwen3-32B,2000,8,query_first,0.999131399618815,0.9930722853572796,1.0,0.0,seed
Qwen3-32B,2000,8,query_first,0.9982318105044943,0.9859417169727066,1.0,0.0,seed
Qwen3-32B,2000,8,query_first,0.9982318105044943,0.9859417169727066,1.0,0.0,seed
Qwen3-32B,2000,8,query_first,0.9981052015531248,0.9849417596802593,1.0,0.0,seed
Qwen3-32B,5000,10,query_first,0.9990128216924099,0.9901719551256718,1.0,0.0,seed
Qwen3-32B,5000,10,query_first,0.9990194253547939,0.9902374092985934,1.0,0.0,seed
Qwen3-32B,5000,10,query_first,0.9980512845755877,0.9806828478807424,1.0,0.0,seed
Qwen3-32B,5000,10,query_first,0.9980512845755877,0.9806828478807424,1.0,0.0,seed
Qwen3-32B,5000,10,query_first,0.9981544177289194,0.9816967031816971,1.0,0.0,seed
Qwen3-32B,5000,1,query_first,0.998339379950067,0.998339379950067,1.0,1.0,seed
Qwen3-32B,5000,1,query_first,0.9985332171961671,0.9985332171961671,1.0,1.0,seed
Qwen3-32B,5000,1,query_first,0.997308857468903,0.997308857468903,1.0,0.0,seed
Qwen3-32B,5000,1,query_first,0.997308857468903,0.997308857468903,1.0,1.0,seed
Qwen3-32B,5000,1,query_first,0.9983089316861565,0.9983089316861565,1.0,1.0,seed
Qwen3-32B,5000,20,query_first,0.9991559375049747,0.9832534309027355,1.0,1.0,seed
Qwen3-32B,5000,20,query_first,0.999131399618815,0.9827705967085439,1.0,1.0,seed
Qwen3-32B,5000,20,query_first,0.9982318105044943,0.9652239888735122,1.0,0.0,seed
Qwen3-32B,5000,20,query_first,0.9982318105044943,0.9652239888735122,1.0,0.0,seed
Qwen3-32B,5000,20,query_first,0.9981052015531248,0.9627784875406218,1.0,1.0,seed
Qwen3-32B,5000,2,query_first,0.998579988956411,0.9971619943441858,1.0,1.0,seed
Qwen3-32B,5000,2,query_first,0.9987006405693281,0.9974029694735862,1.0,1.0,seed
Qwen3-32B,5000,2,query_first,0.9975579923935419,0.9951219481882339,1.0,0.0,seed
Qwen3-32B,5000,2,query_first,0.9975579923935419,0.9951219481882339,1.0,1.0,seed
Qwen3-32B,5000,2,query_first,0.9982638287698601,0.9965306718302606,1.0,1.0,seed
Qwen3-32B,5000,30,query_first,0.9992298406376395,0.9771513923252008,1.0,1.0,seed
Qwen3-32B,5000,30,query_first,0.9991908800778864,0.9760090470540079,1.0,1.0,seed
Qwen3-32B,5000,30,query_first,0.9983295691748246,0.9510821603677299,1.0,0.0,seed
Qwen3-32B,5000,30,query_first,0.9983295691748246,0.9510821603677299,1.0,1.0,seed
Qwen3-32B,5000,30,query_first,0.998075806913945,0.9438562502460517,1.0,1.0,seed
Qwen3-32B,5000,3,query_first,0.9987042547139151,0.9961177988337855,1.0,1.0,seed
Qwen3-32B,5000,3,query_first,0.9987895830302701,0.9963731426451391,1.0,1.0,seed
Qwen3-32B,5000,3,query_first,0.9976929186426269,0.9930947115213218,1.0,0.0,seed
Qwen3-32B,5000,3,query_first,0.9976929186426269,0.9930947115213218,1.0,1.0,seed
Qwen3-32B,5000,3,query_first,0.9982368906205474,0.9947199920449721,1.0,1.0,seed
Qwen3-32B,5000,4,query_first,0.9987857782684829,0.9951519519219095,1.0,1.0,seed
Qwen3-32B,5000,4,query_first,0.9988489757212959,0.9954038459285102,1.0,1.0,seed
Qwen3-32B,5000,4,query_first,0.9977841146747424,0.9911658760884297,1.0,0.0,seed
Qwen3-32B,5000,4,query_first,0.9977841146747424,0.9911658760884297,1.0,0.0,seed
Qwen3-32B,5000,4,query_first,0.9982175250499894,0.9928891408584983,1.0,1.0,seed
Qwen3-32B,5000,5,query_first,0.9988454677829454,0.9942406529807354,1.0,0.0,seed
Qwen3-32B,5000,5,query_first,0.9988930320960502,0.9944774007026203,1.0,1.0,seed
Qwen3-32B,5000,5,query_first,0.9978523672375033,0.9893078605028293,1.0,1.0,seed
Qwen3-32B,5000,5,query_first,0.9978523672375033,0.9893078605028293,1.0,1.0,seed
Qwen3-32B,5000,5,query_first,0.9982023578484714,0.9910440463764842,1.0,1.0,seed
Qwen3-32B,5000,6,query_first,0.9988920552986542,0.9933707177354756,1.0,0.0,seed
Qwen3-32B,5000,6,query_first,0.9989277753929756,0.9935838727077947,1.0,1.0,seed
Qwen3-32B,5000,6,query_first,0.9979065733931322,0.9875049936848941,1.0,0.0,seed
Qwen3-32B,5000,6,query_first,0.9979065733931322,0.9875049936848941,1.0,1.0,seed
Qwen3-32B,5000,6,query_first,0.9981898697624535,0.9891882486873743,1.0,1.0,seed
Qwen3-32B,5000,8,query_first,0.9989617754105526,0.991724322183707,1.0,0.0,seed
Qwen3-32B,5000,8,query_first,0.9989803941888642,0.9918722029160125,1.0,0.0,seed
Qwen3-32B,5000,8,query_first,0.99798934094126,0.9840274704669932,1.0,0.0,seed
Qwen3-32B,5000,8,query_first,0.99798934094126,0.9840274704669932,1.0,0.0,seed
Qwen3-32B,5000,8,query_first,0.9981699886728754,0.9854533373260962,1.0,1.0,seed
Qwen3-32B,10000,10,query_last,0.9965377924433804,0.9659123840066839,1.0,1.0,seed
Qwen3-32B,10000,10,query_last,0.9955743164590303,0.9566142429632601,1.0,1.0,seed
Qwen3-32B,10000,10,query_last,0.9957058842081215,0.9578791857608416,1.0,1.0,seed
Qwen3-32B,10000,10,query_last,0.9957058842081215,0.9578791857608416,1.0,1.0,seed
Qwen3-32B,10000,10,query_last,0.9991012331090792,0.9910485942933434,1.0,1.0,seed
Qwen3-32B,10000,1,query_last,0.9941857407850836,0.9941857407850836,1.0,1.0,seed
Qwen3-32B,10000,1,query_last,0.9933911858207941,0.9933911858207941,1.0,1.0,seed
Qwen3-32B,10000,1,query_last,0.9940752043257752,0.9940752043257752,1.0,1.0,seed
Qwen3-32B,10000,1,query_last,0.9940752043257752,0.9940752043257752,1.0,1.0,seed
Qwen3-32B,10000,1,query_last,0.9991765441490301,0.9991765441490301,1.0,1.0,seed
Qwen3-32B,10000,20,query_last,0.9970386610851516,0.9424101958717302,1.0,1.0,seed
Qwen3-32B,10000,20,query_last,0.9960781519077194,0.9244177731304815,1.0,1.0,seed
Qwen3-32B,10000,20,query_last,0.996102835928029,0.9248760447986352,1.0,1.0,seed
Qwen3-32B,10000,20,query_last,0.996102835928029,0.9248760447986352,1.0,1.0,seed
Qwen3-32B,10000,20,query_last,0.9990772423345977,0.9817057360082018,0.0,0.0,seed
Qwen3-32B,10000,2,query_last,0.9950251760359906,0.9900751009454541,1.0,1.0,seed
Qwen3-32B,10000,2,query_last,0.9941420942051961,0.9883185034706929,1.0,1.0,seed
Qwen3-32B,10000,2,query_last,0.9946220833113711,0.9892730886106521,1.0,1.0,seed
Qwen3-32B,10000,2,query_last,0.9946220833113711,0.9892730886106521,1.0,1.0,seed
Qwen3-32B,10000,2,query_last,0.999154561950195,0.9983098386658861,1.0,1.0,seed
Qwen3-32B,10000,30,query_last,0.997297444041068,0.922021779498231,0.0,0.0,seed
Qwen3-32B,10000,30,query_last,0.99634594955802,0.8959933537165332,1.0,1.0,seed
Qwen3-32B,10000,30,query_last,0.9963178659768138,0.8952360137375541,1.0,1.0,seed
Qwen3-32B,10000,30,query_last,0.9963178659768138,0.8952360137375541,1.0,1.0,seed
Qwen3-32B,10000,30,query_last,0.9990629131299882,0.9722660613470641,1.0,1.0,seed
Qwen3-32B,10000,3,query_last,0.9954591103488053,0.9864390964512026,1.0,1.0,seed
Qwen3-32B,10000,3,query_last,0.9945413682416896,0.9837133320580891,1.0,1.0,seed
Qwen3-32B,10000,3,query_last,0.9949183986120156,0.9848325326335166,1.0,1.0,seed
Qwen3-32B,10000,3,query_last,0.9949183986120156,0.9848325326335166,1.0,1.0,seed
Qwen3-32B,10000,3,query_last,0.999141432385018,0.9974265079372192,1.0,1.0,seed
Qwen3-32B,10000,4,query_last,0.9957439364195434,0.9830841220908416,1.0,1.0,seed
Qwen3-32B,10000,4,query_last,0.9948081286009779,0.9793936885037036,1.0,1.0,seed
Qwen3-32B,10000,4,query_last,0.995118731357894,0.9806174214809042,1.0,1.0,seed
Qwen3-32B,10000,4,query_last,0.995118731357894,0.9806174214809042,1.0,1.0,seed
Qwen3-32B,10000,4,query_last,0.9991319934451437,0.9965324917774707,1.0,1.0,seed
Qwen3-32B,10000,5,query_last,0.9959525528440619,0.9799259207999952,1.0,1.0,seed
Qwen3-32B,10000,5,query_last,0.9950060783475471,0.9752785419323904,1.0,1.0,seed
Qwen3-32B,10000,5,query_last,0.9952686923974764,0.9765662580907516,1.0,1.0,seed
Qwen3-32B,10000,5,query_last,0.9952686923974764,0.9765662580907516,1.0,1.0,seed
Qwen3-32B,10000,5,query_last,0.999124600693991,0.9956306600039458,1.0,1.0,seed
Qwen3-32B,10000,6,query_last,0.9961154208531623,0.9769177054939899,1.0,1.0,seed
Qwen3-32B,10000,6,query_last,0.9951622267401383,0.971322164923138,1.0,1.0,seed
Qwen3-32B,10000,6,query_last,0.995387808974635,0.9726439829749975,1.0,1.0,seed
Qwen3-32B,10000,6,query_last,0.995387808974635,0.9726439829749975,1.0,1.0,seed
Qwen3-32B,10000,6,query_last,0.9991185137026357,0.994722723797638,1.0,1.0,seed
Qwen3-32B,10000,8,query_last,0.9963592305885444,0.9712423001135468,1.0,1.0,seed
Qwen3-32B,10000,8,query_last,0.9953987864546847,0.9637776604168932,1.0,1.0,seed
Qwen3-32B,10000,8,query_last,0.9955697184881788,0.9651024723427698,1.0,1.0,seed
Qwen3-32B,10000,8,query_last,0.9955697184881788,0.9651024723427698,1.0,1.0,seed
Qwen3-32B,10000,8,query_last,0.9991088230235752,0.9928927820969202,1.0,1.0,seed
Qwen3-32B,2000,10,query_last,0.9975916045929648,0.9761753932045314,1.0,1.0,seed
Qwen3-32B,2000,10,query_last,0.9966575464257174,0.9670737491531858,1.0,1.0,seed
Qwen3-32B,2000,10,query_last,0.9965720216316616,0.966244207926587,1.0,1.0,seed
Qwen3-32B,2000,10,query_last,0.9965720216316616,0.966244207926587,1.0,1.0,seed
Qwen3-32B,2000,10,query_last,0.9990445435891869,0.9904864117615726,1.0,1.0,seed
Qwen3-32B,2000,1,query_last,0.9959525528440619,0.9959525528440619,1.0,1.0,seed
Qwen3-32B,2000,1,query_last,0.9950060783475471,0.9950060783475471,1.0,1.0,seed
Qwen3-32B,2000,1,query_last,0.9952686923974764,0.9952686923974764,1.0,1.0,seed
Qwen3-32B,2000,1,query_last,0.9952686923974764,0.9952686923974764,1.0,1.0,seed
Qwen3-32B,2000,1,query_last,0.999124600693991,0.999124600693991,1.0,1.0,seed
Qwen3-32B,2000,20,query_last,0.9979403360391378,0.959602867579506,1.0,1.0,seed
Qwen3-32B,2000,20,query_last,0.9970384299888893,0.9424058271947108,1.0,1.0,seed
Qwen3-32B,2000,20,query_last,0.9968891570191045,0.9395879656535302,1.0,1.0,seed
Qwen3-32B,2000,20,query_last,0.9968891570191045,0.9395879656535302,1.0,1.0,seed
Qwen3-32B,2000,20,query_last,0.9990190410877253,0.9805625833889112,1.0,1.0,seed
Qwen3-32B,2000,2,query_last,0.9965377924433804,0.9930875717679258,1.0,1.0,seed
Qwen3-32B,2000,2,query_last,0.9955743164590303,0.9911682195928654,1.0,1.0,seed
Qwen3-32B,2000,2,query_last,0.9957058842081215,0.991430207846677,1.0,1.0,seed
Qwen3-32B,2000,2,query_last,0.9957058842081215,0.991430207846677,1.0,1.0,seed
Qwen3-32B,2000,2,query_last,0.9991012331090792,0.9982032740000826,1.0,1.0,seed
Qwen3-32B,2000,30,query_last,0.9981204727311086,0.9451242544907021,1.0,1.0,seed
Qwen3-32B,2000,30,query_last,0.9972408380913589,0.9204530703721185,1.0,1.0,seed
Qwen3-32B,2000,30,query_last,0.9970609290040116,0.9154843986132818,1.0,1.0,seed
Qwen3-32B,2000,30,query_last,0.9970609290040116,0.9154843986132818,1.0,1.0,seed
Qwen3-32B,2000,30,query_last,0.9990038089960004,0.9705419754323532,1.0,1.0,seed
Qwen3-32B,2000,3,query_last,0.9968402061670762,0.9905505398441082,1.0,1.0,seed
Qwen3-32B,2000,3,query_last,0.9958763753482978,0.9876800687664283,1.0,1.0,seed
Qwen3-32B,2000,3,query_last,0.9959427272666764,0.9878774993974859,1.0,1.0,seed
Qwen3-32B,2000,3,query_last,0.9959427272666764,0.9878774993974859,1.0,1.0,seed
Qwen3-32B,2000,3,query_last,0.9990872761090835,0.9972643267615956,1.0,1.0,seed
Qwen3-32B,2000,4,query_last,0.9970386610851516,0.9882071577083424,1.0,1.0,seed
Qwen3-32B,2000,4,query_last,0.9960781519077194,0.9844046519361082,1.0,1.0,seed
Qwen3-32B,2000,4,query_last,0.996102835928029,0.9845022345108482,1.0,1.0,seed
Qwen3-32B,2000,4,query_last,0.996102835928029,0.9845022345108482,1.0,1.0,seed
Qwen3-32B,2000,4,query_last,0.9990772423345977,0.9963140750865251,1.0,1.0,seed
Qwen3-32B,2000,5,query_last,0.9971839943916179,0.9859990478421131,1.0,1.0,seed
Qwen3-32B,2000,5,query_last,0.9962278632629543,0.9812810707440386,1.0,1.0,seed
Qwen3-32B,2000,5,query_last,0.9962226783296756,0.9812555353012599,1.0,1.0,seed
Qwen3-32B,2000,5,query_last,0.9962226783296756,0.9812555353012599,1.0,1.0,seed
Qwen3-32B,2000,5,query_last,0.9990693837063976,0.9953555709430253,1.0,1.0,seed
Qwen3-32B,2000,6,query_last,0.997297444041068,0.9838938273973601,1.0,1.0,seed
Qwen3-32B,2000,6,query_last,0.99634594955802,0.9782750055040593,1.0,1.0,seed
Qwen3-32B,2000,6,query_last,0.9963178659768138,0.978109571822997,1.0,1.0,seed
Qwen3-32B,2000,6,query_last,0.9963178659768138,0.978109571822997,1.0,1.0,seed
Qwen3-32B,2000,6,query_last,0.9990629131299882,0.9943906343108051,1.0,1.0,seed
Qwen3-32B,2000,8,query_last,0.9974672545104902,0.979916743515496,1.0,1.0,seed
Qwen3-32B,2000,8,query_last,0.9965248291654148,0.9725344439864545,1.0,1.0,seed
Qwen3-32B,2000,8,query_last,0.9964632234331124,0.9720535669801641,1.0,1.0,seed
Qwen3-32B,2000,8,query_last,0.9964632234331124,0.9720535669801641,1.0,1.0,seed
Qwen3-32B,2000,8,query_last,0.9990526117818829,0.9924459779375251,1.0,1.0,seed
Qwen3-32B,5000,10,query_last,0.9970386610851516,0.970778139366421,1.0,1.0,seed
Qwen3-32B,5000,10,query_last,0.9960781519077194,0.9614664701020423,1.0,1.0,seed
Qwen3-32B,5000,10,query_last,0.996102835928029,0.961704759683883,1.0,1.0,seed
Qwen3-32B,5000,10,query_last,0.996102835928029,0.961704759683883,1.0,1.0,seed
Qwen3-32B,5000,10,query_last,0.9990772423345977,0.9908106458896179,1.0,1.0,seed
Qwen3-32B,5000,1,query_last,0.9950251760359906,0.9950251760359906,1.0,1.0,seed
Qwen3-32B,5000,1,query_last,0.9941420942051961,0.9941420942051961,1.0,1.0,seed
Qwen3-32B,5000,1,query_last,0.9946220833113711,0.9946220833113711,1.0,1.0,seed
Qwen3-32B,5000,1,query_last,0.9946220833113711,0.9946220833113711,1.0,1.0,seed
Qwen3-32B,5000,1,query_last,0.999154561950195,0.999154561950195,1.0,1.0,seed
Qwen3-32B,5000,20,query_last,0.9974672545104902,0.9505455782772436,1.0,1.0,seed
Qwen3-32B,5000,20,query_last,0.9965248291654148,0.9327440318567888,1.0,1.0,seed
Qwen3-32B,5000,20,query_last,0.9964632234331124,0.9315914535652011,1.0,1.0,seed
Qwen3-32B,5000,20,query_last,0.9964632234331124,0.9315914535652011,1.0,1.0,seed
Qwen3-32B,5000,20,query_last,0.9990526117818829,0.981221803603477,1.0,1.0,seed
Qwen3-32B,5000,2,query_last,0.9957439364195434,0.9915059869162877,1.0,1.0,seed
Qwen3-32B,5000,2,query_last,0.9948081286009779,0.9896432127305798,1.0,1.0,seed
Qwen3-32B,5000,2,query_last,0.995118731357894,0.9902612894993443,1.0,1.0,seed
Qwen3-32B,5000,2,query_last,0.995118731357894,0.9902612894993443,1.0,1.0,seed
Qwen3-32B,5000,2,query_last,0.9991319934451437,0.9982647403256667,1.0,1.0,seed
Qwen3-32B,5000,30,query_last,0.9976886707348173,0.9329346389624803,1.0,1.0,seed
Qwen3-32B,5000,30,query_last,0.9967622252569168,0.9072920997073605,1.0,1.0,seed
Qwen3-32B,5000,30,query_last,0.9966584354356036,0.9044621676820865,1.0,1.0,seed
Qwen3-32B,5000,30,query_last,0.9966584354356036,0.9044621676820865,1.0,1.0,seed
Qwen3-32B,5000,30,query_last,0.9990379004657295,0.9715360731368416,1.0,1.0,seed
Qwen3-32B,5000,3,query_last,0.9961154208531623,0.9883914738068059,1.0,1.0,seed
Qwen3-32B,5000,3,query_last,0.9951622267401383,0.9855567791472687,1.0,1.0,seed
Qwen3-32B,5000,3,query_last,0.995387808974635,0.9862271457301293,1.0,1.0,seed
Qwen3-32B,5000,3,query_last,0.995387808974635,0.9862271457301293,1.0,1.0,seed
Qwen3-32B,5000,3,query_last,0.9991185137026357,0.9973578714772536,1.0,1.0,seed
Qwen3-32B,5000,4,query_last,0.9963592305885444,0.9855162607047876,1.0,1.0,seed
Qwen3-32B,5000,4,query_last,0.9953987864546847,0.9817217836112699,1.0,1.0,seed
Qwen3-32B,5000,4,query_last,0.9955697184881788,0.9823962908840657,1.0,1.0,seed
Qwen3-32B,5000,4,query_last,0.9955697184881788,0.9823962908840657,1.0,1.0,seed
Qwen3-32B,5000,4,query_last,0.9991088230235752,0.9964400544422731,1.0,1.0,seed
Qwen3-32B,5000,5,query_last,0.9965377924433804,0.9828084167357766,1.0,1.0,seed
Qwen3-32B,5000,5,query_last,0.9955743164590303,0.9780665841154477,1.0,1.0,seed
Qwen3-32B,5000,5,query_last,0.9957058842081215,0.9787130252330566,1.0,1.0,seed
Qwen3-32B,5000,5,query_last,0.9957058842081215,0.9787130252330566,1.0,1.0,seed
Qwen3-32B,5000,5,query_last,0.9991012331090792,0.9955142361078235,1.0,1.0,seed
Qwen3-32B,5000,6,query_last,0.99667718916357,0.980228019137526,1.0,1.0,seed
Qwen3-32B,5000,6,query_last,0.9957127739142504,0.9745507771463324,1.0,1.0,seed
Qwen3-32B,5000,6,query_last,0.9958140402287579,0.9751456129089389,1.0,1.0,seed
Qwen3-32B,5000,6,query_last,0.9958140402287579,0.9751456129089389,1.0,1.0,seed
Qwen3-32B,5000,6,query_last,0.9990949837810101,0.99458217368632,1.0,1.0,seed
Qwen3-32B,5000,8,query_last,0.9968858505890771,0.9753566619788578,1.0,1.0,seed
Qwen3-32B,5000,8,query_last,0.9959225230169044,0.9678419300228535,1.0,1.0,seed
Qwen3-32B,5000,8,query_last,0.9959792066540745,0.9682827011014887,1.0,1.0,seed
Qwen3-32B,5000,8,query_last,0.9959792066540745,0.9682827011014887,1.0,1.0,seed
Qwen3-32B,5000,8,query_last,0.9990850346610594,0.9927036749669647,1.0,1.0,seed
Gemma4-E4B,10000,10,query_first,0.999999609388319,0.999996093890056,1.0,1.0,seed
Gemma4-E4B,10000,10,query_first,0.9985360052787212,0.985456124844495,1.0,1.0,seed
Gemma4-E4B,10000,10,query_first,0.9987013845846492,0.9870894717341409,1.0,1.0,seed
Gemma4-E4B,10000,10,query_first,0.9985598119241728,0.9856910980613243,1.0,1.0,seed
Gemma4-E4B,10000,10,query_first,0.9985698803125695,0.9857904889140832,1.0,1.0,seed
Gemma4-E4B,10000,1,query_first,0.9999982162657877,0.9999982162657877,1.0,1.0,seed
Gemma4-E4B,10000,1,query_first,0.9927523617983014,0.9927523617983014,1.0,1.0,seed
Gemma4-E4B,10000,1,query_first,0.9967707146656086,0.9967707146656086,1.0,1.0,seed
Gemma4-E4B,10000,1,query_first,0.9938595902671686,0.9938595902671686,1.0,1.0,seed
Gemma4-E4B,10000,1,query_first,0.9942135795900846,0.9942135795900846,1.0,1.0,seed
Gemma4-E4B,10000,20,query_first,0.9999997527192769,0.9999950543971556,0.0,0.0,seed
Gemma4-E4B,10000,20,query_first,0.9990965352684871,0.9820849551124783,1.0,1.0,seed
Gemma4-E4B,10000,20,query_first,0.9990131120249909,0.9804461994351853,1.0,1.0,seed
Gemma4-E4B,10000,20,query_first,0.999070087368657,0.9815651344021297,1.0,1.0,seed
Gemma4-E4B,10000,20,query_first,0.9990618372614217,0.9814030360174432,1.0,1.0,seed
Gemma4-E4B,10000,2,query_first,0.9999988707882203,0.9999977415777156,1.0,1.0,seed
Gemma4-E4B,10000,2,query_first,0.9955173751930256,0.9910548443112114,1.0,1.0,seed
Gemma4-E4B,10000,2,query_first,0.9975447523406661,0.9950955329224008,1.0,1.0,seed
Gemma4-E4B,10000,2,query_first,0.9960285857963643,0.9920729437235055,1.0,1.0,seed
Gemma4-E4B,10000,2,query_first,0.996198386036871,0.9924112243424668,1.0,1.0,seed
Gemma4-E4B,10000,30,query_first,0.9999998107468823,0.9999943224220482,1.0,1.0,seed
Gemma4-E4B,10000,30,query_first,0.9993188534458252,0.979766149064156,1.0,1.0,seed
Gemma4-E4B,10000,30,query_first,0.9991595395775408,0.9750910631723474,1.0,1.0,seed
Gemma4-E4B,10000,30,query_first,0.9992800966699074,0.9786268361040316,1.0,1.0,seed
Gemma4-E4B,10000,30,query_first,0.9992669409534685,0.9782403955111092,1.0,1.0,seed
Gemma4-E4B,10000,3,query_first,0.9999991357721244,0.9999974073186139,1.0,1.0,seed
Gemma4-E4B,10000,3,query_first,0.9966174458079307,0.9898866237403003,1.0,1.0,seed
Gemma4-E4B,10000,3,query_first,0.9979085887635777,0.9937388791457779,1.0,1.0,seed
Gemma4-E4B,10000,3,query_first,0.9969233654606103,0.9907984642996596,1.0,0.0,seed
Gemma4-E4B,10000,3,query_first,0.9970276427423067,0.9911094066894203,1.0,1.0,seed
Gemma4-E4B,10000,4,query_first,0.9999992851407297,0.9999971405659848,1.0,1.0,seed
Gemma4-E4B,10000,4,query_first,0.9972304637611182,0.9889677921161394,1.0,1.0,seed
Gemma4-E4B,10000,4,query_first,0.9981336058598059,0.9925552980080856,1.0,1.0,seed
Gemma4-E4B,10000,4,query_first,0.9974333990433871,0.9897730532304417,1.0,1.0,seed
Gemma4-E4B,10000,4,query_first,0.997504090966454,0.9900536790823665,1.0,1.0,seed
Gemma4-E4B,10000,5,query_first,0.9999993829787027,0.9999969148973208,1.0,1.0,seed
Gemma4-E4B,10000,5,query_first,0.9976285352424599,0.9881987814538206,1.0,1.0,seed
Gemma4-E4B,10000,5,query_first,0.9982913604782557,0.991485947041173,1.0,1.0,seed
Gemma4-E4B,10000,5,query_first,0.9977701555240285,0.9889003889351022,1.0,0.0,seed
Gemma4-E4B,10000,5,query_first,0.9978205120948322,0.9891499587328935,1.0,1.0,seed
Gemma4-E4B,10000,6,query_first,0.9999994528916014,0.9999967173540985,1.0,1.0,seed
Gemma4-E4B,10000,6,query_first,0.9979110114376292,0.9875313446877684,1.0,1.0,seed
Gemma4-E4B,10000,6,query_first,0.9984103207510273,0.9904997504586779,1.0,1.0,seed
Gemma4-E4B,10000,6,query_first,0.9980122988316381,0.9881329004964194,1.0,0.0,seed
Gemma4-E4B,10000,6,query_first,0.9980490883705563,0.9883514727776621,1.0,1.0,seed
Gemma4-E4B,10000,8,query_first,0.9999995474509674,0.9999963796134738,1.0,1.0,seed
Gemma4-E4B,10000,8,query_first,0.9982899996271879,0.9864015924389122,1.0,1.0,seed
Gemma4-E4B,10000,8,query_first,0.9985814327216213,0.9887076475242889,1.0,1.0,seed
Gemma4-E4B,10000,8,query_first,0.9983421130995127,0.9868136106319466,1.0,1.0,seed
Gemma4-E4B,10000,8,query_first,0.998362074932879,0.9869714722484194,1.0,1.0,seed
Gemma4-E4B,2000,10,query_first,0.9999998648814914,0.9999986488157355,1.0,1.0,seed
Gemma4-E4B,2000,10,query_first,0.999522843613207,0.9952386686261612,1.0,1.0,seed
Gemma4-E4B,2000,10,query_first,0.9993135187984333,0.9931563557496945,1.0,1.0,seed
Gemma4-E4B,2000,10,query_first,0.999478576785683,0.9947979855580416,1.0,1.0,seed
Gemma4-E4B,2000,10,query_first,0.9994628045793298,0.9946410132593816,1.0,1.0,seed
Gemma4-E4B,2000,1,query_first,0.9999993829787027,0.9999993829787027,1.0,1.0,seed
Gemma4-E4B,2000,1,query_first,0.9976285352424599,0.9976285352424599,1.0,1.0,seed
Gemma4-E4B,2000,1,query_first,0.9982913604782557,0.9982913604782557,1.0,1.0,seed
Gemma4-E4B,2000,1,query_first,0.9977701555240285,0.9977701555240285,1.0,1.0,seed
Gemma4-E4B,2000,1,query_first,0.9978205120948322,0.9978205120948322,1.0,1.0,seed
Gemma4-E4B,2000,20,query_first,0.999999914461853,0.99999828923845,1.0,1.0,seed
Gemma4-E4B,2000,20,query_first,0.999705647226774,0.9941293777729896,1.0,1.0,seed
Gemma4-E4B,2000,20,query_first,0.9994783826135597,0.9896191869283766,1.0,1.0,seed
Gemma4-E4B,2000,20,query_first,0.9996634328367578,0.993290136050743,1.0,1.0,seed
Gemma4-E4B,2000,20,query_first,0.999647706584111,0.9929776629357954,1.0,1.0,seed
Gemma4-E4B,2000,2,query_first,0.999999609388319,0.9999992187767905,1.0,1.0,seed
Gemma4-E4B,2000,2,query_first,0.9985360052787212,0.9970741538379864,1.0,1.0,seed
Gemma4-E4B,2000,2,query_first,0.9987013845846492,0.9974044555712953,1.0,1.0,seed
Gemma4-E4B,2000,2,query_first,0.9985598119241728,0.9971216979900392,1.0,1.0,seed
Gemma4-E4B,2000,2,query_first,0.9985698803125695,0.9971418058674595,1.0,1.0,seed
Gemma4-E4B,2000,30,query_first,0.9999999345344831,0.9999980360363574,1.0,1.0,seed
Gemma4-E4B,2000,30,query_first,0.9997781127521626,0.9933647550468002,1.0,1.0,seed
Gemma4-E4B,2000,30,query_first,0.9995558072567307,0.9867596915671314,1.0,1.0,seed
Gemma4-E4B,2000,30,query_first,0.9997394773229129,0.9922137723720748,1.0,1.0,seed
Gemma4-E4B,2000,30,query_first,0.9997247612166924,0.9917757060310846,1.0,1.0,seed
Gemma4-E4B,2000,3,query_first,0.9999997010503693,0.999999103151376,1.0,1.0,seed
Gemma4-E4B,2000,3,query_first,0.998896102290813,0.9966919612976973,1.0,1.0,seed
Gemma4-E4B,2000,3,query_first,0.9988940128753943,0.9966857068958904,1.0,1.0,seed
Gemma4-E4B,2000,3,query_first,0.9988849320230826,0.9966585248125778,1.0,1.0,seed
Gemma4-E4B,2000,3,query_first,0.9988824166598451,0.9966509955612487,1.0,1.0,seed
Gemma4-E4B,2000,4,query_first,0.9999997527192769,0.9999990108774744,1.0,1.0,seed
Gemma4-E4B,2000,4,query_first,0.9990965352684871,0.9963910356159341,1.0,1.0,seed
Gemma4-E4B,2000,4,query_first,0.9990131120249909,0.9960582879434536,1.0,1.0,seed
Gemma4-E4B,2000,4,query_first,0.999070087368657,0.996285534683866,1.0,1.0,seed
Gemma4-E4B,2000,4,query_first,0.9990618372614217,0.9962526266395128,1.0,1.0,seed
Gemma4-E4B,2000,5,query_first,0.9999997865629373,0.9999989328151421,1.0,1.0,seed
Gemma4-E4B,2000,5,query_first,0.9992266002370963,0.9961389780331338,1.0,1.0,seed
Gemma4-E4B,2000,5,query_first,0.999096594774416,0.9954911279123657,1.0,0.0,seed
Gemma4-E4B,2000,5,query_first,0.9991922724871709,0.9959678814055263,1.0,1.0,seed
Gemma4-E4B,2000,5,query_first,0.9991809358497047,0.9959113824167728,1.0,1.0,seed
Gemma4-E4B,2000,6,query_first,0.9999998107468823,0.9999988644818308,1.0,1.0,seed
Gemma4-E4B,2000,6,query_first,0.9993188534458252,0.9959200737670992,1.0,1.0,seed
Gemma4-E4B,2000,6,query_first,0.9991595395775408,0.9949678212049693,1.0,0.0,seed
Gemma4-E4B,2000,6,query_first,0.9992800966699074,0.9956883464735885,1.0,1.0,seed
Gemma4-E4B,2000,6,query_first,0.9992669409534685,0.9956096984800662,1.0,1.0,seed
Gemma4-E4B,2000,8,query_first,0.9999998434564151,0.9999987476520071,1.0,1.0,seed
Gemma4-E4B,2000,8,query_first,0.9994425709931404,0.9955492586109492,1.0,1.0,seed
Gemma4-E4B,2000,8,query_first,0.9992500667288147,0.9940162574314644,1.0,1.0,seed
Gemma4-E4B,2000,8,query_first,0.99939967496069,0.9952074785032177,1.0,1.0,seed
Gemma4-E4B,2000,8,query_first,0.9993846667558344,0.9950879227894887,1.0,1.0,seed
Gemma4-E4B,5000,10,query_first,0.9999997527192769,0.9999975271955205,1.0,1.0,seed
Gemma4-E4B,5000,10,query_first,0.9990965352684871,0.9910019955138729,1.0,1.0,seed
Gemma4-E4B,5000,10,query_first,0.9990131120249909,0.9901748327619649,1.0,1.0,seed
Gemma4-E4B,5000,10,query_first,0.999070087368657,0.9907396905353745,1.0,1.0,seed
Gemma4-E4B,5000,10,query_first,0.9990618372614217,0.9906578804095,1.0,1.0,seed
Gemma4-E4B,5000,1,query_first,0.9999988707882203,0.9999988707882203,1.0,1.0,seed
Gemma4-E4B,5000,1,query_first,0.9955173751930256,0.9955173751930256,1.0,1.0,seed
Gemma4-E4B,5000,1,query_first,0.9975447523406661,0.9975447523406661,1.0,1.0,seed
Gemma4-E4B,5000,1,query_first,0.9960285857963643,0.9960285857963643,1.0,1.0,seed
Gemma4-E4B,5000,1,query_first,0.996198386036871,0.996198386036871,1.0,1.0,seed
Gemma4-E4B,5000,20,query_first,0.9999998434564151,0.9999968691329587,1.0,1.0,seed
Gemma4-E4B,5000,20,query_first,0.9994425709931404,0.9889102610208672,1.0,1.0,seed
Gemma4-E4B,5000,20,query_first,0.9992500667288147,0.9851077112790575,1.0,1.0,seed
Gemma4-E4B,5000,20,query_first,0.99939967496069,0.9880617273304986,1.0,1.0,seed
Gemma4-E4B,5000,20,query_first,0.9993846667558344,0.9877650108553417,1.0,1.0,seed
Gemma4-E4B,5000,2,query_first,0.9999992851407297,0.9999985702819704,1.0,1.0,seed
Gemma4-E4B,5000,2,query_first,0.9972304637611182,0.994468597853215,1.0,1.0,seed
Gemma4-E4B,5000,2,query_first,0.9981336058598059,0.9962706951466984,1.0,1.0,seed
Gemma4-E4B,5000,2,query_first,0.9974333990433871,0.9948733855272447,1.0,1.0,seed
Gemma4-E4B,5000,2,query_first,0.997504090966454,0.9950144114948117,1.0,1.0,seed
Gemma4-E4B,5000,30,query_first,0.9999998801913853,0.9999964057478031,1.0,0.0,seed
Gemma4-E4B,5000,30,query_first,0.999579774974253,0.987469765045731,1.0,1.0,seed
Gemma4-E4B,5000,30,query_first,0.9993613590708813,0.9810171392042943,1.0,1.0,seed
Gemma4-E4B,5000,30,query_first,0.9995352855907683,0.9861521039133275,1.0,1.0,seed
Gemma4-E4B,5000,30,query_first,0.9995192265487389,0.9856768939986267,1.0,1.0,seed
Gemma4-E4B,5000,3,query_first,0.9999994528916014,0.9999983586757022,1.0,1.0,seed
Gemma4-E4B,5000,3,query_first,0.9979110114376292,0.9937461168164474,1.0,1.0,seed
Gemma4-E4B,5000,3,query_first,0.9984103207510273,0.995238539476179,1.0,1.0,seed
Gemma4-E4B,5000,3,query_first,0.9980122988316381,0.9940487415093987,1.0,1.0,seed
Gemma4-E4B,5000,3,query_first,0.9980490883705563,0.9941586758549472,1.0,1.0,seed
Gemma4-E4B,5000,4,query_first,0.9999995474509674,0.9999981898050985,1.0,1.0,seed
Gemma4-E4B,5000,4,query_first,0.9982899996271879,0.993177523124095,1.0,1.0,seed
Gemma4-E4B,5000,4,query_first,0.9985814327216213,0.9943377934707546,1.0,1.0,seed
Gemma4-E4B,5000,4,query_first,0.9983421130995127,0.9933849257120558,1.0,1.0,seed
Gemma4-E4B,5000,4,query_first,0.998362074932879,0.9934643789529746,1.0,1.0,seed
Gemma4-E4B,5000,5,query_first,0.999999609388319,0.9999980469431208,1.0,1.0,seed
Gemma4-E4B,5000,5,query_first,0.9985360052787212,0.9927014278444929,1.0,1.0,seed
Gemma4-E4B,5000,5,query_first,0.9987013845846492,0.9935237650575556,1.0,1.0,seed
Gemma4-E4B,5000,5,query_first,0.9985598119241728,0.9928197711877641,1.0,1.0,seed
Gemma4-E4B,5000,5,query_first,0.9985698803125695,0.9928698247575475,1.0,1.0,seed
Gemma4-E4B,5000,6,query_first,0.999999653647408,0.9999979218862471,1.0,1.0,seed
Gemma4-E4B,5000,6,query_first,0.9987105282120813,0.9922880674952526,1.0,1.0,seed
Gemma4-E4B,5000,6,query_first,0.9987918323784735,0.9927728540673139,1.0,1.0,seed
Gemma4-E4B,5000,6,query_first,0.9987163151735964,0.9923225664769745,1.0,1.0,seed
Gemma4-E4B,5000,6,query_first,0.9987199665618344,0.9923443347489703,1.0,1.0,seed
Gemma4-E4B,5000,8,query_first,0.9999997135091957,0.9999977080758637,1.0,1.0,seed
Gemma4-E4B,5000,8,query_first,0.9989446199848182,0.9915880812920546,1.0,1.0,seed
Gemma4-E4B,5000,8,query_first,0.9989219230448023,0.99140785728298,1.0,1.0,seed
Gemma4-E4B,5000,8,query_first,0.9989294390835328,0.9914675348687034,1.0,1.0,seed
Gemma4-E4B,5000,8,query_first,0.9989254393942548,0.9914357768178066,1.0,1.0,seed
Gemma4-E4B,10000,10,query_last,0.9300679276317563,0.4843359263160778,1.0,1.0,seed
Gemma4-E4B,10000,10,query_last,0.9425305701865991,0.5532920764304216,1.0,1.0,seed
Gemma4-E4B,10000,10,query_last,0.9561006600226923,0.6383166605440266,0.0,0.0,seed
Gemma4-E4B,10000,10,query_last,0.9321959256727105,0.4955323414002915,1.0,1.0,seed
Gemma4-E4B,10000,10,query_last,0.9370629047188971,0.5220203807632227,0.0,0.0,seed
Gemma4-E4B,10000,1,query_last,0.7444031694315507,0.7444031694315507,1.0,1.0,seed
Gemma4-E4B,10000,1,query_last,0.7670984645678796,0.7670984645678796,1.0,1.0,seed
Gemma4-E4B,10000,1,query_last,0.8973450082406581,0.8973450082406581,1.0,1.0,seed
Gemma4-E4B,10000,1,query_last,0.7624366059256049,0.7624366059256049,1.0,1.0,seed
Gemma4-E4B,10000,1,query_last,0.785580214822321,0.785580214822321,1.0,1.0,seed
Gemma4-E4B,10000,20,query_last,0.9545628351338076,0.3945394469979528,1.0,1.0,seed
Gemma4-E4B,10000,20,query_last,0.9637559689850834,0.47790504708613085,0.0,0.0,seed
Gemma4-E4B,10000,20,query_last,0.9662933845793478,0.5037094814942642,0.0,0.0,seed
Gemma4-E4B,10000,20,query_last,0.955163927096352,0.3995381450163649,1.0,1.0,seed
Gemma4-E4B,10000,20,query_last,0.9578193337271922,0.4223494975795488,1.0,1.0,seed
Gemma4-E4B,10000,2,query_last,0.8214454395143123,0.6747726100988617,1.0,1.0,seed
Gemma4-E4B,10000,2,query_last,0.8422742102319873,0.709425845221918,1.0,1.0,seed
Gemma4-E4B,10000,2,query_last,0.9200389307851898,0.8464716341603553,1.0,1.0,seed
Gemma4-E4B,10000,2,query_last,0.8325814500840165,0.6931918710240037,0.0,0.0,seed
Gemma4-E4B,10000,2,query_last,0.8482021632943172,0.7194469098171595,1.0,1.0,seed
Gemma4-E4B,10000,30,query_last,0.9648504739780729,0.3418223344421608,1.0,1.0,seed
Gemma4-E4B,10000,30,query_last,0.9724347080919554,0.43232817336550594,0.0,0.0,seed
Gemma4-E4B,10000,30,query_last,0.9711543610366095,0.41557359196875876,0.0,0.0,seed
Gemma4-E4B,10000,30,query_last,0.9649416508931621,0.34279271429199243,1.0,1.0,seed
Gemma4-E4B,10000,30,query_last,0.9667408212256294,0.36249474905624784,1.0,1.0,seed
Gemma4-E4B,10000,3,query_last,0.8573693297546429,0.6302369053531677,1.0,1.0,seed
Gemma4-E4B,10000,3,query_last,0.8763087226988636,0.672932345672618,1.0,1.0,seed
Gemma4-E4B,10000,3,query_last,0.9310947924869324,0.8072010033899741,0.0,0.0,seed
Gemma4-E4B,10000,3,query_last,0.8653223523843188,0.6479384710209666,1.0,1.0,seed
Gemma4-E4B,10000,3,query_last,0.8773393050729468,0.6753093440550054,1.0,1.0,seed
Gemma4-E4B,10000,4,query_last,0.8790390066419947,0.5970800876028975,1.0,1.0,seed
Gemma4-E4B,10000,4,query_last,0.8964600144562387,0.6458381456892558,1.0,1.0,seed
Gemma4-E4B,10000,4,query_last,0.9380621978909274,0.7743308108625482,0.0,0.0,seed
Gemma4-E4B,10000,4,query_last,0.8851350688671341,0.613815980536432,1.0,1.0,seed
Gemma4-E4B,10000,4,query_last,0.8949801276715819,0.6415840652528673,1.0,1.0,seed
Gemma4-E4B,10000,5,query_last,0.8938365844285703,0.5705459554890738,1.0,1.0,seed
Gemma4-E4B,10000,5,query_last,0.9100353798187414,0.6241534630175718,1.0,1.0,seed
Gemma4-E4B,10000,5,query_last,0.9430074944692394,0.7457198805582164,0.0,0.0,seed
Gemma4-E4B,10000,5,query_last,0.8987098888093031,0.5862699062390906,1.0,1.0,seed
Gemma4-E4B,10000,5,query_last,0.9070834054970092,0.6140957749561565,1.0,1.0,seed
Gemma4-E4B,10000,6,query_last,0.9047195245241177,0.5483827396431409,1.0,1.0,seed
Gemma4-E4B,10000,6,query_last,0.9199139093233879,0.606014636332735,1.0,1.0,seed
Gemma4-E4B,10000,6,query_last,0.9467702394925871,0.7202239977360141,0.0,0.0,seed
Gemma4-E4B,10000,6,query_last,0.9087251341312937,0.5631125952065398,1.0,1.0,seed
Gemma4-E4B,10000,6,query_last,0.9160272962536038,0.5908136099637468,1.0,1.0,seed
Gemma4-E4B,10000,8,query_last,0.9198677114726637,0.5126287965275442,0.0,0.0,seed
Gemma4-E4B,10000,8,query_last,0.9335003111524892,0.5766545675774151,1.0,1.0,seed
Gemma4-E4B,10000,8,query_last,0.9522339233540732,0.6760038872915752,0.0,0.0,seed
Gemma4-E4B,10000,8,query_last,0.9227229894254368,0.5254975901037395,0.0,0.0,seed
Gemma4-E4B,10000,8,query_last,0.9285571731919536,0.5526742040996259,0.0,0.0,seed
Gemma4-E4B,2000,10,query_last,0.9746498885522459,0.7735464095394967,1.0,1.0,seed
Gemma4-E4B,2000,10,query_last,0.980533137812299,0.8215287290518002,1.0,1.0,seed
Gemma4-E4B,2000,10,query_last,0.9763175061121319,0.7868840930681328,1.0,1.0,seed
Gemma4-E4B,2000,10,query_last,0.9743645002113348,0.7712843616993549,1.0,1.0,seed
Gemma4-E4B,2000,10,query_last,0.9754134036629927,0.7796275752772919,1.0,1.0,seed
Gemma4-E4B,2000,1,query_last,0.8938365844285703,0.8938365844285703,1.0,1.0,seed
Gemma4-E4B,2000,1,query_last,0.9100353798187414,0.9100353798187414,1.0,1.0,seed
Gemma4-E4B,2000,1,query_last,0.9430074944692394,0.9430074944692394,1.0,1.0,seed
Gemma4-E4B,2000,1,query_last,0.8987098888093031,0.8987098888093031,1.0,1.0,seed
Gemma4-E4B,2000,1,query_last,0.9070834054970092,0.9070834054970092,1.0,1.0,seed
Gemma4-E4B,2000,20,query_last,0.9838011738140069,0.7213511491234484,1.0,1.0,seed
Gemma4-E4B,2000,20,query_last,0.9879030475560139,0.7839466408663683,1.0,1.0,seed
Gemma4-E4B,2000,20,query_last,0.9819050405719661,0.6940484511053746,1.0,1.0,seed
Gemma4-E4B,2000,20,query_last,0.9833041221224744,0.7140969786150628,1.0,1.0,seed
Gemma4-E4B,2000,20,query_last,0.9837414227904994,0.7204754313272091,0.0,0.0,seed
Gemma4-E4B,2000,2,query_last,0.9300679276317563,0.8650263500092298,1.0,1.0,seed
Gemma4-E4B,2000,2,query_last,0.9425305701865991,0.8883638757362757,1.0,1.0,seed
Gemma4-E4B,2000,2,query_last,0.9561006600226923,0.9141284720958279,1.0,1.0,seed
Gemma4-E4B,2000,2,query_last,0.9321959256727105,0.8689892438408016,1.0,1.0,seed
Gemma4-E4B,2000,2,query_last,0.9370629047188971,0.8780868874002168,1.0,1.0,seed
Gemma4-E4B,2000,30,query_last,0.987555131435284,0.6868161510114571,1.0,1.0,seed
Gemma4-E4B,2000,30,query_last,0.9908545665140134,0.7590973181631727,1.0,1.0,seed
Gemma4-E4B,2000,30,query_last,0.9845505892512121,0.6268174714826366,1.0,1.0,seed
Gemma4-E4B,2000,30,query_last,0.9870284514471159,0.6759119835285364,1.0,1.0,seed
Gemma4-E4B,2000,30,query_last,0.9872531830418114,0.6805441092380439,1.0,1.0,seed
Gemma4-E4B,2000,3,query_last,0.9455854234567102,0.8454779901608905,1.0,1.0,seed
Gemma4-E4B,2000,3,query_last,0.9560600705055559,0.8738875281419933,1.0,1.0,seed
Gemma4-E4B,2000,3,query_last,0.9623743366720708,0.8913168153431453,1.0,1.0,seed
Gemma4-E4B,2000,3,query_last,0.9467029611270511,0.8484792122373338,1.0,1.0,seed
Gemma4-E4B,2000,3,query_last,0.950146009583261,0.8577703817083674,1.0,1.0,seed
Gemma4-E4B,2000,4,query_last,0.9545628351338076,0.8302675919088637,1.0,1.0,seed
Gemma4-E4B,2000,4,query_last,0.9637559689850834,0.8627169353142409,1.0,1.0,seed
Gemma4-E4B,2000,4,query_last,0.9662933845793478,0.8718384634744172,0.0,0.0,seed
Gemma4-E4B,2000,4,query_last,0.955163927096352,0.832360859120344,1.0,1.0,seed
Gemma4-E4B,2000,4,query_last,0.9578193337271922,0.8416555593173816,1.0,1.0,seed
Gemma4-E4B,2000,5,query_last,0.9605361042170467,0.8176519331828207,1.0,1.0,seed
Gemma4-E4B,2000,5,query_last,0.9688149432738227,0.8535012162645121,1.0,1.0,seed
Gemma4-E4B,2000,5,query_last,0.969058967972301,0.8545766555187012,1.0,1.0,seed
Gemma4-E4B,2000,5,query_last,0.9608289378943182,0.8188990599541606,1.0,1.0,seed
Gemma4-E4B,2000,5,query_last,0.9629801101775796,0.8281072474386278,0.0,0.0,seed
Gemma4-E4B,2000,6,query_last,0.9648504739780729,0.8067892208486875,1.0,1.0,seed
Gemma4-E4B,2000,6,query_last,0.9724347080919554,0.8455955865823924,1.0,1.0,seed
Gemma4-E4B,2000,6,query_last,0.9711543610366095,0.838937463078885,1.0,1.0,seed
Gemma4-E4B,2000,6,query_last,0.9649416508931621,0.8072467711211594,1.0,1.0,seed
Gemma4-E4B,2000,6,query_last,0.9667408212256294,0.816319825305752,1.0,1.0,seed
Gemma4-E4B,2000,8,query_last,0.9707478289119595,0.7885902864864444,1.0,1.0,seed
Gemma4-E4B,2000,8,query_last,0.977330658521635,0.8324002101876047,1.0,1.0,seed
Gemma4-E4B,2000,8,query_last,0.9741834239951456,0.8111961583090717,1.0,1.0,seed
Gemma4-E4B,2000,8,query_last,0.97059713022199,0.7876114537191857,0.0,0.0,seed
Gemma4-E4B,2000,8,query_last,0.971935383222505,0.7963411224220385,1.0,1.0,seed
Gemma4-E4B,5000,10,query_last,0.9545628351338076,0.6281237513404129,1.0,1.0,seed
Gemma4-E4B,5000,10,query_last,0.9637559689850834,0.6913067677132424,1.0,1.0,seed
Gemma4-E4B,5000,10,query_last,0.9662933845793478,0.709724933685061,1.0,1.0,seed
Gemma4-E4B,5000,10,query_last,0.955163927096352,0.6320902981507982,0.0,0.0,seed
Gemma4-E4B,5000,10,query_last,0.9578193337271922,0.6498842185955501,1.0,1.0,seed
Gemma4-E4B,5000,1,query_last,0.8214454395143123,0.8214454395143123,1.0,1.0,seed
Gemma4-E4B,5000,1,query_last,0.8422742102319873,0.8422742102319873,1.0,1.0,seed
Gemma4-E4B,5000,1,query_last,0.9200389307851898,0.9200389307851898,1.0,1.0,seed
Gemma4-E4B,5000,1,query_last,0.8325814500840165,0.8325814500840165,1.0,1.0,seed
Gemma4-E4B,5000,1,query_last,0.8482021632943172,0.8482021632943172,1.0,1.0,seed
Gemma4-E4B,5000,20,query_last,0.9707478289119595,0.5522408874575538,0.0,0.0,seed
Gemma4-E4B,5000,20,query_last,0.977330658521635,0.6321650082645586,0.0,0.0,seed
Gemma4-E4B,5000,20,query_last,0.9741834239951456,0.5926724135784862,1.0,1.0,seed
Gemma4-E4B,5000,20,query_last,0.97059713022199,0.5505288185533039,0.0,0.0,seed
Gemma4-E4B,5000,20,query_last,0.971935383222505,0.5659106372551187,1.0,1.0,seed
Gemma4-E4B,5000,2,query_last,0.8790390066419947,0.7727095751981449,1.0,1.0,seed
Gemma4-E4B,5000,2,query_last,0.8964600144562387,0.8036405575188796,1.0,1.0,seed
Gemma4-E4B,5000,2,query_last,0.9380621978909274,0.8799606871119574,1.0,1.0,seed
Gemma4-E4B,5000,2,query_last,0.8851350688671341,0.7834640901384262,1.0,1.0,seed
Gemma4-E4B,5000,2,query_last,0.8949801276715819,0.800989428927041,1.0,1.0,seed
Gemma4-E4B,5000,30,query_last,0.9774574879734026,0.5045873265224214,0.0,0.0,seed
Gemma4-E4B,5000,30,query_last,0.9828168528641887,0.5945355774789461,1.0,0.0,seed
Gemma4-E4B,5000,30,query_last,0.9779325293230585,0.511996242682229,1.0,1.0,seed
Gemma4-E4B,5000,30,query_last,0.9770899509654899,0.49892630522176873,0.0,0.0,seed
Gemma4-E4B,5000,30,query_last,0.9779399973503551,0.512113552165821,1.0,0.0,seed
Gemma4-E4B,5000,3,query_last,0.9047195245241177,0.7405286892775599,1.0,1.0,seed
Gemma4-E4B,5000,3,query_last,0.9199139093233879,0.7784694190093372,1.0,1.0,seed
Gemma4-E4B,5000,3,query_last,0.9467702394925871,0.8486601190912733,1.0,1.0,seed
Gemma4-E4B,5000,3,query_last,0.9087251341312937,0.7504082856728994,1.0,1.0,seed
Gemma4-E4B,5000,3,query_last,0.9160272962536038,0.7686440073036065,1.0,1.0,seed
Gemma4-E4B,5000,4,query_last,0.9198677114726637,0.7159810029096751,1.0,1.0,seed
Gemma4-E4B,5000,4,query_last,0.9335003111524892,0.7593777502517539,0.0,0.0,seed
Gemma4-E4B,5000,4,query_last,0.9522339233540732,0.8221945556202469,0.0,1.0,seed
Gemma4-E4B,5000,4,query_last,0.9227229894254368,0.7249121257805938,1.0,1.0,seed
Gemma4-E4B,5000,4,query_last,0.9285571731919536,0.7434206104888577,0.0,0.0,seed
Gemma4-E4B,5000,5,query_last,0.9300679276317563,0.6959424734244044,1.0,1.0,seed
Gemma4-E4B,5000,5,query_last,0.9425305701865991,0.7438360548067172,0.0,0.0,seed
Gemma4-E4B,5000,5,query_last,0.9561006600226923,0.7989472201240997,0.0,0.0,seed
Gemma4-E4B,5000,5,query_last,0.9321959256727105,0.7039405808733373,1.0,1.0,seed
Gemma4-E4B,5000,5,query_last,0.9370629047188971,0.7225097790087154,0.0,0.0,seed
Gemma4-E4B,5000,6,query_last,0.9374964670354828,0.6789188056774829,1.0,1.0,seed
Gemma4-E4B,5000,6,query_last,0.9490407821466358,0.7306497699578893,0.0,0.0,seed
Gemma4-E4B,5000,6,query_last,0.9590365216242808,0.7780560367143956,0.0,0.0,seed
Gemma4-E4B,5000,6,query_last,0.9391244531537986,0.6860233434257855,1.0,1.0,seed
Gemma4-E4B,5000,6,query_last,0.9433014305110555,0.7045356251105241,0.0,0.0,seed
Gemma4-E4B,5000,8,query_last,0.9477346453410738,0.650869702161437,1.0,1.0,seed
Gemma4-E4B,5000,8,query_last,0.957911959103587,0.7089322971069729,1.0,1.0,seed
Gemma4-E4B,5000,8,query_last,0.963289970988159,0.7414063651613428,0.0,0.0,seed
Gemma4-E4B,5000,8,query_last,0.9487233521343457,0.6563216408208631,1.0,1.0,seed
Gemma4-E4B,5000,8,query_last,0.9519749960186585,0.6745347575827253,0.0,0.0,seed
Gemma4-12B,10000,10,query_first,0.9999996948193023,0.999996948197214,1.0,1.0,seed
Gemma4-12B,10000,10,query_first,0.9999996934500259,0.999996934504488,1.0,1.0,seed
Gemma4-12B,10000,10,query_first,0.9999997110100654,0.9999971101044117,1.0,1.0,seed
Gemma4-12B,10000,10,query_first,0.9999997023583733,0.9999970235877198,1.0,1.0,seed
Gemma4-12B,10000,10,query_first,0.9999997312805537,0.9999973128087869,1.0,1.0,seed
Gemma4-12B,10000,1,query_first,0.9999995250651108,0.9999995250651108,1.0,1.0,seed
Gemma4-12B,10000,1,query_first,0.9999995215154851,0.9999995215154851,1.0,1.0,seed
Gemma4-12B,10000,1,query_first,0.9999996178063046,0.9999996178063046,1.0,1.0,seed
Gemma4-12B,10000,1,query_first,0.99999958087917,0.99999958087917,1.0,1.0,seed
Gemma4-12B,10000,1,query_first,0.9999996966593622,0.9999996966593622,1.0,1.0,seed
Gemma4-12B,10000,20,query_first,0.9999997328617273,0.9999946572481044,1.0,1.0,seed
Gemma4-12B,10000,20,query_first,0.9999997319028916,0.9999946380714884,1.0,1.0,seed
Gemma4-12B,10000,20,query_first,0.9999997343331102,0.9999946866756135,1.0,1.0,seed
Gemma4-12B,10000,20,query_first,0.9999997314983929,0.9999946299815565,1.0,1.0,seed
Gemma4-12B,10000,20,query_first,0.9999997409071458,0.999994818155671,1.0,1.0,seed
Gemma4-12B,10000,2,query_first,0.9999995842683053,0.9999991685367834,1.0,1.0,seed
Gemma4-12B,10000,2,query_first,0.9999995815353823,0.9999991630709396,1.0,1.0,seed
Gemma4-12B,10000,2,query_first,0.9999996486513922,0.9999992973029079,1.0,1.0,seed
Gemma4-12B,10000,2,query_first,0.9999996219123686,0.9999992438248801,1.0,1.0,seed
Gemma4-12B,10000,2,query_first,0.9999997075262217,0.9999994150525289,1.0,1.0,seed
Gemma4-12B,10000,30,query_first,0.9999997528770803,0.9999925863389748,1.0,1.0,seed
Gemma4-12B,10000,30,query_first,0.999999752119732,0.999992563618689,1.0,1.0,seed
Gemma4-12B,10000,30,query_first,0.9999997470936057,0.9999924128359952,1.0,1.0,seed
Gemma4-12B,10000,30,query_first,0.9999997472031257,0.9999924161215695,1.0,1.0,seed
Gemma4-12B,10000,30,query_first,0.9999997463776701,0.9999923913580835,1.0,1.0,seed
Gemma4-12B,10000,3,query_first,0.9999996154170263,0.9999988462515227,1.0,1.0,seed
Gemma4-12B,10000,3,query_first,0.9999996130912292,0.9999988392741367,1.0,1.0,seed
Gemma4-12B,10000,3,query_first,0.9999996655273453,0.9999989965823716,1.0,1.0,seed
Gemma4-12B,10000,3,query_first,0.9999996440268152,0.9999989320808257,1.0,1.0,seed
Gemma4-12B,10000,3,query_first,0.9999997137015555,0.9999991411049124,1.0,1.0,seed
Gemma4-12B,10000,4,query_first,0.999999636091505,0.9999985443668146,1.0,1.0,seed
Gemma4-12B,10000,4,query_first,0.9999996340265371,0.9999985361069521,1.0,1.0,seed
Gemma4-12B,10000,4,query_first,0.9999996770071162,0.9999987080290909,1.0,1.0,seed
Gemma4-12B,10000,4,query_first,0.999999658928294,0.999998635713874,1.0,1.0,seed
Gemma4-12B,10000,4,query_first,0.9999997180037874,0.9999988720156268,1.0,1.0,seed
Gemma4-12B,10000,5,query_first,0.9999996513593622,0.9999982567980265,1.0,1.0,seed
Gemma4-12B,10000,5,query_first,0.9999996494819113,0.9999982474107854,1.0,1.0,seed
Gemma4-12B,10000,5,query_first,0.9999996856394784,0.9999984281983801,1.0,1.0,seed
Gemma4-12B,10000,5,query_first,0.9999996700558379,0.9999983502802782,1.0,1.0,seed
Gemma4-12B,10000,5,query_first,0.9999997212962861,0.9999986064822073,1.0,1.0,seed
Gemma4-12B,10000,6,query_first,0.9999996633573712,0.9999979801459273,1.0,1.0,seed
Gemma4-12B,10000,6,query_first,0.9999996616240986,0.9999979697463091,1.0,1.0,seed
Gemma4-12B,10000,6,query_first,0.9999996925210894,0.9999981551279549,1.0,1.0,seed
Gemma4-12B,10000,6,query_first,0.99999967887767,0.9999980732675671,1.0,1.0,seed
Gemma4-12B,10000,6,query_first,0.9999997239578964,0.9999983437485213,1.0,1.0,seed
Gemma4-12B,10000,8,query_first,0.9999996814546654,0.9999974516401647,1.0,1.0,seed
Gemma4-12B,10000,8,query_first,0.9999996799333347,0.9999974394695461,1.0,1.0,seed
Gemma4-12B,10000,8,query_first,0.999999703074381,0.9999976245975167,1.0,1.0,seed
Gemma4-12B,10000,8,query_first,0.9999996923202493,0.9999975385646452,1.0,1.0,seed
Gemma4-12B,10000,8,query_first,0.9999997281060056,0.9999978248501145,1.0,1.0,seed
Gemma4-12B,2000,10,query_first,0.9999997759726844,0.9999977597291025,1.0,1.0,seed
Gemma4-12B,2000,10,query_first,0.9999997754340995,0.9999977543432639,1.0,1.0,seed
Gemma4-12B,2000,10,query_first,0.9999997623010893,0.9999976230134359,1.0,1.0,seed
Gemma4-12B,2000,10,query_first,0.9999997656878218,0.9999976568806884,1.0,1.0,seed
Gemma4-12B,2000,10,query_first,0.9999997531055912,0.999997531058655,1.0,1.0,seed
Gemma4-12B,2000,1,query_first,0.9999996513593622,0.9999996513593622,1.0,1.0,seed
Gemma4-12B,2000,1,query_first,0.9999996494819113,0.9999996494819113,1.0,1.0,seed
Gemma4-12B,2000,1,query_first,0.9999996856394784,0.9999996856394784,1.0,1.0,seed
Gemma4-12B,2000,1,query_first,0.9999996700558379,0.9999996700558379,1.0,1.0,seed
Gemma4-12B,2000,1,query_first,0.9999997212962861,0.9999997212962861,1.0,1.0,seed
Gemma4-12B,2000,20,query_first,0.9999998038989033,0.9999960779853727,1.0,1.0,seed
Gemma4-12B,2000,20,query_first,0.9999998036030889,0.9999960720691072,1.0,1.0,seed
Gemma4-12B,2000,20,query_first,0.9999997814846728,0.999995629702529,1.0,1.0,seed
Gemma4-12B,2000,20,query_first,0.9999997886276975,0.9999957725624379,1.0,1.0,seed
Gemma4-12B,2000,20,query_first,0.9999997619503243,0.9999952390172518,1.0,1.0,seed
Gemma4-12B,2000,2,query_first,0.9999996948193023,0.9999993896386977,1.0,1.0,seed
Gemma4-12B,2000,2,query_first,0.9999996934500259,0.9999993869001458,1.0,1.0,seed
Gemma4-12B,2000,2,query_first,0.9999997110100654,0.9999994220202142,1.0,1.0,seed
Gemma4-12B,2000,2,query_first,0.9999997023583733,0.9999994047168352,1.0,1.0,seed
Gemma4-12B,2000,2,query_first,0.9999997312805537,0.9999994625611797,1.0,1.0,seed
Gemma4-12B,2000,30,query_first,0.9999998185917922,0.9999945577680817,1.0,1.0,seed
Gemma4-12B,2000,30,query_first,0.9999998184131155,0.9999945524078077,1.0,1.0,seed
Gemma4-12B,2000,30,query_first,0.999999791980388,0.999993759430464,1.0,1.0,seed
Gemma4-12B,2000,30,query_first,0.999999800990922,0.9999940297448882,1.0,1.0,seed
Gemma4-12B,2000,30,query_first,0.9999997669765398,0.9999930093198146,1.0,1.0,seed
Gemma4-12B,2000,3,query_first,0.9999997176849857,0.9999991530551964,1.0,1.0,seed
Gemma4-12B,2000,3,query_first,0.9999997165665444,0.9999991496998742,1.0,1.0,seed
Gemma4-12B,2000,3,query_first,0.9999997248908119,0.9999991746726627,1.0,1.0,seed
Gemma4-12B,2000,3,query_first,0.9999997197675129,0.9999991593027743,1.0,1.0,seed
Gemma4-12B,2000,3,query_first,0.9999997369543353,0.9999992108632135,1.0,1.0,seed
Gemma4-12B,2000,4,query_first,0.9999997328617273,0.9999989314473373,1.0,1.0,seed
Gemma4-12B,2000,4,query_first,0.9999997319028916,0.9999989276119976,1.0,1.0,seed
Gemma4-12B,2000,4,query_first,0.9999997343331102,0.9999989373328642,1.0,1.0,seed
Gemma4-12B,2000,4,query_first,0.9999997314983929,0.9999989259940043,1.0,1.0,seed
Gemma4-12B,2000,4,query_first,0.9999997409071458,0.9999989636289861,1.0,1.0,seed
Gemma4-12B,2000,5,query_first,0.9999997440695705,0.9999987203485075,1.0,1.0,seed
Gemma4-12B,2000,5,query_first,0.9999997432248644,0.9999987161249814,1.0,1.0,seed
Gemma4-12B,2000,5,query_first,0.9999997414333686,0.9999987071675114,1.0,1.0,seed
Gemma4-12B,2000,5,query_first,0.9999997402583212,0.9999987012922805,1.0,1.0,seed
Gemma4-12B,2000,5,query_first,0.9999997439322322,0.9999987196618169,1.0,1.0,seed
Gemma4-12B,2000,6,query_first,0.9999997528770803,0.999998517263398,1.0,1.0,seed
Gemma4-12B,2000,6,query_first,0.999999752119732,0.9999985127193138,1.0,1.0,seed
Gemma4-12B,2000,6,query_first,0.9999997470936057,0.9999984825625938,1.0,1.0,seed
Gemma4-12B,2000,6,query_first,0.9999997472031257,0.9999984832197126,1.0,1.0,seed
Gemma4-12B,2000,6,query_first,0.9999997463776701,0.9999984782669854,1.0,1.0,seed
Gemma4-12B,2000,8,query_first,0.9999997661619592,0.9999981292972044,1.0,1.0,seed
Gemma4-12B,2000,8,query_first,0.9999997655323266,0.9999981242601522,1.0,1.0,seed
Gemma4-12B,2000,8,query_first,0.9999997557738599,0.9999980461925494,1.0,1.0,seed
Gemma4-12B,2000,8,query_first,0.9999997577855171,0.9999980622857794,1.0,1.0,seed
Gemma4-12B,2000,8,query_first,0.9999997501888753,0.99999800151275,1.0,1.0,seed
Gemma4-12B,5000,10,query_first,0.9999997328617273,0.9999973286204841,1.0,1.0,seed
Gemma4-12B,5000,10,query_first,0.9999997319028916,0.9999973190321504,1.0,1.0,seed
Gemma4-12B,5000,10,query_first,0.9999997343331102,0.9999973433342778,1.0,1.0,seed
Gemma4-12B,5000,10,query_first,0.9999997314983929,0.9999973149871736,1.0,1.0,seed
Gemma4-12B,5000,10,query_first,0.9999997409071458,0.9999974090744791,1.0,1.0,seed
Gemma4-12B,5000,1,query_first,0.9999995842683053,0.9999995842683053,1.0,1.0,seed
Gemma4-12B,5000,1,query_first,0.9999995815353823,0.9999995815353823,1.0,1.0,seed
Gemma4-12B,5000,1,query_first,0.9999996486513922,0.9999996486513922,1.0,1.0,seed
Gemma4-12B,5000,1,query_first,0.9999996219123686,0.9999996219123686,1.0,1.0,seed
Gemma4-12B,5000,1,query_first,0.9999997075262217,0.9999997075262217,1.0,1.0,seed
Gemma4-12B,5000,20,query_first,0.9999997661619592,0.9999953232495729,1.0,1.0,seed
Gemma4-12B,5000,20,query_first,0.9999997655323266,0.9999953106569774,1.0,1.0,seed
Gemma4-12B,5000,20,query_first,0.9999997557738599,0.999995115488531,1.0,1.0,seed
Gemma4-12B,5000,20,query_first,0.9999997577855171,0.9999951557214886,1.0,1.0,seed
Gemma4-12B,5000,20,query_first,0.9999997501888753,0.9999950037893636,1.0,1.0,seed
Gemma4-12B,5000,2,query_first,0.999999636091505,0.9999992721831424,1.0,1.0,seed
Gemma4-12B,5000,2,query_first,0.9999996340265371,0.9999992680532082,1.0,1.0,seed
Gemma4-12B,5000,2,query_first,0.9999996770071162,0.9999993540143368,1.0,1.0,seed
Gemma4-12B,5000,2,query_first,0.999999658928294,0.9999993178567044,1.0,1.0,seed
Gemma4-12B,5000,2,query_first,0.9999997180037874,0.9999994360076543,1.0,1.0,seed
Gemma4-12B,5000,30,query_first,0.9999997836822908,0.9999935104890794,1.0,1.0,seed
Gemma4-12B,5000,30,query_first,0.9999997832132174,0.9999934964169643,1.0,1.0,seed
Gemma4-12B,5000,30,query_first,0.9999997675045148,0.9999930251589576,1.0,1.0,seed
Gemma4-12B,5000,30,query_first,0.9999997719527087,0.9999931586038842,1.0,1.0,seed
Gemma4-12B,5000,30,query_first,0.999999755463424,0.9999926639287324,1.0,1.0,seed
Gemma4-12B,5000,3,query_first,0.9999996633573712,0.9999989900724536,1.0,1.0,seed
Gemma4-12B,5000,3,query_first,0.9999996616240986,0.9999989848726393,1.0,1.0,seed
Gemma4-12B,5000,3,query_first,0.9999996925210894,0.999999077563552,1.0,1.0,seed
Gemma4-12B,5000,3,query_first,0.99999967887767,0.9999990366333195,1.0,1.0,seed
Gemma4-12B,5000,3,query_first,0.9999997239578964,0.9999991718739177,1.0,1.0,seed
Gemma4-12B,5000,4,query_first,0.9999996814546654,0.9999987258192706,1.0,1.0,seed
Gemma4-12B,5000,4,query_first,0.9999996799333347,0.9999987197339535,1.0,1.0,seed
Gemma4-12B,5000,4,query_first,0.999999703074381,0.9999988122980531,1.0,1.0,seed
Gemma4-12B,5000,4,query_first,0.9999996923202493,0.9999987692815653,1.0,1.0,seed
Gemma4-12B,5000,4,query_first,0.9999997281060056,0.9999989124244658,1.0,1.0,seed
Gemma4-12B,5000,5,query_first,0.9999996948193023,0.9999984740974428,1.0,1.0,seed
Gemma4-12B,5000,5,query_first,0.9999996934500259,0.9999984672510693,1.0,1.0,seed
Gemma4-12B,5000,5,query_first,0.9999997110100654,0.9999985550511619,1.0,1.0,seed
Gemma4-12B,5000,5,query_first,0.9999997023583733,0.9999985117927526,1.0,1.0,seed
Gemma4-12B,5000,5,query_first,0.9999997312805537,0.9999986564034908,1.0,1.0,seed
Gemma4-12B,5000,6,query_first,0.9999997053216949,0.999998231931472,1.0,1.0,seed
Gemma4-12B,5000,6,query_first,0.9999997040691283,0.9999982244160834,1.0,1.0,seed
Gemma4-12B,5000,6,query_first,0.9999997173362936,0.9999983040189598,1.0,1.0,seed
Gemma4-12B,5000,6,query_first,0.9999997103165215,0.9999982619003875,1.0,1.0,seed
Gemma4-12B,5000,6,query_first,0.9999997338468147,0.999998403081951,1.0,1.0,seed
Gemma4-12B,5000,8,query_first,0.9999997211630642,0.9999977693066909,1.0,1.0,seed
Gemma4-12B,5000,8,query_first,0.9999997200816999,0.9999977606557932,1.0,1.0,seed
Gemma4-12B,5000,8,query_first,0.9999997270378781,0.999997816305111,1.0,1.0,seed
Gemma4-12B,5000,8,query_first,0.9999997224430317,0.9999977795464107,1.0,1.0,seed
Gemma4-12B,5000,8,query_first,0.9999997378463222,0.9999979027725021,1.0,1.0,seed
Gemma4-12B,10000,10,query_last,0.9442589204259556,0.5635221134018763,0.0,0.0,seed
Gemma4-12B,10000,10,query_last,0.9386665191237714,0.5310229302337888,1.0,1.0,seed
Gemma4-12B,10000,10,query_last,0.9391433869155603,0.5337268450013356,0.0,0.0,seed
Gemma4-12B,10000,10,query_last,0.9270435252098658,0.46881473140350133,1.0,1.0,seed
Gemma4-12B,10000,10,query_last,0.9556239030083942,0.635140844510541,0.0,0.0,seed
Gemma4-12B,10000,1,query_last,0.9158621381035504,0.9158621381035504,1.0,1.0,seed
Gemma4-12B,10000,1,query_last,0.9074501458189048,0.9074501458189048,1.0,1.0,seed
Gemma4-12B,10000,1,query_last,0.9210654381573835,0.9210654381573835,1.0,1.0,seed
Gemma4-12B,10000,1,query_last,0.9002376818218242,0.9002376818218242,1.0,1.0,seed
Gemma4-12B,10000,1,query_last,0.950191359331698,0.950191359331698,1.0,1.0,seed
Gemma4-12B,10000,20,query_last,0.9508659449157398,0.36507817431326617,0.0,0.0,seed
Gemma4-12B,10000,20,query_last,0.9459441605858969,0.32908645856676,0.0,0.0,seed
Gemma4-12B,10000,20,query_last,0.9437787162898215,0.31434284662338235,0.0,0.0,seed
Gemma4-12B,10000,20,query_last,0.9337127200676218,0.253667895411941,1.0,1.0,seed
Gemma4-12B,10000,20,query_last,0.9571455035262869,0.41644655052590657,0.0,0.0,seed
Gemma4-12B,10000,2,query_last,0.9255697379376797,0.8566793397860251,1.0,1.0,seed
Gemma4-12B,10000,2,query_last,0.9181086773235245,0.8429235433767517,1.0,1.0,seed
Gemma4-12B,10000,2,query_last,0.9269706547349571,0.8592745947397551,1.0,1.0,seed
Gemma4-12B,10000,2,query_last,0.9091170615892993,0.8264938316727618,1.0,1.0,seed
Gemma4-12B,10000,2,query_last,0.951889857060863,0.9060942999753503,1.0,1.0,seed
Gemma4-12B,10000,30,query_last,0.9543793716564958,0.2463946719504433,0.0,0.0,seed
Gemma4-12B,10000,30,query_last,0.9498158748927038,0.21339425276161486,0.0,0.0,seed
Gemma4-12B,10000,30,query_last,0.9463342141344335,0.19113325714999466,0.0,0.0,seed
Gemma4-12B,10000,30,query_last,0.9373469662204214,0.14355269267986537,0.0,0.0,seed
Gemma4-12B,10000,30,query_last,0.9580123478843575,0.27614246859964814,0.0,0.0,seed
Gemma4-12B,10000,3,query_last,0.9307603031383521,0.8063313717823892,1.0,1.0,seed
Gemma4-12B,10000,3,query_last,0.9238135172359276,0.7884114768669556,1.0,1.0,seed
Gemma4-12B,10000,3,query_last,0.9302336743402281,0.8049634671676646,1.0,1.0,seed
Gemma4-12B,10000,3,query_last,0.9139755447131349,0.763490656093391,1.0,1.0,seed
Gemma4-12B,10000,3,query_last,0.9528577745843475,0.865135723621599,1.0,1.0,seed
Gemma4-12B,10000,4,query_last,0.934237723818894,0.761780057512787,1.0,1.0,seed
Gemma4-12B,10000,4,query_last,0.9276375993093804,0.7404800685705121,1.0,1.0,seed
Gemma4-12B,10000,4,query_last,0.9324664846021162,0.7560193724310579,1.0,1.0,seed
Gemma4-12B,10000,4,query_last,0.9172787494770319,0.7079544719787784,1.0,1.0,seed
Gemma4-12B,10000,4,query_last,0.9535332676415754,0.8266913599006868,1.0,1.0,seed
Gemma4-12B,10000,5,query_last,0.936822483601095,0.7215833871128923,0.0,0.0,seed
Gemma4-12B,10000,5,query_last,0.9304810820622562,0.6974896038849149,1.0,1.0,seed
Gemma4-12B,10000,5,query_last,0.9341525483959405,0.7113593014392702,1.0,1.0,seed
Gemma4-12B,10000,5,query_last,0.9197610013613505,0.6582258831628822,1.0,1.0,seed
Gemma4-12B,10000,5,query_last,0.9540508698386176,0.7904195240547165,1.0,1.0,seed
Gemma4-12B,10000,6,query_last,0.9388637347105382,0.6848814190703146,1.0,1.0,seed
Gemma4-12B,10000,6,query_last,0.9327272608177426,0.6584579119039917,1.0,1.0,seed
Gemma4-12B,10000,6,query_last,0.9355010314532825,0.6702944508911388,1.0,1.0,seed
Gemma4-12B,10000,6,query_last,0.921738479536567,0.6132623591701022,1.0,1.0,seed
Gemma4-12B,10000,6,query_last,0.9544697032165035,0.7560889402309174,1.0,1.0,seed
Gemma4-12B,10000,8,query_last,0.9419595556687472,0.6198092442214923,1.0,1.0,seed
Gemma4-12B,10000,8,query_last,0.9361348596930928,0.5898034954511524,0.0,0.0,seed
Gemma4-12B,10000,8,query_last,0.9375765769426048,0.5971095155922603,1.0,1.0,seed
Gemma4-12B,10000,8,query_last,0.9247681358932255,0.5348880029276685,1.0,0.0,seed
Gemma4-12B,10000,8,query_last,0.9551231870219004,0.6925882297928807,0.0,0.0,seed
Gemma4-12B,2000,10,query_last,0.9584658982140696,0.6542845344710213,1.0,1.0,seed
Gemma4-12B,2000,10,query_last,0.9543203304665077,0.6265298392822665,1.0,1.0,seed
Gemma4-12B,2000,10,query_last,0.9493978941957114,0.5949529756722337,1.0,1.0,seed
Gemma4-12B,2000,10,query_last,0.9416609388180343,0.5482082381485067,1.0,1.0,seed
Gemma4-12B,2000,10,query_last,0.9590805912365089,0.6584927887616205,1.0,1.0,seed
Gemma4-12B,2000,1,query_last,0.936822483601095,0.936822483601095,1.0,1.0,seed
Gemma4-12B,2000,1,query_last,0.9304810820622562,0.9304810820622562,1.0,1.0,seed
Gemma4-12B,2000,1,query_last,0.9341525483959405,0.9341525483959405,1.0,1.0,seed
Gemma4-12B,2000,1,query_last,0.9197610013613505,0.9197610013613505,1.0,1.0,seed
Gemma4-12B,2000,1,query_last,0.9540508698386176,0.9540508698386176,1.0,1.0,seed
Gemma4-12B,2000,20,query_last,0.9634541356288602,0.4749204883155827,1.0,1.0,seed
Gemma4-12B,2000,20,query_last,0.9598200470830033,0.440348305888274,1.0,1.0,seed
Gemma4-12B,2000,20,query_last,0.9532910046646433,0.3841580162178477,1.0,1.0,seed
Gemma4-12B,2000,20,query_last,0.94707019932817,0.33701049438737285,1.0,1.0,seed
Gemma4-12B,2000,20,query_last,0.9604885668459274,0.4465231628156962,1.0,1.0,seed
Gemma4-12B,2000,2,query_last,0.9442589204259556,0.8916249088039911,1.0,1.0,seed
Gemma4-12B,2000,2,query_last,0.9386665191237714,0.8810948341239375,1.0,1.0,seed
Gemma4-12B,2000,2,query_last,0.9391433869155603,0.8819903011872299,1.0,1.0,seed
Gemma4-12B,2000,2,query_last,0.9270435252098658,0.859409697633535,1.0,1.0,seed
Gemma4-12B,2000,2,query_last,0.9556239030083942,0.9132170440009968,1.0,1.0,seed
Gemma4-12B,2000,30,query_last,0.9660995112736921,0.3553496338761871,1.0,1.0,seed
Gemma4-12B,2000,30,query_last,0.9627370601677759,0.320059486216465,1.0,1.0,seed
Gemma4-12B,2000,30,query_last,0.9554345451237206,0.25469955921463044,1.0,1.0,seed
Gemma4-12B,2000,30,query_last,0.9500113197148795,0.21471550297783257,1.0,1.0,seed
Gemma4-12B,2000,30,query_last,0.9612905238177348,0.3059425165781432,1.0,1.0,seed
Gemma4-12B,2000,3,query_last,0.948219067453256,0.8525621588851677,1.0,1.0,seed
Gemma4-12B,2000,3,query_last,0.9430280957678936,0.8386367616336668,1.0,1.0,seed
Gemma4-12B,2000,3,query_last,0.9418966089146514,0.8356216816268559,1.0,1.0,seed
Gemma4-12B,2000,3,query_last,0.9310164005254824,0.8069971377588608,1.0,1.0,seed
Gemma4-12B,2000,3,query_last,0.9565201275634158,0.8751496819428379,1.0,1.0,seed
Gemma4-12B,2000,4,query_last,0.9508659449157398,0.8174800710517096,1.0,1.0,seed
Gemma4-12B,2000,4,query_last,0.9459441605858969,0.8006855713195836,1.0,1.0,seed
Gemma4-12B,2000,4,query_last,0.9437787162898215,0.793379028177633,1.0,1.0,seed
Gemma4-12B,2000,4,query_last,0.9337127200676218,0.7600691422670464,1.0,1.0,seed
Gemma4-12B,2000,4,query_last,0.9571455035262869,0.8392896235945746,1.0,1.0,seed
Gemma4-12B,2000,5,query_last,0.9528301378274402,0.7853756401271244,1.0,1.0,seed
Gemma4-12B,2000,5,query_last,0.9481085268313578,0.766108466954725,1.0,1.0,seed
Gemma4-12B,2000,5,query_last,0.9451989533210753,0.75442515400209,1.0,1.0,seed
Gemma4-12B,2000,5,query_last,0.9357363797506685,0.717410241091389,1.0,1.0,seed
Gemma4-12B,2000,5,query_last,0.957624656472019,0.8053350440434002,1.0,1.0,seed
Gemma4-12B,2000,6,query_last,0.9543793716564958,0.7556597016555133,1.0,1.0,seed
Gemma4-12B,2000,6,query_last,0.9498158748927038,0.7342374697306684,1.0,1.0,seed
Gemma4-12B,2000,6,query_last,0.9463342141344335,0.7182361368781341,1.0,1.0,seed
Gemma4-12B,2000,6,query_last,0.9373469662204214,0.6782694690941092,1.0,1.0,seed
Gemma4-12B,2000,6,query_last,0.9580123478843575,0.773083920833172,1.0,1.0,seed
Gemma4-12B,2000,8,query_last,0.9567257248647281,0.7019393884302537,1.0,1.0,seed
Gemma4-12B,2000,8,query_last,0.952402048140523,0.6769593102273661,1.0,1.0,seed
Gemma4-12B,2000,8,query_last,0.9480805004283239,0.6527722965281582,1.0,1.0,seed
Gemma4-12B,2000,8,query_last,0.939811843214235,0.6085934984456814,1.0,1.0,seed
Gemma4-12B,2000,8,query_last,0.9586171896359916,0.7131184929068665,1.0,1.0,seed
Gemma4-12B,5000,10,query_last,0.9508659449157398,0.6042169927379287,1.0,1.0,seed
Gemma4-12B,5000,10,query_last,0.9459441605858969,0.5736605778391609,1.0,1.0,seed
Gemma4-12B,5000,10,query_last,0.9437787162898215,0.5606628636028806,1.0,1.0,seed
Gemma4-12B,5000,10,query_last,0.9337127200676218,0.5036545397511483,1.0,1.0,seed
Gemma4-12B,5000,10,query_last,0.9571455035262869,0.6453267006144303,0.0,0.0,seed
Gemma4-12B,5000,1,query_last,0.9255697379376797,0.9255697379376797,1.0,1.0,seed
Gemma4-12B,5000,1,query_last,0.9181086773235245,0.9181086773235245,1.0,1.0,seed
Gemma4-12B,5000,1,query_last,0.9269706547349571,0.9269706547349571,1.0,1.0,seed
Gemma4-12B,5000,1,query_last,0.9091170615892993,0.9091170615892993,1.0,1.0,seed
Gemma4-12B,5000,1,query_last,0.951889857060863,0.951889857060863,1.0,1.0,seed
Gemma4-12B,5000,20,query_last,0.9567257248647281,0.4128088814612474,0.0,0.0,seed
Gemma4-12B,5000,20,query_last,0.952402048140523,0.37705648418061805,0.0,0.0,seed
Gemma4-12B,5000,20,query_last,0.9480805004283239,0.34427404876811285,1.0,0.0,seed
Gemma4-12B,5000,20,query_last,0.939811843214235,0.28894705424730094,1.0,1.0,seed
Gemma4-12B,5000,20,query_last,0.9586171896359916,0.4294417335346863,0.0,0.0,seed
Gemma4-12B,5000,2,query_last,0.934237723818894,0.8728001246063081,1.0,1.0,seed
Gemma4-12B,5000,2,query_last,0.9276375993093804,0.8605115156524705,1.0,1.0,seed
Gemma4-12B,5000,2,query_last,0.9324664846021162,0.8694937449062287,1.0,1.0,seed
Gemma4-12B,5000,2,query_last,0.9172787494770319,0.8414003042421475,1.0,1.0,seed
Gemma4-12B,5000,2,query_last,0.9535332676415754,0.9092256924992203,1.0,1.0,seed
Gemma4-12B,5000,30,query_last,0.9598378347073155,0.29237211281259246,0.0,0.0,seed
Gemma4-12B,5000,30,query_last,0.9558328170544873,0.25790402395349676,0.0,0.0,seed
Gemma4-12B,5000,30,query_last,0.9504507295266595,0.2177149494519903,0.0,0.0,seed
Gemma4-12B,5000,30,query_last,0.9431320667040096,0.17265348002315237,1.0,1.0,seed
Gemma4-12B,5000,30,query_last,0.9594555262862747,0.2888986148619324,0.0,0.0,seed
Gemma4-12B,5000,3,query_last,0.9388637347105382,0.8275756274023025,1.0,1.0,seed
Gemma4-12B,5000,3,query_last,0.9327272608177426,0.8114541958139053,1.0,1.0,seed
Gemma4-12B,5000,3,query_last,0.9355010314532825,0.8187151219387234,1.0,1.0,seed
Gemma4-12B,5000,3,query_last,0.921738479536567,0.7831106940721102,1.0,1.0,seed
Gemma4-12B,5000,3,query_last,0.9544697032165035,0.8695337487590217,1.0,1.0,seed
Gemma4-12B,5000,4,query_last,0.9419595556687472,0.7872796480422266,1.0,1.0,seed
Gemma4-12B,5000,4,query_last,0.9361348596930928,0.7679866505683236,1.0,1.0,seed
Gemma4-12B,5000,4,query_last,0.9375765769426048,0.7727286170398119,1.0,1.0,seed
Gemma4-12B,5000,4,query_last,0.9247681358932255,0.7313603782867024,1.0,1.0,seed
Gemma4-12B,5000,4,query_last,0.9551231870219004,0.8322188593109873,0.0,0.0,seed
Gemma4-12B,5000,5,query_last,0.9442589204259556,0.7506810996700772,1.0,1.0,seed
Gemma4-12B,5000,5,query_last,0.9386665191237714,0.7287132016327059,1.0,1.0,seed
Gemma4-12B,5000,5,query_last,0.9391433869155603,0.7305661126834009,1.0,1.0,seed
Gemma4-12B,5000,5,query_last,0.9270435252098658,0.6847004683827091,1.0,0.0,seed
Gemma4-12B,5000,5,query_last,0.9556239030083942,0.796957241331391,0.0,0.0,seed
Gemma4-12B,5000,6,query_last,0.946073732587776,0.7170507719405754,1.0,1.0,seed
Gemma4-12B,5000,6,query_last,0.9406650887406096,0.6928036341405681,1.0,1.0,seed
Gemma4-12B,5000,6,query_last,0.940396184445985,0.6916161884605876,1.0,1.0,seed
Gemma4-12B,5000,6,query_last,0.9288554094032503,0.6422271893590711,1.0,1.0,seed
Gemma4-12B,5000,6,query_last,0.9560290587870272,0.7635307950892722,0.0,0.0,seed
Gemma4-12B,5000,8,query_last,0.9488243542538028,0.6568808308726525,1.0,1.0,seed
Gemma4-12B,5000,8,query_last,0.943694880872276,0.6290031112276792,1.0,0.0,seed
Gemma4-12B,5000,8,query_last,0.9423239180331485,0.6217298459547027,1.0,1.0,seed
Gemma4-12B,5000,8,query_last,0.9316299914908968,0.5674762483130041,1.0,1.0,seed
Gemma4-12B,5000,8,query_last,0.9566611778272798,0.7015606181347531,1.0,1.0,seed
OLMo-Hybrid-7B,10000,10,query_first,0.449822256722779,0.00033916372822810316,0.0,1.0,seed
OLMo-Hybrid-7B,10000,10,query_first,0.5366999037741269,0.0019829655725106857,1.0,0.0,seed
OLMo-Hybrid-7B,10000,10,query_first,0.4623426465875018,0.00044631301036786953,0.0,0.0,seed
OLMo-Hybrid-7B,10000,10,query_first,0.5147102815205383,0.0013050538591363194,0.0,1.0,seed
OLMo-Hybrid-7B,10000,10,query_first,0.5158021921784613,0.0013330051759132358,0.0,0.0,seed
OLMo-Hybrid-7B,10000,1,query_first,0.18134218180073639,0.18134218180073639,1.0,1.0,seed
OLMo-Hybrid-7B,10000,1,query_first,0.23239099626018941,0.23239099626018941,1.0,1.0,seed
OLMo-Hybrid-7B,10000,1,query_first,0.20626159562539548,0.20626159562539548,1.0,1.0,seed
OLMo-Hybrid-7B,10000,1,query_first,0.28174137875387273,0.28174137875387273,1.0,1.0,seed
OLMo-Hybrid-7B,10000,1,query_first,0.2806918021309843,0.2806918021309843,1.0,1.0,seed
OLMo-Hybrid-7B,10000,20,query_first,0.5477846313298835,5.918298558201962e-06,0.0,0.0,seed
OLMo-Hybrid-7B,10000,20,query_first,0.6343729645205425,0.00011140208571461036,0.0,0.0,seed
OLMo-Hybrid-7B,10000,20,query_first,0.5521411113994751,6.9342852364857735e-06,0.0,0.0,seed
OLMo-Hybrid-7B,10000,20,query_first,0.5886269428108565,2.493461905408786e-05,1.0,0.0,seed
OLMo-Hybrid-7B,10000,20,query_first,0.5903815608776517,2.646401280686759e-05,0.0,0.0,seed
OLMo-Hybrid-7B,10000,2,query_first,0.24709467865478882,0.06105578021951335,0.0,1.0,seed
OLMo-Hybrid-7B,10000,2,query_first,0.31197544535279514,0.09732867850307488,0.0,1.0,seed
OLMo-Hybrid-7B,10000,2,query_first,0.27143224917457576,0.07367546589196898,0.0,0.0,seed
OLMo-Hybrid-7B,10000,2,query_first,0.34605938875856285,0.11975710054795013,0.0,1.0,seed
OLMo-Hybrid-7B,10000,2,query_first,0.3455360529515909,0.11939516388936464,0.0,1.0,seed
OLMo-Hybrid-7B,10000,30,query_first,0.6038851281154023,2.683057814679563e-07,0.0,0.0,seed
OLMo-Hybrid-7B,10000,30,query_first,0.6872565031790194,1.2988701664352534e-05,0.0,0.0,seed
OLMo-Hybrid-7B,10000,30,query_first,0.60349586381527,2.6316548979637846e-07,0.0,0.0,seed
OLMo-Hybrid-7B,10000,30,query_first,0.6302873614802913,9.686301038133932e-07,0.0,0.0,seed
OLMo-Hybrid-7B,10000,30,query_first,0.632367006667351,1.0692421848777057e-06,1.0,0.0,seed
OLMo-Hybrid-7B,10000,3,query_first,0.2923057477291105,0.02497537774165274,1.0,1.0,seed
OLMo-Hybrid-7B,10000,3,query_first,0.36479804751837486,0.04854645429303117,0.0,1.0,seed
OLMo-Hybrid-7B,10000,3,query_first,0.31504432384659437,0.03126907095767225,0.0,0.0,seed
OLMo-Hybrid-7B,10000,3,query_first,0.38668969488371097,0.05782129250107336,0.0,1.0,seed
OLMo-Hybrid-7B,10000,3,query_first,0.3865404830156627,0.057754383857240826,1.0,0.0,seed
OLMo-Hybrid-7B,10000,4,query_first,0.3271606243677579,0.011456293026300845,0.0,0.0,seed
OLMo-Hybrid-7B,10000,4,query_first,0.4044539392730249,0.026759394288036985,0.0,1.0,seed
OLMo-Hybrid-7B,10000,4,query_first,0.3481621725623957,0.01469353645853229,0.0,0.0,seed
OLMo-Hybrid-7B,10000,4,query_first,0.4165451718104707,0.03010567851265678,0.0,0.0,seed
OLMo-Hybrid-7B,10000,4,query_first,0.41668267197537506,0.030145449333799288,1.0,0.0,seed
OLMo-Hybrid-7B,10000,5,query_first,0.35560269028350094,0.005686240046844142,1.0,0.0,seed
OLMo-Hybrid-7B,10000,5,query_first,0.4361271216196794,0.01577849134090517,0.0,1.0,seed
OLMo-Hybrid-7B,10000,5,query_first,0.3749226104866826,0.007408122602776466,0.0,0.0,seed
OLMo-Hybrid-7B,10000,5,query_first,0.4401444339288675,0.016518707787757235,1.0,0.0,seed
OLMo-Hybrid-7B,10000,5,query_first,0.4405122698131727,0.016587848022452473,0.0,0.0,seed
OLMo-Hybrid-7B,10000,6,query_first,0.37963463812945264,0.002993608376498827,0.0,1.0,seed
OLMo-Hybrid-7B,10000,6,query_first,0.46241107772407775,0.009776184251784878,1.0,0.0,seed
OLMo-Hybrid-7B,10000,6,query_first,0.39737848274617577,0.003937550015951068,0.0,0.0,seed
OLMo-Hybrid-7B,10000,6,query_first,0.45963442570631835,0.009429209697408654,0.0,0.0,seed
OLMo-Hybrid-7B,10000,6,query_first,0.460193287270857,0.00949820801462193,1.0,0.0,seed
OLMo-Hybrid-7B,10000,8,query_first,0.41874124486559977,0.0009452918607868369,0.0,1.0,seed
OLMo-Hybrid-7B,10000,8,query_first,0.5042544708612376,0.004180209614766181,0.0,1.0,seed
OLMo-Hybrid-7B,10000,8,query_first,0.4336715462172709,0.0012510867581794595,0.0,0.0,seed
OLMo-Hybrid-7B,10000,8,query_first,0.49061657450129764,0.0033568947674640815,0.0,0.0,seed
OLMo-Hybrid-7B,10000,8,query_first,0.49147751002640244,0.0034043107384296024,0.0,0.0,seed
OLMo-Hybrid-7B,2000,10,query_first,0.670708260489935,0.01842199040418178,1.0,0.0,seed
OLMo-Hybrid-7B,2000,10,query_first,0.7474443516899927,0.05442377262012329,1.0,0.0,seed
OLMo-Hybrid-7B,2000,10,query_first,0.6649735255413117,0.016906104599892162,1.0,0.0,seed
OLMo-Hybrid-7B,2000,10,query_first,0.6800762762120051,0.021162952236796647,1.0,0.0,seed
OLMo-Hybrid-7B,2000,10,query_first,0.6824771287018303,0.021922042632794153,0.0,1.0,seed
OLMo-Hybrid-7B,2000,1,query_first,0.35560269028350094,0.35560269028350094,1.0,1.0,seed
OLMo-Hybrid-7B,2000,1,query_first,0.4361271216196794,0.4361271216196794,1.0,1.0,seed
OLMo-Hybrid-7B,2000,1,query_first,0.3749226104866826,0.3749226104866826,1.0,1.0,seed
OLMo-Hybrid-7B,2000,1,query_first,0.4401444339288675,0.4401444339288675,0.0,1.0,seed
OLMo-Hybrid-7B,2000,1,query_first,0.4405122698131727,0.4405122698131727,0.0,1.0,seed
OLMo-Hybrid-7B,2000,20,query_first,0.7511028224052183,0.003265787169561978,1.0,1.0,seed
OLMo-Hybrid-7B,2000,20,query_first,0.8159262399491898,0.01710086201593194,0.0,0.0,seed
OLMo-Hybrid-7B,2000,20,query_first,0.7399633955673964,0.002422170623107966,1.0,0.0,seed
OLMo-Hybrid-7B,2000,20,query_first,0.7414572350841439,0.0025218668158691606,1.0,1.0,seed
OLMo-Hybrid-7B,2000,20,query_first,0.744119726053345,0.002709295341149259,1.0,1.0,seed
OLMo-Hybrid-7B,2000,2,query_first,0.449822256722779,0.20234006264317367,0.0,1.0,seed
OLMo-Hybrid-7B,2000,2,query_first,0.5366999037741269,0.2880467867111571,0.0,1.0,seed
OLMo-Hybrid-7B,2000,2,query_first,0.4623426465875018,0.2137607228535356,0.0,0.0,seed
OLMo-Hybrid-7B,2000,2,query_first,0.5147102815205383,0.2649266739029518,0.0,1.0,seed
OLMo-Hybrid-7B,2000,2,query_first,0.5158021921784613,0.26605190145610635,1.0,1.0,seed
OLMo-Hybrid-7B,2000,30,query_first,0.7915772122117023,0.0009011529310106912,1.0,1.0,seed
OLMo-Hybrid-7B,2000,30,query_first,0.8488087593481681,0.007316368639986106,1.0,1.0,seed
OLMo-Hybrid-7B,2000,30,query_first,0.7784239760102286,0.0005451124753444875,0.0,0.0,seed
OLMo-Hybrid-7B,2000,30,query_first,0.7735934219633838,0.0004522546549524404,0.0,0.0,seed
OLMo-Hybrid-7B,2000,30,query_first,0.7763175312417617,0.0005025529338971434,1.0,1.0,seed
OLMo-Hybrid-7B,2000,3,query_first,0.5071413177205404,0.13043285011449565,1.0,1.0,seed
OLMo-Hybrid-7B,2000,3,query_first,0.5946844587022079,0.21030992417059458,0.0,1.0,seed
OLMo-Hybrid-7B,2000,3,query_first,0.514948562160954,0.13654995128512118,0.0,0.0,seed
OLMo-Hybrid-7B,2000,3,query_first,0.5582384097569626,0.17396390380909296,0.0,1.0,seed
OLMo-Hybrid-7B,2000,3,query_first,0.5597313106061124,0.1753633382847366,1.0,0.0,seed
OLMo-Hybrid-7B,2000,4,query_first,0.5477846313298835,0.09004080601704555,0.0,1.0,seed
OLMo-Hybrid-7B,2000,4,query_first,0.6343729645205425,0.16194914681498918,0.0,0.0,seed
OLMo-Hybrid-7B,2000,4,query_first,0.5521411113994751,0.092939501861549,0.0,0.0,seed
OLMo-Hybrid-7B,2000,4,query_first,0.5886269428108565,0.12004955305308164,0.0,0.0,seed
OLMo-Hybrid-7B,2000,4,query_first,0.5903815608776517,0.12148737257365219,1.0,0.0,seed
OLMo-Hybrid-7B,2000,5,query_first,0.5789044386111827,0.06501811841802063,1.0,0.0,seed
OLMo-Hybrid-7B,2000,5,query_first,0.6639772618819187,0.12905238507104766,0.0,1.0,seed
OLMo-Hybrid-7B,2000,5,query_first,0.5806146340491245,0.06598418985381756,1.0,0.0,seed
OLMo-Hybrid-7B,2000,5,query_first,0.6117533502378678,0.08568045855038424,0.0,0.0,seed
OLMo-Hybrid-7B,2000,5,query_first,0.6136938597363394,0.0870480185897724,0.0,1.0,seed
OLMo-Hybrid-7B,2000,6,query_first,0.6038851281154023,0.04849824310929855,1.0,0.0,seed
OLMo-Hybrid-7B,2000,6,query_first,0.6872565031790194,0.10536907033976232,0.0,0.0,seed
OLMo-Hybrid-7B,2000,6,query_first,0.60349586381527,0.048310973342218816,0.0,0.0,seed
OLMo-Hybrid-7B,2000,6,query_first,0.6302873614802913,0.0626948102721066,0.0,0.0,seed
OLMo-Hybrid-7B,2000,6,query_first,0.632367006667351,0.06394626998131624,0.0,1.0,seed
OLMo-Hybrid-7B,2000,8,query_first,0.6421794520338078,0.028923526410368248,1.0,0.0,seed
OLMo-Hybrid-7B,2000,8,query_first,0.7221160816366277,0.07393603133949775,0.0,1.0,seed
OLMo-Hybrid-7B,2000,8,query_first,0.638663046338635,0.027680523892471047,1.0,0.0,seed
OLMo-Hybrid-7B,2000,8,query_first,0.6587494119169917,0.035461893739219416,0.0,1.0,seed
OLMo-Hybrid-7B,2000,8,query_first,0.6610229326176151,0.03645291076756949,0.0,1.0,seed
OLMo-Hybrid-7B,5000,10,query_first,0.5477846313298835,0.0024327553428575514,0.0,0.0,seed
OLMo-Hybrid-7B,5000,10,query_first,0.6343729645205425,0.010554718646871188,0.0,1.0,seed
OLMo-Hybrid-7B,5000,10,query_first,0.5521411113994751,0.002633303103800581,0.0,0.0,seed
OLMo-Hybrid-7B,5000,10,query_first,0.5886269428108565,0.004993457625141908,1.0,0.0,seed
OLMo-Hybrid-7B,5000,10,query_first,0.5903815608776517,0.005144318497805865,0.0,0.0,seed
OLMo-Hybrid-7B,5000,1,query_first,0.24709467865478882,0.24709467865478882,1.0,1.0,seed
OLMo-Hybrid-7B,5000,1,query_first,0.31197544535279514,0.31197544535279514,0.0,1.0,seed
OLMo-Hybrid-7B,5000,1,query_first,0.27143224917457576,0.27143224917457576,1.0,1.0,seed
OLMo-Hybrid-7B,5000,1,query_first,0.34605938875856285,0.34605938875856285,1.0,1.0,seed
OLMo-Hybrid-7B,5000,1,query_first,0.3455360529515909,0.3455360529515909,1.0,0.0,seed
OLMo-Hybrid-7B,5000,20,query_first,0.6421794520338078,0.00014227483958485264,1.0,0.0,seed
OLMo-Hybrid-7B,5000,20,query_first,0.7221160816366277,0.0014864158859138519,0.0,0.0,seed
OLMo-Hybrid-7B,5000,20,query_first,0.638663046338635,0.00012747815337168594,1.0,0.0,seed
OLMo-Hybrid-7B,5000,20,query_first,0.6587494119169917,0.00023681260233465986,1.0,1.0,seed
OLMo-Hybrid-7B,5000,20,query_first,0.6610229326176151,0.0002537058791069818,0.0,0.0,seed
OLMo-Hybrid-7B,5000,2,query_first,0.3271606243677579,0.10703407413670118,0.0,1.0,seed
OLMo-Hybrid-7B,5000,2,query_first,0.4044539392730249,0.16358298899346774,0.0,1.0,seed
OLMo-Hybrid-7B,5000,2,query_first,0.3481621725623957,0.12121689840336738,1.0,0.0,seed
OLMo-Hybrid-7B,5000,2,query_first,0.4165451718104707,0.17350988015861454,0.0,1.0,seed
OLMo-Hybrid-7B,5000,2,query_first,0.41668267197537506,0.173624449124538,0.0,1.0,seed
OLMo-Hybrid-7B,5000,30,query_first,0.6931297680833768,1.676627291958476e-05,1.0,0.0,seed
OLMo-Hybrid-7B,5000,30,query_first,0.7669705212049072,0.00034942997732608736,0.0,0.0,seed
OLMo-Hybrid-7B,5000,30,query_first,0.6857433351101966,1.21576002338464e-05,0.0,0.0,seed
OLMo-Hybrid-7B,5000,30,query_first,0.6969643499689895,1.9784128739530005e-05,1.0,1.0,seed
OLMo-Hybrid-7B,5000,30,query_first,0.699453728192913,2.2017584974192766e-05,1.0,0.0,seed
OLMo-Hybrid-7B,5000,3,query_first,0.37963463812945264,0.05471387736670494,0.0,1.0,seed
OLMo-Hybrid-7B,5000,3,query_first,0.46241107772407775,0.09887458850374486,0.0,0.0,seed
OLMo-Hybrid-7B,5000,3,query_first,0.39737848274617577,0.06274990052542767,1.0,0.0,seed
OLMo-Hybrid-7B,5000,3,query_first,0.45963442570631835,0.09710411781901247,0.0,1.0,seed
OLMo-Hybrid-7B,5000,3,query_first,0.460193287270857,0.09745875032351856,0.0,0.0,seed
OLMo-Hybrid-7B,5000,4,query_first,0.41874124486559977,0.030745599047454532,1.0,0.0,seed
OLMo-Hybrid-7B,5000,4,query_first,0.5042544708612376,0.06465454055800089,0.0,1.0,seed
OLMo-Hybrid-7B,5000,4,query_first,0.4336715462172709,0.035370704801847806,1.0,0.0,seed
OLMo-Hybrid-7B,5000,4,query_first,0.49061657450129764,0.05793871561800522,1.0,0.0,seed
OLMo-Hybrid-7B,5000,4,query_first,0.49147751002640244,0.05834647151653305,1.0,0.0,seed
OLMo-Hybrid-7B,5000,5,query_first,0.449822256722779,0.018416398351146272,0.0,1.0,seed
OLMo-Hybrid-7B,5000,5,query_first,0.5366999037741269,0.04453050159733984,0.0,0.0,seed
OLMo-Hybrid-7B,5000,5,query_first,0.4623426465875018,0.021126121517398063,0.0,0.0,seed
OLMo-Hybrid-7B,5000,5,query_first,0.5147102815205383,0.0361255291883222,0.0,1.0,seed
OLMo-Hybrid-7B,5000,5,query_first,0.5158021921784613,0.03651034340996036,0.0,1.0,seed
OLMo-Hybrid-7B,5000,6,query_first,0.47552289271335846,0.011561883206281211,0.0,1.0,seed
OLMo-Hybrid-7B,5000,6,query_first,0.562993314502944,0.03184339954378482,0.0,1.0,seed
OLMo-Hybrid-7B,5000,6,query_first,0.48596381150317713,0.013171146426444163,0.0,0.0,seed
OLMo-Hybrid-7B,5000,6,query_first,0.5343506926015714,0.02327867514937179,1.0,0.0,seed
OLMo-Hybrid-7B,5000,6,query_first,0.5356266679076881,0.02361419525004031,1.0,0.0,seed
OLMo-Hybrid-7B,5000,8,query_first,0.5162866579576731,0.005048091476263005,1.0,0.0,seed
OLMo-Hybrid-7B,5000,8,query_first,0.6037171244750734,0.017646881059903252,1.0,0.0,seed
OLMo-Hybrid-7B,5000,8,query_first,0.5233215315884785,0.00562534069156793,0.0,0.0,seed
OLMo-Hybrid-7B,5000,8,query_first,0.5651022896010276,0.010399597604652783,1.0,0.0,seed
OLMo-Hybrid-7B,5000,8,query_first,0.5666558317988489,0.01063052961551069,0.0,0.0,seed
OLMo-Hybrid-7B,10000,10,query_last,0.43537230217348566,0.0002446853475047178,0.0,0.0,seed
OLMo-Hybrid-7B,10000,10,query_last,0.3807741868118153,6.407299030324185e-05,1.0,0.0,seed
OLMo-Hybrid-7B,10000,10,query_last,0.4811050607365122,0.0006643535387059038,0.0,0.0,seed
OLMo-Hybrid-7B,10000,10,query_last,0.47470324337351555,0.0005810613518020388,0.0,1.0,seed
OLMo-Hybrid-7B,10000,10,query_last,0.4261757825708299,0.0001976458378149271,0.0,0.0,seed
OLMo-Hybrid-7B,10000,1,query_last,0.17280786827158592,0.17280786827158592,1.0,1.0,seed
OLMo-Hybrid-7B,10000,1,query_last,0.13845441773923237,0.13845441773923237,1.0,1.0,seed
OLMo-Hybrid-7B,10000,1,query_last,0.21886219941520904,0.21886219941520904,0.0,0.0,seed
OLMo-Hybrid-7B,10000,1,query_last,0.2504954268361896,0.2504954268361896,1.0,1.0,seed
OLMo-Hybrid-7B,10000,1,query_last,0.21387338703498904,0.21387338703498904,1.0,1.0,seed
OLMo-Hybrid-7B,10000,20,query_last,0.5332377833784502,3.454763229988934e-06,0.0,0.0,seed
OLMo-Hybrid-7B,10000,20,query_last,0.47943552564805153,4.117221507009993e-07,0.0,0.0,seed
OLMo-Hybrid-7B,10000,20,query_last,0.5706797069826526,1.3422969136344243e-05,0.0,0.0,seed
OLMo-Hybrid-7B,10000,20,query_last,0.5493786531917425,6.272426874842845e-06,0.0,0.0,seed
OLMo-Hybrid-7B,10000,20,query_last,0.5012104758839161,1.0009278967007656e-06,0.0,0.0,seed
OLMo-Hybrid-7B,10000,2,query_last,0.2363593387412057,0.05586573701018003,1.0,1.0,seed
OLMo-Hybrid-7B,10000,2,query_last,0.19399967865886708,0.03763587531974369,0.0,1.0,seed
OLMo-Hybrid-7B,10000,2,query_last,0.28657671821204755,0.08212621542118731,0.0,0.0,seed
OLMo-Hybrid-7B,10000,2,query_last,0.31076661608877143,0.09657588967526586,0.0,1.0,seed
OLMo-Hybrid-7B,10000,2,query_last,0.26905536352574644,0.07239078864197157,0.0,1.0,seed
OLMo-Hybrid-7B,10000,30,query_last,0.5897915153168422,1.321160608253755e-07,0.0,0.0,seed
OLMo-Hybrid-7B,10000,30,query_last,0.538423255839474,8.584485994031755e-09,1.0,0.0,seed
OLMo-Hybrid-7B,10000,30,query_last,0.6213664469043256,6.315881077396965e-07,0.0,0.0,seed
OLMo-Hybrid-7B,10000,30,query_last,0.5922605251527857,1.497557895966599e-07,0.0,0.0,seed
OLMo-Hybrid-7B,10000,30,query_last,0.5452964080553321,1.2559695433801073e-08,0.0,0.0,seed
OLMo-Hybrid-7B,10000,3,query_last,0.2803375274450348,0.022031482190336894,1.0,1.0,seed
OLMo-Hybrid-7B,10000,3,query_last,0.233629953711117,0.012752213313393407,0.0,1.0,seed
OLMo-Hybrid-7B,10000,3,query_last,0.3315148973295522,0.03643419239890356,1.0,0.0,seed
OLMo-Hybrid-7B,10000,3,query_last,0.3494676403899439,0.04267965526952221,0.0,1.0,seed
OLMo-Hybrid-7B,10000,3,query_last,0.30521654610479687,0.0284331005207277,1.0,0.0,seed
OLMo-Hybrid-7B,10000,4,query_last,0.3143993031345621,0.009770713951608452,0.0,0.0,seed
OLMo-Hybrid-7B,10000,4,query_last,0.26497510916867106,0.004929698049884635,0.0,0.0,seed
OLMo-Hybrid-7B,10000,4,query_last,0.3654404055899945,0.01783471842004681,0.0,0.0,seed
OLMo-Hybrid-7B,10000,4,query_last,0.37822154411925857,0.02046374207668772,0.0,0.0,seed
OLMo-Hybrid-7B,10000,4,query_last,0.33245386071790023,0.012215901514678027,1.0,0.0,seed
OLMo-Hybrid-7B,10000,5,query_last,0.3422963491608047,0.00469906373430396,0.0,1.0,seed
OLMo-Hybrid-7B,10000,5,query_last,0.29106387949516593,0.0020890150465576623,1.0,1.0,seed
OLMo-Hybrid-7B,10000,5,query_last,0.3927287463971079,0.009342507528730394,0.0,0.0,seed
OLMo-Hybrid-7B,10000,5,query_last,0.40114236529086733,0.010387060344907892,0.0,0.0,seed
OLMo-Hybrid-7B,10000,5,query_last,0.3543930357562671,0.00559018131789242,0.0,0.0,seed
OLMo-Hybrid-7B,10000,6,query_last,0.3659397102961871,0.0024013598193187704,0.0,1.0,seed
OLMo-Hybrid-7B,10000,6,query_last,0.3134654286400345,0.0009487196656196515,1.0,1.0,seed
OLMo-Hybrid-7B,10000,6,query_last,0.41554212299783333,0.00514861390797947,0.0,1.0,seed
OLMo-Hybrid-7B,10000,6,query_last,0.4202015513006733,0.005504855309743977,0.0,0.0,seed
OLMo-Hybrid-7B,10000,6,query_last,0.37279013353266466,0.00268402438605442,0.0,0.0,seed
OLMo-Hybrid-7B,10000,8,query_last,0.4045555587035557,0.0007175057453598729,1.0,0.0,seed
OLMo-Hybrid-7B,10000,8,query_last,0.3506213079466978,0.0002284054402638998,0.0,0.0,seed
OLMo-Hybrid-7B,10000,8,query_last,0.4522491343083471,0.0017499351459775818,0.0,0.0,seed
OLMo-Hybrid-7B,10000,8,query_last,0.4507428531107635,0.0017038477884418464,0.0,1.0,seed
OLMo-Hybrid-7B,10000,8,query_last,0.40256370530071345,0.0006897265351034019,0.0,0.0,seed
OLMo-Hybrid-7B,2000,10,query_last,0.6576443086866438,0.015132499228159645,0.0,1.0,seed
OLMo-Hybrid-7B,2000,10,query_last,0.6110435019795317,0.0072564014329372945,0.0,0.0,seed
OLMo-Hybrid-7B,2000,10,query_last,0.6815354492648782,0.021621434320166093,0.0,0.0,seed
OLMo-Hybrid-7B,2000,10,query_last,0.6442802844911878,0.012323907154973461,1.0,1.0,seed
OLMo-Hybrid-7B,2000,10,query_last,0.5997631009288614,0.006022786005060218,0.0,0.0,seed
OLMo-Hybrid-7B,2000,1,query_last,0.3422963491608047,0.3422963491608047,1.0,1.0,seed
OLMo-Hybrid-7B,2000,1,query_last,0.29106387949516593,0.29106387949516593,1.0,1.0,seed
OLMo-Hybrid-7B,2000,1,query_last,0.3927287463971079,0.3927287463971079,1.0,1.0,seed
OLMo-Hybrid-7B,2000,1,query_last,0.40114236529086733,0.40114236529086733,0.0,1.0,seed
OLMo-Hybrid-7B,2000,1,query_last,0.3543930357562671,0.3543930357562671,1.0,1.0,seed
OLMo-Hybrid-7B,2000,20,query_last,0.7399919128461838,0.002424038256300207,0.0,0.0,seed
OLMo-Hybrid-7B,2000,20,query_last,0.7017530687055535,0.0008388540561923348,0.0,0.0,seed
OLMo-Hybrid-7B,2000,20,query_last,0.7541885711667118,0.0035448587765991814,0.0,0.0,seed
OLMo-Hybrid-7B,2000,20,query_last,0.7095964176339494,0.0010476791143209224,0.0,0.0,seed
OLMo-Hybrid-7B,2000,20,query_last,0.6696917562321669,0.00032922973912018357,1.0,1.0,seed
OLMo-Hybrid-7B,2000,2,query_last,0.43537230217348566,0.1895490414998409,0.0,1.0,seed
OLMo-Hybrid-7B,2000,2,query_last,0.3807741868118153,0.1449889813421992,1.0,1.0,seed
OLMo-Hybrid-7B,2000,2,query_last,0.4811050607365122,0.2314620794662831,1.0,0.0,seed
OLMo-Hybrid-7B,2000,2,query_last,0.47470324337351555,0.22534316926933515,0.0,1.0,seed
OLMo-Hybrid-7B,2000,2,query_last,0.4261757825708299,0.18162579764985928,1.0,1.0,seed
OLMo-Hybrid-7B,2000,30,query_last,0.7817480908585768,0.0006194480343927944,0.0,0.0,seed
OLMo-Hybrid-7B,2000,30,query_last,0.7487507697525988,0.0001698706920941428,1.0,0.0,seed
OLMo-Hybrid-7B,2000,30,query_last,0.791139046955089,0.0008863078464628372,0.0,0.0,seed
OLMo-Hybrid-7B,2000,30,query_last,0.7443272402396793,0.0001422058283362622,0.0,0.0,seed
OLMo-Hybrid-7B,2000,30,query_last,0.7075745209313075,3.112902942255729e-05,1.0,1.0,seed
OLMo-Hybrid-7B,2000,3,query_last,0.4924983253266158,0.11945773452165555,1.0,0.0,seed
OLMo-Hybrid-7B,2000,3,query_last,0.4378327217892688,0.08393143480048838,1.0,1.0,seed
OLMo-Hybrid-7B,2000,3,query_last,0.5337265837384582,0.15203952487696792,0.0,0.0,seed
OLMo-Hybrid-7B,2000,3,query_last,0.5184626453105834,0.13936458123919787,0.0,1.0,seed
OLMo-Hybrid-7B,2000,3,query_last,0.46987917370394755,0.10374294899642338,1.0,1.0,seed
OLMo-Hybrid-7B,2000,4,query_last,0.5332377833784502,0.0808506764267846,1.0,1.0,seed
OLMo-Hybrid-7B,2000,4,query_last,0.47943552564805153,0.05283489474054997,0.0,0.0,seed
OLMo-Hybrid-7B,2000,4,query_last,0.5706797069826526,0.10606441924303003,0.0,0.0,seed
OLMo-Hybrid-7B,2000,4,query_last,0.5493786531917425,0.09109344389192664,0.0,0.0,seed
OLMo-Hybrid-7B,2000,4,query_last,0.5012104758839161,0.06310743936920742,1.0,0.0,seed
OLMo-Hybrid-7B,2000,5,query_last,0.564562902587512,0.05735373248969779,0.0,0.0,seed
OLMo-Hybrid-7B,2000,5,query_last,0.5119331032521148,0.035161392546975256,0.0,1.0,seed
OLMo-Hybrid-7B,2000,5,query_last,0.598830957054741,0.07700540641404509,0.0,0.0,seed
OLMo-Hybrid-7B,2000,5,query_last,0.5731113301297789,0.061829391398749226,0.0,1.0,seed
OLMo-Hybrid-7B,2000,5,query_last,0.5255190575203619,0.04008135084273307,1.0,1.0,seed
OLMo-Hybrid-7B,2000,6,query_last,0.5897915153168422,0.04209118214794497,1.0,0.0,seed
OLMo-Hybrid-7B,2000,6,query_last,0.538423255839474,0.024363678461084053,0.0,1.0,seed
OLMo-Hybrid-7B,2000,6,query_last,0.6213664469043256,0.0575554943943802,0.0,0.0,seed
OLMo-Hybrid-7B,2000,6,query_last,0.5922605251527857,0.0431595317511555,0.0,1.0,seed
OLMo-Hybrid-7B,2000,6,query_last,0.5452964080553321,0.026290316933645093,0.0,0.0,seed
OLMo-Hybrid-7B,2000,8,query_last,0.6286104000726231,0.024381055077790807,0.0,0.0,seed
OLMo-Hybrid-7B,2000,8,query_last,0.5797274967892645,0.012758252628813697,0.0,0.0,seed
OLMo-Hybrid-7B,2000,8,query_last,0.6558524872559729,0.03423334676025199,0.0,0.0,seed
OLMo-Hybrid-7B,2000,8,query_last,0.6218938704713055,0.0223733084780449,1.0,0.0,seed
OLMo-Hybrid-7B,2000,8,query_last,0.5761906866449388,0.01214870184479044,1.0,1.0,seed
OLMo-Hybrid-7B,5000,10,query_last,0.5332377833784502,0.0018586993382440674,0.0,0.0,seed
OLMo-Hybrid-7B,5000,10,query_last,0.47943552564805153,0.0006416557883328095,1.0,1.0,seed
OLMo-Hybrid-7B,5000,10,query_last,0.5706797069826526,0.003663737045196372,0.0,0.0,seed
OLMo-Hybrid-7B,5000,10,query_last,0.5493786531917425,0.0025044813584538506,1.0,1.0,seed
OLMo-Hybrid-7B,5000,10,query_last,0.5012104758839161,0.0010004638407762499,0.0,0.0,seed
OLMo-Hybrid-7B,5000,1,query_last,0.2363593387412057,0.2363593387412057,1.0,1.0,seed
OLMo-Hybrid-7B,5000,1,query_last,0.19399967865886708,0.19399967865886708,1.0,1.0,seed
OLMo-Hybrid-7B,5000,1,query_last,0.28657671821204755,0.28657671821204755,0.0,1.0,seed
OLMo-Hybrid-7B,5000,1,query_last,0.31076661608877143,0.31076661608877143,1.0,1.0,seed
OLMo-Hybrid-7B,5000,1,query_last,0.26905536352574644,0.26905536352574644,1.0,1.0,seed
OLMo-Hybrid-7B,5000,20,query_last,0.6286104000726231,9.281779326799661e-05,0.0,0.0,seed
OLMo-Hybrid-7B,5000,20,query_last,0.5797274967892645,1.8385607888291175e-05,0.0,0.0,seed
OLMo-Hybrid-7B,5000,20,query_last,0.6558524872559729,0.00021683201118191209,0.0,0.0,seed
OLMo-Hybrid-7B,5000,20,query_last,0.6218938704713055,7.487305031518653e-05,0.0,0.0,seed
OLMo-Hybrid-7B,5000,20,query_last,0.5761906866449388,1.626764491466401e-05,0.0,0.0,seed
OLMo-Hybrid-7B,5000,2,query_last,0.3143993031345621,0.09884692181149828,1.0,1.0,seed
OLMo-Hybrid-7B,5000,2,query_last,0.26497510916867106,0.07021180847894914,0.0,1.0,seed
OLMo-Hybrid-7B,5000,2,query_last,0.3654404055899945,0.1335466900377797,1.0,0.0,seed
OLMo-Hybrid-7B,5000,2,query_last,0.37822154411925857,0.14305153643595625,0.0,1.0,seed
OLMo-Hybrid-7B,5000,2,query_last,0.33245386071790023,0.110525569506237,0.0,1.0,seed
OLMo-Hybrid-7B,5000,30,query_last,0.6805316476631217,9.670519330583278e-06,0.0,0.0,seed
OLMo-Hybrid-7B,5000,30,query_last,0.6359794217724631,1.2685041883816768e-06,0.0,0.0,seed
OLMo-Hybrid-7B,5000,30,query_last,0.7017390383168313,2.428114266855684e-05,0.0,0.0,seed
OLMo-Hybrid-7B,5000,30,query_last,0.6621191483305666,4.247021237628769e-06,0.0,0.0,seed
OLMo-Hybrid-7B,5000,30,query_last,0.618691234347041,5.549053201547116e-07,0.0,0.0,seed
OLMo-Hybrid-7B,5000,3,query_last,0.3659397102961871,0.0490036714881525,0.0,1.0,seed
OLMo-Hybrid-7B,5000,3,query_last,0.3134654286400345,0.03080129324589556,0.0,0.0,seed
OLMo-Hybrid-7B,5000,3,query_last,0.41554212299783333,0.0717538424614283,0.0,0.0,seed
OLMo-Hybrid-7B,5000,3,query_last,0.4202015513006733,0.0741947121413917,0.0,1.0,seed
OLMo-Hybrid-7B,5000,3,query_last,0.37279013353266466,0.05180757074071723,0.0,1.0,seed
OLMo-Hybrid-7B,5000,4,query_last,0.4045555587035557,0.02678629771655413,0.0,0.0,seed
OLMo-Hybrid-7B,5000,4,query_last,0.3506213079466978,0.015113088376103005,0.0,0.0,seed
OLMo-Hybrid-7B,5000,4,query_last,0.4522491343083471,0.041832226165691704,0.0,0.0,seed
OLMo-Hybrid-7B,5000,4,query_last,0.4507428531107635,0.041277691171404514,0.0,0.0,seed
OLMo-Hybrid-7B,5000,4,query_last,0.40256370530071345,0.02626264524192873,0.0,0.0,seed
OLMo-Hybrid-7B,5000,5,query_last,0.43537230217348566,0.01564242140797638,0.0,0.0,seed
OLMo-Hybrid-7B,5000,5,query_last,0.3807741868118153,0.008004560594014005,1.0,1.0,seed
OLMo-Hybrid-7B,5000,5,query_last,0.4811050607365122,0.025775056521876026,0.0,0.0,seed
OLMo-Hybrid-7B,5000,5,query_last,0.47470324337351555,0.02410521420361244,0.0,0.0,seed
OLMo-Hybrid-7B,5000,5,query_last,0.4261757825708299,0.014058657041656826,0.0,0.0,seed
OLMo-Hybrid-7B,5000,6,query_last,0.4609390260973913,0.009590933489064427,0.0,0.0,seed
OLMo-Hybrid-7B,5000,6,query_last,0.4061248866316493,0.0044870160058402015,1.0,1.0,seed
OLMo-Hybrid-7B,5000,6,query_last,0.5047848331913412,0.016543895778352708,0.0,0.0,seed
OLMo-Hybrid-7B,5000,6,query_last,0.4943722256748969,0.01459904280742475,0.0,1.0,seed
OLMo-Hybrid-7B,5000,6,query_last,0.44572656261469934,0.007841715774994047,0.0,0.0,seed
OLMo-Hybrid-7B,5000,8,query_last,0.5016483748162976,0.004010470044963121,1.0,0.0,seed
OLMo-Hybrid-7B,5000,8,query_last,0.4471110592668088,0.0015970675957447788,1.0,1.0,seed
OLMo-Hybrid-7B,5000,8,query_last,0.5420636654595661,0.00745422298213206,1.0,0.0,seed
OLMo-Hybrid-7B,5000,8,query_last,0.5254191410833233,0.005808274340955573,0.0,0.0,seed
OLMo-Hybrid-7B,5000,8,query_last,0.47689617063583606,0.002675412065592387,0.0,0.0,seed
Llama3.1-8B,10000,10,query_first,0.9852641692720054,0.8620389565482931,1.0,1.0,seed
Llama3.1-8B,10000,10,query_first,0.9847160036952667,0.8572548714208079,1.0,1.0,seed
Llama3.1-8B,10000,10,query_first,0.9879651400780322,0.885964274180239,1.0,0.0,seed
Llama3.1-8B,10000,10,query_first,0.9827989803338728,0.840711469219663,0.0,0.0,seed
Llama3.1-8B,10000,10,query_first,0.9819891135329811,0.8338092939962303,1.0,0.0,seed
Llama3.1-8B,10000,1,query_first,0.9908413983473117,0.9908413983473117,1.0,0.0,seed
Llama3.1-8B,10000,1,query_first,0.9814742760192506,0.9814742760192506,1.0,0.0,seed
Llama3.1-8B,10000,1,query_first,0.9930357380845931,0.9930357380845931,1.0,1.0,seed
Llama3.1-8B,10000,1,query_first,0.9898387245786285,0.9898387245786285,1.0,0.0,seed
Llama3.1-8B,10000,1,query_first,0.9884287520670707,0.9884287520670707,1.0,0.0,seed
Llama3.1-8B,10000,20,query_first,0.9830061220116701,0.7097811333387476,1.0,1.0,seed
Llama3.1-8B,10000,20,query_first,0.9855775805321955,0.7478531306154923,1.0,1.0,seed
Llama3.1-8B,10000,20,query_first,0.9858198533878959,0.7515384468623323,0.0,0.0,seed
Llama3.1-8B,10000,20,query_first,0.9798625250533844,0.6657374174289482,1.0,0.0,seed
Llama3.1-8B,10000,20,query_first,0.9794361947100801,0.6599681597949054,0.0,0.0,seed
Llama3.1-8B,10000,2,query_first,0.9894288090797424,0.9789693682369573,1.0,0.0,seed
Llama3.1-8B,10000,2,query_first,0.9825153481178552,0.9653364092871503,1.0,0.0,seed
Llama3.1-8B,10000,2,query_first,0.9917868021565082,0.9836410609318327,1.0,0.0,seed
Llama3.1-8B,10000,2,query_first,0.9880894879908877,0.9763208362780946,1.0,0.0,seed
Llama3.1-8B,10000,2,query_first,0.9867763159298071,0.9737274976800024,1.0,0.0,seed
Llama3.1-8B,10000,30,query_first,0.981531023321361,0.5716377852046713,0.0,0.0,seed
Llama3.1-8B,10000,30,query_first,0.9860591979284493,0.6562807352918786,0.0,0.0,seed
Llama3.1-8B,10000,30,query_first,0.9843945200237858,0.623843452819471,0.0,0.0,seed
Llama3.1-8B,10000,30,query_first,0.9779227107607112,0.5118420499818475,1.0,1.0,seed
Llama3.1-8B,10000,30,query_first,0.9777819461942528,0.5096363834193234,1.0,1.0,seed
Llama3.1-8B,10000,3,query_first,0.98850469156391,0.9659089820254712,1.0,0.0,seed
Llama3.1-8B,10000,3,query_first,0.9830974709359672,0.9501446702978809,1.0,0.0,seed
Llama3.1-8B,10000,3,query_first,0.990955740806629,0.9731118784849971,1.0,0.0,seed
Llama3.1-8B,10000,3,query_first,0.9869315958828452,0.9613049053433501,1.0,0.0,seed
Llama3.1-8B,10000,3,query_first,0.9857039223481858,0.9577219787518205,1.0,0.0,seed
Llama3.1-8B,10000,4,query_first,0.9878010295913959,0.9520897682324093,1.0,0.0,seed
Llama3.1-8B,10000,4,query_first,0.9834988997042098,0.9356114187275986,1.0,0.0,seed
Llama3.1-8B,10000,4,query_first,0.9903160724979615,0.961823336922516,1.0,0.0,seed
Llama3.1-8B,10000,4,query_first,0.986043370821692,0.9453313719095485,1.0,0.0,seed
Llama3.1-8B,10000,4,query_first,0.9848915100571977,0.9409218960979163,1.0,0.0,seed
Llama3.1-8B,10000,5,query_first,0.9872260792948313,0.9377414161670437,1.0,0.0,seed
Llama3.1-8B,10000,5,query_first,0.9838038031720684,0.9216000413693723,1.0,0.0,seed
Llama3.1-8B,10000,5,query_first,0.9897892321709629,0.9499781671668758,1.0,0.0,seed
Llama3.1-8B,10000,5,query_first,0.9853136582992456,0.928693732976854,1.0,1.0,seed
Llama3.1-8B,10000,5,query_first,0.9842302000594239,0.923598957070846,1.0,0.0,seed
Llama3.1-8B,10000,6,query_first,0.9867365215871513,0.9230117229913701,1.0,0.0,seed
Llama3.1-8B,10000,6,query_first,0.9840488084136779,0.9080292505100237,1.0,0.0,seed
Llama3.1-8B,10000,6,query_first,0.9893377936307813,0.9377079523290768,1.0,0.0,seed
Llama3.1-8B,10000,6,query_first,0.984689645599818,0.9115830199713116,1.0,1.0,seed
Llama3.1-8B,10000,6,query_first,0.98366879513968,0.9059273413270315,1.0,1.0,seed
Llama3.1-8B,10000,8,query_first,0.9859261656733443,0.8928019716745647,1.0,0.0,seed
Llama3.1-8B,10000,8,query_first,0.9844280011526977,0.8820062579544679,0.0,0.0,seed
Llama3.1-8B,10000,8,query_first,0.9885850118264211,0.9122464329263503,0.0,0.0,seed
Llama3.1-8B,10000,8,query_first,0.9836515652260929,0.876456364073685,1.0,1.0,seed
Llama3.1-8B,10000,8,query_first,0.9827427561532017,0.8699991140820088,1.0,0.0,seed
Llama3.1-8B,2000,10,query_first,0.9794928284104333,0.8128541091439683,1.0,0.0,seed
Llama3.1-8B,2000,10,query_first,0.9866434453913516,0.874182987970086,1.0,1.0,seed
Llama3.1-8B,2000,10,query_first,0.9823967922851562,0.8372773781387004,1.0,0.0,seed
Llama3.1-8B,2000,10,query_first,0.9752174327142316,0.7780626357655972,1.0,0.0,seed
Llama3.1-8B,2000,10,query_first,0.9755118689324137,0.7804149452311037,1.0,1.0,seed
Llama3.1-8B,2000,1,query_first,0.9872260792948313,0.9872260792948313,1.0,0.0,seed
Llama3.1-8B,2000,1,query_first,0.9838038031720684,0.9838038031720684,1.0,0.0,seed
Llama3.1-8B,2000,1,query_first,0.9897892321709629,0.9897892321709629,1.0,0.0,seed
Llama3.1-8B,2000,1,query_first,0.9853136582992456,0.9853136582992456,1.0,1.0,seed
Llama3.1-8B,2000,1,query_first,0.9842302000594239,0.9842302000594239,1.0,0.0,seed
Llama3.1-8B,2000,20,query_first,0.9763716176725693,0.6198732951298407,1.0,0.0,seed
Llama3.1-8B,2000,20,query_first,0.9873977605873575,0.7759661173312704,1.0,1.0,seed
Llama3.1-8B,2000,20,query_first,0.9792797311677696,0.6578627771934179,1.0,1.0,seed
Llama3.1-8B,2000,20,query_first,0.9710248591369819,0.555401397053033,1.0,0.0,seed
Llama3.1-8B,2000,20,query_first,0.9720669612250155,0.5674448386847027,1.0,1.0,seed
Llama3.1-8B,2000,2,query_first,0.9852641692720054,0.970745483251255,1.0,0.0,seed
Llama3.1-8B,2000,2,query_first,0.9847160036952667,0.9696656079335765,1.0,0.0,seed
Llama3.1-8B,2000,2,query_first,0.9879651400780322,0.9760751180094057,1.0,0.0,seed
Llama3.1-8B,2000,2,query_first,0.9827989803338728,0.9658938357453001,1.0,0.0,seed
Llama3.1-8B,2000,2,query_first,0.9819891135329811,0.9643026190972901,1.0,0.0,seed
Llama3.1-8B,2000,30,query_first,0.9743356675174303,0.4584141682245801,1.0,1.0,seed
Llama3.1-8B,2000,30,query_first,0.9878193467111238,0.6923502136197791,1.0,1.0,seed
Llama3.1-8B,2000,30,query_first,0.9772122059689689,0.5008024998231299,1.0,1.0,seed
Llama3.1-8B,2000,30,query_first,0.9682613001436559,0.3799944243922486,1.0,1.0,seed
Llama3.1-8B,2000,30,query_first,0.9698381529796837,0.3990046451689953,1.0,1.0,seed
Llama3.1-8B,2000,3,query_first,0.9839818792129629,0.9527112682870011,1.0,0.0,seed
Llama3.1-8B,2000,3,query_first,0.9852259610098064,0.9563294749512623,1.0,0.0,seed
Llama3.1-8B,2000,3,query_first,0.9867525448982333,0.9607817950317035,1.0,0.0,seed
Llama3.1-8B,2000,3,query_first,0.9811365851487794,0.9444705285667866,1.0,0.0,seed
Llama3.1-8B,2000,3,query_first,0.9805361525375277,0.9427376079763048,1.0,0.0,seed
Llama3.1-8B,2000,4,query_first,0.9830061220116701,0.9337376920054209,1.0,0.0,seed
Llama3.1-8B,2000,4,query_first,0.9855775805321955,0.9435464026854758,1.0,1.0,seed
Llama3.1-8B,2000,4,query_first,0.9858198533878959,0.944474508150723,1.0,0.0,seed
Llama3.1-8B,2000,4,query_first,0.9798625250533844,0.921850707615673,1.0,0.0,seed
Llama3.1-8B,2000,4,query_first,0.9794361947100801,0.9202473949148319,1.0,0.0,seed
Llama3.1-8B,2000,5,query_first,0.982209252846978,0.914155560574775,1.0,0.0,seed
Llama3.1-8B,2000,5,query_first,0.9858446274436055,0.9311987193544341,1.0,1.0,seed
Llama3.1-8B,2000,5,query_first,0.9850520948117301,0.9274617220545738,1.0,0.0,seed
Llama3.1-8B,2000,5,query_first,0.9788165939138852,0.8984762813450077,1.0,1.0,seed
Llama3.1-8B,2000,5,query_first,0.9785413040264869,0.897213520034166,1.0,0.0,seed
Llama3.1-8B,2000,6,query_first,0.981531023321361,0.8941784223339097,1.0,0.0,seed
Llama3.1-8B,2000,6,query_first,0.9860591979284493,0.9192167536381072,1.0,1.0,seed
Llama3.1-8B,2000,6,query_first,0.9843945200237858,0.9099449609290862,1.0,0.0,seed
Llama3.1-8B,2000,6,query_first,0.9779227107607112,0.8746356848190412,1.0,0.0,seed
Llama3.1-8B,2000,6,query_first,0.9777819461942528,0.8738805735072263,1.0,0.0,seed
Llama3.1-8B,2000,8,query_first,0.9804089426659116,0.853607282610308,1.0,0.0,seed
Llama3.1-8B,2000,8,query_first,0.9863912604794756,0.8961768596315238,1.0,0.0,seed
Llama3.1-8B,2000,8,query_first,0.9832986209292841,0.8739436688549376,1.0,1.0,seed
Llama3.1-8B,2000,8,query_first,0.9764367945082614,0.8263291826752813,1.0,0.0,seed
Llama3.1-8B,2000,8,query_first,0.9765300658338181,0.8269608556407517,1.0,0.0,seed
Llama3.1-8B,5000,10,query_first,0.9830061220116701,0.8424850938377174,1.0,0.0,seed
Llama3.1-8B,5000,10,query_first,0.9855775805321955,0.8647850198838393,1.0,1.0,seed
Llama3.1-8B,5000,10,query_first,0.9858198533878959,0.8669131714666309,1.0,1.0,seed
Llama3.1-8B,5000,10,query_first,0.9798625250533844,0.815927335875535,1.0,1.0,seed
Llama3.1-8B,5000,10,query_first,0.9794361947100801,0.8123842439356548,1.0,1.0,seed
Llama3.1-8B,5000,1,query_first,0.9894288090797424,0.9894288090797424,1.0,0.0,seed
Llama3.1-8B,5000,1,query_first,0.9825153481178552,0.9825153481178552,1.0,0.0,seed
Llama3.1-8B,5000,1,query_first,0.9917868021565082,0.9917868021565082,1.0,0.0,seed
Llama3.1-8B,5000,1,query_first,0.9880894879908877,0.9880894879908877,1.0,0.0,seed
Llama3.1-8B,5000,1,query_first,0.9867763159298071,0.9867763159298071,1.0,0.0,seed
Llama3.1-8B,5000,20,query_first,0.9804089426659116,0.6732018164273635,0.0,1.0,seed
Llama3.1-8B,5000,20,query_first,0.9863912604794756,0.7602988162044295,1.0,0.0,seed
Llama3.1-8B,5000,20,query_first,0.9832986209292841,0.7140170811232078,1.0,1.0,seed
Llama3.1-8B,5000,20,query_first,0.9764367945082614,0.6207014021855756,1.0,1.0,seed
Llama3.1-8B,5000,20,query_first,0.9765300658338181,0.6218882933225204,1.0,1.0,seed
Llama3.1-8B,5000,2,query_first,0.9878010295913959,0.9757508740618218,1.0,0.0,seed
Llama3.1-8B,5000,2,query_first,0.9834988997042098,0.9672700857193913,1.0,0.0,seed
Llama3.1-8B,5000,2,query_first,0.9903160724979615,0.9807259234477878,1.0,0.0,seed
Llama3.1-8B,5000,2,query_first,0.986043370821692,0.9722815291414049,1.0,0.0,seed
Llama3.1-8B,5000,2,query_first,0.9848915100571977,0.970011286582747,1.0,0.0,seed
Llama3.1-8B,5000,30,query_first,0.9787132860441708,0.5244022149091294,1.0,0.0,seed
Llama3.1-8B,5000,30,query_first,0.9868460687684532,0.6721751636835364,1.0,1.0,seed
Llama3.1-8B,5000,30,query_first,0.9816245868164937,0.5732747712938822,0.0,0.0,seed
Llama3.1-8B,5000,30,query_first,0.97417568152117,0.4561613871075637,1.0,0.0,seed
Llama3.1-8B,5000,30,query_first,0.9746480860146011,0.4628444156118481,1.0,1.0,seed
Llama3.1-8B,5000,3,query_first,0.9867365215871513,0.9607349910310179,1.0,0.0,seed
Llama3.1-8B,5000,3,query_first,0.9840488084136779,0.9529056881507338,1.0,0.0,seed
Llama3.1-8B,5000,3,query_first,0.9893377936307813,0.9683532167185055,1.0,0.0,seed
Llama3.1-8B,5000,3,query_first,0.984689645599818,0.9547685688015246,1.0,0.0,seed
Llama3.1-8B,5000,3,query_first,0.98366879513968,0.9518021545085047,1.0,0.0,seed
Llama3.1-8B,5000,4,query_first,0.9859261656733443,0.9448819882263417,1.0,0.0,seed
Llama3.1-8B,5000,4,query_first,0.9844280011526977,0.9391518822610472,1.0,0.0,seed
Llama3.1-8B,5000,4,query_first,0.9885850118264211,0.9551159264332002,1.0,0.0,seed
Llama3.1-8B,5000,4,query_first,0.9836515652260929,0.9361924823847311,1.0,0.0,seed
Llama3.1-8B,5000,4,query_first,0.9827427561532017,0.932737430406869,1.0,0.0,seed
Llama3.1-8B,5000,5,query_first,0.9852641692720054,0.9284605304202721,1.0,0.0,seed
Llama3.1-8B,5000,5,query_first,0.9847160036952667,0.9258805924204307,1.0,0.0,seed
Llama3.1-8B,5000,5,query_first,0.9879651400780322,0.9412567525283625,1.0,0.0,seed
Llama3.1-8B,5000,5,query_first,0.9827989803338728,0.9169031951191265,1.0,1.0,seed
Llama3.1-8B,5000,5,query_first,0.9819891135329811,0.9131315863533745,1.0,0.0,seed
Llama3.1-8B,5000,6,query_first,0.9847005870373523,0.9116437963130956,1.0,0.0,seed
Llama3.1-8B,5000,6,query_first,0.9849474209094784,0.9130157806606277,1.0,0.0,seed
Llama3.1-8B,5000,6,query_first,0.9874340786205641,0.926933695768727,1.0,0.0,seed
Llama3.1-8B,5000,6,query_first,0.9820700649869412,0.8971288844140282,1.0,0.0,seed
Llama3.1-8B,5000,6,query_first,0.9813494377602117,0.8931863305412839,1.0,1.0,seed
Llama3.1-8B,5000,8,query_first,0.9837678883015946,0.8772858798176923,1.0,0.0,seed
Llama3.1-8B,5000,8,query_first,0.9853055707639883,0.8883160436038613,1.0,1.0,seed
Llama3.1-8B,5000,8,query_first,0.9865487166136768,0.8973219420101375,1.0,0.0,seed
Llama3.1-8B,5000,8,query_first,0.9808578232711681,0.8567388928337498,1.0,0.0,seed
Llama3.1-8B,5000,8,query_first,0.9802945173492718,0.8528105995972642,1.0,1.0,seed
Llama3.1-8B,10000,10,query_last,0.7137566214082193,0.03431638262601294,0.0,0.0,seed
Llama3.1-8B,10000,10,query_last,0.8040406683203402,0.11292241534539024,1.0,0.0,seed
Llama3.1-8B,10000,10,query_last,0.7438606116455301,0.051869926044762114,1.0,1.0,seed
Llama3.1-8B,10000,10,query_last,0.767331310076985,0.07076674081956001,1.0,1.0,seed
Llama3.1-8B,10000,10,query_last,0.7096335503291652,0.03238481351215394,1.0,1.0,seed
Llama3.1-8B,10000,1,query_last,0.8013785659200141,0.8013785659200141,1.0,1.0,seed
Llama3.1-8B,10000,1,query_last,0.7713749535034649,0.7713749535034649,1.0,1.0,seed
Llama3.1-8B,10000,1,query_last,0.8345559789858973,0.8345559789858973,0.0,0.0,seed
Llama3.1-8B,10000,1,query_last,0.8490058872829862,0.8490058872829862,1.0,1.0,seed
Llama3.1-8B,10000,1,query_last,0.7929162478611643,0.7929162478611643,1.0,1.0,seed
Llama3.1-8B,10000,20,query_last,0.683268609930407,0.0004918462729864478,1.0,1.0,seed
Llama3.1-8B,10000,20,query_last,0.8131545910632486,0.015975790889068878,0.0,0.0,seed
Llama3.1-8B,10000,20,query_last,0.710933612352512,0.0010878799081916663,0.0,0.0,seed
Llama3.1-8B,10000,20,query_last,0.7374384299071431,0.002262118348199869,1.0,1.0,seed
Llama3.1-8B,10000,20,query_last,0.6810161857707532,0.00046041416757658225,1.0,1.0,seed
Llama3.1-8B,10000,2,query_last,0.7773114871320532,0.6042131480274442,1.0,1.0,seed
Llama3.1-8B,10000,2,query_last,0.7815954526339253,0.6108914515780305,1.0,0.0,seed
Llama3.1-8B,10000,2,query_last,0.8103149166204794,0.6566102640976544,1.0,1.0,seed
Llama3.1-8B,10000,2,query_last,0.8272439446138837,0.6843325439003384,1.0,0.0,seed
Llama3.1-8B,10000,2,query_last,0.7698447936125047,0.5926610062522799,1.0,0.0,seed
Llama3.1-8B,10000,30,query_last,0.6646516091052468,4.76235554036328e-06,0.0,0.0,seed
Llama3.1-8B,10000,30,query_last,0.818332726495584,0.0024428544441710233,0.0,0.0,seed
Llama3.1-8B,10000,30,query_last,0.6905509976505358,1.4992453518660709e-05,0.0,0.0,seed
Llama3.1-8B,10000,30,query_last,0.7188467729289886,5.001379652446495e-05,0.0,0.0,seed
Llama3.1-8B,10000,30,query_last,0.6636008896719875,4.541599025100721e-06,0.0,0.0,seed
Llama3.1-8B,10000,3,query_last,0.762299167206856,0.4429720615570752,1.0,0.0,seed
Llama3.1-8B,10000,3,query_last,0.7874195540156277,0.4882233949235437,1.0,0.0,seed
Llama3.1-8B,10000,3,query_last,0.7949184070584254,0.5023051845406792,1.0,0.0,seed
Llama3.1-8B,10000,3,query_last,0.8134022501594709,0.5381658163649125,0.0,0.0,seed
Llama3.1-8B,10000,3,query_last,0.7555383213575432,0.43129010142558794,1.0,0.0,seed
Llama3.1-8B,10000,4,query_last,0.7512334492009445,0.3184928358732491,1.0,0.0,seed
Llama3.1-8B,10000,4,query_last,0.7914825611726662,0.39243289279869137,1.0,0.0,seed
Llama3.1-8B,10000,4,query_last,0.78344367721948,0.37673079297872003,1.0,0.0,seed
Llama3.1-8B,10000,4,query_last,0.8030730685504682,0.415930001349891,1.0,0.0,seed
Llama3.1-8B,10000,4,query_last,0.7450294655805734,0.3081014888352766,1.0,0.0,seed
Llama3.1-8B,10000,5,query_last,0.742416263921289,0.22554717218122364,1.0,0.0,seed
Llama3.1-8B,10000,5,query_last,0.7945944845198054,0.3167581011861138,1.0,0.0,seed
Llama3.1-8B,10000,5,query_last,0.7742280578133179,0.27819193154287486,0.0,0.0,seed
Llama3.1-8B,10000,5,query_last,0.7947680185200638,0.3171041413118014,1.0,1.0,seed
Llama3.1-8B,10000,5,query_last,0.7366762440100573,0.2169618252289046,1.0,0.0,seed
Llama3.1-8B,10000,6,query_last,0.7350623072737374,0.15774112021745265,1.0,0.0,seed
Llama3.1-8B,10000,6,query_last,0.7971114475529475,0.2565158925840926,1.0,0.0,seed
Llama3.1-8B,10000,6,query_last,0.766494582733116,0.20279373720143465,1.0,0.0,seed
Llama3.1-8B,10000,6,query_last,0.7877915317526798,0.2390384965887395,1.0,1.0,seed
Llama3.1-8B,10000,6,query_last,0.7297220207526842,0.15098879275359212,1.0,0.0,seed
Llama3.1-8B,10000,8,query_last,0.7231890582944982,0.07481949521719,1.0,0.0,seed
Llama3.1-8B,10000,8,query_last,0.8010360214663496,0.16951821438404352,1.0,0.0,seed
Llama3.1-8B,10000,8,query_last,0.7539218040310567,0.10437835044327856,0.0,0.0,seed
Llama3.1-8B,10000,8,query_last,0.7764343158672704,0.13208021656158453,1.0,0.0,seed
Llama3.1-8B,10000,8,query_last,0.7185168415027149,0.07103880006408307,1.0,1.0,seed
Llama3.1-8B,2000,10,query_last,0.6404532842181896,0.01161113221531349,1.0,0.0,seed
Llama3.1-8B,2000,10,query_last,0.8246965734584649,0.1455264385747432,0.0,1.0,seed
Llama3.1-8B,2000,10,query_last,0.6637846848960485,0.01660627707123956,0.0,0.0,seed
Llama3.1-8B,2000,10,query_last,0.6943185248450034,0.02603679517107588,0.0,0.0,seed
Llama3.1-8B,2000,10,query_last,0.641015608089502,0.011713482764187409,0.0,0.0,seed
Llama3.1-8B,2000,1,query_last,0.742416263921289,0.742416263921289,0.0,1.0,seed
Llama3.1-8B,2000,1,query_last,0.7945944845198054,0.7945944845198054,0.0,0.0,seed
Llama3.1-8B,2000,1,query_last,0.7742280578133179,0.7742280578133179,1.0,1.0,seed
Llama3.1-8B,2000,1,query_last,0.7947680185200638,0.7947680185200638,0.0,1.0,seed
Llama3.1-8B,2000,1,query_last,0.7366762440100573,0.7366762440100573,0.0,1.0,seed
Llama3.1-8B,2000,20,query_last,0.6064624796809368,4.529797068410175e-05,1.0,1.0,seed
Llama3.1-8B,2000,20,query_last,0.8330492829100079,0.025906807469242652,0.0,1.0,seed
Llama3.1-8B,2000,20,query_last,0.6257429598041648,8.470702745989027e-05,1.0,1.0,seed
Llama3.1-8B,2000,20,query_last,0.659211199176223,0.00024015494715577362,1.0,1.0,seed
Llama3.1-8B,2000,20,query_last,0.60935829429426,4.98258295891609e-05,1.0,0.0,seed
Llama3.1-8B,2000,2,query_last,0.7137566214082193,0.509448514604076,0.0,1.0,seed
Llama3.1-8B,2000,2,query_last,0.8040406683203402,0.6464813963130193,0.0,0.0,seed
Llama3.1-8B,2000,2,query_last,0.7438606116455301,0.5533286095576622,1.0,1.0,seed
Llama3.1-8B,2000,2,query_last,0.767331310076985,0.588797339424462,1.0,0.0,seed
Llama3.1-8B,2000,2,query_last,0.7096335503291652,0.5035797757527758,1.0,1.0,seed
Llama3.1-8B,2000,30,query_last,0.5860659089853819,1.0924304222220978e-07,1.0,1.0,seed
Llama3.1-8B,2000,30,query_last,0.8377860547937,0.0049430364573268114,0.0,1.0,seed
Llama3.1-8B,2000,30,query_last,0.6027102467890477,2.5307966537559584e-07,1.0,1.0,seed
Llama3.1-8B,2000,30,query_last,0.6378009803300928,1.3821509390591857e-06,1.0,1.0,seed
Llama3.1-8B,2000,30,query_last,0.5903838810149117,1.361553619170968e-07,0.0,0.0,seed
Llama3.1-8B,2000,3,query_last,0.6961346991122345,0.337349325102261,1.0,1.0,seed
Llama3.1-8B,2000,3,query_last,0.8094121826757033,0.530284838593451,0.0,0.0,seed
Llama3.1-8B,2000,3,query_last,0.7249013330137748,0.38092256066913943,0.0,0.0,seed
Llama3.1-8B,2000,3,query_last,0.7501391523219354,0.42210986311354004,0.0,1.0,seed
Llama3.1-8B,2000,3,query_last,0.6930765038895961,0.33292279191793667,1.0,0.0,seed
Llama3.1-8B,2000,4,query_last,0.683268609930407,0.21795451849528436,1.0,1.0,seed
Llama3.1-8B,2000,4,query_last,0.8131545910632486,0.43721240278598694,0.0,1.0,seed
Llama3.1-8B,2000,4,query_last,0.710933612352512,0.2554560491728781,0.0,0.0,seed
Llama3.1-8B,2000,4,query_last,0.7374384299071431,0.29573523050262407,0.0,1.0,seed
Llama3.1-8B,2000,4,query_last,0.6810161857707532,0.21509471309080913,1.0,0.0,seed
Llama3.1-8B,2000,5,query_last,0.6730907785262905,0.13815550777570643,1.0,0.0,seed
Llama3.1-8B,2000,5,query_last,0.8160182630591541,0.36182568533908427,0.0,1.0,seed
Llama3.1-8B,2000,5,query_last,0.699814621732414,0.1678475712308517,0.0,0.0,seed
Llama3.1-8B,2000,5,query_last,0.7273052756233149,0.20350903222436514,1.0,1.0,seed
Llama3.1-8B,2000,5,query_last,0.6714905084259086,0.13652097816025932,1.0,0.0,seed
Llama3.1-8B,2000,6,query_last,0.6646516091052468,0.08621133356000807,1.0,0.0,seed
Llama3.1-8B,2000,6,query_last,0.818332726495584,0.3003167242152954,0.0,0.0,seed
Llama3.1-8B,2000,6,query_last,0.6905509976505358,0.1084362629952167,0.0,0.0,seed
Llama3.1-8B,2000,6,query_last,0.7188467729289886,0.1379805794954775,1.0,1.0,seed
Llama3.1-8B,2000,6,query_last,0.6636008896719875,0.08539683156827328,1.0,0.0,seed
Llama3.1-8B,2000,8,query_last,0.6511205556034091,0.03230659954723068,0.0,1.0,seed
Llama3.1-8B,2000,8,query_last,0.8219385041832956,0.2083121520528306,0.0,0.0,seed
Llama3.1-8B,2000,8,query_last,0.6756196379223326,0.04341283185463264,0.0,0.0,seed
Llama3.1-8B,2000,8,query_last,0.7051805701815335,0.06115087863796643,0.0,1.0,seed
Llama3.1-8B,2000,8,query_last,0.6509656323134779,0.032245156195843755,1.0,0.0,seed
Llama3.1-8B,5000,10,query_last,0.683268609930407,0.02217760746758874,0.0,0.0,seed
Llama3.1-8B,5000,10,query_last,0.8131545910632486,0.1263953752677244,0.0,0.0,seed
Llama3.1-8B,5000,10,query_last,0.710933612352512,0.032983024545842766,0.0,0.0,seed
Llama3.1-8B,5000,10,query_last,0.7374384299071431,0.04756173197224707,1.0,1.0,seed
Llama3.1-8B,5000,10,query_last,0.6810161857707532,0.021457263748590645,0.0,1.0,seed
Llama3.1-8B,5000,1,query_last,0.7773114871320532,0.7773114871320532,1.0,1.0,seed
Llama3.1-8B,5000,1,query_last,0.7815954526339253,0.7815954526339253,0.0,0.0,seed
Llama3.1-8B,5000,1,query_last,0.8103149166204794,0.8103149166204794,0.0,0.0,seed
Llama3.1-8B,5000,1,query_last,0.8272439446138837,0.8272439446138837,0.0,1.0,seed
Llama3.1-8B,5000,1,query_last,0.7698447936125047,0.7698447936125047,0.0,1.0,seed
Llama3.1-8B,5000,20,query_last,0.6511205556034091,0.00018759796421358803,0.0,0.0,seed
Llama3.1-8B,5000,20,query_last,0.8219385041832956,0.01980553206521817,0.0,0.0,seed
Llama3.1-8B,5000,20,query_last,0.6756196379223326,0.00039268588448470286,1.0,1.0,seed
Llama3.1-8B,5000,20,query_last,0.7051805701815335,0.0009247125542022585,0.0,0.0,seed
Llama3.1-8B,5000,20,query_last,0.6509656323134779,0.0001867072629897542,1.0,1.0,seed
Llama3.1-8B,5000,2,query_last,0.7512334492009445,0.564351695198348,1.0,1.0,seed
Llama3.1-8B,5000,2,query_last,0.7914825611726662,0.6264446446404434,0.0,0.0,seed
Llama3.1-8B,5000,2,query_last,0.78344367721948,0.6137839953751808,1.0,1.0,seed
Llama3.1-8B,5000,2,query_last,0.8030730685504682,0.6449263534310651,1.0,1.0,seed
Llama3.1-8B,5000,2,query_last,0.7450294655805734,0.5550689045832747,1.0,1.0,seed
Llama3.1-8B,5000,30,query_last,0.6316326788757571,1.0326133425031056e-06,0.0,0.0,seed
Llama3.1-8B,5000,30,query_last,0.8269250200370222,0.0033418270775516347,0.0,0.0,seed
Llama3.1-8B,5000,30,query_last,0.6539589818881568,2.9276238123184447e-06,0.0,0.0,seed
Llama3.1-8B,5000,30,query_last,0.68527958814459,1.191334945625571e-05,0.0,0.0,seed
Llama3.1-8B,5000,30,query_last,0.6327943310693871,1.0911322584216028e-06,0.0,0.0,seed
Llama3.1-8B,5000,3,query_last,0.7350623072737374,0.3971663634013493,1.0,0.0,seed
Llama3.1-8B,5000,3,query_last,0.7971114475529475,0.5064739801649168,1.0,0.0,seed
Llama3.1-8B,5000,3,query_last,0.766494582733116,0.4503262563979971,1.0,0.0,seed
Llama3.1-8B,5000,3,query_last,0.7877915317526798,0.4889156334059482,0.0,0.0,seed
Llama3.1-8B,5000,3,query_last,0.7297220207526842,0.38857276378252775,1.0,0.0,seed
Llama3.1-8B,5000,4,query_last,0.7231890582944982,0.27353152508840733,1.0,0.0,seed
Llama3.1-8B,5000,4,query_last,0.8010360214663496,0.4117258971500864,0.0,0.0,seed
Llama3.1-8B,5000,4,query_last,0.7539218040310567,0.32307638484308715,1.0,0.0,seed
Llama3.1-8B,5000,4,query_last,0.7764343158672704,0.3634284201346732,0.0,0.0,seed
Llama3.1-8B,5000,4,query_last,0.7185168415027149,0.26653104896818886,1.0,0.0,seed
Llama3.1-8B,5000,5,query_last,0.7137566214082193,0.18524681542745328,1.0,0.0,seed
Llama3.1-8B,5000,5,query_last,0.8040406683203402,0.3360393062506085,0.0,1.0,seed
Llama3.1-8B,5000,5,query_last,0.7438606116455301,0.2277497004273817,1.0,0.0,seed
Llama3.1-8B,5000,5,query_last,0.767331310076985,0.26602018874431316,0.0,1.0,seed
Llama3.1-8B,5000,5,query_last,0.7096335503291652,0.1799578103671912,1.0,0.0,seed
Llama3.1-8B,5000,6,query_last,0.7059085603782603,0.12373446676171002,1.0,0.0,seed
Llama3.1-8B,5000,6,query_last,0.8064700731782976,0.27512467103555566,1.0,1.0,seed
Llama3.1-8B,5000,6,query_last,0.7354423842120377,0.15823113023633414,1.0,0.0,seed
Llama3.1-8B,5000,6,query_last,0.7597041498182925,0.19225028497812105,1.0,0.0,seed
Llama3.1-8B,5000,6,query_last,0.702253800014357,0.11994014996827503,1.0,0.0,seed
Llama3.1-8B,5000,8,query_last,0.6932739674402801,0.0533628653667017,1.0,0.0,seed
Llama3.1-8B,5000,8,query_last,0.8102567103328034,0.1857723570765309,0.0,1.0,seed
Llama3.1-8B,5000,8,query_last,0.7218044734425726,0.07368117694858885,0.0,0.0,seed
Llama3.1-8B,5000,8,query_last,0.7473258576548901,0.09729265920024938,0.0,1.0,seed
Llama3.1-8B,5000,8,query_last,0.690393004926437,0.05161442096744242,1.0,0.0,seed
Llama3.2-3B,10000,10,query_first,0.6075628695883629,0.006853497309424156,0.0,0.0,seed
Llama3.2-3B,10000,10,query_first,0.6854469423314846,0.0228948833177473,0.0,0.0,seed
Llama3.2-3B,10000,10,query_first,0.6134753929196158,0.007550426330039653,0.0,0.0,seed
Llama3.2-3B,10000,10,query_first,0.6350638628710185,0.01067023556108049,1.0,0.0,seed
Llama3.2-3B,10000,10,query_first,0.6812791928828098,0.02154027544249874,0.0,0.0,seed
Llama3.2-3B,10000,1,query_first,0.26485746484533407,0.26485746484533407,0.0,0.0,seed
Llama3.2-3B,10000,1,query_first,0.2691998591074249,0.2691998591074249,0.0,0.0,seed
Llama3.2-3B,10000,1,query_first,0.26890983122019635,0.26890983122019635,1.0,1.0,seed
Llama3.2-3B,10000,1,query_first,0.27727642217789933,0.27727642217789933,1.0,1.0,seed
Llama3.2-3B,10000,1,query_first,0.3215706612948255,0.3215706612948255,1.0,1.0,seed
Llama3.2-3B,10000,20,query_first,0.7059856980618032,0.0009460586547398335,0.0,0.0,seed
Llama3.2-3B,10000,20,query_first,0.7881868287550344,0.008562162451019737,0.0,0.0,seed
Llama3.2-3B,10000,20,query_first,0.7113772019496628,0.0011015364132289341,0.0,0.0,seed
Llama3.2-3B,10000,20,query_first,0.7328567243877122,0.0019970159897916223,0.0,0.0,seed
Llama3.2-3B,10000,20,query_first,0.7708424067318733,0.005486709592597154,0.0,0.0,seed
Llama3.2-3B,10000,2,query_first,0.3584758956037508,0.12850496772891126,0.0,0.0,seed
Llama3.2-3B,10000,2,query_first,0.38613837738795276,0.14910284649180103,0.0,0.0,seed
Llama3.2-3B,10000,2,query_first,0.36354210873135506,0.1321628648208404,1.0,0.0,seed
Llama3.2-3B,10000,2,query_first,0.37687114170207797,0.14203185744782773,0.0,0.0,seed
Llama3.2-3B,10000,2,query_first,0.42723392009260547,0.1825288224776948,0.0,0.0,seed
Llama3.2-3B,10000,30,query_first,0.756336674353552,0.00022985544085374227,0.0,0.0,seed
Llama3.2-3B,10000,30,query_first,0.8357652698525354,0.004597583266761723,0.0,0.0,seed
Llama3.2-3B,10000,30,query_first,0.7612502357686883,0.0002791407264679061,0.0,0.0,seed
Llama3.2-3B,10000,30,query_first,0.7816687636298196,0.0006175650673777184,0.0,0.0,seed
Llama3.2-3B,10000,30,query_first,0.8143165953838525,0.0021076503644015905,0.0,0.0,seed
Llama3.2-3B,10000,3,query_first,0.4193961483255164,0.07376890091610114,1.0,0.0,seed
Llama3.2-3B,10000,3,query_first,0.462432641946627,0.09888842199411788,1.0,0.0,seed
Llama3.2-3B,10000,3,query_first,0.42493199396833986,0.07672878012792558,1.0,0.0,seed
Llama3.2-3B,10000,3,query_first,0.4411250471791755,0.08583909959079748,1.0,0.0,seed
Llama3.2-3B,10000,3,query_first,0.49302205697923995,0.1198392404998014,1.0,0.0,seed
Llama3.2-3B,10000,4,query_first,0.4642864012111834,0.046466916499641686,1.0,0.0,seed
Llama3.2-3B,10000,4,query_first,0.517876993933989,0.07192940597754127,1.0,0.0,seed
Llama3.2-3B,10000,4,query_first,0.4700644520343926,0.048823581920567745,1.0,0.0,seed
Llama3.2-3B,10000,4,query_first,0.48808023244837695,0.05674987055727256,0.0,0.0,seed
Llama3.2-3B,10000,4,query_first,0.5399823520649019,0.08501944488709119,0.0,0.0,seed
Llama3.2-3B,10000,5,query_first,0.49954801417621053,0.031109009563309444,1.0,0.0,seed
Llama3.2-3B,10000,5,query_first,0.5606513941774762,0.055394230302854314,1.0,0.0,seed
Llama3.2-3B,10000,5,query_first,0.5054515513133796,0.03299116630525279,1.0,0.0,seed
Llama3.2-3B,10000,5,query_first,0.5246902263122208,0.03976627139871244,1.0,0.0,seed
Llama3.2-3B,10000,5,query_first,0.5759670710715618,0.0633852597266979,0.0,0.0,seed
Llama3.2-3B,10000,6,query_first,0.5283780960234025,0.02176049816684518,0.0,0.0,seed
Llama3.2-3B,10000,6,query_first,0.5949722166687882,0.04435883340472911,0.0,0.0,seed
Llama3.2-3B,10000,6,query_first,0.5343404485108556,0.023275997610808164,1.0,0.0,seed
Llama3.2-3B,10000,6,query_first,0.5544246487437586,0.029043916533228988,0.0,0.0,seed
Llama3.2-3B,10000,6,query_first,0.6047994910975009,0.04894051130961958,0.0,0.0,seed
Llama3.2-3B,10000,8,query_first,0.573412824081736,0.011687973329660189,0.0,0.0,seed
Llama3.2-3B,10000,8,query_first,0.6471763979862497,0.03077381680482905,0.0,0.0,seed
Llama3.2-3B,10000,8,query_first,0.57938565986802,0.012698193352106167,0.0,0.0,seed
Llama3.2-3B,10000,8,query_first,0.6004819870110502,0.01690440438509709,0.0,0.0,seed
Llama3.2-3B,10000,8,query_first,0.6487818342240894,0.031389865125001776,0.0,0.0,seed
Llama3.2-3B,2000,10,query_first,0.8109421950786002,0.12299826429612767,0.0,0.0,seed
Llama3.2-3B,2000,10,query_first,0.8830267682568895,0.2882296741116941,0.0,0.0,seed
Llama3.2-3B,2000,10,query_first,0.815162793865556,0.12955181187777415,1.0,0.0,seed
Llama3.2-3B,2000,10,query_first,0.8335302510059353,0.16188762860619757,1.0,0.0,seed
Llama3.2-3B,2000,10,query_first,0.8596588150776024,0.22042518228170024,1.0,0.0,seed
Llama3.2-3B,2000,1,query_first,0.49954801417621053,0.49954801417621053,1.0,0.0,seed
Llama3.2-3B,2000,1,query_first,0.5606513941774762,0.5606513941774762,1.0,0.0,seed
Llama3.2-3B,2000,1,query_first,0.5054515513133796,0.5054515513133796,1.0,0.0,seed
Llama3.2-3B,2000,1,query_first,0.5246902263122208,0.5246902263122208,1.0,0.0,seed
Llama3.2-3B,2000,1,query_first,0.5759670710715618,0.5759670710715618,1.0,0.0,seed
Llama3.2-3B,2000,20,query_first,0.8693281231203726,0.060767950477527526,0.0,0.0,seed
Llama3.2-3B,2000,20,query_first,0.9280104885891846,0.22441800373237752,0.0,0.0,seed
Llama3.2-3B,2000,20,query_first,0.8725893723016978,0.06549352774488483,0.0,0.0,seed
Llama3.2-3B,2000,20,query_first,0.8875561985362224,0.0920274159508774,0.0,0.0,seed
Llama3.2-3B,2000,20,query_first,0.906011230939611,0.13889020685541117,1.0,1.0,seed
Llama3.2-3B,2000,2,query_first,0.6075628695883629,0.3691326405024461,1.0,0.0,seed
Llama3.2-3B,2000,2,query_first,0.6854469423314846,0.4698375107515816,0.0,0.0,seed
Llama3.2-3B,2000,2,query_first,0.6134753929196158,0.37635205771787705,1.0,0.0,seed
Llama3.2-3B,2000,2,query_first,0.6350638628710185,0.40330610992465976,1.0,0.0,seed
Llama3.2-3B,2000,2,query_first,0.6812791928828098,0.46414133865505275,1.0,0.0,seed
Llama3.2-3B,2000,30,query_first,0.8958334826306822,0.0368823612655367,1.0,1.0,seed
Llama3.2-3B,2000,30,query_first,0.9463201468251083,0.1910480393330838,1.0,1.0,seed
Llama3.2-3B,2000,30,query_first,0.8985771252042021,0.04042599900604541,1.0,0.0,seed
Llama3.2-3B,2000,30,query_first,0.911514671299555,0.062074023634374004,1.0,1.0,seed
Llama3.2-3B,2000,30,query_first,0.9262940723187459,0.10056955899486239,1.0,1.0,seed
Llama3.2-3B,2000,3,query_first,0.6668143653645321,0.2964932715264829,1.0,0.0,seed
Llama3.2-3B,2000,3,query_first,0.7487466539565486,0.4197635110545096,0.0,0.0,seed
Llama3.2-3B,2000,3,query_first,0.672476770101676,0.30411081161357556,1.0,0.0,seed
Llama3.2-3B,2000,3,query_first,0.6942906441467327,0.33467551395222883,1.0,0.0,seed
Llama3.2-3B,2000,3,query_first,0.7359237870453782,0.398564416066536,1.0,0.0,seed
Llama3.2-3B,2000,4,query_first,0.7059856980618032,0.24841831553886004,1.0,0.0,seed
Llama3.2-3B,2000,4,query_first,0.7881868287550344,0.38593724533375456,0.0,0.0,seed
Llama3.2-3B,2000,4,query_first,0.7113772019496628,0.25609421704412383,1.0,0.0,seed
Llama3.2-3B,2000,4,query_first,0.7328567243877122,0.2884538291254288,1.0,0.0,seed
Llama3.2-3B,2000,4,query_first,0.7708424067318733,0.3530712822375726,1.0,0.0,seed
Llama3.2-3B,2000,5,query_first,0.7344378946073172,0.2136856630649892,1.0,0.0,seed
Llama3.2-3B,2000,5,query_first,0.8155220007491932,0.3607267994956014,0.0,0.0,seed
Llama3.2-3B,2000,5,query_first,0.7395777026763666,0.2212682221045715,0.0,0.0,seed
Llama3.2-3B,2000,5,query_first,0.7605495017839742,0.25447049281791834,1.0,0.0,seed
Llama3.2-3B,2000,5,query_first,0.7956039171744456,0.3187752269290449,1.0,0.0,seed
Llama3.2-3B,2000,6,query_first,0.756336674353552,0.18719358326930113,1.0,0.0,seed
Llama3.2-3B,2000,6,query_first,0.8357652698525354,0.34080497093129275,0.0,0.0,seed
Llama3.2-3B,2000,6,query_first,0.7612502357686883,0.19460977067481902,1.0,0.0,seed
Llama3.2-3B,2000,6,query_first,0.7816687636298196,0.22810591360187257,1.0,0.0,seed
Llama3.2-3B,2000,6,query_first,0.8143165953838525,0.29158133066791697,1.0,0.0,seed
Llama3.2-3B,2000,8,query_first,0.7883242426014913,0.14915542632872045,0.0,0.0,seed
Llama3.2-3B,2000,8,query_first,0.8640264196645369,0.31061053250851417,0.0,0.0,seed
Llama3.2-3B,2000,8,query_first,0.7928547375556643,0.15615252264421697,0.0,0.0,seed
Llama3.2-3B,2000,8,query_first,0.8121935843676682,0.1893548515707373,0.0,0.0,seed
Llama3.2-3B,2000,8,query_first,0.8411074620193095,0.2505023977826884,1.0,0.0,seed
Llama3.2-3B,5000,10,query_first,0.7059856980618032,0.03075806649872247,0.0,0.0,seed
Llama3.2-3B,5000,10,query_first,0.7881868287550344,0.09253195367558029,0.0,1.0,seed
Llama3.2-3B,5000,10,query_first,0.7113772019496628,0.03318940212219759,1.0,0.0,seed
Llama3.2-3B,5000,10,query_first,0.7328567243877122,0.04468798484818511,1.0,0.0,seed
Llama3.2-3B,5000,10,query_first,0.7708424067318733,0.07407232676645951,1.0,0.0,seed
Llama3.2-3B,5000,1,query_first,0.3584758956037508,0.3584758956037508,1.0,0.0,seed
Llama3.2-3B,5000,1,query_first,0.38613837738795276,0.38613837738795276,1.0,0.0,seed
Llama3.2-3B,5000,1,query_first,0.36354210873135506,0.36354210873135506,0.0,0.0,seed
Llama3.2-3B,5000,1,query_first,0.37687114170207797,0.37687114170207797,1.0,0.0,seed
Llama3.2-3B,5000,1,query_first,0.42723392009260547,0.42723392009260547,0.0,0.0,seed
Llama3.2-3B,5000,20,query_first,0.7883242426014913,0.008592066792121439,0.0,0.0,seed
Llama3.2-3B,5000,20,query_first,0.8640264196645369,0.053770050627570724,0.0,0.0,seed
Llama3.2-3B,5000,20,query_first,0.7928547375556643,0.00963546130413449,0.0,0.0,seed
Llama3.2-3B,5000,20,query_first,0.8121935843676682,0.015602388666328593,0.0,0.0,seed
Llama3.2-3B,5000,20,query_first,0.8411074620193095,0.03140723601463588,0.0,0.0,seed
Llama3.2-3B,5000,2,query_first,0.4642864012111834,0.21556186234963198,1.0,0.0,seed
Llama3.2-3B,5000,2,query_first,0.517876993933989,0.26819658084610487,0.0,0.0,seed
Llama3.2-3B,5000,2,query_first,0.4700644520343926,0.2209605890663938,0.0,0.0,seed
Llama3.2-3B,5000,2,query_first,0.48808023244837695,0.23822231330686167,0.0,0.0,seed
Llama3.2-3B,5000,2,query_first,0.5399823520649019,0.2915809405415436,0.0,0.0,seed
Llama3.2-3B,5000,30,query_first,0.8280096458998805,0.0034758568639196015,0.0,0.0,seed
Llama3.2-3B,5000,30,query_first,0.8967999350034804,0.03809491802155477,0.0,0.0,seed
Llama3.2-3B,5000,30,query_first,0.8319741716725357,0.004011393991906124,0.0,0.0,seed
Llama3.2-3B,5000,30,query_first,0.849486546198113,0.0074936801568736755,0.0,0.0,seed
Llama3.2-3B,5000,30,query_first,0.8734400564531943,0.0172581067484865,0.0,0.0,seed
Llama3.2-3B,5000,3,query_first,0.5283780960234025,0.14751439986267503,1.0,0.0,seed
Llama3.2-3B,5000,3,query_first,0.5949722166687882,0.21061536839634737,0.0,0.0,seed
Llama3.2-3B,5000,3,query_first,0.5343404485108556,0.1525647325262564,0.0,0.0,seed
Llama3.2-3B,5000,3,query_first,0.5544246487437586,0.1704227582608291,1.0,0.0,seed
Llama3.2-3B,5000,3,query_first,0.6047994910975009,0.2212250241487603,0.0,0.0,seed
Llama3.2-3B,5000,4,query_first,0.573412824081736,0.1081109306668858,1.0,0.0,seed
Llama3.2-3B,5000,4,query_first,0.6471763979862497,0.17542467558707084,1.0,0.0,seed
Llama3.2-3B,5000,4,query_first,0.57938565986802,0.11268626070691212,0.0,0.0,seed
Llama3.2-3B,5000,4,query_first,0.6004819870110502,0.13001693883912624,0.0,0.0,seed
Llama3.2-3B,5000,4,query_first,0.6487818342240894,0.17717185195454094,0.0,0.0,seed
Llama3.2-3B,5000,5,query_first,0.6075628695883629,0.08278585210906605,1.0,0.0,seed
Llama3.2-3B,5000,5,query_first,0.6854469423314846,0.1513105525657325,1.0,0.0,seed
Llama3.2-3B,5000,5,query_first,0.6134753929196158,0.08689318920398567,1.0,0.0,seed
Llama3.2-3B,5000,5,query_first,0.6350638628710185,0.10329683228967135,1.0,0.0,seed
Llama3.2-3B,5000,5,query_first,0.6812791928828098,0.14676605684727903,0.0,0.0,seed
Llama3.2-3B,5000,6,query_first,0.6347204605275989,0.06538753860143033,1.0,0.0,seed
Llama3.2-3B,5000,6,query_first,0.7149751160026759,0.13358126788877847,1.0,0.0,seed
Llama3.2-3B,5000,6,query_first,0.6405416752416601,0.06906918758264355,1.0,0.0,seed
Llama3.2-3B,5000,6,query_first,0.6623370670420983,0.08442564038753747,0.0,0.0,seed
Llama3.2-3B,5000,6,query_first,0.7065985850346489,0.12446194414214594,0.0,0.0,seed
Llama3.2-3B,5000,8,query_first,0.6758306427350322,0.0435214176363109,0.0,0.0,seed
Llama3.2-3B,5000,8,query_first,0.7580031593116482,0.10898535068951178,0.0,0.0,seed
Llama3.2-3B,5000,8,query_first,0.6814382990069523,0.04649564847839591,1.0,0.0,seed
Llama3.2-3B,5000,8,query_first,0.7032110308976268,0.0597978263016019,0.0,0.0,seed
Llama3.2-3B,5000,8,query_first,0.7440462118209096,0.09392890925850063,1.0,0.0,seed
Llama3.2-3B,10000,10,query_last,0.4361018036364749,0.00024881630041783477,0.0,0.0,seed
Llama3.2-3B,10000,10,query_last,0.4377413449822025,0.00025833049714986433,0.0,0.0,seed
Llama3.2-3B,10000,10,query_last,0.46679698294243,0.000491224935152235,0.0,0.0,seed
Llama3.2-3B,10000,10,query_last,0.4444001703453539,0.00030042921804267593,0.0,0.0,seed
Llama3.2-3B,10000,10,query_last,0.4623653157575064,0.00044653189084988356,0.0,0.0,seed
Llama3.2-3B,10000,1,query_last,0.15252278923568022,0.15252278923568022,0.0,0.0,seed
Llama3.2-3B,10000,1,query_last,0.11630067028498993,0.11630067028498993,0.0,0.0,seed
Llama3.2-3B,10000,1,query_last,0.16866573383299846,0.16866573383299846,0.0,0.0,seed
Llama3.2-3B,10000,1,query_last,0.1499060693039828,0.1499060693039828,0.0,0.0,seed
Llama3.2-3B,10000,1,query_last,0.16015924251487582,0.16015924251487582,1.0,0.0,seed
Llama3.2-3B,10000,20,query_last,0.5453473558686291,5.413326671941372e-06,0.0,0.0,seed
Llama3.2-3B,10000,20,query_last,0.5707173262130109,1.3440677077047904e-05,0.0,0.0,seed
Llama3.2-3B,10000,20,query_last,0.5761845096944381,1.6264157381569733e-05,0.0,0.0,seed
Llama3.2-3B,10000,20,query_last,0.5577015380746243,8.472992939594058e-06,0.0,0.0,seed
Llama3.2-3B,10000,20,query_last,0.5750763516596716,1.5649849930987317e-05,0.0,0.0,seed
Llama3.2-3B,10000,2,query_last,0.21822118941778368,0.047620487510912225,0.0,0.0,seed
Llama3.2-3B,10000,2,query_last,0.1834979614777107,0.0336715018664754,0.0,0.0,seed
Llama3.2-3B,10000,2,query_last,0.2395814509638326,0.05739927164593532,0.0,0.0,seed
Llama3.2-3B,10000,2,query_last,0.21752025580930873,0.04731506168734711,0.0,0.0,seed
Llama3.2-3B,10000,2,query_last,0.2308307285371674,0.053282825236999475,1.0,0.0,seed
Llama3.2-3B,10000,30,query_last,0.6079305892115391,3.27808257456802e-07,0.0,0.0,seed
Llama3.2-3B,10000,30,query_last,0.6451525898830585,1.9492760687738287e-06,0.0,0.0,seed
Llama3.2-3B,10000,30,query_last,0.6375147674583402,1.3636643216605373e-06,0.0,0.0,seed
Llama3.2-3B,10000,30,query_last,0.6220107631453156,6.515338602246771e-07,0.0,0.0,seed
Llama3.2-3B,10000,30,query_last,0.6382612559048748,1.4123894771223104e-06,0.0,0.0,seed
Llama3.2-3B,10000,3,query_last,0.26515791253008564,0.01864291305062545,0.0,0.0,seed
Llama3.2-3B,10000,3,query_last,0.23508720987298812,0.012992328858291758,0.0,0.0,seed
Llama3.2-3B,10000,3,query_last,0.28956213380546564,0.024278693077488048,0.0,0.0,seed
Llama3.2-3B,10000,3,query_last,0.266212733817369,0.01886628870560298,0.0,0.0,seed
Llama3.2-3B,10000,3,query_last,0.2812248059955087,0.022241336333306397,0.0,0.0,seed
Llama3.2-3B,10000,4,query_last,0.3021300074625762,0.008332502366147203,0.0,0.0,seed
Llama3.2-3B,10000,4,query_last,0.2773361948021823,0.005915973364984654,0.0,0.0,seed
Llama3.2-3B,10000,4,query_last,0.3285307005159113,0.011649407542095404,0.0,0.0,seed
Llama3.2-3B,10000,4,query_last,0.30470033017295256,0.008619691036659402,0.0,0.0,seed
Llama3.2-3B,10000,4,query_last,0.3207757439627708,0.01058780864341864,0.0,0.0,seed
Llama3.2-3B,10000,5,query_last,0.3327251453360074,0.004077820616019588,0.0,0.0,seed
Llama3.2-3B,10000,5,query_last,0.3131473388526702,0.003011227909017902,0.0,0.0,seed
Llama3.2-3B,10000,5,query_last,0.36051136627943003,0.006089684725991047,0.0,0.0,seed
Llama3.2-3B,10000,5,query_last,0.33659957226653614,0.004320836160144647,0.0,0.0,seed
Llama3.2-3B,10000,5,query_last,0.35337394878088635,0.005510267059449489,0.0,0.0,seed
Llama3.2-3B,10000,6,query_last,0.35883070515012916,0.0021347036432785987,0.0,0.0,seed
Llama3.2-3B,10000,6,query_last,0.3441864363744127,0.0016625032786961435,0.0,0.0,seed
Llama3.2-3B,10000,6,query_last,0.3876089586091795,0.003391273660006453,0.0,0.0,seed
Llama3.2-3B,10000,6,query_last,0.3638340682341615,0.00231963778957785,0.0,0.0,seed
Llama3.2-3B,10000,6,query_last,0.38107757958422517,0.003062530261774412,0.0,0.0,seed
Llama3.2-3B,10000,8,query_last,0.4017236973097665,0.0006782965512639919,0.0,0.0,seed
Llama3.2-3B,10000,8,query_last,0.3958944167486856,0.000603441280028436,0.0,0.0,seed
Llama3.2-3B,10000,8,query_last,0.4317535065482631,0.001207499577629086,0.0,0.0,seed
Llama3.2-3B,10000,8,query_last,0.40857671989173766,0.0007765848972021965,0.0,0.0,seed
Llama3.2-3B,10000,8,query_last,0.4263419481770348,0.0010916025036286081,0.0,0.0,seed
Llama3.2-3B,2000,10,query_last,0.6818022527478907,0.021706225902113543,0.0,0.0,seed
Llama3.2-3B,2000,10,query_last,0.7295140124118453,0.042691005300931645,0.0,0.0,seed
Llama3.2-3B,2000,10,query_last,0.7086754937400795,0.03195024182376765,0.0,0.0,seed
Llama3.2-3B,2000,10,query_last,0.6971008823694975,0.027099190911992626,0.0,0.0,seed
Llama3.2-3B,2000,10,query_last,0.711355895116763,0.03317946272944998,0.0,0.0,seed
Llama3.2-3B,2000,1,query_last,0.3327251453360074,0.3327251453360074,1.0,0.0,seed
Llama3.2-3B,2000,1,query_last,0.3131473388526702,0.3131473388526702,0.0,0.0,seed
Llama3.2-3B,2000,1,query_last,0.36051136627943003,0.36051136627943003,1.0,0.0,seed
Llama3.2-3B,2000,1,query_last,0.33659957226653614,0.33659957226653614,1.0,0.0,seed
Llama3.2-3B,2000,1,query_last,0.35337394878088635,0.35337394878088635,1.0,0.0,seed
Llama3.2-3B,2000,20,query_last,0.7686944305477972,0.00518889269149128,1.0,0.0,seed
Llama3.2-3B,2000,20,query_last,0.821606602870012,0.01964619346915131,0.0,0.0,seed
Llama3.2-3B,2000,20,query_last,0.7906913099566389,0.009123034448268204,0.0,0.0,seed
Llama3.2-3B,2000,20,query_last,0.7839257533454417,0.007682430506907254,0.0,0.0,seed
Llama3.2-3B,2000,20,query_last,0.7950103618813322,0.010173157837105455,1.0,1.0,seed
Llama3.2-3B,2000,2,query_last,0.4361018036364749,0.1901847831349865,1.0,0.0,seed
Llama3.2-3B,2000,2,query_last,0.4377413449822025,0.19161748510682763,1.0,0.0,seed
Llama3.2-3B,2000,2,query_last,0.46679698294243,0.2178994232841553,1.0,0.0,seed
Llama3.2-3B,2000,2,query_last,0.4444001703453539,0.19749151140297955,0.0,0.0,seed
Llama3.2-3B,2000,2,query_last,0.4623653157575064,0.21378168521553859,1.0,0.0,seed
Llama3.2-3B,2000,30,query_last,0.8111785713073004,0.0018771288516787976,0.0,0.0,seed
Llama3.2-3B,2000,30,query_last,0.8629831271443685,0.012024558430679979,0.0,1.0,seed
Llama3.2-3B,2000,30,query_last,0.8301317735734796,0.003753281242657216,1.0,0.0,seed
Llama3.2-3B,2000,30,query_last,0.8256267778875543,0.0031879617707985604,1.0,1.0,seed
Llama3.2-3B,2000,30,query_last,0.8348816987343756,0.004453979690771986,1.0,0.0,seed
Llama3.2-3B,2000,3,query_last,0.4999336412328798,0.12495023752959661,1.0,0.0,seed
Llama3.2-3B,2000,3,query_last,0.5156665673902288,0.13712193276655665,1.0,0.0,seed
Llama3.2-3B,2000,3,query_last,0.5310739391982091,0.14978384362014197,1.0,0.0,seed
Llama3.2-3B,2000,3,query_last,0.5107307965935411,0.13322205808963358,1.0,0.0,seed
Llama3.2-3B,2000,3,query_last,0.5285708744488938,0.14767592039498395,1.0,0.0,seed
Llama3.2-3B,2000,4,query_last,0.5453473558686291,0.08844898370524482,1.0,0.0,seed
Llama3.2-3B,2000,4,query_last,0.5707173262130109,0.10609238909250181,1.0,0.0,seed
Llama3.2-3B,2000,4,query_last,0.5761845096944381,0.11021642336685461,0.0,0.0,seed
Llama3.2-3B,2000,4,query_last,0.5577015380746243,0.09674028642638403,1.0,0.0,seed
Llama3.2-3B,2000,4,query_last,0.5750763516596716,0.10937096285564657,1.0,0.0,seed
Llama3.2-3B,2000,5,query_last,0.580098893454022,0.06569165225388537,1.0,0.0,seed
Llama3.2-3B,2000,5,query_last,0.6123131894250673,0.08607322429546532,1.0,0.0,seed
Llama3.2-3B,2000,5,query_last,0.6103592092741852,0.08470860087386207,0.0,0.0,seed
Llama3.2-3B,2000,5,query_last,0.5934795294030027,0.07362557816364707,0.0,0.0,seed
Llama3.2-3B,2000,5,query_last,0.6102970652707285,0.08466548642850982,1.0,0.0,seed
Llama3.2-3B,2000,6,query_last,0.6079305892115391,0.05048053835516187,1.0,0.0,seed
Llama3.2-3B,2000,6,query_last,0.6451525898830585,0.07210654225216932,1.0,0.0,seed
Llama3.2-3B,2000,6,query_last,0.6375147674583402,0.06713384099093198,1.0,0.0,seed
Llama3.2-3B,2000,6,query_last,0.6220107631453156,0.05791451159297336,1.0,0.0,seed
Llama3.2-3B,2000,6,query_last,0.6382612559048748,0.06760688008853577,1.0,0.0,seed
Llama3.2-3B,2000,8,query_last,0.6503951283906544,0.032019772140301335,0.0,0.0,seed
Llama3.2-3B,2000,8,query_last,0.69421312293746,0.0539439261591935,1.0,0.0,seed
Llama3.2-3B,2000,8,query_last,0.6785829650541376,0.04495972274286488,0.0,0.0,seed
Llama3.2-3B,2000,8,query_last,0.6652994371618071,0.03838285260711622,1.0,0.0,seed
Llama3.2-3B,2000,8,query_last,0.6804869724190179,0.04597889419476095,0.0,0.0,seed
Llama3.2-3B,5000,10,query_last,0.5453473558686291,0.002326655684011146,0.0,0.0,seed
Llama3.2-3B,5000,10,query_last,0.5707173262130109,0.0036661528987547566,0.0,0.0,seed
Llama3.2-3B,5000,10,query_last,0.5761845096944381,0.004032884498912625,1.0,0.0,seed
Llama3.2-3B,5000,10,query_last,0.5577015380746243,0.002910840589863014,1.0,0.0,seed
Llama3.2-3B,5000,10,query_last,0.5750763516596716,0.003955989121697293,0.0,0.0,seed
Llama3.2-3B,5000,1,query_last,0.21822118941778368,0.21822118941778368,1.0,0.0,seed
Llama3.2-3B,5000,1,query_last,0.1834979614777107,0.1834979614777107,0.0,0.0,seed
Llama3.2-3B,5000,1,query_last,0.2395814509638326,0.2395814509638326,1.0,0.0,seed
Llama3.2-3B,5000,1,query_last,0.21752025580930873,0.21752025580930873,1.0,0.0,seed
Llama3.2-3B,5000,1,query_last,0.2308307285371674,0.2308307285371674,0.0,0.0,seed
Llama3.2-3B,5000,20,query_last,0.6503951283906544,0.00018346177569327594,1.0,0.0,seed
Llama3.2-3B,5000,20,query_last,0.69421312293746,0.0006758594342916471,0.0,0.0,seed
Llama3.2-3B,5000,20,query_last,0.6785829650541376,0.0004286068038678938,0.0,0.0,seed
Llama3.2-3B,5000,20,query_last,0.6652994371618071,0.00028863109748836186,0.0,0.0,seed
Llama3.2-3B,5000,20,query_last,0.6804869724190179,0.0004533110497414408,0.0,0.0,seed
Llama3.2-3B,5000,2,query_last,0.3021300074625762,0.09128254140933634,1.0,0.0,seed
Llama3.2-3B,5000,2,query_last,0.2773361948021823,0.07691536494735401,1.0,0.0,seed
Llama3.2-3B,5000,2,query_last,0.3285307005159113,0.10793242118147542,1.0,0.0,seed
Llama3.2-3B,5000,2,query_last,0.30470033017295256,0.09284229120750631,1.0,0.0,seed
Llama3.2-3B,5000,2,query_last,0.3207757439627708,0.10289707791486909,0.0,0.0,seed
Llama3.2-3B,5000,30,query_last,0.7063057746671005,2.9497330218207598e-05,0.0,0.0,seed
Llama3.2-3B,5000,30,query_last,0.7563757509264948,0.00023021197632123254,0.0,0.0,seed
Llama3.2-3B,5000,30,query_last,0.7319877828575643,8.612217267190127e-05,0.0,0.0,seed
Llama3.2-3B,5000,30,query_last,0.7217690267617901,5.648683453277367e-05,0.0,0.0,seed
Llama3.2-3B,5000,30,query_last,0.7352146025501048,9.827062713825701e-05,0.0,0.0,seed
Llama3.2-3B,5000,3,query_last,0.35883070515012916,0.04620285319413292,0.0,0.0,seed
Llama3.2-3B,5000,3,query_last,0.3441864363744127,0.04077380628168216,1.0,0.0,seed
Llama3.2-3B,5000,3,query_last,0.3876089586091795,0.0582346431259474,1.0,0.0,seed
Llama3.2-3B,5000,3,query_last,0.3638340682341615,0.04816261817611092,1.0,0.0,seed
Llama3.2-3B,5000,3,query_last,0.38107757958422517,0.05534013246979458,0.0,0.0,seed
Llama3.2-3B,5000,4,query_last,0.4017236973097665,0.02604412700137964,1.0,0.0,seed
Llama3.2-3B,5000,4,query_last,0.3958944167486856,0.024565041828346967,1.0,0.0,seed
Llama3.2-3B,5000,4,query_last,0.4317535065482631,0.03474909463035096,0.0,0.0,seed
Llama3.2-3B,5000,4,query_last,0.40857671989173755,0.027867272869841333,1.0,0.0,seed
Llama3.2-3B,5000,4,query_last,0.4263419481770348,0.033039408342593064,0.0,0.0,seed
Llama3.2-3B,5000,5,query_last,0.4361018036364749,0.01577391202009935,0.0,0.0,seed
Llama3.2-3B,5000,5,query_last,0.4377413449822025,0.016072663038521784,1.0,0.0,seed
Llama3.2-3B,5000,5,query_last,0.46679698294243,0.022163594815648363,1.0,0.0,seed
Llama3.2-3B,5000,5,query_last,0.4444001703453539,0.017332894104640343,0.0,0.0,seed
Llama3.2-3B,5000,5,query_last,0.4623653157575064,0.021131301210523777,0.0,0.0,seed
Llama3.2-3B,5000,6,query_last,0.46467008204099414,0.010066262861389412,0.0,0.0,seed
Llama3.2-3B,5000,6,query_last,0.4726321646139005,0.011146528819813758,0.0,0.0,seed
Llama3.2-3B,5000,6,query_last,0.4956909841686334,0.01483426794095663,1.0,0.0,seed
Llama3.2-3B,5000,6,query_last,0.4741232342046927,0.011359191717756486,0.0,0.0,seed
Llama3.2-3B,5000,6,query_last,0.4921107436213173,0.014202901632344592,0.0,0.0,seed
Llama3.2-3B,5000,8,query_last,0.5101483800581768,0.0045874579387539804,0.0,0.0,seed
Llama3.2-3B,5000,8,query_last,0.5280980579884164,0.006049459359162795,1.0,0.0,seed
Llama3.2-3B,5000,8,query_last,0.5412652005394787,0.007366833389104706,0.0,0.0,seed
Llama3.2-3B,5000,8,query_last,0.5213144826759727,0.005455044805960579,0.0,0.0,seed
Llama3.2-3B,5000,8,query_last,0.5390765344841332,0.007131870067352348,1.0,0.0,seed
Qwen3-8B,10000,10,query_first,0.9977180639923933,0.9774135451315934,1.0,0.0,cell
Qwen3-8B,10000,10,query_first,0.9977180639923933,0.9774135451315934,1.0,0.0,cell
Qwen3-8B,10000,10,query_first,0.9977180639923933,0.9774135451315934,1.0,0.0,cell
Qwen3-8B,10000,10,query_first,0.9977180639923933,0.9774135451315934,1.0,0.0,cell
Qwen3-8B,10000,10,query_first,0.9977180639923933,0.9774135451315934,1.0,0.0,cell
Qwen3-8B,10000,1,query_first,0.98464148092346,0.98464148092346,1.0,1.0,cell
Qwen3-8B,10000,1,query_first,0.98464148092346,0.98464148092346,1.0,1.0,cell
Qwen3-8B,10000,1,query_first,0.98464148092346,0.98464148092346,1.0,1.0,cell
Qwen3-8B,10000,1,query_first,0.98464148092346,0.98464148092346,1.0,1.0,cell
Qwen3-8B,10000,1,query_first,0.98464148092346,0.98464148092346,1.0,1.0,cell
Qwen3-8B,10000,20,query_first,0.9960805710620846,0.9244626764522682,1.0,0.0,cell
Qwen3-8B,10000,20,query_first,0.9960805710620846,0.9244626764522682,1.0,0.0,cell
Qwen3-8B,10000,20,query_first,0.9960805710620846,0.9244626764522682,1.0,0.0,cell
Qwen3-8B,10000,20,query_first,0.9960805710620846,0.9244626764522682,1.0,0.0,cell
Qwen3-8B,10000,20,query_first,0.9960805710620846,0.9244626764522682,1.0,0.0,cell
Qwen3-8B,10000,2,query_first,0.9940796096217803,0.9881942702657912,1.0,1.0,cell
Qwen3-8B,10000,2,query_first,0.9940796096217803,0.9881942702657912,1.0,0.0,cell
Qwen3-8B,10000,2,query_first,0.9940796096217803,0.9881942702657912,1.0,0.0,cell
Qwen3-8B,10000,2,query_first,0.9940796096217803,0.9881942702657912,1.0,0.0,cell
Qwen3-8B,10000,2,query_first,0.9940796096217803,0.9881942702657912,1.0,0.0,cell
Qwen3-8B,10000,30,query_first,0.9962094560686933,0.892318285734815,1.0,0.0,cell
Qwen3-8B,10000,30,query_first,0.9962094560686933,0.892318285734815,1.0,0.0,cell
Qwen3-8B,10000,30,query_first,0.9962094560686933,0.892318285734815,1.0,0.0,cell
Qwen3-8B,10000,30,query_first,0.9962094560686933,0.892318285734815,1.0,0.0,cell
Qwen3-8B,10000,30,query_first,0.9962094560686933,0.892318285734815,0.0,0.0,cell
Qwen3-8B,10000,3,query_first,0.9967230242163037,0.990201253169737,1.0,0.0,cell
Qwen3-8B,10000,3,query_first,0.9967230242163037,0.990201253169737,1.0,0.0,cell
Qwen3-8B,10000,3,query_first,0.9967230242163037,0.990201253169737,1.0,0.0,cell
Qwen3-8B,10000,3,query_first,0.9967230242163037,0.990201253169737,1.0,0.0,cell
Qwen3-8B,10000,3,query_first,0.9967230242163037,0.990201253169737,1.0,0.0,cell
Qwen3-8B,10000,4,query_first,0.9942973233391639,0.9773836757247614,1.0,0.0,cell
Qwen3-8B,10000,4,query_first,0.9942973233391639,0.9773836757247614,1.0,0.0,cell
Qwen3-8B,10000,4,query_first,0.9942973233391639,0.9773836757247614,1.0,0.0,cell
Qwen3-8B,10000,4,query_first,0.9942973233391639,0.9773836757247614,1.0,0.0,cell
Qwen3-8B,10000,4,query_first,0.9942973233391639,0.9773836757247614,1.0,0.0,cell
Qwen3-8B,10000,5,query_first,0.993347551261859,0.9671773727848341,1.0,0.0,cell
Qwen3-8B,10000,5,query_first,0.993347551261859,0.9671773727848341,1.0,0.0,cell
Qwen3-8B,10000,5,query_first,0.993347551261859,0.9671773727848341,1.0,0.0,cell
Qwen3-8B,10000,5,query_first,0.993347551261859,0.9671773727848341,1.0,0.0,cell
Qwen3-8B,10000,5,query_first,0.993347551261859,0.9671773727848341,1.0,0.0,cell
Qwen3-8B,10000,6,query_first,0.9921159656813114,0.9536184207010141,1.0,0.0,cell
Qwen3-8B,10000,6,query_first,0.9921159656813114,0.9536184207010141,1.0,0.0,cell
Qwen3-8B,10000,6,query_first,0.9921159656813114,0.9536184207010141,1.0,0.0,cell
Qwen3-8B,10000,6,query_first,0.9921159656813114,0.9536184207010141,1.0,0.0,cell
Qwen3-8B,10000,6,query_first,0.9921159656813114,0.9536184207010141,1.0,0.0,cell
Qwen3-8B,10000,8,query_first,0.9948185403975401,0.9592923139640119,1.0,0.0,cell
Qwen3-8B,10000,8,query_first,0.9948185403975401,0.9592923139640119,1.0,0.0,cell
Qwen3-8B,10000,8,query_first,0.9948185403975401,0.9592923139640119,1.0,0.0,cell
Qwen3-8B,10000,8,query_first,0.9948185403975401,0.9592923139640119,1.0,0.0,cell
Qwen3-8B,10000,8,query_first,0.9948185403975401,0.9592923139640119,1.0,0.0,cell
Qwen3-8B,2000,10,query_first,0.9967719005632255,0.9681839198587368,1.0,1.0,cell
Qwen3-8B,2000,10,query_first,0.9967719005632255,0.9681839198587368,1.0,1.0,cell
Qwen3-8B,2000,10,query_first,0.9967719005632255,0.9681839198587368,1.0,1.0,cell
Qwen3-8B,2000,10,query_first,0.9967719005632255,0.9681839198587368,1.0,1.0,cell
Qwen3-8B,2000,10,query_first,0.9967719005632255,0.9681839198587368,1.0,1.0,cell
Qwen3-8B,2000,1,query_first,0.9971893420865416,0.9971893420865416,1.0,1.0,cell
Qwen3-8B,2000,1,query_first,0.9971893420865416,0.9971893420865416,1.0,1.0,cell
Qwen3-8B,2000,1,query_first,0.9971893420865416,0.9971893420865416,1.0,1.0,cell
Qwen3-8B,2000,1,query_first,0.9971893420865416,0.9971893420865416,1.0,1.0,cell
Qwen3-8B,2000,1,query_first,0.9971893420865416,0.9971893420865416,1.0,1.0,cell
Qwen3-8B,2000,20,query_first,0.9972514469681445,0.9464409057400672,1.0,1.0,cell
Qwen3-8B,2000,20,query_first,0.9972514469681445,0.9464409057400672,1.0,1.0,cell
Qwen3-8B,2000,20,query_first,0.9972514469681445,0.9464409057400672,1.0,1.0,cell
Qwen3-8B,2000,20,query_first,0.9972514469681445,0.9464409057400672,1.0,0.0,cell
Qwen3-8B,2000,20,query_first,0.9972514469681445,0.9464409057400672,1.0,1.0,cell
Qwen3-8B,2000,2,query_first,0.9953932313545679,0.9908076850264884,1.0,0.0,cell
Qwen3-8B,2000,2,query_first,0.9953932313545679,0.9908076850264884,1.0,1.0,cell
Qwen3-8B,2000,2,query_first,0.9953932313545679,0.9908076850264884,1.0,0.0,cell
Qwen3-8B,2000,2,query_first,0.9953932313545679,0.9908076850264884,1.0,0.0,cell
Qwen3-8B,2000,2,query_first,0.9953932313545679,0.9908076850264884,1.0,1.0,cell
Qwen3-8B,2000,30,query_first,0.9960924458185307,0.8891794049038638,1.0,1.0,cell
Qwen3-8B,2000,30,query_first,0.9960924458185307,0.8891794049038638,1.0,1.0,cell
Qwen3-8B,2000,30,query_first,0.9960924458185307,0.8891794049038638,1.0,1.0,cell
Qwen3-8B,2000,30,query_first,0.9960924458185307,0.8891794049038638,1.0,0.0,cell
Qwen3-8B,2000,30,query_first,0.9960924458185307,0.8891794049038638,1.0,1.0,cell
Qwen3-8B,2000,3,query_first,0.9952871564147262,0.985927997251684,1.0,1.0,cell
Qwen3-8B,2000,3,query_first,0.9952871564147262,0.985927997251684,1.0,0.0,cell
Qwen3-8B,2000,3,query_first,0.9952871564147262,0.985927997251684,1.0,0.0,cell
Qwen3-8B,2000,3,query_first,0.9952871564147262,0.985927997251684,1.0,0.0,cell
Qwen3-8B,2000,3,query_first,0.9952871564147262,0.985927997251684,1.0,0.0,cell
Qwen3-8B,2000,4,query_first,0.9949743323398311,0.9800483662699448,1.0,1.0,cell
Qwen3-8B,2000,4,query_first,0.9949743323398311,0.9800483662699448,1.0,1.0,cell
Qwen3-8B,2000,4,query_first,0.9949743323398311,0.9800483662699448,1.0,1.0,cell
Qwen3-8B,2000,4,query_first,0.9949743323398311,0.9800483662699448,1.0,0.0,cell
Qwen3-8B,2000,4,query_first,0.9949743323398311,0.9800483662699448,1.0,0.0,cell
Qwen3-8B,2000,5,query_first,0.9953566273586639,0.9769977470570159,1.0,0.0,cell
Qwen3-8B,2000,5,query_first,0.9953566273586639,0.9769977470570159,1.0,0.0,cell
Qwen3-8B,2000,5,query_first,0.9953566273586639,0.9769977470570159,1.0,0.0,cell
Qwen3-8B,2000,5,query_first,0.9953566273586639,0.9769977470570159,1.0,0.0,cell
Qwen3-8B,2000,5,query_first,0.9953566273586639,0.9769977470570159,1.0,1.0,cell
Qwen3-8B,2000,6,query_first,0.998360272191928,0.9902018756942407,1.0,1.0,cell
Qwen3-8B,2000,6,query_first,0.998360272191928,0.9902018756942407,0.0,0.0,cell
Qwen3-8B,2000,6,query_first,0.998360272191928,0.9902018756942407,1.0,0.0,cell
Qwen3-8B,2000,6,query_first,0.998360272191928,0.9902018756942407,1.0,0.0,cell
Qwen3-8B,2000,6,query_first,0.998360272191928,0.9902018756942407,1.0,1.0,cell
Qwen3-8B,2000,8,query_first,0.996665701742559,0.9736348379499787,1.0,1.0,cell
Qwen3-8B,2000,8,query_first,0.996665701742559,0.9736348379499787,0.0,0.0,cell
Qwen3-8B,2000,8,query_first,0.996665701742559,0.9736348379499787,1.0,0.0,cell
Qwen3-8B,2000,8,query_first,0.996665701742559,0.9736348379499787,1.0,1.0,cell
Qwen3-8B,2000,8,query_first,0.996665701742559,0.9736348379499787,1.0,0.0,cell
Qwen3-8B,5000,10,query_first,0.9960805710620846,0.961489821294156,1.0,0.0,cell
Qwen3-8B,5000,10,query_first,0.9960805710620846,0.961489821294156,1.0,0.0,cell
Qwen3-8B,5000,10,query_first,0.9960805710620846,0.961489821294156,1.0,0.0,cell
Qwen3-8B,5000,10,query_first,0.9960805710620846,0.961489821294156,1.0,0.0,cell
Qwen3-8B,5000,10,query_first,0.9960805710620846,0.961489821294156,1.0,0.0,cell
Qwen3-8B,5000,1,query_first,0.9940796096217803,0.9940796096217803,1.0,1.0,cell
Qwen3-8B,5000,1,query_first,0.9940796096217803,0.9940796096217803,1.0,1.0,cell
Qwen3-8B,5000,1,query_first,0.9940796096217803,0.9940796096217803,1.0,1.0,cell
Qwen3-8B,5000,1,query_first,0.9940796096217803,0.9940796096217803,1.0,1.0,cell
Qwen3-8B,5000,1,query_first,0.9940796096217803,0.9940796096217803,1.0,1.0,cell
Qwen3-8B,5000,20,query_first,0.9965372384402009,0.9329763601648281,1.0,0.0,cell
Qwen3-8B,5000,20,query_first,0.9965372384402009,0.9329763601648281,1.0,0.0,cell
Qwen3-8B,5000,20,query_first,0.9965372384402009,0.9329763601648281,1.0,1.0,cell
Qwen3-8B,5000,20,query_first,0.9965372384402009,0.9329763601648281,1.0,0.0,cell
Qwen3-8B,5000,20,query_first,0.9965372384402009,0.9329763601648281,1.0,1.0,cell
Qwen3-8B,5000,2,query_first,0.9969943864746297,0.9939978066619233,1.0,0.0,cell
Qwen3-8B,5000,2,query_first,0.9969943864746297,0.9939978066619233,1.0,0.0,cell
Qwen3-8B,5000,2,query_first,0.9969943864746297,0.9939978066619233,1.0,0.0,cell
Qwen3-8B,5000,2,query_first,0.9969943864746297,0.9939978066619233,1.0,1.0,cell
Qwen3-8B,5000,2,query_first,0.9969943864746297,0.9939978066619233,1.0,0.0,cell
Qwen3-8B,5000,30,query_first,0.9966707080697581,0.9047963478299846,1.0,0.0,cell
Qwen3-8B,5000,30,query_first,0.9966707080697581,0.9047963478299846,1.0,1.0,cell
Qwen3-8B,5000,30,query_first,0.9966707080697581,0.9047963478299846,1.0,1.0,cell
Qwen3-8B,5000,30,query_first,0.9966707080697581,0.9047963478299846,1.0,0.0,cell
Qwen3-8B,5000,30,query_first,0.9966707080697581,0.9047963478299846,1.0,1.0,cell
Qwen3-8B,5000,3,query_first,0.994811058320559,0.9845138105960797,1.0,0.0,cell
Qwen3-8B,5000,3,query_first,0.994811058320559,0.9845138105960797,1.0,0.0,cell
Qwen3-8B,5000,3,query_first,0.994811058320559,0.9845138105960797,1.0,0.0,cell
Qwen3-8B,5000,3,query_first,0.994811058320559,0.9845138105960797,1.0,0.0,cell
Qwen3-8B,5000,3,query_first,0.994811058320559,0.9845138105960797,1.0,0.0,cell
Qwen3-8B,5000,4,query_first,0.9942591776722156,0.9772336972189568,1.0,0.0,cell
Qwen3-8B,5000,4,query_first,0.9942591776722156,0.9772336972189568,1.0,1.0,cell
Qwen3-8B,5000,4,query_first,0.9942591776722156,0.9772336972189568,1.0,0.0,cell
Qwen3-8B,5000,4,query_first,0.9942591776722156,0.9772336972189568,1.0,0.0,cell
Qwen3-8B,5000,4,query_first,0.9942591776722156,0.9772336972189568,1.0,0.0,cell
Qwen3-8B,5000,5,query_first,0.9934860100285363,0.9678516157663559,1.0,0.0,cell
Qwen3-8B,5000,5,query_first,0.9934860100285363,0.9678516157663559,1.0,0.0,cell
Qwen3-8B,5000,5,query_first,0.9934860100285363,0.9678516157663559,1.0,0.0,cell
Qwen3-8B,5000,5,query_first,0.9934860100285363,0.9678516157663559,1.0,0.0,cell
Qwen3-8B,5000,5,query_first,0.9934860100285363,0.9678516157663559,1.0,0.0,cell
Qwen3-8B,5000,6,query_first,0.9950167793306646,0.9704706976235684,1.0,0.0,cell
Qwen3-8B,5000,6,query_first,0.9950167793306646,0.9704706976235684,1.0,1.0,cell
Qwen3-8B,5000,6,query_first,0.9950167793306646,0.9704706976235684,1.0,0.0,cell
Qwen3-8B,5000,6,query_first,0.9950167793306646,0.9704706976235684,1.0,0.0,cell
Qwen3-8B,5000,6,query_first,0.9950167793306646,0.9704706976235684,1.0,0.0,cell
Qwen3-8B,5000,8,query_first,0.9980188848934296,0.984260539673051,1.0,0.0,cell
Qwen3-8B,5000,8,query_first,0.9980188848934296,0.984260539673051,1.0,0.0,cell
Qwen3-8B,5000,8,query_first,0.9980188848934296,0.984260539673051,1.0,0.0,cell
Qwen3-8B,5000,8,query_first,0.9980188848934296,0.984260539673051,0.0,0.0,cell
Qwen3-8B,5000,8,query_first,0.9980188848934296,0.984260539673051,1.0,0.0,cell
Qwen3-8B,10000,10,query_last,0.6559587505882809,0.014749092519970025,0.0,1.0,cell
Qwen3-8B,10000,10,query_last,0.6559587505882809,0.014749092519970025,1.0,1.0,cell
Qwen3-8B,10000,10,query_last,0.6559587505882809,0.014749092519970025,1.0,1.0,cell
Qwen3-8B,10000,10,query_last,0.6559587505882809,0.014749092519970025,1.0,1.0,cell
Qwen3-8B,10000,10,query_last,0.6559587505882809,0.014749092519970025,1.0,1.0,cell
Qwen3-8B,10000,1,query_last,0.4920985650900043,0.4920985650900043,0.0,0.0,cell
Qwen3-8B,10000,1,query_last,0.4920985650900043,0.4920985650900043,0.0,1.0,cell
Qwen3-8B,10000,1,query_last,0.4920985650900043,0.4920985650900043,1.0,1.0,cell
Qwen3-8B,10000,1,query_last,0.4920985650900043,0.4920985650900043,1.0,1.0,cell
Qwen3-8B,10000,1,query_last,0.4920985650900043,0.4920985650900043,1.0,1.0,cell
Qwen3-8B,10000,20,query_last,0.7263402781908586,0.0016703310737647516,0.0,1.0,cell
Qwen3-8B,10000,20,query_last,0.7263402781908586,0.0016703310737647516,1.0,1.0,cell
Qwen3-8B,10000,20,query_last,0.7263402781908586,0.0016703310737647516,0.0,1.0,cell
Qwen3-8B,10000,20,query_last,0.7263402781908586,0.0016703310737647516,1.0,1.0,cell
Qwen3-8B,10000,20,query_last,0.7263402781908586,0.0016703310737647516,1.0,1.0,cell
Qwen3-8B,10000,2,query_last,0.6154922105879687,0.37883066129446435,1.0,1.0,cell
Qwen3-8B,10000,2,query_last,0.6154922105879687,0.37883066129446435,1.0,1.0,cell
Qwen3-8B,10000,2,query_last,0.6154922105879687,0.37883066129446435,0.0,1.0,cell
Qwen3-8B,10000,2,query_last,0.6154922105879687,0.37883066129446435,1.0,1.0,cell
Qwen3-8B,10000,2,query_last,0.6154922105879687,0.37883066129446435,1.0,1.0,cell
Qwen3-8B,10000,30,query_last,0.7422622599697408,0.0001308342314187842,1.0,1.0,cell
Qwen3-8B,10000,30,query_last,0.7422622599697408,0.0001308342314187842,1.0,1.0,cell
Qwen3-8B,10000,30,query_last,0.7422622599697408,0.0001308342314187842,0.0,1.0,cell
Qwen3-8B,10000,30,query_last,0.7422622599697408,0.0001308342314187842,1.0,1.0,cell
Qwen3-8B,10000,30,query_last,0.7422622599697408,0.0001308342314187842,1.0,1.0,cell
Qwen3-8B,10000,3,query_last,0.570144752281789,0.18533412588210418,1.0,1.0,cell
Qwen3-8B,10000,3,query_last,0.570144752281789,0.18533412588210418,1.0,1.0,cell
Qwen3-8B,10000,3,query_last,0.570144752281789,0.18533412588210418,0.0,1.0,cell
Qwen3-8B,10000,3,query_last,0.570144752281789,0.18533412588210418,0.0,0.0,cell
Qwen3-8B,10000,3,query_last,0.570144752281789,0.18533412588210418,1.0,1.0,cell
Qwen3-8B,10000,4,query_last,0.645507949716658,0.1736226500367835,1.0,1.0,cell
Qwen3-8B,10000,4,query_last,0.645507949716658,0.1736226500367835,1.0,1.0,cell
Qwen3-8B,10000,4,query_last,0.645507949716658,0.1736226500367835,0.0,1.0,cell
Qwen3-8B,10000,4,query_last,0.645507949716658,0.1736226500367835,0.0,0.0,cell
Qwen3-8B,10000,4,query_last,0.645507949716658,0.1736226500367835,1.0,1.0,cell
Qwen3-8B,10000,5,query_last,0.620673449821755,0.09211192131708146,1.0,1.0,cell
Qwen3-8B,10000,5,query_last,0.620673449821755,0.09211192131708146,1.0,1.0,cell
Qwen3-8B,10000,5,query_last,0.620673449821755,0.09211192131708146,1.0,1.0,cell
Qwen3-8B,10000,5,query_last,0.620673449821755,0.09211192131708146,1.0,1.0,cell
Qwen3-8B,10000,5,query_last,0.620673449821755,0.09211192131708146,1.0,1.0,cell
Qwen3-8B,10000,6,query_last,0.6553826518629261,0.07924459458727474,1.0,1.0,cell
Qwen3-8B,10000,6,query_last,0.6553826518629261,0.07924459458727474,1.0,1.0,cell
Qwen3-8B,10000,6,query_last,0.6553826518629261,0.07924459458727474,0.0,0.0,cell
Qwen3-8B,10000,6,query_last,0.6553826518629261,0.07924459458727474,1.0,1.0,cell
Qwen3-8B,10000,6,query_last,0.6553826518629261,0.07924459458727474,1.0,1.0,cell
Qwen3-8B,10000,8,query_last,0.6466890192332384,0.03058890238607086,1.0,1.0,cell
Qwen3-8B,10000,8,query_last,0.6466890192332384,0.03058890238607086,1.0,1.0,cell
Qwen3-8B,10000,8,query_last,0.6466890192332384,0.03058890238607086,1.0,1.0,cell
Qwen3-8B,10000,8,query_last,0.6466890192332384,0.03058890238607086,1.0,1.0,cell
Qwen3-8B,10000,8,query_last,0.6466890192332384,0.03058890238607086,1.0,1.0,cell
Qwen3-8B,2000,10,query_last,0.7718770383567656,0.0750725586968544,1.0,1.0,cell
Qwen3-8B,2000,10,query_last,0.7718770383567656,0.0750725586968544,1.0,1.0,cell
Qwen3-8B,2000,10,query_last,0.7718770383567656,0.0750725586968544,1.0,1.0,cell
Qwen3-8B,2000,10,query_last,0.7718770383567656,0.0750725586968544,1.0,1.0,cell
Qwen3-8B,2000,10,query_last,0.7718770383567656,0.0750725586968544,1.0,1.0,cell
Qwen3-8B,2000,1,query_last,0.6074037255494481,0.6074037255494481,1.0,1.0,cell
Qwen3-8B,2000,1,query_last,0.6074037255494481,0.6074037255494481,1.0,1.0,cell
Qwen3-8B,2000,1,query_last,0.6074037255494481,0.6074037255494481,1.0,1.0,cell
Qwen3-8B,2000,1,query_last,0.6074037255494481,0.6074037255494481,0.0,1.0,cell
Qwen3-8B,2000,1,query_last,0.6074037255494481,0.6074037255494481,1.0,1.0,cell
Qwen3-8B,2000,20,query_last,0.8457582884668237,0.03506915097279661,1.0,1.0,cell
Qwen3-8B,2000,20,query_last,0.8457582884668237,0.03506915097279661,1.0,1.0,cell
Qwen3-8B,2000,20,query_last,0.8457582884668237,0.03506915097279661,1.0,1.0,cell
Qwen3-8B,2000,20,query_last,0.8457582884668237,0.03506915097279661,1.0,1.0,cell
Qwen3-8B,2000,20,query_last,0.8457582884668237,0.03506915097279661,1.0,1.0,cell
Qwen3-8B,2000,2,query_last,0.6929319000987554,0.4801546181744715,1.0,1.0,cell
Qwen3-8B,2000,2,query_last,0.6929319000987554,0.4801546181744715,1.0,1.0,cell
Qwen3-8B,2000,2,query_last,0.6929319000987554,0.4801546181744715,1.0,1.0,cell
Qwen3-8B,2000,2,query_last,0.6929319000987554,0.4801546181744715,1.0,1.0,cell
Qwen3-8B,2000,2,query_last,0.6929319000987554,0.4801546181744715,1.0,1.0,cell
Qwen3-8B,2000,30,query_last,0.7084714376272917,3.2334815277856434e-05,1.0,1.0,cell
Qwen3-8B,2000,30,query_last,0.7084714376272917,3.2334815277856434e-05,1.0,1.0,cell
Qwen3-8B,2000,30,query_last,0.7084714376272917,3.2334815277856434e-05,1.0,1.0,cell
Qwen3-8B,2000,30,query_last,0.7084714376272917,3.2334815277856434e-05,1.0,1.0,cell
Qwen3-8B,2000,30,query_last,0.7084714376272917,3.2334815277856434e-05,1.0,1.0,cell
Qwen3-8B,2000,3,query_last,0.698265498342853,0.3404565951873498,1.0,1.0,cell
Qwen3-8B,2000,3,query_last,0.698265498342853,0.3404565951873498,1.0,1.0,cell
Qwen3-8B,2000,3,query_last,0.698265498342853,0.3404565951873498,1.0,1.0,cell
Qwen3-8B,2000,3,query_last,0.698265498342853,0.3404565951873498,1.0,1.0,cell
Qwen3-8B,2000,3,query_last,0.698265498342853,0.3404565951873498,1.0,1.0,cell
Qwen3-8B,2000,4,query_last,0.7494991686370874,0.3155619432564568,1.0,1.0,cell
Qwen3-8B,2000,4,query_last,0.7494991686370874,0.3155619432564568,0.0,1.0,cell
Qwen3-8B,2000,4,query_last,0.7494991686370874,0.3155619432564568,1.0,1.0,cell
Qwen3-8B,2000,4,query_last,0.7494991686370874,0.3155619432564568,1.0,1.0,cell
Qwen3-8B,2000,4,query_last,0.7494991686370874,0.3155619432564568,1.0,1.0,cell
Qwen3-8B,2000,5,query_last,0.6714396196540551,0.13646925492745746,1.0,1.0,cell
Qwen3-8B,2000,5,query_last,0.6714396196540551,0.13646925492745746,1.0,1.0,cell
Qwen3-8B,2000,5,query_last,0.6714396196540551,0.13646925492745746,1.0,1.0,cell
Qwen3-8B,2000,5,query_last,0.6714396196540551,0.13646925492745746,1.0,1.0,cell
Qwen3-8B,2000,5,query_last,0.6714396196540551,0.13646925492745746,1.0,1.0,cell
Qwen3-8B,2000,6,query_last,0.7264079745621516,0.1469209133573995,1.0,1.0,cell
Qwen3-8B,2000,6,query_last,0.7264079745621516,0.1469209133573995,1.0,1.0,cell
Qwen3-8B,2000,6,query_last,0.7264079745621516,0.1469209133573995,1.0,1.0,cell
Qwen3-8B,2000,6,query_last,0.7264079745621516,0.1469209133573995,1.0,1.0,cell
Qwen3-8B,2000,6,query_last,0.7264079745621516,0.1469209133573995,1.0,1.0,cell
Qwen3-8B,2000,8,query_last,0.7573865184377007,0.10827808416681065,1.0,1.0,cell
Qwen3-8B,2000,8,query_last,0.7573865184377007,0.10827808416681065,1.0,1.0,cell
Qwen3-8B,2000,8,query_last,0.7573865184377007,0.10827808416681065,1.0,1.0,cell
Qwen3-8B,2000,8,query_last,0.7573865184377007,0.10827808416681065,1.0,1.0,cell
Qwen3-8B,2000,8,query_last,0.7573865184377007,0.10827808416681065,1.0,1.0,cell
Qwen3-8B,5000,10,query_last,0.7263402781908586,0.04086968404287892,1.0,1.0,cell
Qwen3-8B,5000,10,query_last,0.7263402781908586,0.04086968404287892,0.0,0.0,cell
Qwen3-8B,5000,10,query_last,0.7263402781908586,0.04086968404287892,0.0,1.0,cell
Qwen3-8B,5000,10,query_last,0.7263402781908586,0.04086968404287892,0.0,1.0,cell
Qwen3-8B,5000,10,query_last,0.7263402781908586,0.04086968404287892,1.0,1.0,cell
Qwen3-8B,5000,1,query_last,0.6154922105879687,0.6154922105879687,0.0,1.0,cell
Qwen3-8B,5000,1,query_last,0.6154922105879687,0.6154922105879687,1.0,1.0,cell
Qwen3-8B,5000,1,query_last,0.6154922105879687,0.6154922105879687,1.0,1.0,cell
Qwen3-8B,5000,1,query_last,0.6154922105879687,0.6154922105879687,0.0,1.0,cell
Qwen3-8B,5000,1,query_last,0.6154922105879687,0.6154922105879687,0.0,1.0,cell
Qwen3-8B,5000,20,query_last,0.7592427090940201,0.004051469770009654,1.0,1.0,cell
Qwen3-8B,5000,20,query_last,0.7592427090940201,0.004051469770009654,0.0,1.0,cell
Qwen3-8B,5000,20,query_last,0.7592427090940201,0.004051469770009654,0.0,1.0,cell
Qwen3-8B,5000,20,query_last,0.7592427090940201,0.004051469770009654,0.0,1.0,cell
Qwen3-8B,5000,20,query_last,0.7592427090940201,0.004051469770009654,1.0,1.0,cell
Qwen3-8B,5000,2,query_last,0.5912543562838343,0.34958171382461123,1.0,1.0,cell
Qwen3-8B,5000,2,query_last,0.5912543562838343,0.34958171382461123,1.0,1.0,cell
Qwen3-8B,5000,2,query_last,0.5912543562838343,0.34958171382461123,1.0,1.0,cell
Qwen3-8B,5000,2,query_last,0.5912543562838343,0.34958171382461123,0.0,1.0,cell
Qwen3-8B,5000,2,query_last,0.5912543562838343,0.34958171382461123,1.0,1.0,cell
Qwen3-8B,5000,30,query_last,0.8189789600548533,0.002501395362699772,1.0,1.0,cell
Qwen3-8B,5000,30,query_last,0.8189789600548533,0.002501395362699772,0.0,1.0,cell
Qwen3-8B,5000,30,query_last,0.8189789600548533,0.002501395362699772,0.0,1.0,cell
Qwen3-8B,5000,30,query_last,0.8189789600548533,0.002501395362699772,0.0,1.0,cell
Qwen3-8B,5000,30,query_last,0.8189789600548533,0.002501395362699772,1.0,1.0,cell
Qwen3-8B,5000,3,query_last,0.666917034257515,0.2966302451343159,0.0,1.0,cell
Qwen3-8B,5000,3,query_last,0.666917034257515,0.2966302451343159,1.0,1.0,cell
Qwen3-8B,5000,3,query_last,0.666917034257515,0.2966302451343159,1.0,1.0,cell
Qwen3-8B,5000,3,query_last,0.666917034257515,0.2966302451343159,0.0,1.0,cell
Qwen3-8B,5000,3,query_last,0.666917034257515,0.2966302451343159,0.0,1.0,cell
Qwen3-8B,5000,4,query_last,0.6549133789533124,0.18396510393993973,0.0,1.0,cell
Qwen3-8B,5000,4,query_last,0.6549133789533124,0.18396510393993973,1.0,1.0,cell
Qwen3-8B,5000,4,query_last,0.6549133789533124,0.18396510393993973,0.0,1.0,cell
Qwen3-8B,5000,4,query_last,0.6549133789533124,0.18396510393993973,0.0,1.0,cell
Qwen3-8B,5000,4,query_last,0.6549133789533124,0.18396510393993973,0.0,1.0,cell
Qwen3-8B,5000,5,query_last,0.6974221204272413,0.16499796572286388,0.0,1.0,cell
Qwen3-8B,5000,5,query_last,0.6974221204272413,0.16499796572286388,0.0,1.0,cell
Qwen3-8B,5000,5,query_last,0.6974221204272413,0.16499796572286388,1.0,1.0,cell
Qwen3-8B,5000,5,query_last,0.6974221204272413,0.16499796572286388,0.0,0.0,cell
Qwen3-8B,5000,5,query_last,0.6974221204272413,0.16499796572286388,0.0,1.0,cell
Qwen3-8B,5000,6,query_last,0.6555953626943216,0.07939903749082805,1.0,1.0,cell
Qwen3-8B,5000,6,query_last,0.6555953626943216,0.07939903749082805,0.0,1.0,cell
Qwen3-8B,5000,6,query_last,0.6555953626943216,0.07939903749082805,1.0,1.0,cell
Qwen3-8B,5000,6,query_last,0.6555953626943216,0.07939903749082805,0.0,0.0,cell
Qwen3-8B,5000,6,query_last,0.6555953626943216,0.07939903749082805,1.0,1.0,cell
Qwen3-8B,5000,8,query_last,0.6871872711169968,0.04972798377848194,1.0,1.0,cell
Qwen3-8B,5000,8,query_last,0.6871872711169968,0.04972798377848194,0.0,1.0,cell
Qwen3-8B,5000,8,query_last,0.6871872711169968,0.04972798377848194,0.0,1.0,cell
Qwen3-8B,5000,8,query_last,0.6871872711169968,0.04972798377848194,0.0,1.0,cell
Qwen3-8B,5000,8,query_last,0.6871872711169968,0.04972798377848194,1.0,1.0,cell
Qwen3-1.7B,10000,10,query_first,0.8682248103001031,0.24340075461047767,1.0,0.0,cell
Qwen3-1.7B,10000,10,query_first,0.8682248103001031,0.24340075461047767,0.0,0.0,cell
Qwen3-1.7B,10000,10,query_first,0.8682248103001031,0.24340075461047767,0.0,0.0,cell
Qwen3-1.7B,10000,10,query_first,0.8682248103001031,0.24340075461047767,1.0,0.0,cell
Qwen3-1.7B,10000,10,query_first,0.8682248103001031,0.24340075461047767,0.0,0.0,cell
Qwen3-1.7B,10000,1,query_first,0.9333073353690142,0.9333073353690142,1.0,1.0,cell
Qwen3-1.7B,10000,1,query_first,0.9333073353690142,0.9333073353690142,1.0,1.0,cell
Qwen3-1.7B,10000,1,query_first,0.9333073353690142,0.9333073353690142,1.0,1.0,cell
Qwen3-1.7B,10000,1,query_first,0.9333073353690142,0.9333073353690142,1.0,1.0,cell
Qwen3-1.7B,10000,1,query_first,0.9333073353690142,0.9333073353690142,1.0,1.0,cell
Qwen3-1.7B,10000,20,query_first,0.8403366673871334,0.030836585326061695,0.0,0.0,cell
Qwen3-1.7B,10000,20,query_first,0.8403366673871334,0.030836585326061695,0.0,0.0,cell
Qwen3-1.7B,10000,20,query_first,0.8403366673871334,0.030836585326061695,0.0,0.0,cell
Qwen3-1.7B,10000,20,query_first,0.8403366673871334,0.030836585326061695,0.0,0.0,cell
Qwen3-1.7B,10000,20,query_first,0.8403366673871334,0.030836585326061695,0.0,0.0,cell
Qwen3-1.7B,10000,2,query_first,0.9084227200120054,0.8252318382340104,1.0,0.0,cell
Qwen3-1.7B,10000,2,query_first,0.9084227200120054,0.8252318382340104,1.0,0.0,cell
Qwen3-1.7B,10000,2,query_first,0.9084227200120054,0.8252318382340104,1.0,0.0,cell
Qwen3-1.7B,10000,2,query_first,0.9084227200120054,0.8252318382340104,1.0,0.0,cell
Qwen3-1.7B,10000,2,query_first,0.9084227200120054,0.8252318382340104,0.0,0.0,cell
Qwen3-1.7B,10000,30,query_first,0.8053479846155234,0.00151184506258277,0.0,0.0,cell
Qwen3-1.7B,10000,30,query_first,0.8053479846155234,0.00151184506258277,0.0,0.0,cell
Qwen3-1.7B,10000,30,query_first,0.8053479846155234,0.00151184506258277,0.0,0.0,cell
Qwen3-1.7B,10000,30,query_first,0.8053479846155234,0.00151184506258277,0.0,0.0,cell
Qwen3-1.7B,10000,30,query_first,0.8053479846155234,0.00151184506258277,0.0,0.0,cell
Qwen3-1.7B,10000,3,query_first,0.907082509757507,0.7463462912332592,1.0,1.0,cell
Qwen3-1.7B,10000,3,query_first,0.907082509757507,0.7463462912332592,1.0,1.0,cell
Qwen3-1.7B,10000,3,query_first,0.907082509757507,0.7463462912332592,1.0,0.0,cell
Qwen3-1.7B,10000,3,query_first,0.907082509757507,0.7463462912332592,1.0,1.0,cell
Qwen3-1.7B,10000,3,query_first,0.907082509757507,0.7463462912332592,1.0,0.0,cell
Qwen3-1.7B,10000,4,query_first,0.9028237611316742,0.6643729204066384,1.0,0.0,cell
Qwen3-1.7B,10000,4,query_first,0.9028237611316742,0.6643729204066384,1.0,0.0,cell
Qwen3-1.7B,10000,4,query_first,0.9028237611316742,0.6643729204066384,1.0,0.0,cell
Qwen3-1.7B,10000,4,query_first,0.9028237611316742,0.6643729204066384,1.0,0.0,cell
Qwen3-1.7B,10000,4,query_first,0.9028237611316742,0.6643729204066384,1.0,0.0,cell
Qwen3-1.7B,10000,5,query_first,0.8755789305341225,0.5146079745983739,0.0,0.0,cell
Qwen3-1.7B,10000,5,query_first,0.8755789305341225,0.5146079745983739,1.0,1.0,cell
Qwen3-1.7B,10000,5,query_first,0.8755789305341225,0.5146079745983739,1.0,0.0,cell
Qwen3-1.7B,10000,5,query_first,0.8755789305341225,0.5146079745983739,1.0,0.0,cell
Qwen3-1.7B,10000,5,query_first,0.8755789305341225,0.5146079745983739,1.0,0.0,cell
Qwen3-1.7B,10000,6,query_first,0.8808532461678886,0.46711235560510184,0.0,0.0,cell
Qwen3-1.7B,10000,6,query_first,0.8808532461678886,0.46711235560510184,0.0,0.0,cell
Qwen3-1.7B,10000,6,query_first,0.8808532461678886,0.46711235560510184,0.0,0.0,cell
Qwen3-1.7B,10000,6,query_first,0.8808532461678886,0.46711235560510184,1.0,0.0,cell
Qwen3-1.7B,10000,6,query_first,0.8808532461678886,0.46711235560510184,1.0,0.0,cell
Qwen3-1.7B,10000,8,query_first,0.8715823287990068,0.33301771092693255,1.0,0.0,cell
Qwen3-1.7B,10000,8,query_first,0.8715823287990068,0.33301771092693255,1.0,1.0,cell
Qwen3-1.7B,10000,8,query_first,0.8715823287990068,0.33301771092693255,0.0,0.0,cell
Qwen3-1.7B,10000,8,query_first,0.8715823287990068,0.33301771092693255,1.0,0.0,cell
Qwen3-1.7B,10000,8,query_first,0.8715823287990068,0.33301771092693255,1.0,0.0,cell
Qwen3-1.7B,2000,10,query_first,0.780508285956464,0.0839025536895182,0.0,0.0,cell
Qwen3-1.7B,2000,10,query_first,0.780508285956464,0.0839025536895182,0.0,0.0,cell
Qwen3-1.7B,2000,10,query_first,0.780508285956464,0.0839025536895182,0.0,0.0,cell
Qwen3-1.7B,2000,10,query_first,0.780508285956464,0.0839025536895182,0.0,0.0,cell
Qwen3-1.7B,2000,10,query_first,0.780508285956464,0.0839025536895182,0.0,0.0,cell
Qwen3-1.7B,2000,1,query_first,0.8920358210047403,0.8920358210047403,1.0,1.0,cell
Qwen3-1.7B,2000,1,query_first,0.8920358210047403,0.8920358210047403,1.0,1.0,cell
Qwen3-1.7B,2000,1,query_first,0.8920358210047403,0.8920358210047403,1.0,1.0,cell
Qwen3-1.7B,2000,1,query_first,0.8920358210047403,0.8920358210047403,1.0,1.0,cell
Qwen3-1.7B,2000,1,query_first,0.8920358210047403,0.8920358210047403,1.0,1.0,cell
Qwen3-1.7B,2000,20,query_first,0.7307806647910876,0.001886865582778911,0.0,0.0,cell
Qwen3-1.7B,2000,20,query_first,0.7307806647910876,0.001886865582778911,0.0,0.0,cell
Qwen3-1.7B,2000,20,query_first,0.7307806647910876,0.001886865582778911,0.0,0.0,cell
Qwen3-1.7B,2000,20,query_first,0.7307806647910876,0.001886865582778911,0.0,0.0,cell
Qwen3-1.7B,2000,20,query_first,0.7307806647910876,0.001886865582778911,0.0,0.0,cell
Qwen3-1.7B,2000,2,query_first,0.8705098216402154,0.7577873495720796,1.0,0.0,cell
Qwen3-1.7B,2000,2,query_first,0.8705098216402154,0.7577873495720796,1.0,0.0,cell
Qwen3-1.7B,2000,2,query_first,0.8705098216402154,0.7577873495720796,1.0,0.0,cell
Qwen3-1.7B,2000,2,query_first,0.8705098216402154,0.7577873495720796,0.0,1.0,cell
Qwen3-1.7B,2000,2,query_first,0.8705098216402154,0.7577873495720796,0.0,0.0,cell
Qwen3-1.7B,2000,30,query_first,0.7526125632008535,0.00019821837382510033,0.0,0.0,cell
Qwen3-1.7B,2000,30,query_first,0.7526125632008535,0.00019821837382510033,0.0,0.0,cell
Qwen3-1.7B,2000,30,query_first,0.7526125632008535,0.00019821837382510033,0.0,0.0,cell
Qwen3-1.7B,2000,30,query_first,0.7526125632008535,0.00019821837382510033,0.0,0.0,cell
Qwen3-1.7B,2000,30,query_first,0.7526125632008535,0.00019821837382510033,0.0,0.0,cell
Qwen3-1.7B,2000,3,query_first,0.8355576043070462,0.5833499810233335,1.0,0.0,cell
Qwen3-1.7B,2000,3,query_first,0.8355576043070462,0.5833499810233335,0.0,0.0,cell
Qwen3-1.7B,2000,3,query_first,0.8355576043070462,0.5833499810233335,0.0,0.0,cell
Qwen3-1.7B,2000,3,query_first,0.8355576043070462,0.5833499810233335,1.0,1.0,cell
Qwen3-1.7B,2000,3,query_first,0.8355576043070462,0.5833499810233335,0.0,0.0,cell
Qwen3-1.7B,2000,4,query_first,0.8280344715479308,0.47010369890952675,1.0,0.0,cell
Qwen3-1.7B,2000,4,query_first,0.8280344715479308,0.47010369890952675,0.0,0.0,cell
Qwen3-1.7B,2000,4,query_first,0.8280344715479308,0.47010369890952675,0.0,0.0,cell
Qwen3-1.7B,2000,4,query_first,0.8280344715479308,0.47010369890952675,1.0,0.0,cell
Qwen3-1.7B,2000,4,query_first,0.8280344715479308,0.47010369890952675,0.0,0.0,cell
Qwen3-1.7B,2000,5,query_first,0.832450799588206,0.39975405145855863,0.0,0.0,cell
Qwen3-1.7B,2000,5,query_first,0.832450799588206,0.39975405145855863,0.0,0.0,cell
Qwen3-1.7B,2000,5,query_first,0.832450799588206,0.39975405145855863,0.0,0.0,cell
Qwen3-1.7B,2000,5,query_first,0.832450799588206,0.39975405145855863,1.0,0.0,cell
Qwen3-1.7B,2000,5,query_first,0.832450799588206,0.39975405145855863,0.0,0.0,cell
Qwen3-1.7B,2000,6,query_first,0.8215070689833056,0.30737449560358715,0.0,0.0,cell
Qwen3-1.7B,2000,6,query_first,0.8215070689833056,0.30737449560358715,0.0,0.0,cell
Qwen3-1.7B,2000,6,query_first,0.8215070689833056,0.30737449560358715,0.0,0.0,cell
Qwen3-1.7B,2000,6,query_first,0.8215070689833056,0.30737449560358715,1.0,0.0,cell
Qwen3-1.7B,2000,6,query_first,0.8215070689833056,0.30737449560358715,0.0,0.0,cell
Qwen3-1.7B,2000,8,query_first,0.8047100032271424,0.17583899790522894,1.0,0.0,cell
Qwen3-1.7B,2000,8,query_first,0.8047100032271424,0.17583899790522894,1.0,0.0,cell
Qwen3-1.7B,2000,8,query_first,0.8047100032271424,0.17583899790522894,0.0,0.0,cell
Qwen3-1.7B,2000,8,query_first,0.8047100032271424,0.17583899790522894,0.0,0.0,cell
Qwen3-1.7B,2000,8,query_first,0.8047100032271424,0.17583899790522894,0.0,0.0,cell
Qwen3-1.7B,5000,10,query_first,0.8403366673871334,0.17560348893476374,0.0,0.0,cell
Qwen3-1.7B,5000,10,query_first,0.8403366673871334,0.17560348893476374,0.0,0.0,cell
Qwen3-1.7B,5000,10,query_first,0.8403366673871334,0.17560348893476374,0.0,0.0,cell
Qwen3-1.7B,5000,10,query_first,0.8403366673871334,0.17560348893476374,0.0,0.0,cell
Qwen3-1.7B,5000,10,query_first,0.8403366673871334,0.17560348893476374,0.0,0.0,cell
Qwen3-1.7B,5000,1,query_first,0.9084227200120054,0.9084227200120054,1.0,1.0,cell
Qwen3-1.7B,5000,1,query_first,0.9084227200120054,0.9084227200120054,1.0,1.0,cell
Qwen3-1.7B,5000,1,query_first,0.9084227200120054,0.9084227200120054,1.0,0.0,cell
Qwen3-1.7B,5000,1,query_first,0.9084227200120054,0.9084227200120054,1.0,1.0,cell
Qwen3-1.7B,5000,1,query_first,0.9084227200120054,0.9084227200120054,1.0,1.0,cell
Qwen3-1.7B,5000,20,query_first,0.79163020212384,0.009342155662865165,0.0,0.0,cell
Qwen3-1.7B,5000,20,query_first,0.79163020212384,0.009342155662865165,0.0,0.0,cell
Qwen3-1.7B,5000,20,query_first,0.79163020212384,0.009342155662865165,0.0,0.0,cell
Qwen3-1.7B,5000,20,query_first,0.79163020212384,0.009342155662865165,0.0,0.0,cell
Qwen3-1.7B,5000,20,query_first,0.79163020212384,0.009342155662865165,0.0,0.0,cell
Qwen3-1.7B,5000,2,query_first,0.8988558852332414,0.8079419024184341,1.0,0.0,cell
Qwen3-1.7B,5000,2,query_first,0.8988558852332414,0.8079419024184341,1.0,0.0,cell
Qwen3-1.7B,5000,2,query_first,0.8988558852332414,0.8079419024184341,1.0,0.0,cell
Qwen3-1.7B,5000,2,query_first,0.8988558852332414,0.8079419024184341,0.0,0.0,cell
Qwen3-1.7B,5000,2,query_first,0.8988558852332414,0.8079419024184341,0.0,0.0,cell
Qwen3-1.7B,5000,30,query_first,0.7650392677928385,0.00032397523484908793,0.0,0.0,cell
Qwen3-1.7B,5000,30,query_first,0.7650392677928385,0.00032397523484908793,0.0,0.0,cell
Qwen3-1.7B,5000,30,query_first,0.7650392677928385,0.00032397523484908793,0.0,0.0,cell
Qwen3-1.7B,5000,30,query_first,0.7650392677928385,0.00032397523484908793,0.0,0.0,cell
Qwen3-1.7B,5000,30,query_first,0.7650392677928385,0.00032397523484908793,0.0,0.0,cell
Qwen3-1.7B,5000,3,query_first,0.8895190781448195,0.7038268028174722,1.0,0.0,cell
Qwen3-1.7B,5000,3,query_first,0.8895190781448195,0.7038268028174722,1.0,0.0,cell
Qwen3-1.7B,5000,3,query_first,0.8895190781448195,0.7038268028174722,0.0,0.0,cell
Qwen3-1.7B,5000,3,query_first,0.8895190781448195,0.7038268028174722,1.0,1.0,cell
Qwen3-1.7B,5000,3,query_first,0.8895190781448195,0.7038268028174722,0.0,0.0,cell
Qwen3-1.7B,5000,4,query_first,0.8595895343596606,0.5459645908847136,1.0,0.0,cell
Qwen3-1.7B,5000,4,query_first,0.8595895343596606,0.5459645908847136,1.0,0.0,cell
Qwen3-1.7B,5000,4,query_first,0.8595895343596606,0.5459645908847136,1.0,0.0,cell
Qwen3-1.7B,5000,4,query_first,0.8595895343596606,0.5459645908847136,1.0,0.0,cell
Qwen3-1.7B,5000,4,query_first,0.8595895343596606,0.5459645908847136,0.0,0.0,cell
Qwen3-1.7B,5000,5,query_first,0.8603996464720018,0.471521083370187,1.0,0.0,cell
Qwen3-1.7B,5000,5,query_first,0.8603996464720018,0.471521083370187,0.0,0.0,cell
Qwen3-1.7B,5000,5,query_first,0.8603996464720018,0.471521083370187,1.0,0.0,cell
Qwen3-1.7B,5000,5,query_first,0.8603996464720018,0.471521083370187,1.0,0.0,cell
Qwen3-1.7B,5000,5,query_first,0.8603996464720018,0.471521083370187,0.0,0.0,cell
Qwen3-1.7B,5000,6,query_first,0.8586381205452882,0.40073843186952673,1.0,0.0,cell
Qwen3-1.7B,5000,6,query_first,0.8586381205452882,0.40073843186952673,1.0,0.0,cell
Qwen3-1.7B,5000,6,query_first,0.8586381205452882,0.40073843186952673,0.0,0.0,cell
Qwen3-1.7B,5000,6,query_first,0.8586381205452882,0.40073843186952673,1.0,0.0,cell
Qwen3-1.7B,5000,6,query_first,0.8586381205452882,0.40073843186952673,0.0,0.0,cell
Qwen3-1.7B,5000,8,query_first,0.8496513787483928,0.27159772755180533,1.0,0.0,cell
Qwen3-1.7B,5000,8,query_first,0.8496513787483928,0.27159772755180533,0.0,0.0,cell
Qwen3-1.7B,5000,8,query_first,0.8496513787483928,0.27159772755180533,0.0,0.0,cell
Qwen3-1.7B,5000,8,query_first,0.8496513787483928,0.27159772755180533,1.0,0.0,cell
Qwen3-1.7B,5000,8,query_first,0.8496513787483928,0.27159772755180533,0.0,0.0,cell
Qwen3-1.7B,10000,10,query_last,0.895490722201081,0.33159723967113675,0.0,0.0,cell
Qwen3-1.7B,10000,10,query_last,0.895490722201081,0.33159723967113675,1.0,1.0,cell
Qwen3-1.7B,10000,10,query_last,0.895490722201081,0.33159723967113675,1.0,0.0,cell
Qwen3-1.7B,10000,10,query_last,0.895490722201081,0.33159723967113675,1.0,0.0,cell
Qwen3-1.7B,10000,10,query_last,0.895490722201081,0.33159723967113675,0.0,0.0,cell
Qwen3-1.7B,10000,1,query_last,0.9503121020796181,0.9503121020796181,1.0,1.0,cell
Qwen3-1.7B,10000,1,query_last,0.9503121020796181,0.9503121020796181,1.0,1.0,cell
Qwen3-1.7B,10000,1,query_last,0.9503121020796181,0.9503121020796181,1.0,1.0,cell
Qwen3-1.7B,10000,1,query_last,0.9503121020796181,0.9503121020796181,1.0,1.0,cell
Qwen3-1.7B,10000,1,query_last,0.9503121020796181,0.9503121020796181,1.0,1.0,cell
Qwen3-1.7B,10000,20,query_last,0.8818252449457823,0.08084451380082407,0.0,0.0,cell
Qwen3-1.7B,10000,20,query_last,0.8818252449457823,0.08084451380082407,0.0,0.0,cell
Qwen3-1.7B,10000,20,query_last,0.8818252449457823,0.08084451380082407,0.0,0.0,cell
Qwen3-1.7B,10000,20,query_last,0.8818252449457823,0.08084451380082407,0.0,0.0,cell
Qwen3-1.7B,10000,20,query_last,0.8818252449457823,0.08084451380082407,0.0,0.0,cell
Qwen3-1.7B,10000,2,query_last,0.9304545953245357,0.8657457539605454,1.0,1.0,cell
Qwen3-1.7B,10000,2,query_last,0.9304545953245357,0.8657457539605454,0.0,0.0,cell
Qwen3-1.7B,10000,2,query_last,0.9304545953245357,0.8657457539605454,0.0,0.0,cell
Qwen3-1.7B,10000,2,query_last,0.9304545953245357,0.8657457539605454,1.0,0.0,cell
Qwen3-1.7B,10000,2,query_last,0.9304545953245357,0.8657457539605454,1.0,1.0,cell
Qwen3-1.7B,10000,30,query_last,0.8554217952297071,0.00923441403204763,0.0,0.0,cell
Qwen3-1.7B,10000,30,query_last,0.8554217952297071,0.00923441403204763,0.0,0.0,cell
Qwen3-1.7B,10000,30,query_last,0.8554217952297071,0.00923441403204763,0.0,0.0,cell
Qwen3-1.7B,10000,30,query_last,0.8554217952297071,0.00923441403204763,0.0,0.0,cell
Qwen3-1.7B,10000,30,query_last,0.8554217952297071,0.00923441403204763,0.0,0.0,cell
Qwen3-1.7B,10000,3,query_last,0.9269844400812114,0.7965578704049491,1.0,1.0,cell
Qwen3-1.7B,10000,3,query_last,0.9269844400812114,0.7965578704049491,1.0,1.0,cell
Qwen3-1.7B,10000,3,query_last,0.9269844400812114,0.7965578704049491,1.0,1.0,cell
Qwen3-1.7B,10000,3,query_last,0.9269844400812114,0.7965578704049491,1.0,1.0,cell
Qwen3-1.7B,10000,3,query_last,0.9269844400812114,0.7965578704049491,0.0,0.0,cell
Qwen3-1.7B,10000,4,query_last,0.929438459776595,0.7462469304636195,1.0,0.0,cell
Qwen3-1.7B,10000,4,query_last,0.929438459776595,0.7462469304636195,0.0,0.0,cell
Qwen3-1.7B,10000,4,query_last,0.929438459776595,0.7462469304636195,1.0,0.0,cell
Qwen3-1.7B,10000,4,query_last,0.929438459776595,0.7462469304636195,1.0,0.0,cell
Qwen3-1.7B,10000,4,query_last,0.929438459776595,0.7462469304636195,0.0,0.0,cell
Qwen3-1.7B,10000,5,query_last,0.9096136622153222,0.6227086144533265,0.0,0.0,cell
Qwen3-1.7B,10000,5,query_last,0.9096136622153222,0.6227086144533265,1.0,1.0,cell
Qwen3-1.7B,10000,5,query_last,0.9096136622153222,0.6227086144533265,1.0,0.0,cell
Qwen3-1.7B,10000,5,query_last,0.9096136622153222,0.6227086144533265,1.0,0.0,cell
Qwen3-1.7B,10000,5,query_last,0.9096136622153222,0.6227086144533265,0.0,0.0,cell
Qwen3-1.7B,10000,6,query_last,0.909941803351705,0.5676513874003555,0.0,0.0,cell
Qwen3-1.7B,10000,6,query_last,0.909941803351705,0.5676513874003555,1.0,0.0,cell
Qwen3-1.7B,10000,6,query_last,0.909941803351705,0.5676513874003555,0.0,0.0,cell
Qwen3-1.7B,10000,6,query_last,0.909941803351705,0.5676513874003555,1.0,0.0,cell
Qwen3-1.7B,10000,6,query_last,0.909941803351705,0.5676513874003555,0.0,0.0,cell
Qwen3-1.7B,10000,8,query_last,0.9015164837058284,0.4363041818848624,0.0,0.0,cell
Qwen3-1.7B,10000,8,query_last,0.9015164837058284,0.4363041818848624,1.0,0.0,cell
Qwen3-1.7B,10000,8,query_last,0.9015164837058284,0.4363041818848624,1.0,0.0,cell
Qwen3-1.7B,10000,8,query_last,0.9015164837058284,0.4363041818848624,0.0,0.0,cell
Qwen3-1.7B,10000,8,query_last,0.9015164837058284,0.4363041818848624,1.0,0.0,cell
Qwen3-1.7B,2000,10,query_last,0.8356681798348424,0.16608815329756438,1.0,0.0,cell
Qwen3-1.7B,2000,10,query_last,0.8356681798348424,0.16608815329756438,0.0,0.0,cell
Qwen3-1.7B,2000,10,query_last,0.8356681798348424,0.16608815329756438,0.0,0.0,cell
Qwen3-1.7B,2000,10,query_last,0.8356681798348424,0.16608815329756438,1.0,1.0,cell
Qwen3-1.7B,2000,10,query_last,0.8356681798348424,0.16608815329756438,0.0,0.0,cell
Qwen3-1.7B,2000,1,query_last,0.9148580838500728,0.9148580838500728,1.0,1.0,cell
Qwen3-1.7B,2000,1,query_last,0.9148580838500728,0.9148580838500728,1.0,1.0,cell
Qwen3-1.7B,2000,1,query_last,0.9148580838500728,0.9148580838500728,1.0,1.0,cell
Qwen3-1.7B,2000,1,query_last,0.9148580838500728,0.9148580838500728,1.0,1.0,cell
Qwen3-1.7B,2000,1,query_last,0.9148580838500728,0.9148580838500728,1.0,1.0,cell
Qwen3-1.7B,2000,20,query_last,0.7876765011009497,0.008451966859470757,1.0,1.0,cell
Qwen3-1.7B,2000,20,query_last,0.7876765011009497,0.008451966859470757,1.0,1.0,cell
Qwen3-1.7B,2000,20,query_last,0.7876765011009497,0.008451966859470757,0.0,0.0,cell
Qwen3-1.7B,2000,20,query_last,0.7876765011009497,0.008451966859470757,0.0,0.0,cell
Qwen3-1.7B,2000,20,query_last,0.7876765011009497,0.008451966859470757,0.0,0.0,cell
Qwen3-1.7B,2000,2,query_last,0.9050438530541699,0.8191043759511378,1.0,1.0,cell
Qwen3-1.7B,2000,2,query_last,0.9050438530541699,0.8191043759511378,1.0,1.0,cell
Qwen3-1.7B,2000,2,query_last,0.9050438530541699,0.8191043759511378,1.0,0.0,cell
Qwen3-1.7B,2000,2,query_last,0.9050438530541699,0.8191043759511378,1.0,1.0,cell
Qwen3-1.7B,2000,2,query_last,0.9050438530541699,0.8191043759511378,1.0,1.0,cell
Qwen3-1.7B,2000,30,query_last,0.8040436633605176,0.0014400879246647244,0.0,0.0,cell
Qwen3-1.7B,2000,30,query_last,0.8040436633605176,0.0014400879246647244,0.0,0.0,cell
Qwen3-1.7B,2000,30,query_last,0.8040436633605176,0.0014400879246647244,0.0,0.0,cell
Qwen3-1.7B,2000,30,query_last,0.8040436633605176,0.0014400879246647244,0.0,0.0,cell
Qwen3-1.7B,2000,30,query_last,0.8040436633605176,0.0014400879246647244,0.0,0.0,cell
Qwen3-1.7B,2000,3,query_last,0.879027403700414,0.6792149606477842,1.0,1.0,cell
Qwen3-1.7B,2000,3,query_last,0.879027403700414,0.6792149606477842,1.0,1.0,cell
Qwen3-1.7B,2000,3,query_last,0.879027403700414,0.6792149606477842,1.0,1.0,cell
Qwen3-1.7B,2000,3,query_last,0.879027403700414,0.6792149606477842,1.0,1.0,cell
Qwen3-1.7B,2000,3,query_last,0.879027403700414,0.6792149606477842,1.0,1.0,cell
Qwen3-1.7B,2000,4,query_last,0.8680871027039683,0.5678756090043513,1.0,0.0,cell
Qwen3-1.7B,2000,4,query_last,0.8680871027039683,0.5678756090043513,0.0,0.0,cell
Qwen3-1.7B,2000,4,query_last,0.8680871027039683,0.5678756090043513,0.0,0.0,cell
Qwen3-1.7B,2000,4,query_last,0.8680871027039683,0.5678756090043513,1.0,0.0,cell
Qwen3-1.7B,2000,4,query_last,0.8680871027039683,0.5678756090043513,1.0,1.0,cell
Qwen3-1.7B,2000,5,query_last,0.8701475397544846,0.4988436899307277,1.0,0.0,cell
Qwen3-1.7B,2000,5,query_last,0.8701475397544846,0.4988436899307277,0.0,0.0,cell
Qwen3-1.7B,2000,5,query_last,0.8701475397544846,0.4988436899307277,1.0,0.0,cell
Qwen3-1.7B,2000,5,query_last,0.8701475397544846,0.4988436899307277,1.0,1.0,cell
Qwen3-1.7B,2000,5,query_last,0.8701475397544846,0.4988436899307277,0.0,0.0,cell
Qwen3-1.7B,2000,6,query_last,0.8568456327597583,0.39574508076355425,0.0,0.0,cell
Qwen3-1.7B,2000,6,query_last,0.8568456327597583,0.39574508076355425,0.0,0.0,cell
Qwen3-1.7B,2000,6,query_last,0.8568456327597583,0.39574508076355425,1.0,0.0,cell
Qwen3-1.7B,2000,6,query_last,0.8568456327597583,0.39574508076355425,1.0,0.0,cell
Qwen3-1.7B,2000,6,query_last,0.8568456327597583,0.39574508076355425,0.0,0.0,cell
Qwen3-1.7B,2000,8,query_last,0.8538460724501422,0.2825118575140843,1.0,1.0,cell
Qwen3-1.7B,2000,8,query_last,0.8538460724501422,0.2825118575140843,1.0,1.0,cell
Qwen3-1.7B,2000,8,query_last,0.8538460724501422,0.2825118575140843,1.0,0.0,cell
Qwen3-1.7B,2000,8,query_last,0.8538460724501422,0.2825118575140843,0.0,0.0,cell
Qwen3-1.7B,2000,8,query_last,0.8538460724501422,0.2825118575140843,0.0,0.0,cell
Qwen3-1.7B,5000,10,query_last,0.8818252449457823,0.2843316967923627,1.0,0.0,cell
Qwen3-1.7B,5000,10,query_last,0.8818252449457823,0.2843316967923627,0.0,0.0,cell
Qwen3-1.7B,5000,10,query_last,0.8818252449457823,0.2843316967923627,0.0,0.0,cell
Qwen3-1.7B,5000,10,query_last,0.8818252449457823,0.2843316967923627,1.0,0.0,cell
Qwen3-1.7B,5000,10,query_last,0.8818252449457823,0.2843316967923627,0.0,0.0,cell
Qwen3-1.7B,5000,1,query_last,0.9304545953245357,0.9304545953245357,1.0,1.0,cell
Qwen3-1.7B,5000,1,query_last,0.9304545953245357,0.9304545953245357,1.0,1.0,cell
Qwen3-1.7B,5000,1,query_last,0.9304545953245357,0.9304545953245357,1.0,1.0,cell
Qwen3-1.7B,5000,1,query_last,0.9304545953245357,0.9304545953245357,1.0,1.0,cell
Qwen3-1.7B,5000,1,query_last,0.9304545953245357,0.9304545953245357,1.0,1.0,cell
Qwen3-1.7B,5000,20,query_last,0.8445517402244556,0.034082011820657,0.0,0.0,cell
Qwen3-1.7B,5000,20,query_last,0.8445517402244556,0.034082011820657,0.0,0.0,cell
Qwen3-1.7B,5000,20,query_last,0.8445517402244556,0.034082011820657,0.0,0.0,cell
Qwen3-1.7B,5000,20,query_last,0.8445517402244556,0.034082011820657,0.0,0.0,cell
Qwen3-1.7B,5000,20,query_last,0.8445517402244556,0.034082011820657,0.0,0.0,cell
Qwen3-1.7B,5000,2,query_last,0.9203651755663178,0.847072056395219,1.0,1.0,cell
Qwen3-1.7B,5000,2,query_last,0.9203651755663178,0.847072056395219,1.0,1.0,cell
Qwen3-1.7B,5000,2,query_last,0.9203651755663178,0.847072056395219,1.0,0.0,cell
Qwen3-1.7B,5000,2,query_last,0.9203651755663178,0.847072056395219,1.0,1.0,cell
Qwen3-1.7B,5000,2,query_last,0.9203651755663178,0.847072056395219,1.0,0.0,cell
Qwen3-1.7B,5000,30,query_last,0.816512883687268,0.0022850265716601722,0.0,0.0,cell
Qwen3-1.7B,5000,30,query_last,0.816512883687268,0.0022850265716601722,0.0,0.0,cell
Qwen3-1.7B,5000,30,query_last,0.816512883687268,0.0022850265716601722,0.0,0.0,cell
Qwen3-1.7B,5000,30,query_last,0.816512883687268,0.0022850265716601722,0.0,0.0,cell
Qwen3-1.7B,5000,30,query_last,0.816512883687268,0.0022850265716601722,0.0,0.0,cell
Qwen3-1.7B,5000,3,query_last,0.9194525747108903,0.7772988046433174,1.0,1.0,cell
Qwen3-1.7B,5000,3,query_last,0.9194525747108903,0.7772988046433174,1.0,1.0,cell
Qwen3-1.7B,5000,3,query_last,0.9194525747108903,0.7772988046433174,1.0,0.0,cell
Qwen3-1.7B,5000,3,query_last,0.9194525747108903,0.7772988046433174,1.0,1.0,cell
Qwen3-1.7B,5000,3,query_last,0.9194525747108903,0.7772988046433174,1.0,0.0,cell
Qwen3-1.7B,5000,4,query_last,0.8974859891247223,0.6487998035449014,1.0,1.0,cell
Qwen3-1.7B,5000,4,query_last,0.8974859891247223,0.6487998035449014,1.0,1.0,cell
Qwen3-1.7B,5000,4,query_last,0.8974859891247223,0.6487998035449014,1.0,0.0,cell
Qwen3-1.7B,5000,4,query_last,0.8974859891247223,0.6487998035449014,1.0,0.0,cell
Qwen3-1.7B,5000,4,query_last,0.8974859891247223,0.6487998035449014,1.0,0.0,cell
Qwen3-1.7B,5000,5,query_last,0.8938801643444056,0.5706850568071721,1.0,0.0,cell
Qwen3-1.7B,5000,5,query_last,0.8938801643444056,0.5706850568071721,0.0,0.0,cell
Qwen3-1.7B,5000,5,query_last,0.8938801643444056,0.5706850568071721,1.0,0.0,cell
Qwen3-1.7B,5000,5,query_last,0.8938801643444056,0.5706850568071721,1.0,0.0,cell
Qwen3-1.7B,5000,5,query_last,0.8938801643444056,0.5706850568071721,1.0,1.0,cell
Qwen3-1.7B,5000,6,query_last,0.8912129646668907,0.5010591229759154,1.0,0.0,cell
Qwen3-1.7B,5000,6,query_last,0.8912129646668907,0.5010591229759154,0.0,0.0,cell
Qwen3-1.7B,5000,6,query_last,0.8912129646668907,0.5010591229759154,1.0,0.0,cell
Qwen3-1.7B,5000,6,query_last,0.8912129646668907,0.5010591229759154,0.0,0.0,cell
Qwen3-1.7B,5000,6,query_last,0.8912129646668907,0.5010591229759154,0.0,0.0,cell
Qwen3-1.7B,5000,8,query_last,0.8802302190171729,0.3603878935053713,1.0,1.0,cell
Qwen3-1.7B,5000,8,query_last,0.8802302190171729,0.3603878935053713,0.0,0.0,cell
Qwen3-1.7B,5000,8,query_last,0.8802302190171729,0.3603878935053713,0.0,0.0,cell
Qwen3-1.7B,5000,8,query_last,0.8802302190171729,0.3603878935053713,1.0,1.0,cell
Qwen3-1.7B,5000,8,query_last,0.8802302190171729,0.3603878935053713,0.0,0.0,cell
Qwen3-32B,10000,10,query_first,0.9978301169916993,0.9785118262132652,1.0,0.0,cell
Qwen3-32B,10000,10,query_first,0.9978301169916993,0.9785118262132652,1.0,0.0,cell
Qwen3-32B,10000,10,query_first,0.9978301169916993,0.9785118262132652,1.0,0.0,cell
Qwen3-32B,10000,10,query_first,0.9978301169916993,0.9785118262132652,1.0,0.0,cell
Qwen3-32B,10000,10,query_first,0.9978301169916993,0.9785118262132652,1.0,0.0,cell
Qwen3-32B,10000,1,query_first,0.9978632207407423,0.9978632207407423,1.0,1.0,cell
Qwen3-32B,10000,1,query_first,0.9978632207407423,0.9978632207407423,1.0,1.0,cell
Qwen3-32B,10000,1,query_first,0.9978632207407423,0.9978632207407423,1.0,1.0,cell
Qwen3-32B,10000,1,query_first,0.9978632207407423,0.9978632207407423,1.0,1.0,cell
Qwen3-32B,10000,1,query_first,0.9978632207407423,0.9978632207407423,1.0,1.0,cell
Qwen3-32B,10000,20,query_first,0.9981411287702547,0.9634718369496812,1.0,0.0,cell
Qwen3-32B,10000,20,query_first,0.9981411287702547,0.9634718369496812,1.0,0.0,cell
Qwen3-32B,10000,20,query_first,0.9981411287702547,0.9634718369496812,1.0,0.0,cell
Qwen3-32B,10000,20,query_first,0.9981411287702547,0.9634718369496812,1.0,0.0,cell
Qwen3-32B,10000,20,query_first,0.9981411287702547,0.9634718369496812,1.0,1.0,cell
Qwen3-32B,10000,2,query_first,0.997880849294148,0.9957661893880101,1.0,1.0,cell
Qwen3-32B,10000,2,query_first,0.997880849294148,0.9957661893880101,1.0,1.0,cell
Qwen3-32B,10000,2,query_first,0.997880849294148,0.9957661893880101,1.0,0.0,cell
Qwen3-32B,10000,2,query_first,0.997880849294148,0.9957661893880101,1.0,0.0,cell
Qwen3-32B,10000,2,query_first,0.997880849294148,0.9957661893880101,1.0,1.0,cell
Qwen3-32B,10000,30,query_first,0.9999997637984045,0.999992913976404,0.0,0.0,cell
Qwen3-32B,10000,30,query_first,0.9999997637984045,0.999992913976404,0.0,0.0,cell
Qwen3-32B,10000,30,query_first,0.9999997637984045,0.999992913976404,1.0,0.0,cell
Qwen3-32B,10000,30,query_first,0.9999997637984045,0.999992913976404,1.0,1.0,cell
Qwen3-32B,10000,30,query_first,0.9999997637984045,0.999992913976404,1.0,1.0,cell
Qwen3-32B,10000,3,query_first,0.9970954688875875,0.9913116910622127,1.0,1.0,cell
Qwen3-32B,10000,3,query_first,0.9970954688875875,0.9913116910622127,1.0,1.0,cell
Qwen3-32B,10000,3,query_first,0.9970954688875875,0.9913116910622127,1.0,0.0,cell
Qwen3-32B,10000,3,query_first,0.9970954688875875,0.9913116910622127,1.0,1.0,cell
Qwen3-32B,10000,3,query_first,0.9970954688875875,0.9913116910622127,1.0,1.0,cell
Qwen3-32B,10000,4,query_first,0.9979833805279017,0.9919578898483348,1.0,1.0,cell
Qwen3-32B,10000,4,query_first,0.9979833805279017,0.9919578898483348,1.0,1.0,cell
Qwen3-32B,10000,4,query_first,0.9979833805279017,0.9919578898483348,1.0,0.0,cell
Qwen3-32B,10000,4,query_first,0.9979833805279017,0.9919578898483348,1.0,0.0,cell
Qwen3-32B,10000,4,query_first,0.9979833805279017,0.9919578898483348,1.0,1.0,cell
Qwen3-32B,10000,5,query_first,0.9999996207060109,0.9999981035314931,1.0,1.0,cell
Qwen3-32B,10000,5,query_first,0.9999996207060109,0.9999981035314931,1.0,1.0,cell
Qwen3-32B,10000,5,query_first,0.9999996207060109,0.9999981035314931,1.0,0.0,cell
Qwen3-32B,10000,5,query_first,0.9999996207060109,0.9999981035314931,1.0,0.0,cell
Qwen3-32B,10000,5,query_first,0.9999996207060109,0.9999981035314931,1.0,1.0,cell
Qwen3-32B,10000,6,query_first,0.9979463569161638,0.9877412302895671,1.0,0.0,cell
Qwen3-32B,10000,6,query_first,0.9979463569161638,0.9877412302895671,1.0,0.0,cell
Qwen3-32B,10000,6,query_first,0.9979463569161638,0.9877412302895671,1.0,0.0,cell
Qwen3-32B,10000,6,query_first,0.9979463569161638,0.9877412302895671,1.0,1.0,cell
Qwen3-32B,10000,6,query_first,0.9979463569161638,0.9877412302895671,1.0,1.0,cell
Qwen3-32B,10000,8,query_first,0.9980268947055263,0.984323736580878,1.0,0.0,cell
Qwen3-32B,10000,8,query_first,0.9980268947055263,0.984323736580878,1.0,0.0,cell
Qwen3-32B,10000,8,query_first,0.9980268947055263,0.984323736580878,1.0,0.0,cell
Qwen3-32B,10000,8,query_first,0.9980268947055263,0.984323736580878,1.0,0.0,cell
Qwen3-32B,10000,8,query_first,0.9980268947055263,0.984323736580878,1.0,0.0,cell
Qwen3-32B,2000,10,query_first,0.9999997936329841,0.9999979363317573,1.0,0.0,cell
Qwen3-32B,2000,10,query_first,0.9999997936329841,0.9999979363317573,1.0,0.0,cell
Qwen3-32B,2000,10,query_first,0.9999997936329841,0.9999979363317573,1.0,0.0,cell
Qwen3-32B,2000,10,query_first,0.9999997936329841,0.9999979363317573,1.0,0.0,cell
Qwen3-32B,2000,10,query_first,0.9999997936329841,0.9999979363317573,1.0,0.0,cell
Qwen3-32B,2000,1,query_first,0.9974334107833053,0.9974334107833053,1.0,0.0,cell
Qwen3-32B,2000,1,query_first,0.9974334107833053,0.9974334107833053,1.0,0.0,cell
Qwen3-32B,2000,1,query_first,0.9974334107833053,0.9974334107833053,1.0,0.0,cell
Qwen3-32B,2000,1,query_first,0.9974334107833053,0.9974334107833053,1.0,1.0,cell
Qwen3-32B,2000,1,query_first,0.9974334107833053,0.9974334107833053,1.0,1.0,cell
Qwen3-32B,2000,20,query_first,0.9980704309293046,0.9621079102923505,1.0,0.0,cell
Qwen3-32B,2000,20,query_first,0.9980704309293046,0.9621079102923505,1.0,1.0,cell
Qwen3-32B,2000,20,query_first,0.9980704309293046,0.9621079102923505,1.0,0.0,cell
Qwen3-32B,2000,20,query_first,0.9980704309293046,0.9621079102923505,1.0,0.0,cell
Qwen3-32B,2000,20,query_first,0.9980704309293046,0.9621079102923505,1.0,1.0,cell
Qwen3-32B,2000,2,query_first,0.9980747593513413,0.9961532252542378,1.0,1.0,cell
Qwen3-32B,2000,2,query_first,0.9980747593513413,0.9961532252542378,1.0,1.0,cell
Qwen3-32B,2000,2,query_first,0.9980747593513413,0.9961532252542378,1.0,1.0,cell
Qwen3-32B,2000,2,query_first,0.9980747593513413,0.9961532252542378,1.0,1.0,cell
Qwen3-32B,2000,2,query_first,0.9980747593513413,0.9961532252542378,1.0,1.0,cell
Qwen3-32B,2000,30,query_first,0.9983034563822004,0.9503361343563169,1.0,0.0,cell
Qwen3-32B,2000,30,query_first,0.9983034563822004,0.9503361343563169,1.0,1.0,cell
Qwen3-32B,2000,30,query_first,0.9983034563822004,0.9503361343563169,1.0,0.0,cell
Qwen3-32B,2000,30,query_first,0.9983034563822004,0.9503361343563169,1.0,0.0,cell
Qwen3-32B,2000,30,query_first,0.9983034563822004,0.9503361343563169,1.0,1.0,cell
Qwen3-32B,2000,3,query_first,0.9999997163023121,0.9999991489071778,1.0,1.0,cell
Qwen3-32B,2000,3,query_first,0.9999997163023121,0.9999991489071778,1.0,1.0,cell
Qwen3-32B,2000,3,query_first,0.9999997163023121,0.9999991489071778,1.0,1.0,cell
Qwen3-32B,2000,3,query_first,0.9999997163023121,0.9999991489071778,1.0,1.0,cell
Qwen3-32B,2000,3,query_first,0.9999997163023121,0.9999991489071778,1.0,1.0,cell
Qwen3-32B,2000,4,query_first,0.9980003991129375,0.992025554909136,1.0,1.0,cell
Qwen3-32B,2000,4,query_first,0.9980003991129375,0.992025554909136,1.0,1.0,cell
Qwen3-32B,2000,4,query_first,0.9980003991129375,0.992025554909136,1.0,0.0,cell
Qwen3-32B,2000,4,query_first,0.9980003991129375,0.992025554909136,1.0,0.0,cell
Qwen3-32B,2000,4,query_first,0.9980003991129375,0.992025554909136,1.0,1.0,cell
Qwen3-32B,2000,5,query_first,0.9981393800273496,0.9907314548505487,1.0,0.0,cell
Qwen3-32B,2000,5,query_first,0.9981393800273496,0.9907314548505487,1.0,1.0,cell
Qwen3-32B,2000,5,query_first,0.9981393800273496,0.9907314548505487,1.0,0.0,cell
Qwen3-32B,2000,5,query_first,0.9981393800273496,0.9907314548505487,1.0,1.0,cell
Qwen3-32B,2000,5,query_first,0.9981393800273496,0.9907314548505487,1.0,1.0,cell
Qwen3-32B,2000,6,query_first,0.998337323483718,0.9900653164856764,1.0,0.0,cell
Qwen3-32B,2000,6,query_first,0.998337323483718,0.9900653164856764,1.0,0.0,cell
Qwen3-32B,2000,6,query_first,0.998337323483718,0.9900653164856764,1.0,0.0,cell
Qwen3-32B,2000,6,query_first,0.998337323483718,0.9900653164856764,1.0,0.0,cell
Qwen3-32B,2000,6,query_first,0.998337323483718,0.9900653164856764,1.0,1.0,cell
Qwen3-32B,2000,8,query_first,0.998205214329917,0.9857315867595414,1.0,0.0,cell
Qwen3-32B,2000,8,query_first,0.998205214329917,0.9857315867595414,1.0,0.0,cell
Qwen3-32B,2000,8,query_first,0.998205214329917,0.9857315867595414,1.0,0.0,cell
Qwen3-32B,2000,8,query_first,0.998205214329917,0.9857315867595414,1.0,0.0,cell
Qwen3-32B,2000,8,query_first,0.998205214329917,0.9857315867595414,1.0,0.0,cell
Qwen3-32B,5000,10,query_first,0.9981411287702547,0.9815660125277775,1.0,0.0,cell
Qwen3-32B,5000,10,query_first,0.9981411287702547,0.9815660125277775,1.0,0.0,cell
Qwen3-32B,5000,10,query_first,0.9981411287702547,0.9815660125277775,1.0,0.0,cell
Qwen3-32B,5000,10,query_first,0.9981411287702547,0.9815660125277775,1.0,0.0,cell
Qwen3-32B,5000,10,query_first,0.9981411287702547,0.9815660125277775,1.0,0.0,cell
Qwen3-32B,5000,1,query_first,0.997880849294148,0.997880849294148,1.0,1.0,cell
Qwen3-32B,5000,1,query_first,0.997880849294148,0.997880849294148,1.0,1.0,cell
Qwen3-32B,5000,1,query_first,0.997880849294148,0.997880849294148,1.0,0.0,cell
Qwen3-32B,5000,1,query_first,0.997880849294148,0.997880849294148,1.0,1.0,cell
Qwen3-32B,5000,1,query_first,0.997880849294148,0.997880849294148,1.0,1.0,cell
Qwen3-32B,5000,20,query_first,0.9999997810943053,0.9999956218952111,1.0,1.0,cell
Qwen3-32B,5000,20,query_first,0.9999997810943053,0.9999956218952111,1.0,1.0,cell
Qwen3-32B,5000,20,query_first,0.9999997810943053,0.9999956218952111,1.0,0.0,cell
Qwen3-32B,5000,20,query_first,0.9999997810943053,0.9999956218952111,1.0,0.0,cell
Qwen3-32B,5000,20,query_first,0.9999997810943053,0.9999956218952111,1.0,1.0,cell
Qwen3-32B,5000,2,query_first,0.9972909007400848,0.9945891406989695,1.0,1.0,cell
Qwen3-32B,5000,2,query_first,0.9972909007400848,0.9945891406989695,1.0,1.0,cell
Qwen3-32B,5000,2,query_first,0.9972909007400848,0.9945891406989695,1.0,0.0,cell
Qwen3-32B,5000,2,query_first,0.9972909007400848,0.9945891406989695,1.0,1.0,cell
Qwen3-32B,5000,2,query_first,0.9972909007400848,0.9945891406989695,1.0,1.0,cell
Qwen3-32B,5000,30,query_first,0.9980484726048042,0.9430810761873873,1.0,1.0,cell
Qwen3-32B,5000,30,query_first,0.9980484726048042,0.9430810761873873,1.0,1.0,cell
Qwen3-32B,5000,30,query_first,0.9980484726048042,0.9430810761873873,1.0,0.0,cell
Qwen3-32B,5000,30,query_first,0.9980484726048042,0.9430810761873873,1.0,1.0,cell
Qwen3-32B,5000,30,query_first,0.9980484726048042,0.9430810761873873,1.0,1.0,cell
Qwen3-32B,5000,3,query_first,0.9980243383769322,0.9940847171358639,1.0,1.0,cell
Qwen3-32B,5000,3,query_first,0.9980243383769322,0.9940847171358639,1.0,1.0,cell
Qwen3-32B,5000,3,query_first,0.9980243383769322,0.9940847171358639,1.0,0.0,cell
Qwen3-32B,5000,3,query_first,0.9980243383769322,0.9940847171358639,1.0,1.0,cell
Qwen3-32B,5000,3,query_first,0.9980243383769322,0.9940847171358639,1.0,1.0,cell
Qwen3-32B,5000,4,query_first,0.9999996650193118,0.9999986600779205,1.0,1.0,cell
Qwen3-32B,5000,4,query_first,0.9999996650193118,0.9999986600779205,1.0,1.0,cell
Qwen3-32B,5000,4,query_first,0.9999996650193118,0.9999986600779205,1.0,0.0,cell
Qwen3-32B,5000,4,query_first,0.9999996650193118,0.9999986600779205,1.0,0.0,cell
Qwen3-32B,5000,4,query_first,0.9999996650193118,0.9999986600779205,1.0,1.0,cell
Qwen3-32B,5000,5,query_first,0.9979694618950625,0.9898884566894214,1.0,0.0,cell
Qwen3-32B,5000,5,query_first,0.9979694618950625,0.9898884566894214,1.0,1.0,cell
Qwen3-32B,5000,5,query_first,0.9979694618950625,0.9898884566894214,1.0,1.0,cell
Qwen3-32B,5000,5,query_first,0.9979694618950625,0.9898884566894214,1.0,1.0,cell
Qwen3-32B,5000,5,query_first,0.9979694618950625,0.9898884566894214,1.0,1.0,cell
Qwen3-32B,5000,6,query_first,0.9980676797102684,0.988461942095772,1.0,0.0,cell
Qwen3-32B,5000,6,query_first,0.9980676797102684,0.988461942095772,1.0,1.0,cell
Qwen3-32B,5000,6,query_first,0.9980676797102684,0.988461942095772,1.0,0.0,cell
Qwen3-32B,5000,6,query_first,0.9980676797102684,0.988461942095772,1.0,1.0,cell
Qwen3-32B,5000,6,query_first,0.9980676797102684,0.988461942095772,1.0,1.0,cell
Qwen3-32B,5000,8,query_first,0.9980636858011409,0.9846140615951136,1.0,0.0,cell
Qwen3-32B,5000,8,query_first,0.9980636858011409,0.9846140615951136,1.0,0.0,cell
Qwen3-32B,5000,8,query_first,0.9980636858011409,0.9846140615951136,1.0,0.0,cell
Qwen3-32B,5000,8,query_first,0.9980636858011409,0.9846140615951136,1.0,0.0,cell
Qwen3-32B,5000,8,query_first,0.9980636858011409,0.9846140615951136,1.0,1.0,cell
Qwen3-32B,10000,10,query_last,0.9956619489424953,0.9574566079522243,1.0,1.0,cell
Qwen3-32B,10000,10,query_last,0.9956619489424953,0.9574566079522243,1.0,1.0,cell
Qwen3-32B,10000,10,query_last,0.9956619489424953,0.9574566079522243,1.0,1.0,cell
Qwen3-32B,10000,10,query_last,0.9956619489424953,0.9574566079522243,1.0,1.0,cell
Qwen3-32B,10000,10,query_last,0.9956619489424953,0.9574566079522243,1.0,1.0,cell
Qwen3-32B,10000,1,query_last,0.9957272195573939,0.9957272195573939,1.0,1.0,cell
Qwen3-32B,10000,1,query_last,0.9957272195573939,0.9957272195573939,1.0,1.0,cell
Qwen3-32B,10000,1,query_last,0.9957272195573939,0.9957272195573939,1.0,1.0,cell
Qwen3-32B,10000,1,query_last,0.9957272195573939,0.9957272195573939,1.0,1.0,cell
Qwen3-32B,10000,1,query_last,0.9957272195573939,0.9957272195573939,1.0,1.0,cell
Qwen3-32B,10000,20,query_last,0.999070567540013,0.9815745696083188,1.0,1.0,cell
Qwen3-32B,10000,20,query_last,0.999070567540013,0.9815745696083188,1.0,1.0,cell
Qwen3-32B,10000,20,query_last,0.999070567540013,0.9815745696083188,1.0,1.0,cell
Qwen3-32B,10000,20,query_last,0.999070567540013,0.9815745696083188,1.0,1.0,cell
Qwen3-32B,10000,20,query_last,0.999070567540013,0.9815745696083188,0.0,0.0,cell
Qwen3-32B,10000,2,query_last,0.995762933070707,0.9915438188775773,1.0,1.0,cell
Qwen3-32B,10000,2,query_last,0.995762933070707,0.9915438188775773,1.0,1.0,cell
Qwen3-32B,10000,2,query_last,0.995762933070707,0.9915438188775773,1.0,1.0,cell
Qwen3-32B,10000,2,query_last,0.995762933070707,0.9915438188775773,1.0,1.0,cell
Qwen3-32B,10000,2,query_last,0.995762933070707,0.9915438188775773,1.0,1.0,cell
Qwen3-32B,10000,30,query_last,0.9970932167348577,0.9163741977211382,0.0,0.0,cell
Qwen3-32B,10000,30,query_last,0.9970932167348577,0.9163741977211382,1.0,1.0,cell
Qwen3-32B,10000,30,query_last,0.9970932167348577,0.9163741977211382,1.0,1.0,cell
Qwen3-32B,10000,30,query_last,0.9970932167348577,0.9163741977211382,1.0,1.0,cell
Qwen3-32B,10000,30,query_last,0.9970932167348577,0.9163741977211382,1.0,1.0,cell
Qwen3-32B,10000,3,query_last,0.9941975020483009,0.9826933177281393,1.0,1.0,cell
Qwen3-32B,10000,3,query_last,0.9941975020483009,0.9826933177281393,1.0,1.0,cell
Qwen3-32B,10000,3,query_last,0.9941975020483009,0.9826933177281393,1.0,1.0,cell
Qwen3-32B,10000,3,query_last,0.9941975020483009,0.9826933177281393,1.0,1.0,cell
Qwen3-32B,10000,3,query_last,0.9941975020483009,0.9826933177281393,1.0,1.0,cell
Qwen3-32B,10000,4,query_last,0.9989916140026159,0.9959725529639378,1.0,1.0,cell
Qwen3-32B,10000,4,query_last,0.9989916140026159,0.9959725529639378,1.0,1.0,cell
Qwen3-32B,10000,4,query_last,0.9989916140026159,0.9959725529639378,1.0,1.0,cell
Qwen3-32B,10000,4,query_last,0.9989916140026159,0.9959725529639378,1.0,1.0,cell
Qwen3-32B,10000,4,query_last,0.9989916140026159,0.9959725529639378,1.0,1.0,cell
Qwen3-32B,10000,5,query_last,0.9953404738963276,0.9769184720331642,1.0,1.0,cell
Qwen3-32B,10000,5,query_last,0.9953404738963276,0.9769184720331642,1.0,1.0,cell
Qwen3-32B,10000,5,query_last,0.9953404738963276,0.9769184720331642,1.0,1.0,cell
Qwen3-32B,10000,5,query_last,0.9953404738963276,0.9769184720331642,1.0,1.0,cell
Qwen3-32B,10000,5,query_last,0.9953404738963276,0.9769184720331642,1.0,1.0,cell
Qwen3-32B,10000,6,query_last,0.9958931195985938,0.9756103334799702,1.0,1.0,cell
Qwen3-32B,10000,6,query_last,0.9958931195985938,0.9756103334799702,1.0,1.0,cell
Qwen3-32B,10000,6,query_last,0.9958931195985938,0.9756103334799702,1.0,1.0,cell
Qwen3-32B,10000,6,query_last,0.9958931195985938,0.9756103334799702,1.0,1.0,cell
Qwen3-32B,10000,6,query_last,0.9958931195985938,0.9756103334799702,1.0,1.0,cell
Qwen3-32B,10000,8,query_last,0.9960543616869829,0.9688673762827765,1.0,1.0,cell
Qwen3-32B,10000,8,query_last,0.9960543616869829,0.9688673762827765,1.0,1.0,cell
Qwen3-32B,10000,8,query_last,0.9960543616869829,0.9688673762827765,1.0,1.0,cell
Qwen3-32B,10000,8,query_last,0.9960543616869829,0.9688673762827765,1.0,1.0,cell
Qwen3-32B,10000,8,query_last,0.9960543616869829,0.9688673762827765,1.0,1.0,cell
Qwen3-32B,2000,10,query_last,0.9974594392856007,0.9748828840211626,1.0,1.0,cell
Qwen3-32B,2000,10,query_last,0.9974594392856007,0.9748828840211626,1.0,1.0,cell
Qwen3-32B,2000,10,query_last,0.9974594392856007,0.9748828840211626,1.0,1.0,cell
Qwen3-32B,2000,10,query_last,0.9974594392856007,0.9748828840211626,1.0,1.0,cell
Qwen3-32B,2000,10,query_last,0.9974594392856007,0.9748828840211626,1.0,1.0,cell
Qwen3-32B,2000,1,query_last,0.994870887624848,0.994870887624848,1.0,1.0,cell
Qwen3-32B,2000,1,query_last,0.994870887624848,0.994870887624848,1.0,1.0,cell
Qwen3-32B,2000,1,query_last,0.994870887624848,0.994870887624848,1.0,1.0,cell
Qwen3-32B,2000,1,query_last,0.994870887624848,0.994870887624848,1.0,1.0,cell
Qwen3-32B,2000,1,query_last,0.994870887624848,0.994870887624848,1.0,1.0,cell
Qwen3-32B,2000,20,query_last,0.9961407633883389,0.9255806084163688,1.0,1.0,cell
Qwen3-32B,2000,20,query_last,0.9961407633883389,0.9255806084163688,1.0,1.0,cell
Qwen3-32B,2000,20,query_last,0.9961407633883389,0.9255806084163688,1.0,1.0,cell
Qwen3-32B,2000,20,query_last,0.9961407633883389,0.9255806084163688,1.0,1.0,cell
Qwen3-32B,2000,20,query_last,0.9961407633883389,0.9255806084163688,1.0,1.0,cell
Qwen3-32B,2000,2,query_last,0.999037350938368,0.9980756285699518,1.0,1.0,cell
Qwen3-32B,2000,2,query_last,0.999037350938368,0.9980756285699518,1.0,1.0,cell
Qwen3-32B,2000,2,query_last,0.999037350938368,0.9980756285699518,1.0,1.0,cell
Qwen3-32B,2000,2,query_last,0.999037350938368,0.9980756285699518,1.0,1.0,cell
Qwen3-32B,2000,2,query_last,0.999037350938368,0.9980756285699518,1.0,1.0,cell
Qwen3-32B,2000,30,query_last,0.9966064647223529,0.9030483426864037,1.0,1.0,cell
Qwen3-32B,2000,30,query_last,0.9966064647223529,0.9030483426864037,1.0,1.0,cell
Qwen3-32B,2000,30,query_last,0.9966064647223529,0.9030483426864037,1.0,1.0,cell
Qwen3-32B,2000,30,query_last,0.9966064647223529,0.9030483426864037,1.0,1.0,cell
Qwen3-32B,2000,30,query_last,0.9966064647223529,0.9030483426864037,1.0,1.0,cell
Qwen3-32B,2000,3,query_last,0.9965107517580576,0.989568737352969,1.0,1.0,cell
Qwen3-32B,2000,3,query_last,0.9965107517580576,0.989568737352969,1.0,1.0,cell
Qwen3-32B,2000,3,query_last,0.9965107517580576,0.989568737352969,1.0,1.0,cell
Qwen3-32B,2000,3,query_last,0.9965107517580576,0.989568737352969,1.0,1.0,cell
Qwen3-32B,2000,3,query_last,0.9965107517580576,0.989568737352969,1.0,1.0,cell
Qwen3-32B,2000,4,query_last,0.9960009767963387,0.9840996047481044,1.0,1.0,cell
Qwen3-32B,2000,4,query_last,0.9960009767963387,0.9840996047481044,1.0,1.0,cell
Qwen3-32B,2000,4,query_last,0.9960009767963387,0.9840996047481044,1.0,1.0,cell
Qwen3-32B,2000,4,query_last,0.9960009767963387,0.9840996047481044,1.0,1.0,cell
Qwen3-32B,2000,4,query_last,0.9960009767963387,0.9840996047481044,1.0,1.0,cell
Qwen3-32B,2000,5,query_last,0.9962788804283794,0.9815323551550941,1.0,1.0,cell
Qwen3-32B,2000,5,query_last,0.9962788804283794,0.9815323551550941,1.0,1.0,cell
Qwen3-32B,2000,5,query_last,0.9962788804283794,0.9815323551550941,1.0,1.0,cell
Qwen3-32B,2000,5,query_last,0.9962788804283794,0.9815323551550941,1.0,1.0,cell
Qwen3-32B,2000,5,query_last,0.9962788804283794,0.9815323551550941,1.0,1.0,cell
Qwen3-32B,2000,6,query_last,0.9966742718947462,0.98021080453035,1.0,1.0,cell
Qwen3-32B,2000,6,query_last,0.9966742718947462,0.98021080453035,1.0,1.0,cell
Qwen3-32B,2000,6,query_last,0.9966742718947462,0.98021080453035,1.0,1.0,cell
Qwen3-32B,2000,6,query_last,0.9966742718947462,0.98021080453035,1.0,1.0,cell
Qwen3-32B,2000,6,query_last,0.9966742718947462,0.98021080453035,1.0,1.0,cell
Qwen3-32B,2000,8,query_last,0.9991026390186655,0.9928436189172106,1.0,1.0,cell
Qwen3-32B,2000,8,query_last,0.9991026390186655,0.9928436189172106,1.0,1.0,cell
Qwen3-32B,2000,8,query_last,0.9991026390186655,0.9928436189172106,1.0,1.0,cell
Qwen3-32B,2000,8,query_last,0.9991026390186655,0.9928436189172106,1.0,1.0,cell
Qwen3-32B,2000,8,query_last,0.9991026390186655,0.9928436189172106,1.0,1.0,cell
Qwen3-32B,5000,10,query_last,0.999070567540013,0.9907444522218224,1.0,1.0,cell
Qwen3-32B,5000,10,query_last,0.999070567540013,0.9907444522218224,1.0,1.0,cell
Qwen3-32B,5000,10,query_last,0.999070567540013,0.9907444522218224,1.0,1.0,cell
Qwen3-32B,5000,10,query_last,0.999070567540013,0.9907444522218224,1.0,1.0,cell
Qwen3-32B,5000,10,query_last,0.999070567540013,0.9907444522218224,1.0,1.0,cell
Qwen3-32B,5000,1,query_last,0.995762933070707,0.995762933070707,1.0,1.0,cell
Qwen3-32B,5000,1,query_last,0.995762933070707,0.995762933070707,1.0,1.0,cell
Qwen3-32B,5000,1,query_last,0.995762933070707,0.995762933070707,1.0,1.0,cell
Qwen3-32B,5000,1,query_last,0.995762933070707,0.995762933070707,1.0,1.0,cell
Qwen3-32B,5000,1,query_last,0.995762933070707,0.995762933070707,1.0,1.0,cell
Qwen3-32B,5000,20,query_last,0.9973054929407414,0.9474672800477301,1.0,1.0,cell
Qwen3-32B,5000,20,query_last,0.9973054929407414,0.9474672800477301,1.0,1.0,cell
Qwen3-32B,5000,20,query_last,0.9973054929407414,0.9474672800477301,1.0,1.0,cell
Qwen3-32B,5000,20,query_last,0.9973054929407414,0.9474672800477301,1.0,1.0,cell
Qwen3-32B,5000,20,query_last,0.9973054929407414,0.9474672800477301,1.0,1.0,cell
Qwen3-32B,5000,2,query_last,0.9945868654923736,0.9892030330099449,1.0,1.0,cell
Qwen3-32B,5000,2,query_last,0.9945868654923736,0.9892030330099449,1.0,1.0,cell
Qwen3-32B,5000,2,query_last,0.9945868654923736,0.9892030330099449,1.0,1.0,cell
Qwen3-32B,5000,2,query_last,0.9945868654923736,0.9892030330099449,1.0,1.0,cell
Qwen3-32B,5000,2,query_last,0.9945868654923736,0.9892030330099449,1.0,1.0,cell
Qwen3-32B,5000,30,query_last,0.9960969314936753,0.8892995392476208,1.0,1.0,cell
Qwen3-32B,5000,30,query_last,0.9960969314936753,0.8892995392476208,1.0,1.0,cell
Qwen3-32B,5000,30,query_last,0.9960969314936753,0.8892995392476208,1.0,1.0,cell
Qwen3-32B,5000,30,query_last,0.9960969314936753,0.8892995392476208,1.0,1.0,cell
Qwen3-32B,5000,30,query_last,0.9960969314936753,0.8892995392476208,1.0,1.0,cell
Qwen3-32B,5000,3,query_last,0.9990121147461852,0.9970392710262855,1.0,1.0,cell
Qwen3-32B,5000,3,query_last,0.9990121147461852,0.9970392710262855,1.0,1.0,cell
Qwen3-32B,5000,3,query_last,0.9990121147461852,0.9970392710262855,1.0,1.0,cell
Qwen3-32B,5000,3,query_last,0.9990121147461852,0.9970392710262855,1.0,1.0,cell
Qwen3-32B,5000,3,query_last,0.9990121147461852,0.9970392710262855,1.0,1.0,cell
Qwen3-32B,5000,4,query_last,0.9958826098181416,0.9836318777645777,1.0,1.0,cell
Qwen3-32B,5000,4,query_last,0.9958826098181416,0.9836318777645777,1.0,1.0,cell
Qwen3-32B,5000,4,query_last,0.9958826098181416,0.9836318777645777,1.0,1.0,cell
Qwen3-32B,5000,4,query_last,0.9958826098181416,0.9836318777645777,1.0,1.0,cell
Qwen3-32B,5000,4,query_last,0.9958826098181416,0.9836318777645777,1.0,1.0,cell
Qwen3-32B,5000,5,query_last,0.9959392309927416,0.9798603851569697,1.0,1.0,cell
Qwen3-32B,5000,5,query_last,0.9959392309927416,0.9798603851569697,1.0,1.0,cell
Qwen3-32B,5000,5,query_last,0.9959392309927416,0.9798603851569697,1.0,1.0,cell
Qwen3-32B,5000,5,query_last,0.9959392309927416,0.9798603851569697,1.0,1.0,cell
Qwen3-32B,5000,5,query_last,0.9959392309927416,0.9798603851569697,1.0,1.0,cell
Qwen3-32B,5000,6,query_last,0.9961357619985116,0.9770374063185522,1.0,1.0,cell
Qwen3-32B,5000,6,query_last,0.9961357619985116,0.9770374063185522,1.0,1.0,cell
Qwen3-32B,5000,6,query_last,0.9961357619985116,0.9770374063185522,1.0,1.0,cell
Qwen3-32B,5000,6,query_last,0.9961357619985116,0.9770374063185522,1.0,1.0,cell
Qwen3-32B,5000,6,query_last,0.9961357619985116,0.9770374063185522,1.0,1.0,cell
Qwen3-32B,5000,8,query_last,0.9961279963315002,0.969440523047029,1.0,1.0,cell
Qwen3-32B,5000,8,query_last,0.9961279963315002,0.969440523047029,1.0,1.0,cell
Qwen3-32B,5000,8,query_last,0.9961279963315002,0.969440523047029,1.0,1.0,cell
Qwen3-32B,5000,8,query_last,0.9961279963315002,0.969440523047029,1.0,1.0,cell
Qwen3-32B,5000,8,query_last,0.9961279963315002,0.969440523047029,1.0,1.0,cell
Gemma4-E4B,10000,10,query_first,0.9985898902352064,0.9859880451455608,1.0,1.0,cell
Gemma4-E4B,10000,10,query_first,0.9985898902352064,0.9859880451455608,1.0,1.0,cell
Gemma4-E4B,10000,10,query_first,0.9985898902352064,0.9859880451455608,1.0,1.0,cell
Gemma4-E4B,10000,10,query_first,0.9985898902352064,0.9859880451455608,1.0,1.0,cell
Gemma4-E4B,10000,10,query_first,0.9985898902352064,0.9859880451455608,1.0,1.0,cell
Gemma4-E4B,10000,1,query_first,0.9941825032452785,0.9941825032452785,1.0,1.0,cell
Gemma4-E4B,10000,1,query_first,0.9941825032452785,0.9941825032452785,1.0,1.0,cell
Gemma4-E4B,10000,1,query_first,0.9941825032452785,0.9941825032452785,1.0,1.0,cell
Gemma4-E4B,10000,1,query_first,0.9941825032452785,0.9941825032452785,1.0,1.0,cell
Gemma4-E4B,10000,1,query_first,0.9941825032452785,0.9941825032452785,1.0,1.0,cell
Gemma4-E4B,10000,20,query_first,0.9999997544947342,0.9999950899061362,0.0,0.0,cell
Gemma4-E4B,10000,20,query_first,0.9999997544947342,0.9999950899061362,1.0,1.0,cell
Gemma4-E4B,10000,20,query_first,0.9999997544947342,0.9999950899061362,1.0,1.0,cell
Gemma4-E4B,10000,20,query_first,0.9999997544947342,0.9999950899061362,1.0,1.0,cell
Gemma4-E4B,10000,20,query_first,0.9999997544947342,0.9999950899061362,1.0,1.0,cell
Gemma4-E4B,10000,2,query_first,0.996892739907439,0.9937951348801608,1.0,1.0,cell
Gemma4-E4B,10000,2,query_first,0.996892739907439,0.9937951348801608,1.0,1.0,cell
Gemma4-E4B,10000,2,query_first,0.996892739907439,0.9937951348801608,1.0,1.0,cell
Gemma4-E4B,10000,2,query_first,0.996892739907439,0.9937951348801608,1.0,1.0,cell
Gemma4-E4B,10000,2,query_first,0.996892739907439,0.9937951348801608,1.0,1.0,cell
Gemma4-E4B,10000,30,query_first,0.9991803455919865,0.9757003918582746,1.0,1.0,cell
Gemma4-E4B,10000,30,query_first,0.9991803455919865,0.9757003918582746,1.0,1.0,cell
Gemma4-E4B,10000,30,query_first,0.9991803455919865,0.9757003918582746,1.0,1.0,cell
Gemma4-E4B,10000,30,query_first,0.9991803455919865,0.9757003918582746,1.0,1.0,cell
Gemma4-E4B,10000,30,query_first,0.9991803455919865,0.9757003918582746,1.0,1.0,cell
Gemma4-E4B,10000,3,query_first,0.9968998941478364,0.9907284846183413,1.0,1.0,cell
Gemma4-E4B,10000,3,query_first,0.9968998941478364,0.9907284846183413,1.0,1.0,cell
Gemma4-E4B,10000,3,query_first,0.9968998941478364,0.9907284846183413,1.0,1.0,cell
Gemma4-E4B,10000,3,query_first,0.9968998941478364,0.9907284846183413,1.0,0.0,cell
Gemma4-E4B,10000,3,query_first,0.9968998941478364,0.9907284846183413,1.0,1.0,cell
Gemma4-E4B,10000,4,query_first,0.9999992640578947,0.9999970562348286,1.0,1.0,cell
Gemma4-E4B,10000,4,query_first,0.9999992640578947,0.9999970562348286,1.0,1.0,cell
Gemma4-E4B,10000,4,query_first,0.9999992640578947,0.9999970562348286,1.0,1.0,cell
Gemma4-E4B,10000,4,query_first,0.9999992640578947,0.9999970562348286,1.0,1.0,cell
Gemma4-E4B,10000,4,query_first,0.9999992640578947,0.9999970562348286,1.0,1.0,cell
Gemma4-E4B,10000,5,query_first,0.9978428323125117,0.9892605950140541,1.0,1.0,cell
Gemma4-E4B,10000,5,query_first,0.9978428323125117,0.9892605950140541,1.0,1.0,cell
Gemma4-E4B,10000,5,query_first,0.9978428323125117,0.9892605950140541,1.0,1.0,cell
Gemma4-E4B,10000,5,query_first,0.9978428323125117,0.9892605950140541,1.0,0.0,cell
Gemma4-E4B,10000,5,query_first,0.9978428323125117,0.9892605950140541,1.0,1.0,cell
Gemma4-E4B,10000,6,query_first,0.9980468509158058,0.9883381785660057,1.0,1.0,cell
Gemma4-E4B,10000,6,query_first,0.9980468509158058,0.9883381785660057,1.0,1.0,cell
Gemma4-E4B,10000,6,query_first,0.9980468509158058,0.9883381785660057,1.0,1.0,cell
Gemma4-E4B,10000,6,query_first,0.9980468509158058,0.9883381785660057,1.0,0.0,cell
Gemma4-E4B,10000,6,query_first,0.9980468509158058,0.9883381785660057,1.0,1.0,cell
Gemma4-E4B,10000,8,query_first,0.9984904725736653,0.9879873911734822,1.0,1.0,cell
Gemma4-E4B,10000,8,query_first,0.9984904725736653,0.9879873911734822,1.0,1.0,cell
Gemma4-E4B,10000,8,query_first,0.9984904725736653,0.9879873911734822,1.0,1.0,cell
Gemma4-E4B,10000,8,query_first,0.9984904725736653,0.9879873911734822,1.0,1.0,cell
Gemma4-E4B,10000,8,query_first,0.9984904725736653,0.9879873911734822,1.0,1.0,cell
Gemma4-E4B,2000,10,query_first,0.9993780752112489,0.9937981288472639,1.0,1.0,cell
Gemma4-E4B,2000,10,query_first,0.9993780752112489,0.9937981288472639,1.0,1.0,cell
Gemma4-E4B,2000,10,query_first,0.9993780752112489,0.9937981288472639,1.0,1.0,cell
Gemma4-E4B,2000,10,query_first,0.9993780752112489,0.9937981288472639,1.0,1.0,cell
Gemma4-E4B,2000,10,query_first,0.9993780752112489,0.9937981288472639,1.0,1.0,cell
Gemma4-E4B,2000,1,query_first,0.9977803196035819,0.9977803196035819,1.0,1.0,cell
Gemma4-E4B,2000,1,query_first,0.9977803196035819,0.9977803196035819,1.0,1.0,cell
Gemma4-E4B,2000,1,query_first,0.9977803196035819,0.9977803196035819,1.0,1.0,cell
Gemma4-E4B,2000,1,query_first,0.9977803196035819,0.9977803196035819,1.0,1.0,cell
Gemma4-E4B,2000,1,query_first,0.9977803196035819,0.9977803196035819,1.0,1.0,cell
Gemma4-E4B,2000,20,query_first,0.9996496408566443,0.9930160909682644,1.0,1.0,cell
Gemma4-E4B,2000,20,query_first,0.9996496408566443,0.9930160909682644,1.0,1.0,cell
Gemma4-E4B,2000,20,query_first,0.9996496408566443,0.9930160909682644,1.0,1.0,cell
Gemma4-E4B,2000,20,query_first,0.9996496408566443,0.9930160909682644,1.0,1.0,cell
Gemma4-E4B,2000,20,query_first,0.9996496408566443,0.9930160909682644,1.0,1.0,cell
Gemma4-E4B,2000,2,query_first,0.9999996060872565,0.9999992121746681,1.0,1.0,cell
Gemma4-E4B,2000,2,query_first,0.9999996060872565,0.9999992121746681,1.0,1.0,cell
Gemma4-E4B,2000,2,query_first,0.9999996060872565,0.9999992121746681,1.0,1.0,cell
Gemma4-E4B,2000,2,query_first,0.9999996060872565,0.9999992121746681,1.0,1.0,cell
Gemma4-E4B,2000,2,query_first,0.9999996060872565,0.9999992121746681,1.0,1.0,cell
Gemma4-E4B,2000,30,query_first,0.999672704792206,0.9902275998707947,1.0,1.0,cell
Gemma4-E4B,2000,30,query_first,0.999672704792206,0.9902275998707947,1.0,1.0,cell
Gemma4-E4B,2000,30,query_first,0.999672704792206,0.9902275998707947,1.0,1.0,cell
Gemma4-E4B,2000,30,query_first,0.999672704792206,0.9902275998707947,1.0,1.0,cell
Gemma4-E4B,2000,30,query_first,0.999672704792206,0.9902275998707947,1.0,1.0,cell
Gemma4-E4B,2000,3,query_first,0.9988080169882361,0.9964283117416117,1.0,1.0,cell
Gemma4-E4B,2000,3,query_first,0.9988080169882361,0.9964283117416117,1.0,1.0,cell
Gemma4-E4B,2000,3,query_first,0.9988080169882361,0.9964283117416117,1.0,1.0,cell
Gemma4-E4B,2000,3,query_first,0.9988080169882361,0.9964283117416117,1.0,1.0,cell
Gemma4-E4B,2000,3,query_first,0.9988080169882361,0.9964283117416117,1.0,1.0,cell
Gemma4-E4B,2000,4,query_first,0.9990634292242557,0.9962589766005925,1.0,1.0,cell
Gemma4-E4B,2000,4,query_first,0.9990634292242557,0.9962589766005925,1.0,1.0,cell
Gemma4-E4B,2000,4,query_first,0.9990634292242557,0.9962589766005925,1.0,1.0,cell
Gemma4-E4B,2000,4,query_first,0.9990634292242557,0.9962589766005925,1.0,1.0,cell
Gemma4-E4B,2000,4,query_first,0.9990634292242557,0.9962589766005925,1.0,1.0,cell
Gemma4-E4B,2000,5,query_first,0.999166589817639,0.9958398890272889,1.0,1.0,cell
Gemma4-E4B,2000,5,query_first,0.999166589817639,0.9958398890272889,1.0,1.0,cell
Gemma4-E4B,2000,5,query_first,0.999166589817639,0.9958398890272889,1.0,0.0,cell
Gemma4-E4B,2000,5,query_first,0.999166589817639,0.9958398890272889,1.0,1.0,cell
Gemma4-E4B,2000,5,query_first,0.999166589817639,0.9958398890272889,1.0,1.0,cell
Gemma4-E4B,2000,6,query_first,0.9993133868824631,0.9958873863878045,1.0,1.0,cell
Gemma4-E4B,2000,6,query_first,0.9993133868824631,0.9958873863878045,1.0,1.0,cell
Gemma4-E4B,2000,6,query_first,0.9993133868824631,0.9958873863878045,1.0,0.0,cell
Gemma4-E4B,2000,6,query_first,0.9993133868824631,0.9958873863878045,1.0,1.0,cell
Gemma4-E4B,2000,6,query_first,0.9993133868824631,0.9958873863878045,1.0,1.0,cell
Gemma4-E4B,2000,8,query_first,0.9999998469893824,0.9999987759157146,1.0,1.0,cell
Gemma4-E4B,2000,8,query_first,0.9999998469893824,0.9999987759157146,1.0,1.0,cell
Gemma4-E4B,2000,8,query_first,0.9999998469893824,0.9999987759157146,1.0,1.0,cell
Gemma4-E4B,2000,8,query_first,0.9999998469893824,0.9999987759157146,1.0,1.0,cell
Gemma4-E4B,2000,8,query_first,0.9999998469893824,0.9999987759157146,1.0,1.0,cell
Gemma4-E4B,5000,10,query_first,0.9999997544947342,0.9999975449500544,1.0,1.0,cell
Gemma4-E4B,5000,10,query_first,0.9999997544947342,0.9999975449500544,1.0,1.0,cell
Gemma4-E4B,5000,10,query_first,0.9999997544947342,0.9999975449500544,1.0,1.0,cell
Gemma4-E4B,5000,10,query_first,0.9999997544947342,0.9999975449500544,1.0,1.0,cell
Gemma4-E4B,5000,10,query_first,0.9999997544947342,0.9999975449500544,1.0,1.0,cell
Gemma4-E4B,5000,1,query_first,0.996892739907439,0.996892739907439,1.0,1.0,cell
Gemma4-E4B,5000,1,query_first,0.996892739907439,0.996892739907439,1.0,1.0,cell
Gemma4-E4B,5000,1,query_first,0.996892739907439,0.996892739907439,1.0,1.0,cell
Gemma4-E4B,5000,1,query_first,0.996892739907439,0.996892739907439,1.0,1.0,cell
Gemma4-E4B,5000,1,query_first,0.996892739907439,0.996892739907439,1.0,1.0,cell
Gemma4-E4B,5000,20,query_first,0.9992983613743343,0.9860603712704216,1.0,1.0,cell
Gemma4-E4B,5000,20,query_first,0.9992983613743343,0.9860603712704216,1.0,1.0,cell
Gemma4-E4B,5000,20,query_first,0.9992983613743343,0.9860603712704216,1.0,1.0,cell
Gemma4-E4B,5000,20,query_first,0.9992983613743343,0.9860603712704216,1.0,1.0,cell
Gemma4-E4B,5000,20,query_first,0.9992983613743343,0.9860603712704216,1.0,1.0,cell
Gemma4-E4B,5000,2,query_first,0.9974314744505235,0.9948695462245453,1.0,1.0,cell
Gemma4-E4B,5000,2,query_first,0.9974314744505235,0.9948695462245453,1.0,1.0,cell
Gemma4-E4B,5000,2,query_first,0.9974314744505235,0.9948695462245453,1.0,1.0,cell
Gemma4-E4B,5000,2,query_first,0.9974314744505235,0.9948695462245453,1.0,1.0,cell
Gemma4-E4B,5000,2,query_first,0.9974314744505235,0.9948695462245453,1.0,1.0,cell
Gemma4-E4B,5000,30,query_first,0.9995212879962183,0.9857378827778667,1.0,0.0,cell
Gemma4-E4B,5000,30,query_first,0.9995212879962183,0.9857378827778667,1.0,1.0,cell
Gemma4-E4B,5000,30,query_first,0.9995212879962183,0.9857378827778667,1.0,1.0,cell
Gemma4-E4B,5000,30,query_first,0.9995212879962183,0.9857378827778667,1.0,1.0,cell
Gemma4-E4B,5000,30,query_first,0.9995212879962183,0.9857378827778667,1.0,1.0,cell
Gemma4-E4B,5000,3,query_first,0.9999994418795355,0.9999983256395409,1.0,1.0,cell
Gemma4-E4B,5000,3,query_first,0.9999994418795355,0.9999983256395409,1.0,1.0,cell
Gemma4-E4B,5000,3,query_first,0.9999994418795355,0.9999983256395409,1.0,1.0,cell
Gemma4-E4B,5000,3,query_first,0.9999994418795355,0.9999983256395409,1.0,1.0,cell
Gemma4-E4B,5000,3,query_first,0.9999994418795355,0.9999983256395409,1.0,1.0,cell
Gemma4-E4B,5000,4,query_first,0.9983262008326931,0.9933215942032487,1.0,1.0,cell
Gemma4-E4B,5000,4,query_first,0.9983262008326931,0.9933215942032487,1.0,1.0,cell
Gemma4-E4B,5000,4,query_first,0.9983262008326931,0.9933215942032487,1.0,1.0,cell
Gemma4-E4B,5000,4,query_first,0.9983262008326931,0.9933215942032487,1.0,1.0,cell
Gemma4-E4B,5000,4,query_first,0.9983262008326931,0.9933215942032487,1.0,1.0,cell
Gemma4-E4B,5000,5,query_first,0.998569966084909,0.9928702511712816,1.0,1.0,cell
Gemma4-E4B,5000,5,query_first,0.998569966084909,0.9928702511712816,1.0,1.0,cell
Gemma4-E4B,5000,5,query_first,0.998569966084909,0.9928702511712816,1.0,1.0,cell
Gemma4-E4B,5000,5,query_first,0.998569966084909,0.9928702511712816,1.0,1.0,cell
Gemma4-E4B,5000,5,query_first,0.998569966084909,0.9928702511712816,1.0,1.0,cell
Gemma4-E4B,5000,6,query_first,0.9987780341462833,0.9926905664265413,1.0,1.0,cell
Gemma4-E4B,5000,6,query_first,0.9987780341462833,0.9926905664265413,1.0,1.0,cell
Gemma4-E4B,5000,6,query_first,0.9987780341462833,0.9926905664265413,1.0,1.0,cell
Gemma4-E4B,5000,6,query_first,0.9987780341462833,0.9926905664265413,1.0,1.0,cell
Gemma4-E4B,5000,6,query_first,0.9987780341462833,0.9926905664265413,1.0,1.0,cell
Gemma4-E4B,5000,8,query_first,0.9989634961379977,0.9917379883526377,1.0,1.0,cell
Gemma4-E4B,5000,8,query_first,0.9989634961379977,0.9917379883526377,1.0,1.0,cell
Gemma4-E4B,5000,8,query_first,0.9989634961379977,0.9917379883526377,1.0,1.0,cell
Gemma4-E4B,5000,8,query_first,0.9989634961379977,0.9917379883526377,1.0,1.0,cell
Gemma4-E4B,5000,8,query_first,0.9989634961379977,0.9917379883526377,1.0,1.0,cell
Gemma4-E4B,10000,10,query_last,0.9336774728569416,0.5034644448542829,1.0,1.0,cell
Gemma4-E4B,10000,10,query_last,0.9336774728569416,0.5034644448542829,1.0,1.0,cell
Gemma4-E4B,10000,10,query_last,0.9336774728569416,0.5034644448542829,0.0,0.0,cell
Gemma4-E4B,10000,10,query_last,0.9336774728569416,0.5034644448542829,1.0,1.0,cell
Gemma4-E4B,10000,10,query_last,0.9336774728569416,0.5034644448542829,0.0,0.0,cell
Gemma4-E4B,10000,1,query_last,0.784755792047918,0.784755792047918,1.0,1.0,cell
Gemma4-E4B,10000,1,query_last,0.784755792047918,0.784755792047918,1.0,1.0,cell
Gemma4-E4B,10000,1,query_last,0.784755792047918,0.784755792047918,1.0,1.0,cell
Gemma4-E4B,10000,1,query_last,0.784755792047918,0.784755792047918,1.0,1.0,cell
Gemma4-E4B,10000,1,query_last,0.784755792047918,0.784755792047918,1.0,1.0,cell
Gemma4-E4B,10000,20,query_last,0.9611927845974292,0.4531166703670781,1.0,1.0,cell
Gemma4-E4B,10000,20,query_last,0.9611927845974292,0.4531166703670781,0.0,0.0,cell
Gemma4-E4B,10000,20,query_last,0.9611927845974292,0.4531166703670781,0.0,0.0,cell
Gemma4-E4B,10000,20,query_last,0.9611927845974292,0.4531166703670781,1.0,1.0,cell
Gemma4-E4B,10000,20,query_last,0.9611927845974292,0.4531166703670781,1.0,1.0,cell
Gemma4-E4B,10000,2,query_last,0.8762692146597406,0.7678477365603986,1.0,1.0,cell
Gemma4-E4B,10000,2,query_last,0.8762692146597406,0.7678477365603986,1.0,1.0,cell
Gemma4-E4B,10000,2,query_last,0.8762692146597406,0.7678477365603986,1.0,1.0,cell
Gemma4-E4B,10000,2,query_last,0.8762692146597406,0.7678477365603986,0.0,0.0,cell
Gemma4-E4B,10000,2,query_last,0.8762692146597406,0.7678477365603986,1.0,1.0,cell
Gemma4-E4B,10000,30,query_last,0.9689060980085418,0.387659719401664,1.0,1.0,cell
Gemma4-E4B,10000,30,query_last,0.9689060980085418,0.387659719401664,0.0,0.0,cell
Gemma4-E4B,10000,30,query_last,0.9689060980085418,0.387659719401664,0.0,0.0,cell
Gemma4-E4B,10000,30,query_last,0.9689060980085418,0.387659719401664,1.0,1.0,cell
Gemma4-E4B,10000,30,query_last,0.9689060980085418,0.387659719401664,1.0,1.0,cell
Gemma4-E4B,10000,3,query_last,0.8647293428984122,0.6466072778480833,1.0,1.0,cell
Gemma4-E4B,10000,3,query_last,0.8647293428984122,0.6466072778480833,1.0,1.0,cell
Gemma4-E4B,10000,3,query_last,0.8647293428984122,0.6466072778480833,0.0,0.0,cell
Gemma4-E4B,10000,3,query_last,0.8647293428984122,0.6466072778480833,1.0,1.0,cell
Gemma4-E4B,10000,3,query_last,0.8647293428984122,0.6466072778480833,1.0,1.0,cell
Gemma4-E4B,10000,4,query_last,0.8920385620671832,0.6331906829719643,1.0,1.0,cell
Gemma4-E4B,10000,4,query_last,0.8920385620671832,0.6331906829719643,1.0,1.0,cell
Gemma4-E4B,10000,4,query_last,0.8920385620671832,0.6331906829719643,0.0,0.0,cell
Gemma4-E4B,10000,4,query_last,0.8920385620671832,0.6331906829719643,1.0,1.0,cell
Gemma4-E4B,10000,4,query_last,0.8920385620671832,0.6331906829719643,1.0,1.0,cell
Gemma4-E4B,10000,5,query_last,0.9220223980165108,0.6663576008653319,1.0,1.0,cell
Gemma4-E4B,10000,5,query_last,0.9220223980165108,0.6663576008653319,1.0,1.0,cell
Gemma4-E4B,10000,5,query_last,0.9220223980165108,0.6663576008653319,0.0,0.0,cell
Gemma4-E4B,10000,5,query_last,0.9220223980165108,0.6663576008653319,1.0,1.0,cell
Gemma4-E4B,10000,5,query_last,0.9220223980165108,0.6663576008653319,1.0,1.0,cell
Gemma4-E4B,10000,6,query_last,0.9159773968505265,0.5906205334124434,1.0,1.0,cell
Gemma4-E4B,10000,6,query_last,0.9159773968505265,0.5906205334124434,1.0,1.0,cell
Gemma4-E4B,10000,6,query_last,0.9159773968505265,0.5906205334124434,0.0,0.0,cell
Gemma4-E4B,10000,6,query_last,0.9159773968505265,0.5906205334124434,1.0,1.0,cell
Gemma4-E4B,10000,6,query_last,0.9159773968505265,0.5906205334124434,1.0,1.0,cell
Gemma4-E4B,10000,8,query_last,0.935902825949038,0.5886349830598141,0.0,0.0,cell
Gemma4-E4B,10000,8,query_last,0.935902825949038,0.5886349830598141,1.0,1.0,cell
Gemma4-E4B,10000,8,query_last,0.935902825949038,0.5886349830598141,0.0,0.0,cell
Gemma4-E4B,10000,8,query_last,0.935902825949038,0.5886349830598141,0.0,0.0,cell
Gemma4-E4B,10000,8,query_last,0.935902825949038,0.5886349830598141,0.0,0.0,cell
Gemma4-E4B,2000,10,query_last,0.9762333308154011,0.7862059273137543,1.0,1.0,cell
Gemma4-E4B,2000,10,query_last,0.9762333308154011,0.7862059273137543,1.0,1.0,cell
Gemma4-E4B,2000,10,query_last,0.9762333308154011,0.7862059273137543,1.0,1.0,cell
Gemma4-E4B,2000,10,query_last,0.9762333308154011,0.7862059273137543,1.0,1.0,cell
Gemma4-E4B,2000,10,query_last,0.9762333308154011,0.7862059273137543,1.0,1.0,cell
Gemma4-E4B,2000,1,query_last,0.8993564812993194,0.8993564812993194,1.0,1.0,cell
Gemma4-E4B,2000,1,query_last,0.8993564812993194,0.8993564812993194,1.0,1.0,cell
Gemma4-E4B,2000,1,query_last,0.8993564812993194,0.8993564812993194,1.0,1.0,cell
Gemma4-E4B,2000,1,query_last,0.8993564812993194,0.8993564812993194,1.0,1.0,cell
Gemma4-E4B,2000,1,query_last,0.8993564812993194,0.8993564812993194,1.0,1.0,cell
Gemma4-E4B,2000,20,query_last,0.9838372295772345,0.7218800755858231,1.0,1.0,cell
Gemma4-E4B,2000,20,query_last,0.9838372295772345,0.7218800755858231,1.0,1.0,cell
Gemma4-E4B,2000,20,query_last,0.9838372295772345,0.7218800755858231,1.0,1.0,cell
Gemma4-E4B,2000,20,query_last,0.9838372295772345,0.7218800755858231,1.0,1.0,cell
Gemma4-E4B,2000,20,query_last,0.9838372295772345,0.7218800755858231,0.0,0.0,cell
Gemma4-E4B,2000,2,query_last,0.9391610992530821,0.8820235703502576,1.0,1.0,cell
Gemma4-E4B,2000,2,query_last,0.9391610992530821,0.8820235703502576,1.0,1.0,cell
Gemma4-E4B,2000,2,query_last,0.9391610992530821,0.8820235703502576,1.0,1.0,cell
Gemma4-E4B,2000,2,query_last,0.9391610992530821,0.8820235703502576,1.0,1.0,cell
Gemma4-E4B,2000,2,query_last,0.9391610992530821,0.8820235703502576,1.0,1.0,cell
Gemma4-E4B,2000,30,query_last,0.9853850006420287,0.6429518007929529,1.0,1.0,cell
Gemma4-E4B,2000,30,query_last,0.9853850006420287,0.6429518007929529,1.0,1.0,cell
Gemma4-E4B,2000,30,query_last,0.9853850006420287,0.6429518007929529,1.0,1.0,cell
Gemma4-E4B,2000,30,query_last,0.9853850006420287,0.6429518007929529,1.0,1.0,cell
Gemma4-E4B,2000,30,query_last,0.9853850006420287,0.6429518007929529,1.0,1.0,cell
Gemma4-E4B,2000,3,query_last,0.9553955782909848,0.8720666552558651,1.0,1.0,cell
Gemma4-E4B,2000,3,query_last,0.9553955782909848,0.8720666552558651,1.0,1.0,cell
Gemma4-E4B,2000,3,query_last,0.9553955782909848,0.8720666552558651,1.0,1.0,cell
Gemma4-E4B,2000,3,query_last,0.9553955782909848,0.8720666552558651,1.0,1.0,cell
Gemma4-E4B,2000,3,query_last,0.9553955782909848,0.8720666552558651,1.0,1.0,cell
Gemma4-E4B,2000,4,query_last,0.9579081217318535,0.8419676821011846,1.0,1.0,cell
Gemma4-E4B,2000,4,query_last,0.9579081217318535,0.8419676821011846,1.0,1.0,cell
Gemma4-E4B,2000,4,query_last,0.9579081217318535,0.8419676821011846,0.0,0.0,cell
Gemma4-E4B,2000,4,query_last,0.9579081217318535,0.8419676821011846,1.0,1.0,cell
Gemma4-E4B,2000,4,query_last,0.9579081217318535,0.8419676821011846,1.0,1.0,cell
Gemma4-E4B,2000,5,query_last,0.9635897136104147,0.830731686704526,1.0,1.0,cell
Gemma4-E4B,2000,5,query_last,0.9635897136104147,0.830731686704526,1.0,1.0,cell
Gemma4-E4B,2000,5,query_last,0.9635897136104147,0.830731686704526,1.0,1.0,cell
Gemma4-E4B,2000,5,query_last,0.9635897136104147,0.830731686704526,1.0,1.0,cell
Gemma4-E4B,2000,5,query_last,0.9635897136104147,0.830731686704526,0.0,0.0,cell
Gemma4-E4B,2000,6,query_last,0.966591885432776,0.8155655439852423,1.0,1.0,cell
Gemma4-E4B,2000,6,query_last,0.966591885432776,0.8155655439852423,1.0,1.0,cell
Gemma4-E4B,2000,6,query_last,0.966591885432776,0.8155655439852423,1.0,1.0,cell
Gemma4-E4B,2000,6,query_last,0.966591885432776,0.8155655439852423,1.0,1.0,cell
Gemma4-E4B,2000,6,query_last,0.966591885432776,0.8155655439852423,1.0,1.0,cell
Gemma4-E4B,2000,8,query_last,0.975454619705766,0.8197030648918252,1.0,1.0,cell
Gemma4-E4B,2000,8,query_last,0.975454619705766,0.8197030648918252,1.0,1.0,cell
Gemma4-E4B,2000,8,query_last,0.975454619705766,0.8197030648918252,1.0,1.0,cell
Gemma4-E4B,2000,8,query_last,0.975454619705766,0.8197030648918252,0.0,0.0,cell
Gemma4-E4B,2000,8,query_last,0.975454619705766,0.8197030648918252,1.0,1.0,cell
Gemma4-E4B,5000,10,query_last,0.9611927845974292,0.6731394137673696,1.0,1.0,cell
Gemma4-E4B,5000,10,query_last,0.9611927845974292,0.6731394137673696,1.0,1.0,cell
Gemma4-E4B,5000,10,query_last,0.9611927845974292,0.6731394137673696,1.0,1.0,cell
Gemma4-E4B,5000,10,query_last,0.9611927845974292,0.6731394137673696,0.0,0.0,cell
Gemma4-E4B,5000,10,query_last,0.9611927845974292,0.6731394137673696,1.0,1.0,cell
Gemma4-E4B,5000,1,query_last,0.8762692146597406,0.8762692146597406,1.0,1.0,cell
Gemma4-E4B,5000,1,query_last,0.8762692146597406,0.8762692146597406,1.0,1.0,cell
Gemma4-E4B,5000,1,query_last,0.8762692146597406,0.8762692146597406,1.0,1.0,cell
Gemma4-E4B,5000,1,query_last,0.8762692146597406,0.8762692146597406,1.0,1.0,cell
Gemma4-E4B,5000,1,query_last,0.8762692146597406,0.8762692146597406,1.0,1.0,cell
Gemma4-E4B,5000,20,query_last,0.9732664456080461,0.5816142217265949,0.0,0.0,cell
Gemma4-E4B,5000,20,query_last,0.9732664456080461,0.5816142217265949,0.0,0.0,cell
Gemma4-E4B,5000,20,query_last,0.9732664456080461,0.5816142217265949,1.0,1.0,cell
Gemma4-E4B,5000,20,query_last,0.9732664456080461,0.5816142217265949,0.0,0.0,cell
Gemma4-E4B,5000,20,query_last,0.9732664456080461,0.5816142217265949,1.0,1.0,cell
Gemma4-E4B,5000,2,query_last,0.8853172313043486,0.7837866000443975,1.0,1.0,cell
Gemma4-E4B,5000,2,query_last,0.8853172313043486,0.7837866000443975,1.0,1.0,cell
Gemma4-E4B,5000,2,query_last,0.8853172313043486,0.7837866000443975,1.0,1.0,cell
Gemma4-E4B,5000,2,query_last,0.8853172313043486,0.7837866000443975,1.0,1.0,cell
Gemma4-E4B,5000,2,query_last,0.8853172313043486,0.7837866000443975,1.0,1.0,cell
Gemma4-E4B,5000,30,query_last,0.9780432904255216,0.5137387708456415,0.0,0.0,cell
Gemma4-E4B,5000,30,query_last,0.9780432904255216,0.5137387708456415,1.0,0.0,cell
Gemma4-E4B,5000,30,query_last,0.9780432904255216,0.5137387708456415,1.0,1.0,cell
Gemma4-E4B,5000,30,query_last,0.9780432904255216,0.5137387708456415,0.0,0.0,cell
Gemma4-E4B,5000,30,query_last,0.9780432904255216,0.5137387708456415,1.0,0.0,cell
Gemma4-E4B,5000,3,query_last,0.9159316867005872,0.7684033527725355,1.0,1.0,cell
Gemma4-E4B,5000,3,query_last,0.9159316867005872,0.7684033527725355,1.0,1.0,cell
Gemma4-E4B,5000,3,query_last,0.9159316867005872,0.7684033527725355,1.0,1.0,cell
Gemma4-E4B,5000,3,query_last,0.9159316867005872,0.7684033527725355,1.0,1.0,cell
Gemma4-E4B,5000,3,query_last,0.9159316867005872,0.7684033527725355,1.0,1.0,cell
Gemma4-E4B,5000,4,query_last,0.938447260181683,0.7756030046952355,1.0,1.0,cell
Gemma4-E4B,5000,4,query_last,0.938447260181683,0.7756030046952355,0.0,0.0,cell
Gemma4-E4B,5000,4,query_last,0.938447260181683,0.7756030046952355,0.0,1.0,cell
Gemma4-E4B,5000,4,query_last,0.938447260181683,0.7756030046952355,1.0,1.0,cell
Gemma4-E4B,5000,4,query_last,0.938447260181683,0.7756030046952355,0.0,0.0,cell
Gemma4-E4B,5000,5,query_last,0.9370959227470782,0.7226370785173,1.0,1.0,cell
Gemma4-E4B,5000,5,query_last,0.9370959227470782,0.7226370785173,0.0,0.0,cell
Gemma4-E4B,5000,5,query_last,0.9370959227470782,0.7226370785173,0.0,0.0,cell
Gemma4-E4B,5000,5,query_last,0.9370959227470782,0.7226370785173,1.0,1.0,cell
Gemma4-E4B,5000,5,query_last,0.9370959227470782,0.7226370785173,0.0,0.0,cell
Gemma4-E4B,5000,6,query_last,0.9474861339663178,0.7234977384125163,1.0,1.0,cell
Gemma4-E4B,5000,6,query_last,0.9474861339663178,0.7234977384125163,0.0,0.0,cell
Gemma4-E4B,5000,6,query_last,0.9474861339663178,0.7234977384125163,0.0,0.0,cell
Gemma4-E4B,5000,6,query_last,0.9474861339663178,0.7234977384125163,1.0,1.0,cell
Gemma4-E4B,5000,6,query_last,0.9474861339663178,0.7234977384125163,0.0,0.0,cell
Gemma4-E4B,5000,8,query_last,0.9503951709380948,0.6656313489757198,1.0,1.0,cell
Gemma4-E4B,5000,8,query_last,0.9503951709380948,0.6656313489757198,1.0,1.0,cell
Gemma4-E4B,5000,8,query_last,0.9503951709380948,0.6656313489757198,0.0,0.0,cell
Gemma4-E4B,5000,8,query_last,0.9503951709380948,0.6656313489757198,1.0,1.0,cell
Gemma4-E4B,5000,8,query_last,0.9503951709380948,0.6656313489757198,0.0,0.0,cell
Gemma4-12B,10000,10,query_first,0.9999997158448529,0.9999971584521627,1.0,1.0,cell
Gemma4-12B,10000,10,query_first,0.9999997158448529,0.9999971584521627,1.0,1.0,cell
Gemma4-12B,10000,10,query_first,0.9999997158448529,0.9999971584521627,1.0,1.0,cell
Gemma4-12B,10000,10,query_first,0.9999997158448529,0.9999971584521627,1.0,1.0,cell
Gemma4-12B,10000,10,query_first,0.9999997158448529,0.9999971584521627,1.0,1.0,cell
Gemma4-12B,10000,1,query_first,0.9999995565022186,0.9999995565022186,1.0,1.0,cell
Gemma4-12B,10000,1,query_first,0.9999995565022186,0.9999995565022186,1.0,1.0,cell
Gemma4-12B,10000,1,query_first,0.9999995565022186,0.9999995565022186,1.0,1.0,cell
Gemma4-12B,10000,1,query_first,0.9999995565022186,0.9999995565022186,1.0,1.0,cell
Gemma4-12B,10000,1,query_first,0.9999995565022186,0.9999995565022186,1.0,1.0,cell
Gemma4-12B,10000,20,query_first,0.9999997371759601,0.9999947435323272,1.0,1.0,cell
Gemma4-12B,10000,20,query_first,0.9999997371759601,0.9999947435323272,1.0,1.0,cell
Gemma4-12B,10000,20,query_first,0.9999997371759601,0.9999947435323272,1.0,1.0,cell
Gemma4-12B,10000,20,query_first,0.9999997371759601,0.9999947435323272,1.0,1.0,cell
Gemma4-12B,10000,20,query_first,0.9999997371759601,0.9999947435323272,1.0,1.0,cell
Gemma4-12B,10000,2,query_first,0.9999997635972787,0.9999995271946133,1.0,1.0,cell
Gemma4-12B,10000,2,query_first,0.9999997635972787,0.9999995271946133,1.0,1.0,cell
Gemma4-12B,10000,2,query_first,0.9999997635972787,0.9999995271946133,1.0,1.0,cell
Gemma4-12B,10000,2,query_first,0.9999997635972787,0.9999995271946133,1.0,1.0,cell
Gemma4-12B,10000,2,query_first,0.9999997635972787,0.9999995271946133,1.0,1.0,cell
Gemma4-12B,10000,30,query_first,0.9999997348374531,0.9999920451541777,1.0,1.0,cell
Gemma4-12B,10000,30,query_first,0.9999997348374531,0.9999920451541777,1.0,1.0,cell
Gemma4-12B,10000,30,query_first,0.9999997348374531,0.9999920451541777,1.0,1.0,cell
Gemma4-12B,10000,30,query_first,0.9999997348374531,0.9999920451541777,1.0,1.0,cell
Gemma4-12B,10000,30,query_first,0.9999997348374531,0.9999920451541777,1.0,1.0,cell
Gemma4-12B,10000,3,query_first,0.9999996427153239,0.9999989281463547,1.0,1.0,cell
Gemma4-12B,10000,3,query_first,0.9999996427153239,0.9999989281463547,1.0,1.0,cell
Gemma4-12B,10000,3,query_first,0.9999996427153239,0.9999989281463547,1.0,1.0,cell
Gemma4-12B,10000,3,query_first,0.9999996427153239,0.9999989281463547,1.0,1.0,cell
Gemma4-12B,10000,3,query_first,0.9999996427153239,0.9999989281463547,1.0,1.0,cell
Gemma4-12B,10000,4,query_first,0.9999996593529134,0.9999986374123496,1.0,1.0,cell
Gemma4-12B,10000,4,query_first,0.9999996593529134,0.9999986374123496,1.0,1.0,cell
Gemma4-12B,10000,4,query_first,0.9999996593529134,0.9999986374123496,1.0,1.0,cell
Gemma4-12B,10000,4,query_first,0.9999996593529134,0.9999986374123496,1.0,1.0,cell
Gemma4-12B,10000,4,query_first,0.9999996593529134,0.9999986374123496,1.0,1.0,cell
Gemma4-12B,10000,5,query_first,0.9999996171561012,0.9999980857819717,1.0,1.0,cell
Gemma4-12B,10000,5,query_first,0.9999996171561012,0.9999980857819717,1.0,1.0,cell
Gemma4-12B,10000,5,query_first,0.9999996171561012,0.9999980857819717,1.0,1.0,cell
Gemma4-12B,10000,5,query_first,0.9999996171561012,0.9999980857819717,1.0,1.0,cell
Gemma4-12B,10000,5,query_first,0.9999996171561012,0.9999980857819717,1.0,1.0,cell
Gemma4-12B,10000,6,query_first,0.9999996646611887,0.9999979879688191,1.0,1.0,cell
Gemma4-12B,10000,6,query_first,0.9999996646611887,0.9999979879688191,1.0,1.0,cell
Gemma4-12B,10000,6,query_first,0.9999996646611887,0.9999979879688191,1.0,1.0,cell
Gemma4-12B,10000,6,query_first,0.9999996646611887,0.9999979879688191,1.0,1.0,cell
Gemma4-12B,10000,6,query_first,0.9999996646611887,0.9999979879688191,1.0,1.0,cell
Gemma4-12B,10000,8,query_first,0.999999752622143,0.9999980209788577,1.0,1.0,cell
Gemma4-12B,10000,8,query_first,0.999999752622143,0.9999980209788577,1.0,1.0,cell
Gemma4-12B,10000,8,query_first,0.999999752622143,0.9999980209788577,1.0,1.0,cell
Gemma4-12B,10000,8,query_first,0.999999752622143,0.9999980209788577,1.0,1.0,cell
Gemma4-12B,10000,8,query_first,0.999999752622143,0.9999980209788577,1.0,1.0,cell
Gemma4-12B,2000,10,query_first,0.9999997611988294,0.99999761199086,1.0,1.0,cell
Gemma4-12B,2000,10,query_first,0.9999997611988294,0.99999761199086,1.0,1.0,cell
Gemma4-12B,2000,10,query_first,0.9999997611988294,0.99999761199086,1.0,1.0,cell
Gemma4-12B,2000,10,query_first,0.9999997611988294,0.99999761199086,1.0,1.0,cell
Gemma4-12B,2000,10,query_first,0.9999997611988294,0.99999761199086,1.0,1.0,cell
Gemma4-12B,2000,1,query_first,0.9999996757980293,0.9999996757980293,1.0,1.0,cell
Gemma4-12B,2000,1,query_first,0.9999996757980293,0.9999996757980293,1.0,1.0,cell
Gemma4-12B,2000,1,query_first,0.9999996757980293,0.9999996757980293,1.0,1.0,cell
Gemma4-12B,2000,1,query_first,0.9999996757980293,0.9999996757980293,1.0,1.0,cell
Gemma4-12B,2000,1,query_first,0.9999996757980293,0.9999996757980293,1.0,1.0,cell
Gemma4-12B,2000,20,query_first,0.999999783802726,0.9999956760634013,1.0,1.0,cell
Gemma4-12B,2000,20,query_first,0.999999783802726,0.9999956760634013,1.0,1.0,cell
Gemma4-12B,2000,20,query_first,0.999999783802726,0.9999956760634013,1.0,1.0,cell
Gemma4-12B,2000,20,query_first,0.999999783802726,0.9999956760634013,1.0,1.0,cell
Gemma4-12B,2000,20,query_first,0.999999783802726,0.9999956760634013,1.0,1.0,cell
Gemma4-12B,2000,2,query_first,0.9999997061157448,0.9999994122315761,1.0,1.0,cell
Gemma4-12B,2000,2,query_first,0.9999997061157448,0.9999994122315761,1.0,1.0,cell
Gemma4-12B,2000,2,query_first,0.9999997061157448,0.9999994122315761,1.0,1.0,cell
Gemma4-12B,2000,2,query_first,0.9999997061157448,0.9999994122315761,1.0,1.0,cell
Gemma4-12B,2000,2,query_first,0.9999997061157448,0.9999994122315761,1.0,1.0,cell
Gemma4-12B,2000,30,query_first,0.9999997277095909,0.9999918313199785,1.0,1.0,cell
Gemma4-12B,2000,30,query_first,0.9999997277095909,0.9999918313199785,1.0,1.0,cell
Gemma4-12B,2000,30,query_first,0.9999997277095909,0.9999918313199785,1.0,1.0,cell
Gemma4-12B,2000,30,query_first,0.9999997277095909,0.9999918313199785,1.0,1.0,cell
Gemma4-12B,2000,30,query_first,0.9999997277095909,0.9999918313199785,1.0,1.0,cell
Gemma4-12B,2000,3,query_first,0.9999996943538704,0.9999990830618913,1.0,1.0,cell
Gemma4-12B,2000,3,query_first,0.9999996943538704,0.9999990830618913,1.0,1.0,cell
Gemma4-12B,2000,3,query_first,0.9999996943538704,0.9999990830618913,1.0,1.0,cell
Gemma4-12B,2000,3,query_first,0.9999996943538704,0.9999990830618913,1.0,1.0,cell
Gemma4-12B,2000,3,query_first,0.9999996943538704,0.9999990830618913,1.0,1.0,cell
Gemma4-12B,2000,4,query_first,0.9999997220901409,0.9999988883610269,1.0,1.0,cell
Gemma4-12B,2000,4,query_first,0.9999997220901409,0.9999988883610269,1.0,1.0,cell
Gemma4-12B,2000,4,query_first,0.9999997220901409,0.9999988883610269,1.0,1.0,cell
Gemma4-12B,2000,4,query_first,0.9999997220901409,0.9999988883610269,1.0,1.0,cell
Gemma4-12B,2000,4,query_first,0.9999997220901409,0.9999988883610269,1.0,1.0,cell
Gemma4-12B,2000,5,query_first,0.9999997432209011,0.999998716105165,1.0,1.0,cell
Gemma4-12B,2000,5,query_first,0.9999997432209011,0.999998716105165,1.0,1.0,cell
Gemma4-12B,2000,5,query_first,0.9999997432209011,0.999998716105165,1.0,1.0,cell
Gemma4-12B,2000,5,query_first,0.9999997432209011,0.999998716105165,1.0,1.0,cell
Gemma4-12B,2000,5,query_first,0.9999997432209011,0.999998716105165,1.0,1.0,cell
Gemma4-12B,2000,6,query_first,0.9999997694312875,0.9999986165885227,1.0,1.0,cell
Gemma4-12B,2000,6,query_first,0.9999997694312875,0.9999986165885227,1.0,1.0,cell
Gemma4-12B,2000,6,query_first,0.9999997694312875,0.9999986165885227,1.0,1.0,cell
Gemma4-12B,2000,6,query_first,0.9999997694312875,0.9999986165885227,1.0,1.0,cell
Gemma4-12B,2000,6,query_first,0.9999997694312875,0.9999986165885227,1.0,1.0,cell
Gemma4-12B,2000,8,query_first,0.9999997649534658,0.999998119629273,1.0,1.0,cell
Gemma4-12B,2000,8,query_first,0.9999997649534658,0.999998119629273,1.0,1.0,cell
Gemma4-12B,2000,8,query_first,0.9999997649534658,0.999998119629273,1.0,1.0,cell
Gemma4-12B,2000,8,query_first,0.9999997649534658,0.999998119629273,1.0,1.0,cell
Gemma4-12B,2000,8,query_first,0.9999997649534658,0.999998119629273,1.0,1.0,cell
Gemma4-12B,5000,10,query_first,0.9999997371759601,0.9999973717627098,1.0,1.0,cell
Gemma4-12B,5000,10,query_first,0.9999997371759601,0.9999973717627098,1.0,1.0,cell
Gemma4-12B,5000,10,query_first,0.9999997371759601,0.9999973717627098,1.0,1.0,cell
Gemma4-12B,5000,10,query_first,0.9999997371759601,0.9999973717627098,1.0,1.0,cell
Gemma4-12B,5000,10,query_first,0.9999997371759601,0.9999973717627098,1.0,1.0,cell
Gemma4-12B,5000,1,query_first,0.9999997635972787,0.9999997635972787,1.0,1.0,cell
Gemma4-12B,5000,1,query_first,0.9999997635972787,0.9999997635972787,1.0,1.0,cell
Gemma4-12B,5000,1,query_first,0.9999997635972787,0.9999997635972787,1.0,1.0,cell
Gemma4-12B,5000,1,query_first,0.9999997635972787,0.9999997635972787,1.0,1.0,cell
Gemma4-12B,5000,1,query_first,0.9999997635972787,0.9999997635972787,1.0,1.0,cell
Gemma4-12B,5000,20,query_first,0.999999750022121,0.9999950004542938,1.0,1.0,cell
Gemma4-12B,5000,20,query_first,0.999999750022121,0.9999950004542938,1.0,1.0,cell
Gemma4-12B,5000,20,query_first,0.999999750022121,0.9999950004542938,1.0,1.0,cell
Gemma4-12B,5000,20,query_first,0.999999750022121,0.9999950004542938,1.0,1.0,cell
Gemma4-12B,5000,20,query_first,0.999999750022121,0.9999950004542938,1.0,1.0,cell
Gemma4-12B,5000,2,query_first,0.9999996617410533,0.999999323482221,1.0,1.0,cell
Gemma4-12B,5000,2,query_first,0.9999996617410533,0.999999323482221,1.0,1.0,cell
Gemma4-12B,5000,2,query_first,0.9999996617410533,0.999999323482221,1.0,1.0,cell
Gemma4-12B,5000,2,query_first,0.9999996617410533,0.999999323482221,1.0,1.0,cell
Gemma4-12B,5000,2,query_first,0.9999996617410533,0.999999323482221,1.0,1.0,cell
Gemma4-12B,5000,30,query_first,0.9999997658666946,0.9999929760246836,1.0,1.0,cell
Gemma4-12B,5000,30,query_first,0.9999997658666946,0.9999929760246836,1.0,1.0,cell
Gemma4-12B,5000,30,query_first,0.9999997658666946,0.9999929760246836,1.0,1.0,cell
Gemma4-12B,5000,30,query_first,0.9999997658666946,0.9999929760246836,1.0,1.0,cell
Gemma4-12B,5000,30,query_first,0.9999997658666946,0.9999929760246836,1.0,1.0,cell
Gemma4-12B,5000,3,query_first,0.9999996808995414,0.9999990426989296,1.0,1.0,cell
Gemma4-12B,5000,3,query_first,0.9999996808995414,0.9999990426989296,1.0,1.0,cell
Gemma4-12B,5000,3,query_first,0.9999996808995414,0.9999990426989296,1.0,1.0,cell
Gemma4-12B,5000,3,query_first,0.9999996808995414,0.9999990426989296,1.0,1.0,cell
Gemma4-12B,5000,3,query_first,0.9999996808995414,0.9999990426989296,1.0,1.0,cell
Gemma4-12B,5000,4,query_first,0.9999996523196538,0.9999986092793406,1.0,1.0,cell
Gemma4-12B,5000,4,query_first,0.9999996523196538,0.9999986092793406,1.0,1.0,cell
Gemma4-12B,5000,4,query_first,0.9999996523196538,0.9999986092793406,1.0,1.0,cell
Gemma4-12B,5000,4,query_first,0.9999996523196538,0.9999986092793406,1.0,1.0,cell
Gemma4-12B,5000,4,query_first,0.9999996523196538,0.9999986092793406,1.0,1.0,cell
Gemma4-12B,5000,5,query_first,0.9999996903501731,0.9999984517518243,1.0,1.0,cell
Gemma4-12B,5000,5,query_first,0.9999996903501731,0.9999984517518243,1.0,1.0,cell
Gemma4-12B,5000,5,query_first,0.9999996903501731,0.9999984517518243,1.0,1.0,cell
Gemma4-12B,5000,5,query_first,0.9999996903501731,0.9999984517518243,1.0,1.0,cell
Gemma4-12B,5000,5,query_first,0.9999996903501731,0.9999984517518243,1.0,1.0,cell
Gemma4-12B,5000,6,query_first,0.9999997493168484,0.9999984959020332,1.0,1.0,cell
Gemma4-12B,5000,6,query_first,0.9999997493168484,0.9999984959020332,1.0,1.0,cell
Gemma4-12B,5000,6,query_first,0.9999997493168484,0.9999984959020332,1.0,1.0,cell
Gemma4-12B,5000,6,query_first,0.9999997493168484,0.9999984959020332,1.0,1.0,cell
Gemma4-12B,5000,6,query_first,0.9999997493168484,0.9999984959020332,1.0,1.0,cell
Gemma4-12B,5000,8,query_first,0.9999997401462164,0.9999979211716219,1.0,1.0,cell
Gemma4-12B,5000,8,query_first,0.9999997401462164,0.9999979211716219,1.0,1.0,cell
Gemma4-12B,5000,8,query_first,0.9999997401462164,0.9999979211716219,1.0,1.0,cell
Gemma4-12B,5000,8,query_first,0.9999997401462164,0.9999979211716219,1.0,1.0,cell
Gemma4-12B,5000,8,query_first,0.9999997401462164,0.9999979211716219,1.0,1.0,cell
Gemma4-12B,10000,10,query_last,0.9344958338181768,0.5078947169915479,0.0,0.0,cell
Gemma4-12B,10000,10,query_last,0.9344958338181768,0.5078947169915479,1.0,1.0,cell
Gemma4-12B,10000,10,query_last,0.9344958338181768,0.5078947169915479,0.0,0.0,cell
Gemma4-12B,10000,10,query_last,0.9344958338181768,0.5078947169915479,1.0,1.0,cell
Gemma4-12B,10000,10,query_last,0.9344958338181768,0.5078947169915479,0.0,0.0,cell
Gemma4-12B,10000,1,query_last,0.9090150178876759,0.9090150178876759,1.0,1.0,cell
Gemma4-12B,10000,1,query_last,0.9090150178876759,0.9090150178876759,1.0,1.0,cell
Gemma4-12B,10000,1,query_last,0.9090150178876759,0.9090150178876759,1.0,1.0,cell
Gemma4-12B,10000,1,query_last,0.9090150178876759,0.9090150178876759,1.0,1.0,cell
Gemma4-12B,10000,1,query_last,0.9090150178876759,0.9090150178876759,1.0,1.0,cell
Gemma4-12B,10000,20,query_last,0.9499121208143662,0.35782327438104333,0.0,0.0,cell
Gemma4-12B,10000,20,query_last,0.9499121208143662,0.35782327438104333,0.0,0.0,cell
Gemma4-12B,10000,20,query_last,0.9499121208143662,0.35782327438104333,0.0,0.0,cell
Gemma4-12B,10000,20,query_last,0.9499121208143662,0.35782327438104333,1.0,1.0,cell
Gemma4-12B,10000,20,query_last,0.9499121208143662,0.35782327438104333,0.0,0.0,cell
Gemma4-12B,10000,2,query_last,0.9441229969837843,0.8913682334336428,1.0,1.0,cell
Gemma4-12B,10000,2,query_last,0.9441229969837843,0.8913682334336428,1.0,1.0,cell
Gemma4-12B,10000,2,query_last,0.9441229969837843,0.8913682334336428,1.0,1.0,cell
Gemma4-12B,10000,2,query_last,0.9441229969837843,0.8913682334336428,1.0,1.0,cell
Gemma4-12B,10000,2,query_last,0.9441229969837843,0.8913682334336428,1.0,1.0,cell
Gemma4-12B,10000,30,query_last,0.9632520529133164,0.3252357655282176,0.0,0.0,cell
Gemma4-12B,10000,30,query_last,0.9632520529133164,0.3252357655282176,0.0,0.0,cell
Gemma4-12B,10000,30,query_last,0.9632520529133164,0.3252357655282176,0.0,0.0,cell
Gemma4-12B,10000,30,query_last,0.9632520529133164,0.3252357655282176,0.0,0.0,cell
Gemma4-12B,10000,30,query_last,0.9632520529133164,0.3252357655282176,0.0,0.0,cell
Gemma4-12B,10000,3,query_last,0.9190032668240044,0.7761598361258669,1.0,1.0,cell
Gemma4-12B,10000,3,query_last,0.9190032668240044,0.7761598361258669,1.0,1.0,cell
Gemma4-12B,10000,3,query_last,0.9190032668240044,0.7761598361258669,1.0,1.0,cell
Gemma4-12B,10000,3,query_last,0.9190032668240044,0.7761598361258669,1.0,1.0,cell
Gemma4-12B,10000,3,query_last,0.9190032668240044,0.7761598361258669,1.0,1.0,cell
Gemma4-12B,10000,4,query_last,0.9360296886920869,0.7676415878299093,1.0,1.0,cell
Gemma4-12B,10000,4,query_last,0.9360296886920869,0.7676415878299093,1.0,1.0,cell
Gemma4-12B,10000,4,query_last,0.9360296886920869,0.7676415878299093,1.0,1.0,cell
Gemma4-12B,10000,4,query_last,0.9360296886920869,0.7676415878299093,1.0,1.0,cell
Gemma4-12B,10000,4,query_last,0.9360296886920869,0.7676415878299093,1.0,1.0,cell
Gemma4-12B,10000,5,query_last,0.947794424406539,0.7648402728060587,0.0,0.0,cell
Gemma4-12B,10000,5,query_last,0.947794424406539,0.7648402728060587,1.0,1.0,cell
Gemma4-12B,10000,5,query_last,0.947794424406539,0.7648402728060587,1.0,1.0,cell
Gemma4-12B,10000,5,query_last,0.947794424406539,0.7648402728060587,1.0,1.0,cell
Gemma4-12B,10000,5,query_last,0.947794424406539,0.7648402728060587,1.0,1.0,cell
Gemma4-12B,10000,6,query_last,0.9296430198573243,0.6455015310355203,1.0,1.0,cell
Gemma4-12B,10000,6,query_last,0.9296430198573243,0.6455015310355203,1.0,1.0,cell
Gemma4-12B,10000,6,query_last,0.9296430198573243,0.6455015310355203,1.0,1.0,cell
Gemma4-12B,10000,6,query_last,0.9296430198573243,0.6455015310355203,1.0,1.0,cell
Gemma4-12B,10000,6,query_last,0.9296430198573243,0.6455015310355203,1.0,1.0,cell
Gemma4-12B,10000,8,query_last,0.9416801624071086,0.6183400443315985,1.0,1.0,cell
Gemma4-12B,10000,8,query_last,0.9416801624071086,0.6183400443315985,0.0,0.0,cell
Gemma4-12B,10000,8,query_last,0.9416801624071086,0.6183400443315985,1.0,1.0,cell
Gemma4-12B,10000,8,query_last,0.9416801624071086,0.6183400443315985,1.0,0.0,cell
Gemma4-12B,10000,8,query_last,0.9416801624071086,0.6183400443315985,0.0,0.0,cell
Gemma4-12B,2000,10,query_last,0.9667840354992863,0.7133369210606871,1.0,1.0,cell
Gemma4-12B,2000,10,query_last,0.9667840354992863,0.7133369210606871,1.0,1.0,cell
Gemma4-12B,2000,10,query_last,0.9667840354992863,0.7133369210606871,1.0,1.0,cell
Gemma4-12B,2000,10,query_last,0.9667840354992863,0.7133369210606871,1.0,1.0,cell
Gemma4-12B,2000,10,query_last,0.9667840354992863,0.7133369210606871,1.0,1.0,cell
Gemma4-12B,2000,1,query_last,0.9259477632447752,0.9259477632447752,1.0,1.0,cell
Gemma4-12B,2000,1,query_last,0.9259477632447752,0.9259477632447752,1.0,1.0,cell
Gemma4-12B,2000,1,query_last,0.9259477632447752,0.9259477632447752,1.0,1.0,cell
Gemma4-12B,2000,1,query_last,0.9259477632447752,0.9259477632447752,1.0,1.0,cell
Gemma4-12B,2000,1,query_last,0.9259477632447752,0.9259477632447752,1.0,1.0,cell
Gemma4-12B,2000,20,query_last,0.9534770175221849,0.38565999091408565,1.0,1.0,cell
Gemma4-12B,2000,20,query_last,0.9534770175221849,0.38565999091408565,1.0,1.0,cell
Gemma4-12B,2000,20,query_last,0.9534770175221849,0.38565999091408565,1.0,1.0,cell
Gemma4-12B,2000,20,query_last,0.9534770175221849,0.38565999091408565,1.0,1.0,cell
Gemma4-12B,2000,20,query_last,0.9534770175221849,0.38565999091408565,1.0,1.0,cell
Gemma4-12B,2000,2,query_last,0.9443223702712301,0.8917447389946742,1.0,1.0,cell
Gemma4-12B,2000,2,query_last,0.9443223702712301,0.8917447389946742,1.0,1.0,cell
Gemma4-12B,2000,2,query_last,0.9443223702712301,0.8917447389946742,1.0,1.0,cell
Gemma4-12B,2000,2,query_last,0.9443223702712301,0.8917447389946742,1.0,1.0,cell
Gemma4-12B,2000,2,query_last,0.9443223702712301,0.8917447389946742,1.0,1.0,cell
Gemma4-12B,2000,30,query_last,0.9361817917676353,0.13829475280873352,1.0,1.0,cell
Gemma4-12B,2000,30,query_last,0.9361817917676353,0.13829475280873352,1.0,1.0,cell
Gemma4-12B,2000,30,query_last,0.9361817917676353,0.13829475280873352,1.0,1.0,cell
Gemma4-12B,2000,30,query_last,0.9361817917676353,0.13829475280873352,1.0,1.0,cell
Gemma4-12B,2000,30,query_last,0.9361817917676353,0.13829475280873352,1.0,1.0,cell
Gemma4-12B,2000,3,query_last,0.9578778986869864,0.8788817742775615,1.0,1.0,cell
Gemma4-12B,2000,3,query_last,0.9578778986869864,0.8788817742775615,1.0,1.0,cell
Gemma4-12B,2000,3,query_last,0.9578778986869864,0.8788817742775615,1.0,1.0,cell
Gemma4-12B,2000,3,query_last,0.9578778986869864,0.8788817742775615,1.0,1.0,cell
Gemma4-12B,2000,3,query_last,0.9578778986869864,0.8788817742775615,1.0,1.0,cell
Gemma4-12B,2000,4,query_last,0.9409809879689138,0.7840132371231452,1.0,1.0,cell
Gemma4-12B,2000,4,query_last,0.9409809879689138,0.7840132371231452,1.0,1.0,cell
Gemma4-12B,2000,4,query_last,0.9409809879689138,0.7840132371231452,1.0,1.0,cell
Gemma4-12B,2000,4,query_last,0.9409809879689138,0.7840132371231452,1.0,1.0,cell
Gemma4-12B,2000,4,query_last,0.9409809879689138,0.7840132371231452,1.0,1.0,cell
Gemma4-12B,2000,5,query_last,0.9395976732229299,0.7323347852008422,1.0,1.0,cell
Gemma4-12B,2000,5,query_last,0.9395976732229299,0.7323347852008422,1.0,1.0,cell
Gemma4-12B,2000,5,query_last,0.9395976732229299,0.7323347852008422,1.0,1.0,cell
Gemma4-12B,2000,5,query_last,0.9395976732229299,0.7323347852008422,1.0,1.0,cell
Gemma4-12B,2000,5,query_last,0.9395976732229299,0.7323347852008422,1.0,1.0,cell
Gemma4-12B,2000,6,query_last,0.9461839340558615,0.717552063075719,1.0,1.0,cell
Gemma4-12B,2000,6,query_last,0.9461839340558615,0.717552063075719,1.0,1.0,cell
Gemma4-12B,2000,6,query_last,0.9461839340558615,0.717552063075719,1.0,1.0,cell
Gemma4-12B,2000,6,query_last,0.9461839340558615,0.717552063075719,1.0,1.0,cell
Gemma4-12B,2000,6,query_last,0.9461839340558615,0.717552063075719,1.0,1.0,cell
Gemma4-12B,2000,8,query_last,0.9549674503582403,0.6916853109114097,1.0,1.0,cell
Gemma4-12B,2000,8,query_last,0.9549674503582403,0.6916853109114097,1.0,1.0,cell
Gemma4-12B,2000,8,query_last,0.9549674503582403,0.6916853109114097,1.0,1.0,cell
Gemma4-12B,2000,8,query_last,0.9549674503582403,0.6916853109114097,1.0,1.0,cell
Gemma4-12B,2000,8,query_last,0.9549674503582403,0.6916853109114097,1.0,1.0,cell
Gemma4-12B,5000,10,query_last,0.9499121208143662,0.5981833116871812,1.0,1.0,cell
Gemma4-12B,5000,10,query_last,0.9499121208143662,0.5981833116871812,1.0,1.0,cell
Gemma4-12B,5000,10,query_last,0.9499121208143662,0.5981833116871812,1.0,1.0,cell
Gemma4-12B,5000,10,query_last,0.9499121208143662,0.5981833116871812,1.0,1.0,cell
Gemma4-12B,5000,10,query_last,0.9499121208143662,0.5981833116871812,0.0,0.0,cell
Gemma4-12B,5000,1,query_last,0.9441229969837843,0.9441229969837843,1.0,1.0,cell
Gemma4-12B,5000,1,query_last,0.9441229969837843,0.9441229969837843,1.0,1.0,cell
Gemma4-12B,5000,1,query_last,0.9441229969837843,0.9441229969837843,1.0,1.0,cell
Gemma4-12B,5000,1,query_last,0.9441229969837843,0.9441229969837843,1.0,1.0,cell
Gemma4-12B,5000,1,query_last,0.9441229969837843,0.9441229969837843,1.0,1.0,cell
Gemma4-12B,5000,20,query_last,0.9652833859870711,0.49328354396778523,0.0,0.0,cell
Gemma4-12B,5000,20,query_last,0.9652833859870711,0.49328354396778523,0.0,0.0,cell
Gemma4-12B,5000,20,query_last,0.9652833859870711,0.49328354396778523,1.0,0.0,cell
Gemma4-12B,5000,20,query_last,0.9652833859870711,0.49328354396778523,1.0,1.0,cell
Gemma4-12B,5000,20,query_last,0.9652833859870711,0.49328354396778523,0.0,0.0,cell
Gemma4-12B,5000,2,query_last,0.9229842363778368,0.8518999006019785,1.0,1.0,cell
Gemma4-12B,5000,2,query_last,0.9229842363778368,0.8518999006019785,1.0,1.0,cell
Gemma4-12B,5000,2,query_last,0.9229842363778368,0.8518999006019785,1.0,1.0,cell
Gemma4-12B,5000,2,query_last,0.9229842363778368,0.8518999006019785,1.0,1.0,cell
Gemma4-12B,5000,2,query_last,0.9229842363778368,0.8518999006019785,1.0,1.0,cell
Gemma4-12B,5000,30,query_last,0.9498111139645401,0.21336216609415332,0.0,0.0,cell
Gemma4-12B,5000,30,query_last,0.9498111139645401,0.21336216609415332,0.0,0.0,cell
Gemma4-12B,5000,30,query_last,0.9498111139645401,0.21336216609415332,0.0,0.0,cell
Gemma4-12B,5000,30,query_last,0.9498111139645401,0.21336216609415332,1.0,1.0,cell
Gemma4-12B,5000,30,query_last,0.9498111139645401,0.21336216609415332,0.0,0.0,cell
Gemma4-12B,5000,3,query_last,0.9398324905255162,0.8301400450079139,1.0,1.0,cell
Gemma4-12B,5000,3,query_last,0.9398324905255162,0.8301400450079139,1.0,1.0,cell
Gemma4-12B,5000,3,query_last,0.9398324905255162,0.8301400450079139,1.0,1.0,cell
Gemma4-12B,5000,3,query_last,0.9398324905255162,0.8301400450079139,1.0,1.0,cell
Gemma4-12B,5000,3,query_last,0.9398324905255162,0.8301400450079139,1.0,1.0,cell
Gemma4-12B,5000,4,query_last,0.9523609895145689,0.8226334982624205,1.0,1.0,cell
Gemma4-12B,5000,4,query_last,0.9523609895145689,0.8226334982624205,1.0,1.0,cell
Gemma4-12B,5000,4,query_last,0.9523609895145689,0.8226334982624205,1.0,1.0,cell
Gemma4-12B,5000,4,query_last,0.9523609895145689,0.8226334982624205,1.0,1.0,cell
Gemma4-12B,5000,4,query_last,0.9523609895145689,0.8226334982624205,0.0,0.0,cell
Gemma4-12B,5000,5,query_last,0.9346807364549233,0.7133726590083156,1.0,1.0,cell
Gemma4-12B,5000,5,query_last,0.9346807364549233,0.7133726590083156,1.0,1.0,cell
Gemma4-12B,5000,5,query_last,0.9346807364549233,0.7133726590083156,1.0,1.0,cell
Gemma4-12B,5000,5,query_last,0.9346807364549233,0.7133726590083156,1.0,0.0,cell
Gemma4-12B,5000,5,query_last,0.9346807364549233,0.7133726590083156,0.0,0.0,cell
Gemma4-12B,5000,6,query_last,0.940946948127532,0.6940501110009345,1.0,1.0,cell
Gemma4-12B,5000,6,query_last,0.940946948127532,0.6940501110009345,1.0,1.0,cell
Gemma4-12B,5000,6,query_last,0.940946948127532,0.6940501110009345,1.0,1.0,cell
Gemma4-12B,5000,6,query_last,0.940946948127532,0.6940501110009345,1.0,1.0,cell
Gemma4-12B,5000,6,query_last,0.940946948127532,0.6940501110009345,0.0,0.0,cell
Gemma4-12B,5000,8,query_last,0.9397603841433969,0.6083269629251885,1.0,1.0,cell
Gemma4-12B,5000,8,query_last,0.9397603841433969,0.6083269629251885,1.0,0.0,cell
Gemma4-12B,5000,8,query_last,0.9397603841433969,0.6083269629251885,1.0,1.0,cell
Gemma4-12B,5000,8,query_last,0.9397603841433969,0.6083269629251885,1.0,1.0,cell
Gemma4-12B,5000,8,query_last,0.9397603841433969,0.6083269629251885,1.0,1.0,cell
OLMo-Hybrid-7B,10000,10,query_first,0.5085839038969052,0.001157780181806778,0.0,1.0,cell
OLMo-Hybrid-7B,10000,10,query_first,0.5085839038969052,0.001157780181806778,1.0,0.0,cell
OLMo-Hybrid-7B,10000,10,query_first,0.5085839038969052,0.001157780181806778,0.0,0.0,cell
OLMo-Hybrid-7B,10000,10,query_first,0.5085839038969052,0.001157780181806778,0.0,1.0,cell
OLMo-Hybrid-7B,10000,10,query_first,0.5085839038969052,0.001157780181806778,0.0,0.0,cell
OLMo-Hybrid-7B,10000,1,query_first,0.2274667354156425,0.2274667354156425,1.0,1.0,cell
OLMo-Hybrid-7B,10000,1,query_first,0.2274667354156425,0.2274667354156425,1.0,1.0,cell
OLMo-Hybrid-7B,10000,1,query_first,0.2274667354156425,0.2274667354156425,1.0,1.0,cell
OLMo-Hybrid-7B,10000,1,query_first,0.2274667354156425,0.2274667354156425,1.0,1.0,cell
OLMo-Hybrid-7B,10000,1,query_first,0.2274667354156425,0.2274667354156425,1.0,1.0,cell
OLMo-Hybrid-7B,10000,20,query_first,0.6188012289137517,6.776779428283132e-05,0.0,0.0,cell
OLMo-Hybrid-7B,10000,20,query_first,0.6188012289137517,6.776779428283132e-05,0.0,0.0,cell
OLMo-Hybrid-7B,10000,20,query_first,0.6188012289137517,6.776779428283132e-05,0.0,0.0,cell
OLMo-Hybrid-7B,10000,20,query_first,0.6188012289137517,6.776779428283132e-05,1.0,0.0,cell
OLMo-Hybrid-7B,10000,20,query_first,0.6188012289137517,6.776779428283132e-05,0.0,0.0,cell
OLMo-Hybrid-7B,10000,2,query_first,0.27517173522504457,0.07571948386676203,0.0,1.0,cell
OLMo-Hybrid-7B,10000,2,query_first,0.27517173522504457,0.07571948386676203,0.0,1.0,cell
OLMo-Hybrid-7B,10000,2,query_first,0.27517173522504457,0.07571948386676203,0.0,0.0,cell
OLMo-Hybrid-7B,10000,2,query_first,0.27517173522504457,0.07571948386676203,0.0,1.0,cell
OLMo-Hybrid-7B,10000,2,query_first,0.27517173522504457,0.07571948386676203,0.0,1.0,cell
OLMo-Hybrid-7B,10000,30,query_first,0.5404499385338146,9.608689366312087e-09,0.0,0.0,cell
OLMo-Hybrid-7B,10000,30,query_first,0.5404499385338146,9.608689366312087e-09,0.0,0.0,cell
OLMo-Hybrid-7B,10000,30,query_first,0.5404499385338146,9.608689366312087e-09,0.0,0.0,cell
OLMo-Hybrid-7B,10000,30,query_first,0.5404499385338146,9.608689366312087e-09,0.0,0.0,cell
OLMo-Hybrid-7B,10000,30,query_first,0.5404499385338146,9.608689366312087e-09,1.0,0.0,cell
OLMo-Hybrid-7B,10000,3,query_first,0.35635947917087163,0.0452548309156455,1.0,1.0,cell
OLMo-Hybrid-7B,10000,3,query_first,0.35635947917087163,0.0452548309156455,0.0,1.0,cell
OLMo-Hybrid-7B,10000,3,query_first,0.35635947917087163,0.0452548309156455,0.0,0.0,cell
OLMo-Hybrid-7B,10000,3,query_first,0.35635947917087163,0.0452548309156455,0.0,1.0,cell
OLMo-Hybrid-7B,10000,3,query_first,0.35635947917087163,0.0452548309156455,1.0,0.0,cell
OLMo-Hybrid-7B,10000,4,query_first,0.43147255621442576,0.03465873525178509,0.0,0.0,cell
OLMo-Hybrid-7B,10000,4,query_first,0.43147255621442576,0.03465873525178509,0.0,1.0,cell
OLMo-Hybrid-7B,10000,4,query_first,0.43147255621442576,0.03465873525178509,0.0,0.0,cell
OLMo-Hybrid-7B,10000,4,query_first,0.43147255621442576,0.03465873525178509,0.0,0.0,cell
OLMo-Hybrid-7B,10000,4,query_first,0.43147255621442576,0.03465873525178509,1.0,0.0,cell
OLMo-Hybrid-7B,10000,5,query_first,0.3436941444486138,0.004795795605610126,1.0,0.0,cell
OLMo-Hybrid-7B,10000,5,query_first,0.3436941444486138,0.004795795605610126,0.0,1.0,cell
OLMo-Hybrid-7B,10000,5,query_first,0.3436941444486138,0.004795795605610126,0.0,0.0,cell
OLMo-Hybrid-7B,10000,5,query_first,0.3436941444486138,0.004795795605610126,1.0,0.0,cell
OLMo-Hybrid-7B,10000,5,query_first,0.3436941444486138,0.004795795605610126,0.0,0.0,cell
OLMo-Hybrid-7B,10000,6,query_first,0.4274508850929302,0.006099824277028954,0.0,1.0,cell
OLMo-Hybrid-7B,10000,6,query_first,0.4274508850929302,0.006099824277028954,1.0,0.0,cell
OLMo-Hybrid-7B,10000,6,query_first,0.4274508850929302,0.006099824277028954,0.0,0.0,cell
OLMo-Hybrid-7B,10000,6,query_first,0.4274508850929302,0.006099824277028954,0.0,0.0,cell
OLMo-Hybrid-7B,10000,6,query_first,0.4274508850929302,0.006099824277028954,1.0,0.0,cell
OLMo-Hybrid-7B,10000,8,query_first,0.4707867494285639,0.0024132029466826846,0.0,1.0,cell
OLMo-Hybrid-7B,10000,8,query_first,0.4707867494285639,0.0024132029466826846,0.0,1.0,cell
OLMo-Hybrid-7B,10000,8,query_first,0.4707867494285639,0.0024132029466826846,0.0,0.0,cell
OLMo-Hybrid-7B,10000,8,query_first,0.4707867494285639,0.0024132029466826846,0.0,0.0,cell
OLMo-Hybrid-7B,10000,8,query_first,0.4707867494285639,0.0024132029466826846,0.0,0.0,cell
OLMo-Hybrid-7B,2000,10,query_first,0.596958006522605,0.005746955233856269,1.0,0.0,cell
OLMo-Hybrid-7B,2000,10,query_first,0.596958006522605,0.005746955233856269,1.0,0.0,cell
OLMo-Hybrid-7B,2000,10,query_first,0.596958006522605,0.005746955233856269,1.0,0.0,cell
OLMo-Hybrid-7B,2000,10,query_first,0.596958006522605,0.005746955233856269,1.0,0.0,cell
OLMo-Hybrid-7B,2000,10,query_first,0.596958006522605,0.005746955233856269,0.0,1.0,cell
OLMo-Hybrid-7B,2000,1,query_first,0.41926425232295134,0.41926425232295134,1.0,1.0,cell
OLMo-Hybrid-7B,2000,1,query_first,0.41926425232295134,0.41926425232295134,1.0,1.0,cell
OLMo-Hybrid-7B,2000,1,query_first,0.41926425232295134,0.41926425232295134,1.0,1.0,cell
OLMo-Hybrid-7B,2000,1,query_first,0.41926425232295134,0.41926425232295134,0.0,1.0,cell
OLMo-Hybrid-7B,2000,1,query_first,0.41926425232295134,0.41926425232295134,0.0,1.0,cell
OLMo-Hybrid-7B,2000,20,query_first,0.7629042547512778,0.004460676617441288,1.0,1.0,cell
OLMo-Hybrid-7B,2000,20,query_first,0.7629042547512778,0.004460676617441288,0.0,0.0,cell
OLMo-Hybrid-7B,2000,20,query_first,0.7629042547512778,0.004460676617441288,1.0,0.0,cell
OLMo-Hybrid-7B,2000,20,query_first,0.7629042547512778,0.004460676617441288,1.0,1.0,cell
OLMo-Hybrid-7B,2000,20,query_first,0.7629042547512778,0.004460676617441288,1.0,1.0,cell
OLMo-Hybrid-7B,2000,2,query_first,0.5391735420904721,0.2907081084903861,0.0,1.0,cell
OLMo-Hybrid-7B,2000,2,query_first,0.5391735420904721,0.2907081084903861,0.0,1.0,cell
OLMo-Hybrid-7B,2000,2,query_first,0.5391735420904721,0.2907081084903861,0.0,0.0,cell
OLMo-Hybrid-7B,2000,2,query_first,0.5391735420904721,0.2907081084903861,0.0,1.0,cell
OLMo-Hybrid-7B,2000,2,query_first,0.5391735420904721,0.2907081084903861,1.0,1.0,cell
OLMo-Hybrid-7B,2000,30,query_first,0.8433734596658521,0.0060338970932432845,1.0,1.0,cell
OLMo-Hybrid-7B,2000,30,query_first,0.8433734596658521,0.0060338970932432845,1.0,1.0,cell
OLMo-Hybrid-7B,2000,30,query_first,0.8433734596658521,0.0060338970932432845,0.0,0.0,cell
OLMo-Hybrid-7B,2000,30,query_first,0.8433734596658521,0.0060338970932432845,0.0,0.0,cell
OLMo-Hybrid-7B,2000,30,query_first,0.8433734596658521,0.0060338970932432845,1.0,1.0,cell
OLMo-Hybrid-7B,2000,3,query_first,0.4623660674868911,0.09884571850656224,1.0,1.0,cell
OLMo-Hybrid-7B,2000,3,query_first,0.4623660674868911,0.09884571850656224,0.0,1.0,cell
OLMo-Hybrid-7B,2000,3,query_first,0.4623660674868911,0.09884571850656224,0.0,0.0,cell
OLMo-Hybrid-7B,2000,3,query_first,0.4623660674868911,0.09884571850656224,0.0,1.0,cell
OLMo-Hybrid-7B,2000,3,query_first,0.4623660674868911,0.09884571850656224,1.0,0.0,cell
OLMo-Hybrid-7B,2000,4,query_first,0.5824724073448929,0.11510691853943444,0.0,1.0,cell
OLMo-Hybrid-7B,2000,4,query_first,0.5824724073448929,0.11510691853943444,0.0,0.0,cell
OLMo-Hybrid-7B,2000,4,query_first,0.5824724073448929,0.11510691853943444,0.0,0.0,cell
OLMo-Hybrid-7B,2000,4,query_first,0.5824724073448929,0.11510691853943444,0.0,0.0,cell
OLMo-Hybrid-7B,2000,4,query_first,0.5824724073448929,0.11510691853943444,1.0,0.0,cell
OLMo-Hybrid-7B,2000,5,query_first,0.6417411338878914,0.10884272003469939,1.0,0.0,cell
OLMo-Hybrid-7B,2000,5,query_first,0.6417411338878914,0.10884272003469939,0.0,1.0,cell
OLMo-Hybrid-7B,2000,5,query_first,0.6417411338878914,0.10884272003469939,1.0,0.0,cell
OLMo-Hybrid-7B,2000,5,query_first,0.6417411338878914,0.10884272003469939,0.0,0.0,cell
OLMo-Hybrid-7B,2000,5,query_first,0.6417411338878914,0.10884272003469939,0.0,1.0,cell
OLMo-Hybrid-7B,2000,6,query_first,0.6468306810720401,0.07323921309964383,1.0,0.0,cell
OLMo-Hybrid-7B,2000,6,query_first,0.6468306810720401,0.07323921309964383,0.0,0.0,cell
OLMo-Hybrid-7B,2000,6,query_first,0.6468306810720401,0.07323921309964383,0.0,0.0,cell
OLMo-Hybrid-7B,2000,6,query_first,0.6468306810720401,0.07323921309964383,0.0,0.0,cell
OLMo-Hybrid-7B,2000,6,query_first,0.6468306810720401,0.07323921309964383,0.0,1.0,cell
OLMo-Hybrid-7B,2000,8,query_first,0.6925164386004964,0.0528981757701331,1.0,0.0,cell
OLMo-Hybrid-7B,2000,8,query_first,0.6925164386004964,0.0528981757701331,0.0,1.0,cell
OLMo-Hybrid-7B,2000,8,query_first,0.6925164386004964,0.0528981757701331,1.0,0.0,cell
OLMo-Hybrid-7B,2000,8,query_first,0.6925164386004964,0.0528981757701331,0.0,1.0,cell
OLMo-Hybrid-7B,2000,8,query_first,0.6925164386004964,0.0528981757701331,0.0,1.0,cell
OLMo-Hybrid-7B,5000,10,query_first,0.6188012289137517,0.008232119671313782,0.0,0.0,cell
OLMo-Hybrid-7B,5000,10,query_first,0.6188012289137517,0.008232119671313782,0.0,1.0,cell
OLMo-Hybrid-7B,5000,10,query_first,0.6188012289137517,0.008232119671313782,0.0,0.0,cell
OLMo-Hybrid-7B,5000,10,query_first,0.6188012289137517,0.008232119671313782,1.0,0.0,cell
OLMo-Hybrid-7B,5000,10,query_first,0.6188012289137517,0.008232119671313782,0.0,0.0,cell
OLMo-Hybrid-7B,5000,1,query_first,0.27517173522504457,0.27517173522504457,1.0,1.0,cell
OLMo-Hybrid-7B,5000,1,query_first,0.27517173522504457,0.27517173522504457,0.0,1.0,cell
OLMo-Hybrid-7B,5000,1,query_first,0.27517173522504457,0.27517173522504457,1.0,1.0,cell
OLMo-Hybrid-7B,5000,1,query_first,0.27517173522504457,0.27517173522504457,1.0,1.0,cell
OLMo-Hybrid-7B,5000,1,query_first,0.27517173522504457,0.27517173522504457,1.0,0.0,cell
OLMo-Hybrid-7B,5000,20,query_first,0.5724980630111742,1.4304755279891935e-05,1.0,0.0,cell
OLMo-Hybrid-7B,5000,20,query_first,0.5724980630111742,1.4304755279891935e-05,0.0,0.0,cell
OLMo-Hybrid-7B,5000,20,query_first,0.5724980630111742,1.4304755279891935e-05,1.0,0.0,cell
OLMo-Hybrid-7B,5000,20,query_first,0.5724980630111742,1.4304755279891935e-05,1.0,1.0,cell
OLMo-Hybrid-7B,5000,20,query_first,0.5724980630111742,1.4304755279891935e-05,0.0,0.0,cell
OLMo-Hybrid-7B,5000,2,query_first,0.3913284642998341,0.15313796697126653,0.0,1.0,cell
OLMo-Hybrid-7B,5000,2,query_first,0.3913284642998341,0.15313796697126653,0.0,1.0,cell
OLMo-Hybrid-7B,5000,2,query_first,0.3913284642998341,0.15313796697126653,1.0,0.0,cell
OLMo-Hybrid-7B,5000,2,query_first,0.3913284642998341,0.15313796697126653,0.0,1.0,cell
OLMo-Hybrid-7B,5000,2,query_first,0.3913284642998341,0.15313796697126653,0.0,1.0,cell
OLMo-Hybrid-7B,5000,30,query_first,0.711649886788918,3.698209740103218e-05,1.0,0.0,cell
OLMo-Hybrid-7B,5000,30,query_first,0.711649886788918,3.698209740103218e-05,0.0,0.0,cell
OLMo-Hybrid-7B,5000,30,query_first,0.711649886788918,3.698209740103218e-05,0.0,0.0,cell
OLMo-Hybrid-7B,5000,30,query_first,0.711649886788918,3.698209740103218e-05,1.0,1.0,cell
OLMo-Hybrid-7B,5000,30,query_first,0.711649886788918,3.698209740103218e-05,1.0,0.0,cell
OLMo-Hybrid-7B,5000,3,query_first,0.47893713499632223,0.10985897325086155,0.0,1.0,cell
OLMo-Hybrid-7B,5000,3,query_first,0.47893713499632223,0.10985897325086155,0.0,0.0,cell
OLMo-Hybrid-7B,5000,3,query_first,0.47893713499632223,0.10985897325086155,1.0,0.0,cell
OLMo-Hybrid-7B,5000,3,query_first,0.47893713499632223,0.10985897325086155,0.0,1.0,cell
OLMo-Hybrid-7B,5000,3,query_first,0.47893713499632223,0.10985897325086155,0.0,0.0,cell
OLMo-Hybrid-7B,5000,4,query_first,0.39301527380938744,0.023858202203842674,1.0,0.0,cell
OLMo-Hybrid-7B,5000,4,query_first,0.39301527380938744,0.023858202203842674,0.0,1.0,cell
OLMo-Hybrid-7B,5000,4,query_first,0.39301527380938744,0.023858202203842674,1.0,0.0,cell
OLMo-Hybrid-7B,5000,4,query_first,0.39301527380938744,0.023858202203842674,1.0,0.0,cell
OLMo-Hybrid-7B,5000,4,query_first,0.39301527380938744,0.023858202203842674,1.0,0.0,cell
OLMo-Hybrid-7B,5000,5,query_first,0.4932500889865095,0.029196840770435398,0.0,1.0,cell
OLMo-Hybrid-7B,5000,5,query_first,0.4932500889865095,0.029196840770435398,0.0,0.0,cell
OLMo-Hybrid-7B,5000,5,query_first,0.4932500889865095,0.029196840770435398,0.0,0.0,cell
OLMo-Hybrid-7B,5000,5,query_first,0.4932500889865095,0.029196840770435398,0.0,1.0,cell
OLMo-Hybrid-7B,5000,5,query_first,0.4932500889865095,0.029196840770435398,0.0,1.0,cell
OLMo-Hybrid-7B,5000,6,query_first,0.5329713534395016,0.02292045322957986,0.0,1.0,cell
OLMo-Hybrid-7B,5000,6,query_first,0.5329713534395016,0.02292045322957986,0.0,1.0,cell
OLMo-Hybrid-7B,5000,6,query_first,0.5329713534395016,0.02292045322957986,0.0,0.0,cell
OLMo-Hybrid-7B,5000,6,query_first,0.5329713534395016,0.02292045322957986,1.0,0.0,cell
OLMo-Hybrid-7B,5000,6,query_first,0.5329713534395016,0.02292045322957986,1.0,0.0,cell
OLMo-Hybrid-7B,5000,8,query_first,0.5691871081830474,0.01101641885044749,1.0,0.0,cell
OLMo-Hybrid-7B,5000,8,query_first,0.5691871081830474,0.01101641885044749,1.0,0.0,cell
OLMo-Hybrid-7B,5000,8,query_first,0.5691871081830474,0.01101641885044749,0.0,0.0,cell
OLMo-Hybrid-7B,5000,8,query_first,0.5691871081830474,0.01101641885044749,1.0,0.0,cell
OLMo-Hybrid-7B,5000,8,query_first,0.5691871081830474,0.01101641885044749,0.0,0.0,cell
OLMo-Hybrid-7B,10000,10,query_last,0.4355242945430302,0.0002455409091839668,0.0,0.0,cell
OLMo-Hybrid-7B,10000,10,query_last,0.4355242945430302,0.0002455409091839668,1.0,0.0,cell
OLMo-Hybrid-7B,10000,10,query_last,0.4355242945430302,0.0002455409091839668,0.0,0.0,cell
OLMo-Hybrid-7B,10000,10,query_last,0.4355242945430302,0.0002455409091839668,0.0,1.0,cell
OLMo-Hybrid-7B,10000,10,query_last,0.4355242945430302,0.0002455409091839668,0.0,0.0,cell
OLMo-Hybrid-7B,10000,1,query_last,0.19821475481929796,0.19821475481929796,1.0,1.0,cell
OLMo-Hybrid-7B,10000,1,query_last,0.19821475481929796,0.19821475481929796,1.0,1.0,cell
OLMo-Hybrid-7B,10000,1,query_last,0.19821475481929796,0.19821475481929796,0.0,0.0,cell
OLMo-Hybrid-7B,10000,1,query_last,0.19821475481929796,0.19821475481929796,1.0,1.0,cell
OLMo-Hybrid-7B,10000,1,query_last,0.19821475481929796,0.19821475481929796,1.0,1.0,cell
OLMo-Hybrid-7B,10000,20,query_last,0.5136050248785681,1.6314932466963784e-06,0.0,0.0,cell
OLMo-Hybrid-7B,10000,20,query_last,0.5136050248785681,1.6314932466963784e-06,0.0,0.0,cell
OLMo-Hybrid-7B,10000,20,query_last,0.5136050248785681,1.6314932466963784e-06,0.0,0.0,cell
OLMo-Hybrid-7B,10000,20,query_last,0.5136050248785681,1.6314932466963784e-06,0.0,0.0,cell
OLMo-Hybrid-7B,10000,20,query_last,0.5136050248785681,1.6314932466963784e-06,0.0,0.0,cell
OLMo-Hybrid-7B,10000,2,query_last,0.2271234258442006,0.05158505056720608,1.0,1.0,cell
OLMo-Hybrid-7B,10000,2,query_last,0.2271234258442006,0.05158505056720608,0.0,1.0,cell
OLMo-Hybrid-7B,10000,2,query_last,0.2271234258442006,0.05158505056720608,0.0,0.0,cell
OLMo-Hybrid-7B,10000,2,query_last,0.2271234258442006,0.05158505056720608,0.0,1.0,cell
OLMo-Hybrid-7B,10000,2,query_last,0.2271234258442006,0.05158505056720608,0.0,1.0,cell
OLMo-Hybrid-7B,10000,30,query_last,0.5524832167056399,1.860255887714598e-08,0.0,0.0,cell
OLMo-Hybrid-7B,10000,30,query_last,0.5524832167056399,1.860255887714598e-08,1.0,0.0,cell
OLMo-Hybrid-7B,10000,30,query_last,0.5524832167056399,1.860255887714598e-08,0.0,0.0,cell
OLMo-Hybrid-7B,10000,30,query_last,0.5524832167056399,1.860255887714598e-08,0.0,0.0,cell
OLMo-Hybrid-7B,10000,30,query_last,0.5524832167056399,1.860255887714598e-08,0.0,0.0,cell
OLMo-Hybrid-7B,10000,3,query_last,0.2921662762632009,0.024939644361982895,1.0,1.0,cell
OLMo-Hybrid-7B,10000,3,query_last,0.2921662762632009,0.024939644361982895,0.0,1.0,cell
OLMo-Hybrid-7B,10000,3,query_last,0.2921662762632009,0.024939644361982895,1.0,0.0,cell
OLMo-Hybrid-7B,10000,3,query_last,0.2921662762632009,0.024939644361982895,0.0,1.0,cell
OLMo-Hybrid-7B,10000,3,query_last,0.2921662762632009,0.024939644361982895,1.0,0.0,cell
OLMo-Hybrid-7B,10000,4,query_last,0.33051088807361106,0.011932819856617156,0.0,0.0,cell
OLMo-Hybrid-7B,10000,4,query_last,0.33051088807361106,0.011932819856617156,0.0,0.0,cell
OLMo-Hybrid-7B,10000,4,query_last,0.33051088807361106,0.011932819856617156,0.0,0.0,cell
OLMo-Hybrid-7B,10000,4,query_last,0.33051088807361106,0.011932819856617156,0.0,0.0,cell
OLMo-Hybrid-7B,10000,4,query_last,0.33051088807361106,0.011932819856617156,1.0,0.0,cell
OLMo-Hybrid-7B,10000,5,query_last,0.3547281702725497,0.00561666334750198,0.0,1.0,cell
OLMo-Hybrid-7B,10000,5,query_last,0.3547281702725497,0.00561666334750198,1.0,1.0,cell
OLMo-Hybrid-7B,10000,5,query_last,0.3547281702725497,0.00561666334750198,0.0,0.0,cell
OLMo-Hybrid-7B,10000,5,query_last,0.3547281702725497,0.00561666334750198,0.0,0.0,cell
OLMo-Hybrid-7B,10000,5,query_last,0.3547281702725497,0.00561666334750198,0.0,0.0,cell
OLMo-Hybrid-7B,10000,6,query_last,0.3853081208776191,0.003272268823510713,0.0,1.0,cell
OLMo-Hybrid-7B,10000,6,query_last,0.3853081208776191,0.003272268823510713,1.0,1.0,cell
OLMo-Hybrid-7B,10000,6,query_last,0.3853081208776191,0.003272268823510713,0.0,1.0,cell
OLMo-Hybrid-7B,10000,6,query_last,0.3853081208776191,0.003272268823510713,0.0,0.0,cell
OLMo-Hybrid-7B,10000,6,query_last,0.3853081208776191,0.003272268823510713,0.0,0.0,cell
OLMo-Hybrid-7B,10000,8,query_last,0.4077987694010675,0.0007648341783232315,1.0,0.0,cell
OLMo-Hybrid-7B,10000,8,query_last,0.4077987694010675,0.0007648341783232315,0.0,0.0,cell
OLMo-Hybrid-7B,10000,8,query_last,0.4077987694010675,0.0007648341783232315,0.0,0.0,cell
OLMo-Hybrid-7B,10000,8,query_last,0.4077987694010675,0.0007648341783232315,0.0,1.0,cell
OLMo-Hybrid-7B,10000,8,query_last,0.4077987694010675,0.0007648341783232315,0.0,0.0,cell
OLMo-Hybrid-7B,2000,10,query_last,0.6085832574803781,0.006969474038021743,0.0,1.0,cell
OLMo-Hybrid-7B,2000,10,query_last,0.6085832574803781,0.006969474038021743,0.0,0.0,cell
OLMo-Hybrid-7B,2000,10,query_last,0.6085832574803781,0.006969474038021743,0.0,0.0,cell
OLMo-Hybrid-7B,2000,10,query_last,0.6085832574803781,0.006969474038021743,1.0,1.0,cell
OLMo-Hybrid-7B,2000,10,query_last,0.6085832574803781,0.006969474038021743,0.0,0.0,cell
OLMo-Hybrid-7B,2000,1,query_last,0.34989968334789984,0.34989968334789984,1.0,1.0,cell
OLMo-Hybrid-7B,2000,1,query_last,0.34989968334789984,0.34989968334789984,1.0,1.0,cell
OLMo-Hybrid-7B,2000,1,query_last,0.34989968334789984,0.34989968334789984,1.0,1.0,cell
OLMo-Hybrid-7B,2000,1,query_last,0.34989968334789984,0.34989968334789984,0.0,1.0,cell
OLMo-Hybrid-7B,2000,1,query_last,0.34989968334789984,0.34989968334789984,1.0,1.0,cell
OLMo-Hybrid-7B,2000,20,query_last,0.7298476618204084,0.0018392654829779177,0.0,0.0,cell
OLMo-Hybrid-7B,2000,20,query_last,0.7298476618204084,0.0018392654829779177,0.0,0.0,cell
OLMo-Hybrid-7B,2000,20,query_last,0.7298476618204084,0.0018392654829779177,0.0,0.0,cell
OLMo-Hybrid-7B,2000,20,query_last,0.7298476618204084,0.0018392654829779177,0.0,0.0,cell
OLMo-Hybrid-7B,2000,20,query_last,0.7298476618204084,0.0018392654829779177,1.0,1.0,cell
OLMo-Hybrid-7B,2000,2,query_last,0.43216739698750917,0.18676865901895934,0.0,1.0,cell
OLMo-Hybrid-7B,2000,2,query_last,0.43216739698750917,0.18676865901895934,1.0,1.0,cell
OLMo-Hybrid-7B,2000,2,query_last,0.43216739698750917,0.18676865901895934,1.0,0.0,cell
OLMo-Hybrid-7B,2000,2,query_last,0.43216739698750917,0.18676865901895934,0.0,1.0,cell
OLMo-Hybrid-7B,2000,2,query_last,0.43216739698750917,0.18676865901895934,1.0,1.0,cell
OLMo-Hybrid-7B,2000,30,query_last,0.8065051228824546,0.0015783885091922366,0.0,0.0,cell
OLMo-Hybrid-7B,2000,30,query_last,0.8065051228824546,0.0015783885091922366,1.0,0.0,cell
OLMo-Hybrid-7B,2000,30,query_last,0.8065051228824546,0.0015783885091922366,0.0,0.0,cell
OLMo-Hybrid-7B,2000,30,query_last,0.8065051228824546,0.0015783885091922366,0.0,0.0,cell
OLMo-Hybrid-7B,2000,30,query_last,0.8065051228824546,0.0015783885091922366,1.0,1.0,cell
OLMo-Hybrid-7B,2000,3,query_last,0.4744557365086713,0.10680389860549955,1.0,0.0,cell
OLMo-Hybrid-7B,2000,3,query_last,0.4744557365086713,0.10680389860549955,1.0,1.0,cell
OLMo-Hybrid-7B,2000,3,query_last,0.4744557365086713,0.10680389860549955,0.0,0.0,cell
OLMo-Hybrid-7B,2000,3,query_last,0.4744557365086713,0.10680389860549955,0.0,1.0,cell
OLMo-Hybrid-7B,2000,3,query_last,0.4744557365086713,0.10680389860549955,1.0,1.0,cell
OLMo-Hybrid-7B,2000,4,query_last,0.5394459832685718,0.08468214588307148,1.0,1.0,cell
OLMo-Hybrid-7B,2000,4,query_last,0.5394459832685718,0.08468214588307148,0.0,0.0,cell
OLMo-Hybrid-7B,2000,4,query_last,0.5394459832685718,0.08468214588307148,0.0,0.0,cell
OLMo-Hybrid-7B,2000,4,query_last,0.5394459832685718,0.08468214588307148,0.0,0.0,cell
OLMo-Hybrid-7B,2000,4,query_last,0.5394459832685718,0.08468214588307148,1.0,0.0,cell
OLMo-Hybrid-7B,2000,5,query_last,0.5809909780799759,0.06619831612358851,0.0,0.0,cell
OLMo-Hybrid-7B,2000,5,query_last,0.5809909780799759,0.06619831612358851,0.0,1.0,cell
OLMo-Hybrid-7B,2000,5,query_last,0.5809909780799759,0.06619831612358851,0.0,0.0,cell
OLMo-Hybrid-7B,2000,5,query_last,0.5809909780799759,0.06619831612358851,0.0,1.0,cell
OLMo-Hybrid-7B,2000,5,query_last,0.5809909780799759,0.06619831612358851,1.0,1.0,cell
OLMo-Hybrid-7B,2000,6,query_last,0.5772394449825435,0.03699440124461244,1.0,0.0,cell
OLMo-Hybrid-7B,2000,6,query_last,0.5772394449825435,0.03699440124461244,0.0,1.0,cell
OLMo-Hybrid-7B,2000,6,query_last,0.5772394449825435,0.03699440124461244,0.0,0.0,cell
OLMo-Hybrid-7B,2000,6,query_last,0.5772394449825435,0.03699440124461244,0.0,1.0,cell
OLMo-Hybrid-7B,2000,6,query_last,0.5772394449825435,0.03699440124461244,0.0,0.0,cell
OLMo-Hybrid-7B,2000,8,query_last,0.5943266315307464,0.015566878294213724,0.0,0.0,cell
OLMo-Hybrid-7B,2000,8,query_last,0.5943266315307464,0.015566878294213724,0.0,0.0,cell
OLMo-Hybrid-7B,2000,8,query_last,0.5943266315307464,0.015566878294213724,0.0,0.0,cell
OLMo-Hybrid-7B,2000,8,query_last,0.5943266315307464,0.015566878294213724,1.0,0.0,cell
OLMo-Hybrid-7B,2000,8,query_last,0.5943266315307464,0.015566878294213724,1.0,1.0,cell
OLMo-Hybrid-7B,5000,10,query_last,0.5136050248785681,0.0012772992001470831,0.0,0.0,cell
OLMo-Hybrid-7B,5000,10,query_last,0.5136050248785681,0.0012772992001470831,1.0,1.0,cell
OLMo-Hybrid-7B,5000,10,query_last,0.5136050248785681,0.0012772992001470831,0.0,0.0,cell
OLMo-Hybrid-7B,5000,10,query_last,0.5136050248785681,0.0012772992001470831,1.0,1.0,cell
OLMo-Hybrid-7B,5000,10,query_last,0.5136050248785681,0.0012772992001470831,0.0,0.0,cell
OLMo-Hybrid-7B,5000,1,query_last,0.2271234258442006,0.2271234258442006,1.0,1.0,cell
OLMo-Hybrid-7B,5000,1,query_last,0.2271234258442006,0.2271234258442006,1.0,1.0,cell
OLMo-Hybrid-7B,5000,1,query_last,0.2271234258442006,0.2271234258442006,0.0,1.0,cell
OLMo-Hybrid-7B,5000,1,query_last,0.2271234258442006,0.2271234258442006,1.0,1.0,cell
OLMo-Hybrid-7B,5000,1,query_last,0.2271234258442006,0.2271234258442006,1.0,1.0,cell
OLMo-Hybrid-7B,5000,20,query_last,0.5843375788212759,2.1541519519891302e-05,0.0,0.0,cell
OLMo-Hybrid-7B,5000,20,query_last,0.5843375788212759,2.1541519519891302e-05,0.0,0.0,cell
OLMo-Hybrid-7B,5000,20,query_last,0.5843375788212759,2.1541519519891302e-05,0.0,0.0,cell
OLMo-Hybrid-7B,5000,20,query_last,0.5843375788212759,2.1541519519891302e-05,0.0,0.0,cell
OLMo-Hybrid-7B,5000,20,query_last,0.5843375788212759,2.1541519519891302e-05,0.0,0.0,cell
OLMo-Hybrid-7B,5000,2,query_last,0.32400707518328825,0.104980584768829,1.0,1.0,cell
OLMo-Hybrid-7B,5000,2,query_last,0.32400707518328825,0.104980584768829,0.0,1.0,cell
OLMo-Hybrid-7B,5000,2,query_last,0.32400707518328825,0.104980584768829,1.0,0.0,cell
OLMo-Hybrid-7B,5000,2,query_last,0.32400707518328825,0.104980584768829,0.0,1.0,cell
OLMo-Hybrid-7B,5000,2,query_last,0.32400707518328825,0.104980584768829,0.0,1.0,cell
OLMo-Hybrid-7B,5000,30,query_last,0.674496214095521,7.402620582642189e-06,0.0,0.0,cell
OLMo-Hybrid-7B,5000,30,query_last,0.674496214095521,7.402620582642189e-06,0.0,0.0,cell
OLMo-Hybrid-7B,5000,30,query_last,0.674496214095521,7.402620582642189e-06,0.0,0.0,cell
OLMo-Hybrid-7B,5000,30,query_last,0.674496214095521,7.402620582642189e-06,0.0,0.0,cell
OLMo-Hybrid-7B,5000,30,query_last,0.674496214095521,7.402620582642189e-06,0.0,0.0,cell
OLMo-Hybrid-7B,5000,3,query_last,0.3741787949995709,0.052388687261501,0.0,1.0,cell
OLMo-Hybrid-7B,5000,3,query_last,0.3741787949995709,0.052388687261501,0.0,0.0,cell
OLMo-Hybrid-7B,5000,3,query_last,0.3741787949995709,0.052388687261501,0.0,0.0,cell
OLMo-Hybrid-7B,5000,3,query_last,0.3741787949995709,0.052388687261501,0.0,1.0,cell
OLMo-Hybrid-7B,5000,3,query_last,0.3741787949995709,0.052388687261501,0.0,1.0,cell
OLMo-Hybrid-7B,5000,4,query_last,0.40465643360426484,0.026813024091826825,0.0,0.0,cell
OLMo-Hybrid-7B,5000,4,query_last,0.40465643360426484,0.026813024091826825,0.0,0.0,cell
OLMo-Hybrid-7B,5000,4,query_last,0.40465643360426484,0.026813024091826825,0.0,0.0,cell
OLMo-Hybrid-7B,5000,4,query_last,0.40465643360426484,0.026813024091826825,0.0,0.0,cell
OLMo-Hybrid-7B,5000,4,query_last,0.40465643360426484,0.026813024091826825,0.0,0.0,cell
OLMo-Hybrid-7B,5000,5,query_last,0.449715573384621,0.018394569827693382,0.0,0.0,cell
OLMo-Hybrid-7B,5000,5,query_last,0.449715573384621,0.018394569827693382,1.0,1.0,cell
OLMo-Hybrid-7B,5000,5,query_last,0.449715573384621,0.018394569827693382,0.0,0.0,cell
OLMo-Hybrid-7B,5000,5,query_last,0.449715573384621,0.018394569827693382,0.0,0.0,cell
OLMo-Hybrid-7B,5000,5,query_last,0.449715573384621,0.018394569827693382,0.0,0.0,cell
OLMo-Hybrid-7B,5000,6,query_last,0.4690373359958009,0.010647422485868257,0.0,0.0,cell
OLMo-Hybrid-7B,5000,6,query_last,0.4690373359958009,0.010647422485868257,1.0,1.0,cell
OLMo-Hybrid-7B,5000,6,query_last,0.4690373359958009,0.010647422485868257,0.0,0.0,cell
OLMo-Hybrid-7B,5000,6,query_last,0.4690373359958009,0.010647422485868257,0.0,1.0,cell
OLMo-Hybrid-7B,5000,6,query_last,0.4690373359958009,0.010647422485868257,0.0,0.0,cell
OLMo-Hybrid-7B,5000,8,query_last,0.4962124704726034,0.003675711319436046,1.0,0.0,cell
OLMo-Hybrid-7B,5000,8,query_last,0.4962124704726034,0.003675711319436046,1.0,1.0,cell
OLMo-Hybrid-7B,5000,8,query_last,0.4962124704726034,0.003675711319436046,1.0,0.0,cell
OLMo-Hybrid-7B,5000,8,query_last,0.4962124704726034,0.003675711319436046,0.0,0.0,cell
OLMo-Hybrid-7B,5000,8,query_last,0.4962124704726034,0.003675711319436046,0.0,0.0,cell
Llama3.1-8B,10000,10,query_first,0.9830901240588638,0.8432053100357441,1.0,1.0,cell
Llama3.1-8B,10000,10,query_first,0.9830901240588638,0.8432053100357441,1.0,1.0,cell
Llama3.1-8B,10000,10,query_first,0.9830901240588638,0.8432053100357441,1.0,0.0,cell
Llama3.1-8B,10000,10,query_first,0.9830901240588638,0.8432053100357441,0.0,0.0,cell
Llama3.1-8B,10000,10,query_first,0.9830901240588638,0.8432053100357441,1.0,0.0,cell
Llama3.1-8B,10000,1,query_first,0.9858158906009618,0.9858158906009618,1.0,0.0,cell
Llama3.1-8B,10000,1,query_first,0.9858158906009618,0.9858158906009618,1.0,0.0,cell
Llama3.1-8B,10000,1,query_first,0.9858158906009618,0.9858158906009618,1.0,1.0,cell
Llama3.1-8B,10000,1,query_first,0.9858158906009618,0.9858158906009618,1.0,0.0,cell
Llama3.1-8B,10000,1,query_first,0.9858158906009618,0.9858158906009618,1.0,0.0,cell
Llama3.1-8B,10000,20,query_first,0.9836363607018925,0.7189380780687126,1.0,1.0,cell
Llama3.1-8B,10000,20,query_first,0.9836363607018925,0.7189380780687126,1.0,1.0,cell
Llama3.1-8B,10000,20,query_first,0.9836363607018925,0.7189380780687126,0.0,0.0,cell
Llama3.1-8B,10000,20,query_first,0.9836363607018925,0.7189380780687126,1.0,0.0,cell
Llama3.1-8B,10000,20,query_first,0.9836363607018925,0.7189380780687126,0.0,0.0,cell
Llama3.1-8B,10000,2,query_first,0.9945408776273535,0.9891115572717867,1.0,0.0,cell
Llama3.1-8B,10000,2,query_first,0.9945408776273535,0.9891115572717867,1.0,0.0,cell
Llama3.1-8B,10000,2,query_first,0.9945408776273535,0.9891115572717867,1.0,0.0,cell
Llama3.1-8B,10000,2,query_first,0.9945408776273535,0.9891115572717867,1.0,0.0,cell
Llama3.1-8B,10000,2,query_first,0.9945408776273535,0.9891115572717867,1.0,0.0,cell
Llama3.1-8B,10000,30,query_first,0.98272666692725,0.5929010674657123,0.0,0.0,cell
Llama3.1-8B,10000,30,query_first,0.98272666692725,0.5929010674657123,0.0,0.0,cell
Llama3.1-8B,10000,30,query_first,0.98272666692725,0.5929010674657123,0.0,0.0,cell
Llama3.1-8B,10000,30,query_first,0.98272666692725,0.5929010674657123,1.0,1.0,cell
Llama3.1-8B,10000,30,query_first,0.98272666692725,0.5929010674657123,1.0,1.0,cell
Llama3.1-8B,10000,3,query_first,0.9858013478559974,0.958005986263379,1.0,0.0,cell
Llama3.1-8B,10000,3,query_first,0.9858013478559974,0.958005986263379,1.0,0.0,cell
Llama3.1-8B,10000,3,query_first,0.9858013478559974,0.958005986263379,1.0,0.0,cell
Llama3.1-8B,10000,3,query_first,0.9858013478559974,0.958005986263379,1.0,0.0,cell
Llama3.1-8B,10000,3,query_first,0.9858013478559974,0.958005986263379,1.0,0.0,cell
Llama3.1-8B,10000,4,query_first,0.9861292260229491,0.9456606564760085,1.0,0.0,cell
Llama3.1-8B,10000,4,query_first,0.9861292260229491,0.9456606564760085,1.0,0.0,cell
Llama3.1-8B,10000,4,query_first,0.9861292260229491,0.9456606564760085,1.0,0.0,cell
Llama3.1-8B,10000,4,query_first,0.9861292260229491,0.9456606564760085,1.0,0.0,cell
Llama3.1-8B,10000,4,query_first,0.9861292260229491,0.9456606564760085,1.0,0.0,cell
Llama3.1-8B,10000,5,query_first,0.9866279017469176,0.9349038872427815,1.0,0.0,cell
Llama3.1-8B,10000,5,query_first,0.9866279017469176,0.9349038872427815,1.0,0.0,cell
Llama3.1-8B,10000,5,query_first,0.9866279017469176,0.9349038872427815,1.0,0.0,cell
Llama3.1-8B,10000,5,query_first,0.9866279017469176,0.9349038872427815,1.0,1.0,cell
Llama3.1-8B,10000,5,query_first,0.9866279017469176,0.9349038872427815,1.0,0.0,cell
Llama3.1-8B,10000,6,query_first,0.9811736399014565,0.892226733883566,1.0,0.0,cell
Llama3.1-8B,10000,6,query_first,0.9811736399014565,0.892226733883566,1.0,0.0,cell
Llama3.1-8B,10000,6,query_first,0.9811736399014565,0.892226733883566,1.0,0.0,cell
Llama3.1-8B,10000,6,query_first,0.9811736399014565,0.892226733883566,1.0,1.0,cell
Llama3.1-8B,10000,6,query_first,0.9811736399014565,0.892226733883566,1.0,1.0,cell
Llama3.1-8B,10000,8,query_first,0.990828795761091,0.9289427669929644,1.0,0.0,cell
Llama3.1-8B,10000,8,query_first,0.990828795761091,0.9289427669929644,0.0,0.0,cell
Llama3.1-8B,10000,8,query_first,0.990828795761091,0.9289427669929644,0.0,0.0,cell
Llama3.1-8B,10000,8,query_first,0.990828795761091,0.9289427669929644,1.0,1.0,cell
Llama3.1-8B,10000,8,query_first,0.990828795761091,0.9289427669929644,1.0,0.0,cell
Llama3.1-8B,2000,10,query_first,0.9814225489157178,0.8290110512141916,1.0,0.0,cell
Llama3.1-8B,2000,10,query_first,0.9814225489157178,0.8290110512141916,1.0,1.0,cell
Llama3.1-8B,2000,10,query_first,0.9814225489157178,0.8290110512141916,1.0,0.0,cell
Llama3.1-8B,2000,10,query_first,0.9814225489157178,0.8290110512141916,1.0,0.0,cell
Llama3.1-8B,2000,10,query_first,0.9814225489157178,0.8290110512141916,1.0,1.0,cell
Llama3.1-8B,2000,1,query_first,0.9847077008366742,0.9847077008366742,1.0,0.0,cell
Llama3.1-8B,2000,1,query_first,0.9847077008366742,0.9847077008366742,1.0,0.0,cell
Llama3.1-8B,2000,1,query_first,0.9847077008366742,0.9847077008366742,1.0,0.0,cell
Llama3.1-8B,2000,1,query_first,0.9847077008366742,0.9847077008366742,1.0,1.0,cell
Llama3.1-8B,2000,1,query_first,0.9847077008366742,0.9847077008366742,1.0,0.0,cell
Llama3.1-8B,2000,20,query_first,0.9707304666728427,0.552043379740473,1.0,0.0,cell
Llama3.1-8B,2000,20,query_first,0.9707304666728427,0.552043379740473,1.0,1.0,cell
Llama3.1-8B,2000,20,query_first,0.9707304666728427,0.552043379740473,1.0,1.0,cell
Llama3.1-8B,2000,20,query_first,0.9707304666728427,0.552043379740473,1.0,0.0,cell
Llama3.1-8B,2000,20,query_first,0.9707304666728427,0.552043379740473,1.0,1.0,cell
Llama3.1-8B,2000,2,query_first,0.9847598717115381,0.969752004933325,1.0,0.0,cell
Llama3.1-8B,2000,2,query_first,0.9847598717115381,0.969752004933325,1.0,0.0,cell
Llama3.1-8B,2000,2,query_first,0.9847598717115381,0.969752004933325,1.0,0.0,cell
Llama3.1-8B,2000,2,query_first,0.9847598717115381,0.969752004933325,1.0,0.0,cell
Llama3.1-8B,2000,2,query_first,0.9847598717115381,0.969752004933325,1.0,0.0,cell
Llama3.1-8B,2000,30,query_first,0.972818263285609,0.43747320521045874,1.0,1.0,cell
Llama3.1-8B,2000,30,query_first,0.972818263285609,0.43747320521045874,1.0,1.0,cell
Llama3.1-8B,2000,30,query_first,0.972818263285609,0.43747320521045874,1.0,1.0,cell
Llama3.1-8B,2000,30,query_first,0.972818263285609,0.43747320521045874,1.0,1.0,cell
Llama3.1-8B,2000,30,query_first,0.972818263285609,0.43747320521045874,1.0,1.0,cell
Llama3.1-8B,2000,3,query_first,0.9843534050537875,0.9537908324258487,1.0,0.0,cell
Llama3.1-8B,2000,3,query_first,0.9843534050537875,0.9537908324258487,1.0,0.0,cell
Llama3.1-8B,2000,3,query_first,0.9843534050537875,0.9537908324258487,1.0,0.0,cell
Llama3.1-8B,2000,3,query_first,0.9843534050537875,0.9537908324258487,1.0,0.0,cell
Llama3.1-8B,2000,3,query_first,0.9843534050537875,0.9537908324258487,1.0,0.0,cell
Llama3.1-8B,2000,4,query_first,0.9772475384350062,0.9120493552932004,1.0,0.0,cell
Llama3.1-8B,2000,4,query_first,0.9772475384350062,0.9120493552932004,1.0,1.0,cell
Llama3.1-8B,2000,4,query_first,0.9772475384350062,0.9120493552932004,1.0,0.0,cell
Llama3.1-8B,2000,4,query_first,0.9772475384350062,0.9120493552932004,1.0,0.0,cell
Llama3.1-8B,2000,4,query_first,0.9772475384350062,0.9120493552932004,1.0,0.0,cell
Llama3.1-8B,2000,5,query_first,0.9859779000577154,0.9318283157572286,1.0,0.0,cell
Llama3.1-8B,2000,5,query_first,0.9859779000577154,0.9318283157572286,1.0,1.0,cell
Llama3.1-8B,2000,5,query_first,0.9859779000577154,0.9318283157572286,1.0,0.0,cell
Llama3.1-8B,2000,5,query_first,0.9859779000577154,0.9318283157572286,1.0,1.0,cell
Llama3.1-8B,2000,5,query_first,0.9859779000577154,0.9318283157572286,1.0,0.0,cell
Llama3.1-8B,2000,6,query_first,0.9801758615802703,0.88679659850027,1.0,0.0,cell
Llama3.1-8B,2000,6,query_first,0.9801758615802703,0.88679659850027,1.0,1.0,cell
Llama3.1-8B,2000,6,query_first,0.9801758615802703,0.88679659850027,1.0,0.0,cell
Llama3.1-8B,2000,6,query_first,0.9801758615802703,0.88679659850027,1.0,0.0,cell
Llama3.1-8B,2000,6,query_first,0.9801758615802703,0.88679659850027,1.0,0.0,cell
Llama3.1-8B,2000,8,query_first,0.9824315014612054,0.8677971842956339,1.0,0.0,cell
Llama3.1-8B,2000,8,query_first,0.9824315014612054,0.8677971842956339,1.0,0.0,cell
Llama3.1-8B,2000,8,query_first,0.9824315014612054,0.8677971842956339,1.0,1.0,cell
Llama3.1-8B,2000,8,query_first,0.9824315014612054,0.8677971842956339,1.0,0.0,cell
Llama3.1-8B,2000,8,query_first,0.9824315014612054,0.8677971842956339,1.0,0.0,cell
Llama3.1-8B,5000,10,query_first,0.9836363607018925,0.847902163028679,1.0,0.0,cell
Llama3.1-8B,5000,10,query_first,0.9836363607018925,0.847902163028679,1.0,1.0,cell
Llama3.1-8B,5000,10,query_first,0.9836363607018925,0.847902163028679,1.0,1.0,cell
Llama3.1-8B,5000,10,query_first,0.9836363607018925,0.847902163028679,1.0,1.0,cell
Llama3.1-8B,5000,10,query_first,0.9836363607018925,0.847902163028679,1.0,1.0,cell
Llama3.1-8B,5000,1,query_first,0.9945408776273535,0.9945408776273535,1.0,0.0,cell
Llama3.1-8B,5000,1,query_first,0.9945408776273535,0.9945408776273535,1.0,0.0,cell
Llama3.1-8B,5000,1,query_first,0.9945408776273535,0.9945408776273535,1.0,0.0,cell
Llama3.1-8B,5000,1,query_first,0.9945408776273535,0.9945408776273535,1.0,0.0,cell
Llama3.1-8B,5000,1,query_first,0.9945408776273535,0.9945408776273535,1.0,0.0,cell
Llama3.1-8B,5000,20,query_first,0.9820037037075279,0.6954445617125178,0.0,1.0,cell
Llama3.1-8B,5000,20,query_first,0.9820037037075279,0.6954445617125178,1.0,0.0,cell
Llama3.1-8B,5000,20,query_first,0.9820037037075279,0.6954445617125178,1.0,1.0,cell
Llama3.1-8B,5000,20,query_first,0.9820037037075279,0.6954445617125178,1.0,1.0,cell
Llama3.1-8B,5000,20,query_first,0.9820037037075279,0.6954445617125178,1.0,1.0,cell
Llama3.1-8B,5000,2,query_first,0.9851952840343398,0.9706097476835034,1.0,0.0,cell
Llama3.1-8B,5000,2,query_first,0.9851952840343398,0.9706097476835034,1.0,0.0,cell
Llama3.1-8B,5000,2,query_first,0.9851952840343398,0.9706097476835034,1.0,0.0,cell
Llama3.1-8B,5000,2,query_first,0.9851952840343398,0.9706097476835034,1.0,0.0,cell
Llama3.1-8B,5000,2,query_first,0.9851952840343398,0.9706097476835034,1.0,0.0,cell
Llama3.1-8B,5000,30,query_first,0.9729742790019222,0.4395828998961802,1.0,0.0,cell
Llama3.1-8B,5000,30,query_first,0.9729742790019222,0.4395828998961802,1.0,1.0,cell
Llama3.1-8B,5000,30,query_first,0.9729742790019222,0.4395828998961802,0.0,0.0,cell
Llama3.1-8B,5000,30,query_first,0.9729742790019222,0.4395828998961802,1.0,0.0,cell
Llama3.1-8B,5000,30,query_first,0.9729742790019222,0.4395828998961802,1.0,1.0,cell
Llama3.1-8B,5000,3,query_first,0.9855389147683927,0.95724108911808,1.0,0.0,cell
Llama3.1-8B,5000,3,query_first,0.9855389147683927,0.95724108911808,1.0,0.0,cell
Llama3.1-8B,5000,3,query_first,0.9855389147683927,0.95724108911808,1.0,0.0,cell
Llama3.1-8B,5000,3,query_first,0.9855389147683927,0.95724108911808,1.0,0.0,cell
Llama3.1-8B,5000,3,query_first,0.9855389147683927,0.95724108911808,1.0,0.0,cell
Llama3.1-8B,5000,4,query_first,0.9856977469187713,0.9440066538191405,1.0,0.0,cell
Llama3.1-8B,5000,4,query_first,0.9856977469187713,0.9440066538191405,1.0,0.0,cell
Llama3.1-8B,5000,4,query_first,0.9856977469187713,0.9440066538191405,1.0,0.0,cell
Llama3.1-8B,5000,4,query_first,0.9856977469187713,0.9440066538191405,1.0,0.0,cell
Llama3.1-8B,5000,4,query_first,0.9856977469187713,0.9440066538191405,1.0,0.0,cell
Llama3.1-8B,5000,5,query_first,0.979596304393055,0.9020605501593391,1.0,0.0,cell
Llama3.1-8B,5000,5,query_first,0.979596304393055,0.9020605501593391,1.0,0.0,cell
Llama3.1-8B,5000,5,query_first,0.979596304393055,0.9020605501593391,1.0,0.0,cell
Llama3.1-8B,5000,5,query_first,0.979596304393055,0.9020605501593391,1.0,1.0,cell
Llama3.1-8B,5000,5,query_first,0.979596304393055,0.9020605501593391,1.0,0.0,cell
Llama3.1-8B,5000,6,query_first,0.9893305697435332,0.9376668716815302,1.0,0.0,cell
Llama3.1-8B,5000,6,query_first,0.9893305697435332,0.9376668716815302,1.0,0.0,cell
Llama3.1-8B,5000,6,query_first,0.9893305697435332,0.9376668716815302,1.0,0.0,cell
Llama3.1-8B,5000,6,query_first,0.9893305697435332,0.9376668716815302,1.0,0.0,cell
Llama3.1-8B,5000,6,query_first,0.9893305697435332,0.9376668716815302,1.0,1.0,cell
Llama3.1-8B,5000,8,query_first,0.981898783974838,0.8640398591309094,1.0,0.0,cell
Llama3.1-8B,5000,8,query_first,0.981898783974838,0.8640398591309094,1.0,1.0,cell
Llama3.1-8B,5000,8,query_first,0.981898783974838,0.8640398591309094,1.0,0.0,cell
Llama3.1-8B,5000,8,query_first,0.981898783974838,0.8640398591309094,1.0,0.0,cell
Llama3.1-8B,5000,8,query_first,0.981898783974838,0.8640398591309094,1.0,1.0,cell
Llama3.1-8B,10000,10,query_last,0.7425821623056694,0.0509853174301756,0.0,0.0,cell
Llama3.1-8B,10000,10,query_last,0.7425821623056694,0.0509853174301756,1.0,0.0,cell
Llama3.1-8B,10000,10,query_last,0.7425821623056694,0.0509853174301756,1.0,1.0,cell
Llama3.1-8B,10000,10,query_last,0.7425821623056694,0.0509853174301756,1.0,1.0,cell
Llama3.1-8B,10000,10,query_last,0.7425821623056694,0.0509853174301756,1.0,1.0,cell
Llama3.1-8B,10000,1,query_last,0.8183511570800556,0.8183511570800556,1.0,1.0,cell
Llama3.1-8B,10000,1,query_last,0.8183511570800556,0.8183511570800556,1.0,1.0,cell
Llama3.1-8B,10000,1,query_last,0.8183511570800556,0.8183511570800556,0.0,0.0,cell
Llama3.1-8B,10000,1,query_last,0.8183511570800556,0.8183511570800556,1.0,1.0,cell
Llama3.1-8B,10000,1,query_last,0.8183511570800556,0.8183511570800556,1.0,1.0,cell
Llama3.1-8B,10000,20,query_last,0.7196051689941624,0.0013863902174791978,1.0,1.0,cell
Llama3.1-8B,10000,20,query_last,0.7196051689941624,0.0013863902174791978,0.0,0.0,cell
Llama3.1-8B,10000,20,query_last,0.7196051689941624,0.0013863902174791978,0.0,0.0,cell
Llama3.1-8B,10000,20,query_last,0.7196051689941624,0.0013863902174791978,1.0,1.0,cell
Llama3.1-8B,10000,20,query_last,0.7196051689941624,0.0013863902174791978,1.0,1.0,cell
Llama3.1-8B,10000,2,query_last,0.8523525258973279,0.726504828403555,1.0,1.0,cell
Llama3.1-8B,10000,2,query_last,0.8523525258973279,0.726504828403555,1.0,0.0,cell
Llama3.1-8B,10000,2,query_last,0.8523525258973279,0.726504828403555,1.0,1.0,cell
Llama3.1-8B,10000,2,query_last,0.8523525258973279,0.726504828403555,1.0,0.0,cell
Llama3.1-8B,10000,2,query_last,0.8523525258973279,0.726504828403555,1.0,0.0,cell
Llama3.1-8B,10000,30,query_last,0.7307313460587543,8.17960116377836e-05,0.0,0.0,cell
Llama3.1-8B,10000,30,query_last,0.7307313460587543,8.17960116377836e-05,0.0,0.0,cell
Llama3.1-8B,10000,30,query_last,0.7307313460587543,8.17960116377836e-05,0.0,0.0,cell
Llama3.1-8B,10000,30,query_last,0.7307313460587543,8.17960116377836e-05,0.0,0.0,cell
Llama3.1-8B,10000,30,query_last,0.7307313460587543,8.17960116377836e-05,0.0,0.0,cell
Llama3.1-8B,10000,3,query_last,0.7750305403394363,0.46553940704270647,1.0,0.0,cell
Llama3.1-8B,10000,3,query_last,0.7750305403394363,0.46553940704270647,1.0,0.0,cell
Llama3.1-8B,10000,3,query_last,0.7750305403394363,0.46553940704270647,1.0,0.0,cell
Llama3.1-8B,10000,3,query_last,0.7750305403394363,0.46553940704270647,0.0,0.0,cell
Llama3.1-8B,10000,3,query_last,0.7750305403394363,0.46553940704270647,1.0,0.0,cell
Llama3.1-8B,10000,4,query_last,0.7521874256450093,0.3201137110026981,1.0,0.0,cell
Llama3.1-8B,10000,4,query_last,0.7521874256450093,0.3201137110026981,1.0,0.0,cell
Llama3.1-8B,10000,4,query_last,0.7521874256450093,0.3201137110026981,1.0,0.0,cell
Llama3.1-8B,10000,4,query_last,0.7521874256450093,0.3201137110026981,1.0,0.0,cell
Llama3.1-8B,10000,4,query_last,0.7521874256450093,0.3201137110026981,1.0,0.0,cell
Llama3.1-8B,10000,5,query_last,0.7787319078719783,0.28637813041692234,1.0,0.0,cell
Llama3.1-8B,10000,5,query_last,0.7787319078719783,0.28637813041692234,1.0,0.0,cell
Llama3.1-8B,10000,5,query_last,0.7787319078719783,0.28637813041692234,0.0,0.0,cell
Llama3.1-8B,10000,5,query_last,0.7787319078719783,0.28637813041692234,1.0,1.0,cell
Llama3.1-8B,10000,5,query_last,0.7787319078719783,0.28637813041692234,1.0,0.0,cell
Llama3.1-8B,10000,6,query_last,0.7715986666061044,0.21103224099608564,1.0,0.0,cell
Llama3.1-8B,10000,6,query_last,0.7715986666061044,0.21103224099608564,1.0,0.0,cell
Llama3.1-8B,10000,6,query_last,0.7715986666061044,0.21103224099608564,1.0,0.0,cell
Llama3.1-8B,10000,6,query_last,0.7715986666061044,0.21103224099608564,1.0,1.0,cell
Llama3.1-8B,10000,6,query_last,0.7715986666061044,0.21103224099608564,1.0,0.0,cell
Llama3.1-8B,10000,8,query_last,0.7739327916765641,0.1287140588497427,1.0,0.0,cell
Llama3.1-8B,10000,8,query_last,0.7739327916765641,0.1287140588497427,1.0,0.0,cell
Llama3.1-8B,10000,8,query_last,0.7739327916765641,0.1287140588497427,0.0,0.0,cell
Llama3.1-8B,10000,8,query_last,0.7739327916765641,0.1287140588497427,1.0,0.0,cell
Llama3.1-8B,10000,8,query_last,0.7739327916765641,0.1287140588497427,1.0,1.0,cell
Llama3.1-8B,2000,10,query_last,0.7159019301254483,0.035361878945993505,1.0,0.0,cell
Llama3.1-8B,2000,10,query_last,0.7159019301254483,0.035361878945993505,0.0,1.0,cell
Llama3.1-8B,2000,10,query_last,0.7159019301254483,0.035361878945993505,0.0,0.0,cell
Llama3.1-8B,2000,10,query_last,0.7159019301254483,0.035361878945993505,0.0,0.0,cell
Llama3.1-8B,2000,10,query_last,0.7159019301254483,0.035361878945993505,0.0,0.0,cell
Llama3.1-8B,2000,1,query_last,0.7616279374095354,0.7616279374095354,0.0,1.0,cell
Llama3.1-8B,2000,1,query_last,0.7616279374095354,0.7616279374095354,0.0,0.0,cell
Llama3.1-8B,2000,1,query_last,0.7616279374095354,0.7616279374095354,1.0,1.0,cell
Llama3.1-8B,2000,1,query_last,0.7616279374095354,0.7616279374095354,0.0,1.0,cell
Llama3.1-8B,2000,1,query_last,0.7616279374095354,0.7616279374095354,0.0,1.0,cell
Llama3.1-8B,2000,20,query_last,0.6825185902871957,0.00048116020558983797,1.0,1.0,cell
Llama3.1-8B,2000,20,query_last,0.6825185902871957,0.00048116020558983797,0.0,1.0,cell
Llama3.1-8B,2000,20,query_last,0.6825185902871957,0.00048116020558983797,1.0,1.0,cell
Llama3.1-8B,2000,20,query_last,0.6825185902871957,0.00048116020558983797,1.0,1.0,cell
Llama3.1-8B,2000,20,query_last,0.6825185902871957,0.00048116020558983797,1.0,0.0,cell
Llama3.1-8B,2000,2,query_last,0.7339536433407904,0.5386879505732202,0.0,1.0,cell
Llama3.1-8B,2000,2,query_last,0.7339536433407904,0.5386879505732202,0.0,0.0,cell
Llama3.1-8B,2000,2,query_last,0.7339536433407904,0.5386879505732202,1.0,1.0,cell
Llama3.1-8B,2000,2,query_last,0.7339536433407904,0.5386879505732202,1.0,0.0,cell
Llama3.1-8B,2000,2,query_last,0.7339536433407904,0.5386879505732202,1.0,1.0,cell
Llama3.1-8B,2000,30,query_last,0.5314164387950344,5.7949479756014285e-09,1.0,1.0,cell
Llama3.1-8B,2000,30,query_last,0.5314164387950344,5.7949479756014285e-09,0.0,1.0,cell
Llama3.1-8B,2000,30,query_last,0.5314164387950344,5.7949479756014285e-09,1.0,1.0,cell
Llama3.1-8B,2000,30,query_last,0.5314164387950344,5.7949479756014285e-09,1.0,1.0,cell
Llama3.1-8B,2000,30,query_last,0.5314164387950344,5.7949479756014285e-09,0.0,0.0,cell
Llama3.1-8B,2000,3,query_last,0.750054091568678,0.4219662861055724,1.0,1.0,cell
Llama3.1-8B,2000,3,query_last,0.750054091568678,0.4219662861055724,0.0,0.0,cell
Llama3.1-8B,2000,3,query_last,0.750054091568678,0.4219662861055724,0.0,0.0,cell
Llama3.1-8B,2000,3,query_last,0.750054091568678,0.4219662861055724,0.0,1.0,cell
Llama3.1-8B,2000,3,query_last,0.750054091568678,0.4219662861055724,1.0,0.0,cell
Llama3.1-8B,2000,4,query_last,0.7357384694981134,0.29301770211078904,1.0,1.0,cell
Llama3.1-8B,2000,4,query_last,0.7357384694981134,0.29301770211078904,0.0,1.0,cell
Llama3.1-8B,2000,4,query_last,0.7357384694981134,0.29301770211078904,0.0,0.0,cell
Llama3.1-8B,2000,4,query_last,0.7357384694981134,0.29301770211078904,0.0,1.0,cell
Llama3.1-8B,2000,4,query_last,0.7357384694981134,0.29301770211078904,1.0,0.0,cell
Llama3.1-8B,2000,5,query_last,0.6902265877501971,0.1566601082160566,1.0,0.0,cell
Llama3.1-8B,2000,5,query_last,0.6902265877501971,0.1566601082160566,0.0,1.0,cell
Llama3.1-8B,2000,5,query_last,0.6902265877501971,0.1566601082160566,0.0,0.0,cell
Llama3.1-8B,2000,5,query_last,0.6902265877501971,0.1566601082160566,1.0,1.0,cell
Llama3.1-8B,2000,5,query_last,0.6902265877501971,0.1566601082160566,1.0,0.0,cell
Llama3.1-8B,2000,6,query_last,0.7104275928269138,0.12856386672212283,1.0,0.0,cell
Llama3.1-8B,2000,6,query_last,0.7104275928269138,0.12856386672212283,0.0,0.0,cell
Llama3.1-8B,2000,6,query_last,0.7104275928269138,0.12856386672212283,0.0,0.0,cell
Llama3.1-8B,2000,6,query_last,0.7104275928269138,0.12856386672212283,1.0,1.0,cell
Llama3.1-8B,2000,6,query_last,0.7104275928269138,0.12856386672212283,1.0,0.0,cell
Llama3.1-8B,2000,8,query_last,0.7047941002160988,0.060883285378424405,0.0,1.0,cell
Llama3.1-8B,2000,8,query_last,0.7047941002160988,0.060883285378424405,0.0,0.0,cell
Llama3.1-8B,2000,8,query_last,0.7047941002160988,0.060883285378424405,0.0,0.0,cell
Llama3.1-8B,2000,8,query_last,0.7047941002160988,0.060883285378424405,0.0,1.0,cell
Llama3.1-8B,2000,8,query_last,0.7047941002160988,0.060883285378424405,1.0,0.0,cell
Llama3.1-8B,5000,10,query_last,0.7196051689941624,0.03723426133924504,0.0,0.0,cell
Llama3.1-8B,5000,10,query_last,0.7196051689941624,0.03723426133924504,0.0,0.0,cell
Llama3.1-8B,5000,10,query_last,0.7196051689941624,0.03723426133924504,0.0,0.0,cell
Llama3.1-8B,5000,10,query_last,0.7196051689941624,0.03723426133924504,1.0,1.0,cell
Llama3.1-8B,5000,10,query_last,0.7196051689941624,0.03723426133924504,0.0,1.0,cell
Llama3.1-8B,5000,1,query_last,0.8523525258973279,0.8523525258973279,1.0,1.0,cell
Llama3.1-8B,5000,1,query_last,0.8523525258973279,0.8523525258973279,0.0,0.0,cell
Llama3.1-8B,5000,1,query_last,0.8523525258973279,0.8523525258973279,0.0,0.0,cell
Llama3.1-8B,5000,1,query_last,0.8523525258973279,0.8523525258973279,0.0,1.0,cell
Llama3.1-8B,5000,1,query_last,0.8523525258973279,0.8523525258973279,0.0,1.0,cell
Llama3.1-8B,5000,20,query_last,0.7224401987176938,0.001499816296698487,0.0,0.0,cell
Llama3.1-8B,5000,20,query_last,0.7224401987176938,0.001499816296698487,0.0,0.0,cell
Llama3.1-8B,5000,20,query_last,0.7224401987176938,0.001499816296698487,1.0,1.0,cell
Llama3.1-8B,5000,20,query_last,0.7224401987176938,0.001499816296698487,0.0,0.0,cell
Llama3.1-8B,5000,20,query_last,0.7224401987176938,0.001499816296698487,1.0,1.0,cell
Llama3.1-8B,5000,2,query_last,0.7675492120634428,0.5891317929392119,1.0,1.0,cell
Llama3.1-8B,5000,2,query_last,0.7675492120634428,0.5891317929392119,0.0,0.0,cell
Llama3.1-8B,5000,2,query_last,0.7675492120634428,0.5891317929392119,1.0,1.0,cell
Llama3.1-8B,5000,2,query_last,0.7675492120634428,0.5891317929392119,1.0,1.0,cell
Llama3.1-8B,5000,2,query_last,0.7675492120634428,0.5891317929392119,1.0,1.0,cell
Llama3.1-8B,5000,30,query_last,0.7000293058622065,2.2567666116484853e-05,0.0,0.0,cell
Llama3.1-8B,5000,30,query_last,0.7000293058622065,2.2567666116484853e-05,0.0,0.0,cell
Llama3.1-8B,5000,30,query_last,0.7000293058622065,2.2567666116484853e-05,0.0,0.0,cell
Llama3.1-8B,5000,30,query_last,0.7000293058622065,2.2567666116484853e-05,0.0,0.0,cell
Llama3.1-8B,5000,30,query_last,0.7000293058622065,2.2567666116484853e-05,0.0,0.0,cell
Llama3.1-8B,5000,3,query_last,0.7442233890874663,0.4122018570996986,1.0,0.0,cell
Llama3.1-8B,5000,3,query_last,0.7442233890874663,0.4122018570996986,1.0,0.0,cell
Llama3.1-8B,5000,3,query_last,0.7442233890874663,0.4122018570996986,1.0,0.0,cell
Llama3.1-8B,5000,3,query_last,0.7442233890874663,0.4122018570996986,0.0,0.0,cell
Llama3.1-8B,5000,3,query_last,0.7442233890874663,0.4122018570996986,1.0,0.0,cell
Llama3.1-8B,5000,4,query_last,0.7667592726762643,0.34564967034328964,1.0,0.0,cell
Llama3.1-8B,5000,4,query_last,0.7667592726762643,0.34564967034328964,0.0,0.0,cell
Llama3.1-8B,5000,4,query_last,0.7667592726762643,0.34564967034328964,1.0,0.0,cell
Llama3.1-8B,5000,4,query_last,0.7667592726762643,0.34564967034328964,0.0,0.0,cell
Llama3.1-8B,5000,4,query_last,0.7667592726762643,0.34564967034328964,1.0,0.0,cell
Llama3.1-8B,5000,5,query_last,0.7568144395027718,0.24828303616281466,1.0,0.0,cell
Llama3.1-8B,5000,5,query_last,0.7568144395027718,0.24828303616281466,0.0,1.0,cell
Llama3.1-8B,5000,5,query_last,0.7568144395027718,0.24828303616281466,1.0,0.0,cell
Llama3.1-8B,5000,5,query_last,0.7568144395027718,0.24828303616281466,0.0,1.0,cell
Llama3.1-8B,5000,5,query_last,0.7568144395027718,0.24828303616281466,1.0,0.0,cell
Llama3.1-8B,5000,6,query_last,0.7460822392743192,0.17247263940398805,1.0,0.0,cell
Llama3.1-8B,5000,6,query_last,0.7460822392743192,0.17247263940398805,1.0,1.0,cell
Llama3.1-8B,5000,6,query_last,0.7460822392743192,0.17247263940398805,1.0,0.0,cell
Llama3.1-8B,5000,6,query_last,0.7460822392743192,0.17247263940398805,1.0,0.0,cell
Llama3.1-8B,5000,6,query_last,0.7460822392743192,0.17247263940398805,1.0,0.0,cell
Llama3.1-8B,5000,8,query_last,0.7291153900966963,0.07986750599423517,1.0,0.0,cell
Llama3.1-8B,5000,8,query_last,0.7291153900966963,0.07986750599423517,0.0,1.0,cell
Llama3.1-8B,5000,8,query_last,0.7291153900966963,0.07986750599423517,0.0,0.0,cell
Llama3.1-8B,5000,8,query_last,0.7291153900966963,0.07986750599423517,0.0,1.0,cell
Llama3.1-8B,5000,8,query_last,0.7291153900966963,0.07986750599423517,1.0,0.0,cell
Llama3.2-3B,10000,10,query_first,0.6294146393761421,0.009758170414535207,0.0,0.0,cell
Llama3.2-3B,10000,10,query_first,0.6294146393761421,0.009758170414535207,0.0,0.0,cell
Llama3.2-3B,10000,10,query_first,0.6294146393761421,0.009758170414535207,0.0,0.0,cell
Llama3.2-3B,10000,10,query_first,0.6294146393761421,0.009758170414535207,1.0,0.0,cell
Llama3.2-3B,10000,10,query_first,0.6294146393761421,0.009758170414535207,0.0,0.0,cell
Llama3.2-3B,10000,1,query_first,0.23632640585456235,0.23632640585456235,0.0,0.0,cell
Llama3.2-3B,10000,1,query_first,0.23632640585456235,0.23632640585456235,0.0,0.0,cell
Llama3.2-3B,10000,1,query_first,0.23632640585456235,0.23632640585456235,1.0,1.0,cell
Llama3.2-3B,10000,1,query_first,0.23632640585456235,0.23632640585456235,1.0,1.0,cell
Llama3.2-3B,10000,1,query_first,0.23632640585456235,0.23632640585456235,1.0,1.0,cell
Llama3.2-3B,10000,20,query_first,0.7390265217773405,0.002361568177084287,0.0,0.0,cell
Llama3.2-3B,10000,20,query_first,0.7390265217773405,0.002361568177084287,0.0,0.0,cell
Llama3.2-3B,10000,20,query_first,0.7390265217773405,0.002361568177084287,0.0,0.0,cell
Llama3.2-3B,10000,20,query_first,0.7390265217773405,0.002361568177084287,0.0,0.0,cell
Llama3.2-3B,10000,20,query_first,0.7390265217773405,0.002361568177084287,0.0,0.0,cell
Llama3.2-3B,10000,2,query_first,0.45925137912099046,0.2109118292245317,0.0,0.0,cell
Llama3.2-3B,10000,2,query_first,0.45925137912099046,0.2109118292245317,0.0,0.0,cell
Llama3.2-3B,10000,2,query_first,0.45925137912099046,0.2109118292245317,1.0,0.0,cell
Llama3.2-3B,10000,2,query_first,0.45925137912099046,0.2109118292245317,0.0,0.0,cell
Llama3.2-3B,10000,2,query_first,0.45925137912099046,0.2109118292245317,0.0,0.0,cell
Llama3.2-3B,10000,30,query_first,0.7998556161975284,0.0012312548570520712,0.0,0.0,cell
Llama3.2-3B,10000,30,query_first,0.7998556161975284,0.0012312548570520712,0.0,0.0,cell
Llama3.2-3B,10000,30,query_first,0.7998556161975284,0.0012312548570520712,0.0,0.0,cell
Llama3.2-3B,10000,30,query_first,0.7998556161975284,0.0012312548570520712,0.0,0.0,cell
Llama3.2-3B,10000,30,query_first,0.7998556161975284,0.0012312548570520712,0.0,0.0,cell
Llama3.2-3B,10000,3,query_first,0.4257948233896313,0.07719712590026295,1.0,0.0,cell
Llama3.2-3B,10000,3,query_first,0.4257948233896313,0.07719712590026295,1.0,0.0,cell
Llama3.2-3B,10000,3,query_first,0.4257948233896313,0.07719712590026295,1.0,0.0,cell
Llama3.2-3B,10000,3,query_first,0.4257948233896313,0.07719712590026295,1.0,0.0,cell
Llama3.2-3B,10000,3,query_first,0.4257948233896313,0.07719712590026295,1.0,0.0,cell
Llama3.2-3B,10000,4,query_first,0.4905377180591893,0.05790147480870768,1.0,0.0,cell
Llama3.2-3B,10000,4,query_first,0.4905377180591893,0.05790147480870768,1.0,0.0,cell
Llama3.2-3B,10000,4,query_first,0.4905377180591893,0.05790147480870768,1.0,0.0,cell
Llama3.2-3B,10000,4,query_first,0.4905377180591893,0.05790147480870768,0.0,0.0,cell
Llama3.2-3B,10000,4,query_first,0.4905377180591893,0.05790147480870768,0.0,0.0,cell
Llama3.2-3B,10000,5,query_first,0.5349790689758198,0.04382116841054339,1.0,0.0,cell
Llama3.2-3B,10000,5,query_first,0.5349790689758198,0.04382116841054339,1.0,0.0,cell
Llama3.2-3B,10000,5,query_first,0.5349790689758198,0.04382116841054339,1.0,0.0,cell
Llama3.2-3B,10000,5,query_first,0.5349790689758198,0.04382116841054339,1.0,0.0,cell
Llama3.2-3B,10000,5,query_first,0.5349790689758198,0.04382116841054339,0.0,0.0,cell
Llama3.2-3B,10000,6,query_first,0.5643590118255936,0.03230968962922648,0.0,0.0,cell
Llama3.2-3B,10000,6,query_first,0.5643590118255936,0.03230968962922648,0.0,0.0,cell
Llama3.2-3B,10000,6,query_first,0.5643590118255936,0.03230968962922648,1.0,0.0,cell
Llama3.2-3B,10000,6,query_first,0.5643590118255936,0.03230968962922648,0.0,0.0,cell
Llama3.2-3B,10000,6,query_first,0.5643590118255936,0.03230968962922648,0.0,0.0,cell
Llama3.2-3B,10000,8,query_first,0.6237596396609766,0.022915965650764886,0.0,0.0,cell
Llama3.2-3B,10000,8,query_first,0.6237596396609766,0.022915965650764886,0.0,0.0,cell
Llama3.2-3B,10000,8,query_first,0.6237596396609766,0.022915965650764886,0.0,0.0,cell
Llama3.2-3B,10000,8,query_first,0.6237596396609766,0.022915965650764886,0.0,0.0,cell
Llama3.2-3B,10000,8,query_first,0.6237596396609766,0.022915965650764886,0.0,0.0,cell
Llama3.2-3B,2000,10,query_first,0.8507389643069636,0.19859268237862807,0.0,0.0,cell
Llama3.2-3B,2000,10,query_first,0.8507389643069636,0.19859268237862807,0.0,0.0,cell
Llama3.2-3B,2000,10,query_first,0.8507389643069636,0.19859268237862807,1.0,0.0,cell
Llama3.2-3B,2000,10,query_first,0.8507389643069636,0.19859268237862807,1.0,0.0,cell
Llama3.2-3B,2000,10,query_first,0.8507389643069636,0.19859268237862807,1.0,0.0,cell
Llama3.2-3B,2000,1,query_first,0.5131443566146193,0.5131443566146193,1.0,0.0,cell
Llama3.2-3B,2000,1,query_first,0.5131443566146193,0.5131443566146193,1.0,0.0,cell
Llama3.2-3B,2000,1,query_first,0.5131443566146193,0.5131443566146193,1.0,0.0,cell
Llama3.2-3B,2000,1,query_first,0.5131443566146193,0.5131443566146193,1.0,0.0,cell
Llama3.2-3B,2000,1,query_first,0.5131443566146193,0.5131443566146193,1.0,0.0,cell
Llama3.2-3B,2000,20,query_first,0.9246362734645117,0.2086500706108935,0.0,0.0,cell
Llama3.2-3B,2000,20,query_first,0.9246362734645117,0.2086500706108935,0.0,0.0,cell
Llama3.2-3B,2000,20,query_first,0.9246362734645117,0.2086500706108935,0.0,0.0,cell
Llama3.2-3B,2000,20,query_first,0.9246362734645117,0.2086500706108935,0.0,0.0,cell
Llama3.2-3B,2000,20,query_first,0.9246362734645117,0.2086500706108935,1.0,1.0,cell
Llama3.2-3B,2000,2,query_first,0.6402189660950057,0.4098803245477581,1.0,0.0,cell
Llama3.2-3B,2000,2,query_first,0.6402189660950057,0.4098803245477581,0.0,0.0,cell
Llama3.2-3B,2000,2,query_first,0.6402189660950057,0.4098803245477581,1.0,0.0,cell
Llama3.2-3B,2000,2,query_first,0.6402189660950057,0.4098803245477581,1.0,0.0,cell
Llama3.2-3B,2000,2,query_first,0.6402189660950057,0.4098803245477581,1.0,0.0,cell
Llama3.2-3B,2000,30,query_first,0.8721219268476268,0.016493627011162984,1.0,1.0,cell
Llama3.2-3B,2000,30,query_first,0.8721219268476268,0.016493627011162984,1.0,1.0,cell
Llama3.2-3B,2000,30,query_first,0.8721219268476268,0.016493627011162984,1.0,0.0,cell
Llama3.2-3B,2000,30,query_first,0.8721219268476268,0.016493627011162984,1.0,1.0,cell
Llama3.2-3B,2000,30,query_first,0.8721219268476268,0.016493627011162984,1.0,1.0,cell
Llama3.2-3B,2000,3,query_first,0.7117020597667677,0.3604912005420304,1.0,0.0,cell
Llama3.2-3B,2000,3,query_first,0.7117020597667677,0.3604912005420304,0.0,0.0,cell
Llama3.2-3B,2000,3,query_first,0.7117020597667677,0.3604912005420304,1.0,0.0,cell
Llama3.2-3B,2000,3,query_first,0.7117020597667677,0.3604912005420304,1.0,0.0,cell
Llama3.2-3B,2000,3,query_first,0.7117020597667677,0.3604912005420304,1.0,0.0,cell
Llama3.2-3B,2000,4,query_first,0.7722340726413764,0.35562791117900633,1.0,0.0,cell
Llama3.2-3B,2000,4,query_first,0.7722340726413764,0.35562791117900633,0.0,0.0,cell
Llama3.2-3B,2000,4,query_first,0.7722340726413764,0.35562791117900633,1.0,0.0,cell
Llama3.2-3B,2000,4,query_first,0.7722340726413764,0.35562791117900633,1.0,0.0,cell
Llama3.2-3B,2000,4,query_first,0.7722340726413764,0.35562791117900633,1.0,0.0,cell
Llama3.2-3B,2000,5,query_first,0.7417950657633167,0.22460514528468642,1.0,0.0,cell
Llama3.2-3B,2000,5,query_first,0.7417950657633167,0.22460514528468642,0.0,0.0,cell
Llama3.2-3B,2000,5,query_first,0.7417950657633167,0.22460514528468642,0.0,0.0,cell
Llama3.2-3B,2000,5,query_first,0.7417950657633167,0.22460514528468642,1.0,0.0,cell
Llama3.2-3B,2000,5,query_first,0.7417950657633167,0.22460514528468642,1.0,0.0,cell
Llama3.2-3B,2000,6,query_first,0.7834556043310502,0.2312524536320332,1.0,0.0,cell
Llama3.2-3B,2000,6,query_first,0.7834556043310502,0.2312524536320332,0.0,0.0,cell
Llama3.2-3B,2000,6,query_first,0.7834556043310502,0.2312524536320332,1.0,0.0,cell
Llama3.2-3B,2000,6,query_first,0.7834556043310502,0.2312524536320332,1.0,0.0,cell
Llama3.2-3B,2000,6,query_first,0.7834556043310502,0.2312524536320332,1.0,0.0,cell
Llama3.2-3B,2000,8,query_first,0.8183956382451454,0.20123635790848451,0.0,0.0,cell
Llama3.2-3B,2000,8,query_first,0.8183956382451454,0.20123635790848451,0.0,0.0,cell
Llama3.2-3B,2000,8,query_first,0.8183956382451454,0.20123635790848451,0.0,0.0,cell
Llama3.2-3B,2000,8,query_first,0.8183956382451454,0.20123635790848451,0.0,0.0,cell
Llama3.2-3B,2000,8,query_first,0.8183956382451454,0.20123635790848451,1.0,0.0,cell
Llama3.2-3B,5000,10,query_first,0.7390265217773405,0.04859596873285157,0.0,0.0,cell
Llama3.2-3B,5000,10,query_first,0.7390265217773405,0.04859596873285157,0.0,1.0,cell
Llama3.2-3B,5000,10,query_first,0.7390265217773405,0.04859596873285157,1.0,0.0,cell
Llama3.2-3B,5000,10,query_first,0.7390265217773405,0.04859596873285157,1.0,0.0,cell
Llama3.2-3B,5000,10,query_first,0.7390265217773405,0.04859596873285157,1.0,0.0,cell
Llama3.2-3B,5000,1,query_first,0.45925137912099046,0.45925137912099046,1.0,0.0,cell
Llama3.2-3B,5000,1,query_first,0.45925137912099046,0.45925137912099046,1.0,0.0,cell
Llama3.2-3B,5000,1,query_first,0.45925137912099046,0.45925137912099046,0.0,0.0,cell
Llama3.2-3B,5000,1,query_first,0.45925137912099046,0.45925137912099046,1.0,0.0,cell
Llama3.2-3B,5000,1,query_first,0.45925137912099046,0.45925137912099046,0.0,0.0,cell
Llama3.2-3B,5000,20,query_first,0.8299576426570481,0.024050193211013083,0.0,0.0,cell
Llama3.2-3B,5000,20,query_first,0.8299576426570481,0.024050193211013083,0.0,0.0,cell
Llama3.2-3B,5000,20,query_first,0.8299576426570481,0.024050193211013083,0.0,0.0,cell
Llama3.2-3B,5000,20,query_first,0.8299576426570481,0.024050193211013083,0.0,0.0,cell
Llama3.2-3B,5000,20,query_first,0.8299576426570481,0.024050193211013083,0.0,0.0,cell
Llama3.2-3B,5000,2,query_first,0.47476950079705615,0.22540607888708591,1.0,0.0,cell
Llama3.2-3B,5000,2,query_first,0.47476950079705615,0.22540607888708591,0.0,0.0,cell
Llama3.2-3B,5000,2,query_first,0.47476950079705615,0.22540607888708591,0.0,0.0,cell
Llama3.2-3B,5000,2,query_first,0.47476950079705615,0.22540607888708591,0.0,0.0,cell
Llama3.2-3B,5000,2,query_first,0.47476950079705615,0.22540607888708591,0.0,0.0,cell
Llama3.2-3B,5000,30,query_first,0.8907935496883906,0.031139519602311518,0.0,0.0,cell
Llama3.2-3B,5000,30,query_first,0.8907935496883906,0.031139519602311518,0.0,0.0,cell
Llama3.2-3B,5000,30,query_first,0.8907935496883906,0.031139519602311518,0.0,0.0,cell
Llama3.2-3B,5000,30,query_first,0.8907935496883906,0.031139519602311518,0.0,0.0,cell
Llama3.2-3B,5000,30,query_first,0.8907935496883906,0.031139519602311518,0.0,0.0,cell
Llama3.2-3B,5000,3,query_first,0.5582148266890294,0.17394185715747082,1.0,0.0,cell
Llama3.2-3B,5000,3,query_first,0.5582148266890294,0.17394185715747082,0.0,0.0,cell
Llama3.2-3B,5000,3,query_first,0.5582148266890294,0.17394185715747082,0.0,0.0,cell
Llama3.2-3B,5000,3,query_first,0.5582148266890294,0.17394185715747082,1.0,0.0,cell
Llama3.2-3B,5000,3,query_first,0.5582148266890294,0.17394185715747082,0.0,0.0,cell
Llama3.2-3B,5000,4,query_first,0.6146239370799726,0.14270456989429675,1.0,0.0,cell
Llama3.2-3B,5000,4,query_first,0.6146239370799726,0.14270456989429675,1.0,0.0,cell
Llama3.2-3B,5000,4,query_first,0.6146239370799726,0.14270456989429675,0.0,0.0,cell
Llama3.2-3B,5000,4,query_first,0.6146239370799726,0.14270456989429675,0.0,0.0,cell
Llama3.2-3B,5000,4,query_first,0.6146239370799726,0.14270456989429675,0.0,0.0,cell
Llama3.2-3B,5000,5,query_first,0.6608476497845917,0.12603952248682007,1.0,0.0,cell
Llama3.2-3B,5000,5,query_first,0.6608476497845917,0.12603952248682007,1.0,0.0,cell
Llama3.2-3B,5000,5,query_first,0.6608476497845917,0.12603952248682007,1.0,0.0,cell
Llama3.2-3B,5000,5,query_first,0.6608476497845917,0.12603952248682007,1.0,0.0,cell
Llama3.2-3B,5000,5,query_first,0.6608476497845917,0.12603952248682007,0.0,0.0,cell
Llama3.2-3B,5000,6,query_first,0.6684484038802624,0.08920872733633955,1.0,0.0,cell
Llama3.2-3B,5000,6,query_first,0.6684484038802624,0.08920872733633955,1.0,0.0,cell
Llama3.2-3B,5000,6,query_first,0.6684484038802624,0.08920872733633955,1.0,0.0,cell
Llama3.2-3B,5000,6,query_first,0.6684484038802624,0.08920872733633955,0.0,0.0,cell
Llama3.2-3B,5000,6,query_first,0.6684484038802624,0.08920872733633955,0.0,0.0,cell
Llama3.2-3B,5000,8,query_first,0.7012434293691719,0.058472335350906145,0.0,0.0,cell
Llama3.2-3B,5000,8,query_first,0.7012434293691719,0.058472335350906145,0.0,0.0,cell
Llama3.2-3B,5000,8,query_first,0.7012434293691719,0.058472335350906145,1.0,0.0,cell
Llama3.2-3B,5000,8,query_first,0.7012434293691719,0.058472335350906145,0.0,0.0,cell
Llama3.2-3B,5000,8,query_first,0.7012434293691719,0.058472335350906145,1.0,0.0,cell
Llama3.2-3B,10000,10,query_last,0.4368503998023319,0.00025312053229588214,0.0,0.0,cell
Llama3.2-3B,10000,10,query_last,0.4368503998023319,0.00025312053229588214,0.0,0.0,cell
Llama3.2-3B,10000,10,query_last,0.4368503998023319,0.00025312053229588214,0.0,0.0,cell
Llama3.2-3B,10000,10,query_last,0.4368503998023319,0.00025312053229588214,0.0,0.0,cell
Llama3.2-3B,10000,10,query_last,0.4368503998023319,0.00025312053229588214,0.0,0.0,cell
Llama3.2-3B,10000,1,query_last,0.10247189509486289,0.10247189509486289,0.0,0.0,cell
Llama3.2-3B,10000,1,query_last,0.10247189509486289,0.10247189509486289,0.0,0.0,cell
Llama3.2-3B,10000,1,query_last,0.10247189509486289,0.10247189509486289,0.0,0.0,cell
Llama3.2-3B,10000,1,query_last,0.10247189509486289,0.10247189509486289,0.0,0.0,cell
Llama3.2-3B,10000,1,query_last,0.10247189509486289,0.10247189509486289,1.0,0.0,cell
Llama3.2-3B,10000,20,query_last,0.5873206673318982,2.385094942808439e-05,0.0,0.0,cell
Llama3.2-3B,10000,20,query_last,0.5873206673318982,2.385094942808439e-05,0.0,0.0,cell
Llama3.2-3B,10000,20,query_last,0.5873206673318982,2.385094942808439e-05,0.0,0.0,cell
Llama3.2-3B,10000,20,query_last,0.5873206673318982,2.385094942808439e-05,0.0,0.0,cell
Llama3.2-3B,10000,20,query_last,0.5873206673318982,2.385094942808439e-05,0.0,0.0,cell
Llama3.2-3B,10000,2,query_last,0.2944649429513628,0.08670960262734934,0.0,0.0,cell
Llama3.2-3B,10000,2,query_last,0.2944649429513628,0.08670960262734934,0.0,0.0,cell
Llama3.2-3B,10000,2,query_last,0.2944649429513628,0.08670960262734934,0.0,0.0,cell
Llama3.2-3B,10000,2,query_last,0.2944649429513628,0.08670960262734934,0.0,0.0,cell
Llama3.2-3B,10000,2,query_last,0.2944649429513628,0.08670960262734934,1.0,0.0,cell
Llama3.2-3B,10000,30,query_last,0.6389002942362799,1.4554344291852443e-06,0.0,0.0,cell
Llama3.2-3B,10000,30,query_last,0.6389002942362799,1.4554344291852443e-06,0.0,0.0,cell
Llama3.2-3B,10000,30,query_last,0.6389002942362799,1.4554344291852443e-06,0.0,0.0,cell
Llama3.2-3B,10000,30,query_last,0.6389002942362799,1.4554344291852443e-06,0.0,0.0,cell
Llama3.2-3B,10000,30,query_last,0.6389002942362799,1.4554344291852443e-06,0.0,0.0,cell
Llama3.2-3B,10000,3,query_last,0.2529972720075689,0.016193753157445846,0.0,0.0,cell
Llama3.2-3B,10000,3,query_last,0.2529972720075689,0.016193753157445846,0.0,0.0,cell
Llama3.2-3B,10000,3,query_last,0.2529972720075689,0.016193753157445846,0.0,0.0,cell
Llama3.2-3B,10000,3,query_last,0.2529972720075689,0.016193753157445846,0.0,0.0,cell
Llama3.2-3B,10000,3,query_last,0.2529972720075689,0.016193753157445846,0.0,0.0,cell
Llama3.2-3B,10000,4,query_last,0.3261019941561518,0.011308729559141258,0.0,0.0,cell
Llama3.2-3B,10000,4,query_last,0.3261019941561518,0.011308729559141258,0.0,0.0,cell
Llama3.2-3B,10000,4,query_last,0.3261019941561518,0.011308729559141258,0.0,0.0,cell
Llama3.2-3B,10000,4,query_last,0.3261019941561518,0.011308729559141258,0.0,0.0,cell
Llama3.2-3B,10000,4,query_last,0.3261019941561518,0.011308729559141258,0.0,0.0,cell
Llama3.2-3B,10000,5,query_last,0.3374558060822844,0.004376072655058125,0.0,0.0,cell
Llama3.2-3B,10000,5,query_last,0.3374558060822844,0.004376072655058125,0.0,0.0,cell
Llama3.2-3B,10000,5,query_last,0.3374558060822844,0.004376072655058125,0.0,0.0,cell
Llama3.2-3B,10000,5,query_last,0.3374558060822844,0.004376072655058125,0.0,0.0,cell
Llama3.2-3B,10000,5,query_last,0.3374558060822844,0.004376072655058125,0.0,0.0,cell
Llama3.2-3B,10000,6,query_last,0.3233853602365359,0.0011437263640559049,0.0,0.0,cell
Llama3.2-3B,10000,6,query_last,0.3233853602365359,0.0011437263640559049,0.0,0.0,cell
Llama3.2-3B,10000,6,query_last,0.3233853602365359,0.0011437263640559049,0.0,0.0,cell
Llama3.2-3B,10000,6,query_last,0.3233853602365359,0.0011437263640559049,0.0,0.0,cell
Llama3.2-3B,10000,6,query_last,0.3233853602365359,0.0011437263640559049,0.0,0.0,cell
Llama3.2-3B,10000,8,query_last,0.44895277455957455,0.0016504610474403726,0.0,0.0,cell
Llama3.2-3B,10000,8,query_last,0.44895277455957455,0.0016504610474403726,0.0,0.0,cell
Llama3.2-3B,10000,8,query_last,0.44895277455957455,0.0016504610474403726,0.0,0.0,cell
Llama3.2-3B,10000,8,query_last,0.44895277455957455,0.0016504610474403726,0.0,0.0,cell
Llama3.2-3B,10000,8,query_last,0.44895277455957455,0.0016504610474403726,0.0,0.0,cell
Llama3.2-3B,2000,10,query_last,0.7161839518048273,0.035501430380569604,0.0,0.0,cell
Llama3.2-3B,2000,10,query_last,0.7161839518048273,0.035501430380569604,0.0,0.0,cell
Llama3.2-3B,2000,10,query_last,0.7161839518048273,0.035501430380569604,0.0,0.0,cell
Llama3.2-3B,2000,10,query_last,0.7161839518048273,0.035501430380569604,0.0,0.0,cell
Llama3.2-3B,2000,10,query_last,0.7161839518048273,0.035501430380569604,0.0,0.0,cell
Llama3.2-3B,2000,1,query_last,0.32495966022409584,0.32495966022409584,1.0,0.0,cell
Llama3.2-3B,2000,1,query_last,0.32495966022409584,0.32495966022409584,0.0,0.0,cell
Llama3.2-3B,2000,1,query_last,0.32495966022409584,0.32495966022409584,1.0,0.0,cell
Llama3.2-3B,2000,1,query_last,0.32495966022409584,0.32495966022409584,1.0,0.0,cell
Llama3.2-3B,2000,1,query_last,0.32495966022409584,0.32495966022409584,1.0,0.0,cell
Llama3.2-3B,2000,20,query_last,0.819053060999277,0.018460385010421795,1.0,0.0,cell
Llama3.2-3B,2000,20,query_last,0.819053060999277,0.018460385010421795,0.0,0.0,cell
Llama3.2-3B,2000,20,query_last,0.819053060999277,0.018460385010421795,0.0,0.0,cell
Llama3.2-3B,2000,20,query_last,0.819053060999277,0.018460385010421795,0.0,0.0,cell
Llama3.2-3B,2000,20,query_last,0.819053060999277,0.018460385010421795,1.0,1.0,cell
Llama3.2-3B,2000,2,query_last,0.47210392815047847,0.22288211897511215,1.0,0.0,cell
Llama3.2-3B,2000,2,query_last,0.47210392815047847,0.22288211897511215,1.0,0.0,cell
Llama3.2-3B,2000,2,query_last,0.47210392815047847,0.22288211897511215,1.0,0.0,cell
Llama3.2-3B,2000,2,query_last,0.47210392815047847,0.22288211897511215,0.0,0.0,cell
Llama3.2-3B,2000,2,query_last,0.47210392815047847,0.22288211897511215,1.0,0.0,cell
Llama3.2-3B,2000,30,query_last,0.7701949396037878,0.00039629612499087656,0.0,0.0,cell
Llama3.2-3B,2000,30,query_last,0.7701949396037878,0.00039629612499087656,0.0,1.0,cell
Llama3.2-3B,2000,30,query_last,0.7701949396037878,0.00039629612499087656,1.0,0.0,cell
Llama3.2-3B,2000,30,query_last,0.7701949396037878,0.00039629612499087656,1.0,1.0,cell
Llama3.2-3B,2000,30,query_last,0.7701949396037878,0.00039629612499087656,1.0,0.0,cell
Llama3.2-3B,2000,3,query_last,0.5222021395621107,0.14240195138497644,1.0,0.0,cell
Llama3.2-3B,2000,3,query_last,0.5222021395621107,0.14240195138497644,1.0,0.0,cell
Llama3.2-3B,2000,3,query_last,0.5222021395621107,0.14240195138497644,1.0,0.0,cell
Llama3.2-3B,2000,3,query_last,0.5222021395621107,0.14240195138497644,1.0,0.0,cell
Llama3.2-3B,2000,3,query_last,0.5222021395621107,0.14240195138497644,1.0,0.0,cell
Llama3.2-3B,2000,4,query_last,0.5557274898030397,0.09537784840094833,1.0,0.0,cell
Llama3.2-3B,2000,4,query_last,0.5557274898030397,0.09537784840094833,1.0,0.0,cell
Llama3.2-3B,2000,4,query_last,0.5557274898030397,0.09537784840094833,0.0,0.0,cell
Llama3.2-3B,2000,4,query_last,0.5557274898030397,0.09537784840094833,1.0,0.0,cell
Llama3.2-3B,2000,4,query_last,0.5557274898030397,0.09537784840094833,1.0,0.0,cell
Llama3.2-3B,2000,5,query_last,0.5853753732309882,0.06873409810858172,1.0,0.0,cell
Llama3.2-3B,2000,5,query_last,0.5853753732309882,0.06873409810858172,1.0,0.0,cell
Llama3.2-3B,2000,5,query_last,0.5853753732309882,0.06873409810858172,0.0,0.0,cell
Llama3.2-3B,2000,5,query_last,0.5853753732309882,0.06873409810858172,0.0,0.0,cell
Llama3.2-3B,2000,5,query_last,0.5853753732309882,0.06873409810858172,1.0,0.0,cell
Llama3.2-3B,2000,6,query_last,0.6229897913599541,0.0584636035717085,1.0,0.0,cell
Llama3.2-3B,2000,6,query_last,0.6229897913599541,0.0584636035717085,1.0,0.0,cell
Llama3.2-3B,2000,6,query_last,0.6229897913599541,0.0584636035717085,1.0,0.0,cell
Llama3.2-3B,2000,6,query_last,0.6229897913599541,0.0584636035717085,1.0,0.0,cell
Llama3.2-3B,2000,6,query_last,0.6229897913599541,0.0584636035717085,1.0,0.0,cell
Llama3.2-3B,2000,8,query_last,0.6937055024436362,0.053629174811422216,0.0,0.0,cell
Llama3.2-3B,2000,8,query_last,0.6937055024436362,0.053629174811422216,1.0,0.0,cell
Llama3.2-3B,2000,8,query_last,0.6937055024436362,0.053629174811422216,0.0,0.0,cell
Llama3.2-3B,2000,8,query_last,0.6937055024436362,0.053629174811422216,1.0,0.0,cell
Llama3.2-3B,2000,8,query_last,0.6937055024436362,0.053629174811422216,0.0,0.0,cell
Llama3.2-3B,5000,10,query_last,0.5873206673318982,0.004883743382701879,0.0,0.0,cell
Llama3.2-3B,5000,10,query_last,0.5873206673318982,0.004883743382701879,0.0,0.0,cell
Llama3.2-3B,5000,10,query_last,0.5873206673318982,0.004883743382701879,1.0,0.0,cell
Llama3.2-3B,5000,10,query_last,0.5873206673318982,0.004883743382701879,1.0,0.0,cell
Llama3.2-3B,5000,10,query_last,0.5873206673318982,0.004883743382701879,0.0,0.0,cell
Llama3.2-3B,5000,1,query_last,0.2944649429513628,0.2944649429513628,1.0,0.0,cell
Llama3.2-3B,5000,1,query_last,0.2944649429513628,0.2944649429513628,0.0,0.0,cell
Llama3.2-3B,5000,1,query_last,0.2944649429513628,0.2944649429513628,1.0,0.0,cell
Llama3.2-3B,5000,1,query_last,0.2944649429513628,0.2944649429513628,1.0,0.0,cell
Llama3.2-3B,5000,1,query_last,0.2944649429513628,0.2944649429513628,0.0,0.0,cell
Llama3.2-3B,5000,20,query_last,0.6836353565782244,0.0004971532851665125,1.0,0.0,cell
Llama3.2-3B,5000,20,query_last,0.6836353565782244,0.0004971532851665125,0.0,0.0,cell
Llama3.2-3B,5000,20,query_last,0.6836353565782244,0.0004971532851665125,0.0,0.0,cell
Llama3.2-3B,5000,20,query_last,0.6836353565782244,0.0004971532851665125,0.0,0.0,cell
Llama3.2-3B,5000,20,query_last,0.6836353565782244,0.0004971532851665125,0.0,0.0,cell
Llama3.2-3B,5000,2,query_last,0.29221123827580503,0.0853874077746793,1.0,0.0,cell
Llama3.2-3B,5000,2,query_last,0.29221123827580503,0.0853874077746793,1.0,0.0,cell
Llama3.2-3B,5000,2,query_last,0.29221123827580503,0.0853874077746793,1.0,0.0,cell
Llama3.2-3B,5000,2,query_last,0.29221123827580503,0.0853874077746793,1.0,0.0,cell
Llama3.2-3B,5000,2,query_last,0.29221123827580503,0.0853874077746793,0.0,0.0,cell
Llama3.2-3B,5000,30,query_last,0.7505865930341403,0.00018282015952186118,0.0,0.0,cell
Llama3.2-3B,5000,30,query_last,0.7505865930341403,0.00018282015952186118,0.0,0.0,cell
Llama3.2-3B,5000,30,query_last,0.7505865930341403,0.00018282015952186118,0.0,0.0,cell
Llama3.2-3B,5000,30,query_last,0.7505865930341403,0.00018282015952186118,0.0,0.0,cell
Llama3.2-3B,5000,30,query_last,0.7505865930341403,0.00018282015952186118,0.0,0.0,cell
Llama3.2-3B,5000,3,query_last,0.3883876385820083,0.05858631695322976,0.0,0.0,cell
Llama3.2-3B,5000,3,query_last,0.3883876385820083,0.05858631695322976,1.0,0.0,cell
Llama3.2-3B,5000,3,query_last,0.3883876385820083,0.05858631695322976,1.0,0.0,cell
Llama3.2-3B,5000,3,query_last,0.3883876385820083,0.05858631695322976,1.0,0.0,cell
Llama3.2-3B,5000,3,query_last,0.3883876385820083,0.05858631695322976,0.0,0.0,cell
Llama3.2-3B,5000,4,query_last,0.4138658114216994,0.02933852034703011,1.0,0.0,cell
Llama3.2-3B,5000,4,query_last,0.4138658114216994,0.02933852034703011,1.0,0.0,cell
Llama3.2-3B,5000,4,query_last,0.4138658114216994,0.02933852034703011,0.0,0.0,cell
Llama3.2-3B,5000,4,query_last,0.4138658114216994,0.02933852034703011,1.0,0.0,cell
Llama3.2-3B,5000,4,query_last,0.4138658114216994,0.02933852034703011,0.0,0.0,cell
Llama3.2-3B,5000,5,query_last,0.41822713964771935,0.012795611879002813,0.0,0.0,cell
Llama3.2-3B,5000,5,query_last,0.41822713964771935,0.012795611879002813,1.0,0.0,cell
Llama3.2-3B,5000,5,query_last,0.41822713964771935,0.012795611879002813,1.0,0.0,cell
Llama3.2-3B,5000,5,query_last,0.41822713964771935,0.012795611879002813,0.0,0.0,cell
Llama3.2-3B,5000,5,query_last,0.41822713964771935,0.012795611879002813,0.0,0.0,cell
Llama3.2-3B,5000,6,query_last,0.49768402975049664,0.015195753116183782,0.0,0.0,cell
Llama3.2-3B,5000,6,query_last,0.49768402975049664,0.015195753116183782,0.0,0.0,cell
Llama3.2-3B,5000,6,query_last,0.49768402975049664,0.015195753116183782,1.0,0.0,cell
Llama3.2-3B,5000,6,query_last,0.49768402975049664,0.015195753116183782,0.0,0.0,cell
Llama3.2-3B,5000,6,query_last,0.49768402975049664,0.015195753116183782,0.0,0.0,cell
Llama3.2-3B,5000,8,query_last,0.5173842517312472,0.005134588495040647,0.0,0.0,cell
Llama3.2-3B,5000,8,query_last,0.5173842517312472,0.005134588495040647,1.0,0.0,cell
Llama3.2-3B,5000,8,query_last,0.5173842517312472,0.005134588495040647,0.0,0.0,cell
Llama3.2-3B,5000,8,query_last,0.5173842517312472,0.005134588495040647,0.0,0.0,cell
Llama3.2-3B,5000,8,query_last,0.5173842517312472,0.005134588495040647,1.0,0.0,cell
