model_label,layer,mode,metric,estimand,estimate,jackknife_se,ci_low_normal,ci_high_normal,jackknife_seed_count
Gemma4-E4B,0,non_thinking,centroid_nearest_squared,quality_slope_per_index,13.319318181818186,43.765233021998384,-72.46053854129865,99.09917490493503,3
Gemma4-E4B,0,non_thinking,centroid_nearest_squared,quality_spearman,0.1223293072362623,0.4608162873841978,-0.7808706160367653,1.02552923050929,3
Gemma4-E4B,0,non_thinking,centroid_nearest_squared,late_8_10_minus_early_1_3,183.30051676432288,360.2227123156416,-522.7359993743347,889.3370329029805,3
Gemma4-E4B,0,non_thinking,class_nc1_ratio,quality_slope_per_index,0.5518717518318642,0.20454477310977753,0.15096399653670023,0.9527795071270282,3
Gemma4-E4B,0,non_thinking,class_nc1_ratio,quality_spearman,0.6727272727272726,0.37276970002976306,-0.057901339331063006,1.4033558847856082,3
Gemma4-E4B,0,non_thinking,class_nc1_ratio,late_8_10_minus_early_1_3,2.9493729064087866,1.4782360963725092,0.052030157518668574,5.846715655298905,3
Gemma4-E4B,0,non_thinking,fisher_nearest,quality_slope_per_index,0.04620656984221762,0.07989488751464043,-0.1103874096864776,0.20280054937091285,3
Gemma4-E4B,0,non_thinking,fisher_nearest,quality_spearman,0.6848484848484848,0.4566192870977508,-0.21012531786310673,1.5798222875600763,3
Gemma4-E4B,0,non_thinking,fisher_nearest,late_8_10_minus_early_1_3,0.3615593996411681,0.5693105081362292,-0.7542891963058411,1.4774079955881774,3
Gemma4-E4B,0,non_thinking,logistic_f1,quality_slope_per_index,0.029696969696969687,0.016797399049035763,-0.0032259324391404054,0.06261987183307978,3
Gemma4-E4B,0,non_thinking,logistic_f1,quality_spearman,0.4523838666339657,0.2253449501179441,0.010707764402795306,0.8940599688651361,3
Gemma4-E4B,0,non_thinking,logistic_f1,late_8_10_minus_early_1_3,0.24444444444444446,0.10183501544346311,0.04484781417525677,0.4440410747136322,3
Gemma4-E4B,0,non_thinking,logistic_precision,quality_slope_per_index,0.034343434343434336,0.015139829204737673,0.004669369102148498,0.06401749958472017,3
Gemma4-E4B,0,non_thinking,logistic_precision,quality_spearman,0.4523838666339657,0.2253449501179441,0.010707764402795306,0.8940599688651361,3
Gemma4-E4B,0,non_thinking,logistic_precision,late_8_10_minus_early_1_3,0.27777777777777773,0.09799078929868851,0.08571583075234826,0.46983972480320724,3
Gemma4-E4B,0,non_thinking,logistic_recall,quality_slope_per_index,0.02424242424242423,0.021851825911902965,-0.018587154544905584,0.06707200302975404,3
Gemma4-E4B,0,non_thinking,logistic_recall,quality_spearman,0.42640143271122083,0.2686320744612156,-0.10011743323276173,0.9529202986552034,3
Gemma4-E4B,0,non_thinking,logistic_recall,late_8_10_minus_early_1_3,0.2222222222222222,0.1111111111111111,0.004444444444444445,0.43999999999999995,3
Gemma4-E4B,0,non_thinking,mean_bhattacharyya,quality_slope_per_index,0.11820514499137703,0.2916244247339115,-0.4533787274870895,0.6897890174698436,3
Gemma4-E4B,0,non_thinking,mean_bhattacharyya,quality_spearman,0.6848484848484848,0.404040404040404,-0.10707070707070698,1.4767676767676767,3
Gemma4-E4B,0,non_thinking,mean_bhattacharyya,late_8_10_minus_early_1_3,0.7697728695692838,2.273941215963896,-3.687151913719952,5.22669765285852,3
Gemma4-E4B,0,non_thinking,min_bhattacharyya,quality_slope_per_index,0.2382669842604435,0.43567941694382467,-0.6156646729494529,1.09219864147034,3
Gemma4-E4B,0,non_thinking,min_bhattacharyya,quality_spearman,0.6116465361813115,0.3602671436554322,-0.09447706538333567,1.3177701377459585,3
Gemma4-E4B,0,non_thinking,min_bhattacharyya,late_8_10_minus_early_1_3,1.7336801091829934,3.0749771828338894,-4.29327516917143,7.760635387537416,3
Gemma4-E4B,0,non_thinking,nc2_class_cosine_deviation,quality_slope_per_index,0.0004726486578109905,0.005081073832034491,-0.009486256052976611,0.010431553368598592,3
Gemma4-E4B,0,non_thinking,nc2_class_cosine_deviation,quality_spearman,-0.04242424242424241,0.15417199214819322,-0.34460134703470113,0.2597528621862163,3
Gemma4-E4B,0,non_thinking,nc2_class_cosine_deviation,late_8_10_minus_early_1_3,0.030984377160806265,0.03502414076258682,-0.03766293873386391,0.09963169305547644,3
Gemma4-E4B,0,non_thinking,ncc_recall,quality_slope_per_index,-1.2730996043315927e-17,0.024493647783802298,-0.048007549656252514,0.048007549656252486,3
Gemma4-E4B,0,non_thinking,ncc_recall,quality_spearman,0.0,0.46901764712096555,-0.9192745883570924,0.9192745883570924,3
Gemma4-E4B,0,non_thinking,ncc_recall,late_8_10_minus_early_1_3,0.0,0.19245008972987526,-0.3772021758705555,0.3772021758705555,3
Gemma4-E4B,0,non_thinking,silhouette_cosine,quality_slope_per_index,0.002087848836725418,0.01803031960847576,-0.033251577595887066,0.03742727526933791,3
Gemma4-E4B,0,non_thinking,silhouette_cosine,quality_spearman,0.09090909090909088,0.4406078668352512,-0.7726823280880015,0.9545005099061832,3
Gemma4-E4B,0,non_thinking,silhouette_cosine,late_8_10_minus_early_1_3,-0.001954431335131346,0.1660512841765131,-0.327414948321097,0.32350608565083433,3
Gemma4-E4B,0,non_thinking,within_trace,quality_slope_per_index,323.94361905184667,217.57521294402932,-102.50379831845078,750.3910364221441,3
Gemma4-E4B,0,non_thinking,within_trace,quality_spearman,0.6606060606060605,0.2642065894831808,0.14276114521902616,1.178450975993095,3
Gemma4-E4B,0,non_thinking,within_trace,late_8_10_minus_early_1_3,2078.412434895833,1499.5137418751672,-860.6344991794945,5017.45936897116,3
Gemma4-E4B,0,native_thinking,centroid_nearest_squared,quality_slope_per_index,292.0522674495524,2.9795662470019293,286.2123176054286,297.8922172936762,3
Gemma4-E4B,0,native_thinking,centroid_nearest_squared,quality_spearman,-0.44985010232324774,0.06769349644137342,-0.5825293553483396,-0.31717084929815587,3
Gemma4-E4B,0,native_thinking,centroid_nearest_squared,late_8_10_minus_early_1_3,1780.8175233006477,18.413796691052113,1744.7264817861856,1816.90856481511,3
Gemma4-E4B,0,native_thinking,class_nc1_ratio,quality_slope_per_index,-0.001966814101560383,0.004025422182238148,-0.009856641578747152,0.005923013375626387,3
Gemma4-E4B,0,native_thinking,class_nc1_ratio,quality_spearman,-0.17575757575757575,0.5556987877803375,-1.2649271998070373,0.9134120482918857,3
Gemma4-E4B,0,native_thinking,class_nc1_ratio,late_8_10_minus_early_1_3,-0.020782074920543243,0.03260190242794399,-0.08468180367931347,0.04311765383822697,3
Gemma4-E4B,0,native_thinking,fisher_nearest,quality_slope_per_index,18.971891299080387,450.58596619394666,-864.176602441055,902.1203850392159,3
Gemma4-E4B,0,native_thinking,fisher_nearest,quality_spearman,-0.4545454545454545,0.11903773626388872,-0.6878594176226763,-0.2212314914682326,3
Gemma4-E4B,0,native_thinking,fisher_nearest,late_8_10_minus_early_1_3,115.21727062793232,2752.236591220741,-5279.166448164719,5509.6009894205845,3
Gemma4-E4B,0,native_thinking,logistic_f1,quality_slope_per_index,-0.03486291486291485,0.014037779631833421,-0.06237696294130836,-0.00734886678452135,3
Gemma4-E4B,0,native_thinking,logistic_f1,quality_spearman,-0.3178819766028754,0.14386551519804336,-0.5998583863910404,-0.035905566814710466,3
Gemma4-E4B,0,native_thinking,logistic_f1,late_8_10_minus_early_1_3,-0.31746031746031755,0.04857361869853338,-0.412664610109443,-0.2222560248111921,3
Gemma4-E4B,0,native_thinking,logistic_precision,quality_slope_per_index,-0.03585858585858585,0.01982819106307804,-0.0747218403422188,0.0030046686250471133,3
Gemma4-E4B,0,native_thinking,logistic_precision,quality_spearman,-0.3713336650909358,0.15386048403719316,-0.6729002138038344,-0.06976711637803723,3
Gemma4-E4B,0,native_thinking,logistic_precision,late_8_10_minus_early_1_3,-0.3055555555555556,0.07407407407407408,-0.4507407407407408,-0.16037037037037039,3
Gemma4-E4B,0,native_thinking,logistic_recall,quality_slope_per_index,-0.03434343434343434,0.011248008813798041,-0.056389531618478504,-0.012297337068390181,3
Gemma4-E4B,0,native_thinking,logistic_recall,quality_spearman,-0.30151134457776363,0.13210654074691458,-0.5604401644417162,-0.042582524713811076,3
Gemma4-E4B,0,native_thinking,logistic_recall,late_8_10_minus_early_1_3,-0.33333333333333337,7.850462293418876e-17,-0.33333333333333354,-0.3333333333333332,3
Gemma4-E4B,0,native_thinking,mean_bhattacharyya,quality_slope_per_index,162.87811937388352,1556.7249587791996,-2888.3027998333473,3214.0590385811147,3
Gemma4-E4B,0,native_thinking,mean_bhattacharyya,quality_spearman,-0.1515151515151515,0.6871538326722388,-1.4983366635527395,1.1953063605224368,3
Gemma4-E4B,0,native_thinking,mean_bhattacharyya,late_8_10_minus_early_1_3,980.9653763572377,9371.14036593294,-17386.469740871325,19348.400493585803,3
Gemma4-E4B,0,native_thinking,min_bhattacharyya,quality_slope_per_index,173.86018382527612,206.18399483820755,-230.2604460576107,577.9808137081629,3
Gemma4-E4B,0,native_thinking,min_bhattacharyya,quality_spearman,-0.44985010232324774,0.06343190413105874,-0.5741766344201229,-0.32552357022637257,3
Gemma4-E4B,0,native_thinking,min_bhattacharyya,late_8_10_minus_early_1_3,1060.0942496260009,1260.5539887836294,-1410.5915683899125,3530.7800676419142,3
Gemma4-E4B,0,native_thinking,nc2_class_cosine_deviation,quality_slope_per_index,-0.0354261524916765,0.0002491702849619441,-0.03591452625020191,-0.03493777873315109,3
Gemma4-E4B,0,native_thinking,nc2_class_cosine_deviation,quality_spearman,-0.2727272727272727,0.008080808080808058,-0.2885656565656565,-0.2568888888888889,3
Gemma4-E4B,0,native_thinking,nc2_class_cosine_deviation,late_8_10_minus_early_1_3,-0.24162254996076526,0.003481857446853229,-0.24844699055659758,-0.23479810936493295,3
Gemma4-E4B,0,native_thinking,ncc_recall,quality_slope_per_index,-0.0363636363636363,0.0,-0.0363636363636363,-0.0363636363636363,3
Gemma4-E4B,0,native_thinking,ncc_recall,quality_spearman,-0.21320071635561041,0.0,-0.21320071635561041,-0.21320071635561041,3
Gemma4-E4B,0,native_thinking,ncc_recall,late_8_10_minus_early_1_3,-0.3333333333333333,0.0,-0.3333333333333333,-0.3333333333333333,3
Gemma4-E4B,0,native_thinking,silhouette_cosine,quality_slope_per_index,-0.06409770539312645,0.0038847092992459367,-0.07171173561964848,-0.056483675166604415,3
Gemma4-E4B,0,native_thinking,silhouette_cosine,quality_spearman,-0.3939393939393939,0.08201124497044215,-0.5546814340814605,-0.2331973537973273,3
Gemma4-E4B,0,native_thinking,silhouette_cosine,late_8_10_minus_early_1_3,-0.540175586938858,0.04072126260484822,-0.6199892616443605,-0.46036191223335554,3
Gemma4-E4B,0,native_thinking,within_trace,quality_slope_per_index,-0.5450222246574634,1.0629787556265133,-2.6284605856854295,1.538416136370503,3
Gemma4-E4B,0,native_thinking,within_trace,quality_spearman,-0.5636363636363636,1.0628336395565021,-2.6467902971671076,1.5195175698943806,3
Gemma4-E4B,0,native_thinking,within_trace,late_8_10_minus_early_1_3,-4.009377797444661,7.1762827360658275,-18.074891960133684,10.05613636524436,3
Gemma4-E4B,1,non_thinking,centroid_nearest_squared,quality_slope_per_index,1.4417471220999247,22.77820660975427,-43.203537833018444,46.087032077218296,3
Gemma4-E4B,1,non_thinking,centroid_nearest_squared,quality_spearman,-0.042815257532691796,0.5203383404233418,-1.0626784047624418,0.9770478896970581,3
Gemma4-E4B,1,non_thinking,centroid_nearest_squared,late_8_10_minus_early_1_3,88.59758504231775,143.94118790436085,-193.52714325022953,370.722313334865,3
Gemma4-E4B,1,non_thinking,class_nc1_ratio,quality_slope_per_index,0.5529755786096511,0.24872759093599217,0.0654695003751064,1.0404816568441957,3
Gemma4-E4B,1,non_thinking,class_nc1_ratio,quality_spearman,0.6363636363636362,0.45274165100061214,-0.25100999959756354,1.5237372723248361,3
Gemma4-E4B,1,non_thinking,class_nc1_ratio,late_8_10_minus_early_1_3,3.3002519891889452,1.7422143620770139,-0.11448816048200205,6.714992138859893,3
Gemma4-E4B,1,non_thinking,fisher_nearest,quality_slope_per_index,0.04142992749131084,0.07193943369295805,-0.09957136254688695,0.1824312175295086,3
Gemma4-E4B,1,non_thinking,fisher_nearest,quality_spearman,0.6606060606060605,0.4893394701318038,-0.29849930085227483,1.619711422064396,3
Gemma4-E4B,1,non_thinking,fisher_nearest,late_8_10_minus_early_1_3,0.31902224334707385,0.501805391134664,-0.6645163232768677,1.3025608099710153,3
Gemma4-E4B,1,non_thinking,logistic_f1,quality_slope_per_index,0.010735930735930729,0.008966096687996368,-0.006837618772542154,0.028309480244403613,3
Gemma4-E4B,1,non_thinking,logistic_f1,quality_spearman,0.22473328748774735,0.132926962973478,-0.035803559940269514,0.4852701349157642,3
Gemma4-E4B,1,non_thinking,logistic_f1,late_8_10_minus_early_1_3,0.057142857142857134,0.05149428597077857,-0.043785943359868865,0.15807165764558312,3
Gemma4-E4B,1,non_thinking,logistic_precision,quality_slope_per_index,0.012121212121212118,0.0018998971016385,0.008397413802000658,0.01584501044042358,3
Gemma4-E4B,1,non_thinking,logistic_precision,quality_spearman,0.22473328748774735,0.09519021977657276,0.03816045672566476,0.41130611824982993,3
Gemma4-E4B,1,non_thinking,logistic_precision,late_8_10_minus_early_1_3,0.07142857142857142,0.0074074074074074086,0.056910052910052904,0.08594708994708994,3
Gemma4-E4B,1,non_thinking,logistic_recall,quality_slope_per_index,0.004040404040404018,0.028065543413029925,-0.050968061049134636,0.05904886912994267,3
Gemma4-E4B,1,non_thinking,logistic_recall,quality_spearman,0.22473328748774735,0.23507850840520916,-0.2360205889864626,0.6854871639619573,3
Gemma4-E4B,1,non_thinking,logistic_recall,late_8_10_minus_early_1_3,0.0,0.19245008972987526,-0.3772021758705555,0.3772021758705555,3
Gemma4-E4B,1,non_thinking,mean_bhattacharyya,quality_slope_per_index,0.07957298009082533,0.30745580540406087,-0.5230403985011339,0.6821863586827847,3
Gemma4-E4B,1,non_thinking,mean_bhattacharyya,quality_spearman,0.4787878787878787,0.45918618651071896,-0.4212170467731305,1.378792804348888,3
Gemma4-E4B,1,non_thinking,mean_bhattacharyya,late_8_10_minus_early_1_3,0.6069073743290372,2.452243284570789,-4.199489463429709,5.413304212087784,3
Gemma4-E4B,1,non_thinking,min_bhattacharyya,quality_slope_per_index,0.23231407512318009,0.4366335915073139,-0.6234877642311552,1.0881159144775152,3
Gemma4-E4B,1,non_thinking,min_bhattacharyya,quality_spearman,0.7095099819703212,0.51572701919676,-0.3013149756553284,1.7203349395959708,3
Gemma4-E4B,1,non_thinking,min_bhattacharyya,late_8_10_minus_early_1_3,1.7131656805674234,3.0957475019524603,-4.354499423259398,7.7808307843942455,3
Gemma4-E4B,1,non_thinking,nc2_class_cosine_deviation,quality_slope_per_index,-0.0024983648699943364,0.0062144127215860955,-0.014678613804303083,0.00968188406431441,3
Gemma4-E4B,1,non_thinking,nc2_class_cosine_deviation,quality_spearman,-0.17575757575757575,0.325346620431473,-0.8134369518032628,0.46192180028811125,3
Gemma4-E4B,1,non_thinking,nc2_class_cosine_deviation,late_8_10_minus_early_1_3,0.009474892307210936,0.03974211046074109,-0.0684196441958416,0.08736942881026347,3
Gemma4-E4B,1,non_thinking,ncc_recall,quality_slope_per_index,-1.2730996043315927e-17,0.024493647783802298,-0.048007549656252514,0.048007549656252486,3
Gemma4-E4B,1,non_thinking,ncc_recall,quality_spearman,0.0,0.46901764712096555,-0.9192745883570924,0.9192745883570924,3
Gemma4-E4B,1,non_thinking,ncc_recall,late_8_10_minus_early_1_3,0.0,0.19245008972987526,-0.3772021758705555,0.3772021758705555,3
Gemma4-E4B,1,non_thinking,silhouette_cosine,quality_slope_per_index,-0.005289961758888115,0.02241921622402972,-0.049231625557986367,0.03865170204021014,3
Gemma4-E4B,1,non_thinking,silhouette_cosine,quality_spearman,-0.17575757575757575,0.4211333889550022,-1.00117901810938,0.6496638665942285,3
Gemma4-E4B,1,non_thinking,silhouette_cosine,late_8_10_minus_early_1_3,-0.05021043121814728,0.1973246401339027,-0.43696672588059654,0.336545863444302,3
Gemma4-E4B,1,non_thinking,within_trace,quality_slope_per_index,289.43017948035026,200.1571599659279,-102.87785405286837,681.7382130135688,3
Gemma4-E4B,1,non_thinking,within_trace,quality_spearman,0.5878787878787878,0.21134055483833566,0.1736513003956499,1.0021062753619256,3
Gemma4-E4B,1,non_thinking,within_trace,late_8_10_minus_early_1_3,1843.2869873046875,1363.234600040085,-828.6528287738793,4515.226803383254,3
Gemma4-E4B,1,native_thinking,centroid_nearest_squared,quality_slope_per_index,308.5126825737233,9.672983032043293,289.55363583091844,327.4717293165281,3
Gemma4-E4B,1,native_thinking,centroid_nearest_squared,quality_spearman,0.18237166310401937,0.012195348666382074,0.1584687797179105,0.20627454649012822,3
Gemma4-E4B,1,native_thinking,centroid_nearest_squared,late_8_10_minus_early_1_3,1882.306137084961,56.12121174838948,1772.3085620581176,1992.3037121118043,3
Gemma4-E4B,1,native_thinking,class_nc1_ratio,quality_slope_per_index,0.001409604682318487,0.0023584066608603334,-0.0032128723729677668,0.006032081737604741,3
Gemma4-E4B,1,native_thinking,class_nc1_ratio,quality_spearman,-0.18787878787878787,0.20185852116035227,-0.5835214893530782,0.20776391359550256,3
Gemma4-E4B,1,native_thinking,class_nc1_ratio,late_8_10_minus_early_1_3,0.007186107276949932,0.01824146816685598,-0.028567170330087786,0.04293938488398765,3
Gemma4-E4B,1,native_thinking,fisher_nearest,quality_slope_per_index,11.926745490613634,96.70952369227867,-177.62392094625255,201.4774119274798,3
Gemma4-E4B,1,native_thinking,fisher_nearest,quality_spearman,0.1515151515151515,0.2326655361436439,-0.30450929932639054,0.6075396023566935,3
Gemma4-E4B,1,native_thinking,fisher_nearest,late_8_10_minus_early_1_3,72.60132423334097,589.195965033862,-1082.2227672330284,1227.4254156997106,3
Gemma4-E4B,1,native_thinking,logistic_f1,quality_slope_per_index,-0.012813852813852769,0.015871698168518515,-0.04392238122414906,0.018294675596443523,3
Gemma4-E4B,1,native_thinking,logistic_f1,quality_spearman,-0.4045199174779453,0.3338380018029874,-1.0588424010118005,0.24980256605590995,3
Gemma4-E4B,1,native_thinking,logistic_f1,late_8_10_minus_early_1_3,-0.11428571428571432,0.11851851851851845,-0.3465820105820105,0.11801058201058184,3
Gemma4-E4B,1,native_thinking,logistic_precision,quality_slope_per_index,-0.0075757575757575656,0.0071266028580864406,-0.02154389917760699,0.006392384026091857,3
Gemma4-E4B,1,native_thinking,logistic_precision,quality_spearman,-0.18993429409939655,0.15352206215727943,-0.4908375359276642,0.11096894772887111,3
Gemma4-E4B,1,native_thinking,logistic_precision,late_8_10_minus_early_1_3,-0.08333333333333337,0.07407407407407411,-0.22851851851851862,0.06185185185185188,3
Gemma4-E4B,1,native_thinking,logistic_recall,quality_slope_per_index,-0.014141414141414111,0.01761171290319464,-0.048660371431675606,0.02037754314884738,3
Gemma4-E4B,1,native_thinking,logistic_recall,quality_spearman,-0.26590801173915524,0.2529289702131094,-0.7616487933568497,0.22983276987853918,3
Gemma4-E4B,1,native_thinking,logistic_recall,late_8_10_minus_early_1_3,-0.11111111111111116,0.11111111111111109,-0.3288888888888889,0.10666666666666658,3
Gemma4-E4B,1,native_thinking,mean_bhattacharyya,quality_slope_per_index,89.80252991878626,370.2290833576931,-635.8464734622922,815.4515332998648,3
Gemma4-E4B,1,native_thinking,mean_bhattacharyya,quality_spearman,0.01818181818181818,0.3679208868794249,-0.7029431201018547,0.739306756465491,3
Gemma4-E4B,1,native_thinking,mean_bhattacharyya,late_8_10_minus_early_1_3,541.7919177523365,2211.455981978068,-3792.661806924677,4876.24564242935,3
Gemma4-E4B,1,native_thinking,min_bhattacharyya,quality_slope_per_index,43.49837318622705,81.54995969676695,-116.33954781943618,203.33629419189026,3
Gemma4-E4B,1,native_thinking,min_bhattacharyya,quality_spearman,-0.09146511499786562,0.13910777818727804,-0.3641163602449306,0.18118613024919933,3
Gemma4-E4B,1,native_thinking,min_bhattacharyya,late_8_10_minus_early_1_3,263.88112791379297,495.72072823719935,-707.7314994311178,1235.4937552587037,3
Gemma4-E4B,1,native_thinking,nc2_class_cosine_deviation,quality_slope_per_index,-0.022937277524972093,0.0032405583172380693,-0.02928877182675871,-0.016585783223185477,3
Gemma4-E4B,1,native_thinking,nc2_class_cosine_deviation,quality_spearman,-0.12727272727272726,0.01399637016217274,-0.15470561279058584,-0.0998398417548687,3
Gemma4-E4B,1,native_thinking,nc2_class_cosine_deviation,late_8_10_minus_early_1_3,-0.14760161264044508,0.02642691109037622,-0.19939835837758246,-0.0958048669033077,3
Gemma4-E4B,1,native_thinking,ncc_recall,quality_slope_per_index,-0.01616161616161615,0.00880585645159734,-0.03342109480674694,0.0010978624835146361,3
Gemma4-E4B,1,native_thinking,ncc_recall,quality_spearman,-0.26880189636329216,0.08915103455460377,-0.44353792409031556,-0.09406586863626878,3
Gemma4-E4B,1,native_thinking,ncc_recall,late_8_10_minus_early_1_3,-0.22222222222222232,0.11111111111111116,-0.44000000000000017,-0.004444444444444445,3
Gemma4-E4B,1,native_thinking,silhouette_cosine,quality_slope_per_index,-0.0028258122955307306,0.0061560269884331125,-0.014891625192859631,0.00924000060179817,3
Gemma4-E4B,1,native_thinking,silhouette_cosine,quality_spearman,0.05454545454545454,0.15731654411258003,-0.2537949719152023,0.3628858810061114,3
Gemma4-E4B,1,native_thinking,silhouette_cosine,late_8_10_minus_early_1_3,-0.038599525888760866,0.06376423768275476,-0.16357743174696018,0.08637837996943845,3
Gemma4-E4B,1,native_thinking,within_trace,quality_slope_per_index,3.372071029200692,3.0875117431078976,-2.6794519872907867,9.423594045692171,3
Gemma4-E4B,1,native_thinking,within_trace,quality_spearman,-0.309090909090909,0.3261484617472414,-0.9483418941155022,0.33016007593368407,3
Gemma4-E4B,1,native_thinking,within_trace,late_8_10_minus_early_1_3,20.295767784118652,19.456608362741918,-17.839184606855504,58.43072017509281,3
Gemma4-E4B,2,non_thinking,centroid_nearest_squared,quality_slope_per_index,-29.31047381776751,10.727738533862686,-50.33684134413838,-8.284106291396643,3
Gemma4-E4B,2,non_thinking,centroid_nearest_squared,quality_spearman,-0.8098769172646004,0.36923823111620985,-1.5335838502523718,-0.08616998427682909,3
Gemma4-E4B,2,non_thinking,centroid_nearest_squared,late_8_10_minus_early_1_3,-175.00095621744788,208.7898764400077,-584.2291140398629,234.2272016049672,3
Gemma4-E4B,2,non_thinking,class_nc1_ratio,quality_slope_per_index,0.3394923371038871,0.2484417687517287,-0.1474535296495011,0.8264382038572753,3
Gemma4-E4B,2,non_thinking,class_nc1_ratio,quality_spearman,0.5393939393939393,0.518873462842138,-0.47759804777665105,1.5563859265645297,3
Gemma4-E4B,2,non_thinking,class_nc1_ratio,late_8_10_minus_early_1_3,2.5704917722483214,1.6649238027595126,-0.6927588811603234,5.8337424256569665,3
Gemma4-E4B,2,non_thinking,fisher_nearest,quality_slope_per_index,0.017633357989373027,0.07274192090959483,-0.12494080699343284,0.16020752297217888,3
Gemma4-E4B,2,non_thinking,fisher_nearest,quality_spearman,0.309090909090909,0.6374625752492323,-0.9403357383975863,1.5585175565794045,3
Gemma4-E4B,2,non_thinking,fisher_nearest,late_8_10_minus_early_1_3,0.1283828588518142,0.4103208397137891,-0.6758459869872123,0.9326117046908408,3
Gemma4-E4B,2,non_thinking,logistic_f1,quality_slope_per_index,-0.014069264069264054,0.007182379327123695,-0.0281467275504265,8.199411898389061e-06,3
Gemma4-E4B,2,non_thinking,logistic_f1,quality_spearman,-0.29081003317657983,0.06108079914459647,-0.4105283994999889,-0.17109166685317073,3
Gemma4-E4B,2,non_thinking,logistic_f1,late_8_10_minus_early_1_3,-0.09523809523809523,0.08248539796785218,-0.2569094752550855,0.06643328477889504,3
Gemma4-E4B,2,non_thinking,logistic_precision,quality_slope_per_index,-0.011212121212121203,0.0056240044068989956,-0.022235169849643233,-0.00018907257459917226,3
Gemma4-E4B,2,non_thinking,logistic_precision,quality_spearman,-0.29081003317657983,0.06108079914459647,-0.4105283994999889,-0.17109166685317073,3
Gemma4-E4B,2,non_thinking,logistic_precision,late_8_10_minus_early_1_3,-0.08333333333333333,0.06676946806414795,-0.2142014907390633,0.04753482407239666,3
Gemma4-E4B,2,non_thinking,logistic_recall,quality_slope_per_index,-0.01818181818181816,0.010497277621629539,-0.03875648232021206,0.0023928459565757364,3
Gemma4-E4B,2,non_thinking,logistic_recall,quality_spearman,-0.3418817293789138,0.09690429356963158,-0.5318141447753917,-0.1519493139824359,3
Gemma4-E4B,2,non_thinking,logistic_recall,late_8_10_minus_early_1_3,-0.1111111111111111,0.1111111111111111,-0.3288888888888889,0.10666666666666666,3
Gemma4-E4B,2,non_thinking,mean_bhattacharyya,quality_slope_per_index,0.061517363204699034,0.2694182214547023,-0.4665423508465174,0.5895770772559155,3
Gemma4-E4B,2,non_thinking,mean_bhattacharyya,quality_spearman,0.18787878787878787,0.5744198530116496,-0.9379841240240453,1.313741699781621,3
Gemma4-E4B,2,non_thinking,mean_bhattacharyya,late_8_10_minus_early_1_3,0.4521424593748864,1.7114293991983225,-2.9022591630538255,3.8065440818035983,3
Gemma4-E4B,2,non_thinking,min_bhattacharyya,quality_slope_per_index,0.1308343959577156,0.3400165259031289,-0.5355979948124171,0.7972667867278483,3
Gemma4-E4B,2,non_thinking,min_bhattacharyya,quality_spearman,0.6219627819854863,0.5393936289286104,-0.43524873071459025,1.6791742946855628,3
Gemma4-E4B,2,non_thinking,min_bhattacharyya,late_8_10_minus_early_1_3,0.9291128714879353,2.0116053427693252,-3.0136336003399418,4.871859343315813,3
Gemma4-E4B,2,non_thinking,nc2_class_cosine_deviation,quality_slope_per_index,-0.008474986426869547,0.007588047037266237,-0.02334755861991137,0.0063975857661722774,3
Gemma4-E4B,2,non_thinking,nc2_class_cosine_deviation,quality_spearman,-0.33333333333333326,0.3255472659148878,-0.9714059745265133,0.3047393078598468,3
Gemma4-E4B,2,non_thinking,nc2_class_cosine_deviation,late_8_10_minus_early_1_3,-0.04008098153604406,0.0902887309555646,-0.21704689420895065,0.13688493113686254,3
Gemma4-E4B,2,non_thinking,ncc_recall,quality_slope_per_index,0.004040404040404031,0.021091528300829394,-0.03729899142922158,0.04537979951002964,3
Gemma4-E4B,2,non_thinking,ncc_recall,quality_spearman,0.08703882797784893,0.4024801524316251,-0.7018222707881363,0.8758999267438341,3
Gemma4-E4B,2,non_thinking,ncc_recall,late_8_10_minus_early_1_3,0.0,0.19245008972987526,-0.3772021758705555,0.3772021758705555,3
Gemma4-E4B,2,non_thinking,silhouette_cosine,quality_slope_per_index,0.001655128236972918,0.02382242372714135,-0.04503682226822413,0.048347078742169966,3
Gemma4-E4B,2,non_thinking,silhouette_cosine,quality_spearman,-0.04242424242424241,0.7616563502511953,-1.5352706889165852,1.4504222040681003,3
Gemma4-E4B,2,non_thinking,silhouette_cosine,late_8_10_minus_early_1_3,-0.0006872365872064856,0.1561605709243299,-0.3067619555988931,0.3053874824244801,3
Gemma4-E4B,2,non_thinking,within_trace,quality_slope_per_index,172.58676424893466,136.0932157887964,-94.15593869710634,439.3294671949757,3
Gemma4-E4B,2,non_thinking,within_trace,quality_spearman,0.6606060606060605,0.47056398744373873,-0.26169935478366735,1.5829114759957883,3
Gemma4-E4B,2,non_thinking,within_trace,late_8_10_minus_early_1_3,1171.2073364257812,741.2706639853498,-281.68316498550416,2624.0978378370664,3
Gemma4-E4B,2,native_thinking,centroid_nearest_squared,quality_slope_per_index,133.01660276470793,38.636038293572895,57.28996770930506,208.74323782011078,3
Gemma4-E4B,2,native_thinking,centroid_nearest_squared,quality_spearman,-0.4085441803237998,0.11177221678014933,-0.6276177252128925,-0.18947063543470713,3
Gemma4-E4B,2,native_thinking,centroid_nearest_squared,late_8_10_minus_early_1_3,797.8693777720134,236.40504519839652,334.51548918315626,1261.2232663608706,3
Gemma4-E4B,2,native_thinking,class_nc1_ratio,quality_slope_per_index,-0.13103754991948754,0.11025748389141905,-0.3471422183466689,0.0850671185076938,3
Gemma4-E4B,2,native_thinking,class_nc1_ratio,quality_spearman,-0.16363636363636364,0.3235352116229107,-0.7977653784172687,0.47049265114454136,3
Gemma4-E4B,2,native_thinking,class_nc1_ratio,late_8_10_minus_early_1_3,-1.2710968136950376,1.0599623978234867,-3.3486231134290714,0.8064294860389962,3
Gemma4-E4B,2,native_thinking,fisher_nearest,quality_slope_per_index,-2.082834661682505,26.54990612179169,-54.12065066039421,49.9549813370292,3
Gemma4-E4B,2,native_thinking,fisher_nearest,quality_spearman,-0.5151515151515151,0.19661454643388182,-0.9005160261619235,-0.12978700414110678,3
Gemma4-E4B,2,native_thinking,fisher_nearest,late_8_10_minus_early_1_3,-12.743042553172177,154.0280280705001,-314.6379775713524,289.151892465008,3
Gemma4-E4B,2,native_thinking,logistic_f1,quality_slope_per_index,0.0045021645021645195,0.004848484848484887,-0.005000865800865858,0.014005194805194897,3
Gemma4-E4B,2,native_thinking,logistic_f1,quality_spearman,0.18164975363768868,0.0,0.18164975363768868,0.18164975363768868,3
Gemma4-E4B,2,native_thinking,logistic_f1,late_8_10_minus_early_1_3,0.0,0.0,0.0,0.0,3
Gemma4-E4B,2,native_thinking,logistic_precision,quality_slope_per_index,0.0015151515151515288,0.001346801346801374,-0.001124579124579164,0.004154882154882222,3
Gemma4-E4B,2,native_thinking,logistic_precision,quality_spearman,0.058025885318565944,0.0,0.058025885318565944,0.058025885318565944,3
Gemma4-E4B,2,native_thinking,logistic_precision,late_8_10_minus_early_1_3,0.0,0.0,0.0,0.0,3
Gemma4-E4B,2,native_thinking,logistic_recall,quality_slope_per_index,0.006060606060606081,0.006060606060606085,-0.005818181818181845,0.01793939393939401,3
Gemma4-E4B,2,native_thinking,logistic_recall,quality_spearman,0.1740776559556978,0.0,0.1740776559556978,0.1740776559556978,3
Gemma4-E4B,2,native_thinking,logistic_recall,late_8_10_minus_early_1_3,0.0,0.0,0.0,0.0,3
Gemma4-E4B,2,native_thinking,mean_bhattacharyya,quality_slope_per_index,0.5271188015689026,96.73876727903092,-189.08086506533172,190.1351026684695,3
Gemma4-E4B,2,native_thinking,mean_bhattacharyya,quality_spearman,0.13939393939393938,0.07792849099792286,-0.013345902961989425,0.29213378174986815,3
Gemma4-E4B,2,native_thinking,mean_bhattacharyya,late_8_10_minus_early_1_3,3.2152919675465057,518.1349390846416,-1012.3291886383511,1018.759772573444,3
Gemma4-E4B,2,native_thinking,min_bhattacharyya,quality_slope_per_index,0.6844595278754426,92.08820056965806,-179.80841358865433,181.17733264440523,3
Gemma4-E4B,2,native_thinking,min_bhattacharyya,quality_spearman,-0.4085441803237998,0.15511494890412986,-0.7125694801758944,-0.10451888047170527,3
Gemma4-E4B,2,native_thinking,min_bhattacharyya,late_8_10_minus_early_1_3,4.064926981925964,529.9248489085617,-1034.5877768788548,1042.7176308427067,3
Gemma4-E4B,2,native_thinking,nc2_class_cosine_deviation,quality_slope_per_index,-0.023582704701407557,0.0009619134838378205,-0.025468055129729685,-0.021697354273085428,3
Gemma4-E4B,2,native_thinking,nc2_class_cosine_deviation,quality_spearman,-0.24848484848484845,0.056565656565656576,-0.3593535353535353,-0.13761616161616158,3
Gemma4-E4B,2,native_thinking,nc2_class_cosine_deviation,late_8_10_minus_early_1_3,-0.17722667256991065,0.00977863018675673,-0.19639278773595384,-0.15806055740386746,3
Gemma4-E4B,2,native_thinking,ncc_recall,quality_slope_per_index,-0.03636363636363629,0.02424242424242423,-0.08387878787878777,0.011151515151515197,3
Gemma4-E4B,2,native_thinking,ncc_recall,quality_spearman,-0.28322059201851035,0.19233756968568375,-0.6602022286024505,0.09376104456542977,3
Gemma4-E4B,2,native_thinking,ncc_recall,late_8_10_minus_early_1_3,-0.22222222222222232,0.22222222222222224,-0.6577777777777779,0.21333333333333326,3
Gemma4-E4B,2,native_thinking,silhouette_cosine,quality_slope_per_index,-0.004787731712514601,0.011322502512840171,-0.02697983663768134,0.017404373212652133,3
Gemma4-E4B,2,native_thinking,silhouette_cosine,quality_spearman,-0.32121212121212117,0.07182379327123707,-0.46198675602374584,-0.1804374864004965,3
Gemma4-E4B,2,native_thinking,silhouette_cosine,late_8_10_minus_early_1_3,-0.030578871568044022,0.15134052701019574,-0.3272063045080276,0.2660485613719396,3
Gemma4-E4B,2,native_thinking,within_trace,quality_slope_per_index,-1.9974515510327213,4.0295205296845875,-9.895311789214512,5.90040868714907,3
Gemma4-E4B,2,native_thinking,within_trace,quality_spearman,0.32121212121212117,0.04915363660847046,0.22487099345951905,0.4175532489647233,3
Gemma4-E4B,2,native_thinking,within_trace,late_8_10_minus_early_1_3,11.57701365152991,23.533099545128792,-34.54786145692252,57.70188875998234,3
Gemma4-E4B,3,non_thinking,centroid_nearest_squared,quality_slope_per_index,-33.463657818418554,9.069628791270924,-51.240130249309566,-15.687185387527542,3
Gemma4-E4B,3,non_thinking,centroid_nearest_squared,quality_spearman,-0.8098769172646004,0.420781307137877,-1.6346082792548393,0.01485444472563846,3
Gemma4-E4B,3,non_thinking,centroid_nearest_squared,late_8_10_minus_early_1_3,-215.90813191731772,182.78501958598335,-574.166770305845,142.35050647120963,3
Gemma4-E4B,3,non_thinking,class_nc1_ratio,quality_slope_per_index,0.2821137690360537,0.16863758496190734,-0.04841589748928471,0.6126434355613921,3
Gemma4-E4B,3,non_thinking,class_nc1_ratio,quality_spearman,0.43030303030303024,0.45274165100061214,-0.45707060565816954,1.31767666626423,3
Gemma4-E4B,3,non_thinking,class_nc1_ratio,late_8_10_minus_early_1_3,2.3663395629449853,1.0490883284328036,0.31012643921669003,4.4225526866732805,3
Gemma4-E4B,3,non_thinking,fisher_nearest,quality_slope_per_index,0.007714492064752791,0.06668838788214806,-0.12299474818425742,0.138423732313763,3
Gemma4-E4B,3,non_thinking,fisher_nearest,quality_spearman,0.17575757575757575,0.6891465497585975,-1.1749696617692753,1.5264848132844269,3
Gemma4-E4B,3,non_thinking,fisher_nearest,late_8_10_minus_early_1_3,0.05538199810723804,0.36893797906228964,-0.6677364408548496,0.7785004370693258,3
Gemma4-E4B,3,non_thinking,logistic_f1,quality_slope_per_index,-0.0233022533022533,0.012735085749400217,-0.04826302137107773,0.0016585147665711258,3
Gemma4-E4B,3,non_thinking,logistic_f1,quality_spearman,-0.4779521193992432,0.11323832476857133,-0.6998992359456431,-0.2560050028528434,3
Gemma4-E4B,3,non_thinking,logistic_f1,late_8_10_minus_early_1_3,-0.19444444444444442,0.13078954121041586,-0.4507919452168595,0.06190305632797066,3
Gemma4-E4B,3,non_thinking,logistic_precision,quality_slope_per_index,-0.01777777777777778,0.022342026545329366,-0.06156814980662334,0.026012594251067778,3
Gemma4-E4B,3,non_thinking,logistic_precision,quality_spearman,-0.4779521193992432,0.11323832476857133,-0.6998992359456431,-0.2560050028528434,3
Gemma4-E4B,3,non_thinking,logistic_precision,late_8_10_minus_early_1_3,-0.17777777777777778,0.20248795456054286,-0.5746541687164418,0.21909861316088622,3
Gemma4-E4B,3,non_thinking,logistic_recall,quality_slope_per_index,-0.03232323232323231,0.00728394197063432,-0.046599758585675576,-0.018046706060789043,3
Gemma4-E4B,3,non_thinking,logistic_recall,quality_spearman,-0.5685352436149612,0.08848514649106641,-0.7419661307374514,-0.39510435649247105,3
Gemma4-E4B,3,non_thinking,logistic_recall,late_8_10_minus_early_1_3,-0.2222222222222222,0.1111111111111111,-0.43999999999999995,-0.004444444444444445,3
Gemma4-E4B,3,non_thinking,mean_bhattacharyya,quality_slope_per_index,0.05519140786193434,0.1750346655615677,-0.28787653663873836,0.398259352362607,3
Gemma4-E4B,3,non_thinking,mean_bhattacharyya,quality_spearman,0.13939393939393938,0.36345674576240833,-0.5729812823003809,0.8517691610882597,3
Gemma4-E4B,3,non_thinking,mean_bhattacharyya,late_8_10_minus_early_1_3,0.4485798169065407,0.7319424714036058,-0.9860274270445266,1.883187060857608,3
Gemma4-E4B,3,non_thinking,min_bhattacharyya,quality_slope_per_index,0.05260366309772841,0.25529232597935125,-0.4477692958218001,0.552976622017257,3
Gemma4-E4B,3,non_thinking,min_bhattacharyya,quality_spearman,0.3364055948997212,0.47722063234830303,-0.5989468445029527,1.271758034302395,3
Gemma4-E4B,3,non_thinking,min_bhattacharyya,late_8_10_minus_early_1_3,0.3614644010861716,1.5894562477812506,-2.7538698445650795,3.476798646737423,3
Gemma4-E4B,3,non_thinking,nc2_class_cosine_deviation,quality_slope_per_index,-0.008030086314724457,0.010101215980243135,-0.027828469636001,0.011768297006552086,3
Gemma4-E4B,3,non_thinking,nc2_class_cosine_deviation,quality_spearman,-0.3939393939393939,0.18480156163279626,-0.7561504547396746,-0.031728333139113274,3
Gemma4-E4B,3,non_thinking,nc2_class_cosine_deviation,late_8_10_minus_early_1_3,-0.042087286540188285,0.10481170134089983,-0.24751822116835195,0.16334364808797538,3
Gemma4-E4B,3,non_thinking,ncc_recall,quality_slope_per_index,-0.022222222222222178,0.03232323232323231,-0.0855757575757575,0.04113131313131315,3
Gemma4-E4B,3,non_thinking,ncc_recall,quality_spearman,-0.15569978883230462,0.29012942659282964,-0.7243534649542507,0.41295388728964144,3
Gemma4-E4B,3,non_thinking,ncc_recall,late_8_10_minus_early_1_3,-0.1111111111111111,0.2222222222222222,-0.5466666666666666,0.3244444444444444,3
Gemma4-E4B,3,non_thinking,silhouette_cosine,quality_slope_per_index,0.0015713164526404732,0.015739904993841567,-0.029278897335288996,0.03242153024056994,3
Gemma4-E4B,3,non_thinking,silhouette_cosine,quality_spearman,-0.0303030303030303,0.29569574890556743,-0.6098666981579425,0.5492606375518819,3
Gemma4-E4B,3,non_thinking,silhouette_cosine,late_8_10_minus_early_1_3,0.0017615556716918945,0.10077665449529648,-0.1957606871390892,0.199283798482473,3
Gemma4-E4B,3,non_thinking,within_trace,quality_slope_per_index,142.5467429421165,113.23701146203541,-79.39779952347288,364.4912854077059,3
Gemma4-E4B,3,non_thinking,within_trace,quality_spearman,0.5757575757575757,0.35984556085999697,-0.12953972352801835,1.2810548750431696,3
Gemma4-E4B,3,non_thinking,within_trace,late_8_10_minus_early_1_3,1006.7296549479166,582.3536875391526,-134.6835726288224,2148.1428825246558,3
Gemma4-E4B,3,native_thinking,centroid_nearest_squared,quality_slope_per_index,36.260657524340324,30.102340336394775,-22.739929534993436,95.26124458367408,3
Gemma4-E4B,3,native_thinking,centroid_nearest_squared,quality_spearman,-0.15244185832977605,0.08943255688680195,-0.32772966982790785,0.022845953168355748,3
Gemma4-E4B,3,native_thinking,centroid_nearest_squared,late_8_10_minus_early_1_3,185.87921269734693,186.1561578027641,-178.9868565960707,550.7452819907646,3
Gemma4-E4B,3,native_thinking,class_nc1_ratio,quality_slope_per_index,-0.0037314985859388528,0.0045098002437321425,-0.012570707063653852,0.005107709891776146,3
Gemma4-E4B,3,native_thinking,class_nc1_ratio,quality_spearman,0.04242424242424241,0.2309754493407103,-0.41028763828354975,0.4951361231320346,3
Gemma4-E4B,3,native_thinking,class_nc1_ratio,late_8_10_minus_early_1_3,-0.13941153512641935,0.06964960822671605,-0.2759247672507828,-0.002898303002055902,3
Gemma4-E4B,3,native_thinking,fisher_nearest,quality_slope_per_index,0.05127514854840778,51.10188640951324,-100.10842221409754,100.21097251119437,3
Gemma4-E4B,3,native_thinking,fisher_nearest,quality_spearman,-0.16363636363636364,0.11226217365211962,-0.3836702239945181,0.05639749672179081,3
Gemma4-E4B,3,native_thinking,fisher_nearest,late_8_10_minus_early_1_3,0.26693432707051556,307.66792418616825,-602.7621970778192,603.2960657319603,3
Gemma4-E4B,3,native_thinking,logistic_f1,quality_slope_per_index,-2.263288185478387e-17,0.0,-2.263288185478387e-17,-2.263288185478387e-17,3
Gemma4-E4B,3,native_thinking,logistic_f1,quality_spearman,,,,,3
Gemma4-E4B,3,native_thinking,logistic_f1,late_8_10_minus_early_1_3,0.0,0.0,0.0,0.0,3
Gemma4-E4B,3,native_thinking,logistic_precision,quality_slope_per_index,-2.263288185478387e-17,0.0,-2.263288185478387e-17,-2.263288185478387e-17,3
Gemma4-E4B,3,native_thinking,logistic_precision,quality_spearman,,,,,3
Gemma4-E4B,3,native_thinking,logistic_precision,late_8_10_minus_early_1_3,0.0,0.0,0.0,0.0,3
Gemma4-E4B,3,native_thinking,logistic_recall,quality_slope_per_index,-2.263288185478387e-17,0.0,-2.263288185478387e-17,-2.263288185478387e-17,3
Gemma4-E4B,3,native_thinking,logistic_recall,quality_spearman,,,,,3
Gemma4-E4B,3,native_thinking,logistic_recall,late_8_10_minus_early_1_3,0.0,0.0,0.0,0.0,3
Gemma4-E4B,3,native_thinking,mean_bhattacharyya,quality_slope_per_index,-0.230337074469228,207.83540312387785,-407.5877271972698,407.1270530483314,3
Gemma4-E4B,3,native_thinking,mean_bhattacharyya,quality_spearman,0.11515151515151514,0.22321175461710113,-0.322343523898003,0.5526465542010334,3
Gemma4-E4B,3,native_thinking,mean_bhattacharyya,late_8_10_minus_early_1_3,-1.3892283748697452,1225.9860670991247,-2404.3219198891543,2401.543463139415,3
Gemma4-E4B,3,native_thinking,min_bhattacharyya,quality_slope_per_index,0.3019935374910231,9.915397465480673,-19.132185494851097,19.73617256983314,3
Gemma4-E4B,3,native_thinking,min_bhattacharyya,quality_spearman,-0.15244185832977605,0.14105426104475272,-0.42890820997749135,0.12402449331793927,3
Gemma4-E4B,3,native_thinking,min_bhattacharyya,late_8_10_minus_early_1_3,1.496755758921303,17.5686429878955,-32.93778449735388,35.93129601519649,3
Gemma4-E4B,3,native_thinking,nc2_class_cosine_deviation,quality_slope_per_index,-0.015100948681659062,0.0020552361959057697,-0.01912921162563437,-0.011072685737683753,3
Gemma4-E4B,3,native_thinking,nc2_class_cosine_deviation,quality_spearman,-0.22424242424242422,0.008080808080808077,-0.24008080808080806,-0.20840404040404037,3
Gemma4-E4B,3,native_thinking,nc2_class_cosine_deviation,late_8_10_minus_early_1_3,-0.12375455629415893,0.010941270351077587,-0.145199446182271,-0.10230966640604687,3
Gemma4-E4B,3,native_thinking,ncc_recall,quality_slope_per_index,-0.008080808080808024,0.03838383838383839,-0.08331313131313126,0.06715151515151521,3
Gemma4-E4B,3,native_thinking,ncc_recall,quality_spearman,-0.06253053994807224,0.2695738327944113,-0.5908952522251184,0.46583417232897395,3
Gemma4-E4B,3,native_thinking,ncc_recall,late_8_10_minus_early_1_3,-1.1102230246251565e-16,0.3333333333333334,-0.6533333333333337,0.6533333333333334,3
Gemma4-E4B,3,native_thinking,silhouette_cosine,quality_slope_per_index,-0.012393543237086397,0.0038029253730183336,-0.01984727696820233,-0.004939809505970463,3
Gemma4-E4B,3,native_thinking,silhouette_cosine,quality_spearman,-0.0303030303030303,0.09319242500744077,-0.2129601833176142,0.1523541227115536,3
Gemma4-E4B,3,native_thinking,silhouette_cosine,late_8_10_minus_early_1_3,-0.0928317792713642,0.0405628404330521,-0.1723349465201463,-0.013328612022582093,3
Gemma4-E4B,3,native_thinking,within_trace,quality_slope_per_index,5.702523572517241,6.003425284485753,-6.064189985074836,17.469237130109317,3
Gemma4-E4B,3,native_thinking,within_trace,quality_spearman,0.3939393939393939,0.14296408899356872,0.11372977951199925,0.6741490083667886,3
Gemma4-E4B,3,native_thinking,within_trace,late_8_10_minus_early_1_3,58.40661875406903,47.973301036896885,-35.621051278248856,152.4342887863869,3
Gemma4-E4B,4,non_thinking,centroid_nearest_squared,quality_slope_per_index,-21.828154222893,13.481643961980819,-48.2521763883754,4.595867942589404,3
Gemma4-E4B,4,non_thinking,centroid_nearest_squared,quality_spearman,-0.8098769172646004,0.3632557492173186,-1.5218581857305449,-0.09789564879865598,3
Gemma4-E4B,4,non_thinking,centroid_nearest_squared,late_8_10_minus_early_1_3,-136.74362182617188,141.30401360012502,-413.6994884824169,140.21224483007313,3
Gemma4-E4B,4,non_thinking,class_nc1_ratio,quality_slope_per_index,0.25208183237625553,0.20458202903761613,-0.1488989445374721,0.6530626092899832,3
Gemma4-E4B,4,non_thinking,class_nc1_ratio,quality_spearman,0.32121212121212117,0.5637485859099767,-0.783735107171433,1.4261593495956753,3
Gemma4-E4B,4,non_thinking,class_nc1_ratio,late_8_10_minus_early_1_3,2.208667548866307,1.3657554135521204,-0.4682130616958493,4.885548159428463,3
Gemma4-E4B,4,non_thinking,fisher_nearest,quality_slope_per_index,0.018468165122865185,0.0990317548555611,-0.17563407439403456,0.2125704046397649,3
Gemma4-E4B,4,non_thinking,fisher_nearest,quality_spearman,0.17575757575757575,0.6067067262932028,-1.0133876077771016,1.3649027592922531,3
Gemma4-E4B,4,non_thinking,fisher_nearest,late_8_10_minus_early_1_3,0.12164058822836485,0.5259088492474279,-0.9091407562965936,1.1524219327533234,3
Gemma4-E4B,4,non_thinking,logistic_f1,quality_slope_per_index,-0.023636363636363605,0.005087966611759818,-0.033608778195412845,-0.013663949077314361,3
Gemma4-E4B,4,non_thinking,logistic_f1,quality_spearman,-0.3802900433847583,0.18014161048652297,-0.7333675999383433,-0.027212486831173277,3
Gemma4-E4B,4,non_thinking,logistic_f1,late_8_10_minus_early_1_3,-0.16666666666666666,0.033143830187017616,-0.23162857383322116,-0.10170475950011214,3
Gemma4-E4B,4,non_thinking,logistic_precision,quality_slope_per_index,-0.015324675324675305,0.007873606169658612,-0.030756943417206185,0.00010759276785557437,3
Gemma4-E4B,4,non_thinking,logistic_precision,quality_spearman,-0.29081003317657983,0.18014161048652297,-0.6438875897301648,0.062267523377005196,3
Gemma4-E4B,4,non_thinking,logistic_precision,late_8_10_minus_early_1_3,-0.13333333333333333,0.03228814032252351,-0.1966180883654794,-0.07004857830118726,3
Gemma4-E4B,4,non_thinking,logistic_recall,quality_slope_per_index,-0.03636363636363631,0.0209945552432591,-0.07751296464042415,0.004785691913151521,3
Gemma4-E4B,4,non_thinking,logistic_recall,quality_spearman,-0.4045199174779453,0.15099869400911242,-0.7004773577358057,-0.10856247722008494,3
Gemma4-E4B,4,non_thinking,logistic_recall,late_8_10_minus_early_1_3,-0.2222222222222222,0.1111111111111111,-0.43999999999999995,-0.004444444444444445,3
Gemma4-E4B,4,non_thinking,mean_bhattacharyya,quality_slope_per_index,0.08746266983173524,0.29850026774278793,-0.4975978549441291,0.6725231946075996,3
Gemma4-E4B,4,non_thinking,mean_bhattacharyya,quality_spearman,0.29696969696969694,0.5377836971951462,-0.7570863495327895,1.3510257434721833,3
Gemma4-E4B,4,non_thinking,mean_bhattacharyya,late_8_10_minus_early_1_3,0.5959273907873373,1.5608032920189918,-2.4632470615698865,3.655101843144561,3
Gemma4-E4B,4,non_thinking,min_bhattacharyya,quality_slope_per_index,0.10846127958008746,0.47489591538438664,-0.8223347145733103,1.0392572737334853,3
Gemma4-E4B,4,non_thinking,min_bhattacharyya,quality_spearman,0.34358414671831533,0.7096483677146986,-1.047326654002494,1.7344949474391247,3
Gemma4-E4B,4,non_thinking,min_bhattacharyya,late_8_10_minus_early_1_3,0.7550736864407859,2.886420119606085,-4.90230974798714,6.412457120868712,3
Gemma4-E4B,4,non_thinking,nc2_class_cosine_deviation,quality_slope_per_index,-0.005595716585715613,0.010902879435722119,-0.026965360279730965,0.01577392710829974,3
Gemma4-E4B,4,non_thinking,nc2_class_cosine_deviation,quality_spearman,-0.12727272727272726,0.44817534137735904,-1.0056963963723509,0.7511509418268965,3
Gemma4-E4B,4,non_thinking,nc2_class_cosine_deviation,late_8_10_minus_early_1_3,-0.019809539724953862,0.09024104843705025,-0.19668199466157235,0.15706291521166463,3
Gemma4-E4B,4,non_thinking,ncc_recall,quality_slope_per_index,-0.022222222222222178,0.03232323232323231,-0.0855757575757575,0.04113131313131315,3
Gemma4-E4B,4,non_thinking,ncc_recall,quality_spearman,-0.15569978883230462,0.29012942659282964,-0.7243534649542507,0.41295388728964144,3
Gemma4-E4B,4,non_thinking,ncc_recall,late_8_10_minus_early_1_3,-0.1111111111111111,0.2222222222222222,-0.5466666666666666,0.3244444444444444,3
Gemma4-E4B,4,non_thinking,silhouette_cosine,quality_slope_per_index,0.009381867516221422,0.02408592023068812,-0.0378265361359273,0.05659027116837014,3
Gemma4-E4B,4,non_thinking,silhouette_cosine,quality_spearman,0.12727272727272726,0.4993782482579515,-0.8515086393128577,1.1060540938583123,3
Gemma4-E4B,4,non_thinking,silhouette_cosine,late_8_10_minus_early_1_3,0.04821912944316864,0.13604480688174464,-0.21842869204505083,0.3148669509313881,3
Gemma4-E4B,4,non_thinking,within_trace,quality_slope_per_index,132.78234308416202,119.95607521461969,-102.33156433649256,367.89625050481663,3
Gemma4-E4B,4,non_thinking,within_trace,quality_spearman,0.3696969696969697,0.5422577477109533,-0.6931282158164986,1.432522155210438,3
Gemma4-E4B,4,non_thinking,within_trace,late_8_10_minus_early_1_3,968.0836181640626,683.9214224827745,-372.40236990217534,2308.5696062303005,3
Gemma4-E4B,4,native_thinking,centroid_nearest_squared,quality_slope_per_index,-104.26616190130022,44.58015520441031,-191.64326610194445,-16.88905770065601,3
Gemma4-E4B,4,native_thinking,centroid_nearest_squared,quality_spearman,-0.4526184367741704,0.06666632182000926,-0.5832844275413885,-0.3219524460069523,3
Gemma4-E4B,4,native_thinking,centroid_nearest_squared,late_8_10_minus_early_1_3,-700.6324876149497,276.3133323089633,-1242.2066189405177,-159.05835628938166,3
Gemma4-E4B,4,native_thinking,class_nc1_ratio,quality_slope_per_index,-0.062265318463300474,0.03766802406195906,-0.13609464562474022,0.011564008698139276,3
Gemma4-E4B,4,native_thinking,class_nc1_ratio,quality_spearman,-0.10303030303030303,0.15896820664974545,-0.4146079880638041,0.20854738200319806,3
Gemma4-E4B,4,native_thinking,class_nc1_ratio,late_8_10_minus_early_1_3,-0.546966491137431,0.36328823737806765,-1.2590114363984437,0.16507845412358157,3
Gemma4-E4B,4,native_thinking,fisher_nearest,quality_slope_per_index,-0.7009655998208513,65.99106889508478,-130.043460634187,128.6415294345453,3
Gemma4-E4B,4,native_thinking,fisher_nearest,quality_spearman,-0.4424242424242424,0.14204764308078338,-0.7208376228625778,-0.16401086198590697,3
Gemma4-E4B,4,native_thinking,fisher_nearest,late_8_10_minus_early_1_3,-4.3874215817822435,386.60007637016355,-762.1235712673029,753.3487281037383,3
Gemma4-E4B,4,native_thinking,logistic_f1,quality_slope_per_index,-2.263288185478387e-17,0.0,-2.263288185478387e-17,-2.263288185478387e-17,3
Gemma4-E4B,4,native_thinking,logistic_f1,quality_spearman,,,,,3
Gemma4-E4B,4,native_thinking,logistic_f1,late_8_10_minus_early_1_3,0.0,0.0,0.0,0.0,3
Gemma4-E4B,4,native_thinking,logistic_precision,quality_slope_per_index,-2.263288185478387e-17,0.0,-2.263288185478387e-17,-2.263288185478387e-17,3
Gemma4-E4B,4,native_thinking,logistic_precision,quality_spearman,,,,,3
Gemma4-E4B,4,native_thinking,logistic_precision,late_8_10_minus_early_1_3,0.0,0.0,0.0,0.0,3
Gemma4-E4B,4,native_thinking,logistic_recall,quality_slope_per_index,-2.263288185478387e-17,0.0,-2.263288185478387e-17,-2.263288185478387e-17,3
Gemma4-E4B,4,native_thinking,logistic_recall,quality_spearman,,,,,3
Gemma4-E4B,4,native_thinking,logistic_recall,late_8_10_minus_early_1_3,0.0,0.0,0.0,0.0,3
Gemma4-E4B,4,native_thinking,mean_bhattacharyya,quality_slope_per_index,-2.424852650494676,228.04675962892196,-449.3965015231817,444.5467962221923,3
Gemma4-E4B,4,native_thinking,mean_bhattacharyya,quality_spearman,0.06666666666666665,0.18795480160990713,-0.3017247444887513,0.4350580778220846,3
Gemma4-E4B,4,native_thinking,mean_bhattacharyya,late_8_10_minus_early_1_3,-15.207207162071157,1295.0220874209642,-2553.450498507161,2523.036084183019,3
Gemma4-E4B,4,native_thinking,min_bhattacharyya,quality_slope_per_index,-2.3442559827457687,11.911005806754593,-25.68982736398477,21.001315398493233,3
Gemma4-E4B,4,native_thinking,min_bhattacharyya,quality_spearman,-0.4526184367741704,0.1936734615972336,-0.8322184215047482,-0.07301845204359259,3
Gemma4-E4B,4,native_thinking,min_bhattacharyya,late_8_10_minus_early_1_3,-15.079980323712032,22.408997456466217,-59.00161533838582,28.84165469096175,3
Gemma4-E4B,4,native_thinking,nc2_class_cosine_deviation,quality_slope_per_index,-0.014104634122571102,0.002179665459573119,-0.018376778423334416,-0.009832489821807788,3
Gemma4-E4B,4,native_thinking,nc2_class_cosine_deviation,quality_spearman,-0.23636363636363633,0.02137980857425931,-0.27826806116918457,-0.1944592115580881,3
Gemma4-E4B,4,native_thinking,nc2_class_cosine_deviation,late_8_10_minus_early_1_3,-0.12111895677054851,0.009242864007109976,-0.13923497022448406,-0.10300294331661296,3
Gemma4-E4B,4,native_thinking,ncc_recall,quality_slope_per_index,-0.022222222222222178,0.03362286257998635,-0.08812303287899542,0.04367858843455106,3
Gemma4-E4B,4,native_thinking,ncc_recall,quality_spearman,-0.15891043154093204,0.2525697178085443,-0.6539470784456789,0.3361262153638148,3
Gemma4-E4B,4,native_thinking,ncc_recall,late_8_10_minus_early_1_3,-0.11111111111111116,0.29397236789606573,-0.6872969521874,0.4650747299651776,3
Gemma4-E4B,4,native_thinking,silhouette_cosine,quality_slope_per_index,-0.024682656472379414,0.0044576904598696175,-0.033419729773723865,-0.015945583171034963,3
Gemma4-E4B,4,native_thinking,silhouette_cosine,quality_spearman,-0.309090909090909,0.016161616161616155,-0.3407676767676767,-0.27741414141414134,3
Gemma4-E4B,4,native_thinking,silhouette_cosine,late_8_10_minus_early_1_3,-0.18758858740329742,0.03264950635796594,-0.2515816198649107,-0.12359555494168417,3
Gemma4-E4B,4,native_thinking,within_trace,quality_slope_per_index,5.336756943211451,4.857486645183605,-4.183916881348415,14.857430767771318,3
Gemma4-E4B,4,native_thinking,within_trace,quality_spearman,0.3696969696969697,0.04499203525519207,0.28151258059679324,0.45788135879714614,3
Gemma4-E4B,4,native_thinking,within_trace,late_8_10_minus_early_1_3,51.18443298339844,37.08598311227883,-21.50409391666807,123.87295988346494,3
Gemma4-E4B,5,non_thinking,centroid_nearest_squared,quality_slope_per_index,-214.81928294788688,24.75070159750821,-263.33065807900294,-166.30790781677078,3
Gemma4-E4B,5,non_thinking,centroid_nearest_squared,quality_spearman,-0.8991204081865277,0.07907402156971151,-1.0541054904631624,-0.7441353259098932,3
Gemma4-E4B,5,non_thinking,centroid_nearest_squared,late_8_10_minus_early_1_3,-1345.8295644124348,212.09290349648882,-1761.531655265553,-930.1274735593167,3
Gemma4-E4B,5,non_thinking,class_nc1_ratio,quality_slope_per_index,0.25088501281294046,0.014061877886948898,0.22332373215452062,0.2784462934713603,3
Gemma4-E4B,5,non_thinking,class_nc1_ratio,quality_spearman,0.19999999999999998,0.11456522730309351,-0.024547845514063305,0.42454784551406327,3
Gemma4-E4B,5,non_thinking,class_nc1_ratio,late_8_10_minus_early_1_3,2.2962194267965184,0.14405153940482623,2.013878409563059,2.5785604440299776,3
Gemma4-E4B,5,non_thinking,fisher_nearest,quality_slope_per_index,-0.3031516765313777,0.6468991631669208,-1.5710740363385425,0.964770683275787,3
Gemma4-E4B,5,non_thinking,fisher_nearest,quality_spearman,-0.309090909090909,0.08740730364761186,-0.48040922424022825,-0.13777259394158978,3
Gemma4-E4B,5,non_thinking,fisher_nearest,late_8_10_minus_early_1_3,-1.8846619561417122,3.8954688584602524,-9.519780918723807,5.750457006440382,3
Gemma4-E4B,5,non_thinking,logistic_f1,quality_slope_per_index,-0.0712121212121212,0.031286738311236746,-0.13253412830214523,-0.009890114122097178,3
Gemma4-E4B,5,non_thinking,logistic_f1,quality_spearman,-0.6033366817251802,0.35454585020584434,-1.2982465481286352,0.09157318467827469,3
Gemma4-E4B,5,non_thinking,logistic_f1,late_8_10_minus_early_1_3,-0.47222222222222227,0.2649753199054774,-0.9915738492369579,0.04712940479251343,3
Gemma4-E4B,5,non_thinking,logistic_precision,quality_slope_per_index,-0.09090909090909083,0.036718865986286826,-0.16287806824221301,-0.018940113575968656,3
Gemma4-E4B,5,non_thinking,logistic_precision,quality_spearman,-0.5989324401057075,0.3522116461444138,-1.2892672665487583,0.09140238633734354,3
Gemma4-E4B,5,non_thinking,logistic_precision,late_8_10_minus_early_1_3,-0.6222222222222222,0.3033647611811145,-1.2168171541372066,-0.027627290307237873,3
Gemma4-E4B,5,non_thinking,logistic_recall,quality_slope_per_index,-0.06666666666666662,0.03337921543809758,-0.13208992892533788,-0.0012434044079953632,3
Gemma4-E4B,5,non_thinking,logistic_recall,quality_spearman,-0.6030226891555273,0.3536130208507245,-1.2961042100229472,0.09005883171189277,3
Gemma4-E4B,5,non_thinking,logistic_recall,late_8_10_minus_early_1_3,-0.44444444444444436,0.2939723678960656,-1.020630285520733,0.1317413966318442,3
Gemma4-E4B,5,non_thinking,mean_bhattacharyya,quality_slope_per_index,-1.3481486087696295,1.8219017549647352,-4.919076048500511,2.2227788309612513,3
Gemma4-E4B,5,non_thinking,mean_bhattacharyya,quality_spearman,0.2121212121212121,0.04275961714851862,0.1283123625101156,0.2959300617323086,3
Gemma4-E4B,5,non_thinking,mean_bhattacharyya,late_8_10_minus_early_1_3,-7.722299414652365,9.828936534688562,-26.98701502264195,11.542416193337218,3
Gemma4-E4B,5,non_thinking,min_bhattacharyya,quality_slope_per_index,-1.3001239588766371,0.8275921244579298,-2.9222045228141793,0.3219566050609053,3
Gemma4-E4B,5,non_thinking,min_bhattacharyya,quality_spearman,-0.36087145634697376,0.06027430161991844,-0.4790090875220139,-0.24273382517193362,3
Gemma4-E4B,5,non_thinking,min_bhattacharyya,late_8_10_minus_early_1_3,-8.006425420443218,4.912277341615645,-17.63448901000988,1.621638169123445,3
Gemma4-E4B,5,non_thinking,nc2_class_cosine_deviation,quality_slope_per_index,-0.014866139160262231,0.009885291860815226,-0.03424131120746007,0.004509032886935611,3
Gemma4-E4B,5,non_thinking,nc2_class_cosine_deviation,quality_spearman,-0.4666666666666666,0.2681318791601949,-0.9922051498206486,0.058871816487315376,3
Gemma4-E4B,5,non_thinking,nc2_class_cosine_deviation,late_8_10_minus_early_1_3,-0.10160392991922518,0.06835598682254343,-0.2355816640914103,0.03237380425295994,3
Gemma4-E4B,5,non_thinking,ncc_recall,quality_slope_per_index,-0.050505050505050435,0.038383838383838395,-0.12573737373737368,0.024727272727272813,3
Gemma4-E4B,5,non_thinking,ncc_recall,quality_spearman,-0.4660924686531768,0.3164867850408496,-1.086406567333242,0.15422163002688838,3
Gemma4-E4B,5,non_thinking,ncc_recall,late_8_10_minus_early_1_3,-0.33333333333333326,0.33333333333333337,-0.9866666666666667,0.3200000000000002,3
Gemma4-E4B,5,non_thinking,silhouette_cosine,quality_slope_per_index,-0.05369344272396774,0.0063888411964510925,-0.06621557146901189,-0.041171313978923596,3
Gemma4-E4B,5,non_thinking,silhouette_cosine,quality_spearman,-0.006060606060606061,0.09527132220243713,-0.19279239757738284,0.1806711854561707,3
Gemma4-E4B,5,non_thinking,silhouette_cosine,late_8_10_minus_early_1_3,-0.32019316653410596,0.025593857905805508,-0.37035712802948473,-0.2700292050387272,3
Gemma4-E4B,5,non_thinking,within_trace,quality_slope_per_index,58.937238658558286,27.91816507121378,4.217635118979274,113.6568421981373,3
Gemma4-E4B,5,non_thinking,within_trace,quality_spearman,0.3939393939393939,0.28421018820313493,-0.16311257493875053,0.9509913628175384,3
Gemma4-E4B,5,non_thinking,within_trace,late_8_10_minus_early_1_3,465.12555948893225,192.49711153638205,87.83122087762342,842.4198981002411,3
Gemma4-E4B,5,native_thinking,centroid_nearest_squared,quality_slope_per_index,12.980589074799731,42.40359531694771,-70.13045774641779,96.09163589601724,3
Gemma4-E4B,5,native_thinking,centroid_nearest_squared,quality_spearman,-0.4451302263229461,0.06667086439917784,-0.5758051205453346,-0.31445533210055754,3
Gemma4-E4B,5,native_thinking,centroid_nearest_squared,late_8_10_minus_early_1_3,2.2766043345131948,269.01782676756864,-524.9983361299213,529.5515447989477,3
Gemma4-E4B,5,native_thinking,class_nc1_ratio,quality_slope_per_index,-0.20697211884245936,0.1642529129741586,-0.5289078282718103,0.11496359058689148,3
Gemma4-E4B,5,native_thinking,class_nc1_ratio,quality_spearman,-0.17575757575757575,0.07182379327123707,-0.31653221056920045,-0.034982940945951085,3
Gemma4-E4B,5,native_thinking,class_nc1_ratio,late_8_10_minus_early_1_3,-1.8291063799518799,1.429530685968714,-4.6309865244505595,0.9727737645467995,3
Gemma4-E4B,5,native_thinking,fisher_nearest,quality_slope_per_index,-8.182287063428378,13.37018811749493,-34.38785577371844,18.023281646861683,3
Gemma4-E4B,5,native_thinking,fisher_nearest,quality_spearman,-0.5636363636363636,0.0565656565656566,-0.6745050505050505,-0.4527676767676767,3
Gemma4-E4B,5,native_thinking,fisher_nearest,late_8_10_minus_early_1_3,-50.06060835837217,97.06187250364846,-240.30187846552315,140.1806617487788,3
Gemma4-E4B,5,native_thinking,logistic_f1,quality_slope_per_index,-2.263288185478387e-17,0.0,-2.263288185478387e-17,-2.263288185478387e-17,3
Gemma4-E4B,5,native_thinking,logistic_f1,quality_spearman,,,,,3
Gemma4-E4B,5,native_thinking,logistic_f1,late_8_10_minus_early_1_3,0.0,0.0,0.0,0.0,3
Gemma4-E4B,5,native_thinking,logistic_precision,quality_slope_per_index,-2.263288185478387e-17,0.0,-2.263288185478387e-17,-2.263288185478387e-17,3
Gemma4-E4B,5,native_thinking,logistic_precision,quality_spearman,,,,,3
Gemma4-E4B,5,native_thinking,logistic_precision,late_8_10_minus_early_1_3,0.0,0.0,0.0,0.0,3
Gemma4-E4B,5,native_thinking,logistic_recall,quality_slope_per_index,-2.263288185478387e-17,0.0,-2.263288185478387e-17,-2.263288185478387e-17,3
Gemma4-E4B,5,native_thinking,logistic_recall,quality_spearman,,,,,3
Gemma4-E4B,5,native_thinking,logistic_recall,late_8_10_minus_early_1_3,0.0,0.0,0.0,0.0,3
Gemma4-E4B,5,native_thinking,mean_bhattacharyya,quality_slope_per_index,-1.2550082876425328,84.03956576112954,-165.97255717945643,163.46254060417135,3
Gemma4-E4B,5,native_thinking,mean_bhattacharyya,quality_spearman,-0.309090909090909,0.09929863214096571,-0.5037162280872018,-0.11446559009461624,3
Gemma4-E4B,5,native_thinking,mean_bhattacharyya,late_8_10_minus_early_1_3,-7.972651243209839,535.8201994911598,-1058.180242245883,1042.2349397594633,3
Gemma4-E4B,5,native_thinking,min_bhattacharyya,quality_slope_per_index,-0.7873797286640466,36.555980552798125,-72.43710161214837,70.86234215482027,3
Gemma4-E4B,5,native_thinking,min_bhattacharyya,quality_spearman,-0.5548883643203848,0.10229400830543268,-0.7553846205990329,-0.3543921080417367,3
Gemma4-E4B,5,native_thinking,min_bhattacharyya,late_8_10_minus_early_1_3,-5.328267566859722,291.0902603643576,-575.8651778810006,565.2086427472811,3
Gemma4-E4B,5,native_thinking,nc2_class_cosine_deviation,quality_slope_per_index,-0.024575645578875323,0.005080935376044267,-0.03453427891592209,-0.01461701224182856,3
Gemma4-E4B,5,native_thinking,nc2_class_cosine_deviation,quality_spearman,-0.2121212121212121,0.04915363660847046,-0.3084623398738142,-0.11578008436861,3
Gemma4-E4B,5,native_thinking,nc2_class_cosine_deviation,late_8_10_minus_early_1_3,-0.20714185402226548,0.03189281186397989,-0.26965176527566603,-0.1446319427688649,3
Gemma4-E4B,5,native_thinking,ncc_recall,quality_slope_per_index,-0.03636363636363629,0.02424242424242423,-0.08387878787878777,0.011151515151515197,3
Gemma4-E4B,5,native_thinking,ncc_recall,quality_spearman,-0.28322059201851035,0.19233756968568375,-0.6602022286024505,0.09376104456542977,3
Gemma4-E4B,5,native_thinking,ncc_recall,late_8_10_minus_early_1_3,-0.22222222222222232,0.22222222222222224,-0.6577777777777779,0.21333333333333326,3
Gemma4-E4B,5,native_thinking,silhouette_cosine,quality_slope_per_index,-0.01550271027919008,0.04536406538965893,-0.10441627844292158,0.07341085788454142,3
Gemma4-E4B,5,native_thinking,silhouette_cosine,quality_spearman,-0.32121212121212117,0.14019678038705027,-0.5959978107707398,-0.04642643165350263,3
Gemma4-E4B,5,native_thinking,silhouette_cosine,late_8_10_minus_early_1_3,-0.11394320676724116,0.29115151745871165,-0.6846001809863159,0.4567137674518336,3
Gemma4-E4B,5,native_thinking,within_trace,quality_slope_per_index,3.170260238647573,3.1330755123802425,-2.970567765617702,9.311088242912849,3
Gemma4-E4B,5,native_thinking,within_trace,quality_spearman,0.13939393939393938,0.15585698199584572,-0.16608574531791823,0.444873624105797,3
Gemma4-E4B,5,native_thinking,within_trace,late_8_10_minus_early_1_3,46.02569516499841,37.85215044252754,-28.164519702355562,120.21591003235238,3
Gemma4-E4B,6,non_thinking,centroid_nearest_squared,quality_slope_per_index,-206.7287190755206,36.471037223284775,-278.21195203315875,-135.24548611788242,3
Gemma4-E4B,6,non_thinking,centroid_nearest_squared,quality_spearman,-0.9235862696337802,0.038258917943700003,-0.9985737488034322,-0.8485987904641282,3
Gemma4-E4B,6,non_thinking,centroid_nearest_squared,late_8_10_minus_early_1_3,-1281.73215230306,259.6849147388855,-1790.7145851912755,-772.7497194148445,3
Gemma4-E4B,6,non_thinking,class_nc1_ratio,quality_slope_per_index,0.3463646497171766,0.07765232082158918,0.19416610090686182,0.4985631985274914,3
Gemma4-E4B,6,non_thinking,class_nc1_ratio,quality_spearman,0.28484848484848485,0.09696969696969694,0.09478787878787884,0.47490909090909084,3
Gemma4-E4B,6,non_thinking,class_nc1_ratio,late_8_10_minus_early_1_3,3.196756422761122,0.590770769591471,2.0388457143618384,4.354667131160405,3
Gemma4-E4B,6,non_thinking,fisher_nearest,quality_slope_per_index,-0.22628960894471017,0.3287169977422122,-0.8705749245194461,0.4179957066300257,3
Gemma4-E4B,6,non_thinking,fisher_nearest,quality_spearman,-0.3696969696969697,0.09797459113520922,-0.5617271683219798,-0.17766677107195963,3
Gemma4-E4B,6,non_thinking,fisher_nearest,late_8_10_minus_early_1_3,-1.3947846328473192,1.964155974655362,-5.244530343171829,2.45496107747719,3
Gemma4-E4B,6,non_thinking,logistic_f1,quality_slope_per_index,-0.06262626262626257,0.01545141257084485,-0.09291103126511847,-0.03234149398740667,3
Gemma4-E4B,6,non_thinking,logistic_f1,quality_spearman,-0.5003639737012046,0.17329719346548172,-0.8400264728935487,-0.1607014745088604,3
Gemma4-E4B,6,non_thinking,logistic_f1,late_8_10_minus_early_1_3,-0.4444444444444444,0.1242158574381832,-0.6879075250232835,-0.20098136386560536,3
Gemma4-E4B,6,non_thinking,logistic_precision,quality_slope_per_index,-0.06383838383838382,0.008171211481275448,-0.0798539583416837,-0.04782280933508394,3
Gemma4-E4B,6,non_thinking,logistic_precision,quality_spearman,-0.5003639737012046,0.12141778233217689,-0.7383428270722713,-0.26238512033013783,3
Gemma4-E4B,6,non_thinking,logistic_precision,late_8_10_minus_early_1_3,-0.44444444444444453,0.06063224275461078,-0.5632836402434817,-0.3256052486454074,3
Gemma4-E4B,6,non_thinking,logistic_recall,quality_slope_per_index,-0.06060606060606056,0.034462064867135316,-0.12815170774564577,0.0069395865335246595,3
Gemma4-E4B,6,non_thinking,logistic_recall,quality_spearman,-0.5003639737012046,0.2253038388033103,-0.9419594977556928,-0.05876844964671635,3
Gemma4-E4B,6,non_thinking,logistic_recall,late_8_10_minus_early_1_3,-0.4444444444444444,0.2939723678960656,-1.020630285520733,0.13174139663184414,3
Gemma4-E4B,6,non_thinking,mean_bhattacharyya,quality_slope_per_index,-0.9730127734768653,1.3925718061749617,-3.7024535135797905,1.7564279666260596,3
Gemma4-E4B,6,non_thinking,mean_bhattacharyya,quality_spearman,0.22424242424242422,0.10505050505050503,0.018343434343434356,0.43014141414141405,3
Gemma4-E4B,6,non_thinking,mean_bhattacharyya,late_8_10_minus_early_1_3,-5.322468964038071,7.589678806531511,-20.198239424839834,9.553301496763691,3
Gemma4-E4B,6,non_thinking,min_bhattacharyya,quality_slope_per_index,-0.9239874836170302,1.0021866826691037,-2.8882733816484736,1.040298414414413,3
Gemma4-E4B,6,non_thinking,min_bhattacharyya,quality_spearman,-0.3119397334524688,0.0815009222424456,-0.47168154104766213,-0.15219792585727543,3
Gemma4-E4B,6,non_thinking,min_bhattacharyya,late_8_10_minus_early_1_3,-5.608779162168503,6.114029052959112,-17.592276105968363,6.374717781631357,3
Gemma4-E4B,6,non_thinking,nc2_class_cosine_deviation,quality_slope_per_index,-0.012318735444284865,0.01474868750764784,-0.04122616295927463,0.016588692070704902,3
Gemma4-E4B,6,non_thinking,nc2_class_cosine_deviation,quality_spearman,-0.3939393939393939,0.41669084717102983,-1.2106534543946124,0.4227746665158245,3
Gemma4-E4B,6,non_thinking,nc2_class_cosine_deviation,late_8_10_minus_early_1_3,-0.07877253856770539,0.10514128108184075,-0.28484944948811325,0.12730437235270248,3
Gemma4-E4B,6,non_thinking,ncc_recall,quality_slope_per_index,-0.056565656565656534,0.035741022248392214,-0.12661806017250526,0.013486747041192203,3
Gemma4-E4B,6,non_thinking,ncc_recall,quality_spearman,-0.5310476489128454,0.29930033811016177,-1.1176763116087625,0.055581013783071676,3
Gemma4-E4B,6,non_thinking,ncc_recall,late_8_10_minus_early_1_3,-0.33333333333333326,0.33333333333333337,-0.9866666666666667,0.3200000000000002,3
Gemma4-E4B,6,non_thinking,silhouette_cosine,quality_slope_per_index,-0.050389556631897356,0.009431150728965639,-0.06887461206067001,-0.0319045012031247,3
Gemma4-E4B,6,non_thinking,silhouette_cosine,quality_spearman,0.07878787878787878,0.08201124497044218,-0.08195416135418788,0.23952991892994546,3
Gemma4-E4B,6,non_thinking,silhouette_cosine,late_8_10_minus_early_1_3,-0.2882498502731323,0.04148138258136904,-0.36955336013261564,-0.206946340413649,3
Gemma4-E4B,6,non_thinking,within_trace,quality_slope_per_index,85.25312721946028,44.524284738410564,-2.0144708678244285,172.520725306745,3
Gemma4-E4B,6,non_thinking,within_trace,quality_spearman,0.4666666666666666,0.2105666944775011,0.05395594549076449,0.8793773878425688,3
Gemma4-E4B,6,non_thinking,within_trace,late_8_10_minus_early_1_3,659.6555989583334,264.94502233947827,140.36335517295595,1178.9478427437107,3
Gemma4-E4B,6,native_thinking,centroid_nearest_squared,quality_slope_per_index,-29.28175691546791,18.804843018783398,-66.13924923228336,7.575735401347551,3
Gemma4-E4B,6,native_thinking,centroid_nearest_squared,quality_spearman,-0.4451302263229461,0.13821395155233024,-0.7160295713655134,-0.17423088128037884,3
Gemma4-E4B,6,native_thinking,centroid_nearest_squared,late_8_10_minus_early_1_3,-241.5820665359497,127.61015566587858,-491.6979716410717,8.533838569172303,3
Gemma4-E4B,6,native_thinking,class_nc1_ratio,quality_slope_per_index,-0.14622704727409438,0.11480768518158789,-0.37125011023000665,0.07879601568181788,3
Gemma4-E4B,6,native_thinking,class_nc1_ratio,quality_spearman,-0.2121212121212121,0.24656398064472496,-0.695386614184873,0.2711441899424488,3
Gemma4-E4B,6,native_thinking,class_nc1_ratio,late_8_10_minus_early_1_3,-1.2525404339652493,0.9385618685697616,-3.092121696361982,0.5870408284314834,3
Gemma4-E4B,6,native_thinking,fisher_nearest,quality_slope_per_index,-0.8268908573403837,8.874748795808735,-18.221398497125502,16.567616782444734,3
Gemma4-E4B,6,native_thinking,fisher_nearest,quality_spearman,-0.5636363636363636,0.1415871957004867,-0.8411472672093175,-0.28612546006340966,3
Gemma4-E4B,6,native_thinking,fisher_nearest,late_8_10_minus_early_1_3,-5.111071083245359,45.73641428280698,-94.75444307754705,84.53230091105632,3
Gemma4-E4B,6,native_thinking,logistic_f1,quality_slope_per_index,0.008484848484848475,0.008754208754208773,-0.00867340067340072,0.02564309764309767,3
Gemma4-E4B,6,native_thinking,logistic_f1,quality_spearman,0.20832432699328957,0.0,0.20832432699328957,0.20832432699328957,3
Gemma4-E4B,6,native_thinking,logistic_f1,late_8_10_minus_early_1_3,0.06666666666666676,0.07407407407407411,-0.07851851851851849,0.211851851851852,3
Gemma4-E4B,6,native_thinking,logistic_precision,quality_slope_per_index,0.006060606060606059,0.006060606060606101,-0.0058181818181819,0.01793939393939402,3
Gemma4-E4B,6,native_thinking,logistic_precision,quality_spearman,0.13483997249264842,0.0,0.13483997249264842,0.13483997249264842,3
Gemma4-E4B,6,native_thinking,logistic_precision,late_8_10_minus_early_1_3,0.0,0.0,0.0,0.0,3
Gemma4-E4B,6,native_thinking,logistic_recall,quality_slope_per_index,0.010101010101010102,0.010101010101010156,-0.009696969696969803,0.029898989898990008,3
Gemma4-E4B,6,native_thinking,logistic_recall,quality_spearman,0.18993429409939655,0.0,0.18993429409939655,0.18993429409939655,3
Gemma4-E4B,6,native_thinking,logistic_recall,late_8_10_minus_early_1_3,0.11111111111111116,0.11111111111111109,-0.10666666666666658,0.3288888888888889,3
Gemma4-E4B,6,native_thinking,mean_bhattacharyya,quality_slope_per_index,-0.9396100019967051,63.95462401905968,-126.29067307935367,124.41145307536027,3
Gemma4-E4B,6,native_thinking,mean_bhattacharyya,quality_spearman,-0.32121212121212117,0.22233238775268854,-0.7569836012073907,0.11455935878314838,3
Gemma4-E4B,6,native_thinking,mean_bhattacharyya,late_8_10_minus_early_1_3,-6.127856522246638,372.5779693204318,-736.3806763902929,724.1249633457998,3
Gemma4-E4B,6,native_thinking,min_bhattacharyya,quality_slope_per_index,-0.5119002338611677,13.961554722414045,-27.876547489792696,26.852747022070357,3
Gemma4-E4B,6,native_thinking,min_bhattacharyya,quality_spearman,-0.5548883643203848,0.11382325421956606,-0.7779819425907343,-0.3317947860500353,3
Gemma4-E4B,6,native_thinking,min_bhattacharyya,late_8_10_minus_early_1_3,-3.6581149746974333,119.42078545347718,-237.7228544635127,230.40662451411782,3
Gemma4-E4B,6,native_thinking,nc2_class_cosine_deviation,quality_slope_per_index,-0.019406376908969833,0.004730308284577998,-0.028677781146742708,-0.010134972671196956,3
Gemma4-E4B,6,native_thinking,nc2_class_cosine_deviation,quality_spearman,-0.24848484848484845,0.05298940221658181,-0.3523440768293488,-0.14462562014034808,3
Gemma4-E4B,6,native_thinking,nc2_class_cosine_deviation,late_8_10_minus_early_1_3,-0.15804611327348905,0.030570842874317168,-0.2179649653071507,-0.0981272612398274,3
Gemma4-E4B,6,native_thinking,ncc_recall,quality_slope_per_index,-0.022222222222222192,0.010101010101010137,-0.042020202020202055,-0.0024242424242423254,3
Gemma4-E4B,6,native_thinking,ncc_recall,quality_spearman,-0.15255401427929477,0.074155841772952,-0.2978994641542807,-0.007208564404308865,3
Gemma4-E4B,6,native_thinking,ncc_recall,late_8_10_minus_early_1_3,-0.11111111111111116,0.11111111111111112,-0.32888888888888895,0.10666666666666663,3
Gemma4-E4B,6,native_thinking,silhouette_cosine,quality_slope_per_index,-0.013256662406704551,0.03851657985762086,-0.08874915892764143,0.062235834114232336,3
Gemma4-E4B,6,native_thinking,silhouette_cosine,quality_spearman,-0.33333333333333326,0.02137980857425935,-0.3752377581388816,-0.2914289085277849,3
Gemma4-E4B,6,native_thinking,silhouette_cosine,late_8_10_minus_early_1_3,-0.10189533978700636,0.21169565124564074,-0.5168188162284622,0.31302813665444945,3
Gemma4-E4B,6,native_thinking,within_trace,quality_slope_per_index,0.4422302708482321,2.371266264968132,-4.205451608489307,5.089912150185771,3
Gemma4-E4B,6,native_thinking,within_trace,quality_spearman,-0.12727272727272726,0.19594918227041844,-0.5113331245227474,0.25678766997729285,3
Gemma4-E4B,6,native_thinking,within_trace,late_8_10_minus_early_1_3,11.085604349772098,8.179332450747934,-4.945887253693851,27.117095953238046,3
Gemma4-E4B,7,non_thinking,centroid_nearest_squared,quality_slope_per_index,-185.88380792791173,55.58354888613566,-294.82756374473763,-76.94005211108585,3
Gemma4-E4B,7,non_thinking,centroid_nearest_squared,quality_spearman,-0.483200763583236,0.03378913248479302,-0.5494274632534303,-0.4169740639130417,3
Gemma4-E4B,7,non_thinking,centroid_nearest_squared,late_8_10_minus_early_1_3,-1144.0045928955078,372.35225984323955,-1873.8150221882574,-414.1941636027583,3
Gemma4-E4B,7,non_thinking,class_nc1_ratio,quality_slope_per_index,0.5149937874500046,0.14334604725815323,0.23403553482402423,0.795952040075985,3
Gemma4-E4B,7,non_thinking,class_nc1_ratio,quality_spearman,0.34545454545454546,0.0899840705103842,0.16908576725419242,0.5218233236548985,3
Gemma4-E4B,7,non_thinking,class_nc1_ratio,late_8_10_minus_early_1_3,4.852119210140515,1.220796203434933,2.4593586514080465,7.244879768872983,3
Gemma4-E4B,7,non_thinking,fisher_nearest,quality_slope_per_index,-0.25260011960137546,0.5941723146935525,-1.4171778564007382,0.9119776171979874,3
Gemma4-E4B,7,non_thinking,fisher_nearest,quality_spearman,-0.17575757575757575,0.19859726428193142,-0.5650082137501613,0.21349306223500983,3
Gemma4-E4B,7,non_thinking,fisher_nearest,late_8_10_minus_early_1_3,-1.5354248231561687,3.6164500517837204,-8.62366692465226,5.552817278339923,3
Gemma4-E4B,7,non_thinking,logistic_f1,quality_slope_per_index,-0.03949975949975945,0.03641970985317162,-0.11088239081197582,0.031882871812456914,3
Gemma4-E4B,7,non_thinking,logistic_f1,quality_spearman,-0.22226033597299086,0.39402255766219924,-0.9945445489909014,0.5500238770449196,3
Gemma4-E4B,7,non_thinking,logistic_f1,late_8_10_minus_early_1_3,-0.17883597883597874,0.3612962488372503,-0.8869766265569894,0.5293046688850318,3
Gemma4-E4B,7,non_thinking,logistic_precision,quality_slope_per_index,-0.044949494949494906,0.0394083256703544,-0.12218981326338953,0.032290823364399715,3
Gemma4-E4B,7,non_thinking,logistic_precision,quality_spearman,-0.3802117759367726,0.3919719603833267,-1.148476818288093,0.38805326641454774,3
Gemma4-E4B,7,non_thinking,logistic_precision,late_8_10_minus_early_1_3,-0.19444444444444436,0.36146706103598397,-0.902919884074973,0.5140309951860842,3
Gemma4-E4B,7,non_thinking,logistic_recall,quality_slope_per_index,-0.028282828282828232,0.05310480577008048,-0.13236824759218596,0.0758025910265295,3
Gemma4-E4B,7,non_thinking,logistic_recall,quality_spearman,-0.1770158829709485,0.4509257329256242,-1.0608303195051718,0.7067985535632749,3
Gemma4-E4B,7,non_thinking,logistic_recall,late_8_10_minus_early_1_3,-0.11111111111111105,0.4843221048378526,-1.0603824365933021,0.83816021437108,3
Gemma4-E4B,7,non_thinking,mean_bhattacharyya,quality_slope_per_index,-0.9378259510704948,1.6731284603763423,-4.217157733408126,2.341505831267136,3
Gemma4-E4B,7,non_thinking,mean_bhattacharyya,quality_spearman,0.28484848484848485,0.0770859960740966,0.13375993254325552,0.4359370371537142,3
Gemma4-E4B,7,non_thinking,mean_bhattacharyya,late_8_10_minus_early_1_3,-5.089685302089761,9.26332336209454,-23.24579909179506,13.066428487615536,3
Gemma4-E4B,7,non_thinking,min_bhattacharyya,quality_slope_per_index,-0.8272746584632169,1.3306089881064755,-3.435268275151909,1.7807189582254752,3
Gemma4-E4B,7,non_thinking,min_bhattacharyya,quality_spearman,-0.17073488132934914,0.2932883943013604,-0.7455801341600155,0.40411037150131723,3
Gemma4-E4B,7,non_thinking,min_bhattacharyya,late_8_10_minus_early_1_3,-4.965566486120224,8.083990762207986,-20.810188380047876,10.879055407807428,3
Gemma4-E4B,7,non_thinking,nc2_class_cosine_deviation,quality_slope_per_index,-0.015319675321628392,0.009349905832264844,-0.03364549075286749,0.0030061401096107034,3
Gemma4-E4B,7,non_thinking,nc2_class_cosine_deviation,quality_spearman,-0.5151515151515151,0.35711320879166625,-1.215093404383181,0.18479037408015064,3
Gemma4-E4B,7,non_thinking,nc2_class_cosine_deviation,late_8_10_minus_early_1_3,-0.09463055551994909,0.0714400249606941,-0.2346530044429095,0.045391893403011335,3
Gemma4-E4B,7,non_thinking,ncc_recall,quality_slope_per_index,-0.04040404040404034,0.028282828282828288,-0.09583838383838378,0.015030303030303102,3
Gemma4-E4B,7,non_thinking,ncc_recall,quality_spearman,-0.3504633733153655,0.21165405966673093,-0.7653053302621581,0.06437858363142712,3
Gemma4-E4B,7,non_thinking,ncc_recall,late_8_10_minus_early_1_3,-0.2222222222222222,0.22222222222222224,-0.6577777777777778,0.21333333333333337,3
Gemma4-E4B,7,non_thinking,silhouette_cosine,quality_slope_per_index,-0.049299550959558125,0.01809555320599347,-0.08476683524330533,-0.013832266675810924,3
Gemma4-E4B,7,non_thinking,silhouette_cosine,quality_spearman,0.24848484848484845,0.42059034116115085,-0.5758722201910073,1.0728419171607042,3
Gemma4-E4B,7,non_thinking,silhouette_cosine,late_8_10_minus_early_1_3,-0.2691174844900767,0.1026790024559801,-0.4703683293037977,-0.06786663967635573,3
Gemma4-E4B,7,non_thinking,within_trace,quality_slope_per_index,88.30688920454553,58.9227657063785,-27.181731579956335,203.7955099890474,3
Gemma4-E4B,7,non_thinking,within_trace,quality_spearman,0.4666666666666666,0.32913796936430384,-0.1784437532873689,1.1117770866207022,3
Gemma4-E4B,7,non_thinking,within_trace,late_8_10_minus_early_1_3,704.58642578125,403.65762577985384,-86.58252074726352,1495.7553723097635,3
Gemma4-E4B,7,native_thinking,centroid_nearest_squared,quality_slope_per_index,7.193830472773028,20.657966086346914,-33.295783056466924,47.68344400201298,3
Gemma4-E4B,7,native_thinking,centroid_nearest_squared,quality_spearman,-0.4451302263229461,0.024390697332764184,-0.4929359930951639,-0.39732445955072826,3
Gemma4-E4B,7,native_thinking,centroid_nearest_squared,late_8_10_minus_early_1_3,-7.470185597737782,138.17574799283307,-278.2946516636906,263.35428046821505,3
Gemma4-E4B,7,native_thinking,class_nc1_ratio,quality_slope_per_index,-0.15907574300161192,0.11864062365857765,-0.39161136537242414,0.07345987936920026,3
Gemma4-E4B,7,native_thinking,class_nc1_ratio,quality_spearman,-0.17575757575757575,0.21010101010101007,-0.5875555555555555,0.23604040404040397,3
Gemma4-E4B,7,native_thinking,class_nc1_ratio,late_8_10_minus_early_1_3,-1.4559797853419307,1.0533633028885991,-3.520571859003585,0.6086122883197236,3
Gemma4-E4B,7,native_thinking,fisher_nearest,quality_slope_per_index,-1.2120500246613686,4.581745865159301,-10.1922719203736,7.768171871050861,3
Gemma4-E4B,7,native_thinking,fisher_nearest,quality_spearman,-0.5636363636363636,0.07182379327123711,-0.7044109984479884,-0.4228617288247388,3
Gemma4-E4B,7,native_thinking,fisher_nearest,late_8_10_minus_early_1_3,-7.453015010279177,15.324603722676763,-37.48923830672563,22.583208286167277,3
Gemma4-E4B,7,native_thinking,logistic_f1,quality_slope_per_index,-0.0065367965367965535,0.006908185106118328,-0.020076839344788478,0.00700324627119537,3
Gemma4-E4B,7,native_thinking,logistic_f1,quality_spearman,-0.0682788741998919,0.06802179413151486,-0.20160159069766104,0.06504384229787724,3
Gemma4-E4B,7,native_thinking,logistic_f1,late_8_10_minus_early_1_3,0.0,0.0,0.0,0.0,3
Gemma4-E4B,7,native_thinking,logistic_precision,quality_slope_per_index,-0.0006060606060605957,0.01247155500165124,-0.025050308409297027,0.023838187197175835,3
Gemma4-E4B,7,native_thinking,logistic_precision,quality_spearman,-0.008649988268461367,0.09170387877476403,-0.18838959066699887,0.17108961413007615,3
Gemma4-E4B,7,native_thinking,logistic_precision,late_8_10_minus_early_1_3,0.0,0.0,0.0,0.0,3
Gemma4-E4B,7,native_thinking,logistic_recall,quality_slope_per_index,-0.008080808080808086,0.005344952143564826,-0.018556914282195143,0.0023952981205789727,3
Gemma4-E4B,7,native_thinking,logistic_recall,quality_spearman,-0.06741998624632421,0.0949940404775203,-0.253608305582264,0.11876833308961558,3
Gemma4-E4B,7,native_thinking,logistic_recall,late_8_10_minus_early_1_3,0.0,0.0,0.0,0.0,3
Gemma4-E4B,7,native_thinking,mean_bhattacharyya,quality_slope_per_index,-0.47284267206584707,58.36159455938936,-114.86156800846899,113.91588266433729,3
Gemma4-E4B,7,native_thinking,mean_bhattacharyya,quality_spearman,-0.2121212121212121,0.08888888888888888,-0.3863434343434343,-0.037898989898989904,3
Gemma4-E4B,7,native_thinking,mean_bhattacharyya,late_8_10_minus_early_1_3,-3.0973595328353056,281.3245087879003,-554.4933967571199,548.2986776914493,3
Gemma4-E4B,7,native_thinking,min_bhattacharyya,quality_slope_per_index,-0.06220066827354611,18.991174027343774,-37.284901761867346,37.16050042532025,3
Gemma4-E4B,7,native_thinking,min_bhattacharyya,quality_spearman,-0.4451302263229461,0.0652035249816178,-0.572929135286917,-0.3173313173589752,3
Gemma4-E4B,7,native_thinking,min_bhattacharyya,late_8_10_minus_early_1_3,-0.8116724118590355,175.01751080718165,-343.8459935939351,342.222648770217,3
Gemma4-E4B,7,native_thinking,nc2_class_cosine_deviation,quality_slope_per_index,-0.022467235328327867,0.0016582994218318607,-0.025717502195118314,-0.01921696846153742,3
Gemma4-E4B,7,native_thinking,nc2_class_cosine_deviation,quality_spearman,-0.19999999999999998,0.05656565656565654,-0.3108686868686868,-0.08913131313131316,3
Gemma4-E4B,7,native_thinking,nc2_class_cosine_deviation,late_8_10_minus_early_1_3,-0.18168538416364072,0.0070390062970937224,-0.19548183650594442,-0.16788893182133702,3
Gemma4-E4B,7,native_thinking,ncc_recall,quality_slope_per_index,0.0020202020202020952,0.0282828282828283,-0.053414141414141365,0.05745454545454556,3
Gemma4-E4B,7,native_thinking,ncc_recall,quality_spearman,-0.08989331499509895,0.1865517393963303,-0.45553472421190633,0.27574809422170843,3
Gemma4-E4B,7,native_thinking,ncc_recall,late_8_10_minus_early_1_3,0.11111111111111116,0.2222222222222222,-0.32444444444444437,0.5466666666666666,3
Gemma4-E4B,7,native_thinking,silhouette_cosine,quality_slope_per_index,-0.011402736649368646,0.03301238975466824,-0.0761070205685184,0.0533015472697811,3
Gemma4-E4B,7,native_thinking,silhouette_cosine,quality_spearman,-0.28484848484848485,0.07272727272727271,-0.4273939393939393,-0.14230303030303035,3
Gemma4-E4B,7,native_thinking,silhouette_cosine,late_8_10_minus_early_1_3,-0.08509514729181925,0.23421098571231772,-0.544148679287962,0.3739583847043235,3
Gemma4-E4B,7,native_thinking,within_trace,quality_slope_per_index,3.1774556477865543,3.1185426093857784,-2.9348878666095715,9.28979916218268,3
Gemma4-E4B,7,native_thinking,within_trace,quality_spearman,0.01818181818181818,0.1910560067480709,-0.3562879550444008,0.3926515914080372,3
Gemma4-E4B,7,native_thinking,within_trace,late_8_10_minus_early_1_3,41.253428141276004,29.07970868584883,-15.742800882987702,98.2496571655397,3
Gemma4-E4B,8,non_thinking,centroid_nearest_squared,quality_slope_per_index,-236.34634741580822,55.68053831210616,-345.4802025075363,-127.21249232408016,3
Gemma4-E4B,8,non_thinking,centroid_nearest_squared,quality_spearman,-0.9358192003574065,0.023617523564705693,-0.9821095465442297,-0.8895288541705834,3
Gemma4-E4B,8,non_thinking,centroid_nearest_squared,late_8_10_minus_early_1_3,-1445.7003275553384,383.15556335508415,-2196.6852317313032,-694.7154233793734,3
Gemma4-E4B,8,non_thinking,class_nc1_ratio,quality_slope_per_index,0.5198039388111415,0.1791563756515906,0.16865744253402393,0.8709504350882591,3
Gemma4-E4B,8,non_thinking,class_nc1_ratio,quality_spearman,0.34545454545454546,0.19859726428193145,-0.04379609253804018,0.7347051834471311,3
Gemma4-E4B,8,non_thinking,class_nc1_ratio,late_8_10_minus_early_1_3,5.423864072673361,1.6507971055809822,2.1883017457346354,8.659426399612085,3
Gemma4-E4B,8,non_thinking,fisher_nearest,quality_slope_per_index,-0.3392308750867534,0.8643177104899531,-2.0332935876470613,1.3548318374735546,3
Gemma4-E4B,8,non_thinking,fisher_nearest,quality_spearman,-0.3939393939393939,0.1380849090152328,-0.6645858156092501,-0.12329297226953767,3
Gemma4-E4B,8,non_thinking,fisher_nearest,late_8_10_minus_early_1_3,-2.0693303099963383,5.259376301769119,-12.377707861463811,8.239047241471134,3
Gemma4-E4B,8,non_thinking,logistic_f1,quality_slope_per_index,-0.044540644540644464,0.016666596563996033,-0.0772071738060767,-0.01187411527521224,3
Gemma4-E4B,8,non_thinking,logistic_f1,quality_spearman,-0.23354968324845687,0.2551109270132996,-0.7335671001945241,0.2664677336976104,3
Gemma4-E4B,8,non_thinking,logistic_f1,late_8_10_minus_early_1_3,-0.27619047619047615,0.1782401394891254,-0.6255411495891618,0.0731601972082096,3
Gemma4-E4B,8,non_thinking,logistic_precision,quality_slope_per_index,-0.05050505050505044,0.01476867624101014,-0.07945165593743031,-0.021558445072670566,3
Gemma4-E4B,8,non_thinking,logistic_precision,quality_spearman,-0.23354968324845687,0.2551109270132996,-0.7335671001945241,0.2664677336976104,3
Gemma4-E4B,8,non_thinking,logistic_precision,late_8_10_minus_early_1_3,-0.33333333333333337,0.1582222915799543,-0.6434490248300437,-0.02321764183662295,3
Gemma4-E4B,8,non_thinking,logistic_recall,quality_slope_per_index,-0.038383838383838326,0.020502811242610535,-0.07856934841935498,0.0018016716516783202,3
Gemma4-E4B,8,non_thinking,logistic_recall,quality_spearman,-0.18090680674665816,0.23168869993949567,-0.6350166586280697,0.27320304513475335,3
Gemma4-E4B,8,non_thinking,logistic_recall,late_8_10_minus_early_1_3,-0.2222222222222222,0.22222222222222224,-0.6577777777777778,0.21333333333333337,3
Gemma4-E4B,8,non_thinking,mean_bhattacharyya,quality_slope_per_index,-1.2067735578074579,2.213418305763067,-5.54507343710307,3.1315263214881535,3
Gemma4-E4B,8,non_thinking,mean_bhattacharyya,quality_spearman,0.33333333333333326,0.23600940390319566,-0.1292450983169302,0.7959117649835967,3
Gemma4-E4B,8,non_thinking,mean_bhattacharyya,late_8_10_minus_early_1_3,-6.8170782283500415,12.867925376799244,-32.03821196687656,18.404055510176477,3
Gemma4-E4B,8,non_thinking,min_bhattacharyya,quality_slope_per_index,-1.1692215348734987,1.7481968895920725,-4.595687438473961,2.2572443687269637,3
Gemma4-E4B,8,non_thinking,min_bhattacharyya,quality_spearman,-0.36087145634697376,0.0776143663429809,-0.5129956143792163,-0.2087472983147312,3
Gemma4-E4B,8,non_thinking,min_bhattacharyya,late_8_10_minus_early_1_3,-7.147281567255656,10.689077145478402,-28.097872772393323,13.803309637882009,3
Gemma4-E4B,8,non_thinking,nc2_class_cosine_deviation,quality_slope_per_index,-0.02162862378912967,0.012877408123652522,-0.04686834371148861,0.0036110961332292725,3
Gemma4-E4B,8,non_thinking,nc2_class_cosine_deviation,quality_spearman,-0.5636363636363636,0.44708125070296734,-1.4399156150141796,0.3126428877414523,3
Gemma4-E4B,8,non_thinking,nc2_class_cosine_deviation,late_8_10_minus_early_1_3,-0.14479105375753143,0.08197846128335402,-0.30546883787290535,0.015886730357842466,3
Gemma4-E4B,8,non_thinking,ncc_recall,quality_slope_per_index,-0.030303030303030252,0.03446206486713532,-0.09784867744261548,0.037242616836554984,3
Gemma4-E4B,8,non_thinking,ncc_recall,quality_spearman,-0.1919204282689551,0.2777902839485782,-0.7363893848081684,0.3525485282702581,3
Gemma4-E4B,8,non_thinking,ncc_recall,late_8_10_minus_early_1_3,-0.1111111111111111,0.2939723678960656,-0.6872969521873997,0.46507472996517746,3
Gemma4-E4B,8,non_thinking,silhouette_cosine,quality_slope_per_index,-0.05202478314890997,0.01849269725250309,-0.08827046976381603,-0.015779096534003917,3
Gemma4-E4B,8,non_thinking,silhouette_cosine,quality_spearman,0.2727272727272727,0.34775652188040423,-0.4088755101583196,0.954330055612865,3
Gemma4-E4B,8,non_thinking,silhouette_cosine,late_8_10_minus_early_1_3,-0.28940771023432416,0.10824705413642799,-0.501571936341723,-0.0772434841269253,3
Gemma4-E4B,8,non_thinking,within_trace,quality_slope_per_index,81.05340798117906,64.70640404164352,-45.77114394044224,207.87795990280037,3
Gemma4-E4B,8,non_thinking,within_trace,quality_spearman,0.32121212121212117,0.28831616605917204,-0.24388756426385605,0.8863118066880984,3
Gemma4-E4B,8,non_thinking,within_trace,late_8_10_minus_early_1_3,590.0770874023436,395.7941547597693,-185.67945592680417,1365.8336307314914,3
Gemma4-E4B,8,native_thinking,centroid_nearest_squared,quality_slope_per_index,13.841301195549443,9.413250785661768,-4.608670344347621,32.291272735446505,3
Gemma4-E4B,8,native_thinking,centroid_nearest_squared,quality_spearman,-0.4451302263229461,7.850462293418876e-17,-0.44513022632294624,-0.4451302263229459,3
Gemma4-E4B,8,native_thinking,centroid_nearest_squared,late_8_10_minus_early_1_3,16.978442509969227,63.65817670366613,-107.79158382921638,141.74846884915485,3
Gemma4-E4B,8,native_thinking,class_nc1_ratio,quality_slope_per_index,-0.12991512151260262,0.0974045015559215,-0.32082794456220876,0.06099770153700351,3
Gemma4-E4B,8,native_thinking,class_nc1_ratio,quality_spearman,-0.17575757575757575,0.21818181818181814,-0.6033939393939393,0.2518787878787878,3
Gemma4-E4B,8,native_thinking,class_nc1_ratio,late_8_10_minus_early_1_3,-1.2271299979843728,0.8814154382441597,-2.954704256942926,0.5004442609741802,3
Gemma4-E4B,8,native_thinking,fisher_nearest,quality_slope_per_index,-0.5401518942474519,12.328263494841236,-24.703548344136273,23.62324455564137,3
Gemma4-E4B,8,native_thinking,fisher_nearest,quality_spearman,-0.5636363636363636,0.10125223503952864,-0.7620907443138397,-0.3651819829588875,3
Gemma4-E4B,8,native_thinking,fisher_nearest,late_8_10_minus_early_1_3,-3.363219522062405,52.908150028774685,-107.06319357846078,100.33675453433597,3
Gemma4-E4B,8,native_thinking,logistic_f1,quality_slope_per_index,-0.02494949494949493,0.014230280341411248,-0.05284084441866098,0.002941854519671116,3
Gemma4-E4B,8,native_thinking,logistic_f1,quality_spearman,-0.5077905470461433,0.10094368575829278,-0.7056401711323972,-0.3099409229598895,3
Gemma4-E4B,8,native_thinking,logistic_f1,late_8_10_minus_early_1_3,-0.1777777777777777,0.0968644209675705,-0.3676320428742159,0.012076487318660484,3
Gemma4-E4B,8,native_thinking,logistic_precision,quality_slope_per_index,-0.018585858585858612,0.012471555001651247,-0.04303010638909506,0.005858389217377833,3
Gemma4-E4B,8,native_thinking,logistic_precision,quality_spearman,-0.3146266024828463,0.09745121710789964,-0.5056309880143296,-0.123622216951363,3
Gemma4-E4B,8,native_thinking,logistic_precision,late_8_10_minus_early_1_3,-0.11111111111111116,0.09799078929868853,-0.30317305813654066,0.08095083591431834,3
Gemma4-E4B,8,native_thinking,logistic_recall,quality_slope_per_index,-0.02828282828282828,0.01577828217354878,-0.05920826134298389,0.0026426047773273273,3
Gemma4-E4B,8,native_thinking,logistic_recall,quality_spearman,-0.497468338163091,0.12461043110230803,-0.7417047831236148,-0.2532318932025672,3
Gemma4-E4B,8,native_thinking,logistic_recall,late_8_10_minus_early_1_3,-0.22222222222222232,0.11111111111111116,-0.44000000000000017,-0.004444444444444445,3
Gemma4-E4B,8,native_thinking,mean_bhattacharyya,quality_slope_per_index,0.11037919827383182,103.10162897334625,-201.96881358948482,202.18957198603246,3
Gemma4-E4B,8,native_thinking,mean_bhattacharyya,quality_spearman,-0.11515151515151514,0.14612639450525353,-0.401559248381812,0.17125621807878175,3
Gemma4-E4B,8,native_thinking,mean_bhattacharyya,late_8_10_minus_early_1_3,0.5331330164163219,556.399016439143,-1090.008939204304,1091.0752052371365,3
Gemma4-E4B,8,native_thinking,min_bhattacharyya,quality_slope_per_index,0.5052942042097937,1.0970636033877348,-1.6449504584301664,2.6555388668497537,3
Gemma4-E4B,8,native_thinking,min_bhattacharyya,quality_spearman,-0.4451302263229461,0.024390697332764184,-0.4929359930951639,-0.39732445955072826,3
Gemma4-E4B,8,native_thinking,min_bhattacharyya,late_8_10_minus_early_1_3,2.472268708050251,44.95484196333736,-85.63922154009097,90.58375895619147,3
Gemma4-E4B,8,native_thinking,nc2_class_cosine_deviation,quality_slope_per_index,-0.020256174850499544,0.0003050110402247713,-0.020853996489340096,-0.019658353211658992,3
Gemma4-E4B,8,native_thinking,nc2_class_cosine_deviation,quality_spearman,-0.24848484848484845,0.0727272727272727,-0.39103030303030295,-0.10593939393939397,3
Gemma4-E4B,8,native_thinking,nc2_class_cosine_deviation,late_8_10_minus_early_1_3,-0.17053795875713174,0.0018391063609207558,-0.17414260722453642,-0.16693331028972705,3
Gemma4-E4B,8,native_thinking,ncc_recall,quality_slope_per_index,-0.03030303030303029,0.024242424242424274,-0.07781818181818187,0.017212121212121283,3
Gemma4-E4B,8,native_thinking,ncc_recall,quality_spearman,-0.24154385594221672,0.23571198587414477,-0.7035393482555405,0.22045163637110704,3
Gemma4-E4B,8,native_thinking,ncc_recall,late_8_10_minus_early_1_3,-0.22222222222222232,0.22222222222222224,-0.6577777777777779,0.21333333333333326,3
Gemma4-E4B,8,native_thinking,silhouette_cosine,quality_slope_per_index,-0.0114668378775769,0.04633385511076711,-0.10228119389468043,0.07934751813952665,3
Gemma4-E4B,8,native_thinking,silhouette_cosine,quality_spearman,-0.29696969696969694,0.021379808574259293,-0.3388741217752452,-0.2550652721641487,3
Gemma4-E4B,8,native_thinking,silhouette_cosine,late_8_10_minus_early_1_3,-0.0892053817709287,0.40495732003570034,-0.8829217290409014,0.7045109654990439,3
Gemma4-E4B,8,native_thinking,within_trace,quality_slope_per_index,17.104784046519917,11.357071721832002,-5.155076528270804,39.36464462131064,3
Gemma4-E4B,8,native_thinking,within_trace,quality_spearman,0.33333333333333326,0.10505050505050505,0.12743434343434337,0.5392323232323232,3
Gemma4-E4B,8,native_thinking,within_trace,late_8_10_minus_early_1_3,149.34956868489576,102.42537364382225,-51.40416365699585,350.10330102678734,3
Gemma4-E4B,9,non_thinking,centroid_nearest_squared,quality_slope_per_index,-272.4207995790421,71.02126713524699,-411.6224831641262,-133.21911599395804,3
Gemma4-E4B,9,non_thinking,centroid_nearest_squared,quality_spearman,-0.6911605858848819,0.18480163837733773,-1.0533717971044638,-0.3289493746653,3
Gemma4-E4B,9,non_thinking,centroid_nearest_squared,late_8_10_minus_early_1_3,-1647.7705179850261,478.8130179337302,-2586.244033135137,-709.297002834915,3
Gemma4-E4B,9,non_thinking,class_nc1_ratio,quality_slope_per_index,0.5223777200021726,0.24350698794067263,0.04510402363845428,0.9996514163658909,3
Gemma4-E4B,9,non_thinking,class_nc1_ratio,quality_spearman,0.34545454545454546,0.3111898103267831,-0.2644774827859494,0.9553865736950403,3
Gemma4-E4B,9,non_thinking,class_nc1_ratio,late_8_10_minus_early_1_3,5.202689434518536,2.236424101551311,0.819298195477967,9.586080673559106,3
Gemma4-E4B,9,non_thinking,fisher_nearest,quality_slope_per_index,-0.3354194921631918,1.5888636112506456,-3.449592170214457,2.7787531858880734,3
Gemma4-E4B,9,non_thinking,fisher_nearest,quality_spearman,-0.24848484848484845,0.2681318791601948,-0.7740233316388303,0.27705363466913346,3
Gemma4-E4B,9,non_thinking,fisher_nearest,late_8_10_minus_early_1_3,-2.033835092329014,9.730355111907976,-21.105331111668647,17.03766092701062,3
Gemma4-E4B,9,non_thinking,logistic_f1,quality_slope_per_index,-0.0491582491582491,0.016214842264862056,-0.08093933999737873,-0.01737715831911947,3
Gemma4-E4B,9,non_thinking,logistic_f1,quality_spearman,-0.30844354543224933,0.23527165823739346,-0.7695759955775405,0.15268890471304186,3
Gemma4-E4B,9,non_thinking,logistic_f1,late_8_10_minus_early_1_3,-0.3333333333333333,0.1539600717839002,-0.6350950740297777,-0.03157159263688891,3
Gemma4-E4B,9,non_thinking,logistic_precision,quality_slope_per_index,-0.04949494949494943,0.013781535933693157,-0.07650675992498801,-0.022483139064910847,3
Gemma4-E4B,9,non_thinking,logistic_precision,quality_spearman,-0.30844354543224933,0.23527165823739346,-0.7695759955775405,0.15268890471304186,3
Gemma4-E4B,9,non_thinking,logistic_precision,late_8_10_minus_early_1_3,-0.3333333333333333,0.12830005981991682,-0.5848014505803703,-0.08186521608629632,3
Gemma4-E4B,9,non_thinking,logistic_recall,quality_slope_per_index,-0.04848484848484842,0.019482122749480704,-0.0866698090738306,-0.010299887895866243,3
Gemma4-E4B,9,non_thinking,logistic_recall,quality_spearman,-0.3120938919661796,0.222762465694058,-0.7487083247265333,0.12452054079417407,3
Gemma4-E4B,9,non_thinking,logistic_recall,late_8_10_minus_early_1_3,-0.3333333333333333,0.19245008972987526,-0.7105355092038887,0.043868842537222175,3
Gemma4-E4B,9,non_thinking,mean_bhattacharyya,quality_slope_per_index,-1.308466838867172,3.3024551353561074,-7.781278904165142,5.164345226430798,3
Gemma4-E4B,9,non_thinking,mean_bhattacharyya,quality_spearman,0.34545454545454546,0.25896436943777074,-0.16211561864348523,0.8530247095525761,3
Gemma4-E4B,9,non_thinking,mean_bhattacharyya,late_8_10_minus_early_1_3,-7.32738368489124,19.580861966412385,-45.70587313905951,31.051105769277036,3
Gemma4-E4B,9,non_thinking,min_bhattacharyya,quality_slope_per_index,-1.256801227728524,2.75038318576738,-6.647552271832589,4.13394981637554,3
Gemma4-E4B,9,non_thinking,min_bhattacharyya,quality_spearman,-0.36087145634697376,0.2887091217342965,-0.926741334946195,0.20499842225224746,3
Gemma4-E4B,9,non_thinking,min_bhattacharyya,late_8_10_minus_early_1_3,-7.578263133764266,16.93248993207187,-40.76594340062513,25.6094171330966,3
Gemma4-E4B,9,non_thinking,nc2_class_cosine_deviation,quality_slope_per_index,-0.02754183552721625,0.01369135505089633,-0.05437689142697305,-0.0007067796274594466,3
Gemma4-E4B,9,non_thinking,nc2_class_cosine_deviation,quality_spearman,-0.709090909090909,0.45511524332375664,-1.601116786005472,0.18293496782365404,3
Gemma4-E4B,9,non_thinking,nc2_class_cosine_deviation,late_8_10_minus_early_1_3,-0.1743195093018406,0.08334894089637879,-0.337683433458743,-0.010955585144938162,3
Gemma4-E4B,9,non_thinking,ncc_recall,quality_slope_per_index,-0.04444444444444439,0.026494701108290913,-0.09637405861669458,0.007485169727805802,3
Gemma4-E4B,9,non_thinking,ncc_recall,quality_spearman,-0.24967511357294367,0.2947349434130383,-0.8273556026624987,0.32800537551661135,3
Gemma4-E4B,9,non_thinking,ncc_recall,late_8_10_minus_early_1_3,-0.2222222222222222,0.22222222222222224,-0.6577777777777778,0.21333333333333337,3
Gemma4-E4B,9,non_thinking,silhouette_cosine,quality_slope_per_index,-0.05242486785758617,0.025653534599396628,-0.10270579567240357,-0.0021439400427687785,3
Gemma4-E4B,9,non_thinking,silhouette_cosine,quality_spearman,0.17575757575757575,0.25921640294699694,-0.33230657401853825,0.6838217255336898,3
Gemma4-E4B,9,non_thinking,silhouette_cosine,late_8_10_minus_early_1_3,-0.28611038625240326,0.14293136903347076,-0.566255869558006,-0.0059649029468005765,3
Gemma4-E4B,9,non_thinking,within_trace,quality_slope_per_index,107.77977294921885,93.72004294812882,-75.91151122911364,291.4710571275514,3
Gemma4-E4B,9,non_thinking,within_trace,quality_spearman,0.5030303030303029,0.4866632703002359,-0.45082970675815937,1.4568903128187651,3
Gemma4-E4B,9,non_thinking,within_trace,late_8_10_minus_early_1_3,721.178202311198,592.2302560374186,-439.59309952214244,1881.9495041445384,3
Gemma4-E4B,9,native_thinking,centroid_nearest_squared,quality_slope_per_index,82.64976300904272,6.497935040796643,69.91381032908129,95.38571568900414,3
Gemma4-E4B,9,native_thinking,centroid_nearest_squared,quality_spearman,-0.29179466096643103,0.037181850683638926,-0.3646710883063633,-0.21891823362649873,3
Gemma4-E4B,9,native_thinking,centroid_nearest_squared,late_8_10_minus_early_1_3,458.39110692342115,36.73551928319226,386.3894891283643,530.392724718478,3
Gemma4-E4B,9,native_thinking,class_nc1_ratio,quality_slope_per_index,-0.05838043547310936,0.036437025965568894,-0.12979700636562438,0.013036135419405674,3
Gemma4-E4B,9,native_thinking,class_nc1_ratio,quality_spearman,-0.2121212121212121,0.10505050505050505,-0.41802020202020196,-0.006222222222222212,3
Gemma4-E4B,9,native_thinking,class_nc1_ratio,late_8_10_minus_early_1_3,-0.5313591648839358,0.3381315408452168,-1.1940969849405607,0.1313786551726891,3
Gemma4-E4B,9,native_thinking,fisher_nearest,quality_slope_per_index,-0.7888203899550718,37.10855350051776,-73.52158525096988,71.94394447105972,3
Gemma4-E4B,9,native_thinking,fisher_nearest,quality_spearman,-0.406060606060606,0.04499203525519212,-0.4942449951607826,-0.31787621696042945,3
Gemma4-E4B,9,native_thinking,fisher_nearest,late_8_10_minus_early_1_3,-4.85856622645144,215.45728761477798,-427.1548499514163,417.4377174985134,3
Gemma4-E4B,9,native_thinking,logistic_f1,quality_slope_per_index,-0.015844155844155793,0.013264454951913937,-0.041842487549907104,0.010154175861595522,3
Gemma4-E4B,9,native_thinking,logistic_f1,quality_spearman,-0.38276198087941543,0.2270236307494246,-0.8277282971482877,0.0622043353894568,3
Gemma4-E4B,9,native_thinking,logistic_f1,late_8_10_minus_early_1_3,-0.11428571428571432,0.11851851851851845,-0.3465820105820105,0.11801058201058184,3
Gemma4-E4B,9,native_thinking,logistic_precision,quality_slope_per_index,-0.00818181818181815,0.008927322278493495,-0.025679369847665397,0.0093157334840291,3
Gemma4-E4B,9,native_thinking,logistic_precision,quality_spearman,-0.1565900178643122,0.14649427930448808,-0.44371880530110885,0.13053876957248445,3
Gemma4-E4B,9,native_thinking,logistic_precision,late_8_10_minus_early_1_3,-0.08333333333333337,0.07407407407407411,-0.22851851851851862,0.06185185185185188,3
Gemma4-E4B,9,native_thinking,logistic_recall,quality_slope_per_index,-0.018181818181818188,0.01261615757252202,-0.04290948702396134,0.006545850660324971,3
Gemma4-E4B,9,native_thinking,logistic_recall,quality_spearman,-0.29822305232323826,0.14925841887707303,-0.5907695533223014,-0.005676551324175105,3
Gemma4-E4B,9,native_thinking,logistic_recall,late_8_10_minus_early_1_3,-0.11111111111111116,0.11111111111111109,-0.3288888888888889,0.10666666666666658,3
Gemma4-E4B,9,native_thinking,mean_bhattacharyya,quality_slope_per_index,0.8811671423089296,186.77899652885864,-365.205666054254,366.96800033887183,3
Gemma4-E4B,9,native_thinking,mean_bhattacharyya,quality_spearman,0.35757575757575755,0.33968241708256486,-0.30820177990606956,1.0233532950575848,3
Gemma4-E4B,9,native_thinking,mean_bhattacharyya,late_8_10_minus_early_1_3,5.958186246730662,1071.0574536580198,-2093.314422922988,2105.2307954164494,3
Gemma4-E4B,9,native_thinking,min_bhattacharyya,quality_slope_per_index,0.545642371972406,3.3024970693874827,-5.9272518840270605,7.018536627971872,3
Gemma4-E4B,9,native_thinking,min_bhattacharyya,quality_spearman,-0.29179466096643103,0.0631793589885838,-0.4156262045840553,-0.16796311734880678,3
Gemma4-E4B,9,native_thinking,min_bhattacharyya,late_8_10_minus_early_1_3,2.8988056530555077,14.197185897832881,-24.927678706696938,30.725290012807953,3
Gemma4-E4B,9,native_thinking,nc2_class_cosine_deviation,quality_slope_per_index,-0.029206378470020618,0.0014821158822260214,-0.03211132559918362,-0.026301431340857617,3
Gemma4-E4B,9,native_thinking,nc2_class_cosine_deviation,quality_spearman,-0.34545454545454546,0.032323232323232344,-0.40880808080808084,-0.2821010101010101,3
Gemma4-E4B,9,native_thinking,nc2_class_cosine_deviation,late_8_10_minus_early_1_3,-0.23480144916523882,0.014174485105610889,-0.26258343997223615,-0.20701945835824148,3
Gemma4-E4B,9,native_thinking,ncc_recall,quality_slope_per_index,-0.008080808080808053,0.020202020202020242,-0.04767676767676772,0.03151515151515162,3
Gemma4-E4B,9,native_thinking,ncc_recall,quality_spearman,-0.05900529432364949,0.15834465411144394,-0.36936081638207957,0.2513502277347806,3
Gemma4-E4B,9,native_thinking,ncc_recall,late_8_10_minus_early_1_3,0.11111111111111116,0.2222222222222222,-0.32444444444444437,0.5466666666666666,3
Gemma4-E4B,9,native_thinking,silhouette_cosine,quality_slope_per_index,-0.005555895693374308,0.06848037336479591,-0.1397774274883743,0.12866563610162568,3
Gemma4-E4B,9,native_thinking,silhouette_cosine,quality_spearman,-0.23636363636363633,0.04499203525519208,-0.3245480254638128,-0.14817924726345985,3
Gemma4-E4B,9,native_thinking,silhouette_cosine,late_8_10_minus_early_1_3,-0.03792808949947356,0.5061826956850486,-1.0300461730421688,0.9541899940432217,3
Gemma4-E4B,9,native_thinking,within_trace,quality_slope_per_index,23.677124670780135,15.861253049943873,-7.4109313071098555,54.765180648670125,3
Gemma4-E4B,9,native_thinking,within_trace,quality_spearman,0.35757575757575755,0.42043505581668084,-0.46647695182493687,1.181628466976452,3
Gemma4-E4B,9,native_thinking,within_trace,late_8_10_minus_early_1_3,207.99887593587238,144.20983728735345,-74.6524051473404,490.65015701908516,3
Gemma4-E4B,10,non_thinking,centroid_nearest_squared,quality_slope_per_index,-324.20178629557256,58.21628869777614,-438.3057121432138,-210.09786044793134,3
Gemma4-E4B,10,non_thinking,centroid_nearest_squared,quality_spearman,-0.6666947244376294,0.03816795253597346,-0.7415039114081374,-0.5918855374671215,3
Gemma4-E4B,10,non_thinking,centroid_nearest_squared,late_8_10_minus_early_1_3,-1949.1483357747395,394.5728103350025,-2722.511044031344,-1175.7856275181348,3
Gemma4-E4B,10,non_thinking,class_nc1_ratio,quality_slope_per_index,0.3524808505640825,0.3069803923693954,-0.24920071847993241,0.9541624196080974,3
Gemma4-E4B,10,non_thinking,class_nc1_ratio,quality_spearman,0.32121212121212117,0.3969478494000852,-0.4568056636120458,1.099229906036288,3
Gemma4-E4B,10,non_thinking,class_nc1_ratio,late_8_10_minus_early_1_3,3.440465438338796,2.8553656849342164,-2.1560513041322684,9.036982180809861,3
Gemma4-E4B,10,non_thinking,fisher_nearest,quality_slope_per_index,-0.26196714052814224,0.6428181318676888,-1.5218906789888123,0.9979563979325277,3
Gemma4-E4B,10,non_thinking,fisher_nearest,quality_spearman,-0.06666666666666665,0.34054638393059355,-0.73413757917063,0.6008042458372967,3
Gemma4-E4B,10,non_thinking,fisher_nearest,late_8_10_minus_early_1_3,-1.5641346024746772,3.920267068738788,-9.247858057202702,6.119588852253347,3
Gemma4-E4B,10,non_thinking,logistic_f1,quality_slope_per_index,-0.0103751803751803,0.017129831170853337,-0.04394964947005284,0.023199288719692235,3
Gemma4-E4B,10,non_thinking,logistic_f1,quality_spearman,0.27799851904915146,0.20063388753268369,-0.11524390051490857,0.6712409386132114,3
Gemma4-E4B,10,non_thinking,logistic_f1,late_8_10_minus_early_1_3,0.006349206349206327,0.14420683210319843,-0.2762961845730626,0.28899459727147525,3
Gemma4-E4B,10,non_thinking,logistic_precision,quality_slope_per_index,-0.008383838383838313,0.014598823403804716,-0.036997532255295555,0.02022985548761893,3
Gemma4-E4B,10,non_thinking,logistic_precision,quality_spearman,0.27799851904915146,0.20063388753268369,-0.11524390051490857,0.6712409386132114,3
Gemma4-E4B,10,non_thinking,logistic_precision,late_8_10_minus_early_1_3,0.02777777777777779,0.12143404674633335,-0.21023295384503557,0.2657885094005912,3
Gemma4-E4B,10,non_thinking,logistic_recall,quality_slope_per_index,-0.010101010101010027,0.022766520544615452,-0.05472339036845631,0.034521370166436256,3
Gemma4-E4B,10,non_thinking,logistic_recall,quality_spearman,0.24120907566221086,0.22202492416544595,-0.19395977570206316,0.6763779270264849,3
Gemma4-E4B,10,non_thinking,logistic_recall,late_8_10_minus_early_1_3,0.0,0.19245008972987526,-0.3772021758705555,0.3772021758705555,3
Gemma4-E4B,10,non_thinking,mean_bhattacharyya,quality_slope_per_index,-1.2404885360287479,2.8372473825490694,-6.801493405824924,4.320516333767428,3
Gemma4-E4B,10,non_thinking,mean_bhattacharyya,quality_spearman,0.309090909090909,0.36827568048826953,-0.41272942466609924,1.0309112428479172,3
Gemma4-E4B,10,non_thinking,mean_bhattacharyya,late_8_10_minus_early_1_3,-6.896008191285311,17.33028376435974,-40.86336436943041,27.071347986859784,3
Gemma4-E4B,10,non_thinking,min_bhattacharyya,quality_slope_per_index,-1.2545798287247147,2.270713903171762,-5.705179078941368,3.1960194214919384,3
Gemma4-E4B,10,non_thinking,min_bhattacharyya,quality_spearman,0.018349396085439344,0.32722255543279993,-0.6230068125628485,0.6597056047337273,3
Gemma4-E4B,10,non_thinking,min_bhattacharyya,late_8_10_minus_early_1_3,-7.546528975168865,14.207825590141066,-35.393867131845354,20.300809181507624,3
Gemma4-E4B,10,non_thinking,nc2_class_cosine_deviation,quality_slope_per_index,-0.029806119106010363,0.01014571463904858,-0.04969171979854558,-0.009920518413475146,3
Gemma4-E4B,10,non_thinking,nc2_class_cosine_deviation,quality_spearman,-0.709090909090909,0.42889226698070615,-1.549719752373093,0.13153793419127502,3
Gemma4-E4B,10,non_thinking,nc2_class_cosine_deviation,late_8_10_minus_early_1_3,-0.19004169707818902,0.06313761628000435,-0.3137914249869975,-0.0662919691693805,3
Gemma4-E4B,10,non_thinking,ncc_recall,quality_slope_per_index,-0.05454545454545447,0.024493647783802308,-0.10255300420170699,-0.006537904889201952,3
Gemma4-E4B,10,non_thinking,ncc_recall,quality_spearman,-0.4045199174779453,0.3150215570635651,-1.021962169322533,0.21292233436664226,3
Gemma4-E4B,10,non_thinking,ncc_recall,late_8_10_minus_early_1_3,-0.3333333333333333,0.19245008972987526,-0.7105355092038887,0.043868842537222175,3
Gemma4-E4B,10,non_thinking,silhouette_cosine,quality_slope_per_index,-0.05086388127370307,0.02251172250839915,-0.09498685739016541,-0.006740905157240733,3
Gemma4-E4B,10,non_thinking,silhouette_cosine,quality_spearman,-0.01818181818181818,0.34916198303787144,-0.7025393049360462,0.6661756685724098,3
Gemma4-E4B,10,non_thinking,silhouette_cosine,late_8_10_minus_early_1_3,-0.2860170751810074,0.1341393751529847,-0.5489302504808574,-0.023103899881157353,3
Gemma4-E4B,10,non_thinking,within_trace,quality_slope_per_index,122.52816014145365,98.58070057454738,-70.69001298465919,315.7463332675665,3
Gemma4-E4B,10,non_thinking,within_trace,quality_spearman,0.6484848484848483,0.4767676767676767,-0.2859797979797979,1.5829494949494944,3
Gemma4-E4B,10,non_thinking,within_trace,late_8_10_minus_early_1_3,828.4790852864583,669.2501726442965,-483.2512530963629,2140.209423669279,3
Gemma4-E4B,10,native_thinking,centroid_nearest_squared,quality_slope_per_index,150.12858040549565,41.56583178559872,68.65955010572218,231.59761070526912,3
Gemma4-E4B,10,native_thinking,centroid_nearest_squared,quality_spearman,-0.3048837166595521,0.08160663863595544,-0.46483272838602474,-0.14493470493307944,3
Gemma4-E4B,10,native_thinking,centroid_nearest_squared,late_8_10_minus_early_1_3,869.8489964803059,263.9189131425455,352.56792672091683,1387.130066239695,3
Gemma4-E4B,10,native_thinking,class_nc1_ratio,quality_slope_per_index,0.04823846592021789,0.024499416012574743,0.00021961053557139482,0.09625732130486439,3
Gemma4-E4B,10,native_thinking,class_nc1_ratio,quality_spearman,0.18787878787878787,0.11958503908645446,-0.04650788873066286,0.4222654644882386,3
Gemma4-E4B,10,native_thinking,class_nc1_ratio,late_8_10_minus_early_1_3,0.27941309668417136,0.17579382035270696,-0.06514279120713429,0.623968984575477,3
Gemma4-E4B,10,native_thinking,fisher_nearest,quality_slope_per_index,-8.876028226668241,60.73924121426791,-127.92494100663335,110.17288455329687,3
Gemma4-E4B,10,native_thinking,fisher_nearest,quality_spearman,-0.16363636363636364,0.09929863214096571,-0.35826168263265645,0.030988955359929155,3
Gemma4-E4B,10,native_thinking,fisher_nearest,late_8_10_minus_early_1_3,-54.29589547729404,370.21084587593714,-779.9091533941308,671.3173624395428,3
Gemma4-E4B,10,native_thinking,logistic_f1,quality_slope_per_index,-0.03131313131313126,0.0022216553143270174,-0.03566757572921221,-0.026958686897050305,3
Gemma4-E4B,10,native_thinking,logistic_f1,quality_spearman,-0.47203432003085055,0.14295038434538224,-0.7522170733477997,-0.19185156671390136,3
Gemma4-E4B,10,native_thinking,logistic_f1,late_8_10_minus_early_1_3,-0.2333333333333334,0.05581557805164107,-0.3427318663145499,-0.12393480035211689,3
Gemma4-E4B,10,native_thinking,logistic_precision,quality_slope_per_index,-0.03901875901875901,0.00733285193846039,-0.053391148818141373,-0.024646369219376643,3
Gemma4-E4B,10,native_thinking,logistic_precision,quality_spearman,-0.38276198087941543,0.15011767728757294,-0.6769926283630584,-0.08853133339577246,3
Gemma4-E4B,10,native_thinking,logistic_precision,late_8_10_minus_early_1_3,-0.40476190476190477,0.11095352897095645,-0.6222308215449794,-0.18729298797883012,3
Gemma4-E4B,10,native_thinking,logistic_recall,quality_slope_per_index,-0.026262626262626213,0.0053449521435648345,-0.03673873246401329,-0.015786520061239137,3
Gemma4-E4B,10,native_thinking,logistic_recall,quality_spearman,-0.2696799449852968,0.12389950366046079,-0.5125229721597999,-0.026836917810793642,3
Gemma4-E4B,10,native_thinking,logistic_recall,late_8_10_minus_early_1_3,-0.11111111111111116,0.11111111111111116,-0.328888888888889,0.10666666666666672,3
Gemma4-E4B,10,native_thinking,mean_bhattacharyya,quality_slope_per_index,1.2091050355924193,20.309976098210416,-38.598448116899995,41.01665818808484,3
Gemma4-E4B,10,native_thinking,mean_bhattacharyya,quality_spearman,0.4787878787878787,0.23848653839795883,0.011354263527879382,0.946221494047878,3
Gemma4-E4B,10,native_thinking,mean_bhattacharyya,late_8_10_minus_early_1_3,8.4409695400132,106.22997763120111,-199.769786617141,216.65172569716736,3
Gemma4-E4B,10,native_thinking,min_bhattacharyya,quality_slope_per_index,0.4469598184932416,13.227810796416016,-25.479549342482148,26.37346897946863,3
Gemma4-E4B,10,native_thinking,min_bhattacharyya,quality_spearman,-0.042683720332337284,0.10441374159110892,-0.24733465385091075,0.1619672131862362,3
Gemma4-E4B,10,native_thinking,min_bhattacharyya,late_8_10_minus_early_1_3,2.18679279088974,78.95635848506042,-152.56766983982868,156.94125542160816,3
Gemma4-E4B,10,native_thinking,nc2_class_cosine_deviation,quality_slope_per_index,-0.034012567489681456,0.00029282766986257275,-0.0345865097226121,-0.033438625256750815,3
Gemma4-E4B,10,native_thinking,nc2_class_cosine_deviation,quality_spearman,-0.41818181818181815,0.09319242500744077,-0.6008389711964021,-0.23552466516723425,3
Gemma4-E4B,10,native_thinking,nc2_class_cosine_deviation,late_8_10_minus_early_1_3,-0.26091726967459355,0.0033008331768617366,-0.26738690270124255,-0.25444763664794456,3
Gemma4-E4B,10,native_thinking,ncc_recall,quality_slope_per_index,-0.008080808080808024,0.023298106251860195,-0.053745096334454005,0.03758348017283796,3
Gemma4-E4B,10,native_thinking,ncc_recall,quality_spearman,-0.08263342440128467,0.13472182416262168,-0.3466881997600232,0.18142135095745382,3
Gemma4-E4B,10,native_thinking,ncc_recall,late_8_10_minus_early_1_3,0.11111111111111116,0.2222222222222222,-0.32444444444444437,0.5466666666666666,3
Gemma4-E4B,10,native_thinking,silhouette_cosine,quality_slope_per_index,-0.008493827689777616,0.035247366810461235,-0.07757866663828164,0.0605910112587264,3
Gemma4-E4B,10,native_thinking,silhouette_cosine,quality_spearman,-0.10303030303030303,0.02424242424242424,-0.15054545454545454,-0.05551515151515152,3
Gemma4-E4B,10,native_thinking,silhouette_cosine,late_8_10_minus_early_1_3,-0.06418104966481526,0.33606697333516766,-0.722872317401744,0.5945102180721134,3
Gemma4-E4B,10,native_thinking,within_trace,quality_slope_per_index,12.435058980999623,9.354518370197905,-5.899797024588272,30.769914986587516,3
Gemma4-E4B,10,native_thinking,within_trace,quality_spearman,0.35757575757575755,0.18795480160990716,-0.010815653579660467,0.7259671687311755,3
Gemma4-E4B,10,native_thinking,within_trace,late_8_10_minus_early_1_3,126.80217838287354,99.86258908000156,-68.92849621392952,322.5328529796766,3
Gemma4-E4B,11,non_thinking,centroid_nearest_squared,quality_slope_per_index,-190.25708992697955,39.17479638023784,-267.0396908322457,-113.47448902171338,3
Gemma4-E4B,11,non_thinking,centroid_nearest_squared,quality_spearman,-0.8475767323135548,0.1265936047222973,-1.0957001975692575,-0.5994532670578521,3
Gemma4-E4B,11,non_thinking,centroid_nearest_squared,late_8_10_minus_early_1_3,-1168.7101287841797,238.87831410194866,-1636.911624423999,-700.5086331443604,3
Gemma4-E4B,11,non_thinking,class_nc1_ratio,quality_slope_per_index,0.1124714611407656,0.12018076333470765,-0.12308283499526139,0.3480257572767926,3
Gemma4-E4B,11,non_thinking,class_nc1_ratio,quality_spearman,0.12727272727272726,0.16698164298805512,-0.20001129298386078,0.4545567475293153,3
Gemma4-E4B,11,non_thinking,class_nc1_ratio,late_8_10_minus_early_1_3,1.302278657980585,1.2303344855022835,-1.1091769336038908,3.7137342495650607,3
Gemma4-E4B,11,non_thinking,fisher_nearest,quality_slope_per_index,-0.37617553733601156,0.3835705046245892,-1.1279737264002063,0.37562265172818327,3
Gemma4-E4B,11,non_thinking,fisher_nearest,quality_spearman,-0.5393939393939393,0.15417199214819322,-0.841571044004398,-0.2372168347834806,3
Gemma4-E4B,11,non_thinking,fisher_nearest,late_8_10_minus_early_1_3,-2.279053468166518,2.2336478309924033,-6.657003216911629,2.0988962805785922,3
Gemma4-E4B,11,non_thinking,logistic_f1,quality_slope_per_index,-0.048311688311688215,0.02509243117461661,-0.09749285341393676,0.0008694767905603404,3
Gemma4-E4B,11,non_thinking,logistic_f1,quality_spearman,-0.26628760937957835,0.21151987067648256,-0.6808665559054842,0.14829133714632747,3
Gemma4-E4B,11,non_thinking,logistic_f1,late_8_10_minus_early_1_3,-0.2952380952380953,0.152419837232969,-0.5939809762147146,0.0035047857385239745,3
Gemma4-E4B,11,non_thinking,logistic_precision,quality_slope_per_index,-0.04297520661157019,0.03809897632745953,-0.11764920021339087,0.03169878699025049,3
Gemma4-E4B,11,non_thinking,logistic_precision,quality_spearman,-0.21248333129777175,0.24348623893020385,-0.6897163596009712,0.2647496970054278,3
Gemma4-E4B,11,non_thinking,logistic_precision,late_8_10_minus_early_1_3,-0.2727272727272727,0.2480259649132354,-0.7588581639572141,0.21340361850266865,3
Gemma4-E4B,11,non_thinking,logistic_recall,quality_slope_per_index,-0.04444444444444437,0.02222222222222224,-0.08799999999999997,-0.0008888888888887794,3
Gemma4-E4B,11,non_thinking,logistic_recall,quality_spearman,-0.25360913735540497,0.15373274122597644,-0.5549253101583188,0.04770703544750887,3
Gemma4-E4B,11,non_thinking,logistic_recall,late_8_10_minus_early_1_3,-0.22222222222222215,0.11111111111111109,-0.4399999999999999,-0.0044444444444444176,3
Gemma4-E4B,11,non_thinking,mean_bhattacharyya,quality_slope_per_index,-1.2858992071665474,0.9916817992656003,-3.2295955337271236,0.6577971193940291,3
Gemma4-E4B,11,non_thinking,mean_bhattacharyya,quality_spearman,0.19999999999999998,0.15731654411258003,-0.10834042646065686,0.5083404264606568,3
Gemma4-E4B,11,non_thinking,mean_bhattacharyya,late_8_10_minus_early_1_3,-7.213181491251346,5.464254940465796,-17.923121174564308,3.4967581920616144,3
Gemma4-E4B,11,non_thinking,min_bhattacharyya,quality_slope_per_index,-1.0971311876268086,0.7446457394698739,-2.5566368369877615,0.3623744617341442,3
Gemma4-E4B,11,non_thinking,min_bhattacharyya,quality_spearman,-0.2500046476608327,0.19338164205102057,-0.629032666080833,0.12902337075916764,3
Gemma4-E4B,11,non_thinking,min_bhattacharyya,late_8_10_minus_early_1_3,-6.582041720549265,4.289572597624485,-14.989604011893254,1.8255205707947244,3
Gemma4-E4B,11,non_thinking,nc2_class_cosine_deviation,quality_slope_per_index,-0.030078083736661043,0.00089552006459111,-0.03183330306325962,-0.028322864410062466,3
Gemma4-E4B,11,non_thinking,nc2_class_cosine_deviation,quality_spearman,-0.6727272727272726,0.05046463029008807,-0.7716379480958452,-0.5738165973587,3
Gemma4-E4B,11,non_thinking,nc2_class_cosine_deviation,late_8_10_minus_early_1_3,-0.20021296482640527,0.02723656360849635,-0.2535966294990581,-0.14682930015375242,3
Gemma4-E4B,11,non_thinking,ncc_recall,quality_slope_per_index,-0.06868686868686864,0.02828282828282826,-0.12412121212121204,-0.013252525252525252,3
Gemma4-E4B,11,non_thinking,ncc_recall,quality_spearman,-0.45485671855824034,0.19452713756323073,-0.8361299081821725,-0.07358352893430814,3
Gemma4-E4B,11,non_thinking,ncc_recall,late_8_10_minus_early_1_3,-0.44444444444444436,0.22222222222222218,-0.8799999999999999,-0.00888888888888889,3
Gemma4-E4B,11,non_thinking,silhouette_cosine,quality_slope_per_index,-0.055203420375332615,0.010430057090402437,-0.07564633227252139,-0.03476050847814384,3
Gemma4-E4B,11,non_thinking,silhouette_cosine,quality_spearman,-0.05454545454545454,0.2678882336040529,-0.5796063924093983,0.47051548331848914,3
Gemma4-E4B,11,non_thinking,silhouette_cosine,late_8_10_minus_early_1_3,-0.3139602988958359,0.06373355327535761,-0.4388780633155368,-0.18904253447613495,3
Gemma4-E4B,11,non_thinking,within_trace,quality_slope_per_index,40.58762539950296,26.392127653742072,-11.140944801831502,92.31619560083743,3
Gemma4-E4B,11,non_thinking,within_trace,quality_spearman,0.29696969696969694,0.09319242500744077,0.11431254395511303,0.47962684998428085,3
Gemma4-E4B,11,non_thinking,within_trace,late_8_10_minus_early_1_3,407.5601603190104,196.0633011482525,23.276090068435508,791.8442305695853,3
Gemma4-E4B,11,native_thinking,centroid_nearest_squared,quality_slope_per_index,134.6195931636928,74.0224442442726,-10.464397555081518,279.7035838824671,3
Gemma4-E4B,11,native_thinking,centroid_nearest_squared,quality_spearman,-0.25689154519615076,0.19136125956478212,-0.6319596139431237,0.1181765235508222,3
Gemma4-E4B,11,native_thinking,centroid_nearest_squared,late_8_10_minus_early_1_3,784.8520329793295,468.60935365048965,-133.62230017563024,1703.3263661342892,3
Gemma4-E4B,11,native_thinking,class_nc1_ratio,quality_slope_per_index,0.10288105040252753,0.04470070901177258,0.015267660739453265,0.1904944400656018,3
Gemma4-E4B,11,native_thinking,class_nc1_ratio,quality_spearman,0.33333333333333326,0.12201752622659798,0.09417898192920124,0.5724876847374653,3
Gemma4-E4B,11,native_thinking,class_nc1_ratio,late_8_10_minus_early_1_3,0.7853278895781656,0.34668143305547633,0.10583228078943197,1.4648234983668993,3
Gemma4-E4B,11,native_thinking,fisher_nearest,quality_slope_per_index,0.2486410126424298,50.63707603481701,-99.00002801559891,99.49731004088376,3
Gemma4-E4B,11,native_thinking,fisher_nearest,quality_spearman,-0.06666666666666665,0.048484848484848485,-0.16169696969696967,0.028363636363636383,3
Gemma4-E4B,11,native_thinking,fisher_nearest,late_8_10_minus_early_1_3,1.4947750600164635,309.16487390058137,-604.468377785123,607.4579279051559,3
Gemma4-E4B,11,native_thinking,logistic_f1,quality_slope_per_index,-0.028080808080808012,0.022240962927399736,-0.0716730954185115,0.015511479256895472,3
Gemma4-E4B,11,native_thinking,logistic_f1,quality_spearman,-0.15291163404532787,0.16287940363083636,-0.47215526516176715,0.1663319970711114,3
Gemma4-E4B,11,native_thinking,logistic_f1,late_8_10_minus_early_1_3,-0.2634920634920636,0.19372884193514103,-0.6432005936849401,0.11621646670081281,3
Gemma4-E4B,11,native_thinking,logistic_precision,quality_slope_per_index,-0.018542568542568496,0.024047193676644874,-0.06567506814879245,0.02858993106365546,3
Gemma4-E4B,11,native_thinking,logistic_precision,quality_spearman,-0.14155521462623263,0.18699516090975288,-0.5080657300093483,0.224955300756883,3
Gemma4-E4B,11,native_thinking,logistic_precision,late_8_10_minus_early_1_3,-0.19444444444444453,0.19598157859737714,-0.5785683384953038,0.18967944960641464,3
Gemma4-E4B,11,native_thinking,logistic_recall,quality_slope_per_index,-0.034343434343434294,0.022766520544615466,-0.0789658146108806,0.010278945924012017,3
Gemma4-E4B,11,native_thinking,logistic_recall,quality_spearman,-0.2669695249887658,0.18226656272549435,-0.6242119879307347,0.09027293795320313,3
Gemma4-E4B,11,native_thinking,logistic_recall,late_8_10_minus_early_1_3,-0.33333333333333337,0.19245008972987526,-0.7105355092038889,0.04386884253722212,3
Gemma4-E4B,11,native_thinking,mean_bhattacharyya,quality_slope_per_index,2.906916664184547,20.256324751866163,-36.79547984947313,42.60931317784223,3
Gemma4-E4B,11,native_thinking,mean_bhattacharyya,quality_spearman,0.406060606060606,0.08888888888888885,0.23183838383838387,0.5802828282828282,3
Gemma4-E4B,11,native_thinking,mean_bhattacharyya,late_8_10_minus_early_1_3,18.585020588503937,123.43252417204887,-223.34272678871184,260.5127679657197,3
Gemma4-E4B,11,native_thinking,min_bhattacharyya,quality_slope_per_index,1.506913911212576,7.447052390728004,-13.089308774614311,16.103136597039462,3
Gemma4-E4B,11,native_thinking,min_bhattacharyya,quality_spearman,-0.0731720919982925,0.05692231420576568,-0.1847398278415932,0.03839564384500822,3
Gemma4-E4B,11,native_thinking,min_bhattacharyya,late_8_10_minus_early_1_3,9.038260757923128,44.91670591768593,-78.9984828407413,97.07500435658756,3
Gemma4-E4B,11,native_thinking,nc2_class_cosine_deviation,quality_slope_per_index,-0.023613246664365838,0.0059480035135543894,-0.03527133355093244,-0.011955159777799235,3
Gemma4-E4B,11,native_thinking,nc2_class_cosine_deviation,quality_spearman,-0.33333333333333326,0.08397822097303644,-0.4979306464404847,-0.16873602022618184,3
Gemma4-E4B,11,native_thinking,nc2_class_cosine_deviation,late_8_10_minus_early_1_3,-0.15379289531536072,0.05168306114750235,-0.25509169516446534,-0.05249409546625611,3
Gemma4-E4B,11,native_thinking,ncc_recall,quality_slope_per_index,0.006060606060606141,0.006998185081086377,-0.007655836698323157,0.019777048819535438,3
Gemma4-E4B,11,native_thinking,ncc_recall,quality_spearman,0.07895420339517227,0.06359881418673838,-0.045699472410834954,0.2036078792011795,3
Gemma4-E4B,11,native_thinking,ncc_recall,late_8_10_minus_early_1_3,0.0,0.0,0.0,0.0,3
Gemma4-E4B,11,native_thinking,silhouette_cosine,quality_slope_per_index,0.028854677013375626,0.015691559242365625,-0.0019007791016609973,0.05961013312841225,3
Gemma4-E4B,11,native_thinking,silhouette_cosine,quality_spearman,0.24848484848484845,0.13497610576557625,-0.01606831881568102,0.5130380157853779,3
Gemma4-E4B,11,native_thinking,silhouette_cosine,late_8_10_minus_early_1_3,0.23015812908609706,0.14913988347342777,-0.062156042521821386,0.5224723006940155,3
Gemma4-E4B,11,native_thinking,within_trace,quality_slope_per_index,29.747809762665746,13.392713762424593,3.4980907883135437,55.997528737017944,3
Gemma4-E4B,11,native_thinking,within_trace,quality_spearman,0.28484848484848485,0.2666666666666666,-0.23781818181818165,0.8075151515151513,3
Gemma4-E4B,11,native_thinking,within_trace,late_8_10_minus_early_1_3,242.01458740234375,121.96428435590012,2.9645900647795145,481.064584739908,3
Gemma4-E4B,12,non_thinking,centroid_nearest_squared,quality_slope_per_index,-205.84661005193513,55.236068726375414,-314.10930475563094,-97.58391534823932,3
Gemma4-E4B,12,non_thinking,centroid_nearest_squared,quality_spearman,-0.8875420937728943,0.1141703445891649,-1.1113159691676575,-0.663768218378131,3
Gemma4-E4B,12,non_thinking,centroid_nearest_squared,late_8_10_minus_early_1_3,-1271.0708516438804,345.40314034267067,-1948.0610067155148,-594.0806965722459,3
Gemma4-E4B,12,non_thinking,class_nc1_ratio,quality_slope_per_index,0.14752413639717887,0.14204518678986966,-0.13088442971096564,0.4259327025053234,3
Gemma4-E4B,12,non_thinking,class_nc1_ratio,quality_spearman,0.12727272727272726,0.23097544934071035,-0.325439153435065,0.5799846079805195,3
Gemma4-E4B,12,non_thinking,class_nc1_ratio,late_8_10_minus_early_1_3,1.4624302752898237,1.396401309378907,-1.274516291092834,4.199376841672482,3
Gemma4-E4B,12,non_thinking,fisher_nearest,quality_slope_per_index,-0.36474688098937635,0.41757546530317585,-1.1831947929836009,0.45370103100484827,3
Gemma4-E4B,12,non_thinking,fisher_nearest,quality_spearman,-0.4787878787878787,0.10871615391574714,-0.6918715404627431,-0.2657042171130143,3
Gemma4-E4B,12,non_thinking,fisher_nearest,late_8_10_minus_early_1_3,-2.207662691343356,2.444685329663201,-6.99924593748323,2.583920554796518,3
Gemma4-E4B,12,non_thinking,logistic_f1,quality_slope_per_index,-0.05909090909090901,0.005259427391182936,-0.06939938677762757,-0.04878243140419046,3
Gemma4-E4B,12,non_thinking,logistic_f1,quality_spearman,-0.39520337841945463,0.003777120071572789,-0.4026065337597373,-0.38780022307917195,3
Gemma4-E4B,12,non_thinking,logistic_f1,late_8_10_minus_early_1_3,-0.41666666666666674,0.037037037037037035,-0.48925925925925934,-0.34407407407407414,3
Gemma4-E4B,12,non_thinking,logistic_precision,quality_slope_per_index,-0.05818181818181809,0.012412329017620736,-0.08250998305635474,-0.03385365330728145,3
Gemma4-E4B,12,non_thinking,logistic_precision,quality_spearman,-0.39520337841945463,0.03699198088046883,-0.4677076609451735,-0.32269909589373574,3
Gemma4-E4B,12,non_thinking,logistic_precision,late_8_10_minus_early_1_3,-0.4,0.0962250448649376,-0.5886010879352777,-0.21139891206472233,3
Gemma4-E4B,12,non_thinking,logistic_recall,quality_slope_per_index,-0.060606060606060594,0.01818181818181822,-0.0962424242424243,-0.024969696969696885,3
Gemma4-E4B,12,non_thinking,logistic_recall,quality_spearman,-0.38953769831209545,0.0824197910486268,-0.551080488767404,-0.22799490785678692,3
Gemma4-E4B,12,non_thinking,logistic_recall,late_8_10_minus_early_1_3,-0.4444444444444444,0.11111111111111112,-0.6622222222222223,-0.22666666666666663,3
Gemma4-E4B,12,non_thinking,mean_bhattacharyya,quality_slope_per_index,-1.2935824728975365,0.9614008772481838,-3.177928192303977,0.5907632465089037,3
Gemma4-E4B,12,non_thinking,mean_bhattacharyya,quality_spearman,0.2727272727272727,0.18795480160990718,-0.09566413842814536,0.6411186838826908,3
Gemma4-E4B,12,non_thinking,mean_bhattacharyya,late_8_10_minus_early_1_3,-7.157948202557034,5.290759756489394,-17.527837325276245,3.2119409201621796,3
Gemma4-E4B,12,non_thinking,min_bhattacharyya,quality_slope_per_index,-1.025317936955075,0.7739559227881571,-2.5422715456198626,0.491635671709713,3
Gemma4-E4B,12,non_thinking,min_bhattacharyya,quality_spearman,-0.26829767066040583,0.08284356541174935,-0.43067105886743456,-0.1059242824533771,3
Gemma4-E4B,12,non_thinking,min_bhattacharyya,late_8_10_minus_early_1_3,-6.121472676595053,4.494335320618361,-14.930369905007039,2.6874245518169335,3
Gemma4-E4B,12,non_thinking,nc2_class_cosine_deviation,quality_slope_per_index,-0.029014222053521777,0.003706797694051916,-0.03627954553386353,-0.02174889857318002,3
Gemma4-E4B,12,non_thinking,nc2_class_cosine_deviation,quality_spearman,-0.6363636363636362,0.0484848484848485,-0.7313939393939393,-0.5413333333333332,3
Gemma4-E4B,12,non_thinking,nc2_class_cosine_deviation,late_8_10_minus_early_1_3,-0.19687081566808634,0.05166612062662464,-0.2981364120962706,-0.09560521923990205,3
Gemma4-E4B,12,non_thinking,ncc_recall,quality_slope_per_index,-0.06868686868686864,0.02828282828282826,-0.12412121212121204,-0.013252525252525252,3
Gemma4-E4B,12,non_thinking,ncc_recall,quality_spearman,-0.45485671855824034,0.19452713756323073,-0.8361299081821725,-0.07358352893430814,3
Gemma4-E4B,12,non_thinking,ncc_recall,late_8_10_minus_early_1_3,-0.44444444444444436,0.22222222222222218,-0.8799999999999999,-0.00888888888888889,3
Gemma4-E4B,12,non_thinking,silhouette_cosine,quality_slope_per_index,-0.051013644807266396,0.016434764668166867,-0.08322578355687346,-0.018801506057659338,3
Gemma4-E4B,12,non_thinking,silhouette_cosine,quality_spearman,0.01818181818181818,0.3126552262166158,-0.5946224252027488,0.6309860615663851,3
Gemma4-E4B,12,non_thinking,silhouette_cosine,late_8_10_minus_early_1_3,-0.2766822725534439,0.09062865854531893,-0.454314443302269,-0.09905010180461882,3
Gemma4-E4B,12,non_thinking,within_trace,quality_slope_per_index,52.972339976917674,35.05991766087989,-15.745098638406908,121.68977859224225,3
Gemma4-E4B,12,non_thinking,within_trace,quality_spearman,0.35757575757575755,0.16222109010007862,0.039622420979603445,0.6755290941719116,3
Gemma4-E4B,12,non_thinking,within_trace,late_8_10_minus_early_1_3,501.56365966796875,272.2697653048921,-32.0850803296197,1035.2123996655573,3
Gemma4-E4B,12,native_thinking,centroid_nearest_squared,quality_slope_per_index,139.7443876786667,29.013414434007757,82.8780953880115,196.6106799693219,3
Gemma4-E4B,12,native_thinking,centroid_nearest_squared,quality_spearman,-0.28659069365997897,0.14223588970081724,-0.5653730374735808,-0.007808349846377183,3
Gemma4-E4B,12,native_thinking,centroid_nearest_squared,late_8_10_minus_early_1_3,826.0849215189617,174.5258995604721,484.01415838043636,1168.155684657487,3
Gemma4-E4B,12,native_thinking,class_nc1_ratio,quality_slope_per_index,0.16866486166958947,0.08440807857116975,0.003225027670096775,0.3341046956690822,3
Gemma4-E4B,12,native_thinking,class_nc1_ratio,quality_spearman,0.4424242424242424,0.05046463029008806,0.3435135670556698,0.541334917792815,3
Gemma4-E4B,12,native_thinking,class_nc1_ratio,late_8_10_minus_early_1_3,1.305385173628908,0.6664123366985693,-0.0007830063002878251,2.6115533535581035,3
Gemma4-E4B,12,native_thinking,fisher_nearest,quality_slope_per_index,0.5304263975272114,31.987816924482782,-62.16569477445904,63.22654756951346,3
Gemma4-E4B,12,native_thinking,fisher_nearest,quality_spearman,0.09090909090909088,0.1900278952130076,-0.28154558370840405,0.4633637655265858,3
Gemma4-E4B,12,native_thinking,fisher_nearest,late_8_10_minus_early_1_3,3.26494454675181,195.23628768686615,-379.39817931950586,385.92806841300944,3
Gemma4-E4B,12,native_thinking,logistic_f1,quality_slope_per_index,-0.037643097643097596,0.011601412525714758,-0.06038186619349852,-0.01490432909269667,3
Gemma4-E4B,12,native_thinking,logistic_f1,quality_spearman,-0.29634711463065444,0.08079068582458872,-0.4546968588468483,-0.13799737041446056,3
Gemma4-E4B,12,native_thinking,logistic_f1,late_8_10_minus_early_1_3,-0.2666666666666667,0.055924699520524083,-0.37627907772689395,-0.1570542556064395,3
Gemma4-E4B,12,native_thinking,logistic_precision,quality_slope_per_index,-0.055555555555555504,0.020694776126198883,-0.09611731676290532,-0.014993794348205691,3
Gemma4-E4B,12,native_thinking,logistic_precision,quality_spearman,-0.35595936665168776,0.11529039153055595,-0.5819285340515774,-0.12999019925179808,3
Gemma4-E4B,12,native_thinking,logistic_precision,late_8_10_minus_early_1_3,-0.33333333333333337,0.1697250257391052,-0.6659943837819795,-0.0006722828846871809,3
Gemma4-E4B,12,native_thinking,logistic_recall,quality_slope_per_index,-0.028282828282828232,0.01726061362690411,-0.06211363099156028,0.00554797442590382,3
Gemma4-E4B,12,native_thinking,logistic_recall,quality_spearman,-0.2669695249887658,0.09394228989268799,-0.4510964131784343,-0.08284263679909734,3
Gemma4-E4B,12,native_thinking,logistic_recall,late_8_10_minus_early_1_3,-0.2222222222222222,0.11111111111111113,-0.44000000000000006,-0.00444444444444439,3
Gemma4-E4B,12,native_thinking,mean_bhattacharyya,quality_slope_per_index,3.2446570953536145,11.719972129843397,-19.726488279139446,26.215802469846672,3
Gemma4-E4B,12,native_thinking,mean_bhattacharyya,quality_spearman,0.5151515151515151,0.10567027741916782,0.3080377714099462,0.722265258893084,3
Gemma4-E4B,12,native_thinking,mean_bhattacharyya,late_8_10_minus_early_1_3,21.383179730839192,71.88205360894646,-119.50564534269587,162.27200480437426,3
Gemma4-E4B,12,native_thinking,min_bhattacharyya,quality_slope_per_index,1.8015627492557886,4.338829968232333,-6.702543988479585,10.305669486991162,3
Gemma4-E4B,12,native_thinking,min_bhattacharyya,quality_spearman,0.042683720332337284,0.1187264499772093,-0.19002012162299295,0.27538756228766753,3
Gemma4-E4B,12,native_thinking,min_bhattacharyya,late_8_10_minus_early_1_3,11.076516032218933,25.937257910941423,-39.76050947322626,61.91354153766412,3
Gemma4-E4B,12,native_thinking,nc2_class_cosine_deviation,quality_slope_per_index,-0.02340437858168618,0.006709351199601381,-0.036554706932904885,-0.010254050230467472,3
Gemma4-E4B,12,native_thinking,nc2_class_cosine_deviation,quality_spearman,-0.4787878787878787,0.2099455524325912,-0.8902811615557574,-0.06729459601999999,3
Gemma4-E4B,12,native_thinking,nc2_class_cosine_deviation,late_8_10_minus_early_1_3,-0.1329024432796157,0.052413977796513085,-0.23563383976078134,-0.03017104679845005,3
Gemma4-E4B,12,native_thinking,ncc_recall,quality_slope_per_index,0.006060606060606133,0.006998185081086387,-0.007655836698323187,0.019777048819535452,3
Gemma4-E4B,12,native_thinking,ncc_recall,quality_spearman,0.08989331499509895,0.06356417261637282,-0.034692463332991766,0.21447909332318965,3
Gemma4-E4B,12,native_thinking,ncc_recall,late_8_10_minus_early_1_3,0.0,0.0,0.0,0.0,3
Gemma4-E4B,12,native_thinking,silhouette_cosine,quality_slope_per_index,0.04157711862882776,0.014682364785636124,0.012799683648980955,0.07035455360867456,3
Gemma4-E4B,12,native_thinking,silhouette_cosine,quality_spearman,0.28484848484848485,0.09319242500744078,0.10219133183390092,0.46750563786306876,3
Gemma4-E4B,12,native_thinking,silhouette_cosine,late_8_10_minus_early_1_3,0.3531665110882993,0.14964800636495004,0.059856418612997175,0.6464766035636014,3
Gemma4-E4B,12,native_thinking,within_trace,quality_slope_per_index,43.67823430841619,13.24314435780854,17.72167136711145,69.63479724972092,3
Gemma4-E4B,12,native_thinking,within_trace,quality_spearman,0.7575757575757575,0.3261484617472414,0.11832477255116436,1.3968267426003504,3
Gemma4-E4B,12,native_thinking,within_trace,late_8_10_minus_early_1_3,358.482655843099,149.26676627479202,65.91979394450664,651.0455177416914,3
Gemma4-E4B,13,non_thinking,centroid_nearest_squared,quality_slope_per_index,-236.4107887961645,37.40975811315706,-309.73391469795234,-163.08766289437665,3
Gemma4-E4B,13,non_thinking,centroid_nearest_squared,quality_spearman,-0.9297027349955934,0.061157251408987756,-1.0495709477572095,-0.8098345222339774,3
Gemma4-E4B,13,non_thinking,centroid_nearest_squared,late_8_10_minus_early_1_3,-1464.4557647705078,237.25781072272588,-1929.4810737870505,-999.4304557539651,3
Gemma4-E4B,13,non_thinking,class_nc1_ratio,quality_slope_per_index,0.1911073805453312,0.13453073322043582,-0.07257285656672299,0.4547876176573854,3
Gemma4-E4B,13,non_thinking,class_nc1_ratio,quality_spearman,0.19999999999999998,0.1738782609402021,-0.1408013914427961,0.540801391442796,3
Gemma4-E4B,13,non_thinking,class_nc1_ratio,late_8_10_minus_early_1_3,1.6539584173748854,1.3401743343134924,-0.9727832778795598,4.28070011262933,3
Gemma4-E4B,13,non_thinking,fisher_nearest,quality_slope_per_index,-0.30738724752061963,0.16851172343873438,-0.6376702254605391,0.022895730419299765,3
Gemma4-E4B,13,non_thinking,fisher_nearest,quality_spearman,-0.5393939393939393,0.09319242500744074,-0.7220510924085232,-0.35673678637935546,3
Gemma4-E4B,13,non_thinking,fisher_nearest,late_8_10_minus_early_1_3,-1.8597660743894273,1.003295218604337,-3.826224702853928,0.10669255407507294,3
Gemma4-E4B,13,non_thinking,logistic_f1,quality_slope_per_index,-0.06666666666666662,0.019800737528981625,-0.10547611222347061,-0.02785722110986264,3
Gemma4-E4B,13,non_thinking,logistic_f1,quality_spearman,-0.35130610293792575,0.19150609179742015,-0.7266580428608692,0.02404583698501772,3
Gemma4-E4B,13,non_thinking,logistic_f1,late_8_10_minus_early_1_3,-0.4888888888888889,0.1413243261358438,-0.7658845681151427,-0.21189320966263503,3
Gemma4-E4B,13,non_thinking,logistic_precision,quality_slope_per_index,-0.07619047619047616,0.03027540828632008,-0.13553027643166352,-0.016850675949288803,3
Gemma4-E4B,13,non_thinking,logistic_precision,quality_spearman,-0.3461585013559571,0.215468251564385,-0.7684762744221517,0.07615927171023751,3
Gemma4-E4B,13,non_thinking,logistic_precision,late_8_10_minus_early_1_3,-0.5555555555555556,0.19598157859737708,-0.9396794496064147,-0.17143166150469652,3
Gemma4-E4B,13,non_thinking,logistic_recall,quality_slope_per_index,-0.058585858585858554,0.013247350554145486,-0.0845506656719837,-0.032621051499733406,3
Gemma4-E4B,13,non_thinking,logistic_recall,quality_spearman,-0.42023031949290335,0.13491818794258428,-0.6846699678603685,-0.15579067112543815,3
Gemma4-E4B,13,non_thinking,logistic_recall,late_8_10_minus_early_1_3,-0.44444444444444436,0.11111111111111109,-0.662222222222222,-0.22666666666666663,3
Gemma4-E4B,13,non_thinking,mean_bhattacharyya,quality_slope_per_index,-1.3917860106586986,0.9242792972350238,-3.203373433239345,0.419801411921948,3
Gemma4-E4B,13,non_thinking,mean_bhattacharyya,quality_spearman,0.35757575757575755,0.20395037517776102,-0.042166977772654046,0.7573184929241692,3
Gemma4-E4B,13,non_thinking,mean_bhattacharyya,late_8_10_minus_early_1_3,-7.847127691463184,5.5315006661687445,-18.688868997153925,2.9946136142275552,3
Gemma4-E4B,13,non_thinking,min_bhattacharyya,quality_slope_per_index,-0.9821697202595783,0.6885374303581392,-2.331703083761531,0.3673636432423746,3
Gemma4-E4B,13,non_thinking,min_bhattacharyya,quality_spearman,0.06097674333191042,0.24803754407259546,-0.4251768430503766,0.5471303297141975,3
Gemma4-E4B,13,non_thinking,min_bhattacharyya,late_8_10_minus_early_1_3,-5.831898430983225,4.149602815086745,-13.965119948553244,2.3013230865867946,3
Gemma4-E4B,13,non_thinking,nc2_class_cosine_deviation,quality_slope_per_index,-0.027796540795931666,0.0014292581025513358,-0.030597886676932286,-0.024995194914931046,3
Gemma4-E4B,13,non_thinking,nc2_class_cosine_deviation,quality_spearman,-0.6969696969696969,0.22626262626262617,-1.1404444444444441,-0.2534949494949496,3
Gemma4-E4B,13,non_thinking,nc2_class_cosine_deviation,late_8_10_minus_early_1_3,-0.1825592658279363,0.020232076364158556,-0.22221413550168706,-0.14290439615418554,3
Gemma4-E4B,13,non_thinking,ncc_recall,quality_slope_per_index,-0.05252525252525248,0.04750697380325191,-0.14563892117962624,0.040588416129121264,3
Gemma4-E4B,13,non_thinking,ncc_recall,quality_spearman,-0.29502647161824747,0.3590024012818962,-0.998671178130764,0.4086182348942691,3
Gemma4-E4B,13,non_thinking,ncc_recall,late_8_10_minus_early_1_3,-0.33333333333333326,0.33333333333333326,-0.9866666666666665,0.31999999999999995,3
Gemma4-E4B,13,non_thinking,silhouette_cosine,quality_slope_per_index,-0.039880083456183844,0.024138729411867184,-0.08719199310344353,0.007431826191075838,3
Gemma4-E4B,13,non_thinking,silhouette_cosine,quality_spearman,0.13939393939393938,0.3307213241160586,-0.5088198558735354,0.7876077346614142,3
Gemma4-E4B,13,non_thinking,silhouette_cosine,late_8_10_minus_early_1_3,-0.20577778915564218,0.15254157277082267,-0.5047592717864546,0.09320369347517024,3
Gemma4-E4B,13,non_thinking,within_trace,quality_slope_per_index,77.61886837121214,35.80290203460626,7.445180383383871,147.79255635904042,3
Gemma4-E4B,13,non_thinking,within_trace,quality_spearman,0.41818181818181815,0.21698135890258666,-0.0071016452672517105,0.8434652816308881,3
Gemma4-E4B,13,non_thinking,within_trace,late_8_10_minus_early_1_3,619.897216796875,266.1093924138424,98.32280766574388,1141.4716259280062,3
Gemma4-E4B,13,native_thinking,centroid_nearest_squared,quality_slope_per_index,112.06329752604181,46.70523065140779,20.52104544928254,203.6055496028011,3
Gemma4-E4B,13,native_thinking,centroid_nearest_squared,quality_spearman,-0.06079055436800646,0.059908220920784246,-0.17821066737274358,0.05662955863673066,3
Gemma4-E4B,13,native_thinking,centroid_nearest_squared,late_8_10_minus_early_1_3,681.0465596516927,301.2338061019889,90.62829969179461,1271.4648196115909,3
Gemma4-E4B,13,native_thinking,class_nc1_ratio,quality_slope_per_index,0.22841361385250683,0.13905420060023185,-0.0441326193239476,0.5009598470289612,3
Gemma4-E4B,13,native_thinking,class_nc1_ratio,quality_spearman,0.43030303030303024,0.32110410482918017,-0.19906101516216285,1.0596670757682234,3
Gemma4-E4B,13,native_thinking,class_nc1_ratio,late_8_10_minus_early_1_3,1.471844958311864,1.0416786365546007,-0.5698451693351534,3.5135350859588814,3
Gemma4-E4B,13,native_thinking,fisher_nearest,quality_slope_per_index,0.5395606446798451,22.817414784064567,-44.18257233208671,45.2616936214464,3
Gemma4-E4B,13,native_thinking,fisher_nearest,quality_spearman,0.406060606060606,0.3519560685314354,-0.28377328826100734,1.0958945003822194,3
Gemma4-E4B,13,native_thinking,fisher_nearest,late_8_10_minus_early_1_3,3.4144067059272674,139.09190086067568,-269.20571898099706,276.0345323928516,3
Gemma4-E4B,13,native_thinking,logistic_f1,quality_slope_per_index,-0.03588744588744586,0.014019678038705026,-0.0633660148433077,-0.008408876931584007,3
Gemma4-E4B,13,native_thinking,logistic_f1,quality_spearman,-0.3006361283785259,0.08205401952886195,-0.4614620066550953,-0.13981025010195647,3
Gemma4-E4B,13,native_thinking,logistic_f1,late_8_10_minus_early_1_3,-0.3261904761904762,0.1223675811680318,-0.5660309352798185,-0.08635001710113388,3
Gemma4-E4B,13,native_thinking,logistic_precision,quality_slope_per_index,-0.035454545454545454,0.02141541194375861,-0.07742875286431233,0.006519661955221426,3
Gemma4-E4B,13,native_thinking,logistic_precision,quality_spearman,-0.24231082079380928,0.11061987829328071,-0.4591257822486394,-0.025495859338979104,3
Gemma4-E4B,13,native_thinking,logistic_precision,late_8_10_minus_early_1_3,-0.35000000000000003,0.22418882889513422,-0.789410104634463,0.08941010463446303,3
Gemma4-E4B,13,native_thinking,logistic_recall,quality_slope_per_index,-0.03838383838383832,0.007283941970634324,-0.05266036464628159,-0.024107312121395046,3
Gemma4-E4B,13,native_thinking,logistic_recall,quality_spearman,-0.31890575373516844,0.02601023758957024,-0.3698858194107261,-0.26792568805961076,3
Gemma4-E4B,13,native_thinking,logistic_recall,late_8_10_minus_early_1_3,-0.33333333333333326,6.409875621278546e-17,-0.33333333333333337,-0.33333333333333315,3
Gemma4-E4B,13,native_thinking,mean_bhattacharyya,quality_slope_per_index,2.4124022981534528,5.080873557044799,-7.546109873654354,12.370914469961258,3
Gemma4-E4B,13,native_thinking,mean_bhattacharyya,quality_spearman,0.43030303030303024,0.32594818634502953,-0.20855541493322766,1.0691614755392882,3
Gemma4-E4B,13,native_thinking,mean_bhattacharyya,late_8_10_minus_early_1_3,16.013787432953162,21.91392786281021,-26.937511178154846,58.96508604406117,3
Gemma4-E4B,13,native_thinking,min_bhattacharyya,quality_slope_per_index,1.346220197099629,2.3249462667584186,-3.210674485746872,5.90311487994613,3
Gemma4-E4B,13,native_thinking,min_bhattacharyya,quality_spearman,0.16463720699615814,0.317216136746784,-0.4571064210275385,0.7863808350198548,3
Gemma4-E4B,13,native_thinking,min_bhattacharyya,late_8_10_minus_early_1_3,8.486784219741821,13.277099454569951,-17.53633071121528,34.50989915069893,3
Gemma4-E4B,13,native_thinking,nc2_class_cosine_deviation,quality_slope_per_index,-0.02325798400133859,0.005198944971894826,-0.03344791614625245,-0.013068051856424732,3
Gemma4-E4B,13,native_thinking,nc2_class_cosine_deviation,quality_spearman,-0.709090909090909,0.08740730364761186,-0.8804092242402283,-0.5377725939415897,3
Gemma4-E4B,13,native_thinking,nc2_class_cosine_deviation,late_8_10_minus_early_1_3,-0.14384465926775228,0.04459392103754274,-0.23124874450133603,-0.05644057403416851,3
Gemma4-E4B,13,native_thinking,ncc_recall,quality_slope_per_index,0.024242424242424298,0.030504381556649515,-0.03554616360860875,0.08403101209345734,3
Gemma4-E4B,13,native_thinking,ncc_recall,quality_spearman,0.13816985594155146,0.2023594121428026,-0.25845459185834163,0.5347943037414445,3
Gemma4-E4B,13,native_thinking,ncc_recall,late_8_10_minus_early_1_3,0.11111111111111116,0.2222222222222222,-0.32444444444444437,0.5466666666666666,3
Gemma4-E4B,13,native_thinking,silhouette_cosine,quality_slope_per_index,0.050971230954834995,0.037256678515359215,-0.022051858935269064,0.12399432084493905,3
Gemma4-E4B,13,native_thinking,silhouette_cosine,quality_spearman,0.4787878787878787,0.27957727502232227,-0.06918358025587296,1.0267593378316304,3
Gemma4-E4B,13,native_thinking,silhouette_cosine,late_8_10_minus_early_1_3,0.43420242269833886,0.39169471561958474,-0.33351921991604727,1.201924065312725,3
Gemma4-E4B,13,native_thinking,within_trace,quality_slope_per_index,49.645574951171895,29.254663655508054,-7.693565813623891,106.98471571596768,3
Gemma4-E4B,13,native_thinking,within_trace,quality_spearman,0.6606060606060605,0.38099960352731427,-0.08615316230747538,1.4073652835195964,3
Gemma4-E4B,13,native_thinking,within_trace,late_8_10_minus_early_1_3,392.21150716145837,265.76388732421844,-128.6857119940098,913.1087263169265,3
Gemma4-E4B,14,non_thinking,centroid_nearest_squared,quality_slope_per_index,-201.19043801047567,38.11781534478023,-275.90135608624496,-126.47951993470642,3
Gemma4-E4B,14,non_thinking,centroid_nearest_squared,quality_spearman,-0.9297027349955934,0.1928691944428755,-1.3077263561036294,-0.5516791138875574,3
Gemma4-E4B,14,non_thinking,centroid_nearest_squared,late_8_10_minus_early_1_3,-1255.5599619547525,217.06678457406676,-1681.0108597199232,-830.1090641895817,3
Gemma4-E4B,14,non_thinking,class_nc1_ratio,quality_slope_per_index,0.21078661362850756,0.11085292608576612,-0.006485121499594043,0.4280583487566092,3
Gemma4-E4B,14,non_thinking,class_nc1_ratio,quality_spearman,0.2606060606060606,0.16141401499343982,-0.05576540878108144,0.5769775299932027,3
Gemma4-E4B,14,non_thinking,class_nc1_ratio,late_8_10_minus_early_1_3,1.8751860061433878,1.1460572256380026,-0.37108615610709705,4.121458168393873,3
Gemma4-E4B,14,non_thinking,fisher_nearest,quality_slope_per_index,-0.3215812948754888,0.16322607239852052,-0.641504396776589,-0.0016581929743885726,3
Gemma4-E4B,14,non_thinking,fisher_nearest,quality_spearman,-0.28484848484848485,0.05827153576507456,-0.399060694948031,-0.17063627474893872,3
Gemma4-E4B,14,non_thinking,fisher_nearest,late_8_10_minus_early_1_3,-1.9537484138430665,0.9447099644864272,-3.8053799442364635,-0.1021168834496693,3
Gemma4-E4B,14,non_thinking,logistic_f1,quality_slope_per_index,-0.08675324675324672,0.015302057952684711,-0.11674528034050875,-0.05676121316598469,3
Gemma4-E4B,14,non_thinking,logistic_f1,quality_spearman,-0.6617241025372943,0.10745759724061056,-0.872340993128891,-0.4511072119456976,3
Gemma4-E4B,14,non_thinking,logistic_f1,late_8_10_minus_early_1_3,-0.6,0.07407407407407411,-0.7451851851851852,-0.4548148148148147,3
Gemma4-E4B,14,non_thinking,logistic_precision,quality_slope_per_index,-0.09545454545454543,0.01085303802106815,-0.116726499975839,-0.07418259093325186,3
Gemma4-E4B,14,non_thinking,logistic_precision,quality_spearman,-0.6575236570725702,0.10830470123458955,-0.8698008714923657,-0.4452464426527747,3
Gemma4-E4B,14,non_thinking,logistic_precision,late_8_10_minus_early_1_3,-0.6666666666666666,0.0,-0.6666666666666666,-0.6666666666666666,3
Gemma4-E4B,14,non_thinking,logistic_recall,quality_slope_per_index,-0.08080808080808076,0.01927149901852415,-0.11858021888438809,-0.04303594273177343,3
Gemma4-E4B,14,non_thinking,logistic_recall,quality_spearman,-0.6621705251876221,0.11712944967475157,-0.8917442465501352,-0.432596803825109,3
Gemma4-E4B,14,non_thinking,logistic_recall,late_8_10_minus_early_1_3,-0.5555555555555555,0.11111111111111109,-0.7733333333333332,-0.33777777777777773,3
Gemma4-E4B,14,non_thinking,mean_bhattacharyya,quality_slope_per_index,-1.3843721176237342,0.9822237053257035,-3.309530580062113,0.5407863448146446,3
Gemma4-E4B,14,non_thinking,mean_bhattacharyya,quality_spearman,0.38181818181818183,0.24893610991110077,-0.10609659360757567,0.8697329572439394,3
Gemma4-E4B,14,non_thinking,mean_bhattacharyya,late_8_10_minus_early_1_3,-7.796432585627944,6.060460093999501,-19.674934369866964,4.082069198611077,3
Gemma4-E4B,14,non_thinking,min_bhattacharyya,quality_slope_per_index,-0.8313205321629832,0.5070237570111122,-1.8250870959047631,0.16244603157879678,3
Gemma4-E4B,14,non_thinking,min_bhattacharyya,quality_spearman,0.12844577259807538,0.17472402062919448,-0.21401330783514577,0.47090485303129653,3
Gemma4-E4B,14,non_thinking,min_bhattacharyya,late_8_10_minus_early_1_3,-4.901579062143962,3.220950584933032,-11.214642208612705,1.4114840843247807,3
Gemma4-E4B,14,non_thinking,nc2_class_cosine_deviation,quality_slope_per_index,-0.023477229094665875,0.004302943774106912,-0.031910998891915426,-0.015043459297416326,3
Gemma4-E4B,14,non_thinking,nc2_class_cosine_deviation,quality_spearman,-0.6242424242424242,0.3787649824729846,-1.3666217898894741,0.11813694140462572,3
Gemma4-E4B,14,non_thinking,nc2_class_cosine_deviation,late_8_10_minus_early_1_3,-0.171060122181604,0.0365635683808035,-0.24272471620797886,-0.09939552815522913,3
Gemma4-E4B,14,non_thinking,ncc_recall,quality_slope_per_index,-0.06262626262626256,0.052989402216581834,-0.16648549097076296,0.04123296571823784,3
Gemma4-E4B,14,non_thinking,ncc_recall,quality_spearman,-0.4719509741997222,0.39584812616485776,-1.2478133014828434,0.303911353083399,3
Gemma4-E4B,14,non_thinking,ncc_recall,late_8_10_minus_early_1_3,-0.4444444444444444,0.40061680838488767,-1.2296533888788241,0.3407644999899354,3
Gemma4-E4B,14,non_thinking,silhouette_cosine,quality_slope_per_index,-0.03743046639543583,0.024265660710148088,-0.08499116138732608,0.010130228596454419,3
Gemma4-E4B,14,non_thinking,silhouette_cosine,quality_spearman,0.33333333333333326,0.3515848067524378,-0.3557728879014448,1.0224395545681113,3
Gemma4-E4B,14,non_thinking,silhouette_cosine,late_8_10_minus_early_1_3,-0.20417428513367972,0.1473744402090675,-0.49302818794345205,0.08467961767609258,3
Gemma4-E4B,14,non_thinking,within_trace,quality_slope_per_index,71.29984556255926,26.977024973246596,18.42487661499593,124.17481451012259,3
Gemma4-E4B,14,non_thinking,within_trace,quality_spearman,0.4545454545454545,0.288316166059172,-0.11055423093052263,1.0196451400214315,3
Gemma4-E4B,14,non_thinking,within_trace,late_8_10_minus_early_1_3,599.0889587402344,229.43475384569982,149.39684120266276,1048.781076277806,3
Gemma4-E4B,14,native_thinking,centroid_nearest_squared,quality_slope_per_index,101.90648729728939,47.00284463215128,9.780911818272884,194.0320627763059,3
Gemma4-E4B,14,native_thinking,centroid_nearest_squared,quality_spearman,-0.2743953449935969,0.2181949002157936,-0.7020573494165523,0.15326665942935852,3
Gemma4-E4B,14,native_thinking,centroid_nearest_squared,late_8_10_minus_early_1_3,594.5896911621094,332.33781096611676,-56.79241833147944,1245.9718006556982,3
Gemma4-E4B,14,native_thinking,class_nc1_ratio,quality_slope_per_index,0.22863900624151912,0.09390962441896132,0.04457614238035493,0.41270187010268333,3
Gemma4-E4B,14,native_thinking,class_nc1_ratio,quality_spearman,0.3939393939393939,0.25128584736107007,-0.09858086688830342,0.8864596547670913,3
Gemma4-E4B,14,native_thinking,class_nc1_ratio,late_8_10_minus_early_1_3,1.5122944658016806,0.8710080508947026,-0.1948813139519363,3.2194702455552973,3
Gemma4-E4B,14,native_thinking,fisher_nearest,quality_slope_per_index,0.40063745131154516,29.237295463358553,-56.90446165687122,57.70573655949431,3
Gemma4-E4B,14,native_thinking,fisher_nearest,quality_spearman,0.2727272727272727,0.17500127537541588,-0.07027522700854238,0.6157297724630878,3
Gemma4-E4B,14,native_thinking,fisher_nearest,late_8_10_minus_early_1_3,2.5503072561863522,178.31210822065177,-346.9414248562911,352.0420393686638,3
Gemma4-E4B,14,native_thinking,logistic_f1,quality_slope_per_index,-0.01030303030303028,0.050022178215257604,-0.10834649960493517,0.08774043899887463,3
Gemma4-E4B,14,native_thinking,logistic_f1,quality_spearman,-0.1834939608543934,0.3945317189019741,-0.9567761299022626,0.5897882081934758,3
Gemma4-E4B,14,native_thinking,logistic_f1,late_8_10_minus_early_1_3,-0.07380952380952371,0.3293008264307881,-0.7192391436138683,0.571620095994821,3
Gemma4-E4B,14,native_thinking,logistic_precision,quality_slope_per_index,-0.038126721763085396,0.07330387601418688,-0.18180231875089167,0.10554887522472087,3
Gemma4-E4B,14,native_thinking,logistic_precision,quality_spearman,-0.33956440218095824,0.4767306020537818,-1.2739563822063706,0.5948275778444541,3
Gemma4-E4B,14,native_thinking,logistic_precision,late_8_10_minus_early_1_3,-0.2757575757575758,0.4868472771825952,-1.2299782390354623,0.6784630875203108,3
Gemma4-E4B,14,native_thinking,logistic_recall,quality_slope_per_index,0.012121212121212168,0.033379215438097604,-0.05330205013745913,0.07754447437988347,3
Gemma4-E4B,14,native_thinking,logistic_recall,quality_spearman,0.0,0.21077749439214152,-0.41312388900859737,0.41312388900859737,3
Gemma4-E4B,14,native_thinking,logistic_recall,late_8_10_minus_early_1_3,0.11111111111111116,0.2222222222222222,-0.32444444444444437,0.5466666666666666,3
Gemma4-E4B,14,native_thinking,mean_bhattacharyya,quality_slope_per_index,2.222710740606394,7.774261077840984,-13.014840971961934,17.460262453174725,3
Gemma4-E4B,14,native_thinking,mean_bhattacharyya,quality_spearman,0.406060606060606,0.1981034452061618,0.01777785345652888,0.7943433586646831,3
Gemma4-E4B,14,native_thinking,mean_bhattacharyya,late_8_10_minus_early_1_3,15.386579425246627,37.8392431923159,-58.77833723169253,89.55149608218578,3
Gemma4-E4B,14,native_thinking,min_bhattacharyya,quality_slope_per_index,1.0831775903701797,2.8062208424644908,-4.4170152608602224,6.583370441600581,3
Gemma4-E4B,14,native_thinking,min_bhattacharyya,quality_spearman,0.14589733048321551,0.1826102087166305,-0.21201867860138024,0.5038133395678113,3
Gemma4-E4B,14,native_thinking,min_bhattacharyya,late_8_10_minus_early_1_3,6.794999122619628,16.27874796943591,-25.11134689747475,38.701345142714004,3
Gemma4-E4B,14,native_thinking,nc2_class_cosine_deviation,quality_slope_per_index,-0.020432432956388722,0.010037906405351986,-0.04010672951087861,-0.0007581364018988297,3
Gemma4-E4B,14,native_thinking,nc2_class_cosine_deviation,quality_spearman,-0.6484848484848483,0.23125798822228982,-1.1017505054005363,-0.1952191915691603,3
Gemma4-E4B,14,native_thinking,nc2_class_cosine_deviation,late_8_10_minus_early_1_3,-0.14204800653236888,0.08016096890090771,-0.29916350557814797,0.015067492513410219,3
Gemma4-E4B,14,native_thinking,ncc_recall,quality_slope_per_index,0.02828282828282834,0.017260613626904116,-0.005547974425903726,0.062113630991560406,3
Gemma4-E4B,14,native_thinking,ncc_recall,quality_spearman,0.1348399724926484,0.12108021577015839,-0.10247725041686204,0.37215719540215886,3
Gemma4-E4B,14,native_thinking,ncc_recall,late_8_10_minus_early_1_3,0.2222222222222222,0.11111111111111112,0.0044444444444444176,0.44,3
Gemma4-E4B,14,native_thinking,silhouette_cosine,quality_slope_per_index,0.04894717091863813,0.026515064107177057,-0.0030223547314289015,0.10091669656870517,3
Gemma4-E4B,14,native_thinking,silhouette_cosine,quality_spearman,0.43030303030303024,0.10597880443316363,0.22258457361402953,0.638021486992031,3
Gemma4-E4B,14,native_thinking,silhouette_cosine,late_8_10_minus_early_1_3,0.41672203441460925,0.3270385820092474,-0.22427358632351563,1.057717655152734,3
Gemma4-E4B,14,native_thinking,within_trace,quality_slope_per_index,58.64572652180991,29.65065897011574,0.530434940383067,116.76101810323675,3
Gemma4-E4B,14,native_thinking,within_trace,quality_spearman,0.6606060606060605,0.3283434287500613,0.017052940255940396,1.3041591809561806,3
Gemma4-E4B,14,native_thinking,within_trace,late_8_10_minus_early_1_3,470.96352640787757,280.5683099446169,-78.95036108357147,1020.8774138993266,3
Gemma4-E4B,15,non_thinking,centroid_nearest_squared,quality_slope_per_index,-197.46963667436063,34.273219391772884,-264.64514668223546,-130.2941266664858,3
Gemma4-E4B,15,non_thinking,centroid_nearest_squared,quality_spearman,-0.7829075663120786,0.2797023739139735,-1.3311242191834667,-0.23469091344069049,3
Gemma4-E4B,15,non_thinking,centroid_nearest_squared,late_8_10_minus_early_1_3,-1233.2767181396484,209.53009163807067,-1643.955697750267,-822.5977385290299,3
Gemma4-E4B,15,non_thinking,class_nc1_ratio,quality_slope_per_index,0.13871456010714128,0.05735809904243731,0.026292685983964156,0.2511364342303184,3
Gemma4-E4B,15,non_thinking,class_nc1_ratio,quality_spearman,0.12727272727272726,0.11313131313131314,-0.09446464646464647,0.349010101010101,3
Gemma4-E4B,15,non_thinking,class_nc1_ratio,late_8_10_minus_early_1_3,1.2126822950399196,0.6314678098934878,-0.024994612351316503,2.450359202431156,3
Gemma4-E4B,15,non_thinking,fisher_nearest,quality_slope_per_index,-0.30115591663920566,0.2385803403247773,-0.7687733836757691,0.16646155039735783,3
Gemma4-E4B,15,non_thinking,fisher_nearest,quality_spearman,-0.2727272727272727,0.23683799417782375,-0.7369297413158072,0.19147519586126183,3
Gemma4-E4B,15,non_thinking,fisher_nearest,late_8_10_minus_early_1_3,-1.8327530966332675,1.4434547205557648,-4.661924348922566,0.9964181556560314,3
Gemma4-E4B,15,non_thinking,logistic_f1,quality_slope_per_index,-0.08173160173160171,0.013713751393858891,-0.10861055446356513,-0.054852648999638286,3
Gemma4-E4B,15,non_thinking,logistic_f1,quality_spearman,-0.5160908565670633,0.11436262618602323,-0.7402416038916688,-0.29194010924245783,3
Gemma4-E4B,15,non_thinking,logistic_f1,late_8_10_minus_early_1_3,-0.5047619047619047,0.1648460228464288,-0.8278601095409052,-0.18166369998290433,3
Gemma4-E4B,15,non_thinking,logistic_precision,quality_slope_per_index,-0.08614718614718607,0.010610068186255065,-0.106942919792246,-0.06535145250212614,3
Gemma4-E4B,15,non_thinking,logistic_precision,quality_spearman,-0.5160908565670633,0.11436262618602323,-0.7402416038916688,-0.29194010924245783,3
Gemma4-E4B,15,non_thinking,logistic_precision,late_8_10_minus_early_1_3,-0.5357142857142857,0.13981174880131017,-0.8097453133648536,-0.2616832580637178,3
Gemma4-E4B,15,non_thinking,logistic_recall,quality_slope_per_index,-0.07272727272727268,0.021284148995662097,-0.1144442047587704,-0.03101034069577497,3
Gemma4-E4B,15,non_thinking,logistic_recall,quality_spearman,-0.4151994368861455,0.14997646663807104,-0.7091533114967647,-0.1212455622755263,3
Gemma4-E4B,15,non_thinking,logistic_recall,late_8_10_minus_early_1_3,-0.4444444444444444,0.2222222222222222,-0.8799999999999999,-0.00888888888888889,3
Gemma4-E4B,15,non_thinking,mean_bhattacharyya,quality_slope_per_index,-1.370591207305187,1.04497139238312,-3.4187351363761023,0.6775527217657284,3
Gemma4-E4B,15,non_thinking,mean_bhattacharyya,quality_spearman,0.33333333333333326,0.2962473176537108,-0.24731140926793993,0.9139780759346064,3
Gemma4-E4B,15,non_thinking,mean_bhattacharyya,late_8_10_minus_early_1_3,-7.988093142156243,6.593925354750963,-20.91218683746813,4.936000553155644,3
Gemma4-E4B,15,non_thinking,min_bhattacharyya,quality_slope_per_index,-0.8461129184925182,0.42608788657177027,-1.681245176173188,-0.010980660811848564,3
Gemma4-E4B,15,non_thinking,min_bhattacharyya,quality_spearman,-0.20184335693983274,0.2245580595222304,-0.6419771536034042,0.2382904397237388,3
Gemma4-E4B,15,non_thinking,min_bhattacharyya,late_8_10_minus_early_1_3,-5.122758865356445,2.8183382806553285,-10.646701895440888,0.4011841647279981,3
Gemma4-E4B,15,non_thinking,nc2_class_cosine_deviation,quality_slope_per_index,-0.02298426453959306,0.007587448098417354,-0.03785566281249107,-0.008112866266695044,3
Gemma4-E4B,15,non_thinking,nc2_class_cosine_deviation,quality_spearman,-0.7696969696969697,0.3149442467863447,-1.3869876933982053,-0.15240624599573405,3
Gemma4-E4B,15,non_thinking,nc2_class_cosine_deviation,late_8_10_minus_early_1_3,-0.15908691415816179,0.055183679326431916,-0.26724692563796837,-0.05092690267835523,3
Gemma4-E4B,15,non_thinking,ncc_recall,quality_slope_per_index,-0.07676767676767672,0.039016581648137316,-0.15324017679802587,-0.0002951767373275821,3
Gemma4-E4B,15,non_thinking,ncc_recall,quality_spearman,-0.6097213746777114,0.2690287428132974,-1.1370177105917743,-0.08242503876364848,3
Gemma4-E4B,15,non_thinking,ncc_recall,late_8_10_minus_early_1_3,-0.5555555555555556,0.2939723678960656,-1.1317413966318441,0.020630285520732983,3
Gemma4-E4B,15,non_thinking,silhouette_cosine,quality_slope_per_index,-0.0405293741912552,0.016598584437099557,-0.07306259968797033,-0.007996148694540066,3
Gemma4-E4B,15,non_thinking,silhouette_cosine,quality_spearman,0.33333333333333326,0.26605377992976686,-0.18813207532900977,0.8547987419956763,3
Gemma4-E4B,15,non_thinking,silhouette_cosine,late_8_10_minus_early_1_3,-0.229322815934817,0.1063042341463428,-0.4376791148616489,-0.020966517007985103,3
Gemma4-E4B,15,non_thinking,within_trace,quality_slope_per_index,63.31445922851568,12.883471101507501,38.06285586956098,88.56606258747038,3
Gemma4-E4B,15,non_thinking,within_trace,quality_spearman,0.4545454545454545,0.21743230783149428,0.028378131195725687,0.8807127778951833,3
Gemma4-E4B,15,non_thinking,within_trace,late_8_10_minus_early_1_3,529.9115091959635,126.99621218078457,280.9989333216257,778.8240850703013,3
Gemma4-E4B,15,native_thinking,centroid_nearest_squared,quality_slope_per_index,92.55207353071745,27.273977453723056,39.09507772142026,146.00906934001463,3
Gemma4-E4B,15,native_thinking,centroid_nearest_squared,quality_spearman,-0.03048837166595521,0.056849665753492255,-0.14191371654280002,0.0809369732108896,3
Gemma4-E4B,15,native_thinking,centroid_nearest_squared,late_8_10_minus_early_1_3,518.8452962239583,253.2528874453083,22.46963683115399,1015.2209556167625,3
Gemma4-E4B,15,native_thinking,class_nc1_ratio,quality_slope_per_index,0.11951609083515452,0.09408245921355854,-0.06488552922342022,0.30391771089372926,3
Gemma4-E4B,15,native_thinking,class_nc1_ratio,quality_spearman,0.16363636363636364,0.30834398429638643,-0.4407178455845538,0.7679905728572811,3
Gemma4-E4B,15,native_thinking,class_nc1_ratio,late_8_10_minus_early_1_3,0.7636396359699462,0.5964704171603458,-0.40544238166433155,1.932721653604224,3
Gemma4-E4B,15,native_thinking,fisher_nearest,quality_slope_per_index,0.45434918207914643,27.420198467175712,-53.28923981358525,54.197938177743545,3
Gemma4-E4B,15,native_thinking,fisher_nearest,quality_spearman,0.18787878787878787,0.2569392015448023,-0.31572204714902463,0.6914796229066004,3
Gemma4-E4B,15,native_thinking,fisher_nearest,late_8_10_minus_early_1_3,2.910736312255171,167.30699842954283,-325.0109806096488,330.8324532341591,3
Gemma4-E4B,15,native_thinking,logistic_f1,quality_slope_per_index,-0.030909090909090848,0.018791190522409892,-0.06773982433301423,0.005921642514832539,3
Gemma4-E4B,15,native_thinking,logistic_f1,quality_spearman,-0.2205747008457648,0.13292865455450598,-0.4811148637725965,0.03996546208106688,3
Gemma4-E4B,15,native_thinking,logistic_f1,late_8_10_minus_early_1_3,-0.2904761904761904,0.1866771177425758,-0.656363341251639,0.0754109602992582,3
Gemma4-E4B,15,native_thinking,logistic_precision,quality_slope_per_index,-0.06115702479338836,0.019191919191919204,-0.09877318640954999,-0.02354086317722672,3
Gemma4-E4B,15,native_thinking,logistic_precision,quality_spearman,-0.30151134457776363,0.13627697805144962,-0.5686142215586049,-0.0344084675969224,3
Gemma4-E4B,15,native_thinking,logistic_precision,late_8_10_minus_early_1_3,-0.5757575757575757,0.2142857142857143,-0.9957575757575757,-0.15575757575757565,3
Gemma4-E4B,15,native_thinking,logistic_recall,quality_slope_per_index,0.004040404040404077,0.021091528300829415,-0.03729899142922158,0.045379799510029725,3
Gemma4-E4B,15,native_thinking,logistic_recall,quality_spearman,-0.006556143813738832,0.11408987176394728,-0.23017229247107548,0.2170600048435978,3
Gemma4-E4B,15,native_thinking,logistic_recall,late_8_10_minus_early_1_3,0.0,0.19245008972987526,-0.3772021758705555,0.3772021758705555,3
Gemma4-E4B,15,native_thinking,mean_bhattacharyya,quality_slope_per_index,2.0034045909791702,5.031570002802176,-7.8584726145130945,11.865281796471436,3
Gemma4-E4B,15,native_thinking,mean_bhattacharyya,quality_spearman,0.34545454545454546,0.20994555243259116,-0.0660387373133332,0.7569478282224241,3
Gemma4-E4B,15,native_thinking,mean_bhattacharyya,late_8_10_minus_early_1_3,14.426828300511392,26.453188556055572,-37.42142126935752,66.27507787038031,3
Gemma4-E4B,15,native_thinking,min_bhattacharyya,quality_slope_per_index,1.256799856821697,2.1395766688629387,-2.936770414149663,5.450370127793057,3
Gemma4-E4B,15,native_thinking,min_bhattacharyya,quality_spearman,0.0,0.2242943548666145,-0.4396169355385644,0.4396169355385644,3
Gemma4-E4B,15,native_thinking,min_bhattacharyya,late_8_10_minus_early_1_3,7.992310047149658,12.551085495183797,-16.60781752341058,32.5924376177099,3
Gemma4-E4B,15,native_thinking,nc2_class_cosine_deviation,quality_slope_per_index,-0.015420045909077047,0.007620471440142281,-0.030356169931755918,-0.00048392188639817535,3
Gemma4-E4B,15,native_thinking,nc2_class_cosine_deviation,quality_spearman,-0.6969696969696969,0.2627194861738805,-1.2118998898705027,-0.18203950406889113,3
Gemma4-E4B,15,native_thinking,nc2_class_cosine_deviation,late_8_10_minus_early_1_3,-0.13442816787663806,0.06530574196633136,-0.2624274221306475,-0.006428913622628596,3
Gemma4-E4B,15,native_thinking,ncc_recall,quality_slope_per_index,0.0040404040404041,0.03325672249122087,-0.061142772042388806,0.069223580123197,3
Gemma4-E4B,15,native_thinking,ncc_recall,quality_spearman,0.025425669046549127,0.2876110028626206,-0.5382918965641873,0.5891432346572855,3
Gemma4-E4B,15,native_thinking,ncc_recall,late_8_10_minus_early_1_3,-0.11111111111111105,0.2939723678960656,-0.6872969521873996,0.4650747299651775,3
Gemma4-E4B,15,native_thinking,silhouette_cosine,quality_slope_per_index,0.042290606191664123,0.03544972574914025,-0.02719085627665077,0.11177206865997902,3
Gemma4-E4B,15,native_thinking,silhouette_cosine,quality_spearman,0.28484848484848485,0.2876359067564878,-0.2789178923942312,0.8486148620912009,3
Gemma4-E4B,15,native_thinking,silhouette_cosine,late_8_10_minus_early_1_3,0.33688075840473175,0.2536544183835747,-0.16028190162707467,0.8340434184365382,3
Gemma4-E4B,15,native_thinking,within_trace,quality_slope_per_index,52.48972944779835,30.69133681413417,-7.6652907079046315,112.64474960350132,3
Gemma4-E4B,15,native_thinking,within_trace,quality_spearman,0.43030303030303024,0.4110105850837824,-0.3752777164611833,1.2358837770672437,3
Gemma4-E4B,15,native_thinking,within_trace,late_8_10_minus_early_1_3,441.4805297851562,252.30729362361814,-53.04176571713532,936.0028252874476,3
Gemma4-E4B,16,non_thinking,centroid_nearest_squared,quality_slope_per_index,-200.57812435265723,25.176338219936667,-249.9237472637331,-151.23250144158135,3
Gemma4-E4B,16,non_thinking,centroid_nearest_squared,quality_spearman,-0.6361123976285639,0.31091049158183237,-1.2454969611289552,-0.02672783412817248,3
Gemma4-E4B,16,non_thinking,centroid_nearest_squared,late_8_10_minus_early_1_3,-1251.2676391601562,170.01936491964673,-1584.505594402664,-918.0296839176486,3
Gemma4-E4B,16,non_thinking,class_nc1_ratio,quality_slope_per_index,0.11189090970274242,0.04522096231562629,0.02325782356411489,0.20052399584136993,3
Gemma4-E4B,16,non_thinking,class_nc1_ratio,quality_spearman,0.01818181818181818,0.11654307153014912,-0.21024260201727407,0.24660623838091045,3
Gemma4-E4B,16,non_thinking,class_nc1_ratio,late_8_10_minus_early_1_3,1.1516531845924358,0.6171876711874374,-0.058034650934941645,2.3613410201198133,3
Gemma4-E4B,16,non_thinking,fisher_nearest,quality_slope_per_index,-0.25662060203712267,0.24359839469675307,-0.7340734556427586,0.22083225156851333,3
Gemma4-E4B,16,non_thinking,fisher_nearest,quality_spearman,-0.22424242424242422,0.23012575136805075,-0.6752888969238037,0.2268040484389552,3
Gemma4-E4B,16,non_thinking,fisher_nearest,late_8_10_minus_early_1_3,-1.550832533723778,1.500473762014924,-4.491761107273029,1.3900960398254731,3
Gemma4-E4B,16,non_thinking,logistic_f1,quality_slope_per_index,-0.10308277581004847,0.004602066208433536,-0.1121028255785782,-0.09406272604151875,3
Gemma4-E4B,16,non_thinking,logistic_f1,quality_spearman,-0.7655239617588309,0.06810586306036756,-0.8990114533571513,-0.6320364701605105,3
Gemma4-E4B,16,non_thinking,logistic_f1,late_8_10_minus_early_1_3,-0.6666666666666666,0.0,-0.6666666666666666,-0.6666666666666666,3
Gemma4-E4B,16,non_thinking,logistic_precision,quality_slope_per_index,-0.10277777777777775,0.004521197277085979,-0.11163932444086627,-0.09391623111468922,3
Gemma4-E4B,16,non_thinking,logistic_precision,quality_spearman,-0.7655239617588309,0.06810586306036756,-0.8990114533571513,-0.6320364701605105,3
Gemma4-E4B,16,non_thinking,logistic_precision,late_8_10_minus_early_1_3,-0.6666666666666666,0.0,-0.6666666666666666,-0.6666666666666666,3
Gemma4-E4B,16,non_thinking,logistic_recall,quality_slope_per_index,-0.10303030303030299,0.00606060606060609,-0.11490909090909092,-0.09115151515151505,3
Gemma4-E4B,16,non_thinking,logistic_recall,quality_spearman,-0.763223966153332,0.06424494273726235,-0.8891440539183662,-0.6373038783882978,3
Gemma4-E4B,16,non_thinking,logistic_recall,late_8_10_minus_early_1_3,-0.6666666666666666,0.0,-0.6666666666666666,-0.6666666666666666,3
Gemma4-E4B,16,non_thinking,mean_bhattacharyya,quality_slope_per_index,-1.3807359455410453,1.2131839297120675,-3.758576447776697,0.9971045566946068,3
Gemma4-E4B,16,non_thinking,mean_bhattacharyya,quality_spearman,0.29696969696969694,0.26593103308128213,-0.22425512786961604,0.8181945218090099,3
Gemma4-E4B,16,non_thinking,mean_bhattacharyya,late_8_10_minus_early_1_3,-8.20495954266301,8.020158129221906,-23.924469475937947,7.514550390611927,3
Gemma4-E4B,16,non_thinking,min_bhattacharyya,quality_slope_per_index,-0.8999205303914608,0.4554131977162693,-1.7925303979153486,-0.007310662867572981,3
Gemma4-E4B,16,non_thinking,min_bhattacharyya,quality_spearman,-0.12805116099701186,0.2946935866720578,-0.7056505908742452,0.4495482688802215,3
Gemma4-E4B,16,non_thinking,min_bhattacharyya,late_8_10_minus_early_1_3,-5.479192137718201,3.1952483749379814,-11.741878952596643,0.7834946771602427,3
Gemma4-E4B,16,non_thinking,nc2_class_cosine_deviation,quality_slope_per_index,-0.02332604125482153,0.009665812534264084,-0.04227103382197914,-0.004381048687663928,3
Gemma4-E4B,16,non_thinking,nc2_class_cosine_deviation,quality_spearman,-0.6969696969696969,0.2779375114653711,-1.2417272194418243,-0.15221217449756952,3
Gemma4-E4B,16,non_thinking,nc2_class_cosine_deviation,late_8_10_minus_early_1_3,-0.16086391253021265,0.07577252347193404,-0.3093780585352034,-0.012349766525221934,3
Gemma4-E4B,16,non_thinking,ncc_recall,quality_slope_per_index,-0.050505050505050476,0.04964931607048285,-0.14781771000319685,0.046807608993095905,3
Gemma4-E4B,16,non_thinking,ncc_recall,quality_spearman,-0.3167890100792656,0.3818672766405391,-1.0652488722947222,0.431670852136191,3
Gemma4-E4B,16,non_thinking,ncc_recall,late_8_10_minus_early_1_3,-0.3333333333333333,0.3849001794597505,-1.0877376850744442,0.42107101840777766,3
Gemma4-E4B,16,non_thinking,silhouette_cosine,quality_slope_per_index,-0.044621431014754485,0.016303155390947836,-0.07657561558101225,-0.012667246448496726,3
Gemma4-E4B,16,non_thinking,silhouette_cosine,quality_spearman,0.18787878787878787,0.18195281210824568,-0.16874872385337364,0.5445062996109493,3
Gemma4-E4B,16,non_thinking,silhouette_cosine,late_8_10_minus_early_1_3,-0.2656189948320389,0.09834700195501316,-0.45837911866386466,-0.0728588710002131,3
Gemma4-E4B,16,non_thinking,within_trace,quality_slope_per_index,66.20014870383524,16.915911971946635,33.04496123881984,99.35533616885064,3
Gemma4-E4B,16,non_thinking,within_trace,quality_spearman,0.6848484848484848,0.10931514552297925,0.4705907996234455,0.8991061700735241,3
Gemma4-E4B,16,non_thinking,within_trace,late_8_10_minus_early_1_3,528.7171630859374,173.16964913291127,189.3046507854313,868.1296753864435,3
Gemma4-E4B,16,native_thinking,centroid_nearest_squared,quality_slope_per_index,95.97380888967815,19.21144310151277,58.31938041071312,133.62823736864317,3
Gemma4-E4B,16,native_thinking,centroid_nearest_squared,quality_spearman,-0.03658604599914625,0.022551149381344268,-0.08078629878658102,0.007614206788288516,3
Gemma4-E4B,16,native_thinking,centroid_nearest_squared,late_8_10_minus_early_1_3,554.0214691162108,161.53255130188916,237.41766856450806,870.6252696679136,3
Gemma4-E4B,16,native_thinking,class_nc1_ratio,quality_slope_per_index,0.10005125120489572,0.10229921776958983,-0.10045521562350035,0.3005577180332918,3
Gemma4-E4B,16,native_thinking,class_nc1_ratio,quality_spearman,0.2121212121212121,0.22496017627596046,-0.22880073337967038,0.6530431576220945,3
Gemma4-E4B,16,native_thinking,class_nc1_ratio,late_8_10_minus_early_1_3,0.7304511719410892,0.6260075648934544,-0.49652365525008146,1.9574259991322598,3
Gemma4-E4B,16,native_thinking,fisher_nearest,quality_slope_per_index,0.11047478037671497,29.188005125100492,-57.09801526482025,57.31896482557367,3
Gemma4-E4B,16,native_thinking,fisher_nearest,quality_spearman,0.05454545454545454,0.11313131313131315,-0.16719191919191922,0.2762828282828283,3
Gemma4-E4B,16,native_thinking,fisher_nearest,late_8_10_minus_early_1_3,0.8710505924742176,178.02265013738906,-348.05334367680837,349.7954448617568,3
Gemma4-E4B,16,native_thinking,logistic_f1,quality_slope_per_index,-0.02747474747474742,0.03685570070630037,-0.09971192085909614,0.044762425909601306,3
Gemma4-E4B,16,native_thinking,logistic_f1,quality_spearman,-0.31486880929507033,0.323284368994882,-0.948506172525039,0.31876855393489834,3
Gemma4-E4B,16,native_thinking,logistic_f1,late_8_10_minus_early_1_3,-0.23809523809523808,0.32919238582650323,-0.8833123143151844,0.4071218381247082,3
Gemma4-E4B,16,native_thinking,logistic_precision,quality_slope_per_index,-0.06428571428571425,0.05018362364389848,-0.16264561662775529,0.03407418805632677,3
Gemma4-E4B,16,native_thinking,logistic_precision,quality_spearman,-0.3991260772322338,0.379407244490704,-1.1427642764340136,0.34451212196954606,3
Gemma4-E4B,16,native_thinking,logistic_precision,late_8_10_minus_early_1_3,-0.5833333333333333,0.4547418206595806,-1.4746273018261111,0.3079606351594446,3
Gemma4-E4B,16,native_thinking,logistic_recall,quality_slope_per_index,-0.016161616161616106,0.033256722491220865,-0.08134479224440899,0.04902155992117679,3
Gemma4-E4B,16,native_thinking,logistic_recall,quality_spearman,-0.15891043154093204,0.2530892461950752,-0.6549653540832795,0.3371444910014154,3
Gemma4-E4B,16,native_thinking,logistic_recall,late_8_10_minus_early_1_3,-0.11111111111111105,0.2939723678960656,-0.6872969521873996,0.4650747299651775,3
Gemma4-E4B,16,native_thinking,mean_bhattacharyya,quality_slope_per_index,1.6396702602656246,3.934506297153522,-6.071962082155278,9.351302602686527,3
Gemma4-E4B,16,native_thinking,mean_bhattacharyya,quality_spearman,0.28484848484848485,0.15917345942296732,-0.027131495620531076,0.5968284653175008,3
Gemma4-E4B,16,native_thinking,mean_bhattacharyya,late_8_10_minus_early_1_3,13.06698137742502,20.02119454009983,-26.17455992117065,52.30852267602069,3
Gemma4-E4B,16,native_thinking,min_bhattacharyya,quality_slope_per_index,0.5165688276290912,1.2546705953924353,-1.942585539340082,2.975723194598264,3
Gemma4-E4B,16,native_thinking,min_bhattacharyya,quality_spearman,-0.012195348666382083,0.12809364645305713,-0.263258895714374,0.23886819838160986,3
Gemma4-E4B,16,native_thinking,min_bhattacharyya,late_8_10_minus_early_1_3,3.6152748664220162,7.340996943513967,-10.77307914286536,18.003628875709392,3
Gemma4-E4B,16,native_thinking,nc2_class_cosine_deviation,quality_slope_per_index,-0.013283995833293883,0.007015687844994684,-0.027034744009483462,0.00046675234289569704,3
Gemma4-E4B,16,native_thinking,nc2_class_cosine_deviation,quality_spearman,-0.309090909090909,0.14296408899356872,-0.5893005235183038,-0.028881294663514356,3
Gemma4-E4B,16,native_thinking,nc2_class_cosine_deviation,late_8_10_minus_early_1_3,-0.11966000151640352,0.06637240360867364,-0.24974991258940385,0.010429909556596811,3
Gemma4-E4B,16,native_thinking,ncc_recall,quality_slope_per_index,0.014141414141414179,0.024824658035241448,-0.03451491560765906,0.06279774389048742,3
Gemma4-E4B,16,native_thinking,ncc_recall,quality_spearman,0.10630191791172282,0.20860940729677716,-0.3025725203899604,0.5151763562134061,3
Gemma4-E4B,16,native_thinking,ncc_recall,late_8_10_minus_early_1_3,0.0,0.19245008972987526,-0.3772021758705555,0.3772021758705555,3
Gemma4-E4B,16,native_thinking,silhouette_cosine,quality_slope_per_index,0.032091889236912675,0.04180467864201991,-0.04984528090144635,0.11402905937527169,3
Gemma4-E4B,16,native_thinking,silhouette_cosine,quality_spearman,0.34545454545454546,0.22321175461710113,-0.09204049359497274,0.7829495845040637,3
Gemma4-E4B,16,native_thinking,silhouette_cosine,late_8_10_minus_early_1_3,0.29263508319854736,0.3057626475228099,-0.30665970594616,0.8919298723432547,3
Gemma4-E4B,16,native_thinking,within_trace,quality_slope_per_index,18.868526481859654,24.235168506440207,-28.63240379076315,66.36945675448246,3
Gemma4-E4B,16,native_thinking,within_trace,quality_spearman,0.22424242424242422,0.18266916453264342,-0.1337891382415569,0.5822739867264053,3
Gemma4-E4B,16,native_thinking,within_trace,late_8_10_minus_early_1_3,249.550786336263,178.5886971369758,-100.48306005220957,599.5846327247356,3
Gemma4-E4B,17,non_thinking,centroid_nearest_squared,quality_slope_per_index,-179.40395045424935,18.462319637308774,-215.59009694337453,-143.21780396512418,3
Gemma4-E4B,17,non_thinking,centroid_nearest_squared,quality_spearman,-0.5548883643203848,0.28797647305274876,-1.1193222515037724,0.009545522863002809,3
Gemma4-E4B,17,non_thinking,centroid_nearest_squared,late_8_10_minus_early_1_3,-1093.2677408854167,128.29426494141265,-1344.7245001705855,-841.8109816002479,3
Gemma4-E4B,17,non_thinking,class_nc1_ratio,quality_slope_per_index,0.03692090121631342,0.04905989024394621,-0.05923648366182116,0.133078286094448,3
Gemma4-E4B,17,non_thinking,class_nc1_ratio,quality_spearman,-0.04242424242424241,0.13004829850045316,-0.2973189074851306,0.21247042263664578,3
Gemma4-E4B,17,non_thinking,class_nc1_ratio,late_8_10_minus_early_1_3,0.6890351253022695,0.5725844804631244,-0.4332304564054543,1.8113007070099933,3
Gemma4-E4B,17,non_thinking,fisher_nearest,quality_slope_per_index,-0.303049799062213,0.26486709604936814,-0.8221893073189745,0.21608970919454856,3
Gemma4-E4B,17,non_thinking,fisher_nearest,quality_spearman,-0.38181818181818183,0.21379808574259318,-0.8008624298736644,0.03722606623730079,3
Gemma4-E4B,17,non_thinking,fisher_nearest,late_8_10_minus_early_1_3,-1.8311519807268684,1.6175884731601242,-5.001625388120711,1.339321426666975,3
Gemma4-E4B,17,non_thinking,logistic_f1,quality_slope_per_index,-0.0723691460055096,0.013348457337823465,-0.0985321223876436,-0.046206169623375606,3
Gemma4-E4B,17,non_thinking,logistic_f1,quality_spearman,-0.46422592173940186,0.17539044559748743,-0.8079911951104772,-0.12046064836832648,3
Gemma4-E4B,17,non_thinking,logistic_f1,late_8_10_minus_early_1_3,-0.42828282828282827,0.12689052007436635,-0.6769882476285863,-0.17957740893707022,3
Gemma4-E4B,17,non_thinking,logistic_precision,quality_slope_per_index,-0.0822727272727272,0.014813943366234964,-0.11130805627054774,-0.05323739827490667,3
Gemma4-E4B,17,non_thinking,logistic_precision,quality_spearman,-0.45944673816336123,0.1747601093792083,-0.8019765525466095,-0.11691692378011298,3
Gemma4-E4B,17,non_thinking,logistic_precision,late_8_10_minus_early_1_3,-0.5138888888888888,0.14607870573839707,-0.800203152136147,-0.2275746256416306,3
Gemma4-E4B,17,non_thinking,logistic_recall,quality_slope_per_index,-0.06262626262626256,0.02137980857425934,-0.10453068743181088,-0.020721837820714246,3
Gemma4-E4B,17,non_thinking,logistic_recall,quality_spearman,-0.4719509741997222,0.21561629488838152,-0.89455891218095,-0.04934303621849445,3
Gemma4-E4B,17,non_thinking,logistic_recall,late_8_10_minus_early_1_3,-0.33333333333333326,0.19245008972987526,-0.7105355092038887,0.04386884253722223,3
Gemma4-E4B,17,non_thinking,mean_bhattacharyya,quality_slope_per_index,-1.5037608211690707,1.3893598278710502,-4.2269060837963295,1.2193844414581876,3
Gemma4-E4B,17,non_thinking,mean_bhattacharyya,quality_spearman,0.19999999999999998,0.1761171290319464,-0.14518957290261494,0.5451895729026149,3
Gemma4-E4B,17,non_thinking,mean_bhattacharyya,late_8_10_minus_early_1_3,-9.027890931676934,9.013760379489378,-26.694861275476114,8.639079412122248,3
Gemma4-E4B,17,non_thinking,min_bhattacharyya,quality_slope_per_index,-1.0665650761488699,0.5243075764691933,-2.0942079260284885,-0.038922226269251015,3
Gemma4-E4B,17,non_thinking,min_bhattacharyya,quality_spearman,-0.42073952899018185,0.2952461197363158,-0.9994219236733608,0.1579428656929971,3
Gemma4-E4B,17,non_thinking,min_bhattacharyya,late_8_10_minus_early_1_3,-6.539603352546692,3.382316393852477,-13.168943484497547,0.08973677940416369,3
Gemma4-E4B,17,non_thinking,nc2_class_cosine_deviation,quality_slope_per_index,-0.021455704464845075,0.004498756976101479,-0.030273268138003975,-0.012638140791686176,3
Gemma4-E4B,17,non_thinking,nc2_class_cosine_deviation,quality_spearman,-0.5515151515151515,0.16141401499343982,-0.8678866209022935,-0.23514368212800946,3
Gemma4-E4B,17,non_thinking,nc2_class_cosine_deviation,late_8_10_minus_early_1_3,-0.12761338886808704,0.03941261475184887,-0.20486211378171082,-0.05036466395446325,3
Gemma4-E4B,17,non_thinking,ncc_recall,quality_slope_per_index,-0.07878787878787874,0.012616157572522048,-0.10351554763002195,-0.05406020994573553,3
Gemma4-E4B,17,non_thinking,ncc_recall,quality_spearman,-0.6100327898548931,0.08198958967129513,-0.7707323856106315,-0.4493331940991546,3
Gemma4-E4B,17,non_thinking,ncc_recall,late_8_10_minus_early_1_3,-0.44444444444444436,0.11111111111111109,-0.662222222222222,-0.22666666666666663,3
Gemma4-E4B,17,non_thinking,silhouette_cosine,quality_slope_per_index,-0.05447329102140477,0.012910755282504629,-0.07977837137511384,-0.029168210667695694,3
Gemma4-E4B,17,non_thinking,silhouette_cosine,quality_spearman,-0.07878787878787878,0.1777777777777778,-0.4272323232323233,0.2696565656565657,3
Gemma4-E4B,17,non_thinking,silhouette_cosine,late_8_10_minus_early_1_3,-0.3310742477575938,0.08215274290224849,-0.49209362384600086,-0.17005487166918679,3
Gemma4-E4B,17,non_thinking,within_trace,quality_slope_per_index,23.43837779651988,4.232314232715039,15.143041900398405,31.733713692641356,3
Gemma4-E4B,17,non_thinking,within_trace,quality_spearman,0.19999999999999998,0.016161616161616172,0.1683232323232323,0.23167676767676768,3
Gemma4-E4B,17,non_thinking,within_trace,late_8_10_minus_early_1_3,223.31817626953125,66.33443369210286,93.30268623300964,353.33366630605286,3
Gemma4-E4B,17,native_thinking,centroid_nearest_squared,quality_slope_per_index,65.81284161192006,12.078331269863972,42.13931232298668,89.48637090085344,3
Gemma4-E4B,17,native_thinking,centroid_nearest_squared,quality_spearman,0.006079055436800646,0.1480062707555256,-0.28401323524402955,0.29617134611763085,3
Gemma4-E4B,17,native_thinking,centroid_nearest_squared,late_8_10_minus_early_1_3,404.67456817626953,75.469386552953,256.7545705324817,552.5945658200574,3
Gemma4-E4B,17,native_thinking,class_nc1_ratio,quality_slope_per_index,-0.02408411543064343,0.03821482009375264,-0.0989851628143986,0.05081693195311175,3
Gemma4-E4B,17,native_thinking,class_nc1_ratio,quality_spearman,-0.006060606060606061,0.15585698199584572,-0.31154029077246365,0.29941907865125156,3
Gemma4-E4B,17,native_thinking,class_nc1_ratio,late_8_10_minus_early_1_3,-0.11225649705866303,0.26843547447942,-0.6383900270383263,0.4138770329210002,3
Gemma4-E4B,17,native_thinking,fisher_nearest,quality_slope_per_index,1.5938507417174619,12.503363413045701,-22.912741547852114,26.100443031287035,3
Gemma4-E4B,17,native_thinking,fisher_nearest,quality_spearman,0.05454545454545454,0.34577927911651984,-0.6231819325229243,0.7322728416138334,3
Gemma4-E4B,17,native_thinking,fisher_nearest,late_8_10_minus_early_1_3,9.984536443782158,76.42794833511374,-139.81424229304076,159.7833151806051,3
Gemma4-E4B,17,native_thinking,logistic_f1,quality_slope_per_index,0.0226406926406927,0.011940734007259125,-0.0007631460135351861,0.04604453129492059,3
Gemma4-E4B,17,native_thinking,logistic_f1,quality_spearman,0.23387383286073218,0.11794859323489236,0.002694590120343149,0.4650530756011212,3
Gemma4-E4B,17,native_thinking,logistic_f1,late_8_10_minus_early_1_3,0.21428571428571425,0.13838179031310663,-0.05694259472797475,0.48551402329940324,3
Gemma4-E4B,17,native_thinking,logistic_precision,quality_slope_per_index,0.043593073593073635,0.01775174095810038,0.00879966131519689,0.07838648587095037,3
Gemma4-E4B,17,native_thinking,logistic_precision,quality_spearman,0.30869491107359837,0.15550664246764806,0.0039018918370081757,0.6134879303101886,3
Gemma4-E4B,17,native_thinking,logistic_precision,late_8_10_minus_early_1_3,0.4166666666666666,0.20621349491963042,0.012488216624190973,0.8208451167091422,3
Gemma4-E4B,17,native_thinking,logistic_recall,quality_slope_per_index,0.01010101010101017,0.010101010101010083,-0.009696969696969593,0.029898989898989932,3
Gemma4-E4B,17,native_thinking,logistic_recall,quality_spearman,0.1315903389919538,0.08772689266130254,-0.04035437062419919,0.30353504860810676,3
Gemma4-E4B,17,native_thinking,logistic_recall,late_8_10_minus_early_1_3,0.11111111111111105,0.11111111111111109,-0.10666666666666669,0.3288888888888888,3
Gemma4-E4B,17,native_thinking,mean_bhattacharyya,quality_slope_per_index,1.8354992098278509,1.2897296927617732,-0.6923709879852245,4.363369407640926,3
Gemma4-E4B,17,native_thinking,mean_bhattacharyya,quality_spearman,0.006060606060606061,0.19444378853359132,-0.37504921946523295,0.38717043158644504,3
Gemma4-E4B,17,native_thinking,mean_bhattacharyya,late_8_10_minus_early_1_3,13.51981174504316,5.82249394959641,2.107723603834197,24.931899886252125,3
Gemma4-E4B,17,native_thinking,min_bhattacharyya,quality_slope_per_index,0.811383214502625,0.463962728752244,-0.09798373385177317,1.7207501628570232,3
Gemma4-E4B,17,native_thinking,min_bhattacharyya,quality_spearman,0.006079055436800646,0.21424423895735906,-0.4138396529196231,0.4259977637932244,3
Gemma4-E4B,17,native_thinking,min_bhattacharyya,late_8_10_minus_early_1_3,5.4104902148246765,2.9872112274087668,-0.4444437908965062,11.26542422054586,3
Gemma4-E4B,17,native_thinking,nc2_class_cosine_deviation,quality_slope_per_index,-0.002612963381818821,0.00403490862321337,-0.010521384283317026,0.0052954575196793845,3
Gemma4-E4B,17,native_thinking,nc2_class_cosine_deviation,quality_spearman,-0.11515151515151514,0.17103846859407454,-0.4503869135959012,0.22008388329287096,3
Gemma4-E4B,17,native_thinking,nc2_class_cosine_deviation,late_8_10_minus_early_1_3,-0.0029875246861589266,0.017179636382459583,-0.03665961199577971,0.030684562623461857,3
Gemma4-E4B,17,native_thinking,ncc_recall,quality_slope_per_index,5.658220463695968e-17,0.003499092540543206,-0.0068582213794646275,0.00685822137946474,3
Gemma4-E4B,17,native_thinking,ncc_recall,quality_spearman,0.0,0.03251744404831416,-0.06373419033469575,0.06373419033469575,3
Gemma4-E4B,17,native_thinking,ncc_recall,late_8_10_minus_early_1_3,0.0,0.0,0.0,0.0,3
Gemma4-E4B,17,native_thinking,silhouette_cosine,quality_slope_per_index,0.022231593812731265,0.04148138666573064,-0.05907192405210078,0.10353511167756331,3
Gemma4-E4B,17,native_thinking,silhouette_cosine,quality_spearman,0.11515151515151514,0.23545539045387415,-0.34634105013807814,0.5766440804411085,3
Gemma4-E4B,17,native_thinking,silhouette_cosine,late_8_10_minus_early_1_3,0.22829608463992673,0.2037780388750572,-0.17110887155518534,0.6277010408350387,3
Gemma4-E4B,17,native_thinking,within_trace,quality_slope_per_index,12.146978713526885,27.948040699422904,-42.631181057342005,66.92513848439577,3
Gemma4-E4B,17,native_thinking,within_trace,quality_spearman,0.1515151515151515,0.2828282828282828,-0.40282828282828287,0.7058585858585859,3
Gemma4-E4B,17,native_thinking,within_trace,late_8_10_minus_early_1_3,194.10029856363934,181.11730180073516,-160.88961296580158,549.0902100930803,3
Gemma4-E4B,18,non_thinking,centroid_nearest_squared,quality_slope_per_index,-192.91151761141668,22.135121780819496,-236.2963563018229,-149.52667892101047,3
Gemma4-E4B,18,non_thinking,centroid_nearest_squared,quality_spearman,-0.743916268649307,0.2689982637111787,-1.2711528655232174,-0.21667967177539682,3
Gemma4-E4B,18,non_thinking,centroid_nearest_squared,late_8_10_minus_early_1_3,-1182.3557586669922,160.41479817069919,-1496.7687630815626,-867.9427542524218,3
Gemma4-E4B,18,non_thinking,class_nc1_ratio,quality_slope_per_index,-0.01235537208636463,0.057784159572989297,-0.12561232484942364,0.10090158067669439,3
Gemma4-E4B,18,non_thinking,class_nc1_ratio,quality_spearman,-0.11515151515151514,0.16873222640663516,-0.44586667890852005,0.21556364860548974,3
Gemma4-E4B,18,non_thinking,class_nc1_ratio,late_8_10_minus_early_1_3,0.34748134482452375,0.5626366283121257,-0.7552864466672427,1.4502491363162902,3
Gemma4-E4B,18,non_thinking,fisher_nearest,quality_slope_per_index,-0.35949223434676547,0.2575400334672039,-0.8642706999424851,0.14528623124895412,3
Gemma4-E4B,18,non_thinking,fisher_nearest,quality_spearman,-0.38181818181818183,0.25820679286740134,-0.8879034958382884,0.12426713220192476,3
Gemma4-E4B,18,non_thinking,fisher_nearest,late_8_10_minus_early_1_3,-2.1834622965740897,1.5876439532495428,-5.295244444943194,0.9283198517950142,3
Gemma4-E4B,18,non_thinking,logistic_f1,quality_slope_per_index,-0.09010101010101004,0.012288198280996398,-0.11418587873176297,-0.06601614147025711,3
Gemma4-E4B,18,non_thinking,logistic_f1,quality_spearman,-0.7032724042588865,0.050923777903591066,-0.803083008949925,-0.603461799567848,3
Gemma4-E4B,18,non_thinking,logistic_f1,late_8_10_minus_early_1_3,-0.6,0.07407407407407411,-0.7451851851851852,-0.4548148148148147,3
Gemma4-E4B,18,non_thinking,logistic_precision,quality_slope_per_index,-0.09826839826839824,0.0027337081656813866,-0.10362646627313377,-0.09291033026366272,3
Gemma4-E4B,18,non_thinking,logistic_precision,quality_spearman,-0.6991387029797651,0.052948959791264225,-0.802918664170643,-0.5953587417888873,3
Gemma4-E4B,18,non_thinking,logistic_precision,late_8_10_minus_early_1_3,-0.6666666666666666,0.0,-0.6666666666666666,-0.6666666666666666,3
Gemma4-E4B,18,non_thinking,logistic_recall,quality_slope_per_index,-0.08484848484848483,0.019482122749480735,-0.12303344543746707,-0.046663524259502584,3
Gemma4-E4B,18,non_thinking,logistic_recall,quality_spearman,-0.6785757999509486,0.10913155719334883,-0.8924736520499124,-0.4646779478519849,3
Gemma4-E4B,18,non_thinking,logistic_recall,late_8_10_minus_early_1_3,-0.5555555555555555,0.11111111111111109,-0.7733333333333332,-0.33777777777777773,3
Gemma4-E4B,18,non_thinking,mean_bhattacharyya,quality_slope_per_index,-1.5086074519237667,1.2003130124687678,-3.8612209563625512,0.8440060525150181,3
Gemma4-E4B,18,non_thinking,mean_bhattacharyya,quality_spearman,0.22424242424242422,0.08998407051038418,0.04787364604207123,0.4006112024427772,3
Gemma4-E4B,18,non_thinking,mean_bhattacharyya,late_8_10_minus_early_1_3,-9.035059889157612,7.745830684065389,-24.216888029925776,6.146768251610551,3
Gemma4-E4B,18,non_thinking,min_bhattacharyya,quality_slope_per_index,-1.183104100733091,0.5809538753764276,-2.3217736964708893,-0.04443450499529278,3
Gemma4-E4B,18,non_thinking,min_bhattacharyya,quality_spearman,-0.40244650599060877,0.2827895537766157,-0.9567140313927756,0.15182101941155796,3
Gemma4-E4B,18,non_thinking,min_bhattacharyya,late_8_10_minus_early_1_3,-7.237114548683167,3.7576177581672114,-14.602045354690901,0.12781625732456714,3
Gemma4-E4B,18,non_thinking,nc2_class_cosine_deviation,quality_slope_per_index,-0.023283174519071394,0.003975314281024397,-0.031074790509879213,-0.015491558528263576,3
Gemma4-E4B,18,non_thinking,nc2_class_cosine_deviation,quality_spearman,-0.5515151515151515,0.08397822097303644,-0.7161124646223029,-0.3869178384080001,3
Gemma4-E4B,18,non_thinking,nc2_class_cosine_deviation,late_8_10_minus_early_1_3,-0.14339731630405467,0.03181654425725036,-0.20575774304826538,-0.08103688955984395,3
Gemma4-E4B,18,non_thinking,ncc_recall,quality_slope_per_index,-0.07474747474747469,0.01010101010101012,-0.09454545454545452,-0.05494949494949486,3
Gemma4-E4B,18,non_thinking,ncc_recall,quality_spearman,-0.6271129383201788,0.040686766526729944,-0.7068590007125695,-0.5473668759277881,3
Gemma4-E4B,18,non_thinking,ncc_recall,late_8_10_minus_early_1_3,-0.4444444444444444,0.11111111111111109,-0.6622222222222222,-0.22666666666666668,3
Gemma4-E4B,18,non_thinking,silhouette_cosine,quality_slope_per_index,-0.060007759928703226,0.017722100137104783,-0.09474307619742861,-0.02527244365997785,3
Gemma4-E4B,18,non_thinking,silhouette_cosine,quality_spearman,-0.2727272727272727,0.18051157901970646,-0.6265299676058973,0.08107542215135194,3
Gemma4-E4B,18,non_thinking,silhouette_cosine,late_8_10_minus_early_1_3,-0.3682950387398402,0.1034874387937584,-0.5711304187756067,-0.16545965870407375,3
Gemma4-E4B,18,non_thinking,within_trace,quality_slope_per_index,13.059504283558285,4.662584924394437,3.920837831745187,22.198170735371384,3
Gemma4-E4B,18,non_thinking,within_trace,quality_spearman,0.18787878787878787,0.11197096129738195,-0.03158429626408074,0.4073418720216565,3
Gemma4-E4B,18,non_thinking,within_trace,late_8_10_minus_early_1_3,166.28128051757812,74.21578983297076,20.818332444955445,311.7442285902008,3
Gemma4-E4B,18,native_thinking,centroid_nearest_squared,quality_slope_per_index,98.02386021469592,18.258441105381436,62.237315648148304,133.81040478124353,3
Gemma4-E4B,18,native_thinking,centroid_nearest_squared,quality_spearman,0.01823716631040194,0.1234987092280506,-0.22382030377657725,0.2602946363973811,3
Gemma4-E4B,18,native_thinking,centroid_nearest_squared,late_8_10_minus_early_1_3,634.8207092285155,157.29566187520163,326.5212119531203,943.1202065039107,3
Gemma4-E4B,18,native_thinking,class_nc1_ratio,quality_slope_per_index,-0.1116573129671519,0.04610054368272328,-0.20201437858528953,-0.02130024734901427,3
Gemma4-E4B,18,native_thinking,class_nc1_ratio,quality_spearman,-0.006060606060606061,0.19054264440487426,-0.3795241890941596,0.3674029769729475,3
Gemma4-E4B,18,native_thinking,class_nc1_ratio,late_8_10_minus_early_1_3,-0.8014193098029314,0.23337583369673795,-1.258835943848538,-0.344002675757325,3
Gemma4-E4B,18,native_thinking,fisher_nearest,quality_slope_per_index,1.1578745125710084,25.203600227099503,-48.24118193254402,50.556930957686035,3
Gemma4-E4B,18,native_thinking,fisher_nearest,quality_spearman,0.07878787878787878,0.14567883941268642,-0.20674264646098656,0.36431840403674415,3
Gemma4-E4B,18,native_thinking,fisher_nearest,late_8_10_minus_early_1_3,7.308652942172104,154.02410401895676,-294.57859093498314,309.19589681932734,3
Gemma4-E4B,18,native_thinking,logistic_f1,quality_slope_per_index,-0.016594516594516537,0.021586744271172294,-0.058904535366014234,0.02571550217698116,3
Gemma4-E4B,18,native_thinking,logistic_f1,quality_spearman,-0.3077287274483318,0.19984062124082705,-0.6994163450803528,0.08395889018368924,3
Gemma4-E4B,18,native_thinking,logistic_f1,late_8_10_minus_early_1_3,-0.1468253968253968,0.14980554382338276,-0.44044426271922704,0.14679346906843344,3
Gemma4-E4B,18,native_thinking,logistic_precision,quality_slope_per_index,-0.03373737373737371,0.028519055166898514,-0.0896347218644948,0.022159974389747372,3
Gemma4-E4B,18,native_thinking,logistic_precision,quality_spearman,-0.3457383004024302,0.216131724615027,-0.7693564806478831,0.07787987984302269,3
Gemma4-E4B,18,native_thinking,logistic_precision,late_8_10_minus_early_1_3,-0.29444444444444456,0.17665540766980478,-0.6406890434772619,0.05180015458837278,3
Gemma4-E4B,18,native_thinking,logistic_recall,quality_slope_per_index,-0.014141414141414078,0.014141414141414146,-0.0418585858585858,0.013575757575757645,3
Gemma4-E4B,18,native_thinking,logistic_recall,quality_spearman,-0.18422647458873528,0.13215009100498334,-0.4432406529585027,0.07478770378103208,3
Gemma4-E4B,18,native_thinking,logistic_recall,late_8_10_minus_early_1_3,-0.11111111111111105,0.1111111111111111,-0.3288888888888888,0.10666666666666672,3
Gemma4-E4B,18,native_thinking,mean_bhattacharyya,quality_slope_per_index,1.8623508771260602,2.2412232970739714,-2.530446785138924,6.255148539391044,3
Gemma4-E4B,18,native_thinking,mean_bhattacharyya,quality_spearman,-0.006060606060606061,0.24735721802042773,-0.4908807533806444,0.4787595412594323,3
Gemma4-E4B,18,native_thinking,mean_bhattacharyya,late_8_10_minus_early_1_3,13.465533675970857,14.276093098503091,-14.5156087970952,41.44667614903692,3
Gemma4-E4B,18,native_thinking,min_bhattacharyya,quality_slope_per_index,1.0317501891743066,1.1337480389723769,-1.1903959672115518,3.253896345560165,3
Gemma4-E4B,18,native_thinking,min_bhattacharyya,quality_spearman,0.03039527718400323,0.16344828671692463,-0.289963364781169,0.35075391914917553,3
Gemma4-E4B,18,native_thinking,min_bhattacharyya,late_8_10_minus_early_1_3,6.729284644126891,7.8110622272008206,-8.580397321186716,22.0389666094405,3
Gemma4-E4B,18,native_thinking,nc2_class_cosine_deviation,quality_slope_per_index,0.0006090108053657865,0.0002409132818790713,0.0001368207728828068,0.0010812008378487663,3
Gemma4-E4B,18,native_thinking,nc2_class_cosine_deviation,quality_spearman,0.07878787878787878,0.19002789521300756,-0.293666795829616,0.4512425534053736,3
Gemma4-E4B,18,native_thinking,nc2_class_cosine_deviation,late_8_10_minus_early_1_3,0.028855696629058236,0.04608253160314735,-0.061466065313110566,0.11917745857122704,3
Gemma4-E4B,18,native_thinking,ncc_recall,quality_slope_per_index,-0.01414141414141406,0.017260613626904113,-0.04797221685014612,0.019689388567318,3
Gemma4-E4B,18,native_thinking,ncc_recall,quality_spearman,-0.18422647458873528,0.156169381513131,-0.4903184623544721,0.12186551317700148,3
Gemma4-E4B,18,native_thinking,ncc_recall,late_8_10_minus_early_1_3,-0.1111111111111111,0.11111111111111112,-0.3288888888888889,0.10666666666666669,3
Gemma4-E4B,18,native_thinking,silhouette_cosine,quality_slope_per_index,0.02954470912615467,0.04272447113693879,-0.05419525430224535,0.1132846725545547,3
Gemma4-E4B,18,native_thinking,silhouette_cosine,quality_spearman,0.0303030303030303,0.21010101010101007,-0.38149494949494944,0.44210101010101,3
Gemma4-E4B,18,native_thinking,silhouette_cosine,late_8_10_minus_early_1_3,0.26080427318811417,0.23940122982363943,-0.2084221372662191,0.7300306836424475,3
Gemma4-E4B,18,native_thinking,within_trace,quality_slope_per_index,14.878499626390862,28.230665645879444,-40.453605039532846,70.21060429231457,3
Gemma4-E4B,18,native_thinking,within_trace,quality_spearman,0.01818181818181818,0.31926862650728743,-0.6075846897724652,0.6439483261361015,3
Gemma4-E4B,18,native_thinking,within_trace,late_8_10_minus_early_1_3,176.5497385660807,202.19842528873403,-219.75917499983802,572.8586521319994,3
Gemma4-E4B,19,non_thinking,centroid_nearest_squared,quality_slope_per_index,-178.8889533765386,5.024483802708834,-188.73694162984793,-169.04096512322928,3
Gemma4-E4B,19,non_thinking,centroid_nearest_squared,quality_spearman,-0.4085441803237998,0.17868097438218958,-0.7587588901128914,-0.058329470534708217,3
Gemma4-E4B,19,non_thinking,centroid_nearest_squared,late_8_10_minus_early_1_3,-1084.947270711263,59.34401669428442,-1201.2615434320603,-968.6329979904655,3
Gemma4-E4B,19,non_thinking,class_nc1_ratio,quality_slope_per_index,0.03718798305160977,0.0806180688711918,-0.12082343193592615,0.1951993980391457,3
Gemma4-E4B,19,non_thinking,class_nc1_ratio,quality_spearman,-0.11515151515151514,0.17481460729522372,-0.45778814545015367,0.22748511514712336,3
Gemma4-E4B,19,non_thinking,class_nc1_ratio,late_8_10_minus_early_1_3,0.8485603784336211,0.6019893752865618,-0.33133879712804015,2.0284595539952823,3
Gemma4-E4B,19,non_thinking,fisher_nearest,quality_slope_per_index,-0.36298615409186286,0.3407865631254613,-1.030927817817767,0.3049555096340413,3
Gemma4-E4B,19,non_thinking,fisher_nearest,quality_spearman,-0.2121212121212121,0.28592817798713743,-0.7725404409760015,0.34829801673357724,3
Gemma4-E4B,19,non_thinking,fisher_nearest,late_8_10_minus_early_1_3,-2.1784297796210454,2.044340347474976,-6.185336860671998,1.8284773014299072,3
Gemma4-E4B,19,non_thinking,logistic_f1,quality_slope_per_index,-0.0508225108225108,0.010291360218051071,-0.0709935768498909,-0.030651444795130697,3
Gemma4-E4B,19,non_thinking,logistic_f1,quality_spearman,-0.2392080280190373,0.11893810736844743,-0.47232671846119423,-0.006089337576880349,3
Gemma4-E4B,19,non_thinking,logistic_f1,late_8_10_minus_early_1_3,-0.32222222222222224,0.08413197549333734,-0.48712089418916343,-0.15732355025528105,3
Gemma4-E4B,19,non_thinking,logistic_precision,quality_slope_per_index,-0.03787878787878784,0.02860764261003712,-0.09394976739446059,0.018192191636884916,3
Gemma4-E4B,19,non_thinking,logistic_precision,quality_spearman,-0.13767902008851546,0.16108538207129575,-0.4534063689482551,0.17804832877122417,3
Gemma4-E4B,19,non_thinking,logistic_precision,late_8_10_minus_early_1_3,-0.2222222222222222,0.22528750112215631,-0.6637857244216485,0.21934127997720415,3
Gemma4-E4B,19,non_thinking,logistic_recall,quality_slope_per_index,-0.05252525252525248,0.005344952143564832,-0.06300135872663955,-0.04204914632386541,3
Gemma4-E4B,19,non_thinking,logistic_recall,quality_spearman,-0.29502647161824747,0.08688256013707618,-0.4653162894869168,-0.12473665374957815,3
Gemma4-E4B,19,non_thinking,logistic_recall,late_8_10_minus_early_1_3,-0.33333333333333326,6.409875621278546e-17,-0.33333333333333337,-0.33333333333333315,3
Gemma4-E4B,19,non_thinking,mean_bhattacharyya,quality_slope_per_index,-1.5684977267326312,1.1909939859122707,-3.902845939120682,0.7658504856554194,3
Gemma4-E4B,19,non_thinking,mean_bhattacharyya,quality_spearman,0.23636363636363633,0.16698164298805512,-0.0909203838929517,0.5636476566202244,3
Gemma4-E4B,19,non_thinking,mean_bhattacharyya,late_8_10_minus_early_1_3,-8.950277840649642,6.9815261734078735,-22.634069140529075,4.7335134592297905,3
Gemma4-E4B,19,non_thinking,min_bhattacharyya,quality_slope_per_index,-1.2437167568640262,0.6134331904583603,-2.4460458101624125,-0.04138770356564003,3
Gemma4-E4B,19,non_thinking,min_bhattacharyya,quality_spearman,-0.31707906532593416,0.2986319595364234,-0.902397706017324,0.2682395753654557,3
Gemma4-E4B,19,non_thinking,min_bhattacharyya,late_8_10_minus_early_1_3,-7.507306277751923,3.902686999161629,-15.156572796108716,0.14196024060487034,3
Gemma4-E4B,19,non_thinking,nc2_class_cosine_deviation,quality_slope_per_index,-0.017979234713312635,0.004650753321605825,-0.02709471122366005,-0.008863758202965219,3
Gemma4-E4B,19,non_thinking,nc2_class_cosine_deviation,quality_spearman,-0.41818181818181815,0.052989402216581834,-0.5220410465263186,-0.31432258983731776,3
Gemma4-E4B,19,non_thinking,nc2_class_cosine_deviation,late_8_10_minus_early_1_3,-0.10691924377846623,0.035552365425859385,-0.17660188001315064,-0.037236607543781844,3
Gemma4-E4B,19,non_thinking,ncc_recall,quality_slope_per_index,-0.04242424242424236,0.0277731860300354,-0.09685968704311174,0.012011202194627021,3
Gemma4-E4B,19,non_thinking,ncc_recall,quality_spearman,-0.3114644458202268,0.23551841788101247,-0.7730805448670113,0.1501516532265576,3
Gemma4-E4B,19,non_thinking,ncc_recall,late_8_10_minus_early_1_3,-0.2222222222222222,0.2222222222222222,-0.6577777777777778,0.21333333333333332,3
Gemma4-E4B,19,non_thinking,silhouette_cosine,quality_slope_per_index,-0.05671045509251673,0.011680268380485071,-0.07960378111826746,-0.03381712906676599,3
Gemma4-E4B,19,non_thinking,silhouette_cosine,quality_spearman,-0.10303030303030303,0.34369568190928057,-0.7766738395724929,0.5706132335118869,3
Gemma4-E4B,19,non_thinking,silhouette_cosine,late_8_10_minus_early_1_3,-0.31611959139506024,0.05363671598000616,-0.42124755471587233,-0.21099162807424815,3
Gemma4-E4B,19,non_thinking,within_trace,quality_slope_per_index,21.092110743667135,21.466778605846695,-20.98277532379239,63.16699681112666,3
Gemma4-E4B,19,non_thinking,within_trace,quality_spearman,0.23636363636363633,0.2909090909090909,-0.3338181818181818,0.8065454545454545,3
Gemma4-E4B,19,non_thinking,within_trace,late_8_10_minus_early_1_3,248.58649698893225,167.8265259085433,-80.35349379181258,577.526487769677,3
Gemma4-E4B,19,native_thinking,centroid_nearest_squared,quality_slope_per_index,123.29075715036115,17.019590889694868,89.93235900655921,156.64915529416308,3
Gemma4-E4B,19,native_thinking,centroid_nearest_squared,quality_spearman,-0.05471149893120582,0.10196396138361664,-0.25456086324309446,0.1451378653806828,3
Gemma4-E4B,19,native_thinking,centroid_nearest_squared,late_8_10_minus_early_1_3,770.9569498697916,145.18031503004076,486.40353241091174,1055.5103673286715,3
Gemma4-E4B,19,native_thinking,class_nc1_ratio,quality_slope_per_index,-0.046048647816524194,0.06096871775835844,-0.16554733462290672,0.07345003898985834,3
Gemma4-E4B,19,native_thinking,class_nc1_ratio,quality_spearman,-0.0303030303030303,0.14545454545454545,-0.31539393939393934,0.2547878787878788,3
Gemma4-E4B,19,native_thinking,class_nc1_ratio,late_8_10_minus_early_1_3,-0.23636956381391383,0.3509152502318912,-0.9241634542684205,0.45142432664059284,3
Gemma4-E4B,19,native_thinking,fisher_nearest,quality_slope_per_index,0.6009089018591396,18.172050751532264,-35.016310571144096,36.21812837486238,3
Gemma4-E4B,19,native_thinking,fisher_nearest,quality_spearman,0.0303030303030303,0.12622625738839036,-0.21710043417821479,0.2777064947842754,3
Gemma4-E4B,19,native_thinking,fisher_nearest,late_8_10_minus_early_1_3,3.8373132899105427,110.71498390026667,-213.16405515461213,220.83868173443324,3
Gemma4-E4B,19,native_thinking,logistic_f1,quality_slope_per_index,0.022222222222222254,0.0334495135477393,-0.04333882433134677,0.08778326877579128,3
Gemma4-E4B,19,native_thinking,logistic_f1,quality_spearman,0.13937736030331974,0.26099808889202525,-0.37217889392504977,0.6509336145316892,3
Gemma4-E4B,19,native_thinking,logistic_f1,late_8_10_minus_early_1_3,0.16666666666666663,0.2783772820197525,-0.3789528060920482,0.7122861394253814,3
Gemma4-E4B,19,native_thinking,logistic_precision,quality_slope_per_index,0.025925925925925936,0.04778546503173484,-0.06773358553627436,0.11958543738812623,3
Gemma4-E4B,19,native_thinking,logistic_precision,quality_spearman,0.2198127825039802,0.3099115949976037,-0.38761394369132307,0.8272395086992834,3
Gemma4-E4B,19,native_thinking,logistic_precision,late_8_10_minus_early_1_3,0.20370370370370372,0.4009633461281363,-0.5821844547074434,0.9895918621148508,3
Gemma4-E4B,19,native_thinking,logistic_recall,quality_slope_per_index,0.01212121212121219,0.02732878638074482,-0.04144320918504765,0.06568563342747204,3
Gemma4-E4B,19,native_thinking,logistic_recall,quality_spearman,0.15569978883230456,0.23734948142933943,-0.3095051947692007,0.6209047724338098,3
Gemma4-E4B,19,native_thinking,logistic_recall,late_8_10_minus_early_1_3,0.11111111111111105,0.2222222222222222,-0.3244444444444445,0.5466666666666666,3
Gemma4-E4B,19,native_thinking,mean_bhattacharyya,quality_slope_per_index,1.7268350907849164,2.555101799217704,-3.281164435681784,6.734834617251616,3
Gemma4-E4B,19,native_thinking,mean_bhattacharyya,quality_spearman,-0.006060606060606061,0.27367586621213896,-0.5424653038363985,0.5303440917151863,3
Gemma4-E4B,19,native_thinking,mean_bhattacharyya,late_8_10_minus_early_1_3,12.686622310567781,16.30165182101724,-19.264615258626012,44.63785987976158,3
Gemma4-E4B,19,native_thinking,min_bhattacharyya,quality_slope_per_index,0.9456667849511823,1.3040380216884322,-1.6102477375581445,3.5015813074605093,3
Gemma4-E4B,19,native_thinking,min_bhattacharyya,quality_spearman,-0.03039527718400323,0.16715858279001664,-0.35802609945243585,0.29723554508442934,3
Gemma4-E4B,19,native_thinking,min_bhattacharyya,late_8_10_minus_early_1_3,6.314759532610576,9.073142256025134,-11.468599289198686,24.09811835441984,3
Gemma4-E4B,19,native_thinking,nc2_class_cosine_deviation,quality_slope_per_index,0.0012476762392259588,0.0015016001182561862,-0.0016954599925561662,0.004190812471008084,3
Gemma4-E4B,19,native_thinking,nc2_class_cosine_deviation,quality_spearman,0.07878787878787878,0.06311312869419518,-0.04491385345274376,0.20248961102850133,3
Gemma4-E4B,19,native_thinking,nc2_class_cosine_deviation,late_8_10_minus_early_1_3,0.02186362531204772,0.06007875328009741,-0.0958907311169432,0.13961798174103862,3
Gemma4-E4B,19,native_thinking,ncc_recall,quality_slope_per_index,-0.004040404040403969,0.024576818304235235,-0.05221096791670503,0.04413015983589709,3
Gemma4-E4B,19,native_thinking,ncc_recall,quality_spearman,-0.05189992961076819,0.2230673218949448,-0.48911188052486,0.38531202130332365,3
Gemma4-E4B,19,native_thinking,ncc_recall,late_8_10_minus_early_1_3,0.0,0.19245008972987526,-0.3772021758705555,0.3772021758705555,3
Gemma4-E4B,19,native_thinking,silhouette_cosine,quality_slope_per_index,0.024715029041875582,0.029198867116187247,-0.032514750505851425,0.08194480858960258,3
Gemma4-E4B,19,native_thinking,silhouette_cosine,quality_spearman,0.12727272727272726,0.17500127537541585,-0.21572977246308778,0.4702752270085423,3
Gemma4-E4B,19,native_thinking,silhouette_cosine,late_8_10_minus_early_1_3,0.2411691484351953,0.17755711246290018,-0.10684279199208904,0.5891810888624797,3
Gemma4-E4B,19,native_thinking,within_trace,quality_slope_per_index,12.586470262932089,22.62579210221996,-31.760082257419036,56.933022783283214,3
Gemma4-E4B,19,native_thinking,within_trace,quality_spearman,0.06666666666666665,0.15585698199584572,-0.23881301804519095,0.37214635137852425,3
Gemma4-E4B,19,native_thinking,within_trace,late_8_10_minus_early_1_3,179.85674540201825,168.0750090458144,-149.57027232777796,509.28376313181445,3
Gemma4-E4B,20,non_thinking,centroid_nearest_squared,quality_slope_per_index,-199.91622286709844,17.74512253552063,-234.69666303671886,-165.13578269747802,3
Gemma4-E4B,20,non_thinking,centroid_nearest_squared,quality_spearman,-0.20732092732849544,0.20770900164544787,-0.6144305705535733,0.19978871589658237,3
Gemma4-E4B,20,non_thinking,centroid_nearest_squared,late_8_10_minus_early_1_3,-1226.9081217447917,106.97271339788432,-1436.574640004645,-1017.2416034849384,3
Gemma4-E4B,20,non_thinking,class_nc1_ratio,quality_slope_per_index,0.14283237588991649,0.06720163851396853,0.011117164402538182,0.2745475873772948,3
Gemma4-E4B,20,non_thinking,class_nc1_ratio,quality_spearman,-0.12727272727272726,0.10505050505050503,-0.3331717171717171,0.0786262626262626,3
Gemma4-E4B,20,non_thinking,class_nc1_ratio,late_8_10_minus_early_1_3,1.3557141440869864,0.43993411969959134,0.4934432694757874,2.2179850186981853,3
Gemma4-E4B,20,non_thinking,fisher_nearest,quality_slope_per_index,-0.3921536488411607,0.6016045326075448,-1.5712985327519484,0.7869912350696269,3
Gemma4-E4B,20,non_thinking,fisher_nearest,quality_spearman,0.0303030303030303,0.24656398064472496,-0.45296237176063064,0.5135684323666913,3
Gemma4-E4B,20,non_thinking,fisher_nearest,late_8_10_minus_early_1_3,-2.3595159514376727,3.656715304688884,-9.526677948627885,4.80764604575254,3
Gemma4-E4B,20,non_thinking,logistic_f1,quality_slope_per_index,-0.10562770562770557,0.007498672542532047,-0.12032510381106838,-0.09093030744434276,3
Gemma4-E4B,20,non_thinking,logistic_f1,quality_spearman,-0.8090398349558906,0.07515280742206612,-0.9563393375031402,-0.661740332408641,3
Gemma4-E4B,20,non_thinking,logistic_f1,late_8_10_minus_early_1_3,-0.7619047619047619,0.08248539796785218,-0.9235761419217521,-0.6002333818877716,3
Gemma4-E4B,20,non_thinking,logistic_precision,quality_slope_per_index,-0.10454545454545447,0.0060699516421953,-0.11644255976415725,-0.09264834932675169,3
Gemma4-E4B,20,non_thinking,logistic_precision,quality_spearman,-0.8090398349558906,0.07515280742206612,-0.9563393375031402,-0.661740332408641,3
Gemma4-E4B,20,non_thinking,logistic_precision,late_8_10_minus_early_1_3,-0.75,0.06676946806414798,-0.88086815740573,-0.61913184259427,3
Gemma4-E4B,20,non_thinking,logistic_recall,quality_slope_per_index,-0.10707070707070705,0.01010101010101013,-0.1268686868686869,-0.0872727272727272,3
Gemma4-E4B,20,non_thinking,logistic_recall,quality_spearman,-0.8090398349558906,0.07515280742206612,-0.9563393375031402,-0.661740332408641,3
Gemma4-E4B,20,non_thinking,logistic_recall,late_8_10_minus_early_1_3,-0.7777777777777778,0.11111111111111116,-0.9955555555555556,-0.5599999999999999,3
Gemma4-E4B,20,non_thinking,mean_bhattacharyya,quality_slope_per_index,-1.7752089439417744,1.99298528903601,-5.681460110452354,2.131042222568805,3
Gemma4-E4B,20,non_thinking,mean_bhattacharyya,quality_spearman,0.18787878787878787,0.17722595716736408,-0.15948408816924575,0.5352416639268215,3
Gemma4-E4B,20,non_thinking,mean_bhattacharyya,late_8_10_minus_early_1_3,-10.278914603922102,11.895902487180711,-33.5948834787963,13.037054270952092,3
Gemma4-E4B,20,non_thinking,min_bhattacharyya,quality_slope_per_index,-1.3475689064372653,1.170904659071036,-3.6425420382164955,0.947404225341965,3
Gemma4-E4B,20,non_thinking,min_bhattacharyya,quality_spearman,-0.11550205329921229,0.3475172094695697,-0.7966357838595689,0.5656316772611444,3
Gemma4-E4B,20,non_thinking,min_bhattacharyya,late_8_10_minus_early_1_3,-8.142260074615479,7.279608713348354,-22.41029315277825,6.125773003547296,3
Gemma4-E4B,20,non_thinking,nc2_class_cosine_deviation,quality_slope_per_index,-0.010517424169971047,0.0024914615565045798,-0.015400688820720022,-0.00563415951922207,3
Gemma4-E4B,20,non_thinking,nc2_class_cosine_deviation,quality_spearman,-0.4424242424242424,0.04915363660847042,-0.5387653701768444,-0.3460831146716404,3
Gemma4-E4B,20,non_thinking,nc2_class_cosine_deviation,late_8_10_minus_early_1_3,-0.061196035717004715,0.02657048267738247,-0.11327418176467435,-0.009117889669335077,3
Gemma4-E4B,20,non_thinking,ncc_recall,quality_slope_per_index,-0.04242424242424236,0.015252190778324733,-0.07231853634975884,-0.012529948498725879,3
Gemma4-E4B,20,non_thinking,ncc_recall,quality_spearman,-0.33689011486677595,0.1088796355142346,-0.5502942004746758,-0.12348602925887614,3
Gemma4-E4B,20,non_thinking,ncc_recall,late_8_10_minus_early_1_3,-0.2222222222222222,0.2222222222222222,-0.6577777777777778,0.21333333333333332,3
Gemma4-E4B,20,non_thinking,silhouette_cosine,quality_slope_per_index,-0.05081710192290211,0.0020994819121084424,-0.05493208647063466,-0.04670211737516956,3
Gemma4-E4B,20,non_thinking,silhouette_cosine,quality_spearman,-0.0303030303030303,0.08998407051038418,-0.2066718085033833,0.14606574789732268,3
Gemma4-E4B,20,non_thinking,silhouette_cosine,late_8_10_minus_early_1_3,-0.2810169706741969,0.027668523280678783,-0.3352472763043273,-0.22678666504406647,3
Gemma4-E4B,20,non_thinking,within_trace,quality_slope_per_index,32.491490034623624,23.275926757046303,-13.12932640918713,78.11230647843438,3
Gemma4-E4B,20,non_thinking,within_trace,quality_spearman,0.2727272727272727,0.26703372350478066,-0.2506588253420974,0.7961133707966428,3
Gemma4-E4B,20,non_thinking,within_trace,late_8_10_minus_early_1_3,313.2546691894531,183.87631801740108,-47.142914124652975,673.6522525035592,3
Gemma4-E4B,20,native_thinking,centroid_nearest_squared,quality_slope_per_index,84.47401252515404,19.343380304386603,46.5609871285563,122.38703792175178,3
Gemma4-E4B,20,native_thinking,centroid_nearest_squared,quality_spearman,-0.09118583155200968,0.004052703624533753,-0.09912913065609584,-0.08324253244792353,3
Gemma4-E4B,20,native_thinking,centroid_nearest_squared,late_8_10_minus_early_1_3,571.1311772664387,215.40492802568997,148.93751833608638,993.324836196791,3
Gemma4-E4B,20,native_thinking,class_nc1_ratio,quality_slope_per_index,-0.08741927329855693,0.044193258669509496,-0.17403806029079555,-0.000800486306318321,3
Gemma4-E4B,20,native_thinking,class_nc1_ratio,quality_spearman,-0.12727272727272726,0.1883019021855522,-0.4963444555564096,0.24179900101095508,3
Gemma4-E4B,20,native_thinking,class_nc1_ratio,late_8_10_minus_early_1_3,-0.49495128237160935,0.12351598463411945,-0.7370426122544834,-0.2528599524887353,3
Gemma4-E4B,20,native_thinking,fisher_nearest,quality_slope_per_index,0.8568247990254361,8.86678873251998,-16.522081116713725,18.235730714764596,3
Gemma4-E4B,20,native_thinking,fisher_nearest,quality_spearman,-0.04242424242424241,0.20963429124966215,-0.45330745327358024,0.3684589684250954,3
Gemma4-E4B,20,native_thinking,fisher_nearest,late_8_10_minus_early_1_3,5.282700977391579,54.53755236151743,-101.61090165118257,112.17630360596574,3
Gemma4-E4B,20,native_thinking,logistic_f1,quality_slope_per_index,0.009884559884559935,0.01999743403677423,-0.029310410827517556,0.04907953059663742,3
Gemma4-E4B,20,native_thinking,logistic_f1,quality_spearman,0.09731236802019036,0.16924119607852195,-0.23440037629371266,0.42902511233409335,3
Gemma4-E4B,20,native_thinking,logistic_f1,late_8_10_minus_early_1_3,0.09126984126984128,0.20461077506567601,-0.3097672778588837,0.49230696039856625,3
Gemma4-E4B,20,native_thinking,logistic_precision,quality_slope_per_index,0.026767676767676808,0.026776971471420847,-0.02571518731630805,0.07925054085166167,3
Gemma4-E4B,20,native_thinking,logistic_precision,quality_spearman,0.1745572096355137,0.18090309871292418,-0.1800128638418177,0.5291272831128451,3
Gemma4-E4B,20,native_thinking,logistic_precision,late_8_10_minus_early_1_3,0.27222222222222225,0.27962349760262034,-0.2758398330789136,0.8202842775233581,3
Gemma4-E4B,20,native_thinking,logistic_recall,quality_slope_per_index,7.355686602804757e-17,0.020994555243259116,-0.04114932827678779,0.041149328276787946,3
Gemma4-E4B,20,native_thinking,logistic_recall,quality_spearman,-0.013020270437080598,0.19074295893394436,-0.38687646994761155,0.36083592907345036,3
Gemma4-E4B,20,native_thinking,logistic_recall,late_8_10_minus_early_1_3,0.0,0.19245008972987526,-0.3772021758705555,0.3772021758705555,3
Gemma4-E4B,20,native_thinking,mean_bhattacharyya,quality_slope_per_index,1.0749177044890978,2.5025386808627132,-3.83005811000182,5.979893518980015,3
Gemma4-E4B,20,native_thinking,mean_bhattacharyya,quality_spearman,-0.06666666666666665,0.2736758662121389,-0.6030713644424589,0.4697380311091256,3
Gemma4-E4B,20,native_thinking,mean_bhattacharyya,late_8_10_minus_early_1_3,7.244388650964812,18.530385668424103,-29.07516725914643,43.563944561076056,3
Gemma4-E4B,20,native_thinking,min_bhattacharyya,quality_slope_per_index,0.6160761421377029,1.011578997682816,-1.3666186933206164,2.5987709775960224,3
Gemma4-E4B,20,native_thinking,min_bhattacharyya,quality_spearman,-0.07926976633148354,0.29188152395705746,-0.6513575532873161,0.4928180206243491,3
Gemma4-E4B,20,native_thinking,min_bhattacharyya,late_8_10_minus_early_1_3,3.840753038724264,7.317847146429266,-10.502227368277095,18.183733445725622,3
Gemma4-E4B,20,native_thinking,nc2_class_cosine_deviation,quality_slope_per_index,0.00646186147318591,0.003223333951688646,0.00014412692787616355,0.012779596018495657,3
Gemma4-E4B,20,native_thinking,nc2_class_cosine_deviation,quality_spearman,0.18787878787878787,0.17199027599024452,-0.1492221530620914,0.5249797288196671,3
Gemma4-E4B,20,native_thinking,nc2_class_cosine_deviation,late_8_10_minus_early_1_3,0.05406519511538288,0.06347631053488302,-0.07034837353298784,0.1784787637637536,3
Gemma4-E4B,20,native_thinking,ncc_recall,quality_slope_per_index,-0.004040404040403969,0.021091528300829405,-0.0453797995100296,0.03729899142922166,3
Gemma4-E4B,20,native_thinking,ncc_recall,quality_spearman,-0.05189992961076819,0.1942453432227365,-0.43262080232733174,0.3288209431057954,3
Gemma4-E4B,20,native_thinking,ncc_recall,late_8_10_minus_early_1_3,0.0,0.19245008972987526,-0.3772021758705555,0.3772021758705555,3
Gemma4-E4B,20,native_thinking,silhouette_cosine,quality_slope_per_index,0.007621655500296478,0.030628777712490486,-0.05241074881618488,0.06765405981677783,3
Gemma4-E4B,20,native_thinking,silhouette_cosine,quality_spearman,0.01818181818181818,0.13808490901523282,-0.2524646034880381,0.2888282398516745,3
Gemma4-E4B,20,native_thinking,silhouette_cosine,late_8_10_minus_early_1_3,0.07698912918567657,0.2379888964085543,-0.38946910777508986,0.543447366146443,3
Gemma4-E4B,20,native_thinking,within_trace,quality_slope_per_index,-8.900078420928006,35.7338344623954,-78.93839396722299,61.13823712536698,3
Gemma4-E4B,20,native_thinking,within_trace,quality_spearman,-0.06666666666666665,0.2622219109428356,-0.5806216121146244,0.44728827878129107,3
Gemma4-E4B,20,native_thinking,within_trace,late_8_10_minus_early_1_3,-49.33972167968756,321.49489796218216,-679.4697216855645,580.7902783261895,3
Gemma4-E4B,21,non_thinking,centroid_nearest_squared,quality_slope_per_index,-202.2217196377838,46.20932509210351,-292.79199681830664,-111.65144245726091,3
Gemma4-E4B,21,non_thinking,centroid_nearest_squared,quality_spearman,-0.2439069733276417,0.31195628786351526,-0.8553412975401316,0.3675273508848482,3
Gemma4-E4B,21,non_thinking,centroid_nearest_squared,late_8_10_minus_early_1_3,-1251.9497629801433,289.1603522908993,-1818.704053470306,-685.1954724899807,3
Gemma4-E4B,21,non_thinking,class_nc1_ratio,quality_slope_per_index,0.23714888593522243,0.07567996728132381,0.08881615006382776,0.3854816218066171,3
Gemma4-E4B,21,non_thinking,class_nc1_ratio,quality_spearman,-0.06666666666666665,0.2326655361436439,-0.5226911175082087,0.3893577841748754,3
Gemma4-E4B,21,non_thinking,class_nc1_ratio,late_8_10_minus_early_1_3,2.1741204500896267,0.4579127369433345,1.2766114856806912,3.0716294144985623,3
Gemma4-E4B,21,non_thinking,fisher_nearest,quality_slope_per_index,-0.3223997102900032,0.7573902604499901,-1.8068846207719838,1.1620852001919775,3
Gemma4-E4B,21,non_thinking,fisher_nearest,quality_spearman,-0.07878787878787878,0.30738952083410476,-0.681271339622724,0.5236955820469665,3
Gemma4-E4B,21,non_thinking,fisher_nearest,late_8_10_minus_early_1_3,-1.9350602624553073,4.629523527756897,-11.008926376858824,7.138805851948209,3
Gemma4-E4B,21,non_thinking,logistic_f1,quality_slope_per_index,-0.07380471380471375,0.021517232738950114,-0.11597848997305597,-0.03163093763637152,3
Gemma4-E4B,21,non_thinking,logistic_f1,quality_spearman,-0.35642365249948815,0.17191472618661174,-0.6933765158252472,-0.01947078917372913,3
Gemma4-E4B,21,non_thinking,logistic_f1,late_8_10_minus_early_1_3,-0.5333333333333333,0.1335389361282959,-0.7950696481447933,-0.27159701852187335,3
Gemma4-E4B,21,non_thinking,logistic_precision,quality_slope_per_index,-0.06868686868686863,0.0315080282029944,-0.13044260396473764,-0.006931133408999611,3
Gemma4-E4B,21,non_thinking,logistic_precision,quality_spearman,-0.35642365249948815,0.2252928329600862,-0.7979976051012572,0.08515030010228081,3
Gemma4-E4B,21,non_thinking,logistic_precision,late_8_10_minus_early_1_3,-0.5,0.19245008972987526,-0.8772021758705555,-0.12279782412944451,3
Gemma4-E4B,21,non_thinking,logistic_recall,quality_slope_per_index,-0.07676767676767672,0.0172606136269041,-0.11059847947640875,-0.04293687405894469,3
Gemma4-E4B,21,non_thinking,logistic_recall,quality_spearman,-0.38533731779422614,0.16122870391074856,-0.7013455774592934,-0.06932905812915896,3
Gemma4-E4B,21,non_thinking,logistic_recall,late_8_10_minus_early_1_3,-0.5555555555555556,0.11111111111111109,-0.7733333333333333,-0.33777777777777784,3
Gemma4-E4B,21,non_thinking,mean_bhattacharyya,quality_slope_per_index,-1.681166939462472,2.2724885476786314,-6.135244492912589,2.7729106139876456,3
Gemma4-E4B,21,non_thinking,mean_bhattacharyya,quality_spearman,0.22424242424242422,0.19054264440487428,-0.14922115879112938,0.5977060072759778,3
Gemma4-E4B,21,non_thinking,mean_bhattacharyya,late_8_10_minus_early_1_3,-9.725792403574342,13.823878653343586,-36.820594564127774,17.369009756979086,3
Gemma4-E4B,21,non_thinking,min_bhattacharyya,quality_slope_per_index,-1.3643496878219352,1.8348448572873841,-4.960645608105208,2.2319462324613375,3
Gemma4-E4B,21,non_thinking,min_bhattacharyya,quality_spearman,-0.01823716631040194,0.11027615869276472,-0.23437843734822078,0.19790410472741693,3
Gemma4-E4B,21,non_thinking,min_bhattacharyya,late_8_10_minus_early_1_3,-8.21957298119863,11.0131139389904,-29.805276301619813,13.366130339222556,3
Gemma4-E4B,21,non_thinking,nc2_class_cosine_deviation,quality_slope_per_index,-0.011389745546667232,0.0006949751824904586,-0.01275189690434853,-0.010027594188985934,3
Gemma4-E4B,21,non_thinking,nc2_class_cosine_deviation,quality_spearman,-0.4666666666666666,0.18480156163279632,-0.8288777274669474,-0.10445560586638586,3
Gemma4-E4B,21,non_thinking,nc2_class_cosine_deviation,late_8_10_minus_early_1_3,-0.06725629534066468,0.009783299576027967,-0.0864315625096795,-0.04808102817164987,3
Gemma4-E4B,21,non_thinking,ncc_recall,quality_slope_per_index,-0.054545454545454466,0.0365315986263134,-0.12614738785302873,0.017056478762119798,3
Gemma4-E4B,21,non_thinking,ncc_recall,quality_spearman,-0.3906081131124179,0.30159572884278046,-0.9817357416442676,0.20051951541943186,3
Gemma4-E4B,21,non_thinking,ncc_recall,late_8_10_minus_early_1_3,-0.3333333333333333,0.33333333333333337,-0.9866666666666668,0.3200000000000001,3
Gemma4-E4B,21,non_thinking,silhouette_cosine,quality_slope_per_index,-0.05118895577210362,0.008380616850782114,-0.06761496479963656,-0.03476294674457067,3
Gemma4-E4B,21,non_thinking,silhouette_cosine,quality_spearman,-0.06666666666666665,0.08740730364761186,-0.2379849818159859,0.1046516484826526,3
Gemma4-E4B,21,non_thinking,silhouette_cosine,late_8_10_minus_early_1_3,-0.2844753029445807,0.055443838618963154,-0.3931452266377484,-0.1758053792514129,3
Gemma4-E4B,21,non_thinking,within_trace,quality_slope_per_index,49.30664561878553,31.834071771729775,-13.088135053804827,111.7014262913759,3
Gemma4-E4B,21,non_thinking,within_trace,quality_spearman,0.41818181818181815,0.38897152473725216,-0.34420237030319606,1.1805660066668324,3
Gemma4-E4B,21,non_thinking,within_trace,late_8_10_minus_early_1_3,417.6062927246094,241.6725017765062,-56.0718107573428,891.2843962065615,3
Gemma4-E4B,21,native_thinking,centroid_nearest_squared,quality_slope_per_index,31.088967063210447,31.797476557630446,-31.23408698974523,93.41202111616613,3
Gemma4-E4B,21,native_thinking,centroid_nearest_squared,quality_spearman,-0.08536744066467457,0.20832593652200268,-0.4936862762477998,0.3229513949184507,3
Gemma4-E4B,21,native_thinking,centroid_nearest_squared,late_8_10_minus_early_1_3,243.239237467448,320.07566508143066,-384.1090660921561,870.5875410270521,3
Gemma4-E4B,21,native_thinking,class_nc1_ratio,quality_slope_per_index,-0.03868815147037985,0.07469693938573266,-0.18509415266641585,0.10771784972565615,3
Gemma4-E4B,21,native_thinking,class_nc1_ratio,quality_spearman,0.01818181818181818,0.3587551172593634,-0.684978211646534,0.7213418480101704,3
Gemma4-E4B,21,native_thinking,class_nc1_ratio,late_8_10_minus_early_1_3,-0.13382993571399382,0.4070111646605974,-0.9315718184487647,0.663911947020777,3
Gemma4-E4B,21,native_thinking,fisher_nearest,quality_slope_per_index,0.05385063898890672,10.469651721623288,-20.46666673539274,20.57436801337055,3
Gemma4-E4B,21,native_thinking,fisher_nearest,quality_spearman,-0.01818181818181818,0.27248024727413916,-0.5522431028391309,0.5158794664754945,3
Gemma4-E4B,21,native_thinking,fisher_nearest,late_8_10_minus_early_1_3,0.35153154130277287,64.42655070774187,-125.92450784587128,126.62757092847683,3
Gemma4-E4B,21,native_thinking,logistic_f1,quality_slope_per_index,-0.006937506937506902,0.037385626161350966,-0.08021333421375479,0.06633832033874099,3
Gemma4-E4B,21,native_thinking,logistic_f1,quality_spearman,-0.06707441766510146,0.29724488597612425,-0.649674394178305,0.515525558848102,3
Gemma4-E4B,21,native_thinking,logistic_f1,late_8_10_minus_early_1_3,-0.18888888888888877,0.3571722504071465,-0.8889464996868959,0.5111687219091183,3
Gemma4-E4B,21,native_thinking,logistic_precision,quality_slope_per_index,-0.03313131313131311,0.05234607485994407,-0.13572961985680349,0.06946699359417725,3
Gemma4-E4B,21,native_thinking,logistic_precision,quality_spearman,-0.20769510081357426,0.3658237174527184,-0.9247095870209023,0.5093193853937539,3
Gemma4-E4B,21,native_thinking,logistic_precision,late_8_10_minus_early_1_3,-0.38888888888888895,0.4843221048378527,-1.3381602143710802,0.5603824365933023,3
Gemma4-E4B,21,native_thinking,logistic_recall,quality_slope_per_index,0.006060606060606121,0.028641306825773385,-0.050076355317909715,0.062197567439121956,3
Gemma4-E4B,21,native_thinking,logistic_recall,quality_spearman,0.04377137796365056,0.24857941153579002,-0.4434442686464979,0.530987024573799,3
Gemma4-E4B,21,native_thinking,logistic_recall,late_8_10_minus_early_1_3,-0.11111111111111116,0.2939723678960656,-0.6872969521873997,0.4650747299651774,3
Gemma4-E4B,21,native_thinking,mean_bhattacharyya,quality_slope_per_index,0.0033998075157746655,2.215252547417506,-4.338495185422537,4.345294800454087,3
Gemma4-E4B,21,native_thinking,mean_bhattacharyya,quality_spearman,-0.12727272727272726,0.3268484592510171,-0.7678957074047208,0.5133502528592662,3
Gemma4-E4B,21,native_thinking,mean_bhattacharyya,late_8_10_minus_early_1_3,0.2904635667800832,17.40636075221764,-33.82600350756649,34.40693064112666,3
Gemma4-E4B,21,native_thinking,min_bhattacharyya,quality_slope_per_index,0.13837424336057952,0.7133739638000538,-1.2598387256875259,1.5365872124086848,3
Gemma4-E4B,21,native_thinking,min_bhattacharyya,quality_spearman,-0.06748974310538336,0.3194203402348811,-0.6935536099657502,0.5585741237549835,3
Gemma4-E4B,21,native_thinking,min_bhattacharyya,late_8_10_minus_early_1_3,0.9754218657811489,5.366559199993376,-9.543034166205869,11.493877897768167,3
Gemma4-E4B,21,native_thinking,nc2_class_cosine_deviation,quality_slope_per_index,0.010849190531232334,0.009708790088644606,-0.008180038042511092,0.02987841910497576,3
Gemma4-E4B,21,native_thinking,nc2_class_cosine_deviation,quality_spearman,0.33333333333333326,0.36933801638873337,-0.3905691787885841,1.0572358454552506,3
Gemma4-E4B,21,native_thinking,nc2_class_cosine_deviation,late_8_10_minus_early_1_3,0.08275465060163426,0.13515774430824867,-0.18215452824253311,0.34766382944580165,3
Gemma4-E4B,21,native_thinking,ncc_recall,quality_slope_per_index,0.01010101010101017,0.026494701108290913,-0.04182860407124002,0.062030624273260365,3
Gemma4-E4B,21,native_thinking,ncc_recall,quality_spearman,0.1315903389919538,0.2393755713506206,-0.3375857808552626,0.6007664588391701,3
Gemma4-E4B,21,native_thinking,ncc_recall,late_8_10_minus_early_1_3,0.11111111111111105,0.2222222222222222,-0.3244444444444445,0.5466666666666666,3
Gemma4-E4B,21,native_thinking,silhouette_cosine,quality_slope_per_index,0.0014120036990128806,0.036837378804037084,-0.0707892587568998,0.07361326615492557,3
Gemma4-E4B,21,native_thinking,silhouette_cosine,quality_spearman,0.09090909090909088,0.1848015616327963,-0.2713019698911898,0.4531201517093716,3
Gemma4-E4B,21,native_thinking,silhouette_cosine,late_8_10_minus_early_1_3,0.015885686967521906,0.2680194965437819,-0.5094325262582906,0.5412039001933344,3
Gemma4-E4B,21,native_thinking,within_trace,quality_slope_per_index,-28.813535193241016,39.144173767822444,-105.53611577817301,47.909045391690974,3
Gemma4-E4B,21,native_thinking,within_trace,quality_spearman,-0.17575757575757575,0.38745768387028207,-0.9351746361433286,0.5836594846281771,3
Gemma4-E4B,21,native_thinking,within_trace,late_8_10_minus_early_1_3,-202.2894897460938,374.78062760531367,-936.8595198525086,532.2805403603211,3
Gemma4-E4B,22,non_thinking,centroid_nearest_squared,quality_slope_per_index,-180.57709110144393,67.18381178070653,-312.2573621916288,-48.89682001125911,3
Gemma4-E4B,22,non_thinking,centroid_nearest_squared,quality_spearman,-0.19512557866211333,0.3625789341971971,-0.9057802896886197,0.515529132364393,3
Gemma4-E4B,22,non_thinking,centroid_nearest_squared,late_8_10_minus_early_1_3,-1126.5555114746094,418.5646009905195,-1946.9421294160275,-306.1688935331912,3
Gemma4-E4B,22,non_thinking,class_nc1_ratio,quality_slope_per_index,0.26924615668885016,0.05915874384511753,0.1532950187524198,0.3851972946252805,3
Gemma4-E4B,22,non_thinking,class_nc1_ratio,quality_spearman,0.06666666666666665,0.22626262626262622,-0.37680808080808076,0.510141414141414,3
Gemma4-E4B,22,non_thinking,class_nc1_ratio,late_8_10_minus_early_1_3,2.247454376222135,0.39145279999869587,1.480206888224691,3.014701864219579,3
Gemma4-E4B,22,non_thinking,fisher_nearest,quality_slope_per_index,-0.2756554521824163,1.0431342550823242,-2.3201985921437718,1.768887687778939,3
Gemma4-E4B,22,non_thinking,fisher_nearest,quality_spearman,-0.006060606060606061,0.38108528880974857,-0.7529877721277133,0.7408665600065011,3
Gemma4-E4B,22,non_thinking,fisher_nearest,late_8_10_minus_early_1_3,-1.6657436102891143,6.4675154562434045,-14.342073904526186,11.010586683947958,3
Gemma4-E4B,22,non_thinking,logistic_f1,quality_slope_per_index,-0.08271284271284268,0.029682411462235006,-0.1408903691788233,-0.024535316246862074,3
Gemma4-E4B,22,non_thinking,logistic_f1,quality_spearman,-0.5883224472900647,0.1495309386160705,-0.8814030869775629,-0.29524180760256646,3
Gemma4-E4B,22,non_thinking,logistic_f1,late_8_10_minus_early_1_3,-0.6740740740740742,0.21368588069581376,-1.092898400237869,-0.2552497479102792,3
Gemma4-E4B,22,non_thinking,logistic_precision,quality_slope_per_index,-0.09747474747474745,0.02395821050837324,-0.144432840071159,-0.0505166548783359,3
Gemma4-E4B,22,non_thinking,logistic_precision,quality_spearman,-0.5838742081211422,0.07917971233214918,-0.7390664442921546,-0.4286819719501298,3
Gemma4-E4B,22,non_thinking,logistic_precision,late_8_10_minus_early_1_3,-0.7777777777777777,0.18735762770284056,-1.144998728075345,-0.41055682748021016,3
Gemma4-E4B,22,non_thinking,logistic_recall,quality_slope_per_index,-0.06464646464646458,0.038701503152864684,-0.14050141082607936,0.011208481533150197,3
Gemma4-E4B,22,non_thinking,logistic_recall,quality_spearman,-0.4917107860304124,0.17200981275244678,-0.8288500190252082,-0.1545715530356167,3
Gemma4-E4B,22,non_thinking,logistic_recall,late_8_10_minus_early_1_3,-0.5555555555555555,0.2939723678960657,-1.1317413966318441,0.020630285520733205,3
Gemma4-E4B,22,non_thinking,mean_bhattacharyya,quality_slope_per_index,-1.4882078021463687,2.5933785293573544,-6.571229719686784,3.594814115394046,3
Gemma4-E4B,22,non_thinking,mean_bhattacharyya,quality_spearman,0.13939393939393938,0.15896820664974545,-0.1721837456395617,0.45097162442744043,3
Gemma4-E4B,22,non_thinking,mean_bhattacharyya,late_8_10_minus_early_1_3,-8.789768675963083,16.73492019835782,-41.59021226474441,24.010674912818246,3
Gemma4-E4B,22,non_thinking,min_bhattacharyya,quality_slope_per_index,-1.1964920119805753,1.8127635393040278,-4.74950854901647,2.356524525055319,3
Gemma4-E4B,22,non_thinking,min_bhattacharyya,quality_spearman,-0.024390697332764166,0.33475102378973676,-0.6805027039606482,0.6317213092951199,3
Gemma4-E4B,22,non_thinking,min_bhattacharyya,late_8_10_minus_early_1_3,-7.247151176134745,11.208095769065883,-29.215018883503873,14.720716531234386,3
Gemma4-E4B,22,non_thinking,nc2_class_cosine_deviation,quality_slope_per_index,-0.012108453028419707,0.0028146389065540752,-0.017625145285265695,-0.00659176077157372,3
Gemma4-E4B,22,non_thinking,nc2_class_cosine_deviation,quality_spearman,-0.35757575757575755,0.04499203525519214,-0.4457601466759341,-0.269391368475581,3
Gemma4-E4B,22,non_thinking,nc2_class_cosine_deviation,late_8_10_minus_early_1_3,-0.0770298664002016,0.024135864193535857,-0.12433616021953187,-0.02972357258087132,3
Gemma4-E4B,22,non_thinking,ncc_recall,quality_slope_per_index,-0.0747474747474747,0.026494701108290927,-0.12667708891972493,-0.02281786057522448,3
Gemma4-E4B,22,non_thinking,ncc_recall,quality_spearman,-0.5551983817780488,0.2728904316659986,-1.090063627843406,-0.020333135712691575,3
Gemma4-E4B,22,non_thinking,ncc_recall,late_8_10_minus_early_1_3,-0.5555555555555556,0.2222222222222222,-0.991111111111111,-0.12000000000000005,3
Gemma4-E4B,22,non_thinking,silhouette_cosine,quality_slope_per_index,-0.047991760639530166,0.026625695028402042,-0.10017812289519817,0.004194601616137834,3
Gemma4-E4B,22,non_thinking,silhouette_cosine,quality_spearman,-0.006060606060606061,0.17500127537541588,-0.34906310579642114,0.33694189367520905,3
Gemma4-E4B,22,non_thinking,silhouette_cosine,late_8_10_minus_early_1_3,-0.28795889392495155,0.1862090874627633,-0.6529287053519677,0.07701091750206451,3
Gemma4-E4B,22,non_thinking,within_trace,quality_slope_per_index,54.967885890151514,35.80202500477825,-15.204083119213855,125.13985489951688,3
Gemma4-E4B,22,non_thinking,within_trace,quality_spearman,0.5515151515151515,0.467221673550667,-0.36423932864415587,1.467269631674459,3
Gemma4-E4B,22,non_thinking,within_trace,late_8_10_minus_early_1_3,425.4149169921875,257.218046776281,-78.73245468932333,929.5622886736983,3
Gemma4-E4B,22,native_thinking,centroid_nearest_squared,quality_slope_per_index,14.707637070164798,29.74811059851207,-43.59865970291886,73.01393384324845,3
Gemma4-E4B,22,native_thinking,centroid_nearest_squared,quality_spearman,0.1702135522304181,0.13435186239301525,-0.09311609805989177,0.433543202520728,3
Gemma4-E4B,22,native_thinking,centroid_nearest_squared,late_8_10_minus_early_1_3,124.20344034830737,303.05531086340045,-469.78496894395755,718.1918496405723,3
Gemma4-E4B,22,native_thinking,class_nc1_ratio,quality_slope_per_index,-0.007058654444637773,0.04886472197789795,-0.10283350952131774,0.0887162006320422,3
Gemma4-E4B,22,native_thinking,class_nc1_ratio,quality_spearman,-0.13939393939393938,0.34577927911651984,-0.8171213264623183,0.5383334476744395,3
Gemma4-E4B,22,native_thinking,class_nc1_ratio,late_8_10_minus_early_1_3,0.05306450774107041,0.30447313300736445,-0.5437028329533639,0.6498318484355047,3
Gemma4-E4B,22,native_thinking,fisher_nearest,quality_slope_per_index,-5.439458996395686,21.489674489233927,-47.55922099529418,36.68030300250281,3
Gemma4-E4B,22,native_thinking,fisher_nearest,quality_spearman,0.0303030303030303,0.15417199214819322,-0.27187407430742844,0.332480134913489,3
Gemma4-E4B,22,native_thinking,fisher_nearest,late_8_10_minus_early_1_3,-33.175022442001556,131.52374972647064,-290.961571905884,224.6115270218809,3
Gemma4-E4B,22,native_thinking,logistic_f1,quality_slope_per_index,0.021914381914381966,0.011390871364165746,-0.0004117259593828977,0.04424048978814683,3
Gemma4-E4B,22,native_thinking,logistic_f1,quality_spearman,0.13173978860172214,0.08250467823801988,-0.029969380744796825,0.2934489579482411,3
Gemma4-E4B,22,native_thinking,logistic_f1,late_8_10_minus_early_1_3,0.17142857142857137,0.07407407407407408,0.02624338624338618,0.31661375661375657,3
Gemma4-E4B,22,native_thinking,logistic_precision,quality_slope_per_index,0.03080808080808084,0.010412917224734981,0.010398763047600276,0.051217398568561404,3
Gemma4-E4B,22,native_thinking,logistic_precision,quality_spearman,0.24087500308599108,0.08449423540549139,0.07526630169122794,0.4064837044807542,3
Gemma4-E4B,22,native_thinking,logistic_precision,late_8_10_minus_early_1_3,0.25,0.20030840419244386,-0.14260447221718997,0.64260447221719,3
Gemma4-E4B,22,native_thinking,logistic_recall,quality_slope_per_index,0.016161616161616252,0.019896682427870932,-0.022835881397010774,0.05515911372024328,3
Gemma4-E4B,22,native_thinking,logistic_recall,quality_spearman,0.08840244354947628,0.14346922251241093,-0.1927972325748491,0.3696021196738017,3
Gemma4-E4B,22,native_thinking,logistic_recall,late_8_10_minus_early_1_3,0.11111111111111105,0.11111111111111112,-0.10666666666666674,0.32888888888888884,3
Gemma4-E4B,22,native_thinking,mean_bhattacharyya,quality_slope_per_index,-2.326058849180578,3.220381795269617,-8.638007167909027,3.985889469547871,3
Gemma4-E4B,22,native_thinking,mean_bhattacharyya,quality_spearman,-0.10303030303030303,0.3359128838921459,-0.761419555458909,0.555358949398303,3
Gemma4-E4B,22,native_thinking,mean_bhattacharyya,late_8_10_minus_early_1_3,-12.310337879039615,23.02418826400648,-57.43774687649231,32.81707111841308,3
Gemma4-E4B,22,native_thinking,min_bhattacharyya,quality_slope_per_index,-0.9719723239089448,0.3838106146020161,-1.7242411285288963,-0.21970351928899334,3
Gemma4-E4B,22,native_thinking,min_bhattacharyya,quality_spearman,-0.14024650966339394,0.22479723322835102,-0.5808490867909619,0.3003560674641741,3
Gemma4-E4B,22,native_thinking,min_bhattacharyya,late_8_10_minus_early_1_3,-5.786753018697102,2.636946002299402,-10.95516718320393,-0.6183388541902737,3
Gemma4-E4B,22,native_thinking,nc2_class_cosine_deviation,quality_slope_per_index,0.006014393697594881,0.014779738920813797,-0.022953894587200162,0.03498268198238992,3
Gemma4-E4B,22,native_thinking,nc2_class_cosine_deviation,quality_spearman,0.23636363636363633,0.2817874064511142,-0.31593968028054753,0.7886669530078202,3
Gemma4-E4B,22,native_thinking,nc2_class_cosine_deviation,late_8_10_minus_early_1_3,0.05358479538388211,0.15632008979491843,-0.252802580614158,0.3599721713819222,3
Gemma4-E4B,22,native_thinking,ncc_recall,quality_slope_per_index,0.03636363636363641,0.009257728676678467,0.018218488157346616,0.05450878456992621,3
Gemma4-E4B,22,native_thinking,ncc_recall,quality_spearman,0.30813875924572515,0.05607076505282846,0.19824005974218137,0.4180374587492689,3
Gemma4-E4B,22,native_thinking,ncc_recall,late_8_10_minus_early_1_3,0.2222222222222222,0.11111111111111112,0.0044444444444444176,0.44,3
Gemma4-E4B,22,native_thinking,silhouette_cosine,quality_slope_per_index,0.008861638018579303,0.021608350493489997,-0.03349072894866109,0.0512140049858197,3
Gemma4-E4B,22,native_thinking,silhouette_cosine,quality_spearman,0.04242424242424241,0.21425573468384404,-0.3775169975560919,0.46236548240457676,3
Gemma4-E4B,22,native_thinking,silhouette_cosine,late_8_10_minus_early_1_3,0.10637466112772623,0.1303451708635046,-0.1491018737647428,0.3618511960201952,3
Gemma4-E4B,22,native_thinking,within_trace,quality_slope_per_index,-21.736369323730464,29.33788047789593,-79.23861506040649,35.76587641294556,3
Gemma4-E4B,22,native_thinking,within_trace,quality_spearman,-0.18787878787878787,0.3235352116229107,-0.8220078026596929,0.44625022690211713,3
Gemma4-E4B,22,native_thinking,within_trace,late_8_10_minus_early_1_3,-161.75728607177734,275.09186226126104,-700.937336103849,377.42276396029433,3
Gemma4-E4B,23,non_thinking,centroid_nearest_squared,quality_slope_per_index,-184.88799429228789,40.67603993265177,-264.6130325602853,-105.16295602429042,3
Gemma4-E4B,23,non_thinking,centroid_nearest_squared,quality_spearman,-0.4939116209884744,0.34522387709209024,-1.1705504200889711,0.18272717811202244,3
Gemma4-E4B,23,non_thinking,centroid_nearest_squared,late_8_10_minus_early_1_3,-1151.9006042480469,250.04193666377634,-1641.9828001090484,-661.8184083870453,3
Gemma4-E4B,23,non_thinking,class_nc1_ratio,quality_slope_per_index,0.18665650069256143,0.07769290676396966,0.03437840343518089,0.33893459794994196,3
Gemma4-E4B,23,non_thinking,class_nc1_ratio,quality_spearman,-0.04242424242424241,0.13302688996488343,-0.30315694675541394,0.2183084619069291,3
Gemma4-E4B,23,non_thinking,class_nc1_ratio,late_8_10_minus_early_1_3,1.800823516730433,0.9087679840544115,0.01963826798378654,3.582008765477079,3
Gemma4-E4B,23,non_thinking,fisher_nearest,quality_slope_per_index,-0.7451148837413255,3.731018859644124,-8.057911848643808,6.567682081161157,3
Gemma4-E4B,23,non_thinking,fisher_nearest,quality_spearman,-0.04242424242424241,0.29931732003963035,-0.6290861897019179,0.5442377048534331,3
Gemma4-E4B,23,non_thinking,fisher_nearest,late_8_10_minus_early_1_3,-4.526455927102059,22.69819277822844,-49.01491377242979,39.96200191822568,3
Gemma4-E4B,23,non_thinking,logistic_f1,quality_slope_per_index,-0.04666666666666661,0.0247277458637422,-0.09513304855960134,0.0017997152262681018,3
Gemma4-E4B,23,non_thinking,logistic_f1,quality_spearman,-0.2626282677819034,0.23765120132703413,-0.7284246223828903,0.2031680868190835,3
Gemma4-E4B,23,non_thinking,logistic_f1,late_8_10_minus_early_1_3,-0.226984126984127,0.24438208457597274,-0.7059730127530336,0.25200475878477957,3
Gemma4-E4B,23,non_thinking,logistic_precision,quality_slope_per_index,-0.07150072150072148,0.03677137784360419,-0.1435726220741857,0.0005711790727427196,3
Gemma4-E4B,23,non_thinking,logistic_precision,quality_spearman,-0.25720625393669566,0.23546749304643672,-0.7187225403077115,0.20431003243432028,3
Gemma4-E4B,23,non_thinking,logistic_precision,late_8_10_minus_early_1_3,-0.42460317460317465,0.33535333183204236,-1.0818957049939777,0.2326893557876284,3
Gemma4-E4B,23,non_thinking,logistic_recall,quality_slope_per_index,-0.03232323232323229,0.02672476071782416,-0.08470376333016764,0.020057298683703068,3
Gemma4-E4B,23,non_thinking,logistic_recall,quality_spearman,-0.12060453783110543,0.259870097418821,-0.6299499287719946,0.38874085310978373,3
Gemma4-E4B,23,non_thinking,logistic_recall,late_8_10_minus_early_1_3,-0.1111111111111111,0.22222222222222224,-0.5466666666666666,0.3244444444444445,3
Gemma4-E4B,23,non_thinking,mean_bhattacharyya,quality_slope_per_index,-2.1506557153932953,4.474478627988526,-10.920633826250805,6.619322395464215,3
Gemma4-E4B,23,non_thinking,mean_bhattacharyya,quality_spearman,0.17575757575757575,0.029135767882537286,0.11865147070780267,0.23286368080734882,3
Gemma4-E4B,23,non_thinking,mean_bhattacharyya,late_8_10_minus_early_1_3,-12.369031683162405,27.252459012809634,-65.78385134826928,41.04578798194448,3
Gemma4-E4B,23,non_thinking,min_bhattacharyya,quality_slope_per_index,-1.9034048261064447,2.356063486068811,-6.521289258801315,2.7144796065884256,3
Gemma4-E4B,23,non_thinking,min_bhattacharyya,quality_spearman,-0.018293022999573125,0.5129493170893685,-1.0236736844947354,0.9870876384955892,3
Gemma4-E4B,23,non_thinking,min_bhattacharyya,late_8_10_minus_early_1_3,-11.53675146897634,14.293599812815437,-39.55220710209459,16.478704164141917,3
Gemma4-E4B,23,non_thinking,nc2_class_cosine_deviation,quality_slope_per_index,-0.01236758364181236,0.002175900664352322,-0.01663234894394291,-0.008102818339681808,3
Gemma4-E4B,23,non_thinking,nc2_class_cosine_deviation,quality_spearman,-0.2727272727272727,0.07406182941342772,-0.41788845837759103,-0.12756608707695438,3
Gemma4-E4B,23,non_thinking,nc2_class_cosine_deviation,late_8_10_minus_early_1_3,-0.07696777602098115,0.025094994581465045,-0.12615396540065263,-0.027781586641309662,3
Gemma4-E4B,23,non_thinking,ncc_recall,quality_slope_per_index,-0.07878787878787874,0.034462064867135316,-0.14633352592746396,-0.011242231648293521,3
Gemma4-E4B,23,non_thinking,ncc_recall,quality_spearman,-0.6100327898548931,0.2354695084827058,-1.0715530264809965,-0.1485125532287897,3
Gemma4-E4B,23,non_thinking,ncc_recall,late_8_10_minus_early_1_3,-0.5555555555555556,0.2939723678960656,-1.1317413966318441,0.020630285520732983,3
Gemma4-E4B,23,non_thinking,silhouette_cosine,quality_slope_per_index,-0.06286888333658369,0.0033369739720232336,-0.06940935232174923,-0.05632841435141815,3
Gemma4-E4B,23,non_thinking,silhouette_cosine,quality_spearman,-0.16363636363636364,0.12622625738839033,-0.41103982811760864,0.0837671008448814,3
Gemma4-E4B,23,non_thinking,silhouette_cosine,late_8_10_minus_early_1_3,-0.35964562309285003,0.01525017607095072,-0.38953596819191344,-0.3297552779937866,3
Gemma4-E4B,23,non_thinking,within_trace,quality_slope_per_index,21.66095655036704,9.483548350473887,3.073201783438222,40.24871131729586,3
Gemma4-E4B,23,non_thinking,within_trace,quality_spearman,0.2121212121212121,0.1322885296464234,-0.047164305985777755,0.47140673022820195,3
Gemma4-E4B,23,non_thinking,within_trace,late_8_10_minus_early_1_3,220.814951578776,92.88676037289501,38.756901247901794,402.8730019096502,3
Gemma4-E4B,23,native_thinking,centroid_nearest_squared,quality_slope_per_index,-63.367607440370236,7.902615685092105,-78.85673418315076,-47.87848069758971,3
Gemma4-E4B,23,native_thinking,centroid_nearest_squared,quality_spearman,-0.13981827504641486,0.22564498813791156,-0.5820824517967216,0.3024459017038918,3
Gemma4-E4B,23,native_thinking,centroid_nearest_squared,late_8_10_minus_early_1_3,-433.21952311197924,66.510135537494,-563.5793887654675,-302.85965745849103,3
Gemma4-E4B,23,native_thinking,class_nc1_ratio,quality_slope_per_index,0.011746951140861002,0.006931775264147256,-0.00183932837686762,0.025333230658589626,3
Gemma4-E4B,23,native_thinking,class_nc1_ratio,quality_spearman,0.006060606060606061,0.10092926058017611,-0.19176074467653909,0.20388195679775123,3
Gemma4-E4B,23,native_thinking,class_nc1_ratio,late_8_10_minus_early_1_3,0.2543704729754942,0.17105700620335937,-0.08090125918309016,0.5896422051340786,3
Gemma4-E4B,23,native_thinking,fisher_nearest,quality_slope_per_index,-2.917489953826521,8.073377969852519,-18.741310774737457,12.906330867084415,3
Gemma4-E4B,23,native_thinking,fisher_nearest,quality_spearman,-0.07878787878787878,0.05598548064869097,-0.18851942085931309,0.030943663283555523,3
Gemma4-E4B,23,native_thinking,fisher_nearest,late_8_10_minus_early_1_3,-17.835110909706614,50.27634480715137,-116.37674673172329,80.70652491231006,3
Gemma4-E4B,23,native_thinking,logistic_f1,quality_slope_per_index,-0.03492325855962216,0.007766035417286736,-0.05014468797750416,-0.01970182914174016,3
Gemma4-E4B,23,native_thinking,logistic_f1,quality_spearman,-0.27609440361293197,0.0787330360567328,-0.43041115428412824,-0.12177765294173568,3
Gemma4-E4B,23,native_thinking,logistic_f1,late_8_10_minus_early_1_3,-0.338095238095238,0.08248539796785209,-0.4997666181122281,-0.1764238580782479,3
Gemma4-E4B,23,native_thinking,logistic_precision,quality_slope_per_index,-0.018181818181818143,0.021932092383146494,-0.061168719252785275,0.024805082889148986,3
Gemma4-E4B,23,native_thinking,logistic_precision,quality_spearman,-0.12326233282557447,0.16667047058234613,-0.4499364551669729,0.20341178951582395,3
Gemma4-E4B,23,native_thinking,logistic_precision,late_8_10_minus_early_1_3,-0.25,0.213565973975385,-0.6685893089917545,0.16858930899175456,3
Gemma4-E4B,23,native_thinking,logistic_recall,quality_slope_per_index,-0.04242424242424239,0.0034990925405431607,-0.04928246380370699,-0.035566021044777796,3
Gemma4-E4B,23,native_thinking,logistic_recall,quality_spearman,-0.3813850356982369,0.019084282585754928,-0.41879022956631656,-0.34397984183015723,3
Gemma4-E4B,23,native_thinking,logistic_recall,late_8_10_minus_early_1_3,-0.33333333333333337,7.850462293418876e-17,-0.33333333333333354,-0.3333333333333332,3
Gemma4-E4B,23,native_thinking,mean_bhattacharyya,quality_slope_per_index,-3.1653789955357436,16.689120369336536,-35.876054919435354,29.545296928363864,3
Gemma4-E4B,23,native_thinking,mean_bhattacharyya,quality_spearman,0.01818181818181818,0.22496017627596043,-0.42274012731906424,0.4591037636827006,3
Gemma4-E4B,23,native_thinking,mean_bhattacharyya,late_8_10_minus_early_1_3,-17.560857556484365,108.00581332764591,-229.25225167867035,194.13053656570162,3
Gemma4-E4B,23,native_thinking,min_bhattacharyya,quality_slope_per_index,-2.3941881649421872,6.870199170101702,-15.859778538341523,11.071402208457148,3
Gemma4-E4B,23,native_thinking,min_bhattacharyya,quality_spearman,-0.14589733048321551,0.15802927462223318,-0.45563470874279255,0.16384004777636152,3
Gemma4-E4B,23,native_thinking,min_bhattacharyya,late_8_10_minus_early_1_3,-14.758582870165506,43.231736387529395,-99.49278618972312,69.9756204493921,3
Gemma4-E4B,23,native_thinking,nc2_class_cosine_deviation,quality_slope_per_index,-0.00023846516348741058,0.007519593991790875,-0.014976869387397526,0.014499939060422703,3
Gemma4-E4B,23,native_thinking,nc2_class_cosine_deviation,quality_spearman,-0.0303030303030303,0.25540978794794517,-0.5309062146810027,0.4703001540749422,3
Gemma4-E4B,23,native_thinking,nc2_class_cosine_deviation,late_8_10_minus_early_1_3,-0.0028140885839737506,0.058024787823449664,-0.11654267271793509,0.11091449554998759,3
Gemma4-E4B,23,native_thinking,ncc_recall,quality_slope_per_index,-0.046464646464646445,0.02828282828282829,-0.10189898989898989,0.008969696969697002,3
Gemma4-E4B,23,native_thinking,ncc_recall,quality_spearman,-0.45902081052301746,0.20181101119879233,-0.8545703924726504,-0.0634712285733845,3
Gemma4-E4B,23,native_thinking,ncc_recall,late_8_10_minus_early_1_3,-0.33333333333333337,0.19245008972987526,-0.7105355092038889,0.04386884253722212,3
Gemma4-E4B,23,native_thinking,silhouette_cosine,quality_slope_per_index,-0.011341662208239161,0.011197969532695945,-0.03328968249232321,0.01060635807584489,3
Gemma4-E4B,23,native_thinking,silhouette_cosine,quality_spearman,-0.0303030303030303,0.10505050505050505,-0.2362020202020202,0.17559595959595958,3
Gemma4-E4B,23,native_thinking,silhouette_cosine,late_8_10_minus_early_1_3,-0.052219281593958555,0.10650418780421608,-0.2609674896902221,0.15652892650230496,3
Gemma4-E4B,23,native_thinking,within_trace,quality_slope_per_index,3.1911408857866137,18.389862769196487,-32.8529901418385,39.23527191341173,3
Gemma4-E4B,23,native_thinking,within_trace,quality_spearman,0.3939393939393939,0.7676767676767676,-1.1107070707070705,1.8985858585858586,3
Gemma4-E4B,23,native_thinking,within_trace,late_8_10_minus_early_1_3,76.04900360107422,159.13699313084942,-235.85950293539065,387.9575101375391,3
Gemma4-E4B,24,non_thinking,centroid_nearest_squared,quality_slope_per_index,-186.7034607858366,34.203952434533136,-253.74320755752154,-119.66371401415165,3
Gemma4-E4B,24,non_thinking,centroid_nearest_squared,quality_spearman,-0.4939116209884744,0.45097712350401553,-1.3778267830563449,0.39000354107939605,3
Gemma4-E4B,24,non_thinking,centroid_nearest_squared,late_8_10_minus_early_1_3,-1147.3286946614585,212.4892319515979,-1563.8075892865904,-730.8498000363265,3
Gemma4-E4B,24,non_thinking,class_nc1_ratio,quality_slope_per_index,0.22999758137141998,0.08531411748143021,0.06278191110781678,0.3972132516350232,3
Gemma4-E4B,24,non_thinking,class_nc1_ratio,quality_spearman,0.1515151515151515,0.2600965970009063,-0.3582741786066249,0.6613044816369279,3
Gemma4-E4B,24,non_thinking,class_nc1_ratio,late_8_10_minus_early_1_3,2.3567063468733895,0.7781561291527697,0.831520333733961,3.8818923600128183,3
Gemma4-E4B,24,non_thinking,fisher_nearest,quality_slope_per_index,-0.6000194358104958,1.7682743055700196,-4.065837074727734,2.865798203106743,3
Gemma4-E4B,24,non_thinking,fisher_nearest,quality_spearman,-0.06666666666666665,0.4211333889550023,-0.8920881090184711,0.7587547756851378,3
Gemma4-E4B,24,non_thinking,fisher_nearest,late_8_10_minus_early_1_3,-3.629148852827341,10.818161269629146,-24.83274494130047,17.574447235645785,3
Gemma4-E4B,24,non_thinking,logistic_f1,quality_slope_per_index,-0.059494949494949455,0.02775784721295572,-0.11390033003234266,-0.005089568957556245,3
Gemma4-E4B,24,non_thinking,logistic_f1,quality_spearman,-0.42023031949290335,0.3187351288388049,-1.0449511720169609,0.20449053303115428,3
Gemma4-E4B,24,non_thinking,logistic_f1,late_8_10_minus_early_1_3,-0.3888888888888889,0.20740740740740735,-0.7954074074074073,0.017629629629629495,3
Gemma4-E4B,24,non_thinking,logistic_precision,quality_slope_per_index,-0.08144300144300139,0.03533118761761043,-0.15069212917351782,-0.012193873712484954,3
Gemma4-E4B,24,non_thinking,logistic_precision,quality_spearman,-0.4151994368861455,0.3157747274478366,-1.0341179026839051,0.20371902891161414,3
Gemma4-E4B,24,non_thinking,logistic_precision,late_8_10_minus_early_1_3,-0.5555555555555556,0.2670778722565918,-1.0790281851784755,-0.03208292593263562,3
Gemma4-E4B,24,non_thinking,logistic_recall,quality_slope_per_index,-0.050505050505050435,0.024824658035241438,-0.09916138025412366,-0.0018487207559772165,3
Gemma4-E4B,24,non_thinking,logistic_recall,quality_spearman,-0.3618136134933163,0.25554238156304954,-0.8626766813568933,0.13904945437026073,3
Gemma4-E4B,24,non_thinking,logistic_recall,late_8_10_minus_early_1_3,-0.3333333333333333,0.19245008972987526,-0.7105355092038887,0.043868842537222175,3
Gemma4-E4B,24,non_thinking,mean_bhattacharyya,quality_slope_per_index,-2.3048221119325136,5.613086952556994,-13.306472538944224,8.696828315079195,3
Gemma4-E4B,24,non_thinking,mean_bhattacharyya,quality_spearman,0.24848484848484845,0.22798765219662032,-0.19837094982052736,0.6953406467902242,3
Gemma4-E4B,24,non_thinking,mean_bhattacharyya,late_8_10_minus_early_1_3,-13.243599072650628,36.40063803563167,-84.5888496224887,58.101651477187445,3
Gemma4-E4B,24,non_thinking,min_bhattacharyya,quality_slope_per_index,-2.043946272676639,3.9863312231369386,-9.857155470025038,5.769262924671761,3
Gemma4-E4B,24,non_thinking,min_bhattacharyya,quality_spearman,0.0,0.5435726104817151,-1.0654023165441617,1.0654023165441617,3
Gemma4-E4B,24,non_thinking,min_bhattacharyya,late_8_10_minus_early_1_3,-12.374396622180939,24.475323034651627,-60.34602977009813,35.59723652573625,3
Gemma4-E4B,24,non_thinking,nc2_class_cosine_deviation,quality_slope_per_index,-0.013856960359781014,0.0047013195865008225,-0.023071546749322627,-0.004642373970239401,3
Gemma4-E4B,24,non_thinking,nc2_class_cosine_deviation,quality_spearman,-0.38181818181818183,0.14612639450525353,-0.6682259150484787,-0.09541044858788494,3
Gemma4-E4B,24,non_thinking,nc2_class_cosine_deviation,late_8_10_minus_early_1_3,-0.0864580345221263,0.04394742072875883,-0.1725949791504936,-0.000321089893758994,3
Gemma4-E4B,24,non_thinking,ncc_recall,quality_slope_per_index,-0.060606060606060545,0.05225259457122249,-0.16302114596565662,0.04180902475353553,3
Gemma4-E4B,24,non_thinking,ncc_recall,quality_spearman,-0.39992477263806875,0.4101304814839745,-1.2037805163466588,0.4039309710705213,3
Gemma4-E4B,24,non_thinking,ncc_recall,late_8_10_minus_early_1_3,-0.4444444444444444,0.40061680838488767,-1.2296533888788241,0.3407644999899354,3
Gemma4-E4B,24,non_thinking,silhouette_cosine,quality_slope_per_index,-0.071521754314502,0.02520733020642549,-0.12092812151909596,-0.02211538710990804,3
Gemma4-E4B,24,non_thinking,silhouette_cosine,quality_spearman,-0.2606060606060606,0.21863029104595846,-0.6891214310561392,0.16790930984401797,3
Gemma4-E4B,24,non_thinking,silhouette_cosine,late_8_10_minus_early_1_3,-0.412361732373635,0.1652083096047284,-0.7361700191989027,-0.0885534455483673,3
Gemma4-E4B,24,non_thinking,within_trace,quality_slope_per_index,28.73425034031725,20.87956277376555,-12.189692696263226,69.65819337689773,3
Gemma4-E4B,24,non_thinking,within_trace,quality_spearman,0.22424242424242422,0.24880491827621257,-0.2634152155789524,0.7119000640638008,3
Gemma4-E4B,24,non_thinking,within_trace,late_8_10_minus_early_1_3,258.8212890625,186.56805131887128,-106.85209152248768,624.4946696474876,3
Gemma4-E4B,24,native_thinking,centroid_nearest_squared,quality_slope_per_index,-80.92671189741633,16.339409123457262,-112.95195377939257,-48.90147001544009,3
Gemma4-E4B,24,native_thinking,centroid_nearest_squared,quality_spearman,-0.10942299786241164,0.17776545904597643,-0.4578432975925254,0.23899730186770216,3
Gemma4-E4B,24,native_thinking,centroid_nearest_squared,late_8_10_minus_early_1_3,-536.8196512858074,94.90981051472842,-722.8428798946751,-350.79642267693964,3
Gemma4-E4B,24,native_thinking,class_nc1_ratio,quality_slope_per_index,0.0051320343456956255,0.008167267393350481,-0.010875809745271317,0.021139878436662568,3
Gemma4-E4B,24,native_thinking,class_nc1_ratio,quality_spearman,0.006060606060606061,0.17199027599024452,-0.33104033488027323,0.3431615470014853,3
Gemma4-E4B,24,native_thinking,class_nc1_ratio,late_8_10_minus_early_1_3,0.22636031951718827,0.21468680400419257,-0.19442581633102918,0.6471464553654057,3
Gemma4-E4B,24,native_thinking,fisher_nearest,quality_slope_per_index,-1.2598449221662664,13.34726013619876,-27.420474789115833,24.9007849447833,3
Gemma4-E4B,24,native_thinking,fisher_nearest,quality_spearman,-0.0303030303030303,0.024242424242424225,-0.07781818181818179,0.017212121212121182,3
Gemma4-E4B,24,native_thinking,fisher_nearest,late_8_10_minus_early_1_3,-7.700686429426181,82.69355301343028,-169.7800503357495,154.37867747689714,3
Gemma4-E4B,24,native_thinking,logistic_f1,quality_slope_per_index,-0.036786042240587666,0.025538000205541866,-0.08684052264344971,0.013268438162274389,3
Gemma4-E4B,24,native_thinking,logistic_f1,quality_spearman,-0.41627756392782617,0.22846027010047368,-0.8640596933247546,0.03150456546910224,3
Gemma4-E4B,24,native_thinking,logistic_f1,late_8_10_minus_early_1_3,-0.2222222222222222,0.2089886811802353,-0.6318400373354833,0.18739559289103896,3
Gemma4-E4B,24,native_thinking,logistic_precision,quality_slope_per_index,-0.01792929292929294,0.04416074924996177,-0.10448436145921802,0.06862577560063213,3
Gemma4-E4B,24,native_thinking,logistic_precision,quality_spearman,-0.1099063912519901,0.3112382926091391,-0.7199334447659027,0.5001206622619225,3
Gemma4-E4B,24,native_thinking,logistic_precision,late_8_10_minus_early_1_3,-0.0888888888888889,0.37175666481268016,-0.817531951921742,0.6397541741439642,3
Gemma4-E4B,24,native_thinking,logistic_recall,quality_slope_per_index,-0.04646464646464645,0.014141414141414134,-0.07418181818181815,-0.01874747474747475,3
Gemma4-E4B,24,native_thinking,logistic_recall,quality_spearman,-0.3877414529598742,0.09955282478680594,-0.5828649895420138,-0.1926179163777346,3
Gemma4-E4B,24,native_thinking,logistic_recall,late_8_10_minus_early_1_3,-0.2222222222222222,0.11111111111111112,-0.44,-0.0044444444444444176,3
Gemma4-E4B,24,native_thinking,mean_bhattacharyya,quality_slope_per_index,-3.1699161301558196,22.574886920106266,-47.4166944935641,41.07686223325246,3
Gemma4-E4B,24,native_thinking,mean_bhattacharyya,quality_spearman,0.07878787878787878,0.5017915053336572,-0.9047234716660895,1.062299229241847,3
Gemma4-E4B,24,native_thinking,mean_bhattacharyya,late_8_10_minus_early_1_3,-18.065258812021323,146.66560157808823,-305.52983790507426,269.3993202810316,3
Gemma4-E4B,24,native_thinking,min_bhattacharyya,quality_slope_per_index,-2.4161047646493587,6.533061297578962,-15.220904907904124,10.388695378605409,3
Gemma4-E4B,24,native_thinking,min_bhattacharyya,quality_spearman,-0.14589733048321551,0.06307800917340349,-0.2695302284630864,-0.022264432503344672,3
Gemma4-E4B,24,native_thinking,min_bhattacharyya,late_8_10_minus_early_1_3,-15.018662134806315,41.38013074649524,-96.12371839793698,66.08639412832434,3
Gemma4-E4B,24,native_thinking,nc2_class_cosine_deviation,quality_slope_per_index,0.001898428682883144,0.0073191628216831926,-0.012447130447615912,0.0162439878133822,3
Gemma4-E4B,24,native_thinking,nc2_class_cosine_deviation,quality_spearman,-0.04242424242424241,0.18302628933989692,-0.4011557695304404,0.31630728468195557,3
Gemma4-E4B,24,native_thinking,nc2_class_cosine_deviation,late_8_10_minus_early_1_3,0.009126459681448096,0.05585899927327255,-0.1003571788941661,0.11861009825706229,3
Gemma4-E4B,24,native_thinking,ncc_recall,quality_slope_per_index,-0.05252525252525248,0.019271499018524166,-0.09029739060155985,-0.014753114448945115,3
Gemma4-E4B,24,native_thinking,ncc_recall,quality_spearman,-0.42023031949290335,0.1402883728351255,-0.6951955302497492,-0.1452651087360574,3
Gemma4-E4B,24,native_thinking,ncc_recall,late_8_10_minus_early_1_3,-0.44444444444444453,0.11111111111111109,-0.6622222222222223,-0.2266666666666668,3
Gemma4-E4B,24,native_thinking,silhouette_cosine,quality_slope_per_index,-0.013656754565961353,0.013954775798023684,-0.04100811513008777,0.013694605998165068,3
Gemma4-E4B,24,native_thinking,silhouette_cosine,quality_spearman,-0.0303030303030303,0.07792849099792287,-0.18304287265895913,0.12243681205289852,3
Gemma4-E4B,24,native_thinking,silhouette_cosine,late_8_10_minus_early_1_3,-0.05555238326390585,0.1316738444066365,-0.31363311830091334,0.20252835177310166,3
Gemma4-E4B,24,native_thinking,within_trace,quality_slope_per_index,-0.6784017851858323,21.38780734351079,-42.59850417846698,41.241700608095314,3
Gemma4-E4B,24,native_thinking,within_trace,quality_spearman,0.2727272727272727,0.808080808080808,-1.311111111111111,1.8565656565656563,3
Gemma4-E4B,24,native_thinking,within_trace,late_8_10_minus_early_1_3,58.01199849446613,183.9591263963442,-302.5478892423685,418.57188623130077,3
Gemma4-E4B,25,non_thinking,centroid_nearest_squared,quality_slope_per_index,-187.87801485928597,33.137804227898556,-252.82811114596714,-122.9279185726048,3
Gemma4-E4B,25,non_thinking,centroid_nearest_squared,quality_spearman,-0.4573255749893281,0.4049641413850474,-1.251055292104021,0.3364041421253648,3
Gemma4-E4B,25,non_thinking,centroid_nearest_squared,late_8_10_minus_early_1_3,-1142.3766962687175,205.69487194972385,-1545.5386452901762,-739.2147472472589,3
Gemma4-E4B,25,non_thinking,class_nc1_ratio,quality_slope_per_index,0.1821380995114418,0.09832618783777616,-0.010581228650599461,0.37485742767348307,3
Gemma4-E4B,25,non_thinking,class_nc1_ratio,quality_spearman,0.16363636363636364,0.40500894015811445,-0.6301811590735407,0.957453886346268,3
Gemma4-E4B,25,non_thinking,class_nc1_ratio,late_8_10_minus_early_1_3,1.883422583999711,0.8732323051484355,0.17188726590877734,3.594957902090645,3
Gemma4-E4B,25,non_thinking,fisher_nearest,quality_slope_per_index,-0.6213487150054814,1.6793410061196037,-3.9128570869999044,2.670159656988942,3
Gemma4-E4B,25,non_thinking,fisher_nearest,quality_spearman,-0.0303030303030303,0.4533902267185628,-0.9189478746714134,0.8583418140653528,3
Gemma4-E4B,25,non_thinking,fisher_nearest,late_8_10_minus_early_1_3,-3.7564901490376403,10.281474979808237,-23.908181109461786,16.395200811386502,3
Gemma4-E4B,25,non_thinking,logistic_f1,quality_slope_per_index,-0.06801346801346797,0.004781144781144789,-0.07738451178451175,-0.05864242424242418,3
Gemma4-E4B,25,non_thinking,logistic_f1,quality_spearman,-0.3373495424699932,0.14127496349601898,-0.6142484709221905,-0.060450614017796,3
Gemma4-E4B,25,non_thinking,logistic_f1,late_8_10_minus_early_1_3,-0.4116402116402117,0.02939723678960658,-0.4692587957478406,-0.3540216275325828,3
Gemma4-E4B,25,non_thinking,logistic_precision,quality_slope_per_index,-0.06313131313131308,0.004082274630633736,-0.0711325714073552,-0.055130054855270956,3
Gemma4-E4B,25,non_thinking,logistic_precision,quality_spearman,-0.3373495424699932,0.14127496349601898,-0.6142484709221905,-0.060450614017796,3
Gemma4-E4B,25,non_thinking,logistic_precision,late_8_10_minus_early_1_3,-0.36111111111111116,0.037037037037037035,-0.43370370370370376,-0.28851851851851856,3
Gemma4-E4B,25,non_thinking,logistic_recall,quality_slope_per_index,-0.07070707070707065,0.017611712903194625,-0.1052260279973321,-0.036188113416809185,3
Gemma4-E4B,25,non_thinking,logistic_recall,quality_spearman,-0.3421348813790799,0.15996632642286185,-0.655668881167889,-0.028600881590270688,3
Gemma4-E4B,25,non_thinking,logistic_recall,late_8_10_minus_early_1_3,-0.4444444444444444,0.11111111111111112,-0.6622222222222223,-0.22666666666666663,3
Gemma4-E4B,25,non_thinking,mean_bhattacharyya,quality_slope_per_index,-2.5238461599606805,5.9022518868921,-14.092259858269196,9.044567538347836,3
Gemma4-E4B,25,non_thinking,mean_bhattacharyya,quality_spearman,0.24848484848484845,0.2831743914009734,-0.30653695866105946,0.8035066556307563,3
Gemma4-E4B,25,non_thinking,mean_bhattacharyya,late_8_10_minus_early_1_3,-14.608235158302168,37.10683672065311,-87.33763513078225,58.12116481417792,3
Gemma4-E4B,25,non_thinking,min_bhattacharyya,quality_slope_per_index,-2.3355806943142023,4.673393042102646,-11.495431056835388,6.824269668206982,3
Gemma4-E4B,25,non_thinking,min_bhattacharyya,quality_spearman,-0.08536744066467457,0.5245239769749386,-1.113434435535554,0.942699554206205,3
Gemma4-E4B,25,non_thinking,min_bhattacharyya,late_8_10_minus_early_1_3,-14.05827436844508,28.764268886084164,-70.43624138517004,42.31969264827988,3
Gemma4-E4B,25,non_thinking,nc2_class_cosine_deviation,quality_slope_per_index,-0.013020224649886997,0.005377356703767347,-0.023559843789271,-0.002480605510502996,3
Gemma4-E4B,25,non_thinking,nc2_class_cosine_deviation,quality_spearman,-0.35757575757575755,0.19410767110245353,-0.7380267929365665,0.022875277785051384,3
Gemma4-E4B,25,non_thinking,nc2_class_cosine_deviation,late_8_10_minus_early_1_3,-0.07348381940260101,0.03870334297401606,-0.14934237163167247,0.002374732826470452,3
Gemma4-E4B,25,non_thinking,ncc_recall,quality_slope_per_index,-0.060606060606060545,0.03446206486713533,-0.1281517077456458,0.006939586533524701,3
Gemma4-E4B,25,non_thinking,ncc_recall,quality_spearman,-0.39992477263806875,0.28759909678426926,-0.9636190023352365,0.163769457059099,3
Gemma4-E4B,25,non_thinking,ncc_recall,late_8_10_minus_early_1_3,-0.4444444444444444,0.2939723678960656,-1.020630285520733,0.13174139663184414,3
Gemma4-E4B,25,non_thinking,silhouette_cosine,quality_slope_per_index,-0.06995262785842916,0.025548595322268577,-0.12002787469007557,-0.019877381026782756,3
Gemma4-E4B,25,non_thinking,silhouette_cosine,quality_spearman,-0.2606060606060606,0.3396824170825649,-0.9263835980878878,0.4051714768757666,3
Gemma4-E4B,25,non_thinking,silhouette_cosine,late_8_10_minus_early_1_3,-0.39610084270437557,0.15433411191356367,-0.6985957020549604,-0.09360598335379078,3
Gemma4-E4B,25,non_thinking,within_trace,quality_slope_per_index,28.33207526929455,26.703560674726333,-24.00690365316906,80.67105419175816,3
Gemma4-E4B,25,non_thinking,within_trace,quality_spearman,0.32121212121212117,0.3758227379146176,-0.4154004451005293,1.0578246875247717,3
Gemma4-E4B,25,non_thinking,within_trace,late_8_10_minus_early_1_3,230.83719889322919,206.69065451245913,-174.2764839511907,635.9508817376491,3
Gemma4-E4B,25,native_thinking,centroid_nearest_squared,quality_slope_per_index,-99.09674081513354,24.431861886968413,-146.98319011359163,-51.210291516675454,3
Gemma4-E4B,25,native_thinking,centroid_nearest_squared,quality_spearman,-0.1158558123306298,0.20496754609849285,-0.5175922026836758,0.2858805780224162,3
Gemma4-E4B,25,native_thinking,centroid_nearest_squared,late_8_10_minus_early_1_3,-644.0297012329103,146.73797943742446,-931.6361409302622,-356.42326153555837,3
Gemma4-E4B,25,native_thinking,class_nc1_ratio,quality_slope_per_index,0.005990173518261313,0.01509233882260236,-0.02359081057403931,0.03557115761056193,3
Gemma4-E4B,25,native_thinking,class_nc1_ratio,quality_spearman,0.07878787878787878,0.27079751240591576,-0.4519752455277161,0.6095510031034737,3
Gemma4-E4B,25,native_thinking,class_nc1_ratio,late_8_10_minus_early_1_3,0.23404424537252633,0.21769180864082308,-0.1926316995634869,0.6607201903085396,3
Gemma4-E4B,25,native_thinking,fisher_nearest,quality_slope_per_index,-1.192187190098784,13.49229814070075,-27.637091545872256,25.252717165674685,3
Gemma4-E4B,25,native_thinking,fisher_nearest,quality_spearman,-0.04242424242424241,0.09319242500744077,-0.22508139543882633,0.1402329105903415,3
Gemma4-E4B,25,native_thinking,fisher_nearest,late_8_10_minus_early_1_3,-7.286793792864293,83.42875604689664,-170.80715564478172,156.2335680590531,3
Gemma4-E4B,25,native_thinking,logistic_f1,quality_slope_per_index,-0.03849927849927852,0.02814753004094856,-0.0936684373795377,0.01666988038098066,3
Gemma4-E4B,25,native_thinking,logistic_f1,quality_spearman,-0.3508107492910983,0.19026925253076213,-0.7237384842513921,0.022116985669195455,3
Gemma4-E4B,25,native_thinking,logistic_f1,late_8_10_minus_early_1_3,-0.23015873015873023,0.2300072480883493,-0.6809729364118948,0.22065547609443437,3
Gemma4-E4B,25,native_thinking,logistic_precision,quality_slope_per_index,-0.018398268398268414,0.04201070427065915,-0.10073924876876035,0.06394271197222352,3
Gemma4-E4B,25,native_thinking,logistic_precision,quality_spearman,-0.09731236802019036,0.32110906060637756,-0.7266861268086904,0.5320613907683096,3
Gemma4-E4B,25,native_thinking,logistic_precision,late_8_10_minus_early_1_3,-0.08333333333333326,0.338559848356339,-0.7469106361117577,0.5802439694450912,3
Gemma4-E4B,25,native_thinking,logistic_recall,quality_slope_per_index,-0.046464646464646445,0.014141414141414142,-0.07418181818181815,-0.018747474747474728,3
Gemma4-E4B,25,native_thinking,logistic_recall,quality_spearman,-0.35370641089500354,0.07427267068249573,-0.49928084543269513,-0.20813197635731193,3
Gemma4-E4B,25,native_thinking,logistic_recall,late_8_10_minus_early_1_3,-0.22222222222222232,0.11111111111111116,-0.44000000000000017,-0.004444444444444445,3
Gemma4-E4B,25,native_thinking,mean_bhattacharyya,quality_slope_per_index,-3.2851351521231877,19.9349439459725,-42.357625286229286,35.78735498198291,3
Gemma4-E4B,25,native_thinking,mean_bhattacharyya,quality_spearman,-0.01818181818181818,0.5523396360609313,-1.1007675048612433,1.0644038684976072,3
Gemma4-E4B,25,native_thinking,mean_bhattacharyya,late_8_10_minus_early_1_3,-19.095900941778112,128.24139888412589,-270.44904275466484,232.2572408711086,3
Gemma4-E4B,25,native_thinking,min_bhattacharyya,quality_slope_per_index,-2.6747635429555676,6.488784912122663,-15.392781970715985,10.04325488480485,3
Gemma4-E4B,25,native_thinking,min_bhattacharyya,quality_spearman,-0.14589733048321551,0.05757066831053008,-0.2587358403718545,-0.03305882059457656,3
Gemma4-E4B,25,native_thinking,min_bhattacharyya,late_8_10_minus_early_1_3,-16.724844217300415,40.60904314711064,-96.31856878563727,62.86888035103644,3
Gemma4-E4B,25,native_thinking,nc2_class_cosine_deviation,quality_slope_per_index,0.0032171146291228893,0.008167681124497997,-0.012791540374893183,0.01922576963313896,3
Gemma4-E4B,25,native_thinking,nc2_class_cosine_deviation,quality_spearman,-0.0303030303030303,0.1614140149934398,-0.3466744996901723,0.2860684390841117,3
Gemma4-E4B,25,native_thinking,nc2_class_cosine_deviation,late_8_10_minus_early_1_3,0.018127155923303773,0.06458819884954328,-0.10846571382180106,0.1447200256684086,3
Gemma4-E4B,25,native_thinking,ncc_recall,quality_slope_per_index,-0.06262626262626263,0.01653606620580295,-0.09503695238963641,-0.030215572862888847,3
Gemma4-E4B,25,native_thinking,ncc_recall,quality_spearman,-0.4045199174779453,0.1180766823208853,-0.6359502148268805,-0.1730896201290101,3
Gemma4-E4B,25,native_thinking,ncc_recall,late_8_10_minus_early_1_3,-0.5555555555555556,0.11111111111111116,-0.7733333333333334,-0.33777777777777773,3
Gemma4-E4B,25,native_thinking,silhouette_cosine,quality_slope_per_index,-0.014179976465123988,0.01683101260126731,-0.04716876116360791,0.018808808233359935,3
Gemma4-E4B,25,native_thinking,silhouette_cosine,quality_spearman,-0.0303030303030303,0.14364758654247417,-0.31185229992627966,0.2512462393202191,3
Gemma4-E4B,25,native_thinking,silhouette_cosine,late_8_10_minus_early_1_3,-0.056758018831412016,0.1388884310935384,-0.3289793437747473,0.21546330611192327,3
Gemma4-E4B,25,native_thinking,within_trace,quality_slope_per_index,-1.9195887710108663,23.23523477137145,-47.460648922898905,43.621471380877175,3
Gemma4-E4B,25,native_thinking,within_trace,quality_spearman,0.1515151515151515,0.8004895961290602,-1.4174444568978064,1.7204747599281096,3
Gemma4-E4B,25,native_thinking,within_trace,late_8_10_minus_early_1_3,42.018168131510436,188.48648938116432,-327.41535105557165,411.4516873185925,3
Gemma4-E4B,26,non_thinking,centroid_nearest_squared,quality_slope_per_index,-173.64762573242172,31.341806402829963,-235.07756628196844,-112.21768518287499,3
Gemma4-E4B,26,non_thinking,centroid_nearest_squared,quality_spearman,-0.5061069696548565,0.4258682186380527,-1.3408086781854398,0.32859473887572677,3
Gemma4-E4B,26,non_thinking,centroid_nearest_squared,late_8_10_minus_early_1_3,-1044.8263117472331,197.6167128626084,-1432.1550689579456,-657.4975545365207,3
Gemma4-E4B,26,non_thinking,class_nc1_ratio,quality_slope_per_index,0.14857732718575645,0.08828596933818221,-0.024463172717080678,0.32161782708859354,3
Gemma4-E4B,26,non_thinking,class_nc1_ratio,quality_spearman,0.1515151515151515,0.35214155263839875,-0.53868229165611,0.841712594686413,3
Gemma4-E4B,26,non_thinking,class_nc1_ratio,late_8_10_minus_early_1_3,1.687517338564941,0.7897253423817095,0.13965566749679015,3.2353790096330917,3
Gemma4-E4B,26,non_thinking,fisher_nearest,quality_slope_per_index,-0.6095372597315649,1.2384762149887778,-3.036950641109569,1.8178761216464394,3
Gemma4-E4B,26,non_thinking,fisher_nearest,quality_spearman,-0.06666666666666665,0.4767676767676767,-1.0011313131313129,0.8677979797979796,3
Gemma4-E4B,26,non_thinking,fisher_nearest,late_8_10_minus_early_1_3,-3.669342826080424,7.527491555352258,-18.42322627457085,11.084540622410001,3
Gemma4-E4B,26,non_thinking,logistic_f1,quality_slope_per_index,-0.07878787878787873,0.012771025645876274,-0.10381908905379622,-0.05375666852196123,3
Gemma4-E4B,26,non_thinking,logistic_f1,quality_spearman,-0.44552956562436014,0.19625435609467842,-0.8301881035699299,-0.060871027678790435,3
Gemma4-E4B,26,non_thinking,logistic_f1,late_8_10_minus_early_1_3,-0.5357142857142857,0.07839263143895082,-0.6893638433346293,-0.3820647280939421,3
Gemma4-E4B,26,non_thinking,logistic_precision,quality_slope_per_index,-0.07666666666666659,0.012000710412902918,-0.1001880590759563,-0.053145274257376876,3
Gemma4-E4B,26,non_thinking,logistic_precision,quality_spearman,-0.44552956562436014,0.19625435609467842,-0.8301881035699299,-0.060871027678790435,3
Gemma4-E4B,26,non_thinking,logistic_precision,late_8_10_minus_early_1_3,-0.5166666666666667,0.0848625128695526,-0.6829971918909898,-0.3503361414423436,3
Gemma4-E4B,26,non_thinking,logistic_recall,quality_slope_per_index,-0.08080808080808076,0.019271499018524145,-0.11858021888438808,-0.043035942731773434,3
Gemma4-E4B,26,non_thinking,logistic_recall,quality_spearman,-0.4403855060505442,0.1851557854737713,-0.8032908455791359,-0.0774801665219525,3
Gemma4-E4B,26,non_thinking,logistic_recall,late_8_10_minus_early_1_3,-0.5555555555555556,0.11111111111111109,-0.7733333333333333,-0.33777777777777784,3
Gemma4-E4B,26,non_thinking,mean_bhattacharyya,quality_slope_per_index,-2.3757638982650775,5.0084736588104715,-12.192372269533601,7.440844473003446,3
Gemma4-E4B,26,non_thinking,mean_bhattacharyya,quality_spearman,0.22424242424242422,0.25464163647012084,-0.2748551832390126,0.7233400317238611,3
Gemma4-E4B,26,non_thinking,mean_bhattacharyya,late_8_10_minus_early_1_3,-13.678643257529648,30.77288527504432,-73.99349839661652,46.636211881557216,3
Gemma4-E4B,26,non_thinking,min_bhattacharyya,quality_slope_per_index,-2.2409352006334227,4.253973748633874,-10.578723747955816,6.09685334668897,3
Gemma4-E4B,26,non_thinking,min_bhattacharyya,quality_spearman,0.0,0.4133510912898439,-0.810168138928094,0.810168138928094,3
Gemma4-E4B,26,non_thinking,min_bhattacharyya,late_8_10_minus_early_1_3,-13.442964712778727,25.979884323400213,-64.36353798664315,37.477608561085695,3
Gemma4-E4B,26,non_thinking,nc2_class_cosine_deviation,quality_slope_per_index,-0.012703937224087707,0.007147602650091056,-0.02671323841826618,0.0013053639700907633,3
Gemma4-E4B,26,non_thinking,nc2_class_cosine_deviation,quality_spearman,-0.3939393939393939,0.30707070707070705,-0.9957979797979797,0.20791919191919184,3
Gemma4-E4B,26,non_thinking,nc2_class_cosine_deviation,late_8_10_minus_early_1_3,-0.06520718526202474,0.055357145382974475,-0.1737071902126547,0.04329281968860524,3
Gemma4-E4B,26,non_thinking,ncc_recall,quality_slope_per_index,-0.060606060606060545,0.05225259457122249,-0.16302114596565662,0.04180902475353553,3
Gemma4-E4B,26,non_thinking,ncc_recall,quality_spearman,-0.39992477263806875,0.4101304814839745,-1.2037805163466588,0.4039309710705213,3
Gemma4-E4B,26,non_thinking,ncc_recall,late_8_10_minus_early_1_3,-0.4444444444444444,0.40061680838488767,-1.2296533888788241,0.3407644999899354,3
Gemma4-E4B,26,non_thinking,silhouette_cosine,quality_slope_per_index,-0.07213047181227886,0.023899609954688043,-0.11897370732346742,-0.025287236301090296,3
Gemma4-E4B,26,non_thinking,silhouette_cosine,quality_spearman,-0.17575757575757575,0.305471647215124,-0.7744820042992188,0.4229668527840672,3
Gemma4-E4B,26,non_thinking,silhouette_cosine,late_8_10_minus_early_1_3,-0.4142356598749757,0.13669987635444414,-0.6821674175296861,-0.14630390222026518,3
Gemma4-E4B,26,non_thinking,within_trace,quality_slope_per_index,25.483342950994373,24.261963984493175,-22.070106458612248,73.036792360601,3
Gemma4-E4B,26,non_thinking,within_trace,quality_spearman,0.28484848484848485,0.36533832906528696,-0.4312146401194776,1.0009116098164472,3
Gemma4-E4B,26,non_thinking,within_trace,late_8_10_minus_early_1_3,207.90761311848962,188.03879268873277,-160.64842055142663,576.4636467884059,3
Gemma4-E4B,26,native_thinking,centroid_nearest_squared,quality_slope_per_index,-137.42956385756952,29.88988712061312,-196.01374261397123,-78.8453851011678,3
Gemma4-E4B,26,native_thinking,centroid_nearest_squared,quality_spearman,-0.20122325299530439,0.2058019077040112,-0.6045949920951663,0.20214848610455752,3
Gemma4-E4B,26,native_thinking,centroid_nearest_squared,late_8_10_minus_early_1_3,-864.4197642008463,168.90303813990982,-1195.4697189550695,-533.3698094466231,3
Gemma4-E4B,26,native_thinking,class_nc1_ratio,quality_slope_per_index,0.01807751634946147,0.029264964422995223,-0.039281813919609165,0.0754368466185321,3
Gemma4-E4B,26,native_thinking,class_nc1_ratio,quality_spearman,0.11515151515151514,0.3111898103267831,-0.49478051308897975,0.72508354339201,3
Gemma4-E4B,26,native_thinking,class_nc1_ratio,late_8_10_minus_early_1_3,0.2969302811534954,0.27378156961842715,-0.23968159529862176,0.8335421576056126,3
Gemma4-E4B,26,native_thinking,fisher_nearest,quality_slope_per_index,-1.1759800517858479,15.159893566510762,-30.889371442146942,28.537411338575243,3
Gemma4-E4B,26,native_thinking,fisher_nearest,quality_spearman,-0.04242424242424241,0.2154713798137112,-0.46474814685911636,0.3798996620106315,3
Gemma4-E4B,26,native_thinking,fisher_nearest,late_8_10_minus_early_1_3,-7.162215826673703,93.70314187900965,-190.8203739095326,176.4959422561852,3
Gemma4-E4B,26,native_thinking,logistic_f1,quality_slope_per_index,-0.02484848484848483,0.02018514607126329,-0.06441137114816088,0.014714401451191222,3
Gemma4-E4B,26,native_thinking,logistic_f1,quality_spearman,-0.3303479364696548,0.17244531652640355,-0.6683407568614057,0.007644883922096113,3
Gemma4-E4B,26,native_thinking,logistic_f1,late_8_10_minus_early_1_3,-0.2666666666666666,0.11845708914450796,-0.49884256138990224,-0.034490771943431,3
Gemma4-E4B,26,native_thinking,logistic_precision,quality_slope_per_index,-0.006666666666666621,0.030828515237425122,-0.06709055653201985,0.053757223198686616,3
Gemma4-E4B,26,native_thinking,logistic_precision,quality_spearman,-0.08910591312487204,0.22220535026289986,-0.5246283996401557,0.3464165733904117,3
Gemma4-E4B,26,native_thinking,logistic_precision,late_8_10_minus_early_1_3,-0.20000000000000007,0.2281914340851758,-0.6472552108069447,0.24725521080694451,3
Gemma4-E4B,26,native_thinking,logistic_recall,quality_slope_per_index,-0.030303030303030273,0.01399637016217278,-0.057735915820888925,-0.0028701447851716237,3
Gemma4-E4B,26,native_thinking,logistic_recall,quality_spearman,-0.3491144192710274,0.1613550413899669,-0.6653703003953625,-0.03285853814669226,3
Gemma4-E4B,26,native_thinking,logistic_recall,late_8_10_minus_early_1_3,-0.2222222222222222,0.11111111111111109,-0.43999999999999995,-0.004444444444444473,3
Gemma4-E4B,26,native_thinking,mean_bhattacharyya,quality_slope_per_index,-3.126766765960535,22.0537899122211,-46.35219499391388,40.09866146199282,3
Gemma4-E4B,26,native_thinking,mean_bhattacharyya,quality_spearman,0.006060606060606061,0.6143008830706109,-1.1979691247577913,1.2100903368790035,3
Gemma4-E4B,26,native_thinking,mean_bhattacharyya,late_8_10_minus_early_1_3,-18.482847730318706,143.2867121210183,-299.3248034875146,262.35910802687715,3
Gemma4-E4B,26,native_thinking,min_bhattacharyya,quality_slope_per_index,-2.4557780453652995,6.521516644681573,-15.237950668941183,10.326394578210584,3
Gemma4-E4B,26,native_thinking,min_bhattacharyya,quality_spearman,-0.14589733048321551,0.16597304069956045,-0.471204490254354,0.17940982928792298,3
Gemma4-E4B,26,native_thinking,min_bhattacharyya,late_8_10_minus_early_1_3,-15.309654076894127,41.29237206366942,-96.24270332168618,65.62339516789794,3
Gemma4-E4B,26,native_thinking,nc2_class_cosine_deviation,quality_slope_per_index,0.003614401625552253,0.00921988229924628,-0.014456567680970454,0.021685370932074958,3
Gemma4-E4B,26,native_thinking,nc2_class_cosine_deviation,quality_spearman,-0.006060606060606061,0.24893610991110077,-0.49397538148636355,0.48185416936515146,3
Gemma4-E4B,26,native_thinking,nc2_class_cosine_deviation,late_8_10_minus_early_1_3,0.015706542526743528,0.07306240635903649,-0.12749577393696798,0.15890885899045504,3
Gemma4-E4B,26,native_thinking,ncc_recall,quality_slope_per_index,-0.05656565656565658,0.013247350554145441,-0.08253046365178165,-0.030600849479531518,3
Gemma4-E4B,26,native_thinking,ncc_recall,quality_spearman,-0.38924947208076144,0.10396890881188539,-0.5930285333520569,-0.18547041080946608,3
Gemma4-E4B,26,native_thinking,ncc_recall,late_8_10_minus_early_1_3,-0.5555555555555556,0.11111111111111116,-0.7733333333333334,-0.33777777777777773,3
Gemma4-E4B,26,native_thinking,silhouette_cosine,quality_slope_per_index,-0.019353771785443393,0.013975581601323126,-0.04674591172403672,0.008038368153149934,3
Gemma4-E4B,26,native_thinking,silhouette_cosine,quality_spearman,-0.0303030303030303,0.17722595716736408,-0.3776659063510639,0.31705984574500334,3
Gemma4-E4B,26,native_thinking,silhouette_cosine,late_8_10_minus_early_1_3,-0.08989636413753033,0.13890148114603051,-0.3621432671837501,0.18235053890868946,3
Gemma4-E4B,26,native_thinking,within_trace,quality_slope_per_index,-2.9592616225733654,26.54850340236243,-54.99432829120373,49.075805046057,3
Gemma4-E4B,26,native_thinking,within_trace,quality_spearman,-0.006060606060606061,0.7514282560819519,-1.4788599879812316,1.4667387758600194,3
Gemma4-E4B,26,native_thinking,within_trace,late_8_10_minus_early_1_3,47.124603271484375,219.67076502518015,-383.4300961778687,477.6793027208374,3
Gemma4-E4B,27,non_thinking,centroid_nearest_squared,quality_slope_per_index,-206.51097939231158,27.1331156656783,-259.69188609704105,-153.33007268758212,3
Gemma4-E4B,27,non_thinking,centroid_nearest_squared,quality_spearman,-0.3597627856582714,0.39591167873514843,-1.1357496759791623,0.41622410466261955,3
Gemma4-E4B,27,non_thinking,centroid_nearest_squared,late_8_10_minus_early_1_3,-1247.9810384114585,176.99879946112324,-1594.89868535526,-901.0633914676569,3
Gemma4-E4B,27,non_thinking,class_nc1_ratio,quality_slope_per_index,0.11093531960356239,0.04864718747749195,0.01558683214767817,0.2062838070594466,3
Gemma4-E4B,27,non_thinking,class_nc1_ratio,quality_spearman,0.05454545454545454,0.36129436615932364,-0.6535915031268198,0.7626824122177289,3
Gemma4-E4B,27,non_thinking,class_nc1_ratio,late_8_10_minus_early_1_3,1.3605165465930995,0.43185787330265746,0.5140751149198909,2.206957978266308,3
Gemma4-E4B,27,non_thinking,fisher_nearest,quality_slope_per_index,-0.6868727172807365,1.0726971447573528,-2.7893591210051483,1.415613686443675,3
Gemma4-E4B,27,non_thinking,fisher_nearest,quality_spearman,-0.12727272727272726,0.3291379693643038,-0.7723831472267626,0.5178376926813082,3
Gemma4-E4B,27,non_thinking,fisher_nearest,late_8_10_minus_early_1_3,-4.1482604164651535,6.577495378203734,-17.04015135774447,8.743630524814165,3
Gemma4-E4B,27,non_thinking,logistic_f1,quality_slope_per_index,-0.06212121212121208,0.009711922627512429,-0.08115658047113644,-0.04308584377128771,3
Gemma4-E4B,27,non_thinking,logistic_f1,quality_spearman,-0.5194974338578281,0.1010074632427179,-0.7174720618135552,-0.321522805902101,3
Gemma4-E4B,27,non_thinking,logistic_f1,late_8_10_minus_early_1_3,-0.44047619047619047,0.12873571492694652,-0.6927981917330057,-0.18815418921937527,3
Gemma4-E4B,27,non_thinking,logistic_precision,quality_slope_per_index,-0.061212121212121155,0.013891653637687929,-0.0884397623419895,-0.03398448008225281,3
Gemma4-E4B,27,non_thinking,logistic_precision,quality_spearman,-0.5194974338578281,0.06780290281009656,-0.6523911233656173,-0.38660374435003886,3
Gemma4-E4B,27,non_thinking,logistic_precision,late_8_10_minus_early_1_3,-0.43333333333333324,0.15555555555555556,-0.7382222222222221,-0.12844444444444436,3
Gemma4-E4B,27,non_thinking,logistic_recall,quality_slope_per_index,-0.06262626262626256,0.026724760717824193,-0.11500679363319798,-0.01024573161932714,3
Gemma4-E4B,27,non_thinking,logistic_recall,quality_spearman,-0.4719509741997222,0.1757452792108433,-0.816411721452975,-0.1274902269464694,3
Gemma4-E4B,27,non_thinking,logistic_recall,late_8_10_minus_early_1_3,-0.4444444444444444,0.22222222222222224,-0.88,-0.008888888888888835,3
Gemma4-E4B,27,non_thinking,mean_bhattacharyya,quality_slope_per_index,-2.8788116325031576,5.273508242766658,-13.214887788325807,7.457264523319491,3
Gemma4-E4B,27,non_thinking,mean_bhattacharyya,quality_spearman,0.19999999999999998,0.30834398429638643,-0.40435420922091747,0.8043542092209174,3
Gemma4-E4B,27,non_thinking,mean_bhattacharyya,late_8_10_minus_early_1_3,-16.78591408552947,32.162983805592624,-79.82536234449101,46.25353417343207,3
Gemma4-E4B,27,non_thinking,min_bhattacharyya,quality_slope_per_index,-2.7147158947857903,3.65651542852478,-9.88148613469436,4.452054345122778,3
Gemma4-E4B,27,non_thinking,min_bhattacharyya,quality_spearman,0.01823716631040194,0.37317897065696626,-0.7131936161772519,0.7496679487980558,3
Gemma4-E4B,27,non_thinking,min_bhattacharyya,late_8_10_minus_early_1_3,-16.404188474019367,22.401033694317793,-60.31021451488223,27.501837566843502,3
Gemma4-E4B,27,non_thinking,nc2_class_cosine_deviation,quality_slope_per_index,-0.011162423077947058,0.0071931712737608785,-0.02526103877451838,0.0029361926186242636,3
Gemma4-E4B,27,non_thinking,nc2_class_cosine_deviation,quality_spearman,-0.3696969696969697,0.26898290063989067,-0.8969034549511554,0.15750951555721598,3
Gemma4-E4B,27,non_thinking,nc2_class_cosine_deviation,late_8_10_minus_early_1_3,-0.05068246935927334,0.049666034079511395,-0.1480278961551157,0.046662957436568994,3
Gemma4-E4B,27,non_thinking,ncc_recall,quality_slope_per_index,-0.07878787878787874,0.034462064867135316,-0.14633352592746396,-0.011242231648293521,3
Gemma4-E4B,27,non_thinking,ncc_recall,quality_spearman,-0.6100327898548931,0.2354695084827058,-1.0715530264809965,-0.1485125532287897,3
Gemma4-E4B,27,non_thinking,ncc_recall,late_8_10_minus_early_1_3,-0.5555555555555556,0.2939723678960656,-1.1317413966318441,0.020630285520732983,3
Gemma4-E4B,27,non_thinking,silhouette_cosine,quality_slope_per_index,-0.07824905297972931,0.024481298705033145,-0.12623239844159428,-0.030265707517864344,3
Gemma4-E4B,27,non_thinking,silhouette_cosine,quality_spearman,-0.2727272727272727,0.26898290063989067,-0.7999337579814584,0.25447921252691297,3
Gemma4-E4B,27,non_thinking,silhouette_cosine,late_8_10_minus_early_1_3,-0.45954447984695435,0.15741847839497006,-0.7680846975010956,-0.15100426219281304,3
Gemma4-E4B,27,non_thinking,within_trace,quality_slope_per_index,16.24602383700284,18.118586740901296,-19.2664061751637,51.758453849169385,3
Gemma4-E4B,27,non_thinking,within_trace,quality_spearman,0.2121212121212121,0.406216362910927,-0.5840628591842048,1.008305283426629,3
Gemma4-E4B,27,non_thinking,within_trace,late_8_10_minus_early_1_3,140.77888997395831,140.162880212473,-133.94035524248875,415.4981351904054,3
Gemma4-E4B,27,native_thinking,centroid_nearest_squared,quality_slope_per_index,-121.11859140107101,25.05787560610244,-170.2320275890318,-72.00515521311024,3
Gemma4-E4B,27,native_thinking,centroid_nearest_squared,quality_spearman,-0.09756278933105667,0.1048795755660314,-0.30312675744047823,0.10800117877836488,3
Gemma4-E4B,27,native_thinking,centroid_nearest_squared,late_8_10_minus_early_1_3,-767.8284810384115,155.3780013536704,-1072.3693636916055,-463.2875983852175,3
Gemma4-E4B,27,native_thinking,class_nc1_ratio,quality_slope_per_index,-0.013543111519518822,0.019858480727970643,-0.05246573374634128,0.02537951070730364,3
Gemma4-E4B,27,native_thinking,class_nc1_ratio,quality_spearman,-0.01818181818181818,0.2795772750223223,-0.56615327722557,0.5297896408619336,3
Gemma4-E4B,27,native_thinking,class_nc1_ratio,late_8_10_minus_early_1_3,0.07913143705852277,0.1969069778136023,-0.3068062394561377,0.46506911357318326,3
Gemma4-E4B,27,native_thinking,fisher_nearest,quality_slope_per_index,-1.5310685590490276,16.933922080618487,-34.72155583706126,31.659418718963206,3
Gemma4-E4B,27,native_thinking,fisher_nearest,quality_spearman,-0.04242424242424241,0.21195760886632725,-0.45786115580224385,0.373012670953759,3
Gemma4-E4B,27,native_thinking,fisher_nearest,late_8_10_minus_early_1_3,-9.354495068213428,104.37834105035496,-213.93604352690915,195.2270533904823,3
Gemma4-E4B,27,native_thinking,logistic_f1,quality_slope_per_index,-0.022895622895622858,0.020567706554224317,-0.06320832774190252,0.017417081950656804,3
Gemma4-E4B,27,native_thinking,logistic_f1,quality_spearman,-0.15891043154093204,0.14584069644598813,-0.44475819657506876,0.12693733349320468,3
Gemma4-E4B,27,native_thinking,logistic_f1,late_8_10_minus_early_1_3,-0.18518518518518523,0.17444276742682047,-0.5270930093417534,0.1567226389713829,3
Gemma4-E4B,27,native_thinking,logistic_precision,quality_slope_per_index,-0.0020202020202019764,0.030169928409896015,-0.061153261703598166,0.05711285766319421,3
Gemma4-E4B,27,native_thinking,logistic_precision,quality_spearman,-0.03232540919176179,0.19814233260700223,-0.42068438110148615,0.35603356271796255,3
Gemma4-E4B,27,native_thinking,logistic_precision,late_8_10_minus_early_1_3,-0.022222222222222254,0.26452327904694956,-0.5406878491542434,0.4962434047097989,3
Gemma4-E4B,27,native_thinking,logistic_recall,quality_slope_per_index,-0.028282828282828246,0.014141414141414132,-0.055999999999999946,-0.0005656565656565471,3
Gemma4-E4B,27,native_thinking,logistic_recall,quality_spearman,-0.17797968332584388,0.07257916389688572,-0.32023484456373985,-0.03572452208794788,3
Gemma4-E4B,27,native_thinking,logistic_recall,late_8_10_minus_early_1_3,-0.2222222222222222,0.11111111111111109,-0.43999999999999995,-0.004444444444444473,3
Gemma4-E4B,27,native_thinking,mean_bhattacharyya,quality_slope_per_index,-3.2624605699821703,18.63228853864308,-39.781746105722604,33.25682496575827,3
Gemma4-E4B,27,native_thinking,mean_bhattacharyya,quality_spearman,-0.06666666666666665,0.5293391914395901,-1.104171481888263,0.9708381485549298,3
Gemma4-E4B,27,native_thinking,mean_bhattacharyya,late_8_10_minus_early_1_3,-19.543674367445483,124.23616530892203,-263.0465583729327,223.9592096380417,3
Gemma4-E4B,27,native_thinking,min_bhattacharyya,quality_slope_per_index,-2.912592508937368,5.706214761445255,-14.096773441370068,8.271588423495334,3
Gemma4-E4B,27,native_thinking,min_bhattacharyya,quality_spearman,-0.14589733048321551,0.13486563809447016,-0.41023398114837706,0.11843932018194603,3
Gemma4-E4B,27,native_thinking,min_bhattacharyya,late_8_10_minus_early_1_3,-18.217368245124817,36.168558330536946,-89.10774257297723,52.673006082727596,3
Gemma4-E4B,27,native_thinking,nc2_class_cosine_deviation,quality_slope_per_index,0.003044438581764583,0.007956535604720821,-0.012550371203488226,0.018639248367017393,3
Gemma4-E4B,27,native_thinking,nc2_class_cosine_deviation,quality_spearman,-0.01818181818181818,0.21379808574259315,-0.43722606623730076,0.4008624298736644,3
Gemma4-E4B,27,native_thinking,nc2_class_cosine_deviation,late_8_10_minus_early_1_3,0.004773572148609517,0.06004148893033808,-0.11290774615485312,0.12245489045207215,3
Gemma4-E4B,27,native_thinking,ncc_recall,quality_slope_per_index,-0.05656565656565658,0.00808080808080806,-0.07240404040404039,-0.040727272727272786,3
Gemma4-E4B,27,native_thinking,ncc_recall,quality_spearman,-0.38924947208076144,7.850462293418876e-17,-0.3892494720807616,-0.38924947208076127,3
Gemma4-E4B,27,native_thinking,ncc_recall,late_8_10_minus_early_1_3,-0.5555555555555556,0.11111111111111116,-0.7733333333333334,-0.33777777777777773,3
Gemma4-E4B,27,native_thinking,silhouette_cosine,quality_slope_per_index,-0.020510793228944058,0.02476920614778125,-0.06905843727859531,0.028036850820707192,3
Gemma4-E4B,27,native_thinking,silhouette_cosine,quality_spearman,-0.0303030303030303,0.18795480160990718,-0.39869444145844835,0.3380883808523878,3
Gemma4-E4B,27,native_thinking,silhouette_cosine,late_8_10_minus_early_1_3,-0.1029467508196831,0.24411004480613643,-0.5814024386397105,0.37550893700034427,3
Gemma4-E4B,27,native_thinking,within_trace,quality_slope_per_index,-13.084711988044488,22.795009345415856,-57.76293030505957,31.59350632897059,3
Gemma4-E4B,27,native_thinking,within_trace,quality_spearman,0.006060606060606061,0.7433025794519595,-1.4508124496652346,1.4629336617864468,3
Gemma4-E4B,27,native_thinking,within_trace,late_8_10_minus_early_1_3,-27.557128906250057,192.98161135723475,-405.8010871664302,350.6868293539301,3
Gemma4-E4B,28,non_thinking,centroid_nearest_squared,quality_slope_per_index,-191.77981900301813,31.32977949265211,-253.18618680861627,-130.37345119742,3
Gemma4-E4B,28,non_thinking,centroid_nearest_squared,quality_spearman,-0.3119397334524688,0.37604304254321963,-1.0489840968371793,0.4251046299322417,3
Gemma4-E4B,28,non_thinking,centroid_nearest_squared,late_8_10_minus_early_1_3,-1154.5746765136719,198.6541693170681,-1543.9368483751255,-765.2125046522184,3
Gemma4-E4B,28,non_thinking,class_nc1_ratio,quality_slope_per_index,0.06361479279225472,0.06157743622992375,-0.05707698221839583,0.18430656780290527,3
Gemma4-E4B,28,non_thinking,class_nc1_ratio,quality_spearman,-0.01818181818181818,0.23097544934071032,-0.4708936988896104,0.43453006252597404,3
Gemma4-E4B,28,non_thinking,class_nc1_ratio,late_8_10_minus_early_1_3,1.00583927453459,0.5341898935627507,-0.041172916848401186,2.0528514659175814,3
Gemma4-E4B,28,non_thinking,fisher_nearest,quality_slope_per_index,-0.7445966379883266,1.0644322813692053,-2.830883909471969,1.3416906334953156,3
Gemma4-E4B,28,non_thinking,fisher_nearest,quality_spearman,-0.13939393939393938,0.27295912329785105,-0.6743938210577275,0.3956059422698487,3
Gemma4-E4B,28,non_thinking,fisher_nearest,late_8_10_minus_early_1_3,-4.508704950068262,6.495333150809988,-17.239557925655838,8.222148025519314,3
Gemma4-E4B,28,non_thinking,logistic_f1,quality_slope_per_index,-0.053405483405483345,0.010885855983486197,-0.07474176113311629,-0.032069205677850404,3
Gemma4-E4B,28,non_thinking,logistic_f1,quality_spearman,-0.4036867138796655,0.08633229244846845,-0.5728980070786637,-0.23447542068066732,3
Gemma4-E4B,28,non_thinking,logistic_f1,late_8_10_minus_early_1_3,-0.42222222222222217,0.12636090451282944,-0.6698895950673679,-0.17455484937707647,3
Gemma4-E4B,28,non_thinking,logistic_precision,quality_slope_per_index,-0.049898989898989866,0.012104552711762875,-0.0736239132140451,-0.026174066583934633,3
Gemma4-E4B,28,non_thinking,logistic_precision,quality_spearman,-0.4036867138796655,0.02892609620648637,-0.4603818624443788,-0.3469915653149522,3
Gemma4-E4B,28,non_thinking,logistic_precision,late_8_10_minus_early_1_3,-0.38888888888888884,0.09799078929868851,-0.5809508359143183,-0.19682694186345936,3
Gemma4-E4B,28,non_thinking,logistic_recall,quality_slope_per_index,-0.05454545454545447,0.02449364778380233,-0.10255300420170704,-0.006537904889201911,3
Gemma4-E4B,28,non_thinking,logistic_recall,quality_spearman,-0.5003639737012046,0.1632469073257447,-0.8203279120596642,-0.18040003534274496,3
Gemma4-E4B,28,non_thinking,logistic_recall,late_8_10_minus_early_1_3,-0.4444444444444444,0.22222222222222224,-0.88,-0.008888888888888835,3
Gemma4-E4B,28,non_thinking,mean_bhattacharyya,quality_slope_per_index,-2.9670572557031867,4.448155508307227,-11.685442051985353,5.751327540578979,3
Gemma4-E4B,28,non_thinking,mean_bhattacharyya,quality_spearman,-0.006060606060606061,0.2539997356848761,-0.5039000880029633,0.4917788758817511,3
Gemma4-E4B,28,non_thinking,mean_bhattacharyya,late_8_10_minus_early_1_3,-17.573164052433434,26.838588195662457,-70.17679691593185,35.03046881106498,3
Gemma4-E4B,28,non_thinking,min_bhattacharyya,quality_slope_per_index,-2.685884065339056,2.601010448962049,-7.783864545304672,2.4120964146265593,3
Gemma4-E4B,28,non_thinking,min_bhattacharyya,quality_spearman,-0.04255338805760452,0.18155100763615217,-0.39839336302446277,0.31328658690925376,3
Gemma4-E4B,28,non_thinking,min_bhattacharyya,late_8_10_minus_early_1_3,-16.291344165802002,15.84775171774974,-47.35293753259149,14.770249200987486,3
Gemma4-E4B,28,non_thinking,nc2_class_cosine_deviation,quality_slope_per_index,-0.01195732726949992,0.009111163441265653,-0.0298152076143806,0.00590055307538076,3
Gemma4-E4B,28,non_thinking,nc2_class_cosine_deviation,quality_spearman,-0.38181818181818183,0.26420658948318076,-0.8996630972052161,0.13602673356885242,3
Gemma4-E4B,28,non_thinking,nc2_class_cosine_deviation,late_8_10_minus_early_1_3,-0.05228802511169589,0.06598053075083532,-0.18160986538333312,0.07703381515994134,3
Gemma4-E4B,28,non_thinking,ncc_recall,quality_slope_per_index,-0.04242424242424235,0.048987295567604616,-0.13843934173674738,0.05359085688826269,3
Gemma4-E4B,28,non_thinking,ncc_recall,quality_spearman,-0.29295608483431346,0.3183030431397594,-0.9168300493882419,0.33091787971961495,3
Gemma4-E4B,28,non_thinking,ncc_recall,late_8_10_minus_early_1_3,-0.3333333333333333,0.3849001794597505,-1.0877376850744442,0.42107101840777766,3
Gemma4-E4B,28,non_thinking,silhouette_cosine,quality_slope_per_index,-0.08005724635088075,0.019176295328454305,-0.11764278519465118,-0.042471707507110316,3
Gemma4-E4B,28,non_thinking,silhouette_cosine,quality_spearman,-0.24848484848484845,0.32353521162291066,-0.8826138632657533,0.38564416629605647,3
Gemma4-E4B,28,non_thinking,silhouette_cosine,late_8_10_minus_early_1_3,-0.4806116844216982,0.13415658410549086,-0.7435585892684603,-0.21766477957493613,3
Gemma4-E4B,28,non_thinking,within_trace,quality_slope_per_index,-0.4557576497395612,7.4978797863521995,-15.151602030989872,14.240086731510749,3
Gemma4-E4B,28,non_thinking,within_trace,quality_spearman,-0.05454545454545454,0.20617940722703954,-0.458657092710452,0.3495661836195429,3
Gemma4-E4B,28,non_thinking,within_trace,late_8_10_minus_early_1_3,10.746134440104186,57.800882565544136,-102.54359538836232,124.03586426857069,3
Gemma4-E4B,28,native_thinking,centroid_nearest_squared,quality_slope_per_index,-96.50332734079034,29.333870789709017,-153.99771408862,-39.00894059296066,3
Gemma4-E4B,28,native_thinking,centroid_nearest_squared,quality_spearman,-0.2621999963272148,0.2061353543068496,-0.66622529076864,0.1418252981142104,3
Gemma4-E4B,28,native_thinking,centroid_nearest_squared,late_8_10_minus_early_1_3,-631.317024230957,198.29359339746676,-1019.9724672899919,-242.6615811719222,3
Gemma4-E4B,28,native_thinking,class_nc1_ratio,quality_slope_per_index,-0.023729125471463598,0.009378636589160246,-0.04211125318621768,-0.005346997756709517,3
Gemma4-E4B,28,native_thinking,class_nc1_ratio,quality_spearman,-0.01818181818181818,0.23600940390319566,-0.48076024983208165,0.4443966134684453,3
Gemma4-E4B,28,native_thinking,class_nc1_ratio,late_8_10_minus_early_1_3,0.06454917300591223,0.15888428068470917,-0.24686401713611772,0.3759623631479422,3
Gemma4-E4B,28,native_thinking,fisher_nearest,quality_slope_per_index,-1.7609493807191758,8.22786792299349,-17.887570509786414,14.365671748348063,3
Gemma4-E4B,28,native_thinking,fisher_nearest,quality_spearman,-0.12727272727272726,0.14019678038705022,-0.4020584168313457,0.14751296228589117,3
Gemma4-E4B,28,native_thinking,fisher_nearest,late_8_10_minus_early_1_3,-10.77948657120674,50.95361750166444,-110.64857687446903,89.08960373205556,3
Gemma4-E4B,28,native_thinking,logistic_f1,quality_slope_per_index,-0.025666185666185632,0.044575088725590684,-0.11303335956834337,0.061700988235972115,3
Gemma4-E4B,28,native_thinking,logistic_f1,quality_spearman,-0.29268836799317,0.3229701099416261,-0.9257097834787572,0.3403330474924172,3
Gemma4-E4B,28,native_thinking,logistic_f1,late_8_10_minus_early_1_3,-0.23756613756613754,0.2686330456625064,-0.7640869070646501,0.28895463193237503,3
Gemma4-E4B,28,native_thinking,logistic_precision,quality_slope_per_index,0.004040404040404072,0.04645122531000132,-0.08700399756719852,0.09508480564800666,3
Gemma4-E4B,28,native_thinking,logistic_precision,quality_spearman,0.06154574548966636,0.377162114003442,-0.6776919979570799,0.8007834889364127,3
Gemma4-E4B,28,native_thinking,logistic_precision,late_8_10_minus_early_1_3,-0.10555555555555562,0.2983493684910568,-0.6903203177980269,0.4792092066869157,3
Gemma4-E4B,28,native_thinking,logistic_recall,quality_slope_per_index,-0.04444444444444445,0.03870150315286466,-0.12029939062405919,0.03141050173517028,3
Gemma4-E4B,28,native_thinking,logistic_recall,quality_spearman,-0.39409787022151144,0.29959433897963905,-0.981302774621604,0.1931070341785811,3
Gemma4-E4B,28,native_thinking,logistic_recall,late_8_10_minus_early_1_3,-0.33333333333333337,0.1924500897298752,-0.7105355092038887,0.04386884253722201,3
Gemma4-E4B,28,native_thinking,mean_bhattacharyya,quality_slope_per_index,-3.106790451329158,14.258031895243827,-31.052532966007057,24.838952063348742,3
Gemma4-E4B,28,native_thinking,mean_bhattacharyya,quality_spearman,-0.07878787878787878,0.37276970002976306,-0.8094164908462144,0.6518407332704569,3
Gemma4-E4B,28,native_thinking,mean_bhattacharyya,late_8_10_minus_early_1_3,-18.626965778845328,96.05537215095347,-206.89549519471413,169.6415636370235,3
Gemma4-E4B,28,native_thinking,min_bhattacharyya,quality_slope_per_index,-2.9568741299889263,4.249880359642542,-11.286639634888306,5.372891374910455,3
Gemma4-E4B,28,native_thinking,min_bhattacharyya,quality_spearman,-0.18237166310401937,0.04915144987516536,-0.27870850485934345,-0.08603482134869526,3
Gemma4-E4B,28,native_thinking,min_bhattacharyya,late_8_10_minus_early_1_3,-18.57467718919118,27.2095428069188,-71.90538109075203,34.756026712369675,3
Gemma4-E4B,28,native_thinking,nc2_class_cosine_deviation,quality_slope_per_index,0.0013253191504815705,0.006986807428173697,-0.012368823408738877,0.015019461709702017,3
Gemma4-E4B,28,native_thinking,nc2_class_cosine_deviation,quality_spearman,-0.04242424242424241,0.16795644194607295,-0.37161886863854543,0.2867703837900606,3
Gemma4-E4B,28,native_thinking,nc2_class_cosine_deviation,late_8_10_minus_early_1_3,-0.007557434432300558,0.05187504418670916,-0.1092325210382505,0.09411765217364938,3
Gemma4-E4B,28,native_thinking,ncc_recall,quality_slope_per_index,-0.07070707070707069,0.012288409152117631,-0.09479235264522125,-0.04662178876892013,3
Gemma4-E4B,28,native_thinking,ncc_recall,quality_spearman,-0.5085133809309825,0.07383041849306589,-0.6532210011773917,-0.3638057606845734,3
Gemma4-E4B,28,native_thinking,ncc_recall,late_8_10_minus_early_1_3,-0.5555555555555556,0.11111111111111116,-0.7733333333333334,-0.33777777777777773,3
Gemma4-E4B,28,native_thinking,silhouette_cosine,quality_slope_per_index,-0.01892294226722276,0.02207611931586673,-0.062192136126321546,0.02434625159187603,3
Gemma4-E4B,28,native_thinking,silhouette_cosine,quality_spearman,-0.11515151515151514,0.05046463029008806,-0.21406219052008774,-0.01624083978294255,3
Gemma4-E4B,28,native_thinking,silhouette_cosine,late_8_10_minus_early_1_3,-0.09303900972008705,0.2258655194685907,-0.5357354278785249,0.34965740843835075,3
Gemma4-E4B,28,native_thinking,within_trace,quality_slope_per_index,-12.596630674419961,19.65792681498051,-51.126167231781764,25.93290588294184,3
Gemma4-E4B,28,native_thinking,within_trace,quality_spearman,0.09090909090909088,0.7071053382572492,-1.2950173720751175,1.4768355538932991,3
Gemma4-E4B,28,native_thinking,within_trace,late_8_10_minus_early_1_3,-22.257598876953125,169.88868781068723,-355.2394269859001,310.72422923199383,3
Gemma4-E4B,29,non_thinking,centroid_nearest_squared,quality_slope_per_index,-153.37066132516557,35.81751269887101,-223.57298621495275,-83.1683364353784,3
Gemma4-E4B,29,non_thinking,centroid_nearest_squared,quality_spearman,-0.28659069365997897,0.3275861403414152,-0.9286595287291528,0.3554781414091948,3
Gemma4-E4B,29,non_thinking,centroid_nearest_squared,late_8_10_minus_early_1_3,-927.3465627034504,205.9950337055249,-1331.0968287662793,-523.5962966406216,3
Gemma4-E4B,29,non_thinking,class_nc1_ratio,quality_slope_per_index,0.0724793889389117,0.034139144239091784,0.005566666230291811,0.1393921116475316,3
Gemma4-E4B,29,non_thinking,class_nc1_ratio,quality_spearman,-0.0303030303030303,0.1889941909256808,-0.4007316445173646,0.34012558391130404,3
Gemma4-E4B,29,non_thinking,class_nc1_ratio,late_8_10_minus_early_1_3,1.3222125358914323,0.11599628245096442,1.094859822287542,1.5495652494953225,3
Gemma4-E4B,29,non_thinking,fisher_nearest,quality_slope_per_index,-0.8845956130746445,1.0004021065735031,-2.8453837419587105,1.0761925158094217,3
Gemma4-E4B,29,non_thinking,fisher_nearest,quality_spearman,-0.29696969696969694,0.23600940390319566,-0.7595481286199603,0.16560873468056653,3
Gemma4-E4B,29,non_thinking,fisher_nearest,late_8_10_minus_early_1_3,-5.3794734699011935,5.834575718727592,-16.815241878607274,6.056294938804887,3
Gemma4-E4B,29,non_thinking,logistic_f1,quality_slope_per_index,-0.089057239057239,0.010038188483882726,-0.10873208848564914,-0.06938238962882887,3
Gemma4-E4B,29,non_thinking,logistic_f1,quality_spearman,-0.7920349407187459,0.060923927315583416,-0.9114458382572894,-0.6726240431802024,3
Gemma4-E4B,29,non_thinking,logistic_f1,late_8_10_minus_early_1_3,-0.6388888888888888,0.10501812502783583,-0.8447244139434471,-0.4330533638343306,3
Gemma4-E4B,29,non_thinking,logistic_precision,quality_slope_per_index,-0.08787878787878783,0.008537860156973706,-0.1046129937864563,-0.07114458197111936,3
Gemma4-E4B,29,non_thinking,logistic_precision,quality_spearman,-0.7920349407187459,0.06381621126396968,-0.9171147147961265,-0.6669551666413653,3
Gemma4-E4B,29,non_thinking,logistic_precision,late_8_10_minus_early_1_3,-0.6222222222222221,0.055555555555555504,-0.7311111111111109,-0.5133333333333333,3
Gemma4-E4B,29,non_thinking,logistic_recall,quality_slope_per_index,-0.09090909090909086,0.019482122749480718,-0.12909405149807307,-0.05272413032010865,3
Gemma4-E4B,29,non_thinking,logistic_recall,quality_spearman,-0.7745360140854262,0.041399248971629846,-0.8556785420698206,-0.6933934861010317,3
Gemma4-E4B,29,non_thinking,logistic_recall,late_8_10_minus_early_1_3,-0.6666666666666666,0.19245008972987526,-1.043868842537222,-0.28946449079611114,3
Gemma4-E4B,29,non_thinking,mean_bhattacharyya,quality_slope_per_index,-3.0024863316956556,3.982638436719412,-10.808457667665703,4.803485004274391,3
Gemma4-E4B,29,non_thinking,mean_bhattacharyya,quality_spearman,0.01818181818181818,0.11109274412014156,-0.19955996029365927,0.23592359665729565,3
Gemma4-E4B,29,non_thinking,mean_bhattacharyya,late_8_10_minus_early_1_3,-17.706021326559565,21.573387453607236,-59.98986073562975,24.577818082510618,3
Gemma4-E4B,29,non_thinking,min_bhattacharyya,quality_slope_per_index,-2.906997526053223,2.487842087033932,-7.7831680166397295,1.9691729645332838,3
Gemma4-E4B,29,non_thinking,min_bhattacharyya,quality_spearman,-0.13414883533020291,0.26130825096872334,-0.6463130072289007,0.37801533656849484,3
Gemma4-E4B,29,non_thinking,min_bhattacharyya,late_8_10_minus_early_1_3,-17.827952980995178,14.865824487693203,-46.964968976873855,11.309063014883499,3
Gemma4-E4B,29,non_thinking,nc2_class_cosine_deviation,quality_slope_per_index,-0.013493858945088767,0.005747604165560236,-0.024759163109586826,-0.0022285547805907056,3
Gemma4-E4B,29,non_thinking,nc2_class_cosine_deviation,quality_spearman,-0.34545454545454546,0.17832789083405182,-0.694977211489287,0.004068120580196122,3
Gemma4-E4B,29,non_thinking,nc2_class_cosine_deviation,late_8_10_minus_early_1_3,-0.059167397978865055,0.044886585763993576,-0.14714510607629247,0.02881031011856236,3
Gemma4-E4B,29,non_thinking,ncc_recall,quality_slope_per_index,-0.04040404040404035,0.04232793300961002,-0.12336678910287599,0.04255870829479528,3
Gemma4-E4B,29,non_thinking,ncc_recall,quality_spearman,-0.24120907566221086,0.42232094235898165,-1.068958122685815,0.5865399713613932,3
Gemma4-E4B,29,non_thinking,ncc_recall,late_8_10_minus_early_1_3,-0.33333333333333326,0.33333333333333326,-0.9866666666666665,0.31999999999999995,3
Gemma4-E4B,29,non_thinking,silhouette_cosine,quality_slope_per_index,-0.08086572587490073,0.01596315212018359,-0.11215350403046057,-0.0495779477193409,3
Gemma4-E4B,29,non_thinking,silhouette_cosine,quality_spearman,-0.32121212121212117,0.06904245450761641,-0.4565353320470493,-0.18588891037719302,3
Gemma4-E4B,29,non_thinking,silhouette_cosine,late_8_10_minus_early_1_3,-0.4706202844778697,0.1317222512775565,-0.7287958969818804,-0.21244467197385897,3
Gemma4-E4B,29,non_thinking,within_trace,quality_slope_per_index,-13.123490212180375,7.623494966388376,-28.065540346301592,1.8185599219408424,3
Gemma4-E4B,29,non_thinking,within_trace,quality_spearman,-0.16363636363636364,0.03522342580638928,-0.23267427821688663,-0.09459844905584065,3
Gemma4-E4B,29,non_thinking,within_trace,late_8_10_minus_early_1_3,-83.00442504882812,78.0350888866097,-235.95319926658314,69.94434916892689,3
Gemma4-E4B,29,native_thinking,centroid_nearest_squared,quality_slope_per_index,-81.13791374437714,20.007555588474688,-120.35272269778753,-41.923104790966754,3
Gemma4-E4B,29,native_thinking,centroid_nearest_squared,quality_spearman,-0.09756278933105667,0.20227783039898836,-0.4940273369130738,0.2989017582509605,3
Gemma4-E4B,29,native_thinking,centroid_nearest_squared,late_8_10_minus_early_1_3,-533.5835444132487,148.3352754587269,-824.3206843123534,-242.84640451414396,3
Gemma4-E4B,29,native_thinking,class_nc1_ratio,quality_slope_per_index,-0.0016445454441602913,0.03935920555023622,-0.07878858832262328,0.0754994974343027,3
Gemma4-E4B,29,native_thinking,class_nc1_ratio,quality_spearman,-0.06666666666666665,0.024242424242424232,-0.11418181818181815,-0.019151515151515155,3
Gemma4-E4B,29,native_thinking,class_nc1_ratio,late_8_10_minus_early_1_3,-0.1481155100810163,0.11838225877802397,-0.3801447372859433,0.08391371712391066,3
Gemma4-E4B,29,native_thinking,fisher_nearest,quality_slope_per_index,-1.689675321917236,7.896593440580786,-17.166998465455578,13.787647821621105,3
Gemma4-E4B,29,native_thinking,fisher_nearest,quality_spearman,-0.16363636363636364,0.049153636608470455,-0.25997749138896575,-0.06729523588376154,3
Gemma4-E4B,29,native_thinking,fisher_nearest,late_8_10_minus_early_1_3,-10.368600137749361,48.35449044972723,-105.14340141921474,84.406201143716,3
Gemma4-E4B,29,native_thinking,logistic_f1,quality_slope_per_index,-0.011010101010100996,0.019086128178847927,-0.04841891224064293,0.026398710220440935,3
Gemma4-E4B,29,native_thinking,logistic_f1,quality_spearman,-0.07408677865766361,0.14712840130374277,-0.3624584452129994,0.2142848878976722,3
Gemma4-E4B,29,native_thinking,logistic_f1,late_8_10_minus_early_1_3,-0.15793650793650793,0.1708527791803081,-0.4928079551299118,0.17693493925689596,3
Gemma4-E4B,29,native_thinking,logistic_precision,quality_slope_per_index,0.00656565656565658,0.01761171290319464,-0.02795330072460491,0.04108461385591807,3
Gemma4-E4B,29,native_thinking,logistic_precision,quality_spearman,0.056096819400507425,0.13893256716821728,-0.21621101224919842,0.32840465105021327,3
Gemma4-E4B,29,native_thinking,logistic_precision,late_8_10_minus_early_1_3,-0.005555555555555647,0.16972502573910525,-0.33821660600420195,0.32710549489309065,3
Gemma4-E4B,29,native_thinking,logistic_recall,quality_slope_per_index,-0.03030303030303029,0.021284148995662083,-0.07201996233452798,0.011413901728467395,3
Gemma4-E4B,29,native_thinking,logistic_recall,quality_spearman,-0.22247460415730486,0.12171589896462762,-0.461037766127975,0.016088557813365267,3
Gemma4-E4B,29,native_thinking,logistic_recall,late_8_10_minus_early_1_3,-0.33333333333333337,0.19245008972987526,-0.7105355092038889,0.04386884253722212,3
Gemma4-E4B,29,native_thinking,mean_bhattacharyya,quality_slope_per_index,-2.6879778491928894,6.670709013822046,-15.7625675162841,10.38661181789832,3
Gemma4-E4B,29,native_thinking,mean_bhattacharyya,quality_spearman,-0.16363636363636364,0.2343434343434343,-0.6229494949494949,0.2956767676767676,3
Gemma4-E4B,29,native_thinking,mean_bhattacharyya,late_8_10_minus_early_1_3,-16.50085524497209,44.061995153080936,-102.86236574501072,69.86065525506655,3
Gemma4-E4B,29,native_thinking,min_bhattacharyya,quality_slope_per_index,-2.3240599755084834,1.7677151051117077,-5.788781581527431,1.1406616305104635,3
Gemma4-E4B,29,native_thinking,min_bhattacharyya,quality_spearman,-0.15853953266296708,0.07087772322400404,-0.29745987018201503,-0.01961919514391916,3
Gemma4-E4B,29,native_thinking,min_bhattacharyya,late_8_10_minus_early_1_3,-14.53568309545517,10.93585031408825,-35.96994971106814,6.8985835201578,3
Gemma4-E4B,29,native_thinking,nc2_class_cosine_deviation,quality_slope_per_index,0.004551309153710761,0.007165854151218524,-0.009493764982677545,0.018596383290099067,3
Gemma4-E4B,29,native_thinking,nc2_class_cosine_deviation,quality_spearman,0.01818181818181818,0.11313131313131311,-0.20355555555555552,0.2399191919191919,3
Gemma4-E4B,29,native_thinking,nc2_class_cosine_deviation,late_8_10_minus_early_1_3,-0.014955295686736536,0.06513529142725803,-0.14262046688416227,0.1127098755106892,3
Gemma4-E4B,29,native_thinking,ncc_recall,quality_slope_per_index,-0.08686868686868686,0.007283941970634352,-0.10114521313113019,-0.07259216060624353,3
Gemma4-E4B,29,native_thinking,ncc_recall,quality_spearman,-0.5495319562599505,0.039139250346450084,-0.6262448869389927,-0.4728190255809084,3
Gemma4-E4B,29,native_thinking,ncc_recall,late_8_10_minus_early_1_3,-0.6666666666666667,1.5700924586837752e-16,-0.6666666666666671,-0.6666666666666664,3
Gemma4-E4B,29,native_thinking,silhouette_cosine,quality_slope_per_index,-0.027993336455388422,0.007675100096073845,-0.04303653264369316,-0.012950140267083686,3
Gemma4-E4B,29,native_thinking,silhouette_cosine,quality_spearman,-0.10303030303030303,0.03522342580638928,-0.17206821761082602,-0.033992388449780045,3
Gemma4-E4B,29,native_thinking,silhouette_cosine,late_8_10_minus_early_1_3,-0.17418627689282098,0.07642477920360048,-0.32397884413187794,-0.024393709653764056,3
Gemma4-E4B,29,native_thinking,within_trace,quality_slope_per_index,-17.81830865108603,12.853254705289569,-43.010687873453584,7.374070571281521,3
Gemma4-E4B,29,native_thinking,within_trace,quality_spearman,0.006060606060606061,0.5609617581190659,-1.093424439852763,1.1055456519739753,3
Gemma4-E4B,29,native_thinking,within_trace,late_8_10_minus_early_1_3,-68.90256500244146,118.5951136880297,-301.3489878309797,163.54385782609674,3
Gemma4-E4B,30,non_thinking,centroid_nearest_squared,quality_slope_per_index,-166.96386395078696,40.566917040954884,-246.47502135105853,-87.45270655051539,3
Gemma4-E4B,30,non_thinking,centroid_nearest_squared,quality_spearman,-0.2621999963272148,0.25516992343683204,-0.7623330462634056,0.237933053608976,3
Gemma4-E4B,30,non_thinking,centroid_nearest_squared,late_8_10_minus_early_1_3,-1009.6203867594401,232.22080164155392,-1464.7731579768856,-554.4676155419944,3
Gemma4-E4B,30,non_thinking,class_nc1_ratio,quality_slope_per_index,0.07319591307545002,0.019190329833322667,0.035582866602137594,0.11080895954876245,3
Gemma4-E4B,30,non_thinking,class_nc1_ratio,quality_spearman,-0.06666666666666665,0.14746090982541138,-0.35569004992447295,0.22235671659113965,3
Gemma4-E4B,30,non_thinking,class_nc1_ratio,late_8_10_minus_early_1_3,1.327091558160868,0.34039010334321734,0.6599269556081621,1.994256160713574,3
Gemma4-E4B,30,non_thinking,fisher_nearest,quality_slope_per_index,-0.9012977902248169,0.9843275970745401,-2.8305798804909155,1.0279843000412816,3
Gemma4-E4B,30,non_thinking,fisher_nearest,quality_spearman,-0.12727272727272726,0.19908985850108957,-0.5174888499348629,0.2629433953894083,3
Gemma4-E4B,30,non_thinking,fisher_nearest,late_8_10_minus_early_1_3,-5.473336361169569,5.688749870257525,-16.623286106874318,5.67661338453518,3
Gemma4-E4B,30,non_thinking,logistic_f1,quality_slope_per_index,-0.10370370370370365,0.005772005772005789,-0.11501683501683499,-0.0923905723905723,3
Gemma4-E4B,30,non_thinking,logistic_f1,quality_spearman,-0.8090398349558906,0.07515280742206612,-0.9563393375031402,-0.661740332408641,3
Gemma4-E4B,30,non_thinking,logistic_f1,late_8_10_minus_early_1_3,-0.7407407407407408,0.06349206349206349,-0.8651851851851853,-0.6162962962962963,3
Gemma4-E4B,30,non_thinking,logistic_precision,quality_slope_per_index,-0.10202020202020204,0.004040404040404085,-0.10993939393939405,-0.09410101010101003,3
Gemma4-E4B,30,non_thinking,logistic_precision,quality_spearman,-0.8090398349558906,0.07515280742206612,-0.9563393375031402,-0.661740332408641,3
Gemma4-E4B,30,non_thinking,logistic_precision,late_8_10_minus_early_1_3,-0.7222222222222222,0.04444444444444451,-0.8093333333333335,-0.635111111111111,3
Gemma4-E4B,30,non_thinking,logistic_recall,quality_slope_per_index,-0.10707070707070705,0.01010101010101013,-0.1268686868686869,-0.0872727272727272,3
Gemma4-E4B,30,non_thinking,logistic_recall,quality_spearman,-0.8090398349558906,0.07515280742206612,-0.9563393375031402,-0.661740332408641,3
Gemma4-E4B,30,non_thinking,logistic_recall,late_8_10_minus_early_1_3,-0.7777777777777778,0.11111111111111116,-0.9955555555555556,-0.5599999999999999,3
Gemma4-E4B,30,non_thinking,mean_bhattacharyya,quality_slope_per_index,-3.13624403452632,3.5440605130915968,-10.08260264018585,3.8101145711332096,3
Gemma4-E4B,30,non_thinking,mean_bhattacharyya,quality_spearman,0.06666666666666665,0.02799274032434548,0.011800895630949514,0.12153243770238378,3
Gemma4-E4B,30,non_thinking,mean_bhattacharyya,late_8_10_minus_early_1_3,-18.266245137762134,18.79668930331104,-55.107756172251776,18.575265896727508,3
Gemma4-E4B,30,non_thinking,min_bhattacharyya,quality_slope_per_index,-2.906700154145554,1.6678086076064953,-6.175605025054285,0.362204716763177,3
Gemma4-E4B,30,non_thinking,min_bhattacharyya,quality_spearman,-0.0790277206784084,0.1923608880964219,-0.4560550613473953,0.2979996199905785,3
Gemma4-E4B,30,non_thinking,min_bhattacharyya,late_8_10_minus_early_1_3,-17.683311104774475,9.590361995540686,-36.48042061603422,1.1137984064852695,3
Gemma4-E4B,30,non_thinking,nc2_class_cosine_deviation,quality_slope_per_index,-0.010719990925400004,0.007724485321074515,-0.02585998215470605,0.004420000303906045,3
Gemma4-E4B,30,non_thinking,nc2_class_cosine_deviation,quality_spearman,-0.19999999999999998,0.26703372350478066,-0.72338609806937,0.32338609806937013,3
Gemma4-E4B,30,non_thinking,nc2_class_cosine_deviation,late_8_10_minus_early_1_3,-0.03926498537936818,0.05817332183776242,-0.15328469618138252,0.07475472542264616,3
Gemma4-E4B,30,non_thinking,ncc_recall,quality_slope_per_index,-0.05858585858585853,0.024824658035241424,-0.10724218833493172,-0.009929528836785342,3
Gemma4-E4B,30,non_thinking,ncc_recall,quality_spearman,-0.48241815132442173,0.25580325747507743,-0.9837925359755735,0.018956233326729965,3
Gemma4-E4B,30,non_thinking,ncc_recall,late_8_10_minus_early_1_3,-0.44444444444444436,0.22222222222222218,-0.8799999999999999,-0.00888888888888889,3
Gemma4-E4B,30,non_thinking,silhouette_cosine,quality_slope_per_index,-0.07304766593557406,0.01964672696857665,-0.11155525079398429,-0.03454008107716383,3
Gemma4-E4B,30,non_thinking,silhouette_cosine,quality_spearman,-0.33333333333333326,0.16969696969696965,-0.6659393939393938,-0.0007272727272727431,3
Gemma4-E4B,30,non_thinking,silhouette_cosine,late_8_10_minus_early_1_3,-0.40114496151606244,0.18953611094423706,-0.7726357389667671,-0.029654184065357803,3
Gemma4-E4B,30,non_thinking,within_trace,quality_slope_per_index,-11.717320852568633,9.948640150914239,-31.216655548360542,7.782013843223275,3
Gemma4-E4B,30,non_thinking,within_trace,quality_spearman,-0.16363636363636364,0.07958672971148366,-0.31962635387087157,-0.007646373401855672,3
Gemma4-E4B,30,non_thinking,within_trace,late_8_10_minus_early_1_3,-47.312388102213504,92.3619222520814,-228.34175571629305,133.71697951186604,3
Gemma4-E4B,30,native_thinking,centroid_nearest_squared,quality_slope_per_index,-95.04797871907529,16.010663554805248,-126.42887928649358,-63.667078151657,3
Gemma4-E4B,30,native_thinking,centroid_nearest_squared,quality_spearman,-0.09756278933105667,0.2147890818390919,-0.5185493897356768,0.32342381107356344,3
Gemma4-E4B,30,native_thinking,centroid_nearest_squared,late_8_10_minus_early_1_3,-603.1449076334636,104.13832952043109,-807.2560334935085,-399.0337817734187,3
Gemma4-E4B,30,native_thinking,class_nc1_ratio,quality_slope_per_index,0.051343221696303454,0.05706580091889066,-0.06050574810472223,0.16319219149732914,3
Gemma4-E4B,30,native_thinking,class_nc1_ratio,quality_spearman,0.0303030303030303,0.042759617148518635,-0.05350581930806622,0.11411187991412683,3
Gemma4-E4B,30,native_thinking,class_nc1_ratio,late_8_10_minus_early_1_3,0.15452066041358958,0.05705803882309957,0.042686904320314425,0.26635441650686476,3
Gemma4-E4B,30,native_thinking,fisher_nearest,quality_slope_per_index,-1.1935828115614673,6.721633516522544,-14.367984503945653,11.980818880822717,3
Gemma4-E4B,30,native_thinking,fisher_nearest,quality_spearman,-0.04242424242424241,0.12067219816620667,-0.2789417508300075,0.19409326598152266,3
Gemma4-E4B,30,native_thinking,fisher_nearest,late_8_10_minus_early_1_3,-7.320378508903682,41.18039498666296,-88.03395268276309,73.39319566495571,3
Gemma4-E4B,30,native_thinking,logistic_f1,quality_slope_per_index,-0.05777777777777769,0.010528334723875063,-0.07841331383657281,-0.037142241718982574,3
Gemma4-E4B,30,native_thinking,logistic_f1,quality_spearman,-0.38012007355450833,0.04564089158439445,-0.4695762210599215,-0.2906639260490952,3
Gemma4-E4B,30,native_thinking,logistic_f1,late_8_10_minus_early_1_3,-0.5555555555555556,0.05785370130301218,-0.6689488101094594,-0.4421623010016517,3
Gemma4-E4B,30,native_thinking,logistic_precision,quality_slope_per_index,-0.05743145743145737,0.0072449275391750926,-0.07163151540824055,-0.04323139945467419,3
Gemma4-E4B,30,native_thinking,logistic_precision,quality_spearman,-0.38012007355450833,0.030105912605571973,-0.4391276622614294,-0.32111248484758725,3
Gemma4-E4B,30,native_thinking,logistic_precision,late_8_10_minus_early_1_3,-0.5555555555555556,0.09799078929868858,-0.7476175025809852,-0.36349360853012597,3
Gemma4-E4B,30,native_thinking,logistic_recall,quality_slope_per_index,-0.058585858585858554,0.01726061362690409,-0.09241666129459056,-0.024755055877126543,3
Gemma4-E4B,30,native_thinking,logistic_recall,quality_spearman,-0.39409787022151144,0.08368776049623614,-0.5581258807941343,-0.23006985964888862,3
Gemma4-E4B,30,native_thinking,logistic_recall,late_8_10_minus_early_1_3,-0.5555555555555556,0.11111111111111116,-0.7733333333333334,-0.33777777777777773,3
Gemma4-E4B,30,native_thinking,mean_bhattacharyya,quality_slope_per_index,-2.1215310341982687,7.3497017298814615,-16.526946424765935,12.283884356369397,3
Gemma4-E4B,30,native_thinking,mean_bhattacharyya,quality_spearman,-0.06666666666666665,0.2347610350922658,-0.5267982954475077,0.3934649621141743,3
Gemma4-E4B,30,native_thinking,mean_bhattacharyya,late_8_10_minus_early_1_3,-13.046952527982217,45.82368109368803,-102.86136747161075,76.76746241564632,3
Gemma4-E4B,30,native_thinking,min_bhattacharyya,quality_slope_per_index,-1.8441046976681876,1.8542909897709174,-5.478515037619186,1.7903056422828103,3
Gemma4-E4B,30,native_thinking,min_bhattacharyya,quality_spearman,-0.09756278933105667,0.12363568318631885,-0.3398887283762416,0.14476314971412826,3
Gemma4-E4B,30,native_thinking,min_bhattacharyya,late_8_10_minus_early_1_3,-11.445254067579906,11.292432900460975,-33.57842255248342,10.687914417323604,3
Gemma4-E4B,30,native_thinking,nc2_class_cosine_deviation,quality_slope_per_index,0.005639411016233912,0.005302762217251305,-0.004754002929578647,0.01603282496204647,3
Gemma4-E4B,30,native_thinking,nc2_class_cosine_deviation,quality_spearman,-0.0303030303030303,0.10689904287129658,-0.2398251543307716,0.17921909372471098,3
Gemma4-E4B,30,native_thinking,nc2_class_cosine_deviation,late_8_10_minus_early_1_3,-0.011905478551186732,0.05869542699342763,-0.12694851545830488,0.10313755835593141,3
Gemma4-E4B,30,native_thinking,ncc_recall,quality_slope_per_index,-0.07272727272727271,0.012616157572522026,-0.09745494156941588,-0.04799960388512954,3
Gemma4-E4B,30,native_thinking,ncc_recall,quality_spearman,-0.48944412914607077,0.0878949177754871,-0.6617181679860255,-0.3171700903061161,3
Gemma4-E4B,30,native_thinking,ncc_recall,late_8_10_minus_early_1_3,-0.5555555555555556,0.11111111111111116,-0.7733333333333334,-0.33777777777777773,3
Gemma4-E4B,30,native_thinking,silhouette_cosine,quality_slope_per_index,-0.025883410013083166,0.011243294158092332,-0.04792026656294414,-0.003846553463222196,3
Gemma4-E4B,30,native_thinking,silhouette_cosine,quality_spearman,-0.06666666666666665,0.09106608217846178,-0.24515618773645173,0.11182285440311843,3
Gemma4-E4B,30,native_thinking,silhouette_cosine,late_8_10_minus_early_1_3,-0.16734377543131512,0.07090229785539331,-0.306312279227886,-0.028375271634744237,3
Gemma4-E4B,30,native_thinking,within_trace,quality_slope_per_index,-14.095489409475576,11.829993680312215,-37.28227702288751,9.091298203936365,3
Gemma4-E4B,30,native_thinking,within_trace,quality_spearman,0.006060606060606061,0.5058740759883487,-0.9854525828765572,0.9975737949977694,3
Gemma4-E4B,30,native_thinking,within_trace,late_8_10_minus_early_1_3,-73.59814961751295,78.1769326968897,-226.82493770341674,79.62863846839085,3
Gemma4-E4B,31,non_thinking,centroid_nearest_squared,quality_slope_per_index,-158.223253654711,35.83621994831961,-228.46224475341742,-87.98426255600455,3
Gemma4-E4B,31,non_thinking,centroid_nearest_squared,quality_spearman,-0.22492505116162387,0.24208232100243146,-0.6994064003263896,0.24955629800314177,3
Gemma4-E4B,31,non_thinking,centroid_nearest_squared,late_8_10_minus_early_1_3,-953.352274576823,208.93827554932375,-1362.8712946534974,-543.8332545001484,3
Gemma4-E4B,31,non_thinking,class_nc1_ratio,quality_slope_per_index,0.07637016132989563,0.035965845133642,0.005877104867957325,0.14686321779183392,3
Gemma4-E4B,31,non_thinking,class_nc1_ratio,quality_spearman,-0.11515151515151514,0.17832789083405176,-0.4646741811862566,0.23437115088322633,3
Gemma4-E4B,31,non_thinking,class_nc1_ratio,late_8_10_minus_early_1_3,1.3586095355071568,0.3608274569346358,0.6513877199152707,2.065831351099043,3
Gemma4-E4B,31,non_thinking,fisher_nearest,quality_slope_per_index,-0.7591429321803647,0.7602693082939604,-2.249270776436527,0.7309849120757979,3
Gemma4-E4B,31,non_thinking,fisher_nearest,quality_spearman,-0.18787878787878787,0.23807547252777753,-0.6545067140332318,0.27874913827565606,3
Gemma4-E4B,31,non_thinking,fisher_nearest,late_8_10_minus_early_1_3,-4.597163612327516,4.426243448614642,-13.272600771612215,4.078273546957182,3
Gemma4-E4B,31,non_thinking,logistic_f1,quality_slope_per_index,-0.08898989898989894,0.01801871715378233,-0.1243065846113123,-0.05367321336848557,3
Gemma4-E4B,31,non_thinking,logistic_f1,quality_spearman,-0.6815828854339875,0.10293224833887998,-0.8833300921781922,-0.4798356786897827,3
Gemma4-E4B,31,non_thinking,logistic_f1,late_8_10_minus_early_1_3,-0.65,0.18048766093669386,-1.00375581543592,-0.2962441845640801,3
Gemma4-E4B,31,non_thinking,logistic_precision,quality_slope_per_index,-0.10017316017316016,0.006167776721907265,-0.1122620025480984,-0.08808431779822193,3
Gemma4-E4B,31,non_thinking,logistic_precision,quality_spearman,-0.6398687904834224,0.11637088003559991,-0.8679557153531982,-0.4117818656136466,3
Gemma4-E4B,31,non_thinking,logistic_precision,late_8_10_minus_early_1_3,-0.6952380952380952,0.07379577350063435,-0.8398778112993386,-0.5505983791768518,3
Gemma4-E4B,31,non_thinking,logistic_recall,quality_slope_per_index,-0.08484848484848483,0.03374402644139409,-0.15098677667361726,-0.018710193023352403,3
Gemma4-E4B,31,non_thinking,logistic_recall,quality_spearman,-0.6864930642568265,0.10926039586347529,-0.9006434401492381,-0.47234268836441495,3
Gemma4-E4B,31,non_thinking,logistic_recall,late_8_10_minus_early_1_3,-0.6666666666666665,0.3333333333333333,-1.3199999999999998,-0.013333333333333197,3
Gemma4-E4B,31,non_thinking,mean_bhattacharyya,quality_slope_per_index,-3.163451916119863,2.85832301572195,-8.765765026934885,2.438861194695159,3
Gemma4-E4B,31,non_thinking,mean_bhattacharyya,quality_spearman,-0.006060606060606061,0.07044685161277855,-0.14413643522165204,0.1320152231004399,3
Gemma4-E4B,31,non_thinking,mean_bhattacharyya,late_8_10_minus_early_1_3,-18.40251328547796,15.257768363563393,-48.30773927806221,11.50271270710629,3
Gemma4-E4B,31,non_thinking,min_bhattacharyya,quality_slope_per_index,-2.8297712965445045,1.4199431994847667,-5.612859967534647,-0.046682625554361756,3
Gemma4-E4B,31,non_thinking,min_bhattacharyya,quality_spearman,-0.10334394242561099,0.2484210994692101,-0.5902492973852628,0.38356141253404075,3
Gemma4-E4B,31,non_thinking,min_bhattacharyya,late_8_10_minus_early_1_3,-17.167469024658203,8.359296834242928,-33.551690819774336,-0.7832472295420665,3
Gemma4-E4B,31,non_thinking,nc2_class_cosine_deviation,quality_slope_per_index,-0.012673576717469496,0.00956898766721146,-0.03142879254520396,0.006081639110264967,3
Gemma4-E4B,31,non_thinking,nc2_class_cosine_deviation,quality_spearman,-0.4545454545454545,0.27652426072353403,-0.9965330055635812,0.0874420964726722,3
Gemma4-E4B,31,non_thinking,nc2_class_cosine_deviation,late_8_10_minus_early_1_3,-0.05435829456328378,0.07229550853561122,-0.19605749129308175,0.08734090216651419,3
Gemma4-E4B,31,non_thinking,ncc_recall,quality_slope_per_index,-0.05858585858585853,0.024824658035241424,-0.10724218833493172,-0.009929528836785342,3
Gemma4-E4B,31,non_thinking,ncc_recall,quality_spearman,-0.48241815132442173,0.25580325747507743,-0.9837925359755735,0.018956233326729965,3
Gemma4-E4B,31,non_thinking,ncc_recall,late_8_10_minus_early_1_3,-0.44444444444444436,0.22222222222222218,-0.8799999999999999,-0.00888888888888889,3
Gemma4-E4B,31,non_thinking,silhouette_cosine,quality_slope_per_index,-0.06784114810553456,0.01689321885444399,-0.10095185706024477,-0.03473043915082434,3
Gemma4-E4B,31,non_thinking,silhouette_cosine,quality_spearman,-0.32121212121212117,0.12228481576098227,-0.5608903601036463,-0.08153388232059594,3
Gemma4-E4B,31,non_thinking,silhouette_cosine,late_8_10_minus_early_1_3,-0.36138541499773663,0.16275429406684033,-0.6803838313687437,-0.042386998626729566,3
Gemma4-E4B,31,non_thinking,within_trace,quality_slope_per_index,-12.94672213467682,13.127649925891445,-38.67691598942405,12.78347172007041,3
Gemma4-E4B,31,non_thinking,within_trace,quality_spearman,-0.1515151515151515,0.07044685161277855,-0.2895909806761975,-0.013439322354105526,3
Gemma4-E4B,31,non_thinking,within_trace,late_8_10_minus_early_1_3,-57.744237263997434,116.9312079235037,-286.9294047940647,171.4409302660698,3
Gemma4-E4B,31,native_thinking,centroid_nearest_squared,quality_slope_per_index,-98.44007688580119,12.792648209976923,-123.51366737735596,-73.36648639424642,3
Gemma4-E4B,31,native_thinking,centroid_nearest_squared,quality_spearman,0.012195348666382083,0.2147890818390919,-0.40879125173823805,0.43318194907100216,3
Gemma4-E4B,31,native_thinking,centroid_nearest_squared,late_8_10_minus_early_1_3,-619.3416697184246,79.6021429827533,-775.3618699646211,-463.32146947222805,3
Gemma4-E4B,31,native_thinking,class_nc1_ratio,quality_slope_per_index,0.02323083102731542,0.0577932682733934,-0.09004397478853564,0.13650563684316647,3
Gemma4-E4B,31,native_thinking,class_nc1_ratio,quality_spearman,-0.06666666666666665,0.11109274412014156,-0.28440844514214414,0.1510751118088108,3
Gemma4-E4B,31,native_thinking,class_nc1_ratio,late_8_10_minus_early_1_3,0.0488254527959775,0.039625456137479836,-0.028840441233482977,0.12649134682543797,3
Gemma4-E4B,31,native_thinking,fisher_nearest,quality_slope_per_index,-0.7975432025326007,4.135808881495276,-8.903728610263341,7.308642205198139,3
Gemma4-E4B,31,native_thinking,fisher_nearest,quality_spearman,-0.04242424242424241,0.10505050505050505,-0.2483232323232323,0.16347474747474747,3
Gemma4-E4B,31,native_thinking,fisher_nearest,late_8_10_minus_early_1_3,-4.902340599401172,25.49322516866,-54.86906192997477,45.06438073117243,3
Gemma4-E4B,31,native_thinking,logistic_f1,quality_slope_per_index,-0.05053872053872047,0.019672983178993138,-0.08909776756954702,-0.011979673507893925,3
Gemma4-E4B,31,native_thinking,logistic_f1,quality_spearman,-0.4146418546569909,0.07438456376365228,-0.5604355996337493,-0.2688481096802324,3
Gemma4-E4B,31,native_thinking,logistic_f1,late_8_10_minus_early_1_3,-0.4944444444444444,0.1387777332977422,-0.7664488017080191,-0.22244008718086972,3
Gemma4-E4B,31,native_thinking,logistic_precision,quality_slope_per_index,-0.0456565656565656,0.030875622821527258,-0.10617278638675902,0.014859655073627825,3
Gemma4-E4B,31,native_thinking,logistic_precision,quality_spearman,-0.30582326809065574,0.19407031370266592,-0.686201082947881,0.07455454676656947,3
Gemma4-E4B,31,native_thinking,logistic_precision,late_8_10_minus_early_1_3,-0.47777777777777786,0.20621349491963045,-0.8819562278202535,-0.0735993277353022,3
Gemma4-E4B,31,native_thinking,logistic_recall,quality_slope_per_index,-0.06060606060606053,0.015252190778324754,-0.09050035453157705,-0.030711766680544015,3
Gemma4-E4B,31,native_thinking,logistic_recall,quality_spearman,-0.46727005876151745,0.05923995849786867,-0.5833803774173401,-0.35115974010569484,3
Gemma4-E4B,31,native_thinking,logistic_recall,late_8_10_minus_early_1_3,-0.5555555555555556,0.11111111111111116,-0.7733333333333334,-0.33777777777777773,3
Gemma4-E4B,31,native_thinking,mean_bhattacharyya,quality_slope_per_index,-1.9988209094664025,7.295211625107661,-16.297435694677418,12.299793875744612,3
Gemma4-E4B,31,native_thinking,mean_bhattacharyya,quality_spearman,-0.06666666666666665,0.19908985850108957,-0.4568827893288022,0.3235494559954689,3
Gemma4-E4B,31,native_thinking,mean_bhattacharyya,late_8_10_minus_early_1_3,-12.375095612472956,46.38583419626519,-103.29133063715274,78.54113941220682,3
Gemma4-E4B,31,native_thinking,min_bhattacharyya,quality_slope_per_index,-1.6243824328436969,1.3318409194362126,-4.2347906349386735,0.9860257692512799,3
Gemma4-E4B,31,native_thinking,min_bhattacharyya,quality_spearman,-0.07926976633148354,0.1788651137736039,-0.42984538932774713,0.2713058566647801,3
Gemma4-E4B,31,native_thinking,min_bhattacharyya,late_8_10_minus_early_1_3,-10.087080617745716,8.186320850506375,-26.13226948473821,5.958108249246777,3
Gemma4-E4B,31,native_thinking,nc2_class_cosine_deviation,quality_slope_per_index,0.006016788566593035,0.004935031472907342,-0.0036558731203053547,0.015689450253491423,3
Gemma4-E4B,31,native_thinking,nc2_class_cosine_deviation,quality_spearman,-0.05454545454545454,0.10567027741916783,-0.2616591982870235,0.1525682891961144,3
Gemma4-E4B,31,native_thinking,nc2_class_cosine_deviation,late_8_10_minus_early_1_3,-3.3212304422214345e-06,0.05882645024408429,-0.11530316370884743,0.11529652124796298,3
Gemma4-E4B,31,native_thinking,ncc_recall,quality_slope_per_index,-0.0646464646464646,0.008080808080808067,-0.08048484848484841,-0.04880808080808079,3
Gemma4-E4B,31,native_thinking,ncc_recall,quality_spearman,-0.42614934789302406,0.007927909924377566,-0.4416880513448041,-0.410610644441244,3
Gemma4-E4B,31,native_thinking,ncc_recall,late_8_10_minus_early_1_3,-0.5555555555555556,0.11111111111111116,-0.7733333333333334,-0.33777777777777773,3
Gemma4-E4B,31,native_thinking,silhouette_cosine,quality_slope_per_index,-0.026763619093054986,0.01777060581467108,-0.061594006489810296,0.008066768303700327,3
Gemma4-E4B,31,native_thinking,silhouette_cosine,quality_spearman,-0.06666666666666665,0.042759617148518635,-0.15047551627776318,0.017142182944429873,3
Gemma4-E4B,31,native_thinking,silhouette_cosine,late_8_10_minus_early_1_3,-0.17286905801544586,0.12421942922597155,-0.4163391392983501,0.07060102326745837,3
Gemma4-E4B,31,native_thinking,within_trace,quality_slope_per_index,-14.45229769620023,12.99184097600876,-39.9163060091774,11.011710616776938,3
Gemma4-E4B,31,native_thinking,within_trace,quality_spearman,-0.06666666666666665,0.5269281741220558,-1.0994458879458961,0.9661125546125628,3
Gemma4-E4B,31,native_thinking,within_trace,late_8_10_minus_early_1_3,-84.59638468424475,84.8443138982046,-250.89123992472577,81.69847055623626,3
Gemma4-E4B,32,non_thinking,centroid_nearest_squared,quality_slope_per_index,-143.30534233324443,37.26606250041929,-216.34682483406624,-70.26385983242263,3
Gemma4-E4B,32,non_thinking,centroid_nearest_squared,quality_spearman,-0.3547549909851606,0.20518143067774003,-0.7569105951135311,0.04740061314320981,3
Gemma4-E4B,32,non_thinking,centroid_nearest_squared,late_8_10_minus_early_1_3,-856.7106984456381,220.39842891917024,-1288.6916191272117,-424.7297777640644,3
Gemma4-E4B,32,non_thinking,class_nc1_ratio,quality_slope_per_index,0.15660701608484384,0.04935691025606562,0.05986747198295524,0.25334656018673246,3
Gemma4-E4B,32,non_thinking,class_nc1_ratio,quality_spearman,-0.309090909090909,0.18266916453264348,-0.6671224715748902,0.04894065339307219,3
Gemma4-E4B,32,non_thinking,class_nc1_ratio,late_8_10_minus_early_1_3,2.3664158925123457,0.7260034052917598,0.9434492181404965,3.789382566884195,3
Gemma4-E4B,32,non_thinking,fisher_nearest,quality_slope_per_index,-0.5449310316924809,0.8074444270826192,-2.1275221087744143,1.0376600453894527,3
Gemma4-E4B,32,non_thinking,fisher_nearest,quality_spearman,-0.34545454545454546,0.259216402946997,-0.8535186952306596,0.16260960432156868,3
Gemma4-E4B,32,non_thinking,fisher_nearest,late_8_10_minus_early_1_3,-3.2674373920926643,4.913543365188933,-12.897982387862974,6.363107603677645,3
Gemma4-E4B,32,non_thinking,logistic_f1,quality_slope_per_index,-0.06969696969696966,0.02613358611764492,-0.1209187984875537,-0.01847514090638562,3
Gemma4-E4B,32,non_thinking,logistic_f1,quality_spearman,-0.5667146558591026,0.3082089240503923,-1.1708041469978716,0.03737483527966623,3
Gemma4-E4B,32,non_thinking,logistic_f1,late_8_10_minus_early_1_3,-0.4714285714285714,0.2055805790574506,-0.8743665063811746,-0.0684906364759682,3
Gemma4-E4B,32,non_thinking,logistic_precision,quality_slope_per_index,-0.09069264069264066,0.03372554346772532,-0.15679470588938227,-0.024590575495899034,3
Gemma4-E4B,32,non_thinking,logistic_precision,quality_spearman,-0.5620526827876544,0.30660396279266405,-1.162996449861276,0.038891084285967104,3
Gemma4-E4B,32,non_thinking,logistic_precision,late_8_10_minus_early_1_3,-0.6309523809523809,0.2625453125695893,-1.1455411935887758,-0.11636356831598593,3
Gemma4-E4B,32,non_thinking,logistic_recall,quality_slope_per_index,-0.06464646464646458,0.026494701108290913,-0.11657607881871476,-0.012716850474214385,3
Gemma4-E4B,32,non_thinking,logistic_recall,quality_spearman,-0.5617690055391233,0.2947349434130383,-1.1394494946286784,0.015911483550431704,3
Gemma4-E4B,32,non_thinking,logistic_recall,late_8_10_minus_early_1_3,-0.44444444444444436,0.22222222222222218,-0.8799999999999999,-0.00888888888888889,3
Gemma4-E4B,32,non_thinking,mean_bhattacharyya,quality_slope_per_index,-2.4591754441710805,1.5974648008419068,-5.590206453821217,0.6718555654790568,3
Gemma4-E4B,32,non_thinking,mean_bhattacharyya,quality_spearman,-0.006060606060606061,0.23917007817290897,-0.4748339592795076,0.4627127471582955,3
Gemma4-E4B,32,non_thinking,mean_bhattacharyya,late_8_10_minus_early_1_3,-14.249795100203261,8.839688755261129,-31.575585060515074,3.075994860108551,3
Gemma4-E4B,32,non_thinking,min_bhattacharyya,quality_slope_per_index,-2.1103926589994693,0.6160323689077096,-3.31781610205858,-0.9029692159403584,3
Gemma4-E4B,32,non_thinking,min_bhattacharyya,quality_spearman,-0.18293022999573125,0.24690614746867878,-0.6668662790343417,0.30100581904287915,3
Gemma4-E4B,32,non_thinking,min_bhattacharyya,late_8_10_minus_early_1_3,-12.720128685235977,3.6046937309856233,-19.7853283979678,-5.654928972504155,3
Gemma4-E4B,32,non_thinking,nc2_class_cosine_deviation,quality_slope_per_index,-0.008410936601256492,0.007298131396633015,-0.0227152741386572,0.005893400936144218,3
Gemma4-E4B,32,non_thinking,nc2_class_cosine_deviation,quality_spearman,-0.22424242424242422,0.06311312869419519,-0.3479441564830468,-0.10054069200180164,3
Gemma4-E4B,32,non_thinking,nc2_class_cosine_deviation,late_8_10_minus_early_1_3,-0.04078724632353947,0.052478829532286185,-0.1436457522068204,0.06207125955974145,3
Gemma4-E4B,32,non_thinking,ncc_recall,quality_slope_per_index,-0.05858585858585853,0.024824658035241424,-0.10724218833493172,-0.009929528836785342,3
Gemma4-E4B,32,non_thinking,ncc_recall,quality_spearman,-0.48241815132442173,0.25580325747507743,-0.9837925359755735,0.018956233326729965,3
Gemma4-E4B,32,non_thinking,ncc_recall,late_8_10_minus_early_1_3,-0.44444444444444436,0.22222222222222218,-0.8799999999999999,-0.00888888888888889,3
Gemma4-E4B,32,non_thinking,silhouette_cosine,quality_slope_per_index,-0.0681642044900041,0.020082412785596644,-0.10752573354977352,-0.028802675430234674,3
Gemma4-E4B,32,non_thinking,silhouette_cosine,quality_spearman,-0.2121212121212121,0.15096195306884366,-0.5080066401361456,0.08376421589372146,3
Gemma4-E4B,32,non_thinking,silhouette_cosine,late_8_10_minus_early_1_3,-0.3215543528397878,0.17460601367216166,-0.6637821396372247,0.02067343395764909,3
Gemma4-E4B,32,non_thinking,within_trace,quality_slope_per_index,-8.43955947413587,16.785091959192,-41.338339714152184,24.459220765880445,3
Gemma4-E4B,32,non_thinking,within_trace,quality_spearman,-0.29696969696969694,0.21516811241526215,-0.7186991973036108,0.12475980336421688,3
Gemma4-E4B,32,non_thinking,within_trace,late_8_10_minus_early_1_3,3.9028422037760038,139.75146776843408,-270.0100346223548,277.8157190299068,3
Gemma4-E4B,32,native_thinking,centroid_nearest_squared,quality_slope_per_index,-88.71061463789488,10.249327505906788,-108.79929654947219,-68.62193272631757,3
Gemma4-E4B,32,native_thinking,centroid_nearest_squared,quality_spearman,-0.09756278933105667,0.2147890818390919,-0.5185493897356768,0.32342381107356344,3
Gemma4-E4B,32,native_thinking,centroid_nearest_squared,late_8_10_minus_early_1_3,-554.6925099690756,63.80068545334691,-679.7418534576354,-429.6431664805156,3
Gemma4-E4B,32,native_thinking,class_nc1_ratio,quality_slope_per_index,0.047579976293812005,0.05611543234730427,-0.06240627110690435,0.15756622369452836,3
Gemma4-E4B,32,native_thinking,class_nc1_ratio,quality_spearman,0.006060606060606061,0.0979745911352092,-0.18596959256440396,0.1980908046856161,3
Gemma4-E4B,32,native_thinking,class_nc1_ratio,late_8_10_minus_early_1_3,0.2585888714808555,0.16715260983065655,-0.06903024378723133,0.5862079867489424,3
Gemma4-E4B,32,native_thinking,fisher_nearest,quality_slope_per_index,-0.5863051614186716,4.467748005207708,-9.34309125162578,8.170480928788436,3
Gemma4-E4B,32,native_thinking,fisher_nearest,quality_spearman,-0.04242424242424241,0.1883019021855522,-0.41149597070792476,0.3266474858594399,3
Gemma4-E4B,32,native_thinking,fisher_nearest,late_8_10_minus_early_1_3,-3.6084369170792954,27.546025377071423,-57.59864665613929,50.3817728219807,3
Gemma4-E4B,32,native_thinking,logistic_f1,quality_slope_per_index,-0.04696969696969694,0.02066352090397386,-0.0874701979414857,-0.006469195997908177,3
Gemma4-E4B,32,native_thinking,logistic_f1,quality_spearman,-0.3313132843355183,0.14443076542643746,-0.6143975845713358,-0.04822898409970089,3
Gemma4-E4B,32,native_thinking,logistic_f1,late_8_10_minus_early_1_3,-0.44999999999999996,0.14315078580390134,-0.7305755401756466,-0.16942445982435334,3
Gemma4-E4B,32,native_thinking,logistic_precision,quality_slope_per_index,-0.042424242424242385,0.03558844514942441,-0.11217759491711421,0.027329110068629446,3
Gemma4-E4B,32,native_thinking,logistic_precision,quality_spearman,-0.3313132843355183,0.21046002107815048,-0.7438149256486932,0.08118835697765664,3
Gemma4-E4B,32,native_thinking,logistic_precision,late_8_10_minus_early_1_3,-0.4333333333333333,0.2474561939035565,-0.918347473384304,0.05168080671763742,3
Gemma4-E4B,32,native_thinking,logistic_recall,quality_slope_per_index,-0.04848484848484846,0.01261615757252201,-0.07321251732699159,-0.02375717964270532,3
Gemma4-E4B,32,native_thinking,logistic_recall,quality_spearman,-0.3536097741979051,0.039731274222505185,-0.4314830716740153,-0.27573647672179497,3
Gemma4-E4B,32,native_thinking,logistic_recall,late_8_10_minus_early_1_3,-0.4444444444444444,0.11111111111111109,-0.6622222222222222,-0.22666666666666668,3
Gemma4-E4B,32,native_thinking,mean_bhattacharyya,quality_slope_per_index,-1.8492014285289844,7.818826055365262,-17.174100497044897,13.47569763998693,3
Gemma4-E4B,32,native_thinking,mean_bhattacharyya,quality_spearman,-0.06666666666666665,0.23930655183775104,-0.5357075082686586,0.4023741749353254,3
Gemma4-E4B,32,native_thinking,mean_bhattacharyya,late_8_10_minus_early_1_3,-11.42275884747505,49.86839110962536,-109.16480542234075,86.31928772739064,3
Gemma4-E4B,32,native_thinking,min_bhattacharyya,quality_slope_per_index,-1.509166105227034,1.5783676512283162,-4.6027667016345335,1.5844344911804658,3
Gemma4-E4B,32,native_thinking,min_bhattacharyya,quality_spearman,-0.09756278933105667,0.17564877512292948,-0.4418343885719984,0.24670880990988509,3
Gemma4-E4B,32,native_thinking,min_bhattacharyya,late_8_10_minus_early_1_3,-9.38735494017601,9.702808721398275,-28.40486003411663,9.63015015376461,3
Gemma4-E4B,32,native_thinking,nc2_class_cosine_deviation,quality_slope_per_index,0.007909567801304798,0.005962560719277613,-0.0037770512084793224,0.01959618681108892,3
Gemma4-E4B,32,native_thinking,nc2_class_cosine_deviation,quality_spearman,-0.01818181818181818,0.12699986784243805,-0.26710155915299677,0.2307379227893604,3
Gemma4-E4B,32,native_thinking,nc2_class_cosine_deviation,late_8_10_minus_early_1_3,0.015525874271682227,0.06349286172371629,-0.1089201347068017,0.13997188325016616,3
Gemma4-E4B,32,native_thinking,ncc_recall,quality_slope_per_index,-0.09090909090909091,0.009257728676678442,-0.10905423911538066,-0.07276394270280116,3
Gemma4-E4B,32,native_thinking,ncc_recall,quality_spearman,-0.6737802297335519,0.0823455351517487,-0.8351774786309794,-0.5123829808361244,3
Gemma4-E4B,32,native_thinking,ncc_recall,late_8_10_minus_early_1_3,-0.6666666666666666,1.5700924586837752e-16,-0.666666666666667,-0.6666666666666663,3
Gemma4-E4B,32,native_thinking,silhouette_cosine,quality_slope_per_index,-0.024805148984446582,0.02081327812459816,-0.06559917410865897,0.015988876139765806,3
Gemma4-E4B,32,native_thinking,silhouette_cosine,quality_spearman,-0.06666666666666665,0.03703091470671385,-0.13924725949182581,0.005913926158492497,3
Gemma4-E4B,32,native_thinking,silhouette_cosine,late_8_10_minus_early_1_3,-0.1563734511534373,0.13878270265298412,-0.4283875483532862,0.11564064604641158,3
Gemma4-E4B,32,native_thinking,within_trace,quality_slope_per_index,-12.57464636600377,16.185467532687856,-44.298162730071965,19.148869998064427,3
Gemma4-E4B,32,native_thinking,within_trace,quality_spearman,-0.04242424242424241,0.4734691579891799,-0.9704237920830349,0.8855753072345501,3
Gemma4-E4B,32,native_thinking,within_trace,late_8_10_minus_early_1_3,-75.44911702473962,103.98406847193105,-279.25789122972446,128.35965718024525,3
Gemma4-E4B,33,non_thinking,centroid_nearest_squared,quality_slope_per_index,-158.22381684274367,36.23812866888542,-229.2505490337591,-87.19708465172825,3
Gemma4-E4B,33,non_thinking,centroid_nearest_squared,quality_spearman,-0.39025115732422666,0.22824483973243043,-0.8376110431997903,0.057108728551336974,3
Gemma4-E4B,33,non_thinking,centroid_nearest_squared,late_8_10_minus_early_1_3,-951.9762217203776,211.92946196252163,-1367.35796716692,-536.5944762738352,3
Gemma4-E4B,33,non_thinking,class_nc1_ratio,quality_slope_per_index,0.17488489627366402,0.0836133678723428,0.011002695243872124,0.3387670973034559,3
Gemma4-E4B,33,non_thinking,class_nc1_ratio,quality_spearman,-0.12727272727272726,0.22321175461710108,-0.5647677663222453,0.3102223117767908,3
Gemma4-E4B,33,non_thinking,class_nc1_ratio,late_8_10_minus_early_1_3,2.4317240049715547,1.2050862155038287,0.06975502258405042,4.793692987359059,3
Gemma4-E4B,33,non_thinking,fisher_nearest,quality_slope_per_index,-0.36923162262655557,0.3347030733926343,-1.0252496464761187,0.28678640122300764,3
Gemma4-E4B,33,non_thinking,fisher_nearest,quality_spearman,-0.3939393939393939,0.25050505050505045,-0.8849292929292928,0.09705050505050494,3
Gemma4-E4B,33,non_thinking,fisher_nearest,late_8_10_minus_early_1_3,-2.205088603455869,1.9448107862950637,-6.016917744594194,1.6067405376824553,3
Gemma4-E4B,33,non_thinking,logistic_f1,quality_slope_per_index,-0.07723905723905718,0.027885212096724864,-0.13189407294863792,-0.022584041529476448,3
Gemma4-E4B,33,non_thinking,logistic_f1,quality_spearman,-0.6349935300589945,0.271469606350467,-1.16707395850591,-0.10291310161207912,3
Gemma4-E4B,33,non_thinking,logistic_f1,late_8_10_minus_early_1_3,-0.5592592592592592,0.2364286173111797,-1.0226593491891713,-0.09585916932934702,3
Gemma4-E4B,33,non_thinking,logistic_precision,quality_slope_per_index,-0.08080808080808077,0.032034343144151683,-0.14359539337061805,-0.01802076824554348,3
Gemma4-E4B,33,non_thinking,logistic_precision,quality_spearman,-0.648649304898973,0.2765821525303727,-1.1907503238585035,-0.10654828593944243,3
Gemma4-E4B,33,non_thinking,logistic_precision,late_8_10_minus_early_1_3,-0.5777777777777777,0.26707787225659174,-1.1012504074006975,-0.054305148154857874,3
Gemma4-E4B,33,non_thinking,logistic_recall,quality_slope_per_index,-0.07474747474747472,0.03362286257998635,-0.14064828540424795,-0.008846664090701478,3
Gemma4-E4B,33,non_thinking,logistic_recall,quality_spearman,-0.5894698868260765,0.25949965158485194,-1.0980892039323864,-0.08085056971976667,3
Gemma4-E4B,33,non_thinking,logistic_recall,late_8_10_minus_early_1_3,-0.5555555555555556,0.2939723678960656,-1.1317413966318441,0.020630285520732983,3
Gemma4-E4B,33,non_thinking,mean_bhattacharyya,quality_slope_per_index,-2.1404027870608466,1.4037717738623319,-4.891795463831017,0.610989889709324,3
Gemma4-E4B,33,non_thinking,mean_bhattacharyya,quality_spearman,-0.006060606060606061,0.23683799417782375,-0.4702630746491406,0.4581418625279285,3
Gemma4-E4B,33,non_thinking,mean_bhattacharyya,late_8_10_minus_early_1_3,-12.227198276254866,7.367017558167092,-26.666552690262364,2.2121561377526344,3
Gemma4-E4B,33,non_thinking,min_bhattacharyya,quality_slope_per_index,-1.7788693370241087,0.5208441688519342,-2.7997239079739,-0.7580147660743177,3
Gemma4-E4B,33,non_thinking,min_bhattacharyya,quality_spearman,-0.13981827504641486,0.20925495242758113,-0.5499579818044739,0.27032143171164413,3
Gemma4-E4B,33,non_thinking,min_bhattacharyya,late_8_10_minus_early_1_3,-10.795013407866161,2.830370311294458,-16.3425392180033,-5.247487597729023,3
Gemma4-E4B,33,non_thinking,nc2_class_cosine_deviation,quality_slope_per_index,-0.009949063487612956,0.006156464477919975,-0.022015733864336105,0.0021176068891101945,3
Gemma4-E4B,33,non_thinking,nc2_class_cosine_deviation,quality_spearman,-0.41818181818181815,0.10505050505050503,-0.624080808080808,-0.2122828282828283,3
Gemma4-E4B,33,non_thinking,nc2_class_cosine_deviation,late_8_10_minus_early_1_3,-0.0640144562310398,0.04578835240604197,-0.15375962694688206,0.025730714484802464,3
Gemma4-E4B,33,non_thinking,ncc_recall,quality_slope_per_index,-0.06868686868686862,0.033256722491220865,-0.13387004476966152,-0.0035036926040757227,3
Gemma4-E4B,33,non_thinking,ncc_recall,quality_spearman,-0.5310476489128454,0.26058956941063555,-1.041803204957691,-0.02029209286799971,3
Gemma4-E4B,33,non_thinking,ncc_recall,late_8_10_minus_early_1_3,-0.5555555555555556,0.2939723678960656,-1.1317413966318441,0.020630285520732983,3
Gemma4-E4B,33,non_thinking,silhouette_cosine,quality_slope_per_index,-0.06471998646403798,0.02003234998131194,-0.10398339242740938,-0.025456580500666584,3
Gemma4-E4B,33,non_thinking,silhouette_cosine,quality_spearman,-0.2727272727272727,0.17722595716736408,-0.6200901487753063,0.07463560332076091,3
Gemma4-E4B,33,non_thinking,silhouette_cosine,late_8_10_minus_early_1_3,-0.2921280860900879,0.2148215016463836,-0.7131782293169997,0.12892205713682398,3
Gemma4-E4B,33,non_thinking,within_trace,quality_slope_per_index,7.999497107303519,16.417374370717663,-24.178556659303098,40.177550873910135,3
Gemma4-E4B,33,non_thinking,within_trace,quality_spearman,-0.09090909090909088,0.1959491822704184,-0.47496948815911094,0.2931513063409292,3
Gemma4-E4B,33,non_thinking,within_trace,late_8_10_minus_early_1_3,107.4259033203125,143.90769900648,-174.63318673238825,389.48499337301325,3
Gemma4-E4B,33,native_thinking,centroid_nearest_squared,quality_slope_per_index,-59.84927395907294,17.745654706968807,-94.6307571847318,-25.06779073341408,3
Gemma4-E4B,33,native_thinking,centroid_nearest_squared,quality_spearman,0.024465861447252456,0.19512557866211336,-0.3579802727304897,0.4069119956249946,3
Gemma4-E4B,33,native_thinking,centroid_nearest_squared,late_8_10_minus_early_1_3,-369.37739054361975,108.79488631832538,-582.6153677275374,-156.13941335970202,3
Gemma4-E4B,33,native_thinking,class_nc1_ratio,quality_slope_per_index,0.04092800539918866,0.0661084399368366,-0.08864453687701108,0.17050054767538841,3
Gemma4-E4B,33,native_thinking,class_nc1_ratio,quality_spearman,0.0303030303030303,0.2380754725277775,-0.4363248958514136,0.49693095645747415,3
Gemma4-E4B,33,native_thinking,class_nc1_ratio,late_8_10_minus_early_1_3,0.30547433558731174,0.33890593247048767,-0.3587812920548441,0.9697299632294676,3
Gemma4-E4B,33,native_thinking,fisher_nearest,quality_slope_per_index,-0.508491787299105,5.357029068253535,-11.008268761076033,9.991285186477823,3
Gemma4-E4B,33,native_thinking,fisher_nearest,quality_spearman,0.0303030303030303,0.1974430985514443,-0.3566854428578005,0.41729150346386107,3
Gemma4-E4B,33,native_thinking,fisher_nearest,late_8_10_minus_early_1_3,-3.1060027915839736,33.00356285959887,-67.79298599639776,61.58098041322981,3
Gemma4-E4B,33,native_thinking,logistic_f1,quality_slope_per_index,-0.013160173160173151,0.007972335939096967,-0.02878595160080321,0.002465605280456905,3
Gemma4-E4B,33,native_thinking,logistic_f1,quality_spearman,-0.3724151621225527,0.15095678046530772,-0.6682904518345558,-0.0765398724105496,3
Gemma4-E4B,33,native_thinking,logistic_f1,late_8_10_minus_early_1_3,-0.11428571428571432,0.0645762806450469,-0.24085522435000625,0.012283795778577605,3
Gemma4-E4B,33,native_thinking,logistic_precision,quality_slope_per_index,-0.016666666666666694,0.009427609427609403,-0.035144781144781125,0.0018114478114477361,3
Gemma4-E4B,33,native_thinking,logistic_precision,quality_spearman,-0.41785544701867244,0.1449818000474897,-0.7020197751117523,-0.13369111892559266,3
Gemma4-E4B,33,native_thinking,logistic_precision,late_8_10_minus_early_1_3,-0.08333333333333337,0.07407407407407411,-0.22851851851851862,0.06185185185185188,3
Gemma4-E4B,33,native_thinking,logistic_recall,quality_slope_per_index,-0.006060606060606081,0.012616157572522026,-0.03078827490274925,0.018667062781537087,3
Gemma4-E4B,33,native_thinking,logistic_recall,quality_spearman,-0.11396057645963793,0.21791543548275158,-0.541074830005831,0.31315367708655517,3
Gemma4-E4B,33,native_thinking,logistic_recall,late_8_10_minus_early_1_3,-0.11111111111111116,0.11111111111111109,-0.3288888888888889,0.10666666666666658,3
Gemma4-E4B,33,native_thinking,mean_bhattacharyya,quality_slope_per_index,-1.4289714843737114,9.246680397839325,-19.55246506413879,16.694522095391367,3
Gemma4-E4B,33,native_thinking,mean_bhattacharyya,quality_spearman,-0.06666666666666665,0.313072656611079,-0.6802890736243815,0.5469557402910482,3
Gemma4-E4B,33,native_thinking,mean_bhattacharyya,late_8_10_minus_early_1_3,-8.784338756843848,59.81638583842538,-126.0244550001576,108.4557774864699,3
Gemma4-E4B,33,native_thinking,min_bhattacharyya,quality_slope_per_index,-1.1550183794715163,1.6403587141824438,-4.3701214592691064,2.0600847003260734,3
Gemma4-E4B,33,native_thinking,min_bhattacharyya,quality_spearman,0.018293022999573125,0.1505810537617907,-0.27684584237353665,0.31343188837268293,3
Gemma4-E4B,33,native_thinking,min_bhattacharyya,late_8_10_minus_early_1_3,-7.151321212450663,10.321786138662455,-27.382022044229075,13.079379619327748,3
Gemma4-E4B,33,native_thinking,nc2_class_cosine_deviation,quality_slope_per_index,0.00794306353620943,0.004761371716270287,-0.0013892250276803329,0.017275352100099194,3
Gemma4-E4B,33,native_thinking,nc2_class_cosine_deviation,quality_spearman,0.1515151515151515,0.13737373737373737,-0.11773737373737375,0.42076767676767673,3
Gemma4-E4B,33,native_thinking,nc2_class_cosine_deviation,late_8_10_minus_early_1_3,0.024003534803910598,0.0435571071579275,-0.0613683952256273,0.1093754648334485,3
Gemma4-E4B,33,native_thinking,ncc_recall,quality_slope_per_index,-0.04646464646464641,0.01795594831780929,-0.08165830516755263,-0.011270987761740202,3
Gemma4-E4B,33,native_thinking,ncc_recall,quality_spearman,-0.47571789922269364,0.18362992058418703,-0.8356325435677002,-0.11580325487768706,3
Gemma4-E4B,33,native_thinking,ncc_recall,late_8_10_minus_early_1_3,-0.44444444444444453,0.11111111111111109,-0.6622222222222223,-0.2266666666666668,3
Gemma4-E4B,33,native_thinking,silhouette_cosine,quality_slope_per_index,-0.016408414308997633,0.02164127837003067,-0.05882531991425774,0.026008491296262478,3
Gemma4-E4B,33,native_thinking,silhouette_cosine,quality_spearman,0.006060606060606061,0.049153636608470455,-0.09028052169199603,0.10240173381320815,3
Gemma4-E4B,33,native_thinking,silhouette_cosine,late_8_10_minus_early_1_3,-0.10242377811421952,0.16009738278385988,-0.41621464837058486,0.21136709214214586,3
Gemma4-E4B,33,native_thinking,within_trace,quality_slope_per_index,-6.5490308357007025,17.011592414098132,-39.89175196733304,26.793690295931636,3
Gemma4-E4B,33,native_thinking,within_trace,quality_spearman,0.11515151515151514,0.5539333524562057,-0.9705578556626481,1.2008608859656784,3
Gemma4-E4B,33,native_thinking,within_trace,late_8_10_minus_early_1_3,-27.34033203125,115.10737403470871,-252.95078513927908,198.27012107677908,3
Gemma4-E4B,34,non_thinking,centroid_nearest_squared,quality_slope_per_index,-164.27288272742047,36.53503941439647,-235.88155997963753,-92.66420547520339,3
Gemma4-E4B,34,non_thinking,centroid_nearest_squared,quality_spearman,-0.39025115732422666,0.2132889286043706,-0.8082974573887931,0.02779514274033973,3
Gemma4-E4B,34,non_thinking,centroid_nearest_squared,late_8_10_minus_early_1_3,-996.6242930094402,215.30092346237873,-1418.6141029957025,-574.6344830231778,3
Gemma4-E4B,34,non_thinking,class_nc1_ratio,quality_slope_per_index,0.14751249800846913,0.07426997123474628,0.0019433543883664306,0.29308164162857187,3
Gemma4-E4B,34,non_thinking,class_nc1_ratio,quality_spearman,-0.23636363636363633,0.2063377023806659,-0.6407855330297415,0.16805826030246884,3
Gemma4-E4B,34,non_thinking,class_nc1_ratio,late_8_10_minus_early_1_3,2.0711895298533913,1.116077182525102,-0.11632174789580851,4.258700807602591,3
Gemma4-E4B,34,non_thinking,fisher_nearest,quality_slope_per_index,-0.3128978866908392,0.24175917439570768,-0.7867458685064262,0.1609500951247479,3
Gemma4-E4B,34,non_thinking,fisher_nearest,quality_spearman,-0.3939393939393939,0.22525026044066834,-0.8354299044031039,0.04755111652431604,3
Gemma4-E4B,34,non_thinking,fisher_nearest,late_8_10_minus_early_1_3,-1.8756237397303275,1.3283291206409575,-4.479148816186604,0.7279013367259493,3
Gemma4-E4B,34,non_thinking,logistic_f1,quality_slope_per_index,-0.0761707988980716,0.03111657654559871,-0.13715928892744506,-0.015182308868698133,3
Gemma4-E4B,34,non_thinking,logistic_f1,quality_spearman,-0.648649304898973,0.30819763824164714,-1.2527166758526014,-0.0445819339453446,3
Gemma4-E4B,34,non_thinking,logistic_f1,late_8_10_minus_early_1_3,-0.5378787878787878,0.25749263123133054,-1.0425643450921958,-0.03319323066538005,3
Gemma4-E4B,34,non_thinking,logistic_precision,quality_slope_per_index,-0.09606060606060599,0.03794366311205736,-0.1704301857602384,-0.02169102636097356,3
Gemma4-E4B,34,non_thinking,logistic_precision,quality_spearman,-0.644304294902921,0.3057443080899166,-1.2435631387591575,-0.04504545104668445,3
Gemma4-E4B,34,non_thinking,logistic_precision,late_8_10_minus_early_1_3,-0.6833333333333333,0.30673733306397327,-1.2845385061387211,-0.08212816052794569,3
Gemma4-E4B,34,non_thinking,logistic_recall,quality_slope_per_index,-0.07474747474747472,0.03362286257998635,-0.14064828540424795,-0.008846664090701478,3
Gemma4-E4B,34,non_thinking,logistic_recall,quality_spearman,-0.5894698868260765,0.25949965158485194,-1.0980892039323864,-0.08085056971976667,3
Gemma4-E4B,34,non_thinking,logistic_recall,late_8_10_minus_early_1_3,-0.5555555555555556,0.2939723678960656,-1.1317413966318441,0.020630285520732983,3
Gemma4-E4B,34,non_thinking,mean_bhattacharyya,quality_slope_per_index,-2.089896570231374,1.314691351170703,-4.666691618525952,0.48689847806320374,3
Gemma4-E4B,34,non_thinking,mean_bhattacharyya,quality_spearman,-0.006060606060606061,0.27887569982605886,-0.5526569777196815,0.5405357655984693,3
Gemma4-E4B,34,non_thinking,mean_bhattacharyya,late_8_10_minus_early_1_3,-11.959098904221143,6.785453965738593,-25.258588677068786,1.340390868626498,3
Gemma4-E4B,34,non_thinking,min_bhattacharyya,quality_slope_per_index,-1.8113360795107738,0.558544277659693,-2.906082863723772,-0.7165892952977757,3
Gemma4-E4B,34,non_thinking,min_bhattacharyya,quality_spearman,-0.04878139466552833,0.19389178806127533,-0.42880929926562794,0.3312465099345713,3
Gemma4-E4B,34,non_thinking,min_bhattacharyya,late_8_10_minus_early_1_3,-11.060317635536194,3.163389932224275,-17.260561902695773,-4.860073368376614,3
Gemma4-E4B,34,non_thinking,nc2_class_cosine_deviation,quality_slope_per_index,-0.010850858134787228,0.0070751358815337555,-0.024718124462593388,0.0030164081930189324,3
Gemma4-E4B,34,non_thinking,nc2_class_cosine_deviation,quality_spearman,-0.3939393939393939,0.19859726428193142,-0.7831900319319796,-0.004688755946808343,3
Gemma4-E4B,34,non_thinking,nc2_class_cosine_deviation,late_8_10_minus_early_1_3,-0.06954818974735816,0.058987889931710544,-0.18516445401351084,0.04606807451879451,3
Gemma4-E4B,34,non_thinking,ncc_recall,quality_slope_per_index,-0.06868686868686862,0.033256722491220865,-0.13387004476966152,-0.0035036926040757227,3
Gemma4-E4B,34,non_thinking,ncc_recall,quality_spearman,-0.5310476489128454,0.26058956941063555,-1.041803204957691,-0.02029209286799971,3
Gemma4-E4B,34,non_thinking,ncc_recall,late_8_10_minus_early_1_3,-0.5555555555555556,0.2939723678960656,-1.1317413966318441,0.020630285520732983,3
Gemma4-E4B,34,non_thinking,silhouette_cosine,quality_slope_per_index,-0.06224098878376405,0.025194686970138647,-0.1116225752452358,-0.012859402322292303,3
Gemma4-E4B,34,non_thinking,silhouette_cosine,quality_spearman,-0.32121212121212117,0.18795480160990718,-0.6896035323675392,0.0471792899432969,3
Gemma4-E4B,34,non_thinking,silhouette_cosine,late_8_10_minus_early_1_3,-0.2713039368391037,0.24778269231339425,-0.7569580137733565,0.21435014009514902,3
Gemma4-E4B,34,non_thinking,within_trace,quality_slope_per_index,14.72290778882574,16.324681338881774,-17.273467635382538,46.71928321303402,3
Gemma4-E4B,34,non_thinking,within_trace,quality_spearman,0.17575757575757575,0.291021302713036,-0.3946441775599747,0.7461593290751263,3
Gemma4-E4B,34,non_thinking,within_trace,late_8_10_minus_early_1_3,144.18233235677087,142.70772536307214,-135.5248093548505,423.88947406839225,3
Gemma4-E4B,34,native_thinking,centroid_nearest_squared,quality_slope_per_index,-70.72407725941027,19.758007202301993,-109.44977137592217,-31.998383142898362,3
Gemma4-E4B,34,native_thinking,centroid_nearest_squared,quality_spearman,0.024465861447252456,0.27785894581605786,-0.5201376723522209,0.5690693952467258,3
Gemma4-E4B,34,native_thinking,centroid_nearest_squared,late_8_10_minus_early_1_3,-438.76301066080737,115.73348107911666,-665.600633575876,-211.92538774573873,3
Gemma4-E4B,34,native_thinking,class_nc1_ratio,quality_slope_per_index,0.026369775217013808,0.067096675018937,-0.1051397078201027,0.15787925825413032,3
Gemma4-E4B,34,native_thinking,class_nc1_ratio,quality_spearman,0.0303030303030303,0.27793751146537105,-0.514454492169097,0.5750605527751576,3
Gemma4-E4B,34,native_thinking,class_nc1_ratio,late_8_10_minus_early_1_3,0.2504619269175241,0.3509732961936615,-0.4374457336220524,0.9383695874571006,3
Gemma4-E4B,34,native_thinking,fisher_nearest,quality_slope_per_index,-0.4823696336145534,4.915402798877635,-10.116559119414719,9.151819852185612,3
Gemma4-E4B,34,native_thinking,fisher_nearest,quality_spearman,0.0303030303030303,0.2642065894831809,-0.4875418850840042,0.5481479456900648,3
Gemma4-E4B,34,native_thinking,fisher_nearest,late_8_10_minus_early_1_3,-2.950095758178236,30.248887125770423,-62.237914524688264,56.33772300833179,3
Gemma4-E4B,34,native_thinking,logistic_f1,quality_slope_per_index,-0.025988455988455963,0.015770232909080424,-0.056898112490253595,0.004921200513341668,3
Gemma4-E4B,34,native_thinking,logistic_f1,quality_spearman,-0.549476941711005,0.09384804127459555,-0.7334191026092123,-0.3655347808127978,3
Gemma4-E4B,34,native_thinking,logistic_f1,late_8_10_minus_early_1_3,-0.1777777777777778,0.12461188030563485,-0.4220170631768221,0.06646150762126649,3
Gemma4-E4B,34,native_thinking,logistic_precision,quality_slope_per_index,-0.023434343434343422,0.014997345085064034,-0.05282913980106893,0.005960452932382086,3
Gemma4-E4B,34,native_thinking,logistic_precision,quality_spearman,-0.4318209636051491,0.20347819707596018,-0.8306382298740311,-0.033003697336267124,3
Gemma4-E4B,34,native_thinking,logistic_precision,late_8_10_minus_early_1_3,-0.11111111111111116,0.06415002990995844,-0.2368451697346297,0.014622947512407392,3
Gemma4-E4B,34,native_thinking,logistic_recall,quality_slope_per_index,-0.02222222222222222,0.01927149901852416,-0.05999436029852957,0.015549915854085133,3
Gemma4-E4B,34,native_thinking,logistic_recall,quality_spearman,-0.32596473160912093,0.1891773059097521,-0.696752251192235,0.044822787973993194,3
Gemma4-E4B,34,native_thinking,logistic_recall,late_8_10_minus_early_1_3,-0.22222222222222232,0.22222222222222224,-0.6577777777777779,0.21333333333333326,3
Gemma4-E4B,34,native_thinking,mean_bhattacharyya,quality_slope_per_index,-1.4219209902214247,9.706539307166015,-20.44673803226681,17.602896051823965,3
Gemma4-E4B,34,native_thinking,mean_bhattacharyya,quality_spearman,-0.04242424242424241,0.3839021743909398,-0.7948725042304844,0.7100240193819997,3
Gemma4-E4B,34,native_thinking,mean_bhattacharyya,late_8_10_minus_early_1_3,-8.696282428723796,63.146297329197495,-132.4630251939509,115.0704603365033,3
Gemma4-E4B,34,native_thinking,min_bhattacharyya,quality_slope_per_index,-1.1425791581471736,1.6455155460132165,-4.367789628333078,2.0826313120387305,3
Gemma4-E4B,34,native_thinking,min_bhattacharyya,quality_spearman,0.024465861447252456,0.21557015912541402,-0.39805165043855906,0.4469833733330639,3
Gemma4-E4B,34,native_thinking,min_bhattacharyya,late_8_10_minus_early_1_3,-7.052287161350251,10.217137623077576,-27.0778769025823,12.9733025798818,3
Gemma4-E4B,34,native_thinking,nc2_class_cosine_deviation,quality_slope_per_index,0.008275506081560623,0.005667117841726344,-0.0028320448882230113,0.019383057051344257,3
Gemma4-E4B,34,native_thinking,nc2_class_cosine_deviation,quality_spearman,0.07878787878787878,0.13004829850045319,-0.17610678627300946,0.33368254384876705,3
Gemma4-E4B,34,native_thinking,nc2_class_cosine_deviation,late_8_10_minus_early_1_3,0.032677101576892464,0.05137048731196865,-0.06800905355456609,0.13336325670835103,3
Gemma4-E4B,34,native_thinking,ncc_recall,quality_slope_per_index,-0.016161616161616116,0.017260613626904113,-0.04999241887034818,0.017669186547115943,3
Gemma4-E4B,34,native_thinking,ncc_recall,quality_spearman,-0.13767902008851546,0.13367034941532657,-0.39967290494255553,0.12431486476552461,3
Gemma4-E4B,34,native_thinking,ncc_recall,late_8_10_minus_early_1_3,-0.22222222222222232,0.11111111111111112,-0.4400000000000001,-0.004444444444444529,3
Gemma4-E4B,34,native_thinking,silhouette_cosine,quality_slope_per_index,-0.01852281724639003,0.025817282057184355,-0.06912469007847136,0.0320790555856913,3
Gemma4-E4B,34,native_thinking,silhouette_cosine,quality_spearman,-0.04242424242424241,0.09319242500744077,-0.22508139543882633,0.1402329105903415,3
Gemma4-E4B,34,native_thinking,silhouette_cosine,late_8_10_minus_early_1_3,-0.11548760098715624,0.20184589016767443,-0.5111055457157981,0.2801303437414856,3
Gemma4-E4B,34,native_thinking,within_trace,quality_slope_per_index,-5.297368644945508,17.768464804079635,-40.12355966094159,29.528822371050573,3
Gemma4-E4B,34,native_thinking,within_trace,quality_spearman,0.09090909090909088,0.5362637583203896,-0.9601678753988729,1.1419860572170546,3
Gemma4-E4B,34,native_thinking,within_trace,late_8_10_minus_early_1_3,-16.598276774088617,120.56298104257426,-252.90171961753418,219.70516606935695,3
Gemma4-E4B,35,non_thinking,centroid_nearest_squared,quality_slope_per_index,-162.67365486838582,27.45101151789262,-216.47763744345536,-108.86967229331628,3
Gemma4-E4B,35,non_thinking,centroid_nearest_squared,quality_spearman,-0.5243999926544296,0.27028480233145014,-1.0541582052240719,0.005358219915212681,3
Gemma4-E4B,35,non_thinking,centroid_nearest_squared,late_8_10_minus_early_1_3,-993.7946497599283,150.77385082859055,-1289.3113973839659,-698.2779021358908,3
Gemma4-E4B,35,non_thinking,class_nc1_ratio,quality_slope_per_index,0.11214428072349696,0.013138585924852356,0.08639265231078634,0.13789590913620758,3
Gemma4-E4B,35,non_thinking,class_nc1_ratio,quality_spearman,-0.10303030303030303,0.30094908201270415,-0.6928905037752031,0.48682989771459706,3
Gemma4-E4B,35,non_thinking,class_nc1_ratio,late_8_10_minus_early_1_3,1.4311538291187014,0.31838422113855286,0.8071207556871378,2.0551869025502647,3
Gemma4-E4B,35,non_thinking,fisher_nearest,quality_slope_per_index,-0.28296516102954705,0.26729471247351294,-0.8068627974776325,0.24093247541853835,3
Gemma4-E4B,35,non_thinking,fisher_nearest,quality_spearman,-0.38181818181818183,0.22798765219662032,-0.8286739801235576,0.06503761648719397,3
Gemma4-E4B,35,non_thinking,fisher_nearest,late_8_10_minus_early_1_3,-1.7210576580624393,1.5150859537719195,-4.690626127455401,1.2485108113305228,3
Gemma4-E4B,35,non_thinking,logistic_f1,quality_slope_per_index,-0.07785430058157328,0.028719437900317637,-0.13414439886619584,-0.02156420229695071,3
Gemma4-E4B,35,non_thinking,logistic_f1,quality_spearman,-0.7753786953560957,0.28361569570348855,-1.3312654589349333,-0.21949193177725812,3
Gemma4-E4B,35,non_thinking,logistic_f1,late_8_10_minus_early_1_3,-0.5471380471380471,0.24497697324672132,-1.027292914701621,-0.06698317957447336,3
Gemma4-E4B,35,non_thinking,logistic_precision,quality_slope_per_index,-0.09828282828282824,0.03530951243376904,-0.16748947265301556,-0.029076183912640913,3
Gemma4-E4B,35,non_thinking,logistic_precision,quality_spearman,-0.7465254687430921,0.2810723660982674,-1.2974273062956962,-0.19562363119048798,3
Gemma4-E4B,35,non_thinking,logistic_precision,late_8_10_minus_early_1_3,-0.6944444444444444,0.2910413638055872,-1.2648855175033953,-0.12400337138549355,3
Gemma4-E4B,35,non_thinking,logistic_recall,quality_slope_per_index,-0.07474747474747469,0.031556564347097596,-0.13659834086778597,-0.012896608627163401,3
Gemma4-E4B,35,non_thinking,logistic_recall,quality_spearman,-0.6465081838352359,0.2227282778058682,-1.0830556083347376,-0.20996075933573422,3
Gemma4-E4B,35,non_thinking,logistic_recall,late_8_10_minus_early_1_3,-0.5555555555555556,0.2939723678960656,-1.1317413966318441,0.020630285520732983,3
Gemma4-E4B,35,non_thinking,mean_bhattacharyya,quality_slope_per_index,-1.868217151975789,1.401310482409653,-4.614785697498709,0.8783513935471305,3
Gemma4-E4B,35,non_thinking,mean_bhattacharyya,quality_spearman,0.06666666666666665,0.3244421802001572,-0.5692400065256414,0.7025733398589747,3
Gemma4-E4B,35,non_thinking,mean_bhattacharyya,late_8_10_minus_early_1_3,-10.629900753498077,7.302852428692923,-24.943491513736205,3.6836900067400506,3
Gemma4-E4B,35,non_thinking,min_bhattacharyya,quality_slope_per_index,-1.630353512547231,0.7878566574809546,-3.174552561209902,-0.08615446388456016,3
Gemma4-E4B,35,non_thinking,min_bhattacharyya,quality_spearman,-0.11009637651263605,0.16935157877876286,-0.44202547091901123,0.22183271789373915,3
Gemma4-E4B,35,non_thinking,min_bhattacharyya,late_8_10_minus_early_1_3,-9.95909853776296,4.4505111713011924,-18.6821004335133,-1.2360966420126225,3
Gemma4-E4B,35,non_thinking,nc2_class_cosine_deviation,quality_slope_per_index,-0.01590441859188239,0.00589044466445871,-0.027449690134221463,-0.004359147049543318,3
Gemma4-E4B,35,non_thinking,nc2_class_cosine_deviation,quality_spearman,-0.3939393939393939,0.1244024591381062,-0.6377682138500821,-0.15011057402870578,3
Gemma4-E4B,35,non_thinking,nc2_class_cosine_deviation,late_8_10_minus_early_1_3,-0.11564274936331881,0.05499324824834801,-0.22342951593008092,-0.007855982796556707,3
Gemma4-E4B,35,non_thinking,ncc_recall,quality_slope_per_index,-0.06868686868686862,0.033256722491220865,-0.13387004476966152,-0.0035036926040757227,3
Gemma4-E4B,35,non_thinking,ncc_recall,quality_spearman,-0.5310476489128454,0.26058956941063555,-1.041803204957691,-0.02029209286799971,3
Gemma4-E4B,35,non_thinking,ncc_recall,late_8_10_minus_early_1_3,-0.5555555555555556,0.2939723678960656,-1.1317413966318441,0.020630285520732983,3
Gemma4-E4B,35,non_thinking,silhouette_cosine,quality_slope_per_index,-0.061105287391127895,0.018955595918621455,-0.09825825539162594,-0.02395231939062984,3
Gemma4-E4B,35,non_thinking,silhouette_cosine,quality_spearman,-0.29696969696969694,0.16222109010007862,-0.6149230335658511,0.020983639626457162,3
Gemma4-E4B,35,non_thinking,silhouette_cosine,late_8_10_minus_early_1_3,-0.2966998467842738,0.18807945112405375,-0.6653355709874191,0.07193587741887153,3
Gemma4-E4B,35,non_thinking,within_trace,quality_slope_per_index,28.356141616358936,10.763428393000302,7.259821966078345,49.45246126663953,3
Gemma4-E4B,35,non_thinking,within_trace,quality_spearman,0.5515151515151515,0.07708599607409665,0.4004265992099221,0.702603703820381,3
Gemma4-E4B,35,non_thinking,within_trace,late_8_10_minus_early_1_3,213.1757202148438,83.0802941595825,50.33834366206213,376.0130967676255,3
Gemma4-E4B,35,native_thinking,centroid_nearest_squared,quality_slope_per_index,-73.61047802549402,6.909871933736918,-87.15382701561838,-60.06712903536966,3
Gemma4-E4B,35,native_thinking,centroid_nearest_squared,quality_spearman,0.024465861447252456,0.26154826971340356,-0.4881687471910185,0.5371004700855234,3
Gemma4-E4B,35,native_thinking,centroid_nearest_squared,late_8_10_minus_early_1_3,-458.6286710103353,46.97691497089137,-550.7034243532825,-366.55391766738825,3
Gemma4-E4B,35,native_thinking,class_nc1_ratio,quality_slope_per_index,0.0031439919060487764,0.06780467639307022,-0.12975317382436885,0.1360411576364664,3
Gemma4-E4B,35,native_thinking,class_nc1_ratio,quality_spearman,0.006060606060606061,0.3019239061376873,-0.585710249969261,0.5978314620904732,3
Gemma4-E4B,35,native_thinking,class_nc1_ratio,late_8_10_minus_early_1_3,0.2112485086146214,0.236003137468542,-0.25131764082372093,0.6738146580529638,3
Gemma4-E4B,35,native_thinking,fisher_nearest,quality_slope_per_index,-0.7005011626662407,4.426575580809474,-9.376589301052809,7.9755869757203275,3
Gemma4-E4B,35,native_thinking,fisher_nearest,quality_spearman,0.006060606060606061,0.27295912329785105,-0.528939275603182,0.5410604877243942,3
Gemma4-E4B,35,native_thinking,fisher_nearest,late_8_10_minus_early_1_3,-4.28822349554405,27.370528780012418,-57.93445990436839,49.358012913280284,3
Gemma4-E4B,35,native_thinking,logistic_f1,quality_slope_per_index,-0.00252525252525248,0.012619032722416332,-0.02725855666118849,0.02220805161068353,3
Gemma4-E4B,35,native_thinking,logistic_f1,quality_spearman,-0.03763993960049205,0.12146173277882262,-0.27570493584698436,0.20042505664600027,3
Gemma4-E4B,35,native_thinking,logistic_f1,late_8_10_minus_early_1_3,-0.09444444444444433,0.0706621630679219,-0.23294228405757125,0.04405339516868259,3
Gemma4-E4B,35,native_thinking,logistic_precision,quality_slope_per_index,0.0026262626262626566,0.013451167916119994,-0.02373802648933253,0.028990551741857846,3
Gemma4-E4B,35,native_thinking,logistic_precision,quality_spearman,0.04096732451993513,0.11420408599571301,-0.18287268403166237,0.26480733307153265,3
Gemma4-E4B,35,native_thinking,logistic_precision,late_8_10_minus_early_1_3,0.022222222222222143,0.07407407407407411,-0.12296296296296311,0.1674074074074074,3
Gemma4-E4B,35,native_thinking,logistic_recall,quality_slope_per_index,-0.014141414141414123,0.016161616161616182,-0.04581818181818184,0.0175353535353536,3
Gemma4-E4B,35,native_thinking,logistic_recall,quality_spearman,-0.2039650254375284,0.12881255348382073,-0.4564376302658171,0.04850757939076025,3
Gemma4-E4B,35,native_thinking,logistic_recall,late_8_10_minus_early_1_3,-0.22222222222222232,0.11111111111111116,-0.44000000000000017,-0.004444444444444445,3
Gemma4-E4B,35,native_thinking,mean_bhattacharyya,quality_slope_per_index,-1.7269557015261618,12.14226387521335,-25.525792896944328,22.071881493892004,3
Gemma4-E4B,35,native_thinking,mean_bhattacharyya,quality_spearman,0.01818181818181818,0.38441211772981965,-0.7352659325686283,0.7716295689322646,3
Gemma4-E4B,35,native_thinking,mean_bhattacharyya,late_8_10_minus_early_1_3,-10.55040028360155,78.58168927208553,-164.5705112568892,143.46971068968608,3
Gemma4-E4B,35,native_thinking,min_bhattacharyya,quality_slope_per_index,-1.426564548232336,1.7164234698883107,-4.790754549213425,1.9376254527487529,3
Gemma4-E4B,35,native_thinking,min_bhattacharyya,quality_spearman,0.07339758434175737,0.2182377643187203,-0.3543484337229344,0.5011436024064492,3
Gemma4-E4B,35,native_thinking,min_bhattacharyya,late_8_10_minus_early_1_3,-8.781374027331669,10.492776531629481,-29.347216029325452,11.784467974662114,3
Gemma4-E4B,35,native_thinking,nc2_class_cosine_deviation,quality_slope_per_index,0.00857263272715293,0.006153025606618137,-0.0034872974618186184,0.02063256291612448,3
Gemma4-E4B,35,native_thinking,nc2_class_cosine_deviation,quality_spearman,0.11515151515151514,0.042759617148518635,0.03134266554041862,0.19896036476261167,3
Gemma4-E4B,35,native_thinking,nc2_class_cosine_deviation,late_8_10_minus_early_1_3,0.03701822071838273,0.05662915657129963,-0.07397492616136454,0.14801136759813,3
Gemma4-E4B,35,native_thinking,ncc_recall,quality_slope_per_index,-0.04040404040404039,0.032512074625113276,-0.10412770666926241,0.023319625861181636,3
Gemma4-E4B,35,native_thinking,ncc_recall,quality_spearman,-0.27783625115549687,0.19154409767762384,-0.6532626826036396,0.09759018029264588,3
Gemma4-E4B,35,native_thinking,ncc_recall,late_8_10_minus_early_1_3,-0.2222222222222222,0.2222222222222222,-0.6577777777777778,0.21333333333333332,3
Gemma4-E4B,35,native_thinking,silhouette_cosine,quality_slope_per_index,-0.024150093667434834,0.023371124945543355,-0.06995749856069981,0.021657311225830145,3
Gemma4-E4B,35,native_thinking,silhouette_cosine,quality_spearman,0.006060606060606061,0.08397822097303646,-0.1585367070465454,0.17065791916775755,3
Gemma4-E4B,35,native_thinking,silhouette_cosine,late_8_10_minus_early_1_3,-0.1474980463584264,0.18569600865138614,-0.5114622233151432,0.21646613059829045,3
Gemma4-E4B,35,native_thinking,within_trace,quality_slope_per_index,-9.051630470969409,19.445991684519786,-47.16577417262819,29.062513230689376,3
Gemma4-E4B,35,native_thinking,within_trace,quality_spearman,0.09090909090909088,0.5740787147930951,-1.0342851900853756,1.2161033719035572,3
Gemma4-E4B,35,native_thinking,within_trace,late_8_10_minus_early_1_3,-40.59443664550781,129.31451784923232,-294.05089163000315,212.86201833898753,3
Gemma4-E4B,36,non_thinking,centroid_nearest_squared,quality_slope_per_index,-177.26070343942328,30.74831640262387,-237.52740358856607,-116.99400329028049,3
Gemma4-E4B,36,non_thinking,centroid_nearest_squared,quality_spearman,-0.37310438707059995,0.23503986371979688,-0.8337825199614018,0.08757374582020194,3
Gemma4-E4B,36,non_thinking,centroid_nearest_squared,late_8_10_minus_early_1_3,-1079.3577575683594,172.82907976535725,-1418.1027539084596,-740.6127612282592,3
Gemma4-E4B,36,non_thinking,class_nc1_ratio,quality_slope_per_index,0.14566250109753023,0.020470238729646928,0.10554083318742226,0.18578416900763822,3
Gemma4-E4B,36,non_thinking,class_nc1_ratio,quality_spearman,-0.10303030303030303,0.2939237734056276,-0.6791208989053331,0.47306029284472706,3
Gemma4-E4B,36,non_thinking,class_nc1_ratio,late_8_10_minus_early_1_3,1.7250552942544173,0.47811128353573834,0.7879571785243702,2.662153409984464,3
Gemma4-E4B,36,non_thinking,fisher_nearest,quality_slope_per_index,-0.25866988858598394,0.252409126071952,-0.7533917756870099,0.23605199851504194,3
Gemma4-E4B,36,non_thinking,fisher_nearest,quality_spearman,-0.41818181818181815,0.22913045460618703,-0.8672775092099447,0.03091387284630842,3
Gemma4-E4B,36,non_thinking,fisher_nearest,late_8_10_minus_early_1_3,-1.5624319411861387,1.4412218446139886,-4.387226756629556,1.2623628742572788,3
Gemma4-E4B,36,non_thinking,logistic_f1,quality_slope_per_index,-0.07583409856137123,0.030241658154116842,-0.13510774854344024,-0.016560448579302223,3
Gemma4-E4B,36,non_thinking,logistic_f1,quality_spearman,-0.6788335930269976,0.3138188306686814,-1.293918501137613,-0.06374868491638219,3
Gemma4-E4B,36,non_thinking,logistic_f1,late_8_10_minus_early_1_3,-0.5471380471380471,0.24497697324672132,-1.027292914701621,-0.06698317957447336,3
Gemma4-E4B,36,non_thinking,logistic_precision,quality_slope_per_index,-0.09626262626262617,0.036784507932105,-0.16836026180955196,-0.024164990715700385,3
Gemma4-E4B,36,non_thinking,logistic_precision,quality_spearman,-0.6746990849399864,0.311289271496997,-1.2848260570741004,-0.06457211280587238,3
Gemma4-E4B,36,non_thinking,logistic_precision,late_8_10_minus_early_1_3,-0.6944444444444444,0.2910413638055872,-1.2648855175033953,-0.12400337138549355,3
Gemma4-E4B,36,non_thinking,logistic_recall,quality_slope_per_index,-0.0727272727272727,0.0333792154380976,-0.13815053498594398,-0.007304010468601407,3
Gemma4-E4B,36,non_thinking,logistic_recall,quality_spearman,-0.583496799422756,0.24990965433482212,-1.0733197219190074,-0.09367387692650464,3
Gemma4-E4B,36,non_thinking,logistic_recall,late_8_10_minus_early_1_3,-0.5555555555555556,0.2939723678960656,-1.1317413966318441,0.020630285520732983,3
Gemma4-E4B,36,non_thinking,mean_bhattacharyya,quality_slope_per_index,-1.85059303803877,1.3406191005992487,-4.478206475213297,0.7770203991357574,3
Gemma4-E4B,36,non_thinking,mean_bhattacharyya,quality_spearman,0.04242424242424241,0.3223219503059253,-0.5893267801753712,0.6741752650238559,3
Gemma4-E4B,36,non_thinking,mean_bhattacharyya,late_8_10_minus_early_1_3,-10.445452963864364,6.954723329392438,-24.076710689473543,3.185804761744814,3
Gemma4-E4B,36,non_thinking,min_bhattacharyya,quality_slope_per_index,-1.5943938472054204,0.802592540681638,-3.1674752269414306,-0.021312467469410068,3
Gemma4-E4B,36,non_thinking,min_bhattacharyya,quality_spearman,-0.10366046366424772,0.1834690580506211,-0.4632598174434651,0.2559388901149696,3
Gemma4-E4B,36,non_thinking,min_bhattacharyya,late_8_10_minus_early_1_3,-9.678921381632486,4.45056149465058,-18.40202191114762,-0.9558208521173501,3
Gemma4-E4B,36,non_thinking,nc2_class_cosine_deviation,quality_slope_per_index,-0.016423332386918784,0.006197383392649693,-0.02857020383651218,-0.004276460937325387,3
Gemma4-E4B,36,non_thinking,nc2_class_cosine_deviation,quality_spearman,-0.5030303030303029,0.17199027599024452,-0.8401312439711822,-0.16592936208942366,3
Gemma4-E4B,36,non_thinking,nc2_class_cosine_deviation,late_8_10_minus_early_1_3,-0.11758588810179216,0.060326086910129285,-0.23582501844564557,0.0006532422420612444,3
Gemma4-E4B,36,non_thinking,ncc_recall,quality_slope_per_index,-0.06868686868686862,0.033256722491220865,-0.13387004476966152,-0.0035036926040757227,3
Gemma4-E4B,36,non_thinking,ncc_recall,quality_spearman,-0.5310476489128454,0.26058956941063555,-1.041803204957691,-0.02029209286799971,3
Gemma4-E4B,36,non_thinking,ncc_recall,late_8_10_minus_early_1_3,-0.5555555555555556,0.2939723678960656,-1.1317413966318441,0.020630285520732983,3
Gemma4-E4B,36,non_thinking,silhouette_cosine,quality_slope_per_index,-0.05776089055068556,0.019765413515217753,-0.09650110104051235,-0.019020680060858768,3
Gemma4-E4B,36,non_thinking,silhouette_cosine,quality_spearman,-0.29696969696969694,0.14019678038705027,-0.5717553865283155,-0.0221840074110784,3
Gemma4-E4B,36,non_thinking,silhouette_cosine,late_8_10_minus_early_1_3,-0.2740515395998955,0.21162659537071876,-0.6888396665265042,0.1407365873267133,3
Gemma4-E4B,36,non_thinking,within_trace,quality_slope_per_index,38.58373782995977,15.890856385542403,7.437659314296663,69.72981634562288,3
Gemma4-E4B,36,non_thinking,within_trace,quality_spearman,0.6848484848484848,0.14019678038705025,0.41006279528986633,0.9596341744071033,3
Gemma4-E4B,36,non_thinking,within_trace,late_8_10_minus_early_1_3,282.76719156901044,120.50348627889001,46.580358462386016,518.9540246756349,3
Gemma4-E4B,36,native_thinking,centroid_nearest_squared,quality_slope_per_index,-66.5386473915792,9.326830167629703,-84.81923452013342,-48.25806026302499,3
Gemma4-E4B,36,native_thinking,centroid_nearest_squared,quality_spearman,-0.0731720919982925,0.2015002293865524,-0.4681125415959352,0.3217683575993502,3
Gemma4-E4B,36,native_thinking,centroid_nearest_squared,late_8_10_minus_early_1_3,-419.39688491821283,56.42122055565566,-529.982477207298,-308.81129262912776,3
Gemma4-E4B,36,native_thinking,class_nc1_ratio,quality_slope_per_index,-0.029065190455920657,0.07596690025982404,-0.17796031496517578,0.11982993405333447,3
Gemma4-E4B,36,native_thinking,class_nc1_ratio,quality_spearman,-0.04242424242424241,0.2671559637142067,-0.5660499313040874,0.48120144645560264,3
Gemma4-E4B,36,native_thinking,class_nc1_ratio,late_8_10_minus_early_1_3,0.01721838470095749,0.1727053156219978,-0.32128403391815824,0.3557208033200732,3
Gemma4-E4B,36,native_thinking,fisher_nearest,quality_slope_per_index,-0.7292364729882961,4.762304265250715,-10.063352832879698,8.604879886903106,3
Gemma4-E4B,36,native_thinking,fisher_nearest,quality_spearman,-0.06666666666666665,0.19444378853359134,-0.4477764921925057,0.3144431588591724,3
Gemma4-E4B,36,native_thinking,fisher_nearest,late_8_10_minus_early_1_3,-4.476679028759172,29.642667999966232,-62.57630830869299,53.62295025117464,3
Gemma4-E4B,36,native_thinking,logistic_f1,quality_slope_per_index,-0.008080808080808063,0.016045080204303723,-0.03952916528124336,0.023367549119627233,3
Gemma4-E4B,36,native_thinking,logistic_f1,quality_spearman,-0.17792750455055614,0.2803342959570665,-0.7273827246264065,0.3715277155252942,3
Gemma4-E4B,36,native_thinking,logistic_f1,late_8_10_minus_early_1_3,-0.13809523809523816,0.09974071253289465,-0.3335870346597117,0.05739655846923536,3
Gemma4-E4B,36,native_thinking,logistic_precision,quality_slope_per_index,0.001010101010101008,0.010513464643768363,-0.019596289691684983,0.021616491711887002,3
Gemma4-E4B,36,native_thinking,logistic_precision,quality_spearman,0.1102873504228824,0.09034376651170749,-0.06678643194006428,0.2873611327858291,3
Gemma4-E4B,36,native_thinking,logistic_precision,late_8_10_minus_early_1_3,-0.03333333333333344,0.11834478006422564,-0.26528910225921565,0.1986224355925488,3
Gemma4-E4B,36,native_thinking,logistic_recall,quality_slope_per_index,-0.02020202020202017,0.019896682427870876,-0.05919951776064708,0.018795477356606746,3
Gemma4-E4B,36,native_thinking,logistic_recall,quality_spearman,-0.272474630456533,0.17988786919283203,-0.6250548540744838,0.0801055931614178,3
Gemma4-E4B,36,native_thinking,logistic_recall,late_8_10_minus_early_1_3,-0.22222222222222232,0.11111111111111116,-0.44000000000000017,-0.004444444444444445,3
Gemma4-E4B,36,native_thinking,mean_bhattacharyya,quality_slope_per_index,-1.5685710068302892,12.456629099505921,-25.983564041861896,22.846422028201317,3
Gemma4-E4B,36,native_thinking,mean_bhattacharyya,quality_spearman,-0.16363636363636364,0.37276970002976306,-0.8942649756946992,0.566992248421972,3
Gemma4-E4B,36,native_thinking,mean_bhattacharyya,late_8_10_minus_early_1_3,-9.707388160405339,80.86669661479785,-168.2061135254091,148.79133720459842,3
Gemma4-E4B,36,native_thinking,min_bhattacharyya,quality_slope_per_index,-1.3280305689934504,1.6415509464628373,-4.545470424060611,1.8894092860737104,3
Gemma4-E4B,36,native_thinking,min_bhattacharyya,quality_spearman,0.03048837166595521,0.18269016233216506,-0.32758434650508833,0.3885610898369987,3
Gemma4-E4B,36,native_thinking,min_bhattacharyya,late_8_10_minus_early_1_3,-8.208270678917568,10.319985933651038,-28.435443108873603,12.018901751038467,3
Gemma4-E4B,36,native_thinking,nc2_class_cosine_deviation,quality_slope_per_index,0.008374484938113274,0.005895036558530206,-0.0031797867166059295,0.019928756592832476,3
Gemma4-E4B,36,native_thinking,nc2_class_cosine_deviation,quality_spearman,0.06666666666666665,0.13004829850045316,-0.18822799839422155,0.32156133172755486,3
Gemma4-E4B,36,native_thinking,nc2_class_cosine_deviation,late_8_10_minus_early_1_3,0.034814600422671704,0.05628771058569424,-0.075509312325289,0.14513851317063242,3
Gemma4-E4B,36,native_thinking,ncc_recall,quality_slope_per_index,-0.06464646464646462,0.01989668242787094,-0.10364396220509166,-0.02564896708783758,3
Gemma4-E4B,36,native_thinking,ncc_recall,quality_spearman,-0.5784339708089926,0.15420924700341407,-0.8806840949356842,-0.27618384668230106,3
Gemma4-E4B,36,native_thinking,ncc_recall,late_8_10_minus_early_1_3,-0.4444444444444444,0.11111111111111112,-0.6622222222222223,-0.22666666666666663,3
Gemma4-E4B,36,native_thinking,silhouette_cosine,quality_slope_per_index,-0.028502597592093632,0.03444559437427515,-0.09601596256567292,0.039010767381485664,3
Gemma4-E4B,36,native_thinking,silhouette_cosine,quality_spearman,0.006060606060606061,0.08397822097303646,-0.1585367070465454,0.17065791916775755,3
Gemma4-E4B,36,native_thinking,silhouette_cosine,late_8_10_minus_early_1_3,-0.17848583062489826,0.26143469137570013,-0.6908978257212706,0.333926164471474,3
Gemma4-E4B,36,native_thinking,within_trace,quality_slope_per_index,-16.637499445134903,23.003978261465566,-61.72529683760742,28.450297947337607,3
Gemma4-E4B,36,native_thinking,within_trace,quality_spearman,-0.04242424242424241,0.5178656960003915,-1.0574410065850097,0.9725925217365249,3
Gemma4-E4B,36,native_thinking,within_trace,late_8_10_minus_early_1_3,-104.29523722330725,137.20121659815536,-373.2096217556917,164.61914730907722,3
Gemma4-E4B,37,non_thinking,centroid_nearest_squared,quality_slope_per_index,-181.75454993970442,31.02048264401475,-242.55469592197332,-120.95440395743552,3
Gemma4-E4B,37,non_thinking,centroid_nearest_squared,quality_spearman,-0.37310438707059995,0.25398347847711733,-0.8709120048857499,0.12470323074455003,3
Gemma4-E4B,37,non_thinking,centroid_nearest_squared,late_8_10_minus_early_1_3,-1108.5547103881836,171.46611600741355,-1444.628297762714,-772.4811230136531,3
Gemma4-E4B,37,non_thinking,class_nc1_ratio,quality_slope_per_index,0.1385734388694526,0.02325863239714605,0.09298651937104632,0.18416035836785885,3
Gemma4-E4B,37,non_thinking,class_nc1_ratio,quality_spearman,-0.12727272727272726,0.27295912329785105,-0.6622726089365154,0.40772715439106083,3
Gemma4-E4B,37,non_thinking,class_nc1_ratio,late_8_10_minus_early_1_3,1.6291316356638947,0.44744210773519055,0.7521451045029213,2.5061181668248684,3
Gemma4-E4B,37,non_thinking,fisher_nearest,quality_slope_per_index,-0.24482338973468204,0.2253303110886134,-0.6864707994683643,0.19682401999900023,3
Gemma4-E4B,37,non_thinking,fisher_nearest,quality_spearman,-0.3939393939393939,0.2186302910459585,-0.8224547643894726,0.034575976510684725,3
Gemma4-E4B,37,non_thinking,fisher_nearest,late_8_10_minus_early_1_3,-1.482407300713641,1.2495484953199347,-3.9315223515407127,0.9667077501134309,3
Gemma4-E4B,37,non_thinking,logistic_f1,quality_slope_per_index,-0.07643097643097638,0.02924903505954651,-0.13375908514768753,-0.01910286771426522,3
Gemma4-E4B,37,non_thinking,logistic_f1,quality_spearman,-0.648649304898973,0.30819763824164714,-1.2527166758526014,-0.0445819339453446,3
Gemma4-E4B,37,non_thinking,logistic_f1,late_8_10_minus_early_1_3,-0.537037037037037,0.2416885425981714,-1.0107465805294529,-0.06332749354462103,3
Gemma4-E4B,37,non_thinking,logistic_precision,quality_slope_per_index,-0.0966329966329966,0.03583240516503514,-0.16686451075646547,-0.026401482509527716,3
Gemma4-E4B,37,non_thinking,logistic_precision,quality_spearman,-0.644304294902921,0.3057443080899166,-1.2435631387591575,-0.04504545104668445,3
Gemma4-E4B,37,non_thinking,logistic_precision,late_8_10_minus_early_1_3,-0.6851851851851852,0.28966743938802814,-1.2529333663857205,-0.11743700398465007,3
Gemma4-E4B,37,non_thinking,logistic_recall,quality_slope_per_index,-0.07474747474747472,0.03362286257998635,-0.14064828540424795,-0.008846664090701478,3
Gemma4-E4B,37,non_thinking,logistic_recall,quality_spearman,-0.5894698868260765,0.25949965158485194,-1.0980892039323864,-0.08085056971976667,3
Gemma4-E4B,37,non_thinking,logistic_recall,late_8_10_minus_early_1_3,-0.5555555555555556,0.2939723678960656,-1.1317413966318441,0.020630285520732983,3
Gemma4-E4B,37,non_thinking,mean_bhattacharyya,quality_slope_per_index,-1.8236377958496786,1.2646489130782057,-4.302349665482962,0.6550740737836047,3
Gemma4-E4B,37,non_thinking,mean_bhattacharyya,quality_spearman,-0.006060606060606061,0.305471647215124,-0.6047850346022491,0.5926638224810369,3
Gemma4-E4B,37,non_thinking,mean_bhattacharyya,late_8_10_minus_early_1_3,-10.357597340036323,6.393139776105152,-22.88815130120242,2.172956621129776,3
Gemma4-E4B,37,non_thinking,min_bhattacharyya,quality_slope_per_index,-1.5608748735803526,0.769531046245976,-3.0691557242224654,-0.05259402293823956,3
Gemma4-E4B,37,non_thinking,min_bhattacharyya,quality_spearman,-0.10366046366424772,0.1737978208811757,-0.4443041925913521,0.23698326526285665,3
Gemma4-E4B,37,non_thinking,min_bhattacharyya,late_8_10_minus_early_1_3,-9.490099589029949,4.237131232067709,-17.79487680388266,-1.1853223741772396,3
Gemma4-E4B,37,non_thinking,nc2_class_cosine_deviation,quality_slope_per_index,-0.01692363340595756,0.005944521957089276,-0.028574896441852543,-0.005272370370062578,3
Gemma4-E4B,37,non_thinking,nc2_class_cosine_deviation,quality_spearman,-0.4787878787878787,0.15606632659254915,-0.784677878909275,-0.17289787866648237,3
Gemma4-E4B,37,non_thinking,nc2_class_cosine_deviation,late_8_10_minus_early_1_3,-0.12095866084420753,0.05956558476503213,-0.2377072069836705,-0.004210114704744555,3
Gemma4-E4B,37,non_thinking,ncc_recall,quality_slope_per_index,-0.06868686868686862,0.033256722491220865,-0.13387004476966152,-0.0035036926040757227,3
Gemma4-E4B,37,non_thinking,ncc_recall,quality_spearman,-0.5310476489128454,0.26058956941063555,-1.041803204957691,-0.02029209286799971,3
Gemma4-E4B,37,non_thinking,ncc_recall,late_8_10_minus_early_1_3,-0.5555555555555556,0.2939723678960656,-1.1317413966318441,0.020630285520732983,3
Gemma4-E4B,37,non_thinking,silhouette_cosine,quality_slope_per_index,-0.05662734634948493,0.019831318765199384,-0.09549673112927573,-0.017757961569694135,3
Gemma4-E4B,37,non_thinking,silhouette_cosine,quality_spearman,-0.29696969696969694,0.13996370162172747,-0.5712985521482827,-0.022640841791111088,3
Gemma4-E4B,37,non_thinking,silhouette_cosine,late_8_10_minus_early_1_3,-0.2681451439857483,0.21268962825579854,-0.6850168153671135,0.14872652739561681,3
Gemma4-E4B,37,non_thinking,within_trace,quality_slope_per_index,46.35811471650093,18.673922879589462,9.757225872505586,82.95900356049627,3
Gemma4-E4B,37,non_thinking,within_trace,quality_spearman,0.6969696969696969,0.1330268899648835,0.4362369926385253,0.9577024013008686,3
Gemma4-E4B,37,non_thinking,within_trace,late_8_10_minus_early_1_3,330.9178771972656,133.71669533550832,68.8331543396693,593.0026000548619,3
Gemma4-E4B,37,native_thinking,centroid_nearest_squared,quality_slope_per_index,-58.92669312448197,9.324055788559498,-77.20184247005858,-40.651543778905356,3
Gemma4-E4B,37,native_thinking,centroid_nearest_squared,quality_spearman,-0.14679516868351475,0.2520044204441776,-0.6407238327541028,0.3471334953870733,3
Gemma4-E4B,37,native_thinking,centroid_nearest_squared,late_8_10_minus_early_1_3,-369.77186203002924,56.95785148819238,-481.4092509468863,-258.1344731131722,3
Gemma4-E4B,37,native_thinking,class_nc1_ratio,quality_slope_per_index,-0.052563330269047186,0.07200971494297119,-0.1937023715572707,0.08857571101917633,3
Gemma4-E4B,37,native_thinking,class_nc1_ratio,quality_spearman,-0.07878787878787878,0.24336517731516114,-0.5557836263255946,0.39820786874983705,3
Gemma4-E4B,37,native_thinking,class_nc1_ratio,late_8_10_minus_early_1_3,-0.09287851661101332,0.013308590488938099,-0.118963353969332,-0.06679367925269464,3
Gemma4-E4B,37,native_thinking,fisher_nearest,quality_slope_per_index,-0.7834547861035069,5.807812490867058,-12.16676726820294,10.599857695995928,3
Gemma4-E4B,37,native_thinking,fisher_nearest,quality_spearman,-0.17575757575757575,0.21516811241526215,-0.5974870760914895,0.24597192457633807,3
Gemma4-E4B,37,native_thinking,fisher_nearest,late_8_10_minus_early_1_3,-4.804687790641044,36.232648927906276,-75.82067968933734,66.21130410805526,3
Gemma4-E4B,37,native_thinking,logistic_f1,quality_slope_per_index,-0.03634439634439636,0.015856145654756678,-0.06742244182771945,-0.005266350861073271,3
Gemma4-E4B,37,native_thinking,logistic_f1,quality_spearman,-0.40980317924147863,0.041644469877493234,-0.4914263402013654,-0.3281800182815919,3
Gemma4-E4B,37,native_thinking,logistic_f1,late_8_10_minus_early_1_3,-0.22169312169312183,0.14385697540292605,-0.503652793482857,0.06026655009661325,3
Gemma4-E4B,37,native_thinking,logistic_precision,quality_slope_per_index,-0.021717171717171708,0.031244267349347554,-0.08295593572189291,0.03952159228754949,3
Gemma4-E4B,37,native_thinking,logistic_precision,quality_spearman,-0.3015892444226438,0.22600113085823095,-0.7445514609047765,0.1413729720594889,3
Gemma4-E4B,37,native_thinking,logistic_precision,late_8_10_minus_early_1_3,-0.13888888888888906,0.2555555555555555,-0.6397777777777778,0.36199999999999966,3
Gemma4-E4B,37,native_thinking,logistic_recall,quality_slope_per_index,-0.03434343434343433,0.008805856451597323,-0.05160291298856508,-0.017083955698303576,3
Gemma4-E4B,37,native_thinking,logistic_recall,quality_spearman,-0.3467313578382388,0.0140992668617948,-0.3743659208873566,-0.31909679478912095,3
Gemma4-E4B,37,native_thinking,logistic_recall,late_8_10_minus_early_1_3,-0.2222222222222222,0.11111111111111112,-0.44,-0.0044444444444444176,3
Gemma4-E4B,37,native_thinking,mean_bhattacharyya,quality_slope_per_index,-1.4552417516909035,13.077538153483717,-27.087216532518987,24.176733029137182,3
Gemma4-E4B,37,native_thinking,mean_bhattacharyya,quality_spearman,-0.16363636363636364,0.34121684574896827,-0.8324213813043415,0.5051486540316141,3
Gemma4-E4B,37,native_thinking,mean_bhattacharyya,late_8_10_minus_early_1_3,-9.035858753654692,86.42825408755522,-178.4352367652629,160.36351925795356,3
Gemma4-E4B,37,native_thinking,min_bhattacharyya,quality_slope_per_index,-1.2437932110193979,1.620822475981949,-4.420605263944018,1.9330188419052219,3
Gemma4-E4B,37,native_thinking,min_bhattacharyya,quality_spearman,-0.269124475919777,0.15852790074137155,-0.5798391613728653,0.04159020953331122,3
Gemma4-E4B,37,native_thinking,min_bhattacharyya,late_8_10_minus_early_1_3,-7.672818799813588,10.298896304106423,-27.858655555862175,12.513017956235,3
Gemma4-E4B,37,native_thinking,nc2_class_cosine_deviation,quality_slope_per_index,0.009057720071851114,0.005115609509953639,-0.0009688745676580193,0.019084314711360247,3
Gemma4-E4B,37,native_thinking,nc2_class_cosine_deviation,quality_spearman,0.09090909090909088,0.17722595716736408,-0.25645378513894274,0.4382719669571245,3
Gemma4-E4B,37,native_thinking,nc2_class_cosine_deviation,late_8_10_minus_early_1_3,0.04820884098854572,0.05230962561718301,-0.05431802522113298,0.15073570719822443,3
Gemma4-E4B,37,native_thinking,ncc_recall,quality_slope_per_index,-0.05858585858585852,0.024576818304235252,-0.1067564224621596,-0.010415294709557425,3
Gemma4-E4B,37,native_thinking,ncc_recall,quality_spearman,-0.5212262154542572,0.13893623820651627,-0.7935412423390291,-0.2489111885694853,3
Gemma4-E4B,37,native_thinking,ncc_recall,late_8_10_minus_early_1_3,-0.4444444444444444,0.11111111111111112,-0.6622222222222223,-0.22666666666666663,3
Gemma4-E4B,37,native_thinking,silhouette_cosine,quality_slope_per_index,-0.027741998163136473,0.03232802287043583,-0.0911049229891907,0.03562092666291775,3
Gemma4-E4B,37,native_thinking,silhouette_cosine,quality_spearman,-0.04242424242424241,0.10567027741916786,-0.2495379861658114,0.16468950131732657,3
Gemma4-E4B,37,native_thinking,silhouette_cosine,late_8_10_minus_early_1_3,-0.1761837949355443,0.2466845274174983,-0.6596854686738409,0.30731787880275235,3
Gemma4-E4B,37,native_thinking,within_trace,quality_slope_per_index,-17.330141888242718,19.190290648162804,-54.94311155864182,20.282827782156378,3
Gemma4-E4B,37,native_thinking,within_trace,quality_spearman,-0.13939393939393938,0.4523087505181908,-1.0259190904095934,0.7471312116217146,3
Gemma4-E4B,37,native_thinking,within_trace,late_8_10_minus_early_1_3,-113.43647003173828,113.28407368308132,-335.47325445057766,108.6003143871011,3
Gemma4-E4B,38,non_thinking,centroid_nearest_squared,quality_slope_per_index,-189.78967636570766,34.7027894501426,-257.80714368798715,-121.77220904342816,3
Gemma4-E4B,38,non_thinking,centroid_nearest_squared,quality_spearman,-0.37310438707059995,0.27028480233145014,-0.9028625996402422,0.15665382549904233,3
Gemma4-E4B,38,non_thinking,centroid_nearest_squared,late_8_10_minus_early_1_3,-1157.0008951822917,198.02613366078484,-1545.13211715743,-768.8696732071535,3
Gemma4-E4B,38,non_thinking,class_nc1_ratio,quality_slope_per_index,0.169672364134535,0.018918626687368743,0.13259185582729224,0.20675287244177773,3
Gemma4-E4B,38,non_thinking,class_nc1_ratio,quality_spearman,-0.12727272727272726,0.24496980026220794,-0.6074135357866548,0.3528680812412003,3
Gemma4-E4B,38,non_thinking,class_nc1_ratio,late_8_10_minus_early_1_3,1.9445071124535471,0.3970705861606857,1.1662487635786032,2.722765461328491,3
Gemma4-E4B,38,non_thinking,fisher_nearest,quality_slope_per_index,-0.2366364292570677,0.2001537442313553,-0.628937767950524,0.15566490943638864,3
Gemma4-E4B,38,non_thinking,fisher_nearest,quality_spearman,-0.3939393939393939,0.21425573468384404,-0.8138806339197282,0.026001846040940413,3
Gemma4-E4B,38,non_thinking,fisher_nearest,late_8_10_minus_early_1_3,-1.434577973604214,1.0846476743026414,-3.5604874152373913,0.6913314680289633,3
Gemma4-E4B,38,non_thinking,logistic_f1,quality_slope_per_index,-0.05022344658708289,0.01005664280329868,-0.0699344664815483,-0.030512426692617473,3
Gemma4-E4B,38,non_thinking,logistic_f1,quality_spearman,-0.26628760937957835,0.2314705703827382,-0.7199699273297452,0.1873947085705885,3
Gemma4-E4B,38,non_thinking,logistic_f1,late_8_10_minus_early_1_3,-0.3272727272727273,0.09341201203963925,-0.5103602708704202,-0.14418518367503438,3
Gemma4-E4B,38,non_thinking,logistic_precision,quality_slope_per_index,-0.05126262626262621,0.007094716331887363,-0.06516827027312544,-0.03735698225212698,3
Gemma4-E4B,38,non_thinking,logistic_precision,quality_spearman,-0.26628760937957835,0.2314705703827382,-0.7199699273297452,0.1873947085705885,3
Gemma4-E4B,38,non_thinking,logistic_precision,late_8_10_minus_early_1_3,-0.3273809523809524,0.06321588965792868,-0.4512840961104926,-0.20347780865141218,3
Gemma4-E4B,38,non_thinking,logistic_recall,quality_slope_per_index,-0.04848484848484842,0.019482122749480704,-0.0866698090738306,-0.010299887895866243,3
Gemma4-E4B,38,non_thinking,logistic_recall,quality_spearman,-0.3120938919661796,0.222762465694058,-0.7487083247265333,0.12452054079417407,3
Gemma4-E4B,38,non_thinking,logistic_recall,late_8_10_minus_early_1_3,-0.3333333333333333,0.19245008972987526,-0.7105355092038887,0.043868842537222175,3
Gemma4-E4B,38,non_thinking,mean_bhattacharyya,quality_slope_per_index,-1.819482056781496,1.267846273799906,-4.304460753429312,0.6654966398663198,3
Gemma4-E4B,38,non_thinking,mean_bhattacharyya,quality_spearman,-0.0303030303030303,0.2949218196508227,-0.6083497968186428,0.5477437362125822,3
Gemma4-E4B,38,non_thinking,mean_bhattacharyya,late_8_10_minus_early_1_3,-10.380438420507643,6.460280219008314,-23.042587649763938,2.2817108087486524,3
Gemma4-E4B,38,non_thinking,min_bhattacharyya,quality_slope_per_index,-1.5317839998187417,0.7607065647324113,-3.0227688666942676,-0.04079913294321558,3
Gemma4-E4B,38,non_thinking,min_bhattacharyya,quality_spearman,-0.12766016417281356,0.18478381809669325,-0.4898364476423323,0.23451611929670518,3
Gemma4-E4B,38,non_thinking,min_bhattacharyya,late_8_10_minus_early_1_3,-9.338871796925863,4.1720300862466715,-17.51605076596934,-1.161692827882387,3
Gemma4-E4B,38,non_thinking,nc2_class_cosine_deviation,quality_slope_per_index,-0.017796533775271618,0.005307907918692474,-0.028200033295908866,-0.007393034254634369,3
Gemma4-E4B,38,non_thinking,nc2_class_cosine_deviation,quality_spearman,-0.4787878787878787,0.1650147705588859,-0.8022168290832951,-0.15535892849246236,3
Gemma4-E4B,38,non_thinking,nc2_class_cosine_deviation,late_8_10_minus_early_1_3,-0.12743459114567246,0.055234102691644325,-0.23569343242129534,-0.01917574987004958,3
Gemma4-E4B,38,non_thinking,ncc_recall,quality_slope_per_index,-0.054545454545454494,0.021851825911902982,-0.09737503333278434,-0.011715875758124647,3
Gemma4-E4B,38,non_thinking,ncc_recall,quality_spearman,-0.3152978464418549,0.1385447631521249,-0.5868455822200197,-0.043750110663690056,3
Gemma4-E4B,38,non_thinking,ncc_recall,late_8_10_minus_early_1_3,-0.44444444444444436,0.22222222222222218,-0.8799999999999999,-0.00888888888888889,3
Gemma4-E4B,38,non_thinking,silhouette_cosine,quality_slope_per_index,-0.05616968906286982,0.0190299603899487,-0.09346841142716927,-0.01887096669857037,3
Gemma4-E4B,38,non_thinking,silhouette_cosine,quality_spearman,-0.29696969696969694,0.13996370162172747,-0.5712985521482827,-0.022640841791111088,3
Gemma4-E4B,38,non_thinking,silhouette_cosine,late_8_10_minus_early_1_3,-0.27494189143180847,0.19682749583419623,-0.6607237832668331,0.11084000040321612,3
Gemma4-E4B,38,non_thinking,within_trace,quality_slope_per_index,49.52296401515152,20.347122810110463,9.642603307335015,89.40332472296802,3
Gemma4-E4B,38,non_thinking,within_trace,quality_spearman,0.7212121212121211,0.11903773626388872,0.48789815813489923,0.9545260842893429,3
Gemma4-E4B,38,non_thinking,within_trace,late_8_10_minus_early_1_3,347.93176269531244,142.0045811878078,69.6027835672092,626.2607418234156,3
Gemma4-E4B,38,native_thinking,centroid_nearest_squared,quality_slope_per_index,-44.61517440333498,11.227491912166567,-66.62105855118145,-22.609290255488514,3
Gemma4-E4B,38,native_thinking,centroid_nearest_squared,quality_spearman,0.03658604599914625,0.17208458518917444,-0.30069974097163565,0.3738718329699281,3
Gemma4-E4B,38,native_thinking,centroid_nearest_squared,late_8_10_minus_early_1_3,-279.58965174357104,65.50485103963794,-407.9791597812614,-151.20014370588066,3
Gemma4-E4B,38,native_thinking,class_nc1_ratio,quality_slope_per_index,-0.049440218209942585,0.07414639593018857,-0.1947671542331122,0.09588671781322701,3
Gemma4-E4B,38,native_thinking,class_nc1_ratio,quality_spearman,-0.0303030303030303,0.2569392015448023,-0.5339038653308428,0.4732978047247822,3
Gemma4-E4B,38,native_thinking,class_nc1_ratio,late_8_10_minus_early_1_3,0.027513632782334874,0.1450561736401032,-0.2567964675522674,0.3118237331169372,3
Gemma4-E4B,38,native_thinking,fisher_nearest,quality_slope_per_index,-0.7938491029950343,5.660849880249927,-11.88911486828489,10.301416662294821,3
Gemma4-E4B,38,native_thinking,fisher_nearest,quality_spearman,0.01818181818181818,0.15353535353535352,-0.2827474747474747,0.31911111111111107,3
Gemma4-E4B,38,native_thinking,fisher_nearest,late_8_10_minus_early_1_3,-4.867469285664487,35.41591077722358,-74.2826544090227,64.54771583769373,3
Gemma4-E4B,38,native_thinking,logistic_f1,quality_slope_per_index,-0.013544973544973513,0.013630667638572009,-0.04026108211657465,0.013171135026627624,3
Gemma4-E4B,38,native_thinking,logistic_f1,quality_spearman,-0.18521694664415903,0.17050434196290631,-0.5194054568914553,0.14897156360313732,3
Gemma4-E4B,38,native_thinking,logistic_f1,late_8_10_minus_early_1_3,-0.15661375661375665,0.07066216306792197,-0.2951115962268837,-0.01811591700062959,3
Gemma4-E4B,38,native_thinking,logistic_precision,quality_slope_per_index,0.011616161616161585,0.013353893612829546,-0.014557469864984325,0.0377897930973075,3
Gemma4-E4B,38,native_thinking,logistic_precision,quality_spearman,0.2819141839907698,0.1403351195782107,0.0068573496174768045,0.5569710183640628,3
Gemma4-E4B,38,native_thinking,logistic_precision,late_8_10_minus_early_1_3,-0.05555555555555569,0.04899539464934436,-0.15158652906827064,0.040475417957159254,3
Gemma4-E4B,38,native_thinking,logistic_recall,quality_slope_per_index,-0.028282828282828257,0.014567883941268678,-0.056835880807714866,0.000270224242058352,3
Gemma4-E4B,38,native_thinking,logistic_recall,quality_spearman,-0.3158168135806891,0.12807606401392393,-0.56684589904798,-0.06478772811339817,3
Gemma4-E4B,38,native_thinking,logistic_recall,late_8_10_minus_early_1_3,-0.22222222222222232,0.11111111111111116,-0.44000000000000017,-0.004444444444444445,3
Gemma4-E4B,38,native_thinking,mean_bhattacharyya,quality_slope_per_index,-1.2945998400951442,11.36790096058258,-23.575685722837,20.98648604264671,3
Gemma4-E4B,38,native_thinking,mean_bhattacharyya,quality_spearman,-0.16363636363636364,0.30311110033957256,-0.7577341203019259,0.43046139302919856,3
Gemma4-E4B,38,native_thinking,mean_bhattacharyya,late_8_10_minus_early_1_3,-8.07541772171303,75.42218888945703,-155.9029079450488,139.75207250162276,3
Gemma4-E4B,38,native_thinking,min_bhattacharyya,quality_slope_per_index,-1.0299824879024946,1.3973752854280235,-3.7688380473414202,1.7088730715364313,3
Gemma4-E4B,38,native_thinking,min_bhattacharyya,quality_spearman,0.03658604599914625,0.11976174443926844,-0.1981469731018199,0.2713190651001124,3
Gemma4-E4B,38,native_thinking,min_bhattacharyya,late_8_10_minus_early_1_3,-6.361465523640315,8.963296698778356,-23.92952705324589,11.20659600596526,3
Gemma4-E4B,38,native_thinking,nc2_class_cosine_deviation,quality_slope_per_index,0.01064971458240704,0.005312624906890146,0.00023696976490235507,0.021062459399911727,3
Gemma4-E4B,38,native_thinking,nc2_class_cosine_deviation,quality_spearman,0.07878787878787878,0.1848015616327963,-0.2834231820124019,0.4409989395881595,3
Gemma4-E4B,38,native_thinking,nc2_class_cosine_deviation,late_8_10_minus_early_1_3,0.06291791531468122,0.05666976735714326,-0.04815482870531958,0.173990659334682,3
Gemma4-E4B,38,native_thinking,ncc_recall,quality_slope_per_index,-0.044444444444444405,0.007283941970634325,-0.058720970706887685,-0.030167918182001128,3
Gemma4-E4B,38,native_thinking,ncc_recall,quality_spearman,-0.32098333762097836,0.07315155314928222,-0.46436038179357153,-0.17760629344838522,3
Gemma4-E4B,38,native_thinking,ncc_recall,late_8_10_minus_early_1_3,-0.3333333333333333,0.0,-0.3333333333333333,-0.3333333333333333,3
Gemma4-E4B,38,native_thinking,silhouette_cosine,quality_slope_per_index,-0.024341789520147986,0.032147123513117874,-0.08735015160585902,0.03866657256556305,3
Gemma4-E4B,38,native_thinking,silhouette_cosine,quality_spearman,-0.04242424242424241,0.09929863214096574,-0.23704956142053527,0.15220107657205043,3
Gemma4-E4B,38,native_thinking,silhouette_cosine,late_8_10_minus_early_1_3,-0.15737304091453552,0.2455599487943651,-0.6386705405514912,0.3239244587224201,3
Gemma4-E4B,38,native_thinking,within_trace,quality_slope_per_index,-18.298542045824394,18.729877580392454,-55.0091021033936,18.412018011744816,3
Gemma4-E4B,38,native_thinking,within_trace,quality_spearman,-0.19999999999999998,0.3647122132168649,-0.9148359379050552,0.5148359379050553,3
Gemma4-E4B,38,native_thinking,within_trace,late_8_10_minus_early_1_3,-124.65280405680346,108.18221311939571,-336.689941770819,87.38433365721212,3
Gemma4-E4B,39,non_thinking,centroid_nearest_squared,quality_slope_per_index,-194.4974377718837,39.79235018127945,-272.49044412719144,-116.50443141657598,3
Gemma4-E4B,39,non_thinking,centroid_nearest_squared,quality_spearman,-0.6299959322667508,0.35727697764892413,-1.330258808458642,0.07026694392514055,3
Gemma4-E4B,39,non_thinking,centroid_nearest_squared,late_8_10_minus_early_1_3,-1182.8425674438477,228.93604784983006,-1631.5572212295147,-734.1279136581808,3
Gemma4-E4B,39,non_thinking,class_nc1_ratio,quality_slope_per_index,0.14378765351607814,0.013302620540703407,0.11771451725629946,0.1698607897758568,3
Gemma4-E4B,39,non_thinking,class_nc1_ratio,quality_spearman,-0.12727272727272726,0.2530983396099527,-0.6233454729082346,0.36880001836278004,3
Gemma4-E4B,39,non_thinking,class_nc1_ratio,late_8_10_minus_early_1_3,1.6584746327459674,0.2597856707998244,1.1492947179783117,2.167654547513623,3
Gemma4-E4B,39,non_thinking,fisher_nearest,quality_slope_per_index,-0.19882948814566753,0.1599378457914582,-0.5123076658969257,0.11464868960559055,3
Gemma4-E4B,39,non_thinking,fisher_nearest,quality_spearman,-0.3939393939393939,0.19054264440487426,-0.7674029769729475,-0.020475810905840386,3
Gemma4-E4B,39,non_thinking,fisher_nearest,late_8_10_minus_early_1_3,-1.1951843335334222,0.8670481922050548,-2.89459879025533,0.5042301231884851,3
Gemma4-E4B,39,non_thinking,logistic_f1,quality_slope_per_index,-0.04435524071887701,0.008007177956836278,-0.06004930951427612,-0.028661171923477908,3
Gemma4-E4B,39,non_thinking,logistic_f1,quality_spearman,-0.1874873733122184,0.14622031766991955,-0.4740791959452607,0.09910444932082393,3
Gemma4-E4B,39,non_thinking,logistic_f1,late_8_10_minus_early_1_3,-0.3272727272727273,0.09154526514475707,-0.5067014469564511,-0.14784400758900348,3
Gemma4-E4B,39,non_thinking,logistic_precision,quality_slope_per_index,-0.04570707070707064,0.007321509917808034,-0.06005723014597439,-0.03135691126816689,3
Gemma4-E4B,39,non_thinking,logistic_precision,quality_spearman,-0.1874873733122184,0.15565986273805277,-0.49258070427880185,0.11760595765436502,3
Gemma4-E4B,39,non_thinking,logistic_precision,late_8_10_minus_early_1_3,-0.3273809523809524,0.06041021365583952,-0.4457849711463978,-0.20897693361550693,3
Gemma4-E4B,39,non_thinking,logistic_recall,quality_slope_per_index,-0.042424242424242364,0.015252190778324742,-0.07231853634975885,-0.012529948498725872,3
Gemma4-E4B,39,non_thinking,logistic_recall,quality_spearman,-0.24120907566221086,0.16647344266269712,-0.5674970232810972,0.08507887195667549,3
Gemma4-E4B,39,non_thinking,logistic_recall,late_8_10_minus_early_1_3,-0.3333333333333333,0.19245008972987526,-0.7105355092038887,0.043868842537222175,3
Gemma4-E4B,39,non_thinking,mean_bhattacharyya,quality_slope_per_index,-1.707301998941181,1.0688040103071381,-3.802157859143172,0.3875538612608098,3
Gemma4-E4B,39,non_thinking,mean_bhattacharyya,quality_spearman,-0.006060606060606061,0.31556564347097593,-0.6245692672637189,0.6124480551425067,3
Gemma4-E4B,39,non_thinking,mean_bhattacharyya,late_8_10_minus_early_1_3,-9.83287296471772,5.549821033516264,-20.7105221904096,1.0447762609741567,3
Gemma4-E4B,39,non_thinking,min_bhattacharyya,quality_slope_per_index,-1.3643741347573,0.6024122253235176,-2.5451020963913944,-0.18364617312320553,3
Gemma4-E4B,39,non_thinking,min_bhattacharyya,quality_spearman,-0.12766016417281356,0.16935157877876286,-0.45958925857918875,0.20426893023356163,3
Gemma4-E4B,39,non_thinking,min_bhattacharyya,late_8_10_minus_early_1_3,-8.296269337336222,3.240017939717295,-14.646704499182121,-1.9458341754903232,3
Gemma4-E4B,39,non_thinking,nc2_class_cosine_deviation,quality_slope_per_index,-0.018012285932725726,0.005225330389069487,-0.02825393349530192,-0.007770638370149532,3
Gemma4-E4B,39,non_thinking,nc2_class_cosine_deviation,quality_spearman,-0.6727272727272726,0.16795644194607295,-1.0019218989415757,-0.3435326465129696,3
Gemma4-E4B,39,non_thinking,nc2_class_cosine_deviation,late_8_10_minus_early_1_3,-0.12376968656118514,0.055502711672702404,-0.23255500143968186,-0.01498437168268843,3
Gemma4-E4B,39,non_thinking,ncc_recall,quality_slope_per_index,-0.054545454545454494,0.021851825911902982,-0.09737503333278434,-0.011715875758124647,3
Gemma4-E4B,39,non_thinking,ncc_recall,quality_spearman,-0.3152978464418549,0.1385447631521249,-0.5868455822200197,-0.043750110663690056,3
Gemma4-E4B,39,non_thinking,ncc_recall,late_8_10_minus_early_1_3,-0.44444444444444436,0.22222222222222218,-0.8799999999999999,-0.00888888888888889,3
Gemma4-E4B,39,non_thinking,silhouette_cosine,quality_slope_per_index,-0.051693411306901346,0.01708970275373846,-0.08518922870422872,-0.01819759390957397,3
Gemma4-E4B,39,non_thinking,silhouette_cosine,quality_spearman,-0.32121212121212117,0.16873222640663516,-0.651927284969126,0.00950304254488371,3
Gemma4-E4B,39,non_thinking,silhouette_cosine,late_8_10_minus_early_1_3,-0.2503160238265991,0.17778297945825564,-0.5987706635647801,0.0981386159115819,3
Gemma4-E4B,39,non_thinking,within_trace,quality_slope_per_index,57.576185376716346,27.59418886423695,3.491575202811923,111.66079555062078,3
Gemma4-E4B,39,non_thinking,within_trace,quality_spearman,0.7818181818181817,0.15353535353535344,0.48088888888888903,1.0827474747474746,3
Gemma4-E4B,39,non_thinking,within_trace,late_8_10_minus_early_1_3,393.73610432942706,187.4909145970835,26.25391171914339,761.2182969397107,3
Gemma4-E4B,39,native_thinking,centroid_nearest_squared,quality_slope_per_index,-20.12189516009692,4.559544369487847,-29.0586021242931,-11.18518819590074,3
Gemma4-E4B,39,native_thinking,centroid_nearest_squared,quality_spearman,0.09146511499786562,0.05691162710978305,-0.020081674137309158,0.2030119041330404,3
Gemma4-E4B,39,native_thinking,centroid_nearest_squared,late_8_10_minus_early_1_3,-129.45061238606763,30.355376618422184,-188.9471505581751,-69.95407421396015,3
Gemma4-E4B,39,native_thinking,class_nc1_ratio,quality_slope_per_index,-0.024036347189780725,0.11396119573690813,-0.24740029083412066,0.1993275964545592,3
Gemma4-E4B,39,native_thinking,class_nc1_ratio,quality_spearman,0.006060606060606061,0.263464087061028,-0.5103290045790088,0.522450216700221,3
Gemma4-E4B,39,native_thinking,class_nc1_ratio,late_8_10_minus_early_1_3,0.17333517125819675,0.4332959415859498,-0.6759248742502648,1.0225952167666583,3
Gemma4-E4B,39,native_thinking,fisher_nearest,quality_slope_per_index,-0.8149214514503356,5.900952523240908,-12.380788397002513,10.750945494101844,3
Gemma4-E4B,39,native_thinking,fisher_nearest,quality_spearman,0.07878787878787878,0.08888888888888888,-0.09543434343434341,0.25301010101010096,3
Gemma4-E4B,39,native_thinking,fisher_nearest,late_8_10_minus_early_1_3,-4.996980574325145,37.27151223255071,-78.04914455012454,68.05518340147424,3
Gemma4-E4B,39,native_thinking,logistic_f1,quality_slope_per_index,0.033982683982684,0.03787504688459828,-0.04025240791112862,0.10821777587649663,3
Gemma4-E4B,39,native_thinking,logistic_f1,quality_spearman,0.3877381965848981,0.2743459717358546,-0.14997990801737698,0.9254563011871733,3
Gemma4-E4B,39,native_thinking,logistic_f1,late_8_10_minus_early_1_3,0.21904761904761905,0.33655285713952576,-0.4405959809458514,0.8786912190410895,3
Gemma4-E4B,39,native_thinking,logistic_precision,quality_slope_per_index,0.032727272727272744,0.0447849419923712,-0.0550512135777748,0.12050575903232029,3
Gemma4-E4B,39,native_thinking,logistic_precision,quality_spearman,0.3814398284627892,0.3095319923433065,-0.2252428765300915,0.9881225334556698,3
Gemma4-E4B,39,native_thinking,logistic_precision,late_8_10_minus_early_1_3,0.1333333333333333,0.3665731268639592,-0.5851499953200268,0.8518166619866934,3
Gemma4-E4B,39,native_thinking,logistic_recall,quality_slope_per_index,0.026262626262626303,0.030168049541551684,-0.032866750838815004,0.0853920033640676,3
Gemma4-E4B,39,native_thinking,logistic_recall,quality_spearman,0.29536374926961084,0.2027801897002669,-0.10208542254291225,0.6928129210821339,3
Gemma4-E4B,39,native_thinking,logistic_recall,late_8_10_minus_early_1_3,0.2222222222222222,0.2939723678960656,-0.35396361885406635,0.7984080632985108,3
Gemma4-E4B,39,native_thinking,mean_bhattacharyya,quality_slope_per_index,-1.0704327991514466,9.70480643040096,-20.091853402737332,17.950987804434437,3
Gemma4-E4B,39,native_thinking,mean_bhattacharyya,quality_spearman,-0.16363636363636364,0.23848653839795883,-0.631069978896363,0.3037972516236357,3
Gemma4-E4B,39,native_thinking,mean_bhattacharyya,late_8_10_minus_early_1_3,-6.719160456348346,65.61084628066882,-135.3164191664592,121.87809825376253,3
Gemma4-E4B,39,native_thinking,min_bhattacharyya,quality_slope_per_index,-0.8702852908408983,1.0963323719827056,-3.0190967399270012,1.2785261582452043,3
Gemma4-E4B,39,native_thinking,min_bhattacharyya,quality_spearman,0.03658604599914625,0.06118955155495067,-0.08334547504855706,0.15651756704684955,3
Gemma4-E4B,39,native_thinking,min_bhattacharyya,late_8_10_minus_early_1_3,-5.371873448292415,7.1700708359506145,-19.42521228675562,8.68146539017079,3
Gemma4-E4B,39,native_thinking,nc2_class_cosine_deviation,quality_slope_per_index,0.01269941448139599,0.005643678303576663,0.0016378050063857313,0.02376102395640625,3
Gemma4-E4B,39,native_thinking,nc2_class_cosine_deviation,quality_spearman,0.16363636363636364,0.1848015616327963,-0.19857469716391707,0.5258474244366443,3
Gemma4-E4B,39,native_thinking,nc2_class_cosine_deviation,late_8_10_minus_early_1_3,0.08127377953365011,0.06010303416126007,-0.03652816742241961,0.19907572648971983,3
Gemma4-E4B,39,native_thinking,ncc_recall,quality_slope_per_index,-0.04646464646464644,0.008805856451597347,-0.06372412510977724,-0.029205167819515637,3
Gemma4-E4B,39,native_thinking,ncc_recall,quality_spearman,-0.3178208630818641,0.07782767700395248,-0.47036311000961095,-0.16527861615411724,3
Gemma4-E4B,39,native_thinking,ncc_recall,late_8_10_minus_early_1_3,-0.3333333333333333,0.0,-0.3333333333333333,-0.3333333333333333,3
Gemma4-E4B,39,native_thinking,silhouette_cosine,quality_slope_per_index,-0.021052605229796698,0.03075031288826113,-0.08132321849078851,0.039218008031195115,3
Gemma4-E4B,39,native_thinking,silhouette_cosine,quality_spearman,-0.04242424242424241,0.1835606738036452,-0.402203163079387,0.3173546782309022,3
Gemma4-E4B,39,native_thinking,silhouette_cosine,late_8_10_minus_early_1_3,-0.13799645751714706,0.24735962672177242,-0.6228213258918209,0.34682841085752686,3
Gemma4-E4B,39,native_thinking,within_trace,quality_slope_per_index,-19.289956526322747,14.337429533214964,-47.39131841142408,8.811405358778583,3
Gemma4-E4B,39,native_thinking,within_trace,quality_spearman,-0.23636363636363633,0.26642168116096215,-0.7585501314391221,0.2858228587118494,3
Gemma4-E4B,39,native_thinking,within_trace,late_8_10_minus_early_1_3,-136.0927708943684,76.67990799215866,-286.38539055899935,14.199848770262548,3
Gemma4-E4B,40,non_thinking,centroid_nearest_squared,quality_slope_per_index,-205.24145637280995,46.04185671558373,-295.48349553535405,-114.99941721026585,3
Gemma4-E4B,40,non_thinking,centroid_nearest_squared,quality_spearman,-0.6177630015431245,0.35727697764892413,-1.3180258777350158,0.08249987464876685,3
Gemma4-E4B,40,non_thinking,centroid_nearest_squared,late_8_10_minus_early_1_3,-1246.7813466389973,271.5470451630354,-1779.0135551585468,-714.5491381194479,3
Gemma4-E4B,40,non_thinking,class_nc1_ratio,quality_slope_per_index,0.11959475406892218,0.04366215300276387,0.034016934183505,0.20517257395433935,3
Gemma4-E4B,40,non_thinking,class_nc1_ratio,quality_spearman,-0.10303030303030303,0.2993173200396304,-0.6896922503079786,0.4836316442473726,3
Gemma4-E4B,40,non_thinking,class_nc1_ratio,late_8_10_minus_early_1_3,1.4519124975922602,0.4271408699588893,0.6147163924728372,2.289108602711683,3
Gemma4-E4B,40,non_thinking,fisher_nearest,quality_slope_per_index,-0.2102405267762987,0.19243402184227004,-0.587411209587148,0.16693015603455055,3
Gemma4-E4B,40,non_thinking,fisher_nearest,quality_spearman,-0.3696969696969697,0.19611573494160156,-0.7540838101825087,0.01468987078856937,3
Gemma4-E4B,40,non_thinking,fisher_nearest,late_8_10_minus_early_1_3,-1.2560314504327474,1.1643205375980747,-3.538099704124974,1.026036803259479,3
Gemma4-E4B,40,non_thinking,logistic_f1,quality_slope_per_index,-0.05022344658708289,0.009611508723304168,-0.06906200368475905,-0.03138488948940672,3
Gemma4-E4B,40,non_thinking,logistic_f1,quality_spearman,-0.26628760937957835,0.22803177638508407,-0.7132298910943431,0.1806546723351864,3
Gemma4-E4B,40,non_thinking,logistic_f1,late_8_10_minus_early_1_3,-0.3272727272727273,0.09154526514475707,-0.5067014469564511,-0.14784400758900348,3
Gemma4-E4B,40,non_thinking,logistic_precision,quality_slope_per_index,-0.05126262626262621,0.006541351889336509,-0.06408367596572577,-0.03844157655952665,3
Gemma4-E4B,40,non_thinking,logistic_precision,quality_spearman,-0.26628760937957835,0.22803177638508407,-0.7132298910943431,0.1806546723351864,3
Gemma4-E4B,40,non_thinking,logistic_precision,late_8_10_minus_early_1_3,-0.3273809523809524,0.06041021365583952,-0.4457849711463978,-0.20897693361550693,3
Gemma4-E4B,40,non_thinking,logistic_recall,quality_slope_per_index,-0.04848484848484842,0.019482122749480704,-0.0866698090738306,-0.010299887895866243,3
Gemma4-E4B,40,non_thinking,logistic_recall,quality_spearman,-0.3120938919661796,0.222762465694058,-0.7487083247265333,0.12452054079417407,3
Gemma4-E4B,40,non_thinking,logistic_recall,late_8_10_minus_early_1_3,-0.3333333333333333,0.19245008972987526,-0.7105355092038887,0.043868842537222175,3
Gemma4-E4B,40,non_thinking,mean_bhattacharyya,quality_slope_per_index,-1.8578074085190612,1.0988161767608653,-4.0114871149703575,0.2958722979322348,3
Gemma4-E4B,40,non_thinking,mean_bhattacharyya,quality_spearman,-0.0303030303030303,0.30224814883660667,-0.6227094020227794,0.5621033414167188,3
Gemma4-E4B,40,non_thinking,mean_bhattacharyya,late_8_10_minus_early_1_3,-10.81299516448268,6.011562231368469,-22.595657137964878,0.9696668089995182,3
Gemma4-E4B,40,non_thinking,min_bhattacharyya,quality_slope_per_index,-1.4199750340346118,0.5682709939174302,-2.5337861821127747,-0.3061638859564486,3
Gemma4-E4B,40,non_thinking,min_bhattacharyya,quality_spearman,-0.12195348666382085,0.14109993999591233,-0.39850936905580897,0.1546023957281673,3
Gemma4-E4B,40,non_thinking,min_bhattacharyya,late_8_10_minus_early_1_3,-8.599178890387217,3.4396050344321134,-15.340804757874158,-1.8575530229002748,3
Gemma4-E4B,40,non_thinking,nc2_class_cosine_deviation,quality_slope_per_index,-0.01661409584472979,0.005522642392953395,-0.027438474934918442,-0.005789716754541135,3
Gemma4-E4B,40,non_thinking,nc2_class_cosine_deviation,quality_spearman,-0.6121212121212121,0.08551923429703724,-0.779738911343405,-0.44450351289901907,3
Gemma4-E4B,40,non_thinking,nc2_class_cosine_deviation,late_8_10_minus_early_1_3,-0.10636093145343684,0.05595887997555471,-0.21604033620552407,0.0033184732986503984,3
Gemma4-E4B,40,non_thinking,ncc_recall,quality_slope_per_index,-0.054545454545454494,0.021851825911902982,-0.09737503333278434,-0.011715875758124647,3
Gemma4-E4B,40,non_thinking,ncc_recall,quality_spearman,-0.3152978464418549,0.1385447631521249,-0.5868455822200197,-0.043750110663690056,3
Gemma4-E4B,40,non_thinking,ncc_recall,late_8_10_minus_early_1_3,-0.44444444444444436,0.22222222222222218,-0.8799999999999999,-0.00888888888888889,3
Gemma4-E4B,40,non_thinking,silhouette_cosine,quality_slope_per_index,-0.049347375965479584,0.021071156623304114,-0.09064684294715564,-0.008047908983803524,3
Gemma4-E4B,40,non_thinking,silhouette_cosine,quality_spearman,-0.23636363636363633,0.16873222640663516,-0.5670788001206413,0.09435152739336855,3
Gemma4-E4B,40,non_thinking,silhouette_cosine,late_8_10_minus_early_1_3,-0.23519138991832733,0.21187574117876798,-0.6504678426287125,0.18008506279205788,3
Gemma4-E4B,40,non_thinking,within_trace,quality_slope_per_index,53.97306888464723,28.988007886254127,-2.8434265724108556,110.78956434170533,3
Gemma4-E4B,40,non_thinking,within_trace,quality_spearman,0.7575757575757575,0.14612639450525344,0.47116802434546073,1.0439834908060541,3
Gemma4-E4B,40,non_thinking,within_trace,late_8_10_minus_early_1_3,374.57876586914057,206.8670283907781,-30.880609776784524,780.0381415150657,3
Gemma4-E4B,40,native_thinking,centroid_nearest_squared,quality_slope_per_index,37.50311799482877,15.121142656686677,7.865678387722884,67.14055760193466,3
Gemma4-E4B,40,native_thinking,centroid_nearest_squared,quality_spearman,0.08536744066467457,0.042245927012382216,0.002565423720405427,0.1681694576089437,3
Gemma4-E4B,40,native_thinking,centroid_nearest_squared,late_8_10_minus_early_1_3,221.77164840698242,98.78503638412957,28.15297709408847,415.3903197198764,3
Gemma4-E4B,40,native_thinking,class_nc1_ratio,quality_slope_per_index,-0.026087997317528477,0.0839975657920041,-0.1907232262698565,0.13854723163479954,3
Gemma4-E4B,40,native_thinking,class_nc1_ratio,quality_spearman,0.006060606060606061,0.24603373491132655,-0.47616551436559396,0.48828672648680604,3
Gemma4-E4B,40,native_thinking,class_nc1_ratio,late_8_10_minus_early_1_3,0.21059190820219698,0.2811847166782989,-0.34053013648726893,0.7617139528916629,3
Gemma4-E4B,40,native_thinking,fisher_nearest,quality_slope_per_index,-0.892537809345215,6.462048424070611,-13.558152720523612,11.77307710183318,3
Gemma4-E4B,40,native_thinking,fisher_nearest,quality_spearman,-0.0303030303030303,0.13449145031994533,-0.2939062729301231,0.23330021232406253,3
Gemma4-E4B,40,native_thinking,fisher_nearest,late_8_10_minus_early_1_3,-5.471936691552373,41.13178006106995,-86.09022561124948,75.14635222814474,3
Gemma4-E4B,40,native_thinking,logistic_f1,quality_slope_per_index,0.035411255411255435,0.04003331605782348,-0.04305404406207859,0.11387655488458946,3
Gemma4-E4B,40,native_thinking,logistic_f1,quality_spearman,0.34172038829896173,0.29940705798003636,-0.24511744534190955,0.928558221939833,3
Gemma4-E4B,40,native_thinking,logistic_f1,late_8_10_minus_early_1_3,0.24285714285714288,0.36318964954463007,-0.4689945702503321,0.9547088559646179,3
Gemma4-E4B,40,native_thinking,logistic_precision,quality_slope_per_index,0.030303030303030314,0.05201230149326513,-0.07164108062376932,0.13224714122982995,3
Gemma4-E4B,40,native_thinking,logistic_precision,quality_spearman,0.3212510468732027,0.37545703264267544,-0.4146447371064411,1.0571468308528464,3
Gemma4-E4B,40,native_thinking,logistic_precision,late_8_10_minus_early_1_3,0.16666666666666674,0.46407274393117287,-0.742915911438432,1.0762492447717655,3
Gemma4-E4B,40,native_thinking,logistic_recall,quality_slope_per_index,0.02828282828282833,0.03057120394024558,-0.03163673144005301,0.08820238800570966,3
Gemma4-E4B,40,native_thinking,logistic_recall,quality_spearman,0.3632995072753773,0.23271354489283527,-0.0928190407145798,0.8194180552653344,3
Gemma4-E4B,40,native_thinking,logistic_recall,late_8_10_minus_early_1_3,0.2222222222222222,0.2939723678960656,-0.35396361885406635,0.7984080632985108,3
Gemma4-E4B,40,native_thinking,mean_bhattacharyya,quality_slope_per_index,-0.8079443335131737,8.133745375095023,-16.75008526869942,15.134196601673072,3
Gemma4-E4B,40,native_thinking,mean_bhattacharyya,quality_spearman,-0.12727272727272726,0.2105666944775011,-0.5399834484486294,0.28543799390317487,3
Gemma4-E4B,40,native_thinking,mean_bhattacharyya,late_8_10_minus_early_1_3,-5.05525885798313,56.112150760272236,-115.03507434811671,104.92455663215044,3
Gemma4-E4B,40,native_thinking,min_bhattacharyya,quality_slope_per_index,-0.6258117291060339,0.3940998707617682,-1.3982474757990997,0.1466240175870318,3
Gemma4-E4B,40,native_thinking,min_bhattacharyya,quality_spearman,-0.024390697332764166,0.1202814635761518,-0.26014236594202167,0.21136097127649336,3
Gemma4-E4B,40,native_thinking,min_bhattacharyya,late_8_10_minus_early_1_3,-3.8867947955926256,2.6816119062782025,-9.142754131897902,1.3691645407126511,3
Gemma4-E4B,40,native_thinking,nc2_class_cosine_deviation,quality_slope_per_index,0.010992121043675314,0.006602747071990175,-0.0019492632174254298,0.02393350530477606,3
Gemma4-E4B,40,native_thinking,nc2_class_cosine_deviation,quality_spearman,0.11515151515151514,0.14019678038705027,-0.1596341744071034,0.3899372047101337,3
Gemma4-E4B,40,native_thinking,nc2_class_cosine_deviation,late_8_10_minus_early_1_3,0.07338655592850696,0.061341280935749,-0.04684235470556107,0.193615466562575,3
Gemma4-E4B,40,native_thinking,ncc_recall,quality_slope_per_index,-0.03434343434343431,0.005344952143564828,-0.044819540544821374,-0.023867328142047246,3
Gemma4-E4B,40,native_thinking,ncc_recall,quality_spearman,-0.2876404837611323,0.018944572011969463,-0.3247718449045925,-0.25050912261767216,3
Gemma4-E4B,40,native_thinking,ncc_recall,late_8_10_minus_early_1_3,-0.2222222222222222,0.11111111111111112,-0.44,-0.0044444444444444176,3
Gemma4-E4B,40,native_thinking,silhouette_cosine,quality_slope_per_index,-0.0144044416871937,0.025440367046921594,-0.06426756109916001,0.03545867772477262,3
Gemma4-E4B,40,native_thinking,silhouette_cosine,quality_spearman,-0.04242424242424241,0.19410767110245356,-0.4228752777850514,0.33802679293656657,3
Gemma4-E4B,40,native_thinking,silhouette_cosine,late_8_10_minus_early_1_3,-0.0931613768140475,0.20126681595891058,-0.48764433609351227,0.30132158246541724,3
Gemma4-E4B,40,native_thinking,within_trace,quality_slope_per_index,-21.04481594201284,11.756997934619807,-44.08853189386766,1.9989000098419822,3
Gemma4-E4B,40,native_thinking,within_trace,quality_spearman,-0.18787878787878787,0.22755762166187832,-0.6338917263360694,0.25813415057849365,3
Gemma4-E4B,40,native_thinking,within_trace,late_8_10_minus_early_1_3,-140.75896453857422,64.13125125315148,-266.4562169947511,-15.061712082397335,3
Gemma4-E4B,41,non_thinking,centroid_nearest_squared,quality_slope_per_index,-201.89074124422928,66.60213924709213,-332.4309341685298,-71.35054831992872,3
Gemma4-E4B,41,non_thinking,centroid_nearest_squared,quality_spearman,-0.717845449393623,0.49774811816230363,-1.6934317609917382,0.2577408622044921,3
Gemma4-E4B,41,non_thinking,centroid_nearest_squared,late_8_10_minus_early_1_3,-1224.7952919006348,396.84983227648905,-2002.6209631625534,-446.96962063871626,3
Gemma4-E4B,41,non_thinking,class_nc1_ratio,quality_slope_per_index,0.08408967491177918,0.05457229533216734,-0.022872023939268807,0.19105137376282716,3
Gemma4-E4B,41,non_thinking,class_nc1_ratio,quality_spearman,0.04242424242424241,0.22408767068867952,-0.3967875921255694,0.48163607697405425,3
Gemma4-E4B,41,non_thinking,class_nc1_ratio,late_8_10_minus_early_1_3,1.120776868327552,0.4375481374613384,0.2631825189033288,1.9783712177517754,3
Gemma4-E4B,41,non_thinking,fisher_nearest,quality_slope_per_index,-0.19804023548437996,0.15582905204947223,-0.5034651775013456,0.10738470653258561,3
Gemma4-E4B,41,non_thinking,fisher_nearest,quality_spearman,-0.5636363636363636,0.23917007817290895,-1.032409716855265,-0.09486301041746209,3
Gemma4-E4B,41,non_thinking,fisher_nearest,late_8_10_minus_early_1_3,-1.1718582186882427,0.8336828905630642,-2.8058766841918485,0.46216024681536316,3
Gemma4-E4B,41,non_thinking,logistic_f1,quality_slope_per_index,-0.04860728497092127,0.010009914707642856,-0.06822671779790127,-0.02898785214394127,3
Gemma4-E4B,41,non_thinking,logistic_f1,quality_spearman,-0.26628760937957835,0.21217857267402687,-0.682157611820671,0.14958239306151433,3
Gemma4-E4B,41,non_thinking,logistic_f1,late_8_10_minus_early_1_3,-0.3198653198653199,0.09799078929868854,-0.5119272668907494,-0.12780337283989038,3
Gemma4-E4B,41,non_thinking,logistic_precision,quality_slope_per_index,-0.04924242424242417,0.006908513309320936,-0.0627831103286932,-0.03570173815615514,3
Gemma4-E4B,41,non_thinking,logistic_precision,quality_spearman,-0.26628760937957835,0.21217857267402687,-0.682157611820671,0.14958239306151433,3
Gemma4-E4B,41,non_thinking,logistic_precision,late_8_10_minus_early_1_3,-0.3194444444444444,0.06676946806414794,-0.4503126018501744,-0.18857628703871446,3
Gemma4-E4B,41,non_thinking,logistic_recall,quality_slope_per_index,-0.04848484848484842,0.019482122749480704,-0.0866698090738306,-0.010299887895866243,3
Gemma4-E4B,41,non_thinking,logistic_recall,quality_spearman,-0.3120938919661796,0.222762465694058,-0.7487083247265333,0.12452054079417407,3
Gemma4-E4B,41,non_thinking,logistic_recall,late_8_10_minus_early_1_3,-0.3333333333333333,0.19245008972987526,-0.7105355092038887,0.043868842537222175,3
Gemma4-E4B,41,non_thinking,mean_bhattacharyya,quality_slope_per_index,-1.5820833299296442,0.9578355242152403,-3.4594409573915152,0.2952742975322269,3
Gemma4-E4B,41,non_thinking,mean_bhattacharyya,quality_spearman,-0.006060606060606061,0.2642065894831809,-0.5239055214476406,0.5117843093264284,3
Gemma4-E4B,41,non_thinking,mean_bhattacharyya,late_8_10_minus_early_1_3,-8.952702696676608,4.997792749040782,-18.74837648479654,0.8429710914433244,3
Gemma4-E4B,41,non_thinking,min_bhattacharyya,quality_slope_per_index,-1.2208420377789106,0.4443186899166793,-2.091706670015602,-0.34997740554221923,3
Gemma4-E4B,41,non_thinking,min_bhattacharyya,quality_spearman,-0.2317116246612596,0.1726095844335693,-0.5700264101510555,0.10660316082853621,3
Gemma4-E4B,41,non_thinking,min_bhattacharyya,late_8_10_minus_early_1_3,-7.346544285615286,2.586455919055593,-12.415997886964249,-2.277090684266324,3
Gemma4-E4B,41,non_thinking,nc2_class_cosine_deviation,quality_slope_per_index,-0.01785793366712711,0.008460029864583858,-0.03443959220171147,-0.001276275132542748,3
Gemma4-E4B,41,non_thinking,nc2_class_cosine_deviation,quality_spearman,-0.6121212121212121,0.14019678038705022,-0.8869069016798306,-0.33733552256259364,3
Gemma4-E4B,41,non_thinking,nc2_class_cosine_deviation,late_8_10_minus_early_1_3,-0.11452905520980755,0.07106625542870836,-0.25381891585007593,0.02476080543046083,3
Gemma4-E4B,41,non_thinking,ncc_recall,quality_slope_per_index,-0.044444444444444384,0.01653606620580294,-0.07685513420781814,-0.012033754681070624,3
Gemma4-E4B,41,non_thinking,ncc_recall,quality_spearman,-0.24967511357294367,0.18752232985138043,-0.6172188800816493,0.11786865293576196,3
Gemma4-E4B,41,non_thinking,ncc_recall,late_8_10_minus_early_1_3,-0.3333333333333333,0.19245008972987526,-0.7105355092038887,0.043868842537222175,3
Gemma4-E4B,41,non_thinking,silhouette_cosine,quality_slope_per_index,-0.04671636268948056,0.0070874869692943215,-0.06060783714929743,-0.03282488822966369,3
Gemma4-E4B,41,non_thinking,silhouette_cosine,quality_spearman,-0.12727272727272726,0.09527132220243713,-0.31400451878950403,0.05945906424404951,3
Gemma4-E4B,41,non_thinking,silhouette_cosine,late_8_10_minus_early_1_3,-0.20909695327281952,0.0978458384570618,-0.40087479664866066,-0.017319109896978407,3
Gemma4-E4B,41,non_thinking,within_trace,quality_slope_per_index,53.80280854196253,30.652499215810618,-6.2760899210262835,113.88170700495134,3
Gemma4-E4B,41,non_thinking,within_trace,quality_spearman,0.7575757575757575,0.05827153576507461,0.6433635474762113,0.8717879676753036,3
Gemma4-E4B,41,non_thinking,within_trace,late_8_10_minus_early_1_3,360.4668172200521,191.66568611560484,-15.197927566533338,736.1315620066375,3
Gemma4-E4B,41,native_thinking,centroid_nearest_squared,quality_slope_per_index,140.42470293912035,50.68872193219636,41.07480795201549,239.77459792622523,3
Gemma4-E4B,41,native_thinking,centroid_nearest_squared,quality_spearman,0.08536744066467457,0.1367433374483871,-0.18264950073416414,0.35338438206351325,3
Gemma4-E4B,41,native_thinking,centroid_nearest_squared,late_8_10_minus_early_1_3,851.7074127197266,312.0605676001495,240.06870022343355,1463.3461252160196,3
Gemma4-E4B,41,native_thinking,class_nc1_ratio,quality_slope_per_index,0.006786637598826419,0.06284964744114244,-0.11639867138581275,0.1299719465834656,3
Gemma4-E4B,41,native_thinking,class_nc1_ratio,quality_spearman,-0.0303030303030303,0.17996814102076836,-0.38304058670373625,0.3224345260976757,3
Gemma4-E4B,41,native_thinking,class_nc1_ratio,late_8_10_minus_early_1_3,0.45971247659132164,0.34996435502317774,-0.22621765925410675,1.14564261243675,3
Gemma4-E4B,41,native_thinking,fisher_nearest,quality_slope_per_index,-0.5910676691961245,3.9537909878405917,-8.340498005363685,7.158362666971435,3
Gemma4-E4B,41,native_thinking,fisher_nearest,quality_spearman,-0.07878787878787878,0.08436611320331758,-0.2441454606663812,0.08656970309062366,3
Gemma4-E4B,41,native_thinking,fisher_nearest,late_8_10_minus_early_1_3,-3.6290751234629264,25.19892422206974,-53.018966598719615,45.760816351793764,3
Gemma4-E4B,41,native_thinking,logistic_f1,quality_slope_per_index,-0.008358913813459207,0.032239400898703155,-0.07154813957491739,0.05483031194799897,3
Gemma4-E4B,41,native_thinking,logistic_f1,quality_spearman,-0.05504818825631803,0.22836947765952545,-0.5026523644689879,0.3925559879563518,3
Gemma4-E4B,41,native_thinking,logistic_f1,late_8_10_minus_early_1_3,-0.04285714285714304,0.2939723678960657,-0.6190429839334317,0.5333286982191456,3
Gemma4-E4B,41,native_thinking,logistic_precision,quality_slope_per_index,0.011363636363636393,0.03920839772744823,-0.06548482318216214,0.08821209590943493,3
Gemma4-E4B,41,native_thinking,logistic_precision,quality_spearman,0.09765202827810447,0.27741282552500646,-0.4460771097509082,0.6413811663071172,3
Gemma4-E4B,41,native_thinking,logistic_precision,late_8_10_minus_early_1_3,0.0,0.4006168083848877,-0.7852089444343799,0.7852089444343799,3
Gemma4-E4B,41,native_thinking,logistic_recall,quality_slope_per_index,-0.01616161616161611,0.02381783055060926,-0.06284456404081026,0.03052133171757804,3
Gemma4-E4B,41,native_thinking,logistic_recall,quality_spearman,-0.16448792373994225,0.1524013130229203,-0.463194497264866,0.1342186497849815,3
Gemma4-E4B,41,native_thinking,logistic_recall,late_8_10_minus_early_1_3,0.0,0.19245008972987526,-0.3772021758705555,0.3772021758705555,3
Gemma4-E4B,41,native_thinking,mean_bhattacharyya,quality_slope_per_index,-0.500354071397972,4.780164430089796,-9.86947635437397,8.868768211578027,3
Gemma4-E4B,41,native_thinking,mean_bhattacharyya,quality_spearman,-0.16363636363636364,0.23182203293383516,-0.6180075481866805,0.29073482091395325,3
Gemma4-E4B,41,native_thinking,mean_bhattacharyya,late_8_10_minus_early_1_3,-3.135058392529137,32.54564296128015,-66.92451859663824,60.65440181157996,3
Gemma4-E4B,41,native_thinking,min_bhattacharyya,quality_slope_per_index,-0.3941729316205671,0.6529386216415328,-1.6739326300379713,0.8855867667968371,3
Gemma4-E4B,41,native_thinking,min_bhattacharyya,quality_spearman,-0.13414883533020291,0.1766742079729167,-0.48043028295711965,0.2121326122967138,3
Gemma4-E4B,41,native_thinking,min_bhattacharyya,late_8_10_minus_early_1_3,-2.4656942933797836,3.7833557055052087,-9.881071476169993,4.9496828894104254,3
Gemma4-E4B,41,native_thinking,nc2_class_cosine_deviation,quality_slope_per_index,0.0006053708897875115,0.010629890040381005,-0.02022921358935926,0.021439955368934283,3
Gemma4-E4B,41,native_thinking,nc2_class_cosine_deviation,quality_spearman,0.11515151515151514,0.28317439140097345,-0.43987029199439287,0.6701733222974231,3
Gemma4-E4B,41,native_thinking,nc2_class_cosine_deviation,late_8_10_minus_early_1_3,0.007954880319259783,0.08267722652123678,-0.1540924836623643,0.17000224430088387,3
Gemma4-E4B,41,native_thinking,ncc_recall,quality_slope_per_index,-0.02020202020202016,0.004040404040404047,-0.028121212121212092,-0.012282828282828225,3
Gemma4-E4B,41,native_thinking,ncc_recall,quality_spearman,-0.1894338076060206,0.04850649730028291,-0.2845065423145751,-0.09436107289746609,3
Gemma4-E4B,41,native_thinking,ncc_recall,late_8_10_minus_early_1_3,-0.11111111111111105,0.1111111111111111,-0.3288888888888888,0.10666666666666672,3
Gemma4-E4B,41,native_thinking,silhouette_cosine,quality_slope_per_index,-0.010497880885095222,0.02093828969470226,-0.05153692868671165,0.030541166916521208,3
Gemma4-E4B,41,native_thinking,silhouette_cosine,quality_spearman,-0.07878787878787878,0.13351686175239036,-0.3404809278225639,0.1829051702468063,3
Gemma4-E4B,41,native_thinking,silhouette_cosine,late_8_10_minus_early_1_3,-0.07315080364545186,0.1666132665005475,-0.3997128059865249,0.25341119869562123,3
Gemma4-E4B,41,native_thinking,within_trace,quality_slope_per_index,-32.0326874241684,15.773546044244313,-62.94883767088726,-1.1165371774495476,3
Gemma4-E4B,41,native_thinking,within_trace,quality_spearman,-0.24848484848484845,0.3146330882251602,-0.8651657014061623,0.3681960044364655,3
Gemma4-E4B,41,native_thinking,within_trace,late_8_10_minus_early_1_3,-211.59437815348304,101.37956939815048,-410.29833417385794,-12.890422133108103,3
