model_label,mode,layer,occurrence,n_confirmation_class,metric,value,quality_direction,quality_value
Gemma4-E4B,non_thinking,0,1,10,logistic_precision,0.375,higher,0.375
Gemma4-E4B,non_thinking,0,1,10,logistic_recall,0.3,higher,0.3
Gemma4-E4B,non_thinking,0,1,10,logistic_f1,0.3333333333333333,higher,0.3333333333333333
Gemma4-E4B,non_thinking,0,1,10,ncc_recall,0.5,higher,0.5
Gemma4-E4B,non_thinking,0,1,10,silhouette_cosine,-0.09075124561786652,higher,-0.09075124561786652
Gemma4-E4B,non_thinking,0,1,10,within_trace,3465.6328125,lower,-3465.6328125
Gemma4-E4B,non_thinking,0,1,10,class_nc1_ratio,15.581255882208357,lower,-15.581255882208357
Gemma4-E4B,non_thinking,0,1,10,centroid_nearest_squared,287.9381408691406,higher,287.9381408691406
Gemma4-E4B,non_thinking,0,1,10,fisher_nearest,0.08308385695985807,higher,0.08308385695985807
Gemma4-E4B,non_thinking,0,1,10,min_bhattacharyya,3.0050772428512573,higher,3.0050772428512573
Gemma4-E4B,non_thinking,0,1,10,mean_bhattacharyya,4.144508706198798,higher,4.144508706198798
Gemma4-E4B,non_thinking,0,1,10,nc2_class_cosine_deviation,0.2618207319835086,lower,-0.2618207319835086
Gemma4-E4B,non_thinking,0,2,10,logistic_precision,0.16666666666666666,higher,0.16666666666666666
Gemma4-E4B,non_thinking,0,2,10,logistic_recall,0.1,higher,0.1
Gemma4-E4B,non_thinking,0,2,10,logistic_f1,0.125,higher,0.125
Gemma4-E4B,non_thinking,0,2,10,ncc_recall,0.0,higher,0.0
Gemma4-E4B,non_thinking,0,2,10,silhouette_cosine,-0.041058070957660675,higher,-0.041058070957660675
Gemma4-E4B,non_thinking,0,2,10,within_trace,3543.938720703125,lower,-3543.938720703125
Gemma4-E4B,non_thinking,0,2,10,class_nc1_ratio,8.083728330523714,lower,-8.083728330523714
Gemma4-E4B,non_thinking,0,2,10,centroid_nearest_squared,291.86212158203125,higher,291.86212158203125
Gemma4-E4B,non_thinking,0,2,10,fisher_nearest,0.08235529578347935,higher,0.08235529578347935
Gemma4-E4B,non_thinking,0,2,10,min_bhattacharyya,2.9413044452667236,higher,2.9413044452667236
Gemma4-E4B,non_thinking,0,2,10,mean_bhattacharyya,4.178110712104374,higher,4.178110712104374
Gemma4-E4B,non_thinking,0,2,10,nc2_class_cosine_deviation,0.44756446042914455,lower,-0.44756446042914455
Gemma4-E4B,non_thinking,0,3,10,logistic_precision,0.14285714285714285,higher,0.14285714285714285
Gemma4-E4B,non_thinking,0,3,10,logistic_recall,0.3,higher,0.3
Gemma4-E4B,non_thinking,0,3,10,logistic_f1,0.1935483870967742,higher,0.1935483870967742
Gemma4-E4B,non_thinking,0,3,10,ncc_recall,0.1,higher,0.1
Gemma4-E4B,non_thinking,0,3,10,silhouette_cosine,-0.1557825356721878,higher,-0.1557825356721878
Gemma4-E4B,non_thinking,0,3,10,within_trace,3728.083740234375,lower,-3728.083740234375
Gemma4-E4B,non_thinking,0,3,10,class_nc1_ratio,20.76277022229499,lower,-20.76277022229499
Gemma4-E4B,non_thinking,0,3,10,centroid_nearest_squared,235.9039306640625,higher,235.9039306640625
Gemma4-E4B,non_thinking,0,3,10,fisher_nearest,0.06327752998628508,higher,0.06327752998628508
Gemma4-E4B,non_thinking,0,3,10,min_bhattacharyya,2.9413044452667236,higher,2.9413044452667236
Gemma4-E4B,non_thinking,0,3,10,mean_bhattacharyya,3.711410535706414,higher,3.711410535706414
Gemma4-E4B,non_thinking,0,3,10,nc2_class_cosine_deviation,0.17192902691938258,lower,-0.17192902691938258
Gemma4-E4B,non_thinking,0,4,10,logistic_precision,0.0,higher,0.0
Gemma4-E4B,non_thinking,0,4,10,logistic_recall,0.0,higher,0.0
Gemma4-E4B,non_thinking,0,4,10,logistic_f1,0.0,higher,0.0
Gemma4-E4B,non_thinking,0,4,10,ncc_recall,0.1,higher,0.1
Gemma4-E4B,non_thinking,0,4,10,silhouette_cosine,-0.18103396892547607,higher,-0.18103396892547607
Gemma4-E4B,non_thinking,0,4,10,within_trace,2822.79248046875,lower,-2822.79248046875
Gemma4-E4B,non_thinking,0,4,10,class_nc1_ratio,28.893746358076307,lower,-28.893746358076307
Gemma4-E4B,non_thinking,0,4,10,centroid_nearest_squared,227.21771240234375,higher,227.21771240234375
Gemma4-E4B,non_thinking,0,4,10,fisher_nearest,0.08049394844803193,higher,0.08049394844803193
Gemma4-E4B,non_thinking,0,4,10,min_bhattacharyya,2.705770492553711,higher,2.705770492553711
Gemma4-E4B,non_thinking,0,4,10,mean_bhattacharyya,3.308652957280477,higher,3.308652957280477
Gemma4-E4B,non_thinking,0,4,10,nc2_class_cosine_deviation,0.2352408676603694,lower,-0.2352408676603694
Gemma4-E4B,non_thinking,0,5,10,logistic_precision,0.2,higher,0.2
Gemma4-E4B,non_thinking,0,5,10,logistic_recall,0.1,higher,0.1
Gemma4-E4B,non_thinking,0,5,10,logistic_f1,0.13333333333333333,higher,0.13333333333333333
Gemma4-E4B,non_thinking,0,5,10,ncc_recall,0.0,higher,0.0
Gemma4-E4B,non_thinking,0,5,10,silhouette_cosine,-0.14733973145484924,higher,-0.14733973145484924
Gemma4-E4B,non_thinking,0,5,10,within_trace,2916.1845703125,lower,-2916.1845703125
Gemma4-E4B,non_thinking,0,5,10,class_nc1_ratio,14.52385122119209,lower,-14.52385122119209
Gemma4-E4B,non_thinking,0,5,10,centroid_nearest_squared,227.21771240234375,higher,227.21771240234375
Gemma4-E4B,non_thinking,0,5,10,fisher_nearest,0.07791609444596813,higher,0.07791609444596813
Gemma4-E4B,non_thinking,0,5,10,min_bhattacharyya,2.705770492553711,higher,2.705770492553711
Gemma4-E4B,non_thinking,0,5,10,mean_bhattacharyya,3.8453011446528964,higher,3.8453011446528964
Gemma4-E4B,non_thinking,0,5,10,nc2_class_cosine_deviation,0.304430416336766,lower,-0.304430416336766
Gemma4-E4B,non_thinking,0,6,10,logistic_precision,0.0,higher,0.0
Gemma4-E4B,non_thinking,0,6,10,logistic_recall,0.0,higher,0.0
Gemma4-E4B,non_thinking,0,6,10,logistic_f1,0.0,higher,0.0
Gemma4-E4B,non_thinking,0,6,10,ncc_recall,0.2,higher,0.2
Gemma4-E4B,non_thinking,0,6,10,silhouette_cosine,-0.13207264244556427,higher,-0.13207264244556427
Gemma4-E4B,non_thinking,0,6,10,within_trace,1879.9991455078125,lower,-1879.9991455078125
Gemma4-E4B,non_thinking,0,6,10,class_nc1_ratio,11.851460640602449,lower,-11.851460640602449
Gemma4-E4B,non_thinking,0,6,10,centroid_nearest_squared,150.85406494140625,higher,150.85406494140625
Gemma4-E4B,non_thinking,0,6,10,fisher_nearest,0.08024156037616634,higher,0.08024156037616634
Gemma4-E4B,non_thinking,0,6,10,min_bhattacharyya,2.5645999908447266,higher,2.5645999908447266
Gemma4-E4B,non_thinking,0,6,10,mean_bhattacharyya,3.2739843328793845,higher,3.2739843328793845
Gemma4-E4B,non_thinking,0,6,10,nc2_class_cosine_deviation,0.35328831863992005,lower,-0.35328831863992005
Gemma4-E4B,non_thinking,0,7,10,logistic_precision,0.1111111111111111,higher,0.1111111111111111
Gemma4-E4B,non_thinking,0,7,10,logistic_recall,0.1,higher,0.1
Gemma4-E4B,non_thinking,0,7,10,logistic_f1,0.10526315789473684,higher,0.10526315789473684
Gemma4-E4B,non_thinking,0,7,10,ncc_recall,0.2,higher,0.2
Gemma4-E4B,non_thinking,0,7,10,silhouette_cosine,-0.1540791541337967,higher,-0.1540791541337967
Gemma4-E4B,non_thinking,0,7,10,within_trace,1701.7716064453125,lower,-1701.7716064453125
Gemma4-E4B,non_thinking,0,7,10,class_nc1_ratio,19.296082329512082,lower,-19.296082329512082
Gemma4-E4B,non_thinking,0,7,10,centroid_nearest_squared,125.95443725585938,higher,125.95443725585938
Gemma4-E4B,non_thinking,0,7,10,fisher_nearest,0.07401371416635338,higher,0.07401371416635338
Gemma4-E4B,non_thinking,0,7,10,min_bhattacharyya,2.6885632276535034,higher,2.6885632276535034
Gemma4-E4B,non_thinking,0,7,10,mean_bhattacharyya,3.806384199195438,higher,3.806384199195438
Gemma4-E4B,non_thinking,0,7,10,nc2_class_cosine_deviation,0.3919538483943468,lower,-0.3919538483943468
Gemma4-E4B,non_thinking,0,8,10,logistic_precision,0.18181818181818182,higher,0.18181818181818182
Gemma4-E4B,non_thinking,0,8,10,logistic_recall,0.2,higher,0.2
Gemma4-E4B,non_thinking,0,8,10,logistic_f1,0.19047619047619047,higher,0.19047619047619047
Gemma4-E4B,non_thinking,0,8,10,ncc_recall,0.1,higher,0.1
Gemma4-E4B,non_thinking,0,8,10,silhouette_cosine,-0.11723288148641586,higher,-0.11723288148641586
Gemma4-E4B,non_thinking,0,8,10,within_trace,1634.046142578125,lower,-1634.046142578125
Gemma4-E4B,non_thinking,0,8,10,class_nc1_ratio,11.246578912057991,lower,-11.246578912057991
Gemma4-E4B,non_thinking,0,8,10,centroid_nearest_squared,170.11785888671875,higher,170.11785888671875
Gemma4-E4B,non_thinking,0,8,10,fisher_nearest,0.10410835682908831,higher,0.10410835682908831
Gemma4-E4B,non_thinking,0,8,10,min_bhattacharyya,2.453602910041809,higher,2.453602910041809
Gemma4-E4B,non_thinking,0,8,10,mean_bhattacharyya,3.4758015473683677,higher,3.4758015473683677
Gemma4-E4B,non_thinking,0,8,10,nc2_class_cosine_deviation,0.3293240857713016,lower,-0.3293240857713016
Gemma4-E4B,non_thinking,0,9,10,logistic_precision,0.07692307692307693,higher,0.07692307692307693
Gemma4-E4B,non_thinking,0,9,10,logistic_recall,0.1,higher,0.1
Gemma4-E4B,non_thinking,0,9,10,logistic_f1,0.08695652173913043,higher,0.08695652173913043
Gemma4-E4B,non_thinking,0,9,10,ncc_recall,0.1,higher,0.1
Gemma4-E4B,non_thinking,0,9,10,silhouette_cosine,-0.12524211406707764,higher,-0.12524211406707764
Gemma4-E4B,non_thinking,0,9,10,within_trace,1831.44580078125,lower,-1831.44580078125
Gemma4-E4B,non_thinking,0,9,10,class_nc1_ratio,8.344479012575018,lower,-8.344479012575018
Gemma4-E4B,non_thinking,0,9,10,centroid_nearest_squared,184.09707641601562,higher,184.09707641601562
Gemma4-E4B,non_thinking,0,9,10,fisher_nearest,0.10052007891114458,higher,0.10052007891114458
Gemma4-E4B,non_thinking,0,9,10,min_bhattacharyya,2.453602910041809,higher,2.453602910041809
Gemma4-E4B,non_thinking,0,9,10,mean_bhattacharyya,3.1752765576044717,higher,3.1752765576044717
Gemma4-E4B,non_thinking,0,9,10,nc2_class_cosine_deviation,0.38307266526016187,lower,-0.38307266526016187
Gemma4-E4B,non_thinking,0,10,10,logistic_precision,0.18181818181818182,higher,0.18181818181818182
Gemma4-E4B,non_thinking,0,10,10,logistic_recall,0.2,higher,0.2
Gemma4-E4B,non_thinking,0,10,10,logistic_f1,0.19047619047619047,higher,0.19047619047619047
Gemma4-E4B,non_thinking,0,10,10,ncc_recall,0.0,higher,0.0
Gemma4-E4B,non_thinking,0,10,10,silhouette_cosine,-0.12109091132879257,higher,-0.12109091132879257
Gemma4-E4B,non_thinking,0,10,10,within_trace,1542.5472412109375,lower,-1542.5472412109375
Gemma4-E4B,non_thinking,0,10,10,class_nc1_ratio,9.620831625214997,lower,-9.620831625214997
Gemma4-E4B,non_thinking,0,10,10,centroid_nearest_squared,125.95443725585938,higher,125.95443725585938
Gemma4-E4B,non_thinking,0,10,10,fisher_nearest,0.08165353636559101,higher,0.08165353636559101
Gemma4-E4B,non_thinking,0,10,10,min_bhattacharyya,2.4659509658813477,higher,2.4659509658813477
Gemma4-E4B,non_thinking,0,10,10,mean_bhattacharyya,3.6974631547927856,higher,3.6974631547927856
Gemma4-E4B,non_thinking,0,10,10,nc2_class_cosine_deviation,0.4254925475444323,lower,-0.4254925475444323
Gemma4-E4B,native_thinking,0,1,10,logistic_precision,0.5714285714285714,higher,0.5714285714285714
Gemma4-E4B,native_thinking,0,1,10,logistic_recall,0.4,higher,0.4
Gemma4-E4B,native_thinking,0,1,10,logistic_f1,0.47058823529411764,higher,0.47058823529411764
Gemma4-E4B,native_thinking,0,1,10,ncc_recall,0.5,higher,0.5
Gemma4-E4B,native_thinking,0,1,10,silhouette_cosine,-0.17320190370082855,higher,-0.17320190370082855
Gemma4-E4B,native_thinking,0,1,10,within_trace,2048.83349609375,lower,-2048.83349609375
Gemma4-E4B,native_thinking,0,1,10,class_nc1_ratio,21.86106400225319,lower,-21.86106400225319
Gemma4-E4B,native_thinking,0,1,10,centroid_nearest_squared,170.7565460205078,higher,170.7565460205078
Gemma4-E4B,native_thinking,0,1,10,fisher_nearest,0.08334330063720043,higher,0.08334330063720043
Gemma4-E4B,native_thinking,0,1,10,min_bhattacharyya,1.6166594326496124,higher,1.6166594326496124
Gemma4-E4B,native_thinking,0,1,10,mean_bhattacharyya,2.534130040142271,higher,2.534130040142271
Gemma4-E4B,native_thinking,0,1,10,nc2_class_cosine_deviation,0.13723966194155776,lower,-0.13723966194155776
Gemma4-E4B,native_thinking,0,2,7,logistic_precision,0.5,higher,0.5
Gemma4-E4B,native_thinking,0,2,7,logistic_recall,0.2857142857142857,higher,0.2857142857142857
Gemma4-E4B,native_thinking,0,2,7,logistic_f1,0.36363636363636365,higher,0.36363636363636365
Gemma4-E4B,native_thinking,0,2,7,ncc_recall,0.2857142857142857,higher,0.2857142857142857
Gemma4-E4B,native_thinking,0,2,7,silhouette_cosine,-0.24450354278087616,higher,-0.24450354278087616
Gemma4-E4B,native_thinking,0,2,7,within_trace,2304.5400390625,lower,-2304.5400390625
Gemma4-E4B,native_thinking,0,2,7,class_nc1_ratio,19.709456006596625,lower,-19.709456006596625
Gemma4-E4B,native_thinking,0,2,7,centroid_nearest_squared,165.86947631835938,higher,165.86947631835938
Gemma4-E4B,native_thinking,0,2,7,fisher_nearest,0.07197508982566257,higher,0.07197508982566257
Gemma4-E4B,native_thinking,0,2,7,min_bhattacharyya,1.3005610704421997,higher,1.3005610704421997
Gemma4-E4B,native_thinking,0,2,7,mean_bhattacharyya,2.22174608707428,higher,2.22174608707428
Gemma4-E4B,native_thinking,0,2,7,nc2_class_cosine_deviation,0.21929928853555963,lower,-0.21929928853555963
Gemma4-E4B,native_thinking,0,3,7,logistic_precision,0.3333333333333333,higher,0.3333333333333333
Gemma4-E4B,native_thinking,0,3,7,logistic_recall,0.14285714285714285,higher,0.14285714285714285
Gemma4-E4B,native_thinking,0,3,7,logistic_f1,0.2,higher,0.2
Gemma4-E4B,native_thinking,0,3,7,ncc_recall,0.0,higher,0.0
Gemma4-E4B,native_thinking,0,3,7,silhouette_cosine,-0.2535924017429352,higher,-0.2535924017429352
Gemma4-E4B,native_thinking,0,3,7,within_trace,2181.782470703125,lower,-2181.782470703125
Gemma4-E4B,native_thinking,0,3,7,class_nc1_ratio,34.40246316234371,lower,-34.40246316234371
Gemma4-E4B,native_thinking,0,3,7,centroid_nearest_squared,94.96040344238281,higher,94.96040344238281
Gemma4-E4B,native_thinking,0,3,7,fisher_nearest,0.04352423063137905,higher,0.04352423063137905
Gemma4-E4B,native_thinking,0,3,7,min_bhattacharyya,1.1120427399873734,higher,1.1120427399873734
Gemma4-E4B,native_thinking,0,3,7,mean_bhattacharyya,1.9346726818217173,higher,1.9346726818217173
Gemma4-E4B,native_thinking,0,3,7,nc2_class_cosine_deviation,0.19160204679693704,lower,-0.19160204679693704
Gemma4-E4B,native_thinking,0,4,7,logistic_precision,0.4,higher,0.4
Gemma4-E4B,native_thinking,0,4,7,logistic_recall,0.2857142857142857,higher,0.2857142857142857
Gemma4-E4B,native_thinking,0,4,7,logistic_f1,0.3333333333333333,higher,0.3333333333333333
Gemma4-E4B,native_thinking,0,4,7,ncc_recall,0.0,higher,0.0
Gemma4-E4B,native_thinking,0,4,7,silhouette_cosine,-0.25002363324165344,higher,-0.25002363324165344
Gemma4-E4B,native_thinking,0,4,7,within_trace,2112.659912109375,lower,-2112.659912109375
Gemma4-E4B,native_thinking,0,4,7,class_nc1_ratio,20.404971434495007,lower,-20.404971434495007
Gemma4-E4B,native_thinking,0,4,7,centroid_nearest_squared,115.58271789550781,higher,115.58271789550781
Gemma4-E4B,native_thinking,0,4,7,fisher_nearest,0.054709571205951844,higher,0.054709571205951844
Gemma4-E4B,native_thinking,0,4,7,min_bhattacharyya,1.6158249974250793,higher,1.6158249974250793
Gemma4-E4B,native_thinking,0,4,7,mean_bhattacharyya,2.0298362804783716,higher,2.0298362804783716
Gemma4-E4B,native_thinking,0,4,7,nc2_class_cosine_deviation,0.2509326531931206,lower,-0.2509326531931206
Gemma4-E4B,native_thinking,0,5,7,logistic_precision,0.3333333333333333,higher,0.3333333333333333
Gemma4-E4B,native_thinking,0,5,7,logistic_recall,0.14285714285714285,higher,0.14285714285714285
Gemma4-E4B,native_thinking,0,5,7,logistic_f1,0.2,higher,0.2
Gemma4-E4B,native_thinking,0,5,7,ncc_recall,0.0,higher,0.0
Gemma4-E4B,native_thinking,0,5,7,silhouette_cosine,-0.24542805552482605,higher,-0.24542805552482605
Gemma4-E4B,native_thinking,0,5,7,within_trace,2060.576171875,lower,-2060.576171875
Gemma4-E4B,native_thinking,0,5,7,class_nc1_ratio,14.978058949581033,lower,-14.978058949581033
Gemma4-E4B,native_thinking,0,5,7,centroid_nearest_squared,94.96040344238281,higher,94.96040344238281
Gemma4-E4B,native_thinking,0,5,7,fisher_nearest,0.04608439364606191,higher,0.04608439364606191
Gemma4-E4B,native_thinking,0,5,7,min_bhattacharyya,1.1120427399873734,higher,1.1120427399873734
Gemma4-E4B,native_thinking,0,5,7,mean_bhattacharyya,2.162931520077917,higher,2.162931520077917
Gemma4-E4B,native_thinking,0,5,7,nc2_class_cosine_deviation,0.23090168452580218,lower,-0.23090168452580218
Gemma4-E4B,native_thinking,0,6,7,logistic_precision,0.2,higher,0.2
Gemma4-E4B,native_thinking,0,6,7,logistic_recall,0.2857142857142857,higher,0.2857142857142857
Gemma4-E4B,native_thinking,0,6,7,logistic_f1,0.23529411764705882,higher,0.23529411764705882
Gemma4-E4B,native_thinking,0,6,7,ncc_recall,0.0,higher,0.0
Gemma4-E4B,native_thinking,0,6,7,silhouette_cosine,-0.22715237736701965,higher,-0.22715237736701965
Gemma4-E4B,native_thinking,0,6,7,within_trace,2131.612548828125,lower,-2131.612548828125
Gemma4-E4B,native_thinking,0,6,7,class_nc1_ratio,12.496237332796566,lower,-12.496237332796566
Gemma4-E4B,native_thinking,0,6,7,centroid_nearest_squared,183.23245239257812,higher,183.23245239257812
Gemma4-E4B,native_thinking,0,6,7,fisher_nearest,0.08595954855553462,higher,0.08595954855553462
Gemma4-E4B,native_thinking,0,6,7,min_bhattacharyya,1.9004464149475098,higher,1.9004464149475098
Gemma4-E4B,native_thinking,0,6,7,mean_bhattacharyya,2.2473655343055725,higher,2.2473655343055725
Gemma4-E4B,native_thinking,0,6,7,nc2_class_cosine_deviation,0.1453858196367452,lower,-0.1453858196367452
Gemma4-E4B,native_thinking,0,7,7,logistic_precision,1.0,higher,1.0
Gemma4-E4B,native_thinking,0,7,7,logistic_recall,0.2857142857142857,higher,0.2857142857142857
Gemma4-E4B,native_thinking,0,7,7,logistic_f1,0.4444444444444444,higher,0.4444444444444444
Gemma4-E4B,native_thinking,0,7,7,ncc_recall,0.14285714285714285,higher,0.14285714285714285
Gemma4-E4B,native_thinking,0,7,7,silhouette_cosine,-0.24759730696678162,higher,-0.24759730696678162
Gemma4-E4B,native_thinking,0,7,7,within_trace,2256.5,lower,-2256.5
Gemma4-E4B,native_thinking,0,7,7,class_nc1_ratio,19.42890733683594,lower,-19.42890733683594
Gemma4-E4B,native_thinking,0,7,7,centroid_nearest_squared,115.58271789550781,higher,115.58271789550781
Gemma4-E4B,native_thinking,0,7,7,fisher_nearest,0.051222121823845695,higher,0.051222121823845695
Gemma4-E4B,native_thinking,0,7,7,min_bhattacharyya,1.6158249974250793,higher,1.6158249974250793
Gemma4-E4B,native_thinking,0,7,7,mean_bhattacharyya,2.1407529248131647,higher,2.1407529248131647
Gemma4-E4B,native_thinking,0,7,7,nc2_class_cosine_deviation,0.21889906776724036,lower,-0.21889906776724036
Gemma4-E4B,native_thinking,0,8,7,logistic_precision,0.4,higher,0.4
Gemma4-E4B,native_thinking,0,8,7,logistic_recall,0.2857142857142857,higher,0.2857142857142857
Gemma4-E4B,native_thinking,0,8,7,logistic_f1,0.3333333333333333,higher,0.3333333333333333
Gemma4-E4B,native_thinking,0,8,7,ncc_recall,0.14285714285714285,higher,0.14285714285714285
Gemma4-E4B,native_thinking,0,8,7,silhouette_cosine,-0.24190129339694977,higher,-0.24190129339694977
Gemma4-E4B,native_thinking,0,8,7,within_trace,2169.958984375,lower,-2169.958984375
Gemma4-E4B,native_thinking,0,8,7,class_nc1_ratio,26.56682486968618,lower,-26.56682486968618
Gemma4-E4B,native_thinking,0,8,7,centroid_nearest_squared,137.27044677734375,higher,137.27044677734375
Gemma4-E4B,native_thinking,0,8,7,fisher_nearest,0.06325946608473842,higher,0.06325946608473842
Gemma4-E4B,native_thinking,0,8,7,min_bhattacharyya,1.3005610704421997,higher,1.3005610704421997
Gemma4-E4B,native_thinking,0,8,7,mean_bhattacharyya,1.9723126391569774,higher,1.9723126391569774
Gemma4-E4B,native_thinking,0,8,7,nc2_class_cosine_deviation,0.1442454841827261,lower,-0.1442454841827261
Gemma4-E4B,native_thinking,0,9,5,logistic_precision,0.3333333333333333,higher,0.3333333333333333
Gemma4-E4B,native_thinking,0,9,5,logistic_recall,0.2,higher,0.2
Gemma4-E4B,native_thinking,0,9,5,logistic_f1,0.25,higher,0.25
Gemma4-E4B,native_thinking,0,9,5,ncc_recall,0.0,higher,0.0
Gemma4-E4B,native_thinking,0,9,5,silhouette_cosine,-0.24833567440509796,higher,-0.24833567440509796
Gemma4-E4B,native_thinking,0,9,5,within_trace,2263.2568359375,lower,-2263.2568359375
Gemma4-E4B,native_thinking,0,9,5,class_nc1_ratio,10.899929995877024,lower,-10.899929995877024
Gemma4-E4B,native_thinking,0,9,5,centroid_nearest_squared,269.8387451171875,higher,269.8387451171875
Gemma4-E4B,native_thinking,0,9,5,fisher_nearest,0.11922586108324434,higher,0.11922586108324434
Gemma4-E4B,native_thinking,0,9,5,min_bhattacharyya,2.1277830600738525,higher,2.1277830600738525
Gemma4-E4B,native_thinking,0,9,5,mean_bhattacharyya,2.5128361781438193,higher,2.5128361781438193
Gemma4-E4B,native_thinking,0,9,5,nc2_class_cosine_deviation,0.21202564023343135,lower,-0.21202564023343135
Gemma4-E4B,native_thinking,0,10,3,logistic_precision,0.08,higher,0.08
Gemma4-E4B,native_thinking,0,10,3,logistic_recall,0.6666666666666666,higher,0.6666666666666666
Gemma4-E4B,native_thinking,0,10,3,logistic_f1,0.14285714285714285,higher,0.14285714285714285
Gemma4-E4B,native_thinking,0,10,3,ncc_recall,0.0,higher,0.0
Gemma4-E4B,native_thinking,0,10,3,silhouette_cosine,-0.20052002370357513,higher,-0.20052002370357513
Gemma4-E4B,native_thinking,0,10,3,within_trace,1744.03564453125,lower,-1744.03564453125
Gemma4-E4B,native_thinking,0,10,3,class_nc1_ratio,4.465175454796283,lower,-4.465175454796283
Gemma4-E4B,native_thinking,0,10,3,centroid_nearest_squared,441.4986572265625,higher,441.4986572265625
Gemma4-E4B,native_thinking,0,10,3,fisher_nearest,0.2531477258569595,higher,0.2531477258569595
Gemma4-E4B,native_thinking,0,10,3,min_bhattacharyya,2.1770637035369873,higher,2.1770637035369873
Gemma4-E4B,native_thinking,0,10,3,mean_bhattacharyya,2.576938887437185,higher,2.576938887437185
Gemma4-E4B,native_thinking,0,10,3,nc2_class_cosine_deviation,0.1263749294074965,lower,-0.1263749294074965
Gemma4-E4B,non_thinking,1,1,10,logistic_precision,0.3,higher,0.3
Gemma4-E4B,non_thinking,1,1,10,logistic_recall,0.3,higher,0.3
Gemma4-E4B,non_thinking,1,1,10,logistic_f1,0.3,higher,0.3
Gemma4-E4B,non_thinking,1,1,10,ncc_recall,0.6,higher,0.6
Gemma4-E4B,non_thinking,1,1,10,silhouette_cosine,-0.08568442612886429,higher,-0.08568442612886429
Gemma4-E4B,non_thinking,1,1,10,within_trace,3002.92529296875,lower,-3002.92529296875
Gemma4-E4B,non_thinking,1,1,10,class_nc1_ratio,14.347944334507641,lower,-14.347944334507641
Gemma4-E4B,non_thinking,1,1,10,centroid_nearest_squared,283.1788024902344,higher,283.1788024902344
Gemma4-E4B,non_thinking,1,1,10,fisher_nearest,0.0943009814973713,higher,0.0943009814973713
Gemma4-E4B,non_thinking,1,1,10,min_bhattacharyya,3.3116345405578613,higher,3.3116345405578613
Gemma4-E4B,non_thinking,1,1,10,mean_bhattacharyya,4.13513269689348,higher,4.13513269689348
Gemma4-E4B,non_thinking,1,1,10,nc2_class_cosine_deviation,0.21542463893139802,lower,-0.21542463893139802
Gemma4-E4B,non_thinking,1,2,10,logistic_precision,0.1111111111111111,higher,0.1111111111111111
Gemma4-E4B,non_thinking,1,2,10,logistic_recall,0.1,higher,0.1
Gemma4-E4B,non_thinking,1,2,10,logistic_f1,0.10526315789473684,higher,0.10526315789473684
Gemma4-E4B,non_thinking,1,2,10,ncc_recall,0.0,higher,0.0
Gemma4-E4B,non_thinking,1,2,10,silhouette_cosine,-0.05306247994303703,higher,-0.05306247994303703
Gemma4-E4B,non_thinking,1,2,10,within_trace,3100.097900390625,lower,-3100.097900390625
Gemma4-E4B,non_thinking,1,2,10,class_nc1_ratio,10.015966247811411,lower,-10.015966247811411
Gemma4-E4B,non_thinking,1,2,10,centroid_nearest_squared,278.94940185546875,higher,278.94940185546875
Gemma4-E4B,non_thinking,1,2,10,fisher_nearest,0.08998083635369063,higher,0.08998083635369063
Gemma4-E4B,non_thinking,1,2,10,min_bhattacharyya,3.179483652114868,higher,3.179483652114868
Gemma4-E4B,non_thinking,1,2,10,mean_bhattacharyya,4.01886992322074,higher,4.01886992322074
Gemma4-E4B,non_thinking,1,2,10,nc2_class_cosine_deviation,0.38215761061435866,lower,-0.38215761061435866
Gemma4-E4B,non_thinking,1,3,10,logistic_precision,0.13333333333333333,higher,0.13333333333333333
Gemma4-E4B,non_thinking,1,3,10,logistic_recall,0.2,higher,0.2
Gemma4-E4B,non_thinking,1,3,10,logistic_f1,0.16,higher,0.16
Gemma4-E4B,non_thinking,1,3,10,ncc_recall,0.0,higher,0.0
Gemma4-E4B,non_thinking,1,3,10,silhouette_cosine,-0.1491425335407257,higher,-0.1491425335407257
Gemma4-E4B,non_thinking,1,3,10,within_trace,3030.1611328125,lower,-3030.1611328125
Gemma4-E4B,non_thinking,1,3,10,class_nc1_ratio,17.198790500106874,lower,-17.198790500106874
Gemma4-E4B,non_thinking,1,3,10,centroid_nearest_squared,201.90145874023438,higher,201.90145874023438
Gemma4-E4B,non_thinking,1,3,10,fisher_nearest,0.06663060144027252,higher,0.06663060144027252
Gemma4-E4B,non_thinking,1,3,10,min_bhattacharyya,3.179483652114868,higher,3.179483652114868
Gemma4-E4B,non_thinking,1,3,10,mean_bhattacharyya,3.7500546442137823,higher,3.7500546442137823
Gemma4-E4B,non_thinking,1,3,10,nc2_class_cosine_deviation,0.24253005893142138,lower,-0.24253005893142138
Gemma4-E4B,non_thinking,1,4,10,logistic_precision,0.0,higher,0.0
Gemma4-E4B,non_thinking,1,4,10,logistic_recall,0.0,higher,0.0
Gemma4-E4B,non_thinking,1,4,10,logistic_f1,0.0,higher,0.0
Gemma4-E4B,non_thinking,1,4,10,ncc_recall,0.1,higher,0.1
Gemma4-E4B,non_thinking,1,4,10,silhouette_cosine,-0.18554285168647766,higher,-0.18554285168647766
Gemma4-E4B,non_thinking,1,4,10,within_trace,2818.7939453125,lower,-2818.7939453125
Gemma4-E4B,non_thinking,1,4,10,class_nc1_ratio,31.97579810715238,lower,-31.97579810715238
Gemma4-E4B,non_thinking,1,4,10,centroid_nearest_squared,201.90145874023438,higher,201.90145874023438
Gemma4-E4B,non_thinking,1,4,10,fisher_nearest,0.07162689528121963,higher,0.07162689528121963
Gemma4-E4B,non_thinking,1,4,10,min_bhattacharyya,2.9202927350997925,higher,2.9202927350997925
Gemma4-E4B,non_thinking,1,4,10,mean_bhattacharyya,3.3456347584724426,higher,3.3456347584724426
Gemma4-E4B,non_thinking,1,4,10,nc2_class_cosine_deviation,0.22199206500325672,lower,-0.22199206500325672
Gemma4-E4B,non_thinking,1,5,10,logistic_precision,0.14285714285714285,higher,0.14285714285714285
Gemma4-E4B,non_thinking,1,5,10,logistic_recall,0.1,higher,0.1
Gemma4-E4B,non_thinking,1,5,10,logistic_f1,0.11764705882352941,higher,0.11764705882352941
Gemma4-E4B,non_thinking,1,5,10,ncc_recall,0.0,higher,0.0
Gemma4-E4B,non_thinking,1,5,10,silhouette_cosine,-0.12730786204338074,higher,-0.12730786204338074
Gemma4-E4B,non_thinking,1,5,10,within_trace,2795.662109375,lower,-2795.662109375
Gemma4-E4B,non_thinking,1,5,10,class_nc1_ratio,13.147033920654676,lower,-13.147033920654676
Gemma4-E4B,non_thinking,1,5,10,centroid_nearest_squared,249.6370391845703,higher,249.6370391845703
Gemma4-E4B,non_thinking,1,5,10,fisher_nearest,0.08929442451125802,higher,0.08929442451125802
Gemma4-E4B,non_thinking,1,5,10,min_bhattacharyya,2.9202927350997925,higher,2.9202927350997925
Gemma4-E4B,non_thinking,1,5,10,mean_bhattacharyya,3.9908942182858786,higher,3.9908942182858786
Gemma4-E4B,non_thinking,1,5,10,nc2_class_cosine_deviation,0.22973996032903227,lower,-0.22973996032903227
Gemma4-E4B,non_thinking,1,6,10,logistic_precision,0.0,higher,0.0
Gemma4-E4B,non_thinking,1,6,10,logistic_recall,0.0,higher,0.0
Gemma4-E4B,non_thinking,1,6,10,logistic_f1,0.0,higher,0.0
Gemma4-E4B,non_thinking,1,6,10,ncc_recall,0.2,higher,0.2
Gemma4-E4B,non_thinking,1,6,10,silhouette_cosine,-0.12584738433361053,higher,-0.12584738433361053
Gemma4-E4B,non_thinking,1,6,10,within_trace,1810.539306640625,lower,-1810.539306640625
Gemma4-E4B,non_thinking,1,6,10,class_nc1_ratio,11.854077267050814,lower,-11.854077267050814
Gemma4-E4B,non_thinking,1,6,10,centroid_nearest_squared,163.58998107910156,higher,163.58998107910156
Gemma4-E4B,non_thinking,1,6,10,fisher_nearest,0.09035428310177672,higher,0.09035428310177672
Gemma4-E4B,non_thinking,1,6,10,min_bhattacharyya,2.406286120414734,higher,2.406286120414734
Gemma4-E4B,non_thinking,1,6,10,mean_bhattacharyya,3.17839832438363,higher,3.17839832438363
Gemma4-E4B,non_thinking,1,6,10,nc2_class_cosine_deviation,0.30490586501948624,lower,-0.30490586501948624
Gemma4-E4B,non_thinking,1,7,10,logistic_precision,0.0,higher,0.0
Gemma4-E4B,non_thinking,1,7,10,logistic_recall,0.0,higher,0.0
Gemma4-E4B,non_thinking,1,7,10,logistic_f1,0.0,higher,0.0
Gemma4-E4B,non_thinking,1,7,10,ncc_recall,0.1,higher,0.1
Gemma4-E4B,non_thinking,1,7,10,silhouette_cosine,-0.16738298535346985,higher,-0.16738298535346985
Gemma4-E4B,non_thinking,1,7,10,within_trace,1725.2904052734375,lower,-1725.2904052734375
Gemma4-E4B,non_thinking,1,7,10,class_nc1_ratio,19.678219959751047,lower,-19.678219959751047
Gemma4-E4B,non_thinking,1,7,10,centroid_nearest_squared,125.19376373291016,higher,125.19376373291016
Gemma4-E4B,non_thinking,1,7,10,fisher_nearest,0.07256387872456085,higher,0.07256387872456085
Gemma4-E4B,non_thinking,1,7,10,min_bhattacharyya,2.6693904399871826,higher,2.6693904399871826
Gemma4-E4B,non_thinking,1,7,10,mean_bhattacharyya,3.5460549460517035,higher,3.5460549460517035
Gemma4-E4B,non_thinking,1,7,10,nc2_class_cosine_deviation,0.32416167781676775,lower,-0.32416167781676775
Gemma4-E4B,non_thinking,1,8,10,logistic_precision,0.1,higher,0.1
Gemma4-E4B,non_thinking,1,8,10,logistic_recall,0.1,higher,0.1
Gemma4-E4B,non_thinking,1,8,10,logistic_f1,0.1,higher,0.1
Gemma4-E4B,non_thinking,1,8,10,ncc_recall,0.1,higher,0.1
Gemma4-E4B,non_thinking,1,8,10,silhouette_cosine,-0.1301814764738083,higher,-0.1301814764738083
Gemma4-E4B,non_thinking,1,8,10,within_trace,1364.9794921875,lower,-1364.9794921875
Gemma4-E4B,non_thinking,1,8,10,class_nc1_ratio,12.610912576685486,lower,-12.610912576685486
Gemma4-E4B,non_thinking,1,8,10,centroid_nearest_squared,125.19376373291016,higher,125.19376373291016
Gemma4-E4B,non_thinking,1,8,10,fisher_nearest,0.09171842100885788,higher,0.09171842100885788
Gemma4-E4B,non_thinking,1,8,10,min_bhattacharyya,2.4052865505218506,higher,2.4052865505218506
Gemma4-E4B,non_thinking,1,8,10,mean_bhattacharyya,3.5703404479556613,higher,3.5703404479556613
Gemma4-E4B,non_thinking,1,8,10,nc2_class_cosine_deviation,0.3289049045171267,lower,-0.3289049045171267
Gemma4-E4B,non_thinking,1,9,10,logistic_precision,0.14285714285714285,higher,0.14285714285714285
Gemma4-E4B,non_thinking,1,9,10,logistic_recall,0.2,higher,0.2
Gemma4-E4B,non_thinking,1,9,10,logistic_f1,0.16666666666666666,higher,0.16666666666666666
Gemma4-E4B,non_thinking,1,9,10,ncc_recall,0.2,higher,0.2
Gemma4-E4B,non_thinking,1,9,10,silhouette_cosine,-0.1000068187713623,higher,-0.1000068187713623
Gemma4-E4B,non_thinking,1,9,10,within_trace,1500.4423828125,lower,-1500.4423828125
Gemma4-E4B,non_thinking,1,9,10,class_nc1_ratio,7.2254523813465426,lower,-7.2254523813465426
Gemma4-E4B,non_thinking,1,9,10,centroid_nearest_squared,200.422607421875,higher,200.422607421875
Gemma4-E4B,non_thinking,1,9,10,fisher_nearest,0.13357567722540162,higher,0.13357567722540162
Gemma4-E4B,non_thinking,1,9,10,min_bhattacharyya,2.4052865505218506,higher,2.4052865505218506
Gemma4-E4B,non_thinking,1,9,10,mean_bhattacharyya,3.2940553890334234,higher,3.2940553890334234
Gemma4-E4B,non_thinking,1,9,10,nc2_class_cosine_deviation,0.2939278966758722,lower,-0.2939278966758722
Gemma4-E4B,non_thinking,1,10,10,logistic_precision,0.2,higher,0.2
Gemma4-E4B,non_thinking,1,10,10,logistic_recall,0.2,higher,0.2
Gemma4-E4B,non_thinking,1,10,10,logistic_f1,0.2,higher,0.2
Gemma4-E4B,non_thinking,1,10,10,ncc_recall,0.1,higher,0.1
Gemma4-E4B,non_thinking,1,10,10,silhouette_cosine,-0.11913669109344482,higher,-0.11913669109344482
Gemma4-E4B,non_thinking,1,10,10,within_trace,1755.185546875,lower,-1755.185546875
Gemma4-E4B,non_thinking,1,10,10,class_nc1_ratio,11.362784983993082,lower,-11.362784983993082
Gemma4-E4B,non_thinking,1,10,10,centroid_nearest_squared,163.58998107910156,higher,163.58998107910156
Gemma4-E4B,non_thinking,1,10,10,fisher_nearest,0.09320381048622664,higher,0.09320381048622664
Gemma4-E4B,non_thinking,1,10,10,min_bhattacharyya,2.406286120414734,higher,2.406286120414734
Gemma4-E4B,non_thinking,1,10,10,mean_bhattacharyya,3.6713451411989,higher,3.6713451411989
Gemma4-E4B,non_thinking,1,10,10,nc2_class_cosine_deviation,0.3485601686033202,lower,-0.3485601686033202
Gemma4-E4B,native_thinking,1,1,10,logistic_precision,0.6666666666666666,higher,0.6666666666666666
Gemma4-E4B,native_thinking,1,1,10,logistic_recall,0.4,higher,0.4
Gemma4-E4B,native_thinking,1,1,10,logistic_f1,0.5,higher,0.5
Gemma4-E4B,native_thinking,1,1,10,ncc_recall,0.2,higher,0.2
Gemma4-E4B,native_thinking,1,1,10,silhouette_cosine,-0.1195223331451416,higher,-0.1195223331451416
Gemma4-E4B,native_thinking,1,1,10,within_trace,1940.6573486328125,lower,-1940.6573486328125
Gemma4-E4B,native_thinking,1,1,10,class_nc1_ratio,14.548639679867472,lower,-14.548639679867472
Gemma4-E4B,native_thinking,1,1,10,centroid_nearest_squared,226.60372924804688,higher,226.60372924804688
Gemma4-E4B,native_thinking,1,1,10,fisher_nearest,0.11676648090797098,higher,0.11676648090797098
Gemma4-E4B,native_thinking,1,1,10,min_bhattacharyya,2.336942195892334,higher,2.336942195892334
Gemma4-E4B,native_thinking,1,1,10,mean_bhattacharyya,3.169758790069156,higher,3.169758790069156
Gemma4-E4B,native_thinking,1,1,10,nc2_class_cosine_deviation,0.12125199005283689,lower,-0.12125199005283689
Gemma4-E4B,native_thinking,1,2,7,logistic_precision,0.19047619047619047,higher,0.19047619047619047
Gemma4-E4B,native_thinking,1,2,7,logistic_recall,0.5714285714285714,higher,0.5714285714285714
Gemma4-E4B,native_thinking,1,2,7,logistic_f1,0.2857142857142857,higher,0.2857142857142857
Gemma4-E4B,native_thinking,1,2,7,ncc_recall,0.5714285714285714,higher,0.5714285714285714
Gemma4-E4B,native_thinking,1,2,7,silhouette_cosine,-0.18123747408390045,higher,-0.18123747408390045
Gemma4-E4B,native_thinking,1,2,7,within_trace,1976.378662109375,lower,-1976.378662109375
Gemma4-E4B,native_thinking,1,2,7,class_nc1_ratio,14.407057551902351,lower,-14.407057551902351
Gemma4-E4B,native_thinking,1,2,7,centroid_nearest_squared,184.90286254882812,higher,184.90286254882812
Gemma4-E4B,native_thinking,1,2,7,fisher_nearest,0.09355639488208328,higher,0.09355639488208328
Gemma4-E4B,native_thinking,1,2,7,min_bhattacharyya,2.303398013114929,higher,2.303398013114929
Gemma4-E4B,native_thinking,1,2,7,mean_bhattacharyya,3.3064668443467884,higher,3.3064668443467884
Gemma4-E4B,native_thinking,1,2,7,nc2_class_cosine_deviation,0.15381618970890104,lower,-0.15381618970890104
Gemma4-E4B,native_thinking,1,3,7,logistic_precision,0.5,higher,0.5
Gemma4-E4B,native_thinking,1,3,7,logistic_recall,0.2857142857142857,higher,0.2857142857142857
Gemma4-E4B,native_thinking,1,3,7,logistic_f1,0.36363636363636365,higher,0.36363636363636365
Gemma4-E4B,native_thinking,1,3,7,ncc_recall,0.14285714285714285,higher,0.14285714285714285
Gemma4-E4B,native_thinking,1,3,7,silhouette_cosine,-0.1892559677362442,higher,-0.1892559677362442
Gemma4-E4B,native_thinking,1,3,7,within_trace,1921.9886474609375,lower,-1921.9886474609375
Gemma4-E4B,native_thinking,1,3,7,class_nc1_ratio,27.06654614592359,lower,-27.06654614592359
Gemma4-E4B,native_thinking,1,3,7,centroid_nearest_squared,115.01708221435547,higher,115.01708221435547
Gemma4-E4B,native_thinking,1,3,7,fisher_nearest,0.05984274796123273,higher,0.05984274796123273
Gemma4-E4B,native_thinking,1,3,7,min_bhattacharyya,1.6115493774414062,higher,1.6115493774414062
Gemma4-E4B,native_thinking,1,3,7,mean_bhattacharyya,2.705837865670522,higher,2.705837865670522
Gemma4-E4B,native_thinking,1,3,7,nc2_class_cosine_deviation,0.1426436471534364,lower,-0.1426436471534364
Gemma4-E4B,native_thinking,1,4,7,logistic_precision,0.3333333333333333,higher,0.3333333333333333
Gemma4-E4B,native_thinking,1,4,7,logistic_recall,0.2857142857142857,higher,0.2857142857142857
Gemma4-E4B,native_thinking,1,4,7,logistic_f1,0.3076923076923077,higher,0.3076923076923077
Gemma4-E4B,native_thinking,1,4,7,ncc_recall,0.2857142857142857,higher,0.2857142857142857
Gemma4-E4B,native_thinking,1,4,7,silhouette_cosine,-0.19682814180850983,higher,-0.19682814180850983
Gemma4-E4B,native_thinking,1,4,7,within_trace,1901.324951171875,lower,-1901.324951171875
Gemma4-E4B,native_thinking,1,4,7,class_nc1_ratio,19.26345392480696,lower,-19.26345392480696
Gemma4-E4B,native_thinking,1,4,7,centroid_nearest_squared,141.62208557128906,higher,141.62208557128906
Gemma4-E4B,native_thinking,1,4,7,fisher_nearest,0.07448599750610793,higher,0.07448599750610793
Gemma4-E4B,native_thinking,1,4,7,min_bhattacharyya,2.3038241863250732,higher,2.3038241863250732
Gemma4-E4B,native_thinking,1,4,7,mean_bhattacharyya,2.7956569592158,higher,2.7956569592158
Gemma4-E4B,native_thinking,1,4,7,nc2_class_cosine_deviation,0.1687673679150549,lower,-0.1687673679150549
Gemma4-E4B,native_thinking,1,5,7,logistic_precision,0.3333333333333333,higher,0.3333333333333333
Gemma4-E4B,native_thinking,1,5,7,logistic_recall,0.2857142857142857,higher,0.2857142857142857
Gemma4-E4B,native_thinking,1,5,7,logistic_f1,0.3076923076923077,higher,0.3076923076923077
Gemma4-E4B,native_thinking,1,5,7,ncc_recall,0.0,higher,0.0
Gemma4-E4B,native_thinking,1,5,7,silhouette_cosine,-0.20257699489593506,higher,-0.20257699489593506
Gemma4-E4B,native_thinking,1,5,7,within_trace,1885.598388671875,lower,-1885.598388671875
Gemma4-E4B,native_thinking,1,5,7,class_nc1_ratio,17.485965659575225,lower,-17.485965659575225
Gemma4-E4B,native_thinking,1,5,7,centroid_nearest_squared,115.01708221435547,higher,115.01708221435547
Gemma4-E4B,native_thinking,1,5,7,fisher_nearest,0.06099765618455369,higher,0.06099765618455369
Gemma4-E4B,native_thinking,1,5,7,min_bhattacharyya,1.6115493774414062,higher,1.6115493774414062
Gemma4-E4B,native_thinking,1,5,7,mean_bhattacharyya,2.7616398202048407,higher,2.7616398202048407
Gemma4-E4B,native_thinking,1,5,7,nc2_class_cosine_deviation,0.183629766198588,lower,-0.183629766198588
Gemma4-E4B,native_thinking,1,6,7,logistic_precision,0.25,higher,0.25
Gemma4-E4B,native_thinking,1,6,7,logistic_recall,0.2857142857142857,higher,0.2857142857142857
Gemma4-E4B,native_thinking,1,6,7,logistic_f1,0.26666666666666666,higher,0.26666666666666666
Gemma4-E4B,native_thinking,1,6,7,ncc_recall,0.0,higher,0.0
Gemma4-E4B,native_thinking,1,6,7,silhouette_cosine,-0.1881788969039917,higher,-0.1881788969039917
Gemma4-E4B,native_thinking,1,6,7,within_trace,1815.491943359375,lower,-1815.491943359375
Gemma4-E4B,native_thinking,1,6,7,class_nc1_ratio,14.151622535597555,lower,-14.151622535597555
Gemma4-E4B,native_thinking,1,6,7,centroid_nearest_squared,188.57696533203125,higher,188.57696533203125
Gemma4-E4B,native_thinking,1,6,7,fisher_nearest,0.10387100092721403,higher,0.10387100092721403
Gemma4-E4B,native_thinking,1,6,7,min_bhattacharyya,2.1517865657806396,higher,2.1517865657806396
Gemma4-E4B,native_thinking,1,6,7,mean_bhattacharyya,2.895870844523112,higher,2.895870844523112
Gemma4-E4B,native_thinking,1,6,7,nc2_class_cosine_deviation,0.115169112559086,lower,-0.115169112559086
Gemma4-E4B,native_thinking,1,7,7,logistic_precision,0.6666666666666666,higher,0.6666666666666666
Gemma4-E4B,native_thinking,1,7,7,logistic_recall,0.2857142857142857,higher,0.2857142857142857
Gemma4-E4B,native_thinking,1,7,7,logistic_f1,0.4,higher,0.4
Gemma4-E4B,native_thinking,1,7,7,ncc_recall,0.14285714285714285,higher,0.14285714285714285
Gemma4-E4B,native_thinking,1,7,7,silhouette_cosine,-0.1931941658258438,higher,-0.1931941658258438
Gemma4-E4B,native_thinking,1,7,7,within_trace,1980.2462158203125,lower,-1980.2462158203125
Gemma4-E4B,native_thinking,1,7,7,class_nc1_ratio,18.125631870184613,lower,-18.125631870184613
Gemma4-E4B,native_thinking,1,7,7,centroid_nearest_squared,141.62208557128906,higher,141.62208557128906
Gemma4-E4B,native_thinking,1,7,7,fisher_nearest,0.07151741255196513,higher,0.07151741255196513
Gemma4-E4B,native_thinking,1,7,7,min_bhattacharyya,2.3038241863250732,higher,2.3038241863250732
Gemma4-E4B,native_thinking,1,7,7,mean_bhattacharyya,2.839123288790385,higher,2.839123288790385
Gemma4-E4B,native_thinking,1,7,7,nc2_class_cosine_deviation,0.15381630850426944,lower,-0.15381630850426944
Gemma4-E4B,native_thinking,1,8,7,logistic_precision,0.4,higher,0.4
Gemma4-E4B,native_thinking,1,8,7,logistic_recall,0.2857142857142857,higher,0.2857142857142857
Gemma4-E4B,native_thinking,1,8,7,logistic_f1,0.3333333333333333,higher,0.3333333333333333
Gemma4-E4B,native_thinking,1,8,7,ncc_recall,0.14285714285714285,higher,0.14285714285714285
Gemma4-E4B,native_thinking,1,8,7,silhouette_cosine,-0.1927424669265747,higher,-0.1927424669265747
Gemma4-E4B,native_thinking,1,8,7,within_trace,1741.7728271484375,lower,-1741.7728271484375
Gemma4-E4B,native_thinking,1,8,7,class_nc1_ratio,24.233609443171357,lower,-24.233609443171357
Gemma4-E4B,native_thinking,1,8,7,centroid_nearest_squared,158.724853515625,higher,158.724853515625
Gemma4-E4B,native_thinking,1,8,7,fisher_nearest,0.09112833260551155,higher,0.09112833260551155
Gemma4-E4B,native_thinking,1,8,7,min_bhattacharyya,2.1517865657806396,higher,2.1517865657806396
Gemma4-E4B,native_thinking,1,8,7,mean_bhattacharyya,2.7283096975750394,higher,2.7283096975750394
Gemma4-E4B,native_thinking,1,8,7,nc2_class_cosine_deviation,0.10356840983401111,lower,-0.10356840983401111
Gemma4-E4B,native_thinking,1,9,5,logistic_precision,0.5,higher,0.5
Gemma4-E4B,native_thinking,1,9,5,logistic_recall,0.2,higher,0.2
Gemma4-E4B,native_thinking,1,9,5,logistic_f1,0.2857142857142857,higher,0.2857142857142857
Gemma4-E4B,native_thinking,1,9,5,ncc_recall,0.0,higher,0.0
Gemma4-E4B,native_thinking,1,9,5,silhouette_cosine,-0.21483811736106873,higher,-0.21483811736106873
Gemma4-E4B,native_thinking,1,9,5,within_trace,1963.1141357421875,lower,-1963.1141357421875
Gemma4-E4B,native_thinking,1,9,5,class_nc1_ratio,9.340468515988348,lower,-9.340468515988348
Gemma4-E4B,native_thinking,1,9,5,centroid_nearest_squared,268.3482666015625,higher,268.3482666015625
Gemma4-E4B,native_thinking,1,9,5,fisher_nearest,0.13669519347641448,higher,0.13669519347641448
Gemma4-E4B,native_thinking,1,9,5,min_bhattacharyya,2.607481002807617,higher,2.607481002807617
Gemma4-E4B,native_thinking,1,9,5,mean_bhattacharyya,3.1722470654381647,higher,3.1722470654381647
Gemma4-E4B,native_thinking,1,9,5,nc2_class_cosine_deviation,0.19684650721373384,lower,-0.19684650721373384
Gemma4-E4B,native_thinking,1,10,3,logistic_precision,0.3333333333333333,higher,0.3333333333333333
Gemma4-E4B,native_thinking,1,10,3,logistic_recall,0.6666666666666666,higher,0.6666666666666666
Gemma4-E4B,native_thinking,1,10,3,logistic_f1,0.4444444444444444,higher,0.4444444444444444
Gemma4-E4B,native_thinking,1,10,3,ncc_recall,0.0,higher,0.0
Gemma4-E4B,native_thinking,1,10,3,silhouette_cosine,-0.1789991855621338,higher,-0.1789991855621338
Gemma4-E4B,native_thinking,1,10,3,within_trace,1508.3348388671875,lower,-1508.3348388671875
Gemma4-E4B,native_thinking,1,10,3,class_nc1_ratio,3.9890386954544064,lower,-3.9890386954544064
Gemma4-E4B,native_thinking,1,10,3,centroid_nearest_squared,414.73699951171875,higher,414.73699951171875
Gemma4-E4B,native_thinking,1,10,3,fisher_nearest,0.27496348212920735,higher,0.27496348212920735
Gemma4-E4B,native_thinking,1,10,3,min_bhattacharyya,3.166166067123413,higher,3.166166067123413
Gemma4-E4B,native_thinking,1,10,3,mean_bhattacharyya,3.985583093431261,higher,3.985583093431261
Gemma4-E4B,native_thinking,1,10,3,nc2_class_cosine_deviation,0.10997828625050593,lower,-0.10997828625050593
Gemma4-E4B,non_thinking,2,1,10,logistic_precision,0.2,higher,0.2
Gemma4-E4B,non_thinking,2,1,10,logistic_recall,0.3,higher,0.3
Gemma4-E4B,non_thinking,2,1,10,logistic_f1,0.24,higher,0.24
Gemma4-E4B,non_thinking,2,1,10,ncc_recall,0.6,higher,0.6
Gemma4-E4B,non_thinking,2,1,10,silhouette_cosine,-0.018850794062018394,higher,-0.018850794062018394
Gemma4-E4B,non_thinking,2,1,10,within_trace,2102.1943359375,lower,-2102.1943359375
Gemma4-E4B,non_thinking,2,1,10,class_nc1_ratio,8.685938095265167,lower,-8.685938095265167
Gemma4-E4B,non_thinking,2,1,10,centroid_nearest_squared,284.22296142578125,higher,284.22296142578125
Gemma4-E4B,non_thinking,2,1,10,fisher_nearest,0.13520299078297557,higher,0.13520299078297557
Gemma4-E4B,non_thinking,2,1,10,min_bhattacharyya,3.593132257461548,higher,3.593132257461548
Gemma4-E4B,non_thinking,2,1,10,mean_bhattacharyya,4.418661687109205,higher,4.418661687109205
Gemma4-E4B,non_thinking,2,1,10,nc2_class_cosine_deviation,0.2213750596353669,lower,-0.2213750596353669
Gemma4-E4B,non_thinking,2,2,10,logistic_precision,0.0,higher,0.0
Gemma4-E4B,non_thinking,2,2,10,logistic_recall,0.0,higher,0.0
Gemma4-E4B,non_thinking,2,2,10,logistic_f1,0.0,higher,0.0
Gemma4-E4B,non_thinking,2,2,10,ncc_recall,0.0,higher,0.0
Gemma4-E4B,non_thinking,2,2,10,silhouette_cosine,-0.14877751469612122,higher,-0.14877751469612122
Gemma4-E4B,non_thinking,2,2,10,within_trace,2689.16552734375,lower,-2689.16552734375
Gemma4-E4B,non_thinking,2,2,10,class_nc1_ratio,15.245610097890632,lower,-15.245610097890632
Gemma4-E4B,non_thinking,2,2,10,centroid_nearest_squared,199.7997283935547,higher,199.7997283935547
Gemma4-E4B,non_thinking,2,2,10,fisher_nearest,0.07429804017713586,higher,0.07429804017713586
Gemma4-E4B,non_thinking,2,2,10,min_bhattacharyya,2.5561197996139526,higher,2.5561197996139526
Gemma4-E4B,non_thinking,2,2,10,mean_bhattacharyya,3.9346956279542713,higher,3.9346956279542713
Gemma4-E4B,non_thinking,2,2,10,nc2_class_cosine_deviation,0.30224564597930437,lower,-0.30224564597930437
Gemma4-E4B,non_thinking,2,3,10,logistic_precision,0.23529411764705882,higher,0.23529411764705882
Gemma4-E4B,non_thinking,2,3,10,logistic_recall,0.4,higher,0.4
Gemma4-E4B,non_thinking,2,3,10,logistic_f1,0.2962962962962963,higher,0.2962962962962963
Gemma4-E4B,non_thinking,2,3,10,ncc_recall,0.0,higher,0.0
Gemma4-E4B,non_thinking,2,3,10,silhouette_cosine,-0.18508099019527435,higher,-0.18508099019527435
Gemma4-E4B,non_thinking,2,3,10,within_trace,2681.511474609375,lower,-2681.511474609375
Gemma4-E4B,non_thinking,2,3,10,class_nc1_ratio,14.952953827199527,lower,-14.952953827199527
Gemma4-E4B,non_thinking,2,3,10,centroid_nearest_squared,303.6724548339844,higher,303.6724548339844
Gemma4-E4B,non_thinking,2,3,10,fisher_nearest,0.11324674822740462,higher,0.11324674822740462
Gemma4-E4B,non_thinking,2,3,10,min_bhattacharyya,2.5561197996139526,higher,2.5561197996139526
Gemma4-E4B,non_thinking,2,3,10,mean_bhattacharyya,3.6911387575997248,higher,3.6911387575997248
Gemma4-E4B,non_thinking,2,3,10,nc2_class_cosine_deviation,0.14361978708593937,lower,-0.14361978708593937
Gemma4-E4B,non_thinking,2,4,10,logistic_precision,0.0,higher,0.0
Gemma4-E4B,non_thinking,2,4,10,logistic_recall,0.0,higher,0.0
Gemma4-E4B,non_thinking,2,4,10,logistic_f1,0.0,higher,0.0
Gemma4-E4B,non_thinking,2,4,10,ncc_recall,0.1,higher,0.1
Gemma4-E4B,non_thinking,2,4,10,silhouette_cosine,-0.15078668296337128,higher,-0.15078668296337128
Gemma4-E4B,non_thinking,2,4,10,within_trace,2437.419921875,lower,-2437.419921875
Gemma4-E4B,non_thinking,2,4,10,class_nc1_ratio,14.577315454678834,lower,-14.577315454678834
Gemma4-E4B,non_thinking,2,4,10,centroid_nearest_squared,228.15731811523438,higher,228.15731811523438
Gemma4-E4B,non_thinking,2,4,10,fisher_nearest,0.09360607750334747,higher,0.09360607750334747
Gemma4-E4B,non_thinking,2,4,10,min_bhattacharyya,3.0522782802581787,higher,3.0522782802581787
Gemma4-E4B,non_thinking,2,4,10,mean_bhattacharyya,3.911037895414564,higher,3.911037895414564
Gemma4-E4B,non_thinking,2,4,10,nc2_class_cosine_deviation,0.25929412420517134,lower,-0.25929412420517134
Gemma4-E4B,non_thinking,2,5,10,logistic_precision,0.3333333333333333,higher,0.3333333333333333
Gemma4-E4B,non_thinking,2,5,10,logistic_recall,0.1,higher,0.1
Gemma4-E4B,non_thinking,2,5,10,logistic_f1,0.15384615384615385,higher,0.15384615384615385
Gemma4-E4B,non_thinking,2,5,10,ncc_recall,0.0,higher,0.0
Gemma4-E4B,non_thinking,2,5,10,silhouette_cosine,-0.12473682314157486,higher,-0.12473682314157486
Gemma4-E4B,non_thinking,2,5,10,within_trace,2185.860107421875,lower,-2185.860107421875
Gemma4-E4B,non_thinking,2,5,10,class_nc1_ratio,16.239156916061095,lower,-16.239156916061095
Gemma4-E4B,non_thinking,2,5,10,centroid_nearest_squared,199.7997283935547,higher,199.7997283935547
Gemma4-E4B,non_thinking,2,5,10,fisher_nearest,0.09140554224634695,higher,0.09140554224634695
Gemma4-E4B,non_thinking,2,5,10,min_bhattacharyya,3.1016448736190796,higher,3.1016448736190796
Gemma4-E4B,non_thinking,2,5,10,mean_bhattacharyya,3.890800025728014,higher,3.890800025728014
Gemma4-E4B,non_thinking,2,5,10,nc2_class_cosine_deviation,0.18134245678874444,lower,-0.18134245678874444
Gemma4-E4B,non_thinking,2,6,10,logistic_precision,0.0,higher,0.0
Gemma4-E4B,non_thinking,2,6,10,logistic_recall,0.0,higher,0.0
Gemma4-E4B,non_thinking,2,6,10,logistic_f1,0.0,higher,0.0
Gemma4-E4B,non_thinking,2,6,10,ncc_recall,0.0,higher,0.0
Gemma4-E4B,non_thinking,2,6,10,silhouette_cosine,-0.1697593778371811,higher,-0.1697593778371811
Gemma4-E4B,non_thinking,2,6,10,within_trace,1616.1005859375,lower,-1616.1005859375
Gemma4-E4B,non_thinking,2,6,10,class_nc1_ratio,10.149432993802295,lower,-10.149432993802295
Gemma4-E4B,non_thinking,2,6,10,centroid_nearest_squared,226.52420043945312,higher,226.52420043945312
Gemma4-E4B,non_thinking,2,6,10,fisher_nearest,0.1401671420767702,higher,0.1401671420767702
Gemma4-E4B,non_thinking,2,6,10,min_bhattacharyya,2.7874817848205566,higher,2.7874817848205566
Gemma4-E4B,non_thinking,2,6,10,mean_bhattacharyya,3.503320468796624,higher,3.503320468796624
Gemma4-E4B,non_thinking,2,6,10,nc2_class_cosine_deviation,0.24023748097228415,lower,-0.24023748097228415
Gemma4-E4B,non_thinking,2,7,10,logistic_precision,0.1,higher,0.1
Gemma4-E4B,non_thinking,2,7,10,logistic_recall,0.1,higher,0.1
Gemma4-E4B,non_thinking,2,7,10,logistic_f1,0.1,higher,0.1
Gemma4-E4B,non_thinking,2,7,10,ncc_recall,0.0,higher,0.0
Gemma4-E4B,non_thinking,2,7,10,silhouette_cosine,-0.16051018238067627,higher,-0.16051018238067627
Gemma4-E4B,non_thinking,2,7,10,within_trace,1631.03125,lower,-1631.03125
Gemma4-E4B,non_thinking,2,7,10,class_nc1_ratio,16.31284510431479,lower,-16.31284510431479
Gemma4-E4B,non_thinking,2,7,10,centroid_nearest_squared,225.9004364013672,higher,225.9004364013672
Gemma4-E4B,non_thinking,2,7,10,fisher_nearest,0.13850159915781332,higher,0.13850159915781332
Gemma4-E4B,non_thinking,2,7,10,min_bhattacharyya,2.7874817848205566,higher,2.7874817848205566
Gemma4-E4B,non_thinking,2,7,10,mean_bhattacharyya,3.394658883412679,higher,3.394658883412679
Gemma4-E4B,non_thinking,2,7,10,nc2_class_cosine_deviation,0.136140411650693,lower,-0.136140411650693
Gemma4-E4B,non_thinking,2,8,10,logistic_precision,0.125,higher,0.125
Gemma4-E4B,non_thinking,2,8,10,logistic_recall,0.1,higher,0.1
Gemma4-E4B,non_thinking,2,8,10,logistic_f1,0.1111111111111111,higher,0.1111111111111111
Gemma4-E4B,non_thinking,2,8,10,ncc_recall,0.0,higher,0.0
Gemma4-E4B,non_thinking,2,8,10,silhouette_cosine,-0.06088253855705261,higher,-0.06088253855705261
Gemma4-E4B,non_thinking,2,8,10,within_trace,1367.6063232421875,lower,-1367.6063232421875
Gemma4-E4B,non_thinking,2,8,10,class_nc1_ratio,8.448009723978572,lower,-8.448009723978572
Gemma4-E4B,non_thinking,2,8,10,centroid_nearest_squared,186.85238647460938,higher,186.85238647460938
Gemma4-E4B,non_thinking,2,8,10,fisher_nearest,0.13662731979158885,higher,0.13662731979158885
Gemma4-E4B,non_thinking,2,8,10,min_bhattacharyya,3.313573122024536,higher,3.313573122024536
Gemma4-E4B,non_thinking,2,8,10,mean_bhattacharyya,4.645517137315538,higher,4.645517137315538
Gemma4-E4B,non_thinking,2,8,10,nc2_class_cosine_deviation,0.2464216418656302,lower,-0.2464216418656302
Gemma4-E4B,non_thinking,2,9,10,logistic_precision,0.1111111111111111,higher,0.1111111111111111
Gemma4-E4B,non_thinking,2,9,10,logistic_recall,0.1,higher,0.1
Gemma4-E4B,non_thinking,2,9,10,logistic_f1,0.10526315789473684,higher,0.10526315789473684
Gemma4-E4B,non_thinking,2,9,10,ncc_recall,0.1,higher,0.1
Gemma4-E4B,non_thinking,2,9,10,silhouette_cosine,-0.1107923611998558,higher,-0.1107923611998558
Gemma4-E4B,non_thinking,2,9,10,within_trace,1507.480224609375,lower,-1507.480224609375
Gemma4-E4B,non_thinking,2,9,10,class_nc1_ratio,7.295219057205236,lower,-7.295219057205236
Gemma4-E4B,non_thinking,2,9,10,centroid_nearest_squared,186.85238647460938,higher,186.85238647460938
Gemma4-E4B,non_thinking,2,9,10,fisher_nearest,0.12395014105278057,higher,0.12395014105278057
Gemma4-E4B,non_thinking,2,9,10,min_bhattacharyya,3.1322174072265625,higher,3.1322174072265625
Gemma4-E4B,non_thinking,2,9,10,mean_bhattacharyya,3.9527896642684937,higher,3.9527896642684937
Gemma4-E4B,non_thinking,2,9,10,nc2_class_cosine_deviation,0.21740522309217925,lower,-0.21740522309217925
Gemma4-E4B,non_thinking,2,10,10,logistic_precision,0.06666666666666667,higher,0.06666666666666667
Gemma4-E4B,non_thinking,2,10,10,logistic_recall,0.1,higher,0.1
Gemma4-E4B,non_thinking,2,10,10,logistic_f1,0.08,higher,0.08
Gemma4-E4B,non_thinking,2,10,10,ncc_recall,0.1,higher,0.1
Gemma4-E4B,non_thinking,2,10,10,silhouette_cosine,-0.1740608960390091,higher,-0.1740608960390091
Gemma4-E4B,non_thinking,2,10,10,within_trace,1944.4051513671875,lower,-1944.4051513671875
Gemma4-E4B,non_thinking,2,10,10,class_nc1_ratio,12.548986015917496,lower,-12.548986015917496
Gemma4-E4B,non_thinking,2,10,10,centroid_nearest_squared,228.15731811523438,higher,228.15731811523438
Gemma4-E4B,non_thinking,2,10,10,fisher_nearest,0.11734042051617073,higher,0.11734042051617073
Gemma4-E4B,non_thinking,2,10,10,min_bhattacharyya,2.9060933589935303,higher,2.9060933589935303
Gemma4-E4B,non_thinking,2,10,10,mean_bhattacharyya,3.7980829212400646,higher,3.7980829212400646
Gemma4-E4B,non_thinking,2,10,10,nc2_class_cosine_deviation,0.19907902401906474,lower,-0.19907902401906474
Gemma4-E4B,native_thinking,2,1,10,logistic_precision,1.0,higher,1.0
Gemma4-E4B,native_thinking,2,1,10,logistic_recall,0.6,higher,0.6
Gemma4-E4B,native_thinking,2,1,10,logistic_f1,0.75,higher,0.75
Gemma4-E4B,native_thinking,2,1,10,ncc_recall,0.4,higher,0.4
Gemma4-E4B,native_thinking,2,1,10,silhouette_cosine,-0.0022697262465953827,higher,-0.0022697262465953827
Gemma4-E4B,native_thinking,2,1,10,within_trace,1884.76025390625,lower,-1884.76025390625
Gemma4-E4B,native_thinking,2,1,10,class_nc1_ratio,6.290336428915689,lower,-6.290336428915689
Gemma4-E4B,native_thinking,2,1,10,centroid_nearest_squared,437.36431884765625,higher,437.36431884765625
Gemma4-E4B,native_thinking,2,1,10,fisher_nearest,0.23205302528064198,higher,0.23205302528064198
Gemma4-E4B,native_thinking,2,1,10,min_bhattacharyya,3.9898970127105713,higher,3.9898970127105713
Gemma4-E4B,native_thinking,2,1,10,mean_bhattacharyya,4.824972682529026,higher,4.824972682529026
Gemma4-E4B,native_thinking,2,1,10,nc2_class_cosine_deviation,0.161906860768795,lower,-0.161906860768795
Gemma4-E4B,native_thinking,2,2,7,logistic_precision,0.4444444444444444,higher,0.4444444444444444
Gemma4-E4B,native_thinking,2,2,7,logistic_recall,0.5714285714285714,higher,0.5714285714285714
Gemma4-E4B,native_thinking,2,2,7,logistic_f1,0.5,higher,0.5
Gemma4-E4B,native_thinking,2,2,7,ncc_recall,0.5714285714285714,higher,0.5714285714285714
Gemma4-E4B,native_thinking,2,2,7,silhouette_cosine,-0.2002018839120865,higher,-0.2002018839120865
Gemma4-E4B,native_thinking,2,2,7,within_trace,1842.9990234375,lower,-1842.9990234375
Gemma4-E4B,native_thinking,2,2,7,class_nc1_ratio,16.654509877106594,lower,-16.654509877106594
Gemma4-E4B,native_thinking,2,2,7,centroid_nearest_squared,168.67591857910156,higher,168.67591857910156
Gemma4-E4B,native_thinking,2,2,7,fisher_nearest,0.09152252195147281,higher,0.09152252195147281
Gemma4-E4B,native_thinking,2,2,7,min_bhattacharyya,2.0174721479415894,higher,2.0174721479415894
Gemma4-E4B,native_thinking,2,2,7,mean_bhattacharyya,2.9600034952163696,higher,2.9600034952163696
Gemma4-E4B,native_thinking,2,2,7,nc2_class_cosine_deviation,0.17842032769579946,lower,-0.17842032769579946
Gemma4-E4B,native_thinking,2,3,7,logistic_precision,0.5,higher,0.5
Gemma4-E4B,native_thinking,2,3,7,logistic_recall,0.2857142857142857,higher,0.2857142857142857
Gemma4-E4B,native_thinking,2,3,7,logistic_f1,0.36363636363636365,higher,0.36363636363636365
Gemma4-E4B,native_thinking,2,3,7,ncc_recall,0.0,higher,0.0
Gemma4-E4B,native_thinking,2,3,7,silhouette_cosine,-0.20414413511753082,higher,-0.20414413511753082
Gemma4-E4B,native_thinking,2,3,7,within_trace,1817.556640625,lower,-1817.556640625
Gemma4-E4B,native_thinking,2,3,7,class_nc1_ratio,26.909069958361336,lower,-26.909069958361336
Gemma4-E4B,native_thinking,2,3,7,centroid_nearest_squared,81.28929901123047,higher,81.28929901123047
Gemma4-E4B,native_thinking,2,3,7,fisher_nearest,0.04472449286822647,higher,0.04472449286822647
Gemma4-E4B,native_thinking,2,3,7,min_bhattacharyya,1.1885330080986023,higher,1.1885330080986023
Gemma4-E4B,native_thinking,2,3,7,mean_bhattacharyya,2.5784702830844455,higher,2.5784702830844455
Gemma4-E4B,native_thinking,2,3,7,nc2_class_cosine_deviation,0.22233973268741444,lower,-0.22233973268741444
Gemma4-E4B,native_thinking,2,4,7,logistic_precision,0.2857142857142857,higher,0.2857142857142857
Gemma4-E4B,native_thinking,2,4,7,logistic_recall,0.2857142857142857,higher,0.2857142857142857
Gemma4-E4B,native_thinking,2,4,7,logistic_f1,0.2857142857142857,higher,0.2857142857142857
Gemma4-E4B,native_thinking,2,4,7,ncc_recall,0.0,higher,0.0
Gemma4-E4B,native_thinking,2,4,7,silhouette_cosine,-0.20459985733032227,higher,-0.20459985733032227
Gemma4-E4B,native_thinking,2,4,7,within_trace,1860.410888671875,lower,-1860.410888671875
Gemma4-E4B,native_thinking,2,4,7,class_nc1_ratio,16.199658167906797,lower,-16.199658167906797
Gemma4-E4B,native_thinking,2,4,7,centroid_nearest_squared,128.4822998046875,higher,128.4822998046875
Gemma4-E4B,native_thinking,2,4,7,fisher_nearest,0.06906124909664954,higher,0.06906124909664954
Gemma4-E4B,native_thinking,2,4,7,min_bhattacharyya,1.9506263732910156,higher,1.9506263732910156
Gemma4-E4B,native_thinking,2,4,7,mean_bhattacharyya,2.7112572888533273,higher,2.7112572888533273
Gemma4-E4B,native_thinking,2,4,7,nc2_class_cosine_deviation,0.21168933422477157,lower,-0.21168933422477157
Gemma4-E4B,native_thinking,2,5,7,logistic_precision,0.5,higher,0.5
Gemma4-E4B,native_thinking,2,5,7,logistic_recall,0.2857142857142857,higher,0.2857142857142857
Gemma4-E4B,native_thinking,2,5,7,logistic_f1,0.36363636363636365,higher,0.36363636363636365
Gemma4-E4B,native_thinking,2,5,7,ncc_recall,0.0,higher,0.0
Gemma4-E4B,native_thinking,2,5,7,silhouette_cosine,-0.20766563713550568,higher,-0.20766563713550568
Gemma4-E4B,native_thinking,2,5,7,within_trace,1815.01123046875,lower,-1815.01123046875
Gemma4-E4B,native_thinking,2,5,7,class_nc1_ratio,16.290758781091988,lower,-16.290758781091988
Gemma4-E4B,native_thinking,2,5,7,centroid_nearest_squared,81.28929901123047,higher,81.28929901123047
Gemma4-E4B,native_thinking,2,5,7,fisher_nearest,0.044787215443419855,higher,0.044787215443419855
Gemma4-E4B,native_thinking,2,5,7,min_bhattacharyya,1.1885330080986023,higher,1.1885330080986023
Gemma4-E4B,native_thinking,2,5,7,mean_bhattacharyya,2.6656657424237995,higher,2.6656657424237995
Gemma4-E4B,native_thinking,2,5,7,nc2_class_cosine_deviation,0.2245187398368194,lower,-0.2245187398368194
Gemma4-E4B,native_thinking,2,6,7,logistic_precision,0.23076923076923078,higher,0.23076923076923078
Gemma4-E4B,native_thinking,2,6,7,logistic_recall,0.42857142857142855,higher,0.42857142857142855
Gemma4-E4B,native_thinking,2,6,7,logistic_f1,0.3,higher,0.3
Gemma4-E4B,native_thinking,2,6,7,ncc_recall,0.0,higher,0.0
Gemma4-E4B,native_thinking,2,6,7,silhouette_cosine,-0.18859122693538666,higher,-0.18859122693538666
Gemma4-E4B,native_thinking,2,6,7,within_trace,1805.1964111328125,lower,-1805.1964111328125
Gemma4-E4B,native_thinking,2,6,7,class_nc1_ratio,10.518642953567843,lower,-10.518642953567843
Gemma4-E4B,native_thinking,2,6,7,centroid_nearest_squared,198.01809692382812,higher,198.01809692382812
Gemma4-E4B,native_thinking,2,6,7,fisher_nearest,0.10969338056658672,higher,0.10969338056658672
Gemma4-E4B,native_thinking,2,6,7,min_bhattacharyya,2.2013326585292816,higher,2.2013326585292816
Gemma4-E4B,native_thinking,2,6,7,mean_bhattacharyya,2.9936373399363623,higher,2.9936373399363623
Gemma4-E4B,native_thinking,2,6,7,nc2_class_cosine_deviation,0.12489843566292598,lower,-0.12489843566292598
Gemma4-E4B,native_thinking,2,7,7,logistic_precision,0.5,higher,0.5
Gemma4-E4B,native_thinking,2,7,7,logistic_recall,0.5714285714285714,higher,0.5714285714285714
Gemma4-E4B,native_thinking,2,7,7,logistic_f1,0.5333333333333333,higher,0.5333333333333333
Gemma4-E4B,native_thinking,2,7,7,ncc_recall,0.14285714285714285,higher,0.14285714285714285
Gemma4-E4B,native_thinking,2,7,7,silhouette_cosine,-0.2076839655637741,higher,-0.2076839655637741
Gemma4-E4B,native_thinking,2,7,7,within_trace,1980.719970703125,lower,-1980.719970703125
Gemma4-E4B,native_thinking,2,7,7,class_nc1_ratio,15.260503758844164,lower,-15.260503758844164
Gemma4-E4B,native_thinking,2,7,7,centroid_nearest_squared,128.4822998046875,higher,128.4822998046875
Gemma4-E4B,native_thinking,2,7,7,fisher_nearest,0.0648664635612667,higher,0.0648664635612667
Gemma4-E4B,native_thinking,2,7,7,min_bhattacharyya,1.9506263732910156,higher,1.9506263732910156
Gemma4-E4B,native_thinking,2,7,7,mean_bhattacharyya,2.8075899912251367,higher,2.8075899912251367
Gemma4-E4B,native_thinking,2,7,7,nc2_class_cosine_deviation,0.1970271133346322,lower,-0.1970271133346322
Gemma4-E4B,native_thinking,2,8,7,logistic_precision,0.5,higher,0.5
Gemma4-E4B,native_thinking,2,8,7,logistic_recall,0.2857142857142857,higher,0.2857142857142857
Gemma4-E4B,native_thinking,2,8,7,logistic_f1,0.36363636363636365,higher,0.36363636363636365
Gemma4-E4B,native_thinking,2,8,7,ncc_recall,0.14285714285714285,higher,0.14285714285714285
Gemma4-E4B,native_thinking,2,8,7,silhouette_cosine,-0.21163269877433777,higher,-0.21163269877433777
Gemma4-E4B,native_thinking,2,8,7,within_trace,1672.5400390625,lower,-1672.5400390625
Gemma4-E4B,native_thinking,2,8,7,class_nc1_ratio,23.32171549806289,lower,-23.32171549806289
Gemma4-E4B,native_thinking,2,8,7,centroid_nearest_squared,110.16218566894531,higher,110.16218566894531
Gemma4-E4B,native_thinking,2,8,7,fisher_nearest,0.06586520088971619,higher,0.06586520088971619
Gemma4-E4B,native_thinking,2,8,7,min_bhattacharyya,2.0174721479415894,higher,2.0174721479415894
Gemma4-E4B,native_thinking,2,8,7,mean_bhattacharyya,2.6182570258776345,higher,2.6182570258776345
Gemma4-E4B,native_thinking,2,8,7,nc2_class_cosine_deviation,0.19699512684234868,lower,-0.19699512684234868
Gemma4-E4B,native_thinking,2,9,5,logistic_precision,0.5,higher,0.5
Gemma4-E4B,native_thinking,2,9,5,logistic_recall,0.2,higher,0.2
Gemma4-E4B,native_thinking,2,9,5,logistic_f1,0.2857142857142857,higher,0.2857142857142857
Gemma4-E4B,native_thinking,2,9,5,ncc_recall,0.0,higher,0.0
Gemma4-E4B,native_thinking,2,9,5,silhouette_cosine,-0.22967620193958282,higher,-0.22967620193958282
Gemma4-E4B,native_thinking,2,9,5,within_trace,1982.815185546875,lower,-1982.815185546875
Gemma4-E4B,native_thinking,2,9,5,class_nc1_ratio,9.078585431298455,lower,-9.078585431298455
Gemma4-E4B,native_thinking,2,9,5,centroid_nearest_squared,265.3958740234375,higher,265.3958740234375
Gemma4-E4B,native_thinking,2,9,5,fisher_nearest,0.13384801365147875,higher,0.13384801365147875
Gemma4-E4B,native_thinking,2,9,5,min_bhattacharyya,2.3948289155960083,higher,2.3948289155960083
Gemma4-E4B,native_thinking,2,9,5,mean_bhattacharyya,3.1057030161221824,higher,3.1057030161221824
Gemma4-E4B,native_thinking,2,9,5,nc2_class_cosine_deviation,0.21538070520317115,lower,-0.21538070520317115
Gemma4-E4B,native_thinking,2,10,3,logistic_precision,0.2,higher,0.2
Gemma4-E4B,native_thinking,2,10,3,logistic_recall,0.6666666666666666,higher,0.6666666666666666
Gemma4-E4B,native_thinking,2,10,3,logistic_f1,0.3076923076923077,higher,0.3076923076923077
Gemma4-E4B,native_thinking,2,10,3,ncc_recall,0.0,higher,0.0
Gemma4-E4B,native_thinking,2,10,3,silhouette_cosine,-0.20661918818950653,higher,-0.20661918818950653
Gemma4-E4B,native_thinking,2,10,3,within_trace,1409.080810546875,lower,-1409.080810546875
Gemma4-E4B,native_thinking,2,10,3,class_nc1_ratio,4.368187121558123,lower,-4.368187121558123
Gemma4-E4B,native_thinking,2,10,3,centroid_nearest_squared,324.3722229003906,higher,324.3722229003906
Gemma4-E4B,native_thinking,2,10,3,fisher_nearest,0.2302012918439357,higher,0.2302012918439357
Gemma4-E4B,native_thinking,2,10,3,min_bhattacharyya,2.5749749541282654,higher,2.5749749541282654
Gemma4-E4B,native_thinking,2,10,3,mean_bhattacharyya,3.4498307373788624,higher,3.4498307373788624
Gemma4-E4B,native_thinking,2,10,3,nc2_class_cosine_deviation,0.1703095077364533,lower,-0.1703095077364533
Gemma4-E4B,non_thinking,3,1,10,logistic_precision,0.4,higher,0.4
Gemma4-E4B,non_thinking,3,1,10,logistic_recall,0.6,higher,0.6
Gemma4-E4B,non_thinking,3,1,10,logistic_f1,0.48,higher,0.48
Gemma4-E4B,non_thinking,3,1,10,ncc_recall,0.8,higher,0.8
Gemma4-E4B,non_thinking,3,1,10,silhouette_cosine,0.11500207334756851,higher,0.11500207334756851
Gemma4-E4B,non_thinking,3,1,10,within_trace,1655.591796875,lower,-1655.591796875
Gemma4-E4B,non_thinking,3,1,10,class_nc1_ratio,4.021530225900922,lower,-4.021530225900922
Gemma4-E4B,non_thinking,3,1,10,centroid_nearest_squared,373.8044128417969,higher,373.8044128417969
Gemma4-E4B,non_thinking,3,1,10,fisher_nearest,0.22578295782050178,higher,0.22578295782050178
Gemma4-E4B,non_thinking,3,1,10,min_bhattacharyya,4.23663055896759,higher,4.23663055896759
Gemma4-E4B,non_thinking,3,1,10,mean_bhattacharyya,5.124644504653083,higher,5.124644504653083
Gemma4-E4B,non_thinking,3,1,10,nc2_class_cosine_deviation,0.2678141006854949,lower,-0.2678141006854949
Gemma4-E4B,non_thinking,3,2,10,logistic_precision,0.16666666666666666,higher,0.16666666666666666
Gemma4-E4B,non_thinking,3,2,10,logistic_recall,0.1,higher,0.1
Gemma4-E4B,non_thinking,3,2,10,logistic_f1,0.125,higher,0.125
Gemma4-E4B,non_thinking,3,2,10,ncc_recall,0.0,higher,0.0
Gemma4-E4B,non_thinking,3,2,10,silhouette_cosine,-0.21807336807250977,higher,-0.21807336807250977
Gemma4-E4B,non_thinking,3,2,10,within_trace,2522.55322265625,lower,-2522.55322265625
Gemma4-E4B,non_thinking,3,2,10,class_nc1_ratio,19.73141429769353,lower,-19.73141429769353
Gemma4-E4B,non_thinking,3,2,10,centroid_nearest_squared,204.48321533203125,higher,204.48321533203125
Gemma4-E4B,non_thinking,3,2,10,fisher_nearest,0.08106200237738108,higher,0.08106200237738108
Gemma4-E4B,non_thinking,3,2,10,min_bhattacharyya,2.49163019657135,higher,2.49163019657135
Gemma4-E4B,non_thinking,3,2,10,mean_bhattacharyya,3.9730573892593384,higher,3.9730573892593384
Gemma4-E4B,non_thinking,3,2,10,nc2_class_cosine_deviation,0.2543710755690196,lower,-0.2543710755690196
Gemma4-E4B,non_thinking,3,3,10,logistic_precision,0.3333333333333333,higher,0.3333333333333333
Gemma4-E4B,non_thinking,3,3,10,logistic_recall,0.3,higher,0.3
Gemma4-E4B,non_thinking,3,3,10,logistic_f1,0.3157894736842105,higher,0.3157894736842105
Gemma4-E4B,non_thinking,3,3,10,ncc_recall,0.0,higher,0.0
Gemma4-E4B,non_thinking,3,3,10,silhouette_cosine,-0.23389491438865662,higher,-0.23389491438865662
Gemma4-E4B,non_thinking,3,3,10,within_trace,2435.55419921875,lower,-2435.55419921875
Gemma4-E4B,non_thinking,3,3,10,class_nc1_ratio,15.33225302275719,lower,-15.33225302275719
Gemma4-E4B,non_thinking,3,3,10,centroid_nearest_squared,239.97239685058594,higher,239.97239685058594
Gemma4-E4B,non_thinking,3,3,10,fisher_nearest,0.0985288674452663,higher,0.0985288674452663
Gemma4-E4B,non_thinking,3,3,10,min_bhattacharyya,2.49163019657135,higher,2.49163019657135
Gemma4-E4B,non_thinking,3,3,10,mean_bhattacharyya,3.7048588262663946,higher,3.7048588262663946
Gemma4-E4B,non_thinking,3,3,10,nc2_class_cosine_deviation,0.20121814709524682,lower,-0.20121814709524682
Gemma4-E4B,non_thinking,3,4,10,logistic_precision,0.16666666666666666,higher,0.16666666666666666
Gemma4-E4B,non_thinking,3,4,10,logistic_recall,0.2,higher,0.2
Gemma4-E4B,non_thinking,3,4,10,logistic_f1,0.18181818181818182,higher,0.18181818181818182
Gemma4-E4B,non_thinking,3,4,10,ncc_recall,0.0,higher,0.0
Gemma4-E4B,non_thinking,3,4,10,silhouette_cosine,-0.22934682667255402,higher,-0.22934682667255402
Gemma4-E4B,non_thinking,3,4,10,within_trace,2414.957763671875,lower,-2414.957763671875
Gemma4-E4B,non_thinking,3,4,10,class_nc1_ratio,16.099499748424034,lower,-16.099499748424034
Gemma4-E4B,non_thinking,3,4,10,centroid_nearest_squared,185.38043212890625,higher,185.38043212890625
Gemma4-E4B,non_thinking,3,4,10,fisher_nearest,0.07676342622532684,higher,0.07676342622532684
Gemma4-E4B,non_thinking,3,4,10,min_bhattacharyya,3.25445294380188,higher,3.25445294380188
Gemma4-E4B,non_thinking,3,4,10,mean_bhattacharyya,4.094756888018714,higher,4.094756888018714
Gemma4-E4B,non_thinking,3,4,10,nc2_class_cosine_deviation,0.30015020394398845,lower,-0.30015020394398845
Gemma4-E4B,non_thinking,3,5,10,logistic_precision,0.0,higher,0.0
Gemma4-E4B,non_thinking,3,5,10,logistic_recall,0.0,higher,0.0
Gemma4-E4B,non_thinking,3,5,10,logistic_f1,0.0,higher,0.0
Gemma4-E4B,non_thinking,3,5,10,ncc_recall,0.0,higher,0.0
Gemma4-E4B,non_thinking,3,5,10,silhouette_cosine,-0.15070421993732452,higher,-0.15070421993732452
Gemma4-E4B,non_thinking,3,5,10,within_trace,1927.875244140625,lower,-1927.875244140625
Gemma4-E4B,non_thinking,3,5,10,class_nc1_ratio,14.817635946167282,lower,-14.817635946167282
Gemma4-E4B,non_thinking,3,5,10,centroid_nearest_squared,204.48321533203125,higher,204.48321533203125
Gemma4-E4B,non_thinking,3,5,10,fisher_nearest,0.10606662228456709,higher,0.10606662228456709
Gemma4-E4B,non_thinking,3,5,10,min_bhattacharyya,3.1867414712905884,higher,3.1867414712905884
Gemma4-E4B,non_thinking,3,5,10,mean_bhattacharyya,3.871408290333218,higher,3.871408290333218
Gemma4-E4B,non_thinking,3,5,10,nc2_class_cosine_deviation,0.1596009647588671,lower,-0.1596009647588671
Gemma4-E4B,non_thinking,3,6,10,logistic_precision,0.2,higher,0.2
Gemma4-E4B,non_thinking,3,6,10,logistic_recall,0.2,higher,0.2
Gemma4-E4B,non_thinking,3,6,10,logistic_f1,0.2,higher,0.2
Gemma4-E4B,non_thinking,3,6,10,ncc_recall,0.0,higher,0.0
Gemma4-E4B,non_thinking,3,6,10,silhouette_cosine,-0.18625465035438538,higher,-0.18625465035438538
Gemma4-E4B,non_thinking,3,6,10,within_trace,1591.109619140625,lower,-1591.109619140625
Gemma4-E4B,non_thinking,3,6,10,class_nc1_ratio,9.436294366362993,lower,-9.436294366362993
Gemma4-E4B,non_thinking,3,6,10,centroid_nearest_squared,206.77334594726562,higher,206.77334594726562
Gemma4-E4B,non_thinking,3,6,10,fisher_nearest,0.12995543704835755,higher,0.12995543704835755
Gemma4-E4B,non_thinking,3,6,10,min_bhattacharyya,2.7882667183876038,higher,2.7882667183876038
Gemma4-E4B,non_thinking,3,6,10,mean_bhattacharyya,3.4767358832889133,higher,3.4767358832889133
Gemma4-E4B,non_thinking,3,6,10,nc2_class_cosine_deviation,0.26676424188010484,lower,-0.26676424188010484
Gemma4-E4B,non_thinking,3,7,10,logistic_precision,0.09090909090909091,higher,0.09090909090909091
Gemma4-E4B,non_thinking,3,7,10,logistic_recall,0.1,higher,0.1
Gemma4-E4B,non_thinking,3,7,10,logistic_f1,0.09523809523809523,higher,0.09523809523809523
Gemma4-E4B,non_thinking,3,7,10,ncc_recall,0.0,higher,0.0
Gemma4-E4B,non_thinking,3,7,10,silhouette_cosine,-0.22520489990711212,higher,-0.22520489990711212
Gemma4-E4B,non_thinking,3,7,10,within_trace,1689.991455078125,lower,-1689.991455078125
Gemma4-E4B,non_thinking,3,7,10,class_nc1_ratio,16.973716672886432,lower,-16.973716672886432
Gemma4-E4B,non_thinking,3,7,10,centroid_nearest_squared,206.77334594726562,higher,206.77334594726562
Gemma4-E4B,non_thinking,3,7,10,fisher_nearest,0.12235171090714592,higher,0.12235171090714592
Gemma4-E4B,non_thinking,3,7,10,min_bhattacharyya,2.936604857444763,higher,2.936604857444763
Gemma4-E4B,non_thinking,3,7,10,mean_bhattacharyya,3.7142320010397167,higher,3.7142320010397167
Gemma4-E4B,non_thinking,3,7,10,nc2_class_cosine_deviation,0.1728307829456933,lower,-0.1728307829456933
Gemma4-E4B,non_thinking,3,8,10,logistic_precision,0.125,higher,0.125
Gemma4-E4B,non_thinking,3,8,10,logistic_recall,0.1,higher,0.1
Gemma4-E4B,non_thinking,3,8,10,logistic_f1,0.1111111111111111,higher,0.1111111111111111
Gemma4-E4B,non_thinking,3,8,10,ncc_recall,0.0,higher,0.0
Gemma4-E4B,non_thinking,3,8,10,silhouette_cosine,-0.08974626660346985,higher,-0.08974626660346985
Gemma4-E4B,non_thinking,3,8,10,within_trace,1262.668701171875,lower,-1262.668701171875
Gemma4-E4B,non_thinking,3,8,10,class_nc1_ratio,9.618499689858215,lower,-9.618499689858215
Gemma4-E4B,non_thinking,3,8,10,centroid_nearest_squared,148.67933654785156,higher,148.67933654785156
Gemma4-E4B,non_thinking,3,8,10,fisher_nearest,0.11775007680943005,higher,0.11775007680943005
Gemma4-E4B,non_thinking,3,8,10,min_bhattacharyya,2.7882667183876038,higher,2.7882667183876038
Gemma4-E4B,non_thinking,3,8,10,mean_bhattacharyya,3.966595106654697,higher,3.966595106654697
Gemma4-E4B,non_thinking,3,8,10,nc2_class_cosine_deviation,0.21443638154937897,lower,-0.21443638154937897
Gemma4-E4B,non_thinking,3,9,10,logistic_precision,0.0,higher,0.0
Gemma4-E4B,non_thinking,3,9,10,logistic_recall,0.0,higher,0.0
Gemma4-E4B,non_thinking,3,9,10,logistic_f1,0.0,higher,0.0
Gemma4-E4B,non_thinking,3,9,10,ncc_recall,0.1,higher,0.1
Gemma4-E4B,non_thinking,3,9,10,silhouette_cosine,-0.15431073307991028,higher,-0.15431073307991028
Gemma4-E4B,non_thinking,3,9,10,within_trace,1472.2568359375,lower,-1472.2568359375
Gemma4-E4B,non_thinking,3,9,10,class_nc1_ratio,10.888336800269187,lower,-10.888336800269187
Gemma4-E4B,non_thinking,3,9,10,centroid_nearest_squared,148.67933654785156,higher,148.67933654785156
Gemma4-E4B,non_thinking,3,9,10,fisher_nearest,0.10098736369811176,higher,0.10098736369811176
Gemma4-E4B,non_thinking,3,9,10,min_bhattacharyya,3.147965133190155,higher,3.147965133190155
Gemma4-E4B,non_thinking,3,9,10,mean_bhattacharyya,4.345702760749393,higher,4.345702760749393
Gemma4-E4B,non_thinking,3,9,10,nc2_class_cosine_deviation,0.1745054375058339,lower,-0.1745054375058339
Gemma4-E4B,non_thinking,3,10,10,logistic_precision,0.047619047619047616,higher,0.047619047619047616
Gemma4-E4B,non_thinking,3,10,10,logistic_recall,0.1,higher,0.1
Gemma4-E4B,non_thinking,3,10,10,logistic_f1,0.06451612903225806,higher,0.06451612903225806
Gemma4-E4B,non_thinking,3,10,10,ncc_recall,0.2,higher,0.2
Gemma4-E4B,non_thinking,3,10,10,silhouette_cosine,-0.19050662219524384,higher,-0.19050662219524384
Gemma4-E4B,non_thinking,3,10,10,within_trace,1994.38037109375,lower,-1994.38037109375
Gemma4-E4B,non_thinking,3,10,10,class_nc1_ratio,12.057325210177007,lower,-12.057325210177007
Gemma4-E4B,non_thinking,3,10,10,centroid_nearest_squared,185.38043212890625,higher,185.38043212890625
Gemma4-E4B,non_thinking,3,10,10,fisher_nearest,0.09295139222977845,higher,0.09295139222977845
Gemma4-E4B,non_thinking,3,10,10,min_bhattacharyya,3.2852718234062195,higher,3.2852718234062195
Gemma4-E4B,non_thinking,3,10,10,mean_bhattacharyya,4.390762342347039,higher,4.390762342347039
Gemma4-E4B,non_thinking,3,10,10,nc2_class_cosine_deviation,0.17622088530549299,lower,-0.17622088530549299
Gemma4-E4B,native_thinking,3,1,10,logistic_precision,0.875,higher,0.875
Gemma4-E4B,native_thinking,3,1,10,logistic_recall,0.7,higher,0.7
Gemma4-E4B,native_thinking,3,1,10,logistic_f1,0.7777777777777778,higher,0.7777777777777778
Gemma4-E4B,native_thinking,3,1,10,ncc_recall,0.4,higher,0.4
Gemma4-E4B,native_thinking,3,1,10,silhouette_cosine,0.008978165686130524,higher,0.008978165686130524
Gemma4-E4B,native_thinking,3,1,10,within_trace,1826.5057373046875,lower,-1826.5057373046875
Gemma4-E4B,native_thinking,3,1,10,class_nc1_ratio,5.708029884834866,lower,-5.708029884834866
Gemma4-E4B,native_thinking,3,1,10,centroid_nearest_squared,477.0093994140625,higher,477.0093994140625
Gemma4-E4B,native_thinking,3,1,10,fisher_nearest,0.2611595406855765,higher,0.2611595406855765
Gemma4-E4B,native_thinking,3,1,10,min_bhattacharyya,4.376480579376221,higher,4.376480579376221
Gemma4-E4B,native_thinking,3,1,10,mean_bhattacharyya,5.258799129062229,higher,5.258799129062229
Gemma4-E4B,native_thinking,3,1,10,nc2_class_cosine_deviation,0.1900339192814297,lower,-0.1900339192814297
Gemma4-E4B,native_thinking,3,2,7,logistic_precision,0.375,higher,0.375
Gemma4-E4B,native_thinking,3,2,7,logistic_recall,0.42857142857142855,higher,0.42857142857142855
Gemma4-E4B,native_thinking,3,2,7,logistic_f1,0.4,higher,0.4
Gemma4-E4B,native_thinking,3,2,7,ncc_recall,0.5714285714285714,higher,0.5714285714285714
Gemma4-E4B,native_thinking,3,2,7,silhouette_cosine,-0.17285847663879395,higher,-0.17285847663879395
Gemma4-E4B,native_thinking,3,2,7,within_trace,1716.8514404296875,lower,-1716.8514404296875
Gemma4-E4B,native_thinking,3,2,7,class_nc1_ratio,15.798231163870483,lower,-15.798231163870483
Gemma4-E4B,native_thinking,3,2,7,centroid_nearest_squared,145.69964599609375,higher,145.69964599609375
Gemma4-E4B,native_thinking,3,2,7,fisher_nearest,0.08486444579015442,higher,0.08486444579015442
Gemma4-E4B,native_thinking,3,2,7,min_bhattacharyya,2.0317662954330444,higher,2.0317662954330444
Gemma4-E4B,native_thinking,3,2,7,mean_bhattacharyya,3.3187786274486117,higher,3.3187786274486117
Gemma4-E4B,native_thinking,3,2,7,nc2_class_cosine_deviation,0.1624000431670819,lower,-0.1624000431670819
Gemma4-E4B,native_thinking,3,3,7,logistic_precision,0.3333333333333333,higher,0.3333333333333333
Gemma4-E4B,native_thinking,3,3,7,logistic_recall,0.2857142857142857,higher,0.2857142857142857
Gemma4-E4B,native_thinking,3,3,7,logistic_f1,0.3076923076923077,higher,0.3076923076923077
Gemma4-E4B,native_thinking,3,3,7,ncc_recall,0.0,higher,0.0
Gemma4-E4B,native_thinking,3,3,7,silhouette_cosine,-0.1836337149143219,higher,-0.1836337149143219
Gemma4-E4B,native_thinking,3,3,7,within_trace,1659.952392578125,lower,-1659.952392578125
Gemma4-E4B,native_thinking,3,3,7,class_nc1_ratio,22.062994580461353,lower,-22.062994580461353
Gemma4-E4B,native_thinking,3,3,7,centroid_nearest_squared,75.50871276855469,higher,75.50871276855469
Gemma4-E4B,native_thinking,3,3,7,fisher_nearest,0.04548848093846818,higher,0.04548848093846818
Gemma4-E4B,native_thinking,3,3,7,min_bhattacharyya,1.292624980211258,higher,1.292624980211258
Gemma4-E4B,native_thinking,3,3,7,mean_bhattacharyya,2.8413451082176633,higher,2.8413451082176633
Gemma4-E4B,native_thinking,3,3,7,nc2_class_cosine_deviation,0.1631391347374445,lower,-0.1631391347374445
Gemma4-E4B,native_thinking,3,4,7,logistic_precision,0.3333333333333333,higher,0.3333333333333333
Gemma4-E4B,native_thinking,3,4,7,logistic_recall,0.42857142857142855,higher,0.42857142857142855
Gemma4-E4B,native_thinking,3,4,7,logistic_f1,0.375,higher,0.375
Gemma4-E4B,native_thinking,3,4,7,ncc_recall,0.0,higher,0.0
Gemma4-E4B,native_thinking,3,4,7,silhouette_cosine,-0.18847878277301788,higher,-0.18847878277301788
Gemma4-E4B,native_thinking,3,4,7,within_trace,1708.52392578125,lower,-1708.52392578125
Gemma4-E4B,native_thinking,3,4,7,class_nc1_ratio,17.186986472362552,lower,-17.186986472362552
Gemma4-E4B,native_thinking,3,4,7,centroid_nearest_squared,142.73092651367188,higher,142.73092651367188
Gemma4-E4B,native_thinking,3,4,7,fisher_nearest,0.0835404903378253,higher,0.0835404903378253
Gemma4-E4B,native_thinking,3,4,7,min_bhattacharyya,2.0363471508026123,higher,2.0363471508026123
Gemma4-E4B,native_thinking,3,4,7,mean_bhattacharyya,2.7824484871493445,higher,2.7824484871493445
Gemma4-E4B,native_thinking,3,4,7,nc2_class_cosine_deviation,0.16730465624987342,lower,-0.16730465624987342
Gemma4-E4B,native_thinking,3,5,7,logistic_precision,0.5,higher,0.5
Gemma4-E4B,native_thinking,3,5,7,logistic_recall,0.2857142857142857,higher,0.2857142857142857
Gemma4-E4B,native_thinking,3,5,7,logistic_f1,0.36363636363636365,higher,0.36363636363636365
Gemma4-E4B,native_thinking,3,5,7,ncc_recall,0.0,higher,0.0
Gemma4-E4B,native_thinking,3,5,7,silhouette_cosine,-0.19593024253845215,higher,-0.19593024253845215
Gemma4-E4B,native_thinking,3,5,7,within_trace,1712.498291015625,lower,-1712.498291015625
Gemma4-E4B,native_thinking,3,5,7,class_nc1_ratio,18.327068330105227,lower,-18.327068330105227
Gemma4-E4B,native_thinking,3,5,7,centroid_nearest_squared,75.50871276855469,higher,75.50871276855469
Gemma4-E4B,native_thinking,3,5,7,fisher_nearest,0.04409272299114121,higher,0.04409272299114121
Gemma4-E4B,native_thinking,3,5,7,min_bhattacharyya,1.292624980211258,higher,1.292624980211258
Gemma4-E4B,native_thinking,3,5,7,mean_bhattacharyya,2.6973474621772766,higher,2.6973474621772766
Gemma4-E4B,native_thinking,3,5,7,nc2_class_cosine_deviation,0.24927638298659416,lower,-0.24927638298659416
Gemma4-E4B,native_thinking,3,6,7,logistic_precision,0.2,higher,0.2
Gemma4-E4B,native_thinking,3,6,7,logistic_recall,0.14285714285714285,higher,0.14285714285714285
Gemma4-E4B,native_thinking,3,6,7,logistic_f1,0.16666666666666666,higher,0.16666666666666666
Gemma4-E4B,native_thinking,3,6,7,ncc_recall,0.0,higher,0.0
Gemma4-E4B,native_thinking,3,6,7,silhouette_cosine,-0.1838235706090927,higher,-0.1838235706090927
Gemma4-E4B,native_thinking,3,6,7,within_trace,1647.9132080078125,lower,-1647.9132080078125
Gemma4-E4B,native_thinking,3,6,7,class_nc1_ratio,12.29794032024057,lower,-12.29794032024057
Gemma4-E4B,native_thinking,3,6,7,centroid_nearest_squared,191.03195190429688,higher,191.03195190429688
Gemma4-E4B,native_thinking,3,6,7,fisher_nearest,0.1159235516627956,higher,0.1159235516627956
Gemma4-E4B,native_thinking,3,6,7,min_bhattacharyya,2.1080182492733,higher,2.1080182492733
Gemma4-E4B,native_thinking,3,6,7,mean_bhattacharyya,3.0228699478838177,higher,3.0228699478838177
Gemma4-E4B,native_thinking,3,6,7,nc2_class_cosine_deviation,0.13276603539692766,lower,-0.13276603539692766
Gemma4-E4B,native_thinking,3,7,7,logistic_precision,0.3333333333333333,higher,0.3333333333333333
Gemma4-E4B,native_thinking,3,7,7,logistic_recall,0.7142857142857143,higher,0.7142857142857143
Gemma4-E4B,native_thinking,3,7,7,logistic_f1,0.45454545454545453,higher,0.45454545454545453
Gemma4-E4B,native_thinking,3,7,7,ncc_recall,0.14285714285714285,higher,0.14285714285714285
Gemma4-E4B,native_thinking,3,7,7,silhouette_cosine,-0.19224250316619873,higher,-0.19224250316619873
Gemma4-E4B,native_thinking,3,7,7,within_trace,1806.874755859375,lower,-1806.874755859375
Gemma4-E4B,native_thinking,3,7,7,class_nc1_ratio,15.750530959604594,lower,-15.750530959604594
Gemma4-E4B,native_thinking,3,7,7,centroid_nearest_squared,142.73092651367188,higher,142.73092651367188
Gemma4-E4B,native_thinking,3,7,7,fisher_nearest,0.07899325952217814,higher,0.07899325952217814
Gemma4-E4B,native_thinking,3,7,7,min_bhattacharyya,2.0363471508026123,higher,2.0363471508026123
Gemma4-E4B,native_thinking,3,7,7,mean_bhattacharyya,2.8707984222306147,higher,2.8707984222306147
Gemma4-E4B,native_thinking,3,7,7,nc2_class_cosine_deviation,0.1462095026616697,lower,-0.1462095026616697
Gemma4-E4B,native_thinking,3,8,7,logistic_precision,0.5,higher,0.5
Gemma4-E4B,native_thinking,3,8,7,logistic_recall,0.2857142857142857,higher,0.2857142857142857
Gemma4-E4B,native_thinking,3,8,7,logistic_f1,0.36363636363636365,higher,0.36363636363636365
Gemma4-E4B,native_thinking,3,8,7,ncc_recall,0.14285714285714285,higher,0.14285714285714285
Gemma4-E4B,native_thinking,3,8,7,silhouette_cosine,-0.199058398604393,higher,-0.199058398604393
Gemma4-E4B,native_thinking,3,8,7,within_trace,1592.7012939453125,lower,-1592.7012939453125
Gemma4-E4B,native_thinking,3,8,7,class_nc1_ratio,23.03066978741233,lower,-23.03066978741233
Gemma4-E4B,native_thinking,3,8,7,centroid_nearest_squared,125.35455322265625,higher,125.35455322265625
Gemma4-E4B,native_thinking,3,8,7,fisher_nearest,0.07870562653473957,higher,0.07870562653473957
Gemma4-E4B,native_thinking,3,8,7,min_bhattacharyya,2.0618189573287964,higher,2.0618189573287964
Gemma4-E4B,native_thinking,3,8,7,mean_bhattacharyya,2.707562502887514,higher,2.707562502887514
Gemma4-E4B,native_thinking,3,8,7,nc2_class_cosine_deviation,0.15280961737404636,lower,-0.15280961737404636
Gemma4-E4B,native_thinking,3,9,5,logistic_precision,0.5,higher,0.5
Gemma4-E4B,native_thinking,3,9,5,logistic_recall,0.2,higher,0.2
Gemma4-E4B,native_thinking,3,9,5,logistic_f1,0.2857142857142857,higher,0.2857142857142857
Gemma4-E4B,native_thinking,3,9,5,ncc_recall,0.0,higher,0.0
Gemma4-E4B,native_thinking,3,9,5,silhouette_cosine,-0.21394681930541992,higher,-0.21394681930541992
Gemma4-E4B,native_thinking,3,9,5,within_trace,1793.3172607421875,lower,-1793.3172607421875
Gemma4-E4B,native_thinking,3,9,5,class_nc1_ratio,10.90038169860687,lower,-10.90038169860687
Gemma4-E4B,native_thinking,3,9,5,centroid_nearest_squared,210.82821655273438,higher,210.82821655273438
Gemma4-E4B,native_thinking,3,9,5,fisher_nearest,0.11756325618896926,higher,0.11756325618896926
Gemma4-E4B,native_thinking,3,9,5,min_bhattacharyya,2.4526544213294983,higher,2.4526544213294983
Gemma4-E4B,native_thinking,3,9,5,mean_bhattacharyya,3.120711882909139,higher,3.120711882909139
Gemma4-E4B,native_thinking,3,9,5,nc2_class_cosine_deviation,0.21317418140393718,lower,-0.21317418140393718
Gemma4-E4B,native_thinking,3,10,3,logistic_precision,0.16666666666666666,higher,0.16666666666666666
Gemma4-E4B,native_thinking,3,10,3,logistic_recall,0.3333333333333333,higher,0.3333333333333333
Gemma4-E4B,native_thinking,3,10,3,logistic_f1,0.2222222222222222,higher,0.2222222222222222
Gemma4-E4B,native_thinking,3,10,3,ncc_recall,0.0,higher,0.0
Gemma4-E4B,native_thinking,3,10,3,silhouette_cosine,-0.23978567123413086,higher,-0.23978567123413086
Gemma4-E4B,native_thinking,3,10,3,within_trace,1154.7294921875,lower,-1154.7294921875
Gemma4-E4B,native_thinking,3,10,3,class_nc1_ratio,5.0436515529590356,lower,-5.0436515529590356
Gemma4-E4B,native_thinking,3,10,3,centroid_nearest_squared,270.21942138671875,higher,270.21942138671875
Gemma4-E4B,native_thinking,3,10,3,fisher_nearest,0.23401101575297922,higher,0.23401101575297922
Gemma4-E4B,native_thinking,3,10,3,min_bhattacharyya,2.7635174989700317,higher,2.7635174989700317
Gemma4-E4B,native_thinking,3,10,3,mean_bhattacharyya,3.7582908074061074,higher,3.7582908074061074
Gemma4-E4B,native_thinking,3,10,3,nc2_class_cosine_deviation,0.13959395775088557,lower,-0.13959395775088557
Gemma4-E4B,non_thinking,4,1,10,logistic_precision,0.5,higher,0.5
Gemma4-E4B,non_thinking,4,1,10,logistic_recall,0.7,higher,0.7
Gemma4-E4B,non_thinking,4,1,10,logistic_f1,0.5833333333333334,higher,0.5833333333333334
Gemma4-E4B,non_thinking,4,1,10,ncc_recall,1.0,higher,1.0
Gemma4-E4B,non_thinking,4,1,10,silhouette_cosine,0.14922446012496948,higher,0.14922446012496948
Gemma4-E4B,non_thinking,4,1,10,within_trace,1332.145751953125,lower,-1332.145751953125
Gemma4-E4B,non_thinking,4,1,10,class_nc1_ratio,3.315486822482342,lower,-3.315486822482342
Gemma4-E4B,non_thinking,4,1,10,centroid_nearest_squared,355.80328369140625,higher,355.80328369140625
Gemma4-E4B,non_thinking,4,1,10,fisher_nearest,0.26709035641914214,higher,0.26709035641914214
Gemma4-E4B,non_thinking,4,1,10,min_bhattacharyya,5.101595401763916,higher,5.101595401763916
Gemma4-E4B,non_thinking,4,1,10,mean_bhattacharyya,6.0068266656663685,higher,6.0068266656663685
Gemma4-E4B,non_thinking,4,1,10,nc2_class_cosine_deviation,0.2720275865752756,lower,-0.2720275865752756
Gemma4-E4B,non_thinking,4,2,10,logistic_precision,0.07692307692307693,higher,0.07692307692307693
Gemma4-E4B,non_thinking,4,2,10,logistic_recall,0.1,higher,0.1
Gemma4-E4B,non_thinking,4,2,10,logistic_f1,0.08695652173913043,higher,0.08695652173913043
Gemma4-E4B,non_thinking,4,2,10,ncc_recall,0.0,higher,0.0
Gemma4-E4B,non_thinking,4,2,10,silhouette_cosine,-0.24104014039039612,higher,-0.24104014039039612
Gemma4-E4B,non_thinking,4,2,10,within_trace,2404.358642578125,lower,-2404.358642578125
Gemma4-E4B,non_thinking,4,2,10,class_nc1_ratio,24.198862671738297,lower,-24.198862671738297
Gemma4-E4B,non_thinking,4,2,10,centroid_nearest_squared,193.98619079589844,higher,193.98619079589844
Gemma4-E4B,non_thinking,4,2,10,fisher_nearest,0.08068105454845646,higher,0.08068105454845646
Gemma4-E4B,non_thinking,4,2,10,min_bhattacharyya,2.6916134357452393,higher,2.6916134357452393
Gemma4-E4B,non_thinking,4,2,10,mean_bhattacharyya,4.0278481642405195,higher,4.0278481642405195
Gemma4-E4B,non_thinking,4,2,10,nc2_class_cosine_deviation,0.207402190308512,lower,-0.207402190308512
Gemma4-E4B,non_thinking,4,3,10,logistic_precision,0.1111111111111111,higher,0.1111111111111111
Gemma4-E4B,non_thinking,4,3,10,logistic_recall,0.1,higher,0.1
Gemma4-E4B,non_thinking,4,3,10,logistic_f1,0.10526315789473684,higher,0.10526315789473684
Gemma4-E4B,non_thinking,4,3,10,ncc_recall,0.0,higher,0.0
Gemma4-E4B,non_thinking,4,3,10,silhouette_cosine,-0.23882775008678436,higher,-0.23882775008678436
Gemma4-E4B,non_thinking,4,3,10,within_trace,2318.474365234375,lower,-2318.474365234375
Gemma4-E4B,non_thinking,4,3,10,class_nc1_ratio,16.50395512731873,lower,-16.50395512731873
Gemma4-E4B,non_thinking,4,3,10,centroid_nearest_squared,178.8765869140625,higher,178.8765869140625
Gemma4-E4B,non_thinking,4,3,10,fisher_nearest,0.07715271283406225,higher,0.07715271283406225
Gemma4-E4B,non_thinking,4,3,10,min_bhattacharyya,2.6916134357452393,higher,2.6916134357452393
Gemma4-E4B,non_thinking,4,3,10,mean_bhattacharyya,3.826867997646332,higher,3.826867997646332
Gemma4-E4B,non_thinking,4,3,10,nc2_class_cosine_deviation,0.27683359336245944,lower,-0.27683359336245944
Gemma4-E4B,non_thinking,4,4,10,logistic_precision,0.15789473684210525,higher,0.15789473684210525
Gemma4-E4B,non_thinking,4,4,10,logistic_recall,0.3,higher,0.3
Gemma4-E4B,non_thinking,4,4,10,logistic_f1,0.20689655172413793,higher,0.20689655172413793
Gemma4-E4B,non_thinking,4,4,10,ncc_recall,0.0,higher,0.0
Gemma4-E4B,non_thinking,4,4,10,silhouette_cosine,-0.23892159759998322,higher,-0.23892159759998322
Gemma4-E4B,non_thinking,4,4,10,within_trace,2286.5048828125,lower,-2286.5048828125
Gemma4-E4B,non_thinking,4,4,10,class_nc1_ratio,14.276645858161706,lower,-14.276645858161706
Gemma4-E4B,non_thinking,4,4,10,centroid_nearest_squared,156.10519409179688,higher,156.10519409179688
Gemma4-E4B,non_thinking,4,4,10,fisher_nearest,0.06827240792933743,higher,0.06827240792933743
Gemma4-E4B,non_thinking,4,4,10,min_bhattacharyya,3.4546058177948,higher,3.4546058177948
Gemma4-E4B,non_thinking,4,4,10,mean_bhattacharyya,4.1658958196640015,higher,4.1658958196640015
Gemma4-E4B,non_thinking,4,4,10,nc2_class_cosine_deviation,0.35553660503600115,lower,-0.35553660503600115
Gemma4-E4B,non_thinking,4,5,10,logistic_precision,0.0,higher,0.0
Gemma4-E4B,non_thinking,4,5,10,logistic_recall,0.0,higher,0.0
Gemma4-E4B,non_thinking,4,5,10,logistic_f1,0.0,higher,0.0
Gemma4-E4B,non_thinking,4,5,10,ncc_recall,0.0,higher,0.0
Gemma4-E4B,non_thinking,4,5,10,silhouette_cosine,-0.1743384301662445,higher,-0.1743384301662445
Gemma4-E4B,non_thinking,4,5,10,within_trace,1998.42333984375,lower,-1998.42333984375
Gemma4-E4B,non_thinking,4,5,10,class_nc1_ratio,16.857566505661328,lower,-16.857566505661328
Gemma4-E4B,non_thinking,4,5,10,centroid_nearest_squared,207.11920166015625,higher,207.11920166015625
Gemma4-E4B,non_thinking,4,5,10,fisher_nearest,0.10364130438766303,higher,0.10364130438766303
Gemma4-E4B,non_thinking,4,5,10,min_bhattacharyya,3.067070960998535,higher,3.067070960998535
Gemma4-E4B,non_thinking,4,5,10,mean_bhattacharyya,4.044740604029761,higher,4.044740604029761
Gemma4-E4B,non_thinking,4,5,10,nc2_class_cosine_deviation,0.13376032160939996,lower,-0.13376032160939996
Gemma4-E4B,non_thinking,4,6,10,logistic_precision,0.0,higher,0.0
Gemma4-E4B,non_thinking,4,6,10,logistic_recall,0.0,higher,0.0
Gemma4-E4B,non_thinking,4,6,10,logistic_f1,0.0,higher,0.0
Gemma4-E4B,non_thinking,4,6,10,ncc_recall,0.0,higher,0.0
Gemma4-E4B,non_thinking,4,6,10,silhouette_cosine,-0.17179900407791138,higher,-0.17179900407791138
Gemma4-E4B,non_thinking,4,6,10,within_trace,1357.109375,lower,-1357.109375
Gemma4-E4B,non_thinking,4,6,10,class_nc1_ratio,10.481768397707185,lower,-10.481768397707185
Gemma4-E4B,non_thinking,4,6,10,centroid_nearest_squared,190.40139770507812,higher,190.40139770507812
Gemma4-E4B,non_thinking,4,6,10,fisher_nearest,0.1402992280596972,higher,0.1402992280596972
Gemma4-E4B,non_thinking,4,6,10,min_bhattacharyya,2.622467517852783,higher,2.622467517852783
Gemma4-E4B,non_thinking,4,6,10,mean_bhattacharyya,3.4001953734291925,higher,3.4001953734291925
Gemma4-E4B,non_thinking,4,6,10,nc2_class_cosine_deviation,0.2778625621655841,lower,-0.2778625621655841
Gemma4-E4B,non_thinking,4,7,10,logistic_precision,0.125,higher,0.125
Gemma4-E4B,non_thinking,4,7,10,logistic_recall,0.1,higher,0.1
Gemma4-E4B,non_thinking,4,7,10,logistic_f1,0.1111111111111111,higher,0.1111111111111111
Gemma4-E4B,non_thinking,4,7,10,ncc_recall,0.0,higher,0.0
Gemma4-E4B,non_thinking,4,7,10,silhouette_cosine,-0.23156550526618958,higher,-0.23156550526618958
Gemma4-E4B,non_thinking,4,7,10,within_trace,1601.72412109375,lower,-1601.72412109375
Gemma4-E4B,non_thinking,4,7,10,class_nc1_ratio,20.149996187704296,lower,-20.149996187704296
Gemma4-E4B,non_thinking,4,7,10,centroid_nearest_squared,190.40139770507812,higher,190.40139770507812
Gemma4-E4B,non_thinking,4,7,10,fisher_nearest,0.1188727791494212,higher,0.1188727791494212
Gemma4-E4B,non_thinking,4,7,10,min_bhattacharyya,2.8796210885047913,higher,2.8796210885047913
Gemma4-E4B,non_thinking,4,7,10,mean_bhattacharyya,3.8170307013723583,higher,3.8170307013723583
Gemma4-E4B,non_thinking,4,7,10,nc2_class_cosine_deviation,0.14069316819034242,lower,-0.14069316819034242
Gemma4-E4B,non_thinking,4,8,10,logistic_precision,0.0,higher,0.0
Gemma4-E4B,non_thinking,4,8,10,logistic_recall,0.0,higher,0.0
Gemma4-E4B,non_thinking,4,8,10,logistic_f1,0.0,higher,0.0
Gemma4-E4B,non_thinking,4,8,10,ncc_recall,0.0,higher,0.0
Gemma4-E4B,non_thinking,4,8,10,silhouette_cosine,-0.06836652010679245,higher,-0.06836652010679245
Gemma4-E4B,non_thinking,4,8,10,within_trace,1232.41015625,lower,-1232.41015625
Gemma4-E4B,non_thinking,4,8,10,class_nc1_ratio,8.193880736631014,lower,-8.193880736631014
Gemma4-E4B,non_thinking,4,8,10,centroid_nearest_squared,142.12496948242188,higher,142.12496948242188
Gemma4-E4B,non_thinking,4,8,10,fisher_nearest,0.11532278337828886,higher,0.11532278337828886
Gemma4-E4B,non_thinking,4,8,10,min_bhattacharyya,2.622467517852783,higher,2.622467517852783
Gemma4-E4B,non_thinking,4,8,10,mean_bhattacharyya,3.991356525156233,higher,3.991356525156233
Gemma4-E4B,non_thinking,4,8,10,nc2_class_cosine_deviation,0.32801561834819526,lower,-0.32801561834819526
Gemma4-E4B,non_thinking,4,9,10,logistic_precision,0.09090909090909091,higher,0.09090909090909091
Gemma4-E4B,non_thinking,4,9,10,logistic_recall,0.1,higher,0.1
Gemma4-E4B,non_thinking,4,9,10,logistic_f1,0.09523809523809523,higher,0.09523809523809523
Gemma4-E4B,non_thinking,4,9,10,ncc_recall,0.0,higher,0.0
Gemma4-E4B,non_thinking,4,9,10,silhouette_cosine,-0.1994386911392212,higher,-0.1994386911392212
Gemma4-E4B,non_thinking,4,9,10,within_trace,1450.176025390625,lower,-1450.176025390625
Gemma4-E4B,non_thinking,4,9,10,class_nc1_ratio,15.814924845483693,lower,-15.814924845483693
Gemma4-E4B,non_thinking,4,9,10,centroid_nearest_squared,142.12496948242188,higher,142.12496948242188
Gemma4-E4B,non_thinking,4,9,10,fisher_nearest,0.09800532279806415,higher,0.09800532279806415
Gemma4-E4B,non_thinking,4,9,10,min_bhattacharyya,3.5571645498275757,higher,3.5571645498275757
Gemma4-E4B,non_thinking,4,9,10,mean_bhattacharyya,4.615653925471836,higher,4.615653925471836
Gemma4-E4B,non_thinking,4,9,10,nc2_class_cosine_deviation,0.1384314980679824,lower,-0.1384314980679824
Gemma4-E4B,non_thinking,4,10,10,logistic_precision,0.2857142857142857,higher,0.2857142857142857
Gemma4-E4B,non_thinking,4,10,10,logistic_recall,0.4,higher,0.4
Gemma4-E4B,non_thinking,4,10,10,logistic_f1,0.3333333333333333,higher,0.3333333333333333
Gemma4-E4B,non_thinking,4,10,10,ncc_recall,0.2,higher,0.2
Gemma4-E4B,non_thinking,4,10,10,silhouette_cosine,-0.20931951701641083,higher,-0.20931951701641083
Gemma4-E4B,non_thinking,4,10,10,within_trace,1911.88525390625,lower,-1911.88525390625
Gemma4-E4B,non_thinking,4,10,10,class_nc1_ratio,12.257076706527222,lower,-12.257076706527222
Gemma4-E4B,non_thinking,4,10,10,centroid_nearest_squared,156.10519409179688,higher,156.10519409179688
Gemma4-E4B,non_thinking,4,10,10,fisher_nearest,0.08164987609630445,higher,0.08164987609630445
Gemma4-E4B,non_thinking,4,10,10,min_bhattacharyya,3.1897966861724854,higher,3.1897966861724854
Gemma4-E4B,non_thinking,4,10,10,mean_bhattacharyya,4.519013908174303,higher,4.519013908174303
Gemma4-E4B,non_thinking,4,10,10,nc2_class_cosine_deviation,0.23914996900216298,lower,-0.23914996900216298
Gemma4-E4B,native_thinking,4,1,10,logistic_precision,0.875,higher,0.875
Gemma4-E4B,native_thinking,4,1,10,logistic_recall,0.7,higher,0.7
Gemma4-E4B,native_thinking,4,1,10,logistic_f1,0.7777777777777778,higher,0.7777777777777778
Gemma4-E4B,native_thinking,4,1,10,ncc_recall,0.4,higher,0.4
Gemma4-E4B,native_thinking,4,1,10,silhouette_cosine,0.015620097517967224,higher,0.015620097517967224
Gemma4-E4B,native_thinking,4,1,10,within_trace,1998.5439453125,lower,-1998.5439453125
Gemma4-E4B,native_thinking,4,1,10,class_nc1_ratio,4.365218044946963,lower,-4.365218044946963
Gemma4-E4B,native_thinking,4,1,10,centroid_nearest_squared,649.7115478515625,higher,649.7115478515625
Gemma4-E4B,native_thinking,4,1,10,fisher_nearest,0.32509245011871435,higher,0.32509245011871435
Gemma4-E4B,native_thinking,4,1,10,min_bhattacharyya,5.357425212860107,higher,5.357425212860107
Gemma4-E4B,native_thinking,4,1,10,mean_bhattacharyya,6.1086802747514515,higher,6.1086802747514515
Gemma4-E4B,native_thinking,4,1,10,nc2_class_cosine_deviation,0.25302190811913694,lower,-0.25302190811913694
Gemma4-E4B,native_thinking,4,2,7,logistic_precision,0.8,higher,0.8
Gemma4-E4B,native_thinking,4,2,7,logistic_recall,0.5714285714285714,higher,0.5714285714285714
Gemma4-E4B,native_thinking,4,2,7,logistic_f1,0.6666666666666666,higher,0.6666666666666666
Gemma4-E4B,native_thinking,4,2,7,ncc_recall,0.5714285714285714,higher,0.5714285714285714
Gemma4-E4B,native_thinking,4,2,7,silhouette_cosine,-0.11870737373828888,higher,-0.11870737373828888
Gemma4-E4B,native_thinking,4,2,7,within_trace,1619.25830078125,lower,-1619.25830078125
Gemma4-E4B,native_thinking,4,2,7,class_nc1_ratio,9.148318330865528,lower,-9.148318330865528
Gemma4-E4B,native_thinking,4,2,7,centroid_nearest_squared,163.49819946289062,higher,163.49819946289062
Gemma4-E4B,native_thinking,4,2,7,fisher_nearest,0.100971042967022,higher,0.100971042967022
Gemma4-E4B,native_thinking,4,2,7,min_bhattacharyya,2.5193002223968506,higher,2.5193002223968506
Gemma4-E4B,native_thinking,4,2,7,mean_bhattacharyya,5.267509010103014,higher,5.267509010103014
Gemma4-E4B,native_thinking,4,2,7,nc2_class_cosine_deviation,0.19844777210627074,lower,-0.19844777210627074
Gemma4-E4B,native_thinking,4,3,7,logistic_precision,0.5,higher,0.5
Gemma4-E4B,native_thinking,4,3,7,logistic_recall,0.2857142857142857,higher,0.2857142857142857
Gemma4-E4B,native_thinking,4,3,7,logistic_f1,0.36363636363636365,higher,0.36363636363636365
Gemma4-E4B,native_thinking,4,3,7,ncc_recall,0.0,higher,0.0
Gemma4-E4B,native_thinking,4,3,7,silhouette_cosine,-0.13856203854084015,higher,-0.13856203854084015
Gemma4-E4B,native_thinking,4,3,7,within_trace,1581.66748046875,lower,-1581.66748046875
Gemma4-E4B,native_thinking,4,3,7,class_nc1_ratio,15.901174322955596,lower,-15.901174322955596
Gemma4-E4B,native_thinking,4,3,7,centroid_nearest_squared,98.2230224609375,higher,98.2230224609375
Gemma4-E4B,native_thinking,4,3,7,fisher_nearest,0.062100930615218625,higher,0.062100930615218625
Gemma4-E4B,native_thinking,4,3,7,min_bhattacharyya,1.914695143699646,higher,1.914695143699646
Gemma4-E4B,native_thinking,4,3,7,mean_bhattacharyya,4.043931033876207,higher,4.043931033876207
Gemma4-E4B,native_thinking,4,3,7,nc2_class_cosine_deviation,0.23340893978321997,lower,-0.23340893978321997
Gemma4-E4B,native_thinking,4,4,7,logistic_precision,0.3,higher,0.3
Gemma4-E4B,native_thinking,4,4,7,logistic_recall,0.42857142857142855,higher,0.42857142857142855
Gemma4-E4B,native_thinking,4,4,7,logistic_f1,0.35294117647058826,higher,0.35294117647058826
Gemma4-E4B,native_thinking,4,4,7,ncc_recall,0.14285714285714285,higher,0.14285714285714285
Gemma4-E4B,native_thinking,4,4,7,silhouette_cosine,-0.15792012214660645,higher,-0.15792012214660645
Gemma4-E4B,native_thinking,4,4,7,within_trace,1590.6766357421875,lower,-1590.6766357421875
Gemma4-E4B,native_thinking,4,4,7,class_nc1_ratio,16.427965369830453,lower,-16.427965369830453
Gemma4-E4B,native_thinking,4,4,7,centroid_nearest_squared,149.36639404296875,higher,149.36639404296875
Gemma4-E4B,native_thinking,4,4,7,fisher_nearest,0.09390116802292534,higher,0.09390116802292534
Gemma4-E4B,native_thinking,4,4,7,min_bhattacharyya,2.503037929534912,higher,2.503037929534912
Gemma4-E4B,native_thinking,4,4,7,mean_bhattacharyya,3.6083800064192877,higher,3.6083800064192877
Gemma4-E4B,native_thinking,4,4,7,nc2_class_cosine_deviation,0.16029728393725773,lower,-0.16029728393725773
Gemma4-E4B,native_thinking,4,5,7,logistic_precision,0.375,higher,0.375
Gemma4-E4B,native_thinking,4,5,7,logistic_recall,0.42857142857142855,higher,0.42857142857142855
Gemma4-E4B,native_thinking,4,5,7,logistic_f1,0.4,higher,0.4
Gemma4-E4B,native_thinking,4,5,7,ncc_recall,0.0,higher,0.0
Gemma4-E4B,native_thinking,4,5,7,silhouette_cosine,-0.16958363354206085,higher,-0.16958363354206085
Gemma4-E4B,native_thinking,4,5,7,within_trace,1567.1427001953125,lower,-1567.1427001953125
Gemma4-E4B,native_thinking,4,5,7,class_nc1_ratio,17.992288625528335,lower,-17.992288625528335
Gemma4-E4B,native_thinking,4,5,7,centroid_nearest_squared,98.2230224609375,higher,98.2230224609375
Gemma4-E4B,native_thinking,4,5,7,fisher_nearest,0.06267650192206237,higher,0.06267650192206237
Gemma4-E4B,native_thinking,4,5,7,min_bhattacharyya,1.914695143699646,higher,1.914695143699646
Gemma4-E4B,native_thinking,4,5,7,mean_bhattacharyya,3.288038518693712,higher,3.288038518693712
Gemma4-E4B,native_thinking,4,5,7,nc2_class_cosine_deviation,0.22378252586924732,lower,-0.22378252586924732
Gemma4-E4B,native_thinking,4,6,7,logistic_precision,0.42857142857142855,higher,0.42857142857142855
Gemma4-E4B,native_thinking,4,6,7,logistic_recall,0.42857142857142855,higher,0.42857142857142855
Gemma4-E4B,native_thinking,4,6,7,logistic_f1,0.42857142857142855,higher,0.42857142857142855
Gemma4-E4B,native_thinking,4,6,7,ncc_recall,0.0,higher,0.0
Gemma4-E4B,native_thinking,4,6,7,silhouette_cosine,-0.16370640695095062,higher,-0.16370640695095062
Gemma4-E4B,native_thinking,4,6,7,within_trace,1553.4501953125,lower,-1553.4501953125
Gemma4-E4B,native_thinking,4,6,7,class_nc1_ratio,11.837462924234012,lower,-11.837462924234012
Gemma4-E4B,native_thinking,4,6,7,centroid_nearest_squared,165.64549255371094,higher,165.64549255371094
Gemma4-E4B,native_thinking,4,6,7,fisher_nearest,0.1066307069602504,higher,0.1066307069602504
Gemma4-E4B,native_thinking,4,6,7,min_bhattacharyya,2.278657078742981,higher,2.278657078742981
Gemma4-E4B,native_thinking,4,6,7,mean_bhattacharyya,3.5813720888561673,higher,3.5813720888561673
Gemma4-E4B,native_thinking,4,6,7,nc2_class_cosine_deviation,0.18278526541213563,lower,-0.18278526541213563
Gemma4-E4B,native_thinking,4,7,7,logistic_precision,0.36363636363636365,higher,0.36363636363636365
Gemma4-E4B,native_thinking,4,7,7,logistic_recall,0.5714285714285714,higher,0.5714285714285714
Gemma4-E4B,native_thinking,4,7,7,logistic_f1,0.4444444444444444,higher,0.4444444444444444
Gemma4-E4B,native_thinking,4,7,7,ncc_recall,0.2857142857142857,higher,0.2857142857142857
Gemma4-E4B,native_thinking,4,7,7,silhouette_cosine,-0.1641712337732315,higher,-0.1641712337732315
Gemma4-E4B,native_thinking,4,7,7,within_trace,1668.705322265625,lower,-1668.705322265625
Gemma4-E4B,native_thinking,4,7,7,class_nc1_ratio,13.837898772601246,lower,-13.837898772601246
Gemma4-E4B,native_thinking,4,7,7,centroid_nearest_squared,149.36639404296875,higher,149.36639404296875
Gemma4-E4B,native_thinking,4,7,7,fisher_nearest,0.0895103479625581,higher,0.0895103479625581
Gemma4-E4B,native_thinking,4,7,7,min_bhattacharyya,2.4322641491889954,higher,2.4322641491889954
Gemma4-E4B,native_thinking,4,7,7,mean_bhattacharyya,3.5408634079827204,higher,3.5408634079827204
Gemma4-E4B,native_thinking,4,7,7,nc2_class_cosine_deviation,0.25528593106126346,lower,-0.25528593106126346
Gemma4-E4B,native_thinking,4,8,7,logistic_precision,0.6,higher,0.6
Gemma4-E4B,native_thinking,4,8,7,logistic_recall,0.42857142857142855,higher,0.42857142857142855
Gemma4-E4B,native_thinking,4,8,7,logistic_f1,0.5,higher,0.5
Gemma4-E4B,native_thinking,4,8,7,ncc_recall,0.14285714285714285,higher,0.14285714285714285
Gemma4-E4B,native_thinking,4,8,7,silhouette_cosine,-0.17453248798847198,higher,-0.17453248798847198
Gemma4-E4B,native_thinking,4,8,7,within_trace,1485.415771484375,lower,-1485.415771484375
Gemma4-E4B,native_thinking,4,8,7,class_nc1_ratio,17.28266421123015,lower,-17.28266421123015
Gemma4-E4B,native_thinking,4,8,7,centroid_nearest_squared,137.80389404296875,higher,137.80389404296875
Gemma4-E4B,native_thinking,4,8,7,fisher_nearest,0.09277126087416011,higher,0.09277126087416011
Gemma4-E4B,native_thinking,4,8,7,min_bhattacharyya,2.278657078742981,higher,2.278657078742981
Gemma4-E4B,native_thinking,4,8,7,mean_bhattacharyya,3.4134406911002264,higher,3.4134406911002264
Gemma4-E4B,native_thinking,4,8,7,nc2_class_cosine_deviation,0.2892086989487763,lower,-0.2892086989487763
Gemma4-E4B,native_thinking,4,9,5,logistic_precision,0.5,higher,0.5
Gemma4-E4B,native_thinking,4,9,5,logistic_recall,0.4,higher,0.4
Gemma4-E4B,native_thinking,4,9,5,logistic_f1,0.4444444444444444,higher,0.4444444444444444
Gemma4-E4B,native_thinking,4,9,5,ncc_recall,0.0,higher,0.0
Gemma4-E4B,native_thinking,4,9,5,silhouette_cosine,-0.19141069054603577,higher,-0.19141069054603577
Gemma4-E4B,native_thinking,4,9,5,within_trace,1600.79248046875,lower,-1600.79248046875
Gemma4-E4B,native_thinking,4,9,5,class_nc1_ratio,8.943154195836334,lower,-8.943154195836334
Gemma4-E4B,native_thinking,4,9,5,centroid_nearest_squared,185.24395751953125,higher,185.24395751953125
Gemma4-E4B,native_thinking,4,9,5,fisher_nearest,0.11572015722193262,higher,0.11572015722193262
Gemma4-E4B,native_thinking,4,9,5,min_bhattacharyya,2.5013639330863953,higher,2.5013639330863953
Gemma4-E4B,native_thinking,4,9,5,mean_bhattacharyya,3.8015786475605435,higher,3.8015786475605435
Gemma4-E4B,native_thinking,4,9,5,nc2_class_cosine_deviation,0.27995911212982955,lower,-0.27995911212982955
Gemma4-E4B,native_thinking,4,10,3,logistic_precision,0.4,higher,0.4
Gemma4-E4B,native_thinking,4,10,3,logistic_recall,0.6666666666666666,higher,0.6666666666666666
Gemma4-E4B,native_thinking,4,10,3,logistic_f1,0.5,higher,0.5
Gemma4-E4B,native_thinking,4,10,3,ncc_recall,0.0,higher,0.0
Gemma4-E4B,native_thinking,4,10,3,silhouette_cosine,-0.23622195422649384,higher,-0.23622195422649384
Gemma4-E4B,native_thinking,4,10,3,within_trace,1109.97216796875,lower,-1109.97216796875
Gemma4-E4B,native_thinking,4,10,3,class_nc1_ratio,4.412798518620789,lower,-4.412798518620789
Gemma4-E4B,native_thinking,4,10,3,centroid_nearest_squared,257.5480041503906,higher,257.5480041503906
Gemma4-E4B,native_thinking,4,10,3,fisher_nearest,0.2320310468880528,higher,0.2320310468880528
Gemma4-E4B,native_thinking,4,10,3,min_bhattacharyya,2.866696000099182,higher,2.866696000099182
Gemma4-E4B,native_thinking,4,10,3,mean_bhattacharyya,4.865616003672282,higher,4.865616003672282
Gemma4-E4B,native_thinking,4,10,3,nc2_class_cosine_deviation,0.21173167385068942,lower,-0.21173167385068942
Gemma4-E4B,non_thinking,5,1,10,logistic_precision,1.0,higher,1.0
Gemma4-E4B,non_thinking,5,1,10,logistic_recall,1.0,higher,1.0
Gemma4-E4B,non_thinking,5,1,10,logistic_f1,1.0,higher,1.0
Gemma4-E4B,non_thinking,5,1,10,ncc_recall,1.0,higher,1.0
Gemma4-E4B,non_thinking,5,1,10,silhouette_cosine,0.8549805879592896,higher,0.8549805879592896
Gemma4-E4B,non_thinking,5,1,10,within_trace,673.7962646484375,lower,-673.7962646484375
Gemma4-E4B,non_thinking,5,1,10,class_nc1_ratio,0.1453753411613403,lower,-0.1453753411613403
Gemma4-E4B,non_thinking,5,1,10,centroid_nearest_squared,4284.8466796875,higher,4284.8466796875
Gemma4-E4B,non_thinking,5,1,10,fisher_nearest,6.359261552040776,higher,6.359261552040776
Gemma4-E4B,non_thinking,5,1,10,min_bhattacharyya,45.72886276245117,higher,45.72886276245117
Gemma4-E4B,non_thinking,5,1,10,mean_bhattacharyya,93.78606414794922,higher,93.78606414794922
Gemma4-E4B,non_thinking,5,1,10,nc2_class_cosine_deviation,0.5449590565245828,lower,-0.5449590565245828
Gemma4-E4B,non_thinking,5,2,10,logistic_precision,0.5,higher,0.5
Gemma4-E4B,non_thinking,5,2,10,logistic_recall,0.6,higher,0.6
Gemma4-E4B,non_thinking,5,2,10,logistic_f1,0.5454545454545454,higher,0.5454545454545454
Gemma4-E4B,non_thinking,5,2,10,ncc_recall,0.8,higher,0.8
Gemma4-E4B,non_thinking,5,2,10,silhouette_cosine,-0.12686030566692352,higher,-0.12686030566692352
Gemma4-E4B,non_thinking,5,2,10,within_trace,1925.953857421875,lower,-1925.953857421875
Gemma4-E4B,non_thinking,5,2,10,class_nc1_ratio,8.142290846947162,lower,-8.142290846947162
Gemma4-E4B,non_thinking,5,2,10,centroid_nearest_squared,186.22889709472656,higher,186.22889709472656
Gemma4-E4B,non_thinking,5,2,10,fisher_nearest,0.09669437114345862,higher,0.09669437114345862
Gemma4-E4B,non_thinking,5,2,10,min_bhattacharyya,2.4870384335517883,higher,2.4870384335517883
Gemma4-E4B,non_thinking,5,2,10,mean_bhattacharyya,11.305203338464102,higher,11.305203338464102
Gemma4-E4B,non_thinking,5,2,10,nc2_class_cosine_deviation,0.4250734293902362,lower,-0.4250734293902362
Gemma4-E4B,non_thinking,5,3,10,logistic_precision,0.2857142857142857,higher,0.2857142857142857
Gemma4-E4B,non_thinking,5,3,10,logistic_recall,0.2,higher,0.2
Gemma4-E4B,non_thinking,5,3,10,logistic_f1,0.23529411764705882,higher,0.23529411764705882
Gemma4-E4B,non_thinking,5,3,10,ncc_recall,0.0,higher,0.0
Gemma4-E4B,non_thinking,5,3,10,silhouette_cosine,-0.15817208588123322,higher,-0.15817208588123322
Gemma4-E4B,non_thinking,5,3,10,within_trace,1723.280029296875,lower,-1723.280029296875
Gemma4-E4B,non_thinking,5,3,10,class_nc1_ratio,13.129230683887293,lower,-13.129230683887293
Gemma4-E4B,non_thinking,5,3,10,centroid_nearest_squared,61.57965850830078,higher,61.57965850830078
Gemma4-E4B,non_thinking,5,3,10,fisher_nearest,0.03573398255733645,higher,0.03573398255733645
Gemma4-E4B,non_thinking,5,3,10,min_bhattacharyya,2.4229916036129,higher,2.4229916036129
Gemma4-E4B,non_thinking,5,3,10,mean_bhattacharyya,11.44569879439142,higher,11.44569879439142
Gemma4-E4B,non_thinking,5,3,10,nc2_class_cosine_deviation,0.2927187264517502,lower,-0.2927187264517502
Gemma4-E4B,non_thinking,5,4,10,logistic_precision,0.25,higher,0.25
Gemma4-E4B,non_thinking,5,4,10,logistic_recall,0.2,higher,0.2
Gemma4-E4B,non_thinking,5,4,10,logistic_f1,0.2222222222222222,higher,0.2222222222222222
Gemma4-E4B,non_thinking,5,4,10,ncc_recall,0.0,higher,0.0
Gemma4-E4B,non_thinking,5,4,10,silhouette_cosine,-0.18729734420776367,higher,-0.18729734420776367
Gemma4-E4B,non_thinking,5,4,10,within_trace,1651.79638671875,lower,-1651.79638671875
Gemma4-E4B,non_thinking,5,4,10,class_nc1_ratio,13.800583357472354,lower,-13.800583357472354
Gemma4-E4B,non_thinking,5,4,10,centroid_nearest_squared,61.57965850830078,higher,61.57965850830078
Gemma4-E4B,non_thinking,5,4,10,fisher_nearest,0.037280417249626725,higher,0.037280417249626725
Gemma4-E4B,non_thinking,5,4,10,min_bhattacharyya,2.4229916036129,higher,2.4229916036129
Gemma4-E4B,non_thinking,5,4,10,mean_bhattacharyya,11.61916764246093,higher,11.61916764246093
Gemma4-E4B,non_thinking,5,4,10,nc2_class_cosine_deviation,0.3426189252439841,lower,-0.3426189252439841
Gemma4-E4B,non_thinking,5,5,10,logistic_precision,0.23076923076923078,higher,0.23076923076923078
Gemma4-E4B,non_thinking,5,5,10,logistic_recall,0.3,higher,0.3
Gemma4-E4B,non_thinking,5,5,10,logistic_f1,0.2608695652173913,higher,0.2608695652173913
Gemma4-E4B,non_thinking,5,5,10,ncc_recall,0.2,higher,0.2
Gemma4-E4B,non_thinking,5,5,10,silhouette_cosine,-0.18802869319915771,higher,-0.18802869319915771
Gemma4-E4B,non_thinking,5,5,10,within_trace,1493.328125,lower,-1493.328125
Gemma4-E4B,non_thinking,5,5,10,class_nc1_ratio,16.42539977992736,lower,-16.42539977992736
Gemma4-E4B,non_thinking,5,5,10,centroid_nearest_squared,106.48323059082031,higher,106.48323059082031
Gemma4-E4B,non_thinking,5,5,10,fisher_nearest,0.07130598346617245,higher,0.07130598346617245
Gemma4-E4B,non_thinking,5,5,10,min_bhattacharyya,2.3518561720848083,higher,2.3518561720848083
Gemma4-E4B,non_thinking,5,5,10,mean_bhattacharyya,12.003913634353214,higher,12.003913634353214
Gemma4-E4B,non_thinking,5,5,10,nc2_class_cosine_deviation,0.5395916571587692,lower,-0.5395916571587692
Gemma4-E4B,non_thinking,5,6,10,logistic_precision,0.16666666666666666,higher,0.16666666666666666
Gemma4-E4B,non_thinking,5,6,10,logistic_recall,0.1,higher,0.1
Gemma4-E4B,non_thinking,5,6,10,logistic_f1,0.125,higher,0.125
Gemma4-E4B,non_thinking,5,6,10,ncc_recall,0.0,higher,0.0
Gemma4-E4B,non_thinking,5,6,10,silhouette_cosine,-0.12207631021738052,higher,-0.12207631021738052
Gemma4-E4B,non_thinking,5,6,10,within_trace,950.4992065429688,lower,-950.4992065429688
Gemma4-E4B,non_thinking,5,6,10,class_nc1_ratio,6.512798379592704,lower,-6.512798379592704
Gemma4-E4B,non_thinking,5,6,10,centroid_nearest_squared,92.20217895507812,higher,92.20217895507812
Gemma4-E4B,non_thinking,5,6,10,fisher_nearest,0.09700395152398267,higher,0.09700395152398267
Gemma4-E4B,non_thinking,5,6,10,min_bhattacharyya,1.9529297947883606,higher,1.9529297947883606
Gemma4-E4B,non_thinking,5,6,10,mean_bhattacharyya,13.16165757841534,higher,13.16165757841534
Gemma4-E4B,non_thinking,5,6,10,nc2_class_cosine_deviation,0.5069960154317044,lower,-0.5069960154317044
Gemma4-E4B,non_thinking,5,7,10,logistic_precision,0.25,higher,0.25
Gemma4-E4B,non_thinking,5,7,10,logistic_recall,0.2,higher,0.2
Gemma4-E4B,non_thinking,5,7,10,logistic_f1,0.2222222222222222,higher,0.2222222222222222
Gemma4-E4B,non_thinking,5,7,10,ncc_recall,0.2,higher,0.2
Gemma4-E4B,non_thinking,5,7,10,silhouette_cosine,-0.17519263923168182,higher,-0.17519263923168182
Gemma4-E4B,non_thinking,5,7,10,within_trace,1131.249755859375,lower,-1131.249755859375
Gemma4-E4B,non_thinking,5,7,10,class_nc1_ratio,7.123192277639761,lower,-7.123192277639761
Gemma4-E4B,non_thinking,5,7,10,centroid_nearest_squared,89.90290832519531,higher,89.90290832519531
Gemma4-E4B,non_thinking,5,7,10,fisher_nearest,0.07947220130615533,higher,0.07947220130615533
Gemma4-E4B,non_thinking,5,7,10,min_bhattacharyya,1.9529297947883606,higher,1.9529297947883606
Gemma4-E4B,non_thinking,5,7,10,mean_bhattacharyya,15.051046080059475,higher,15.051046080059475
Gemma4-E4B,non_thinking,5,7,10,nc2_class_cosine_deviation,0.6479336068402102,lower,-0.6479336068402102
Gemma4-E4B,non_thinking,5,8,10,logistic_precision,0.15384615384615385,higher,0.15384615384615385
Gemma4-E4B,non_thinking,5,8,10,logistic_recall,0.2,higher,0.2
Gemma4-E4B,non_thinking,5,8,10,logistic_f1,0.17391304347826086,higher,0.17391304347826086
Gemma4-E4B,non_thinking,5,8,10,ncc_recall,0.0,higher,0.0
Gemma4-E4B,non_thinking,5,8,10,silhouette_cosine,-0.041997961699962616,higher,-0.041997961699962616
Gemma4-E4B,non_thinking,5,8,10,within_trace,761.722900390625,lower,-761.722900390625
Gemma4-E4B,non_thinking,5,8,10,class_nc1_ratio,3.3034689757057425,lower,-3.3034689757057425
Gemma4-E4B,non_thinking,5,8,10,centroid_nearest_squared,59.84748458862305,higher,59.84748458862305
Gemma4-E4B,non_thinking,5,8,10,fisher_nearest,0.07856857731063645,higher,0.07856857731063645
Gemma4-E4B,non_thinking,5,8,10,min_bhattacharyya,2.2541332840919495,higher,2.2541332840919495
Gemma4-E4B,non_thinking,5,8,10,mean_bhattacharyya,17.026729438039993,higher,17.026729438039993
Gemma4-E4B,non_thinking,5,8,10,nc2_class_cosine_deviation,0.6149908046663543,lower,-0.6149908046663543
Gemma4-E4B,non_thinking,5,9,10,logistic_precision,0.08333333333333333,higher,0.08333333333333333
Gemma4-E4B,non_thinking,5,9,10,logistic_recall,0.1,higher,0.1
Gemma4-E4B,non_thinking,5,9,10,logistic_f1,0.09090909090909091,higher,0.09090909090909091
Gemma4-E4B,non_thinking,5,9,10,ncc_recall,0.6,higher,0.6
Gemma4-E4B,non_thinking,5,9,10,silhouette_cosine,-0.14875608682632446,higher,-0.14875608682632446
Gemma4-E4B,non_thinking,5,9,10,within_trace,835.2567138671875,lower,-835.2567138671875
Gemma4-E4B,non_thinking,5,9,10,class_nc1_ratio,3.449503858190862,lower,-3.449503858190862
Gemma4-E4B,non_thinking,5,9,10,centroid_nearest_squared,59.84748458862305,higher,59.84748458862305
Gemma4-E4B,non_thinking,5,9,10,fisher_nearest,0.07165160554236416,higher,0.07165160554236416
Gemma4-E4B,non_thinking,5,9,10,min_bhattacharyya,2.2541332840919495,higher,2.2541332840919495
Gemma4-E4B,non_thinking,5,9,10,mean_bhattacharyya,20.212109718057846,higher,20.212109718057846
Gemma4-E4B,non_thinking,5,9,10,nc2_class_cosine_deviation,0.6238668713672662,lower,-0.6238668713672662
Gemma4-E4B,non_thinking,5,10,10,logistic_precision,0.18181818181818182,higher,0.18181818181818182
Gemma4-E4B,non_thinking,5,10,10,logistic_recall,0.2,higher,0.2
Gemma4-E4B,non_thinking,5,10,10,logistic_f1,0.19047619047619047,higher,0.19047619047619047
Gemma4-E4B,non_thinking,5,10,10,ncc_recall,0.3,higher,0.3
Gemma4-E4B,non_thinking,5,10,10,silhouette_cosine,-0.11781658977270126,higher,-0.11781658977270126
Gemma4-E4B,non_thinking,5,10,10,within_trace,1015.9722290039062,lower,-1015.9722290039062
Gemma4-E4B,non_thinking,5,10,10,class_nc1_ratio,3.402233576983284,lower,-3.402233576983284
Gemma4-E4B,non_thinking,5,10,10,centroid_nearest_squared,97.07170867919922,higher,97.07170867919922
Gemma4-E4B,non_thinking,5,10,10,fisher_nearest,0.09554563196512923,higher,0.09554563196512923
Gemma4-E4B,non_thinking,5,10,10,min_bhattacharyya,2.6001302003860474,higher,2.6001302003860474
Gemma4-E4B,non_thinking,5,10,10,mean_bhattacharyya,19.50069499678082,higher,19.50069499678082
Gemma4-E4B,non_thinking,5,10,10,nc2_class_cosine_deviation,0.6173653059903486,lower,-0.6173653059903486
Gemma4-E4B,native_thinking,5,1,10,logistic_precision,1.0,higher,1.0
Gemma4-E4B,native_thinking,5,1,10,logistic_recall,0.7,higher,0.7
Gemma4-E4B,native_thinking,5,1,10,logistic_f1,0.8235294117647058,higher,0.8235294117647058
Gemma4-E4B,native_thinking,5,1,10,ncc_recall,0.5,higher,0.5
Gemma4-E4B,native_thinking,5,1,10,silhouette_cosine,0.04403580725193024,higher,0.04403580725193024
Gemma4-E4B,native_thinking,5,1,10,within_trace,1654.670654296875,lower,-1654.670654296875
Gemma4-E4B,native_thinking,5,1,10,class_nc1_ratio,4.6709126361038225,lower,-4.6709126361038225
Gemma4-E4B,native_thinking,5,1,10,centroid_nearest_squared,493.13861083984375,higher,493.13861083984375
Gemma4-E4B,native_thinking,5,1,10,fisher_nearest,0.2980282568976815,higher,0.2980282568976815
Gemma4-E4B,native_thinking,5,1,10,min_bhattacharyya,4.819193601608276,higher,4.819193601608276
Gemma4-E4B,native_thinking,5,1,10,mean_bhattacharyya,5.6739157570732965,higher,5.6739157570732965
Gemma4-E4B,native_thinking,5,1,10,nc2_class_cosine_deviation,0.20943955975918124,lower,-0.20943955975918124
Gemma4-E4B,native_thinking,5,2,7,logistic_precision,0.7142857142857143,higher,0.7142857142857143
Gemma4-E4B,native_thinking,5,2,7,logistic_recall,0.7142857142857143,higher,0.7142857142857143
Gemma4-E4B,native_thinking,5,2,7,logistic_f1,0.7142857142857143,higher,0.7142857142857143
Gemma4-E4B,native_thinking,5,2,7,ncc_recall,0.5714285714285714,higher,0.5714285714285714
Gemma4-E4B,native_thinking,5,2,7,silhouette_cosine,-0.13110855221748352,higher,-0.13110855221748352
Gemma4-E4B,native_thinking,5,2,7,within_trace,1407.6153564453125,lower,-1407.6153564453125
Gemma4-E4B,native_thinking,5,2,7,class_nc1_ratio,11.049585254921743,lower,-11.049585254921743
Gemma4-E4B,native_thinking,5,2,7,centroid_nearest_squared,137.07330322265625,higher,137.07330322265625
Gemma4-E4B,native_thinking,5,2,7,fisher_nearest,0.09737980094847147,higher,0.09737980094847147
Gemma4-E4B,native_thinking,5,2,7,min_bhattacharyya,2.3700960874557495,higher,2.3700960874557495
Gemma4-E4B,native_thinking,5,2,7,mean_bhattacharyya,4.510999162991841,higher,4.510999162991841
Gemma4-E4B,native_thinking,5,2,7,nc2_class_cosine_deviation,0.1864694183991279,lower,-0.1864694183991279
Gemma4-E4B,native_thinking,5,3,7,logistic_precision,0.4,higher,0.4
Gemma4-E4B,native_thinking,5,3,7,logistic_recall,0.2857142857142857,higher,0.2857142857142857
Gemma4-E4B,native_thinking,5,3,7,logistic_f1,0.3333333333333333,higher,0.3333333333333333
Gemma4-E4B,native_thinking,5,3,7,ncc_recall,0.14285714285714285,higher,0.14285714285714285
Gemma4-E4B,native_thinking,5,3,7,silhouette_cosine,-0.15078547596931458,higher,-0.15078547596931458
Gemma4-E4B,native_thinking,5,3,7,within_trace,1604.63671875,lower,-1604.63671875
Gemma4-E4B,native_thinking,5,3,7,class_nc1_ratio,17.36365643921432,lower,-17.36365643921432
Gemma4-E4B,native_thinking,5,3,7,centroid_nearest_squared,83.23783874511719,higher,83.23783874511719
Gemma4-E4B,native_thinking,5,3,7,fisher_nearest,0.05187332295995248,higher,0.05187332295995248
Gemma4-E4B,native_thinking,5,3,7,min_bhattacharyya,1.5196000337600708,higher,1.5196000337600708
Gemma4-E4B,native_thinking,5,3,7,mean_bhattacharyya,3.447535263167487,higher,3.447535263167487
Gemma4-E4B,native_thinking,5,3,7,nc2_class_cosine_deviation,0.22354198104046563,lower,-0.22354198104046563
Gemma4-E4B,native_thinking,5,4,7,logistic_precision,0.09090909090909091,higher,0.09090909090909091
Gemma4-E4B,native_thinking,5,4,7,logistic_recall,0.14285714285714285,higher,0.14285714285714285
Gemma4-E4B,native_thinking,5,4,7,logistic_f1,0.1111111111111111,higher,0.1111111111111111
Gemma4-E4B,native_thinking,5,4,7,ncc_recall,0.14285714285714285,higher,0.14285714285714285
Gemma4-E4B,native_thinking,5,4,7,silhouette_cosine,-0.1831177920103073,higher,-0.1831177920103073
Gemma4-E4B,native_thinking,5,4,7,within_trace,1621.4835205078125,lower,-1621.4835205078125
Gemma4-E4B,native_thinking,5,4,7,class_nc1_ratio,15.469403146772699,lower,-15.469403146772699
Gemma4-E4B,native_thinking,5,4,7,centroid_nearest_squared,153.46310424804688,higher,153.46310424804688
Gemma4-E4B,native_thinking,5,4,7,fisher_nearest,0.09464364102817749,higher,0.09464364102817749
Gemma4-E4B,native_thinking,5,4,7,min_bhattacharyya,2.354807734489441,higher,2.354807734489441
Gemma4-E4B,native_thinking,5,4,7,mean_bhattacharyya,3.241926199860043,higher,3.241926199860043
Gemma4-E4B,native_thinking,5,4,7,nc2_class_cosine_deviation,0.1517738427127493,lower,-0.1517738427127493
Gemma4-E4B,native_thinking,5,5,7,logistic_precision,0.5,higher,0.5
Gemma4-E4B,native_thinking,5,5,7,logistic_recall,0.14285714285714285,higher,0.14285714285714285
Gemma4-E4B,native_thinking,5,5,7,logistic_f1,0.2222222222222222,higher,0.2222222222222222
Gemma4-E4B,native_thinking,5,5,7,ncc_recall,0.0,higher,0.0
Gemma4-E4B,native_thinking,5,5,7,silhouette_cosine,-0.1884032040834427,higher,-0.1884032040834427
Gemma4-E4B,native_thinking,5,5,7,within_trace,1617.17822265625,lower,-1617.17822265625
Gemma4-E4B,native_thinking,5,5,7,class_nc1_ratio,16.980158771651197,lower,-16.980158771651197
Gemma4-E4B,native_thinking,5,5,7,centroid_nearest_squared,83.23783874511719,higher,83.23783874511719
Gemma4-E4B,native_thinking,5,5,7,fisher_nearest,0.05147103614120975,higher,0.05147103614120975
Gemma4-E4B,native_thinking,5,5,7,min_bhattacharyya,1.5196000337600708,higher,1.5196000337600708
Gemma4-E4B,native_thinking,5,5,7,mean_bhattacharyya,3.007981174521976,higher,3.007981174521976
Gemma4-E4B,native_thinking,5,5,7,nc2_class_cosine_deviation,0.1663480696302873,lower,-0.1663480696302873
Gemma4-E4B,native_thinking,5,6,7,logistic_precision,0.25,higher,0.25
Gemma4-E4B,native_thinking,5,6,7,logistic_recall,0.14285714285714285,higher,0.14285714285714285
Gemma4-E4B,native_thinking,5,6,7,logistic_f1,0.18181818181818182,higher,0.18181818181818182
Gemma4-E4B,native_thinking,5,6,7,ncc_recall,0.0,higher,0.0
Gemma4-E4B,native_thinking,5,6,7,silhouette_cosine,-0.19581195712089539,higher,-0.19581195712089539
Gemma4-E4B,native_thinking,5,6,7,within_trace,1593.981689453125,lower,-1593.981689453125
Gemma4-E4B,native_thinking,5,6,7,class_nc1_ratio,12.48514250150023,lower,-12.48514250150023
Gemma4-E4B,native_thinking,5,6,7,centroid_nearest_squared,199.1055450439453,higher,199.1055450439453
Gemma4-E4B,native_thinking,5,6,7,fisher_nearest,0.12491081068331213,higher,0.12491081068331213
Gemma4-E4B,native_thinking,5,6,7,min_bhattacharyya,2.391697943210602,higher,2.391697943210602
Gemma4-E4B,native_thinking,5,6,7,mean_bhattacharyya,3.1940120591057672,higher,3.1940120591057672
Gemma4-E4B,native_thinking,5,6,7,nc2_class_cosine_deviation,0.12406204962803995,lower,-0.12406204962803995
Gemma4-E4B,native_thinking,5,7,7,logistic_precision,0.1111111111111111,higher,0.1111111111111111
Gemma4-E4B,native_thinking,5,7,7,logistic_recall,0.2857142857142857,higher,0.2857142857142857
Gemma4-E4B,native_thinking,5,7,7,logistic_f1,0.16,higher,0.16
Gemma4-E4B,native_thinking,5,7,7,ncc_recall,0.14285714285714285,higher,0.14285714285714285
Gemma4-E4B,native_thinking,5,7,7,silhouette_cosine,-0.19043123722076416,higher,-0.19043123722076416
Gemma4-E4B,native_thinking,5,7,7,within_trace,1940.665283203125,lower,-1940.665283203125
Gemma4-E4B,native_thinking,5,7,7,class_nc1_ratio,15.201439378064984,lower,-15.201439378064984
Gemma4-E4B,native_thinking,5,7,7,centroid_nearest_squared,153.46310424804688,higher,153.46310424804688
Gemma4-E4B,native_thinking,5,7,7,fisher_nearest,0.07907757487924529,higher,0.07907757487924529
Gemma4-E4B,native_thinking,5,7,7,min_bhattacharyya,2.429482638835907,higher,2.429482638835907
Gemma4-E4B,native_thinking,5,7,7,mean_bhattacharyya,3.323238882753584,higher,3.323238882753584
Gemma4-E4B,native_thinking,5,7,7,nc2_class_cosine_deviation,0.21388593389664168,lower,-0.21388593389664168
Gemma4-E4B,native_thinking,5,8,7,logistic_precision,0.375,higher,0.375
Gemma4-E4B,native_thinking,5,8,7,logistic_recall,0.42857142857142855,higher,0.42857142857142855
Gemma4-E4B,native_thinking,5,8,7,logistic_f1,0.4,higher,0.4
Gemma4-E4B,native_thinking,5,8,7,ncc_recall,0.14285714285714285,higher,0.14285714285714285
Gemma4-E4B,native_thinking,5,8,7,silhouette_cosine,-0.19498369097709656,higher,-0.19498369097709656
Gemma4-E4B,native_thinking,5,8,7,within_trace,1468.8658447265625,lower,-1468.8658447265625
Gemma4-E4B,native_thinking,5,8,7,class_nc1_ratio,16.19497275892915,lower,-16.19497275892915
Gemma4-E4B,native_thinking,5,8,7,centroid_nearest_squared,131.19442749023438,higher,131.19442749023438
Gemma4-E4B,native_thinking,5,8,7,fisher_nearest,0.08931682083918081,higher,0.08931682083918081
Gemma4-E4B,native_thinking,5,8,7,min_bhattacharyya,2.2101327180862427,higher,2.2101327180862427
Gemma4-E4B,native_thinking,5,8,7,mean_bhattacharyya,3.175070219569736,higher,3.175070219569736
Gemma4-E4B,native_thinking,5,8,7,nc2_class_cosine_deviation,0.19688900615330096,lower,-0.19688900615330096
Gemma4-E4B,native_thinking,5,9,5,logistic_precision,0.5,higher,0.5
Gemma4-E4B,native_thinking,5,9,5,logistic_recall,0.4,higher,0.4
Gemma4-E4B,native_thinking,5,9,5,logistic_f1,0.4444444444444444,higher,0.4444444444444444
Gemma4-E4B,native_thinking,5,9,5,ncc_recall,0.2,higher,0.2
Gemma4-E4B,native_thinking,5,9,5,silhouette_cosine,-0.22334058582782745,higher,-0.22334058582782745
Gemma4-E4B,native_thinking,5,9,5,within_trace,1610.167724609375,lower,-1610.167724609375
Gemma4-E4B,native_thinking,5,9,5,class_nc1_ratio,10.265696652792602,lower,-10.265696652792602
Gemma4-E4B,native_thinking,5,9,5,centroid_nearest_squared,159.1829833984375,higher,159.1829833984375
Gemma4-E4B,native_thinking,5,9,5,fisher_nearest,0.0988611192272253,higher,0.0988611192272253
Gemma4-E4B,native_thinking,5,9,5,min_bhattacharyya,2.1571521162986755,higher,2.1571521162986755
Gemma4-E4B,native_thinking,5,9,5,mean_bhattacharyya,3.503703859117296,higher,3.503703859117296
Gemma4-E4B,native_thinking,5,9,5,nc2_class_cosine_deviation,0.25697643199452647,lower,-0.25697643199452647
Gemma4-E4B,native_thinking,5,10,3,logistic_precision,1.0,higher,1.0
Gemma4-E4B,native_thinking,5,10,3,logistic_recall,0.3333333333333333,higher,0.3333333333333333
Gemma4-E4B,native_thinking,5,10,3,logistic_f1,0.5,higher,0.5
Gemma4-E4B,native_thinking,5,10,3,ncc_recall,0.0,higher,0.0
Gemma4-E4B,native_thinking,5,10,3,silhouette_cosine,-0.22298412024974823,higher,-0.22298412024974823
Gemma4-E4B,native_thinking,5,10,3,within_trace,1316.2490234375,lower,-1316.2490234375
Gemma4-E4B,native_thinking,5,10,3,class_nc1_ratio,4.579655058192756,lower,-4.579655058192756
Gemma4-E4B,native_thinking,5,10,3,centroid_nearest_squared,332.7099609375,higher,332.7099609375
Gemma4-E4B,native_thinking,5,10,3,fisher_nearest,0.2527712879654024,higher,0.2527712879654024
Gemma4-E4B,native_thinking,5,10,3,min_bhattacharyya,2.1571521162986755,higher,2.1571521162986755
Gemma4-E4B,native_thinking,5,10,3,mean_bhattacharyya,4.097561485237545,higher,4.097561485237545
Gemma4-E4B,native_thinking,5,10,3,nc2_class_cosine_deviation,0.14330428976703571,lower,-0.14330428976703571
Gemma4-E4B,non_thinking,6,1,10,logistic_precision,1.0,higher,1.0
Gemma4-E4B,non_thinking,6,1,10,logistic_recall,1.0,higher,1.0
Gemma4-E4B,non_thinking,6,1,10,logistic_f1,1.0,higher,1.0
Gemma4-E4B,non_thinking,6,1,10,ncc_recall,1.0,higher,1.0
Gemma4-E4B,non_thinking,6,1,10,silhouette_cosine,0.8086709976196289,higher,0.8086709976196289
Gemma4-E4B,non_thinking,6,1,10,within_trace,912.8582153320312,lower,-912.8582153320312
Gemma4-E4B,non_thinking,6,1,10,class_nc1_ratio,0.20373188621637564,lower,-0.20373188621637564
Gemma4-E4B,non_thinking,6,1,10,centroid_nearest_squared,4100.77001953125,higher,4100.77001953125
Gemma4-E4B,non_thinking,6,1,10,fisher_nearest,4.492231050404349,higher,4.492231050404349
Gemma4-E4B,non_thinking,6,1,10,min_bhattacharyya,38.421905517578125,higher,38.421905517578125
Gemma4-E4B,non_thinking,6,1,10,mean_bhattacharyya,73.41163126627605,higher,73.41163126627605
Gemma4-E4B,non_thinking,6,1,10,nc2_class_cosine_deviation,0.5588831916267488,lower,-0.5588831916267488
Gemma4-E4B,non_thinking,6,2,10,logistic_precision,0.5333333333333333,higher,0.5333333333333333
Gemma4-E4B,non_thinking,6,2,10,logistic_recall,0.8,higher,0.8
Gemma4-E4B,non_thinking,6,2,10,logistic_f1,0.64,higher,0.64
Gemma4-E4B,non_thinking,6,2,10,ncc_recall,0.7,higher,0.7
Gemma4-E4B,non_thinking,6,2,10,silhouette_cosine,-0.10596128553152084,higher,-0.10596128553152084
Gemma4-E4B,non_thinking,6,2,10,within_trace,1780.0859375,lower,-1780.0859375
Gemma4-E4B,non_thinking,6,2,10,class_nc1_ratio,7.648936639032678,lower,-7.648936639032678
Gemma4-E4B,non_thinking,6,2,10,centroid_nearest_squared,232.17910766601562,higher,232.17910766601562
Gemma4-E4B,non_thinking,6,2,10,fisher_nearest,0.1304314037737381,higher,0.1304314037737381
Gemma4-E4B,non_thinking,6,2,10,min_bhattacharyya,2.891695261001587,higher,2.891695261001587
Gemma4-E4B,non_thinking,6,2,10,mean_bhattacharyya,10.189732564820183,higher,10.189732564820183
Gemma4-E4B,non_thinking,6,2,10,nc2_class_cosine_deviation,0.389215314829791,lower,-0.389215314829791
Gemma4-E4B,non_thinking,6,3,10,logistic_precision,0.0,higher,0.0
Gemma4-E4B,non_thinking,6,3,10,logistic_recall,0.0,higher,0.0
Gemma4-E4B,non_thinking,6,3,10,logistic_f1,0.0,higher,0.0
Gemma4-E4B,non_thinking,6,3,10,ncc_recall,0.0,higher,0.0
Gemma4-E4B,non_thinking,6,3,10,silhouette_cosine,-0.1572073996067047,higher,-0.1572073996067047
Gemma4-E4B,non_thinking,6,3,10,within_trace,1649.091796875,lower,-1649.091796875
Gemma4-E4B,non_thinking,6,3,10,class_nc1_ratio,16.317489614940566,lower,-16.317489614940566
Gemma4-E4B,non_thinking,6,3,10,centroid_nearest_squared,70.68429565429688,higher,70.68429565429688
Gemma4-E4B,non_thinking,6,3,10,fisher_nearest,0.04286255973636057,higher,0.04286255973636057
Gemma4-E4B,non_thinking,6,3,10,min_bhattacharyya,2.3337199687957764,higher,2.3337199687957764
Gemma4-E4B,non_thinking,6,3,10,mean_bhattacharyya,9.660548885663351,higher,9.660548885663351
Gemma4-E4B,non_thinking,6,3,10,nc2_class_cosine_deviation,0.28448843330512813,lower,-0.28448843330512813
Gemma4-E4B,non_thinking,6,4,10,logistic_precision,0.3333333333333333,higher,0.3333333333333333
Gemma4-E4B,non_thinking,6,4,10,logistic_recall,0.3,higher,0.3
Gemma4-E4B,non_thinking,6,4,10,logistic_f1,0.3157894736842105,higher,0.3157894736842105
Gemma4-E4B,non_thinking,6,4,10,ncc_recall,0.3,higher,0.3
Gemma4-E4B,non_thinking,6,4,10,silhouette_cosine,-0.18838758766651154,higher,-0.18838758766651154
Gemma4-E4B,non_thinking,6,4,10,within_trace,1636.875244140625,lower,-1636.875244140625
Gemma4-E4B,non_thinking,6,4,10,class_nc1_ratio,15.147675602448395,lower,-15.147675602448395
Gemma4-E4B,non_thinking,6,4,10,centroid_nearest_squared,70.68429565429688,higher,70.68429565429688
Gemma4-E4B,non_thinking,6,4,10,fisher_nearest,0.04318245749474133,higher,0.04318245749474133
Gemma4-E4B,non_thinking,6,4,10,min_bhattacharyya,2.3337199687957764,higher,2.3337199687957764
Gemma4-E4B,non_thinking,6,4,10,mean_bhattacharyya,9.863717847400242,higher,9.863717847400242
Gemma4-E4B,non_thinking,6,4,10,nc2_class_cosine_deviation,0.35013075209694144,lower,-0.35013075209694144
Gemma4-E4B,non_thinking,6,5,10,logistic_precision,0.3333333333333333,higher,0.3333333333333333
Gemma4-E4B,non_thinking,6,5,10,logistic_recall,0.3,higher,0.3
Gemma4-E4B,non_thinking,6,5,10,logistic_f1,0.3157894736842105,higher,0.3157894736842105
Gemma4-E4B,non_thinking,6,5,10,ncc_recall,0.2,higher,0.2
Gemma4-E4B,non_thinking,6,5,10,silhouette_cosine,-0.17838001251220703,higher,-0.17838001251220703
Gemma4-E4B,non_thinking,6,5,10,within_trace,1476.7347412109375,lower,-1476.7347412109375
Gemma4-E4B,non_thinking,6,5,10,class_nc1_ratio,16.42932812863191,lower,-16.42932812863191
Gemma4-E4B,non_thinking,6,5,10,centroid_nearest_squared,109.74005889892578,higher,109.74005889892578
Gemma4-E4B,non_thinking,6,5,10,fisher_nearest,0.07431264115106943,higher,0.07431264115106943
Gemma4-E4B,non_thinking,6,5,10,min_bhattacharyya,2.5436002016067505,higher,2.5436002016067505
Gemma4-E4B,non_thinking,6,5,10,mean_bhattacharyya,10.513257602850596,higher,10.513257602850596
Gemma4-E4B,non_thinking,6,5,10,nc2_class_cosine_deviation,0.5565399365660585,lower,-0.5565399365660585
Gemma4-E4B,non_thinking,6,6,10,logistic_precision,0.16666666666666666,higher,0.16666666666666666
Gemma4-E4B,non_thinking,6,6,10,logistic_recall,0.2,higher,0.2
Gemma4-E4B,non_thinking,6,6,10,logistic_f1,0.18181818181818182,higher,0.18181818181818182
Gemma4-E4B,non_thinking,6,6,10,ncc_recall,0.0,higher,0.0
Gemma4-E4B,non_thinking,6,6,10,silhouette_cosine,-0.1460709273815155,higher,-0.1460709273815155
Gemma4-E4B,non_thinking,6,6,10,within_trace,977.4009399414062,lower,-977.4009399414062
Gemma4-E4B,non_thinking,6,6,10,class_nc1_ratio,7.367441373589426,lower,-7.367441373589426
Gemma4-E4B,non_thinking,6,6,10,centroid_nearest_squared,83.26187133789062,higher,83.26187133789062
Gemma4-E4B,non_thinking,6,6,10,fisher_nearest,0.08518701787096916,higher,0.08518701787096916
Gemma4-E4B,non_thinking,6,6,10,min_bhattacharyya,2.0266252160072327,higher,2.0266252160072327
Gemma4-E4B,non_thinking,6,6,10,mean_bhattacharyya,10.813671290874481,higher,10.813671290874481
Gemma4-E4B,non_thinking,6,6,10,nc2_class_cosine_deviation,0.5108542950984872,lower,-0.5108542950984872
Gemma4-E4B,non_thinking,6,7,10,logistic_precision,0.09090909090909091,higher,0.09090909090909091
Gemma4-E4B,non_thinking,6,7,10,logistic_recall,0.1,higher,0.1
Gemma4-E4B,non_thinking,6,7,10,logistic_f1,0.09523809523809523,higher,0.09523809523809523
Gemma4-E4B,non_thinking,6,7,10,ncc_recall,0.1,higher,0.1
Gemma4-E4B,non_thinking,6,7,10,silhouette_cosine,-0.1602664738893509,higher,-0.1602664738893509
Gemma4-E4B,non_thinking,6,7,10,within_trace,1126.097412109375,lower,-1126.097412109375
Gemma4-E4B,non_thinking,6,7,10,class_nc1_ratio,8.153176040193891,lower,-8.153176040193891
Gemma4-E4B,non_thinking,6,7,10,centroid_nearest_squared,83.26187133789062,higher,83.26187133789062
Gemma4-E4B,non_thinking,6,7,10,fisher_nearest,0.07393842703352524,higher,0.07393842703352524
Gemma4-E4B,non_thinking,6,7,10,min_bhattacharyya,2.0266252160072327,higher,2.0266252160072327
Gemma4-E4B,non_thinking,6,7,10,mean_bhattacharyya,12.152101649178398,higher,12.152101649178398
Gemma4-E4B,non_thinking,6,7,10,nc2_class_cosine_deviation,0.6089036443535192,lower,-0.6089036443535192
Gemma4-E4B,non_thinking,6,8,10,logistic_precision,0.16666666666666666,higher,0.16666666666666666
Gemma4-E4B,non_thinking,6,8,10,logistic_recall,0.1,higher,0.1
Gemma4-E4B,non_thinking,6,8,10,logistic_f1,0.125,higher,0.125
Gemma4-E4B,non_thinking,6,8,10,ncc_recall,0.0,higher,0.0
Gemma4-E4B,non_thinking,6,8,10,silhouette_cosine,-0.06917453557252884,higher,-0.06917453557252884
Gemma4-E4B,non_thinking,6,8,10,within_trace,746.0260009765625,lower,-746.0260009765625
Gemma4-E4B,non_thinking,6,8,10,class_nc1_ratio,3.402417309837527,lower,-3.402417309837527
Gemma4-E4B,non_thinking,6,8,10,centroid_nearest_squared,53.98617935180664,higher,53.98617935180664
Gemma4-E4B,non_thinking,6,8,10,fisher_nearest,0.07236501044352031,higher,0.07236501044352031
Gemma4-E4B,non_thinking,6,8,10,min_bhattacharyya,2.133196711540222,higher,2.133196711540222
Gemma4-E4B,non_thinking,6,8,10,mean_bhattacharyya,14.129750920666588,higher,14.129750920666588
Gemma4-E4B,non_thinking,6,8,10,nc2_class_cosine_deviation,0.5838019706216859,lower,-0.5838019706216859
Gemma4-E4B,non_thinking,6,9,10,logistic_precision,0.08333333333333333,higher,0.08333333333333333
Gemma4-E4B,non_thinking,6,9,10,logistic_recall,0.1,higher,0.1
Gemma4-E4B,non_thinking,6,9,10,logistic_f1,0.09090909090909091,higher,0.09090909090909091
Gemma4-E4B,non_thinking,6,9,10,ncc_recall,0.6,higher,0.6
Gemma4-E4B,non_thinking,6,9,10,silhouette_cosine,-0.11520689725875854,higher,-0.11520689725875854
Gemma4-E4B,non_thinking,6,9,10,within_trace,773.222900390625,lower,-773.222900390625
Gemma4-E4B,non_thinking,6,9,10,class_nc1_ratio,3.3637926686333435,lower,-3.3637926686333435
Gemma4-E4B,non_thinking,6,9,10,centroid_nearest_squared,53.98617935180664,higher,53.98617935180664
Gemma4-E4B,non_thinking,6,9,10,fisher_nearest,0.06981968501519203,higher,0.06981968501519203
Gemma4-E4B,non_thinking,6,9,10,min_bhattacharyya,2.133196711540222,higher,2.133196711540222
Gemma4-E4B,non_thinking,6,9,10,mean_bhattacharyya,16.351409249835545,higher,16.351409249835545
Gemma4-E4B,non_thinking,6,9,10,nc2_class_cosine_deviation,0.6153304381870929,lower,-0.6153304381870929
Gemma4-E4B,non_thinking,6,10,10,logistic_precision,0.2,higher,0.2
Gemma4-E4B,non_thinking,6,10,10,logistic_recall,0.3,higher,0.3
Gemma4-E4B,non_thinking,6,10,10,logistic_f1,0.24,higher,0.24
Gemma4-E4B,non_thinking,6,10,10,ncc_recall,0.3,higher,0.3
Gemma4-E4B,non_thinking,6,10,10,silhouette_cosine,-0.07956383377313614,higher,-0.07956383377313614
Gemma4-E4B,non_thinking,6,10,10,within_trace,952.538818359375,lower,-952.538818359375
Gemma4-E4B,non_thinking,6,10,10,class_nc1_ratio,3.0582750671029357,lower,-3.0582750671029357
Gemma4-E4B,non_thinking,6,10,10,centroid_nearest_squared,82.41606140136719,higher,82.41606140136719
Gemma4-E4B,non_thinking,6,10,10,fisher_nearest,0.08652252256062194,higher,0.08652252256062194
Gemma4-E4B,non_thinking,6,10,10,min_bhattacharyya,2.5954068899154663,higher,2.5954068899154663
Gemma4-E4B,non_thinking,6,10,10,mean_bhattacharyya,15.677589250935448,higher,15.677589250935448
Gemma4-E4B,non_thinking,6,10,10,nc2_class_cosine_deviation,0.6453273581501878,lower,-0.6453273581501878
Gemma4-E4B,native_thinking,6,1,10,logistic_precision,1.0,higher,1.0
Gemma4-E4B,native_thinking,6,1,10,logistic_recall,0.7,higher,0.7
Gemma4-E4B,native_thinking,6,1,10,logistic_f1,0.8235294117647058,higher,0.8235294117647058
Gemma4-E4B,native_thinking,6,1,10,ncc_recall,0.5,higher,0.5
Gemma4-E4B,native_thinking,6,1,10,silhouette_cosine,0.05565958470106125,higher,0.05565958470106125
Gemma4-E4B,native_thinking,6,1,10,within_trace,1667.9853515625,lower,-1667.9853515625
Gemma4-E4B,native_thinking,6,1,10,class_nc1_ratio,3.764183172657272,lower,-3.764183172657272
Gemma4-E4B,native_thinking,6,1,10,centroid_nearest_squared,578.2290649414062,higher,578.2290649414062
Gemma4-E4B,native_thinking,6,1,10,fisher_nearest,0.34666315528475417,higher,0.34666315528475417
Gemma4-E4B,native_thinking,6,1,10,min_bhattacharyya,5.303052663803101,higher,5.303052663803101
Gemma4-E4B,native_thinking,6,1,10,mean_bhattacharyya,6.0143002139197455,higher,6.0143002139197455
Gemma4-E4B,native_thinking,6,1,10,nc2_class_cosine_deviation,0.28463289454395385,lower,-0.28463289454395385
Gemma4-E4B,native_thinking,6,2,7,logistic_precision,0.6,higher,0.6
Gemma4-E4B,native_thinking,6,2,7,logistic_recall,0.42857142857142855,higher,0.42857142857142855
Gemma4-E4B,native_thinking,6,2,7,logistic_f1,0.5,higher,0.5
Gemma4-E4B,native_thinking,6,2,7,ncc_recall,0.5714285714285714,higher,0.5714285714285714
Gemma4-E4B,native_thinking,6,2,7,silhouette_cosine,-0.12814083695411682,higher,-0.12814083695411682
Gemma4-E4B,native_thinking,6,2,7,within_trace,1433.5572509765625,lower,-1433.5572509765625
Gemma4-E4B,native_thinking,6,2,7,class_nc1_ratio,9.10487773600991,lower,-9.10487773600991
Gemma4-E4B,native_thinking,6,2,7,centroid_nearest_squared,125.20597839355469,higher,125.20597839355469
Gemma4-E4B,native_thinking,6,2,7,fisher_nearest,0.0873393638853714,higher,0.0873393638853714
Gemma4-E4B,native_thinking,6,2,7,min_bhattacharyya,2.4166394472122192,higher,2.4166394472122192
Gemma4-E4B,native_thinking,6,2,7,mean_bhattacharyya,4.947442041503058,higher,4.947442041503058
Gemma4-E4B,native_thinking,6,2,7,nc2_class_cosine_deviation,0.2319741487778999,lower,-0.2319741487778999
Gemma4-E4B,native_thinking,6,3,7,logistic_precision,0.2777777777777778,higher,0.2777777777777778
Gemma4-E4B,native_thinking,6,3,7,logistic_recall,0.7142857142857143,higher,0.7142857142857143
Gemma4-E4B,native_thinking,6,3,7,logistic_f1,0.4,higher,0.4
Gemma4-E4B,native_thinking,6,3,7,ncc_recall,0.5714285714285714,higher,0.5714285714285714
Gemma4-E4B,native_thinking,6,3,7,silhouette_cosine,-0.14529931545257568,higher,-0.14529931545257568
Gemma4-E4B,native_thinking,6,3,7,within_trace,1524.305908203125,lower,-1524.305908203125
Gemma4-E4B,native_thinking,6,3,7,class_nc1_ratio,18.995892729694333,lower,-18.995892729694333
Gemma4-E4B,native_thinking,6,3,7,centroid_nearest_squared,85.60140991210938,higher,85.60140991210938
Gemma4-E4B,native_thinking,6,3,7,fisher_nearest,0.0561576317794488,higher,0.0561576317794488
Gemma4-E4B,native_thinking,6,3,7,min_bhattacharyya,1.691800594329834,higher,1.691800594329834
Gemma4-E4B,native_thinking,6,3,7,mean_bhattacharyya,3.6087809403737388,higher,3.6087809403737388
Gemma4-E4B,native_thinking,6,3,7,nc2_class_cosine_deviation,0.2395520784236767,lower,-0.2395520784236767
Gemma4-E4B,native_thinking,6,4,7,logistic_precision,0.42857142857142855,higher,0.42857142857142855
Gemma4-E4B,native_thinking,6,4,7,logistic_recall,0.42857142857142855,higher,0.42857142857142855
Gemma4-E4B,native_thinking,6,4,7,logistic_f1,0.42857142857142855,higher,0.42857142857142855
Gemma4-E4B,native_thinking,6,4,7,ncc_recall,0.2857142857142857,higher,0.2857142857142857
Gemma4-E4B,native_thinking,6,4,7,silhouette_cosine,-0.18459953367710114,higher,-0.18459953367710114
Gemma4-E4B,native_thinking,6,4,7,within_trace,1614.658203125,lower,-1614.658203125
Gemma4-E4B,native_thinking,6,4,7,class_nc1_ratio,20.378241528989868,lower,-20.378241528989868
Gemma4-E4B,native_thinking,6,4,7,centroid_nearest_squared,119.4540023803711,higher,119.4540023803711
Gemma4-E4B,native_thinking,6,4,7,fisher_nearest,0.0739809838077065,higher,0.0739809838077065
Gemma4-E4B,native_thinking,6,4,7,min_bhattacharyya,2.1650919914245605,higher,2.1650919914245605
Gemma4-E4B,native_thinking,6,4,7,mean_bhattacharyya,3.2513504491911993,higher,3.2513504491911993
Gemma4-E4B,native_thinking,6,4,7,nc2_class_cosine_deviation,0.20476510844848772,lower,-0.20476510844848772
Gemma4-E4B,native_thinking,6,5,7,logistic_precision,0.25,higher,0.25
Gemma4-E4B,native_thinking,6,5,7,logistic_recall,0.2857142857142857,higher,0.2857142857142857
Gemma4-E4B,native_thinking,6,5,7,logistic_f1,0.26666666666666666,higher,0.26666666666666666
Gemma4-E4B,native_thinking,6,5,7,ncc_recall,0.0,higher,0.0
Gemma4-E4B,native_thinking,6,5,7,silhouette_cosine,-0.1796610802412033,higher,-0.1796610802412033
Gemma4-E4B,native_thinking,6,5,7,within_trace,1573.2156982421875,lower,-1573.2156982421875
Gemma4-E4B,native_thinking,6,5,7,class_nc1_ratio,22.178829644796004,lower,-22.178829644796004
Gemma4-E4B,native_thinking,6,5,7,centroid_nearest_squared,85.60140991210938,higher,85.60140991210938
Gemma4-E4B,native_thinking,6,5,7,fisher_nearest,0.05441174405248754,higher,0.05441174405248754
Gemma4-E4B,native_thinking,6,5,7,min_bhattacharyya,1.691800594329834,higher,1.691800594329834
Gemma4-E4B,native_thinking,6,5,7,mean_bhattacharyya,2.9916294548246594,higher,2.9916294548246594
Gemma4-E4B,native_thinking,6,5,7,nc2_class_cosine_deviation,0.27460666306684783,lower,-0.27460666306684783
Gemma4-E4B,native_thinking,6,6,7,logistic_precision,0.2,higher,0.2
Gemma4-E4B,native_thinking,6,6,7,logistic_recall,0.14285714285714285,higher,0.14285714285714285
Gemma4-E4B,native_thinking,6,6,7,logistic_f1,0.16666666666666666,higher,0.16666666666666666
Gemma4-E4B,native_thinking,6,6,7,ncc_recall,0.0,higher,0.0
Gemma4-E4B,native_thinking,6,6,7,silhouette_cosine,-0.189344123005867,higher,-0.189344123005867
Gemma4-E4B,native_thinking,6,6,7,within_trace,1562.0394287109375,lower,-1562.0394287109375
Gemma4-E4B,native_thinking,6,6,7,class_nc1_ratio,15.796216567162794,lower,-15.796216567162794
Gemma4-E4B,native_thinking,6,6,7,centroid_nearest_squared,152.3544921875,higher,152.3544921875
Gemma4-E4B,native_thinking,6,6,7,fisher_nearest,0.09753562514950696,higher,0.09753562514950696
Gemma4-E4B,native_thinking,6,6,7,min_bhattacharyya,2.1054389774799347,higher,2.1054389774799347
Gemma4-E4B,native_thinking,6,6,7,mean_bhattacharyya,3.1900605460007987,higher,3.1900605460007987
Gemma4-E4B,native_thinking,6,6,7,nc2_class_cosine_deviation,0.16007272040839365,lower,-0.16007272040839365
Gemma4-E4B,native_thinking,6,7,7,logistic_precision,0.6666666666666666,higher,0.6666666666666666
Gemma4-E4B,native_thinking,6,7,7,logistic_recall,0.2857142857142857,higher,0.2857142857142857
Gemma4-E4B,native_thinking,6,7,7,logistic_f1,0.4,higher,0.4
Gemma4-E4B,native_thinking,6,7,7,ncc_recall,0.14285714285714285,higher,0.14285714285714285
Gemma4-E4B,native_thinking,6,7,7,silhouette_cosine,-0.17026479542255402,higher,-0.17026479542255402
Gemma4-E4B,native_thinking,6,7,7,within_trace,1885.60693359375,lower,-1885.60693359375
Gemma4-E4B,native_thinking,6,7,7,class_nc1_ratio,16.71709173961496,lower,-16.71709173961496
Gemma4-E4B,native_thinking,6,7,7,centroid_nearest_squared,119.4540023803711,higher,119.4540023803711
Gemma4-E4B,native_thinking,6,7,7,fisher_nearest,0.06335042593034249,higher,0.06335042593034249
Gemma4-E4B,native_thinking,6,7,7,min_bhattacharyya,2.3153176605701447,higher,2.3153176605701447
Gemma4-E4B,native_thinking,6,7,7,mean_bhattacharyya,3.379172295331955,higher,3.379172295331955
Gemma4-E4B,native_thinking,6,7,7,nc2_class_cosine_deviation,0.3155750314946528,lower,-0.3155750314946528
Gemma4-E4B,native_thinking,6,8,7,logistic_precision,0.6666666666666666,higher,0.6666666666666666
Gemma4-E4B,native_thinking,6,8,7,logistic_recall,0.2857142857142857,higher,0.2857142857142857
Gemma4-E4B,native_thinking,6,8,7,logistic_f1,0.4,higher,0.4
Gemma4-E4B,native_thinking,6,8,7,ncc_recall,0.0,higher,0.0
Gemma4-E4B,native_thinking,6,8,7,silhouette_cosine,-0.18817104399204254,higher,-0.18817104399204254
Gemma4-E4B,native_thinking,6,8,7,within_trace,1532.07421875,lower,-1532.07421875
Gemma4-E4B,native_thinking,6,8,7,class_nc1_ratio,15.89897418467874,lower,-15.89897418467874
Gemma4-E4B,native_thinking,6,8,7,centroid_nearest_squared,96.78675842285156,higher,96.78675842285156
Gemma4-E4B,native_thinking,6,8,7,fisher_nearest,0.06317367477263514,higher,0.06317367477263514
Gemma4-E4B,native_thinking,6,8,7,min_bhattacharyya,2.0966394543647766,higher,2.0966394543647766
Gemma4-E4B,native_thinking,6,8,7,mean_bhattacharyya,3.236324813630846,higher,3.236324813630846
Gemma4-E4B,native_thinking,6,8,7,nc2_class_cosine_deviation,0.32601557851389606,lower,-0.32601557851389606
Gemma4-E4B,native_thinking,6,9,5,logistic_precision,0.3333333333333333,higher,0.3333333333333333
Gemma4-E4B,native_thinking,6,9,5,logistic_recall,0.6,higher,0.6
Gemma4-E4B,native_thinking,6,9,5,logistic_f1,0.42857142857142855,higher,0.42857142857142855
Gemma4-E4B,native_thinking,6,9,5,ncc_recall,0.2,higher,0.2
Gemma4-E4B,native_thinking,6,9,5,silhouette_cosine,-0.2053496092557907,higher,-0.2053496092557907
Gemma4-E4B,native_thinking,6,9,5,within_trace,1677.358642578125,lower,-1677.358642578125
Gemma4-E4B,native_thinking,6,9,5,class_nc1_ratio,10.437722687836866,lower,-10.437722687836866
Gemma4-E4B,native_thinking,6,9,5,centroid_nearest_squared,147.78973388671875,higher,147.78973388671875
Gemma4-E4B,native_thinking,6,9,5,fisher_nearest,0.08810860726812945,higher,0.08810860726812945
Gemma4-E4B,native_thinking,6,9,5,min_bhattacharyya,2.0872068405151367,higher,2.0872068405151367
Gemma4-E4B,native_thinking,6,9,5,mean_bhattacharyya,3.571950329674615,higher,3.571950329674615
Gemma4-E4B,native_thinking,6,9,5,nc2_class_cosine_deviation,0.32537832223223867,lower,-0.32537832223223867
Gemma4-E4B,native_thinking,6,10,3,logistic_precision,0.5,higher,0.5
Gemma4-E4B,native_thinking,6,10,3,logistic_recall,0.3333333333333333,higher,0.3333333333333333
Gemma4-E4B,native_thinking,6,10,3,logistic_f1,0.4,higher,0.4
Gemma4-E4B,native_thinking,6,10,3,ncc_recall,0.0,higher,0.0
Gemma4-E4B,native_thinking,6,10,3,silhouette_cosine,-0.24680308997631073,higher,-0.24680308997631073
Gemma4-E4B,native_thinking,6,10,3,within_trace,1359.0216064453125,lower,-1359.0216064453125
Gemma4-E4B,native_thinking,6,10,3,class_nc1_ratio,5.588941743174677,lower,-5.588941743174677
Gemma4-E4B,native_thinking,6,10,3,centroid_nearest_squared,272.8221740722656,higher,272.8221740722656
Gemma4-E4B,native_thinking,6,10,3,fisher_nearest,0.20074895997118503,higher,0.20074895997118503
Gemma4-E4B,native_thinking,6,10,3,min_bhattacharyya,2.0872068405151367,higher,2.0872068405151367
Gemma4-E4B,native_thinking,6,10,3,mean_bhattacharyya,4.129719999101427,higher,4.129719999101427
Gemma4-E4B,native_thinking,6,10,3,nc2_class_cosine_deviation,0.20174249066154898,lower,-0.20174249066154898
Gemma4-E4B,non_thinking,7,1,10,logistic_precision,1.0,higher,1.0
Gemma4-E4B,non_thinking,7,1,10,logistic_recall,1.0,higher,1.0
Gemma4-E4B,non_thinking,7,1,10,logistic_f1,1.0,higher,1.0
Gemma4-E4B,non_thinking,7,1,10,ncc_recall,1.0,higher,1.0
Gemma4-E4B,non_thinking,7,1,10,silhouette_cosine,0.8221945762634277,higher,0.8221945762634277
Gemma4-E4B,non_thinking,7,1,10,within_trace,777.575439453125,lower,-777.575439453125
Gemma4-E4B,non_thinking,7,1,10,class_nc1_ratio,0.20231368743761233,lower,-0.20231368743761233
Gemma4-E4B,non_thinking,7,1,10,centroid_nearest_squared,3667.05810546875,higher,3667.05810546875
Gemma4-E4B,non_thinking,7,1,10,fisher_nearest,4.716015860850519,higher,4.716015860850519
Gemma4-E4B,non_thinking,7,1,10,min_bhattacharyya,36.95069885253906,higher,36.95069885253906
Gemma4-E4B,non_thinking,7,1,10,mean_bhattacharyya,64.69562869601779,higher,64.69562869601779
Gemma4-E4B,non_thinking,7,1,10,nc2_class_cosine_deviation,0.5421455285431426,lower,-0.5421455285431426
Gemma4-E4B,non_thinking,7,2,10,logistic_precision,0.625,higher,0.625
Gemma4-E4B,non_thinking,7,2,10,logistic_recall,0.5,higher,0.5
Gemma4-E4B,non_thinking,7,2,10,logistic_f1,0.5555555555555556,higher,0.5555555555555556
Gemma4-E4B,non_thinking,7,2,10,ncc_recall,0.4,higher,0.4
Gemma4-E4B,non_thinking,7,2,10,silhouette_cosine,-0.09584935009479523,higher,-0.09584935009479523
Gemma4-E4B,non_thinking,7,2,10,within_trace,1840.648681640625,lower,-1840.648681640625
Gemma4-E4B,non_thinking,7,2,10,class_nc1_ratio,10.036706586687709,lower,-10.036706586687709
Gemma4-E4B,non_thinking,7,2,10,centroid_nearest_squared,166.37896728515625,higher,166.37896728515625
Gemma4-E4B,non_thinking,7,2,10,fisher_nearest,0.09039148477636576,higher,0.09039148477636576
Gemma4-E4B,non_thinking,7,2,10,min_bhattacharyya,2.61877703666687,higher,2.61877703666687
Gemma4-E4B,non_thinking,7,2,10,mean_bhattacharyya,9.265763507948982,higher,9.265763507948982
Gemma4-E4B,non_thinking,7,2,10,nc2_class_cosine_deviation,0.33025272797655175,lower,-0.33025272797655175
Gemma4-E4B,non_thinking,7,3,10,logistic_precision,0.3333333333333333,higher,0.3333333333333333
Gemma4-E4B,non_thinking,7,3,10,logistic_recall,0.1,higher,0.1
Gemma4-E4B,non_thinking,7,3,10,logistic_f1,0.15384615384615385,higher,0.15384615384615385
Gemma4-E4B,non_thinking,7,3,10,ncc_recall,0.0,higher,0.0
Gemma4-E4B,non_thinking,7,3,10,silhouette_cosine,-0.16196058690547943,higher,-0.16196058690547943
Gemma4-E4B,non_thinking,7,3,10,within_trace,1839.873779296875,lower,-1839.873779296875
Gemma4-E4B,non_thinking,7,3,10,class_nc1_ratio,22.14672962995795,lower,-22.14672962995795
Gemma4-E4B,non_thinking,7,3,10,centroid_nearest_squared,59.794647216796875,higher,59.794647216796875
Gemma4-E4B,non_thinking,7,3,10,fisher_nearest,0.03249932027383311,higher,0.03249932027383311
Gemma4-E4B,non_thinking,7,3,10,min_bhattacharyya,2.174118161201477,higher,2.174118161201477
Gemma4-E4B,non_thinking,7,3,10,mean_bhattacharyya,8.711427940262688,higher,8.711427940262688
Gemma4-E4B,non_thinking,7,3,10,nc2_class_cosine_deviation,0.31478874817674546,lower,-0.31478874817674546
Gemma4-E4B,non_thinking,7,4,10,logistic_precision,0.16666666666666666,higher,0.16666666666666666
Gemma4-E4B,non_thinking,7,4,10,logistic_recall,0.3,higher,0.3
Gemma4-E4B,non_thinking,7,4,10,logistic_f1,0.21428571428571427,higher,0.21428571428571427
Gemma4-E4B,non_thinking,7,4,10,ncc_recall,0.2,higher,0.2
Gemma4-E4B,non_thinking,7,4,10,silhouette_cosine,-0.20598962903022766,higher,-0.20598962903022766
Gemma4-E4B,non_thinking,7,4,10,within_trace,1823.516845703125,lower,-1823.516845703125
Gemma4-E4B,non_thinking,7,4,10,class_nc1_ratio,21.197016835964508,lower,-21.197016835964508
Gemma4-E4B,non_thinking,7,4,10,centroid_nearest_squared,59.794647216796875,higher,59.794647216796875
Gemma4-E4B,non_thinking,7,4,10,fisher_nearest,0.032790838953692704,higher,0.032790838953692704
Gemma4-E4B,non_thinking,7,4,10,min_bhattacharyya,2.174118161201477,higher,2.174118161201477
Gemma4-E4B,non_thinking,7,4,10,mean_bhattacharyya,8.540786061022017,higher,8.540786061022017
Gemma4-E4B,non_thinking,7,4,10,nc2_class_cosine_deviation,0.38617818986560093,lower,-0.38617818986560093
Gemma4-E4B,non_thinking,7,5,10,logistic_precision,0.4,higher,0.4
Gemma4-E4B,non_thinking,7,5,10,logistic_recall,0.2,higher,0.2
Gemma4-E4B,non_thinking,7,5,10,logistic_f1,0.26666666666666666,higher,0.26666666666666666
Gemma4-E4B,non_thinking,7,5,10,ncc_recall,0.2,higher,0.2
Gemma4-E4B,non_thinking,7,5,10,silhouette_cosine,-0.1715574711561203,higher,-0.1715574711561203
Gemma4-E4B,non_thinking,7,5,10,within_trace,1696.8380126953125,lower,-1696.8380126953125
Gemma4-E4B,non_thinking,7,5,10,class_nc1_ratio,18.721618381146143,lower,-18.721618381146143
Gemma4-E4B,non_thinking,7,5,10,centroid_nearest_squared,106.19630432128906,higher,106.19630432128906
Gemma4-E4B,non_thinking,7,5,10,fisher_nearest,0.06258482160745764,higher,0.06258482160745764
Gemma4-E4B,non_thinking,7,5,10,min_bhattacharyya,2.5329233407974243,higher,2.5329233407974243
Gemma4-E4B,non_thinking,7,5,10,mean_bhattacharyya,9.522050804562038,higher,9.522050804562038
Gemma4-E4B,non_thinking,7,5,10,nc2_class_cosine_deviation,0.5356954439186755,lower,-0.5356954439186755
Gemma4-E4B,non_thinking,7,6,10,logistic_precision,0.18181818181818182,higher,0.18181818181818182
Gemma4-E4B,non_thinking,7,6,10,logistic_recall,0.2,higher,0.2
Gemma4-E4B,non_thinking,7,6,10,logistic_f1,0.19047619047619047,higher,0.19047619047619047
Gemma4-E4B,non_thinking,7,6,10,ncc_recall,0.0,higher,0.0
Gemma4-E4B,non_thinking,7,6,10,silhouette_cosine,-0.14404883980751038,higher,-0.14404883980751038
Gemma4-E4B,non_thinking,7,6,10,within_trace,1065.32763671875,lower,-1065.32763671875
Gemma4-E4B,non_thinking,7,6,10,class_nc1_ratio,9.816033161051523,lower,-9.816033161051523
Gemma4-E4B,non_thinking,7,6,10,centroid_nearest_squared,86.61424255371094,higher,86.61424255371094
Gemma4-E4B,non_thinking,7,6,10,fisher_nearest,0.08130291524256907,higher,0.08130291524256907
Gemma4-E4B,non_thinking,7,6,10,min_bhattacharyya,2.285122513771057,higher,2.285122513771057
Gemma4-E4B,non_thinking,7,6,10,mean_bhattacharyya,9.905229767163595,higher,9.905229767163595
Gemma4-E4B,non_thinking,7,6,10,nc2_class_cosine_deviation,0.4931764722238352,lower,-0.4931764722238352
Gemma4-E4B,non_thinking,7,7,10,logistic_precision,0.14285714285714285,higher,0.14285714285714285
Gemma4-E4B,non_thinking,7,7,10,logistic_recall,0.2,higher,0.2
Gemma4-E4B,non_thinking,7,7,10,logistic_f1,0.16666666666666666,higher,0.16666666666666666
Gemma4-E4B,non_thinking,7,7,10,ncc_recall,0.1,higher,0.1
Gemma4-E4B,non_thinking,7,7,10,silhouette_cosine,-0.12780870497226715,higher,-0.12780870497226715
Gemma4-E4B,non_thinking,7,7,10,within_trace,1201.37060546875,lower,-1201.37060546875
Gemma4-E4B,non_thinking,7,7,10,class_nc1_ratio,9.244694035901682,lower,-9.244694035901682
Gemma4-E4B,non_thinking,7,7,10,centroid_nearest_squared,86.61424255371094,higher,86.61424255371094
Gemma4-E4B,non_thinking,7,7,10,fisher_nearest,0.07209618926868604,higher,0.07209618926868604
Gemma4-E4B,non_thinking,7,7,10,min_bhattacharyya,2.285122513771057,higher,2.285122513771057
Gemma4-E4B,non_thinking,7,7,10,mean_bhattacharyya,11.556425511837006,higher,11.556425511837006
Gemma4-E4B,non_thinking,7,7,10,nc2_class_cosine_deviation,0.5470854064196716,lower,-0.5470854064196716
Gemma4-E4B,non_thinking,7,8,10,logistic_precision,0.2222222222222222,higher,0.2222222222222222
Gemma4-E4B,non_thinking,7,8,10,logistic_recall,0.2,higher,0.2
Gemma4-E4B,non_thinking,7,8,10,logistic_f1,0.21052631578947367,higher,0.21052631578947367
Gemma4-E4B,non_thinking,7,8,10,ncc_recall,0.0,higher,0.0
Gemma4-E4B,non_thinking,7,8,10,silhouette_cosine,-0.05847899243235588,higher,-0.05847899243235588
Gemma4-E4B,non_thinking,7,8,10,within_trace,828.5914306640625,lower,-828.5914306640625
Gemma4-E4B,non_thinking,7,8,10,class_nc1_ratio,4.297082265965302,lower,-4.297082265965302
Gemma4-E4B,non_thinking,7,8,10,centroid_nearest_squared,55.187767028808594,higher,55.187767028808594
Gemma4-E4B,non_thinking,7,8,10,fisher_nearest,0.06660431786577754,higher,0.06660431786577754
Gemma4-E4B,non_thinking,7,8,10,min_bhattacharyya,2.1817634105682373,higher,2.1817634105682373
Gemma4-E4B,non_thinking,7,8,10,mean_bhattacharyya,13.538171490033468,higher,13.538171490033468
Gemma4-E4B,non_thinking,7,8,10,nc2_class_cosine_deviation,0.5296447529101077,lower,-0.5296447529101077
Gemma4-E4B,non_thinking,7,9,10,logistic_precision,0.3076923076923077,higher,0.3076923076923077
Gemma4-E4B,non_thinking,7,9,10,logistic_recall,0.4,higher,0.4
Gemma4-E4B,non_thinking,7,9,10,logistic_f1,0.34782608695652173,higher,0.34782608695652173
Gemma4-E4B,non_thinking,7,9,10,ncc_recall,0.4,higher,0.4
Gemma4-E4B,non_thinking,7,9,10,silhouette_cosine,-0.10593947023153305,higher,-0.10593947023153305
Gemma4-E4B,non_thinking,7,9,10,within_trace,834.3077392578125,lower,-834.3077392578125
Gemma4-E4B,non_thinking,7,9,10,class_nc1_ratio,4.45290274871991,lower,-4.45290274871991
Gemma4-E4B,non_thinking,7,9,10,centroid_nearest_squared,55.187767028808594,higher,55.187767028808594
Gemma4-E4B,non_thinking,7,9,10,fisher_nearest,0.06614797446072213,higher,0.06614797446072213
Gemma4-E4B,non_thinking,7,9,10,min_bhattacharyya,2.1817634105682373,higher,2.1817634105682373
Gemma4-E4B,non_thinking,7,9,10,mean_bhattacharyya,13.811319688955942,higher,13.811319688955942
Gemma4-E4B,non_thinking,7,9,10,nc2_class_cosine_deviation,0.5786891036931379,lower,-0.5786891036931379
Gemma4-E4B,non_thinking,7,10,10,logistic_precision,0.3333333333333333,higher,0.3333333333333333
Gemma4-E4B,non_thinking,7,10,10,logistic_recall,0.3,higher,0.3
Gemma4-E4B,non_thinking,7,10,10,logistic_f1,0.3157894736842105,higher,0.3157894736842105
Gemma4-E4B,non_thinking,7,10,10,ncc_recall,0.2,higher,0.2
Gemma4-E4B,non_thinking,7,10,10,silhouette_cosine,-0.07498113811016083,higher,-0.07498113811016083
Gemma4-E4B,non_thinking,7,10,10,within_trace,1057.8623046875,lower,-1057.8623046875
Gemma4-E4B,non_thinking,7,10,10,class_nc1_ratio,4.160294844221483,lower,-4.160294844221483
Gemma4-E4B,non_thinking,7,10,10,centroid_nearest_squared,123.44044494628906,higher,123.44044494628906
Gemma4-E4B,non_thinking,7,10,10,fisher_nearest,0.11668857506247397,higher,0.11668857506247397
Gemma4-E4B,non_thinking,7,10,10,min_bhattacharyya,2.5487988591194153,higher,2.5487988591194153
Gemma4-E4B,non_thinking,7,10,10,mean_bhattacharyya,12.276020718945396,higher,12.276020718945396
Gemma4-E4B,non_thinking,7,10,10,nc2_class_cosine_deviation,0.5882661743664447,lower,-0.5882661743664447
Gemma4-E4B,native_thinking,7,1,10,logistic_precision,0.875,higher,0.875
Gemma4-E4B,native_thinking,7,1,10,logistic_recall,0.7,higher,0.7
Gemma4-E4B,native_thinking,7,1,10,logistic_f1,0.7777777777777778,higher,0.7777777777777778
Gemma4-E4B,native_thinking,7,1,10,ncc_recall,0.4,higher,0.4
Gemma4-E4B,native_thinking,7,1,10,silhouette_cosine,0.05479317903518677,higher,0.05479317903518677
Gemma4-E4B,native_thinking,7,1,10,within_trace,1918.60986328125,lower,-1918.60986328125
Gemma4-E4B,native_thinking,7,1,10,class_nc1_ratio,3.229044094851651,lower,-3.229044094851651
Gemma4-E4B,native_thinking,7,1,10,centroid_nearest_squared,786.8707275390625,higher,786.8707275390625
Gemma4-E4B,native_thinking,7,1,10,fisher_nearest,0.410125446865648,higher,0.410125446865648
Gemma4-E4B,native_thinking,7,1,10,min_bhattacharyya,6.193876266479492,higher,6.193876266479492
Gemma4-E4B,native_thinking,7,1,10,mean_bhattacharyya,6.768961959415012,higher,6.768961959415012
Gemma4-E4B,native_thinking,7,1,10,nc2_class_cosine_deviation,0.35237372068711265,lower,-0.35237372068711265
Gemma4-E4B,native_thinking,7,2,7,logistic_precision,1.0,higher,1.0
Gemma4-E4B,native_thinking,7,2,7,logistic_recall,0.2857142857142857,higher,0.2857142857142857
Gemma4-E4B,native_thinking,7,2,7,logistic_f1,0.4444444444444444,higher,0.4444444444444444
Gemma4-E4B,native_thinking,7,2,7,ncc_recall,0.42857142857142855,higher,0.42857142857142855
Gemma4-E4B,native_thinking,7,2,7,silhouette_cosine,-0.1535460203886032,higher,-0.1535460203886032
Gemma4-E4B,native_thinking,7,2,7,within_trace,1558.42626953125,lower,-1558.42626953125
Gemma4-E4B,native_thinking,7,2,7,class_nc1_ratio,10.075917701670477,lower,-10.075917701670477
Gemma4-E4B,native_thinking,7,2,7,centroid_nearest_squared,97.67662811279297,higher,97.67662811279297
Gemma4-E4B,native_thinking,7,2,7,fisher_nearest,0.06267645125243722,higher,0.06267645125243722
Gemma4-E4B,native_thinking,7,2,7,min_bhattacharyya,1.967225193977356,higher,1.967225193977356
Gemma4-E4B,native_thinking,7,2,7,mean_bhattacharyya,4.565252423286438,higher,4.565252423286438
Gemma4-E4B,native_thinking,7,2,7,nc2_class_cosine_deviation,0.23825734780158525,lower,-0.23825734780158525
Gemma4-E4B,native_thinking,7,3,7,logistic_precision,0.5,higher,0.5
Gemma4-E4B,native_thinking,7,3,7,logistic_recall,0.7142857142857143,higher,0.7142857142857143
Gemma4-E4B,native_thinking,7,3,7,logistic_f1,0.5882352941176471,higher,0.5882352941176471
Gemma4-E4B,native_thinking,7,3,7,ncc_recall,0.2857142857142857,higher,0.2857142857142857
Gemma4-E4B,native_thinking,7,3,7,silhouette_cosine,-0.1602465659379959,higher,-0.1602465659379959
Gemma4-E4B,native_thinking,7,3,7,within_trace,1491.5986328125,lower,-1491.5986328125
Gemma4-E4B,native_thinking,7,3,7,class_nc1_ratio,21.733264154098112,lower,-21.733264154098112
Gemma4-E4B,native_thinking,7,3,7,centroid_nearest_squared,69.20983123779297,higher,69.20983123779297
Gemma4-E4B,native_thinking,7,3,7,fisher_nearest,0.046399768486843955,higher,0.046399768486843955
Gemma4-E4B,native_thinking,7,3,7,min_bhattacharyya,1.6183279752731323,higher,1.6183279752731323
Gemma4-E4B,native_thinking,7,3,7,mean_bhattacharyya,3.4499574303627014,higher,3.4499574303627014
Gemma4-E4B,native_thinking,7,3,7,nc2_class_cosine_deviation,0.27439917242269457,lower,-0.27439917242269457
Gemma4-E4B,native_thinking,7,4,7,logistic_precision,0.8,higher,0.8
Gemma4-E4B,native_thinking,7,4,7,logistic_recall,0.5714285714285714,higher,0.5714285714285714
Gemma4-E4B,native_thinking,7,4,7,logistic_f1,0.6666666666666666,higher,0.6666666666666666
Gemma4-E4B,native_thinking,7,4,7,ncc_recall,0.0,higher,0.0
Gemma4-E4B,native_thinking,7,4,7,silhouette_cosine,-0.18478910624980927,higher,-0.18478910624980927
Gemma4-E4B,native_thinking,7,4,7,within_trace,1601.8067626953125,lower,-1601.8067626953125
Gemma4-E4B,native_thinking,7,4,7,class_nc1_ratio,22.782371376536076,lower,-22.782371376536076
Gemma4-E4B,native_thinking,7,4,7,centroid_nearest_squared,80.98245239257812,higher,80.98245239257812
Gemma4-E4B,native_thinking,7,4,7,fisher_nearest,0.05055694249680365,higher,0.05055694249680365
Gemma4-E4B,native_thinking,7,4,7,min_bhattacharyya,1.7838721573352814,higher,1.7838721573352814
Gemma4-E4B,native_thinking,7,4,7,mean_bhattacharyya,3.0931447909937964,higher,3.0931447909937964
Gemma4-E4B,native_thinking,7,4,7,nc2_class_cosine_deviation,0.3122101185590397,lower,-0.3122101185590397
Gemma4-E4B,native_thinking,7,5,7,logistic_precision,0.6666666666666666,higher,0.6666666666666666
Gemma4-E4B,native_thinking,7,5,7,logistic_recall,0.2857142857142857,higher,0.2857142857142857
Gemma4-E4B,native_thinking,7,5,7,logistic_f1,0.4,higher,0.4
Gemma4-E4B,native_thinking,7,5,7,ncc_recall,0.0,higher,0.0
Gemma4-E4B,native_thinking,7,5,7,silhouette_cosine,-0.1802600473165512,higher,-0.1802600473165512
Gemma4-E4B,native_thinking,7,5,7,within_trace,1487.913818359375,lower,-1487.913818359375
Gemma4-E4B,native_thinking,7,5,7,class_nc1_ratio,23.320380708702576,lower,-23.320380708702576
Gemma4-E4B,native_thinking,7,5,7,centroid_nearest_squared,59.57740783691406,higher,59.57740783691406
Gemma4-E4B,native_thinking,7,5,7,fisher_nearest,0.04004089961514449,higher,0.04004089961514449
Gemma4-E4B,native_thinking,7,5,7,min_bhattacharyya,1.6183279752731323,higher,1.6183279752731323
Gemma4-E4B,native_thinking,7,5,7,mean_bhattacharyya,2.9374599357446036,higher,2.9374599357446036
Gemma4-E4B,native_thinking,7,5,7,nc2_class_cosine_deviation,0.3927271917439354,lower,-0.3927271917439354
Gemma4-E4B,native_thinking,7,6,7,logistic_precision,0.2857142857142857,higher,0.2857142857142857
Gemma4-E4B,native_thinking,7,6,7,logistic_recall,0.2857142857142857,higher,0.2857142857142857
Gemma4-E4B,native_thinking,7,6,7,logistic_f1,0.2857142857142857,higher,0.2857142857142857
Gemma4-E4B,native_thinking,7,6,7,ncc_recall,0.0,higher,0.0
Gemma4-E4B,native_thinking,7,6,7,silhouette_cosine,-0.20499205589294434,higher,-0.20499205589294434
Gemma4-E4B,native_thinking,7,6,7,within_trace,1567.5267333984375,lower,-1567.5267333984375
Gemma4-E4B,native_thinking,7,6,7,class_nc1_ratio,22.340689909452482,lower,-22.340689909452482
Gemma4-E4B,native_thinking,7,6,7,centroid_nearest_squared,93.5475082397461,higher,93.5475082397461
Gemma4-E4B,native_thinking,7,6,7,fisher_nearest,0.05967841329055533,higher,0.05967841329055533
Gemma4-E4B,native_thinking,7,6,7,min_bhattacharyya,1.7263309359550476,higher,1.7263309359550476
Gemma4-E4B,native_thinking,7,6,7,mean_bhattacharyya,2.909439242548413,higher,2.909439242548413
Gemma4-E4B,native_thinking,7,6,7,nc2_class_cosine_deviation,0.27172764096363095,lower,-0.27172764096363095
Gemma4-E4B,native_thinking,7,7,7,logistic_precision,0.3333333333333333,higher,0.3333333333333333
Gemma4-E4B,native_thinking,7,7,7,logistic_recall,0.7142857142857143,higher,0.7142857142857143
Gemma4-E4B,native_thinking,7,7,7,logistic_f1,0.45454545454545453,higher,0.45454545454545453
Gemma4-E4B,native_thinking,7,7,7,ncc_recall,0.14285714285714285,higher,0.14285714285714285
Gemma4-E4B,native_thinking,7,7,7,silhouette_cosine,-0.17139999568462372,higher,-0.17139999568462372
Gemma4-E4B,native_thinking,7,7,7,within_trace,1695.0494384765625,lower,-1695.0494384765625
Gemma4-E4B,native_thinking,7,7,7,class_nc1_ratio,18.498161638089805,lower,-18.498161638089805
Gemma4-E4B,native_thinking,7,7,7,centroid_nearest_squared,80.98245239257812,higher,80.98245239257812
Gemma4-E4B,native_thinking,7,7,7,fisher_nearest,0.047775864558476634,higher,0.047775864558476634
Gemma4-E4B,native_thinking,7,7,7,min_bhattacharyya,1.8919571042060852,higher,1.8919571042060852
Gemma4-E4B,native_thinking,7,7,7,mean_bhattacharyya,3.0958144300513797,higher,3.0958144300513797
Gemma4-E4B,native_thinking,7,7,7,nc2_class_cosine_deviation,0.4045722192084348,lower,-0.4045722192084348
Gemma4-E4B,native_thinking,7,8,7,logistic_precision,0.3333333333333333,higher,0.3333333333333333
Gemma4-E4B,native_thinking,7,8,7,logistic_recall,0.42857142857142855,higher,0.42857142857142855
Gemma4-E4B,native_thinking,7,8,7,logistic_f1,0.375,higher,0.375
Gemma4-E4B,native_thinking,7,8,7,ncc_recall,0.0,higher,0.0
Gemma4-E4B,native_thinking,7,8,7,silhouette_cosine,-0.19050025939941406,higher,-0.19050025939941406
Gemma4-E4B,native_thinking,7,8,7,within_trace,1475.521728515625,lower,-1475.521728515625
Gemma4-E4B,native_thinking,7,8,7,class_nc1_ratio,18.403850660017874,lower,-18.403850660017874
Gemma4-E4B,native_thinking,7,8,7,centroid_nearest_squared,59.57740783691406,higher,59.57740783691406
Gemma4-E4B,native_thinking,7,8,7,fisher_nearest,0.04037718095608727,higher,0.04037718095608727
Gemma4-E4B,native_thinking,7,8,7,min_bhattacharyya,1.6862698793411255,higher,1.6862698793411255
Gemma4-E4B,native_thinking,7,8,7,mean_bhattacharyya,3.090382344192929,higher,3.090382344192929
Gemma4-E4B,native_thinking,7,8,7,nc2_class_cosine_deviation,0.4267861565322052,lower,-0.4267861565322052
Gemma4-E4B,native_thinking,7,9,5,logistic_precision,0.3333333333333333,higher,0.3333333333333333
Gemma4-E4B,native_thinking,7,9,5,logistic_recall,0.4,higher,0.4
Gemma4-E4B,native_thinking,7,9,5,logistic_f1,0.36363636363636365,higher,0.36363636363636365
Gemma4-E4B,native_thinking,7,9,5,ncc_recall,0.2,higher,0.2
Gemma4-E4B,native_thinking,7,9,5,silhouette_cosine,-0.21027275919914246,higher,-0.21027275919914246
Gemma4-E4B,native_thinking,7,9,5,within_trace,1550.263427734375,lower,-1550.263427734375
Gemma4-E4B,native_thinking,7,9,5,class_nc1_ratio,11.277824707281,lower,-11.277824707281
Gemma4-E4B,native_thinking,7,9,5,centroid_nearest_squared,124.4649658203125,higher,124.4649658203125
Gemma4-E4B,native_thinking,7,9,5,fisher_nearest,0.08028633301516454,higher,0.08028633301516454
Gemma4-E4B,native_thinking,7,9,5,min_bhattacharyya,1.928265929222107,higher,1.928265929222107
Gemma4-E4B,native_thinking,7,9,5,mean_bhattacharyya,3.3591449989212885,higher,3.3591449989212885
Gemma4-E4B,native_thinking,7,9,5,nc2_class_cosine_deviation,0.34180750421903755,lower,-0.34180750421903755
Gemma4-E4B,native_thinking,7,10,3,logistic_precision,0.5,higher,0.5
Gemma4-E4B,native_thinking,7,10,3,logistic_recall,0.3333333333333333,higher,0.3333333333333333
Gemma4-E4B,native_thinking,7,10,3,logistic_f1,0.4,higher,0.4
Gemma4-E4B,native_thinking,7,10,3,ncc_recall,0.0,higher,0.0
Gemma4-E4B,native_thinking,7,10,3,silhouette_cosine,-0.26380184292793274,higher,-0.26380184292793274
Gemma4-E4B,native_thinking,7,10,3,within_trace,1351.82275390625,lower,-1351.82275390625
Gemma4-E4B,native_thinking,7,10,3,class_nc1_ratio,6.35721483967062,lower,-6.35721483967062
Gemma4-E4B,native_thinking,7,10,3,centroid_nearest_squared,206.14849853515625,higher,206.14849853515625
Gemma4-E4B,native_thinking,7,10,3,fisher_nearest,0.15249669229154936,higher,0.15249669229154936
Gemma4-E4B,native_thinking,7,10,3,min_bhattacharyya,1.928265929222107,higher,1.928265929222107
Gemma4-E4B,native_thinking,7,10,3,mean_bhattacharyya,4.1013333267635765,higher,4.1013333267635765
Gemma4-E4B,native_thinking,7,10,3,nc2_class_cosine_deviation,0.2454014025329624,lower,-0.2454014025329624
Gemma4-E4B,non_thinking,8,1,10,logistic_precision,1.0,higher,1.0
Gemma4-E4B,non_thinking,8,1,10,logistic_recall,1.0,higher,1.0
Gemma4-E4B,non_thinking,8,1,10,logistic_f1,1.0,higher,1.0
Gemma4-E4B,non_thinking,8,1,10,ncc_recall,1.0,higher,1.0
Gemma4-E4B,non_thinking,8,1,10,silhouette_cosine,0.8385021090507507,higher,0.8385021090507507
Gemma4-E4B,non_thinking,8,1,10,within_trace,795.533203125,lower,-795.533203125
Gemma4-E4B,non_thinking,8,1,10,class_nc1_ratio,0.18327532179256492,lower,-0.18327532179256492
Gemma4-E4B,non_thinking,8,1,10,centroid_nearest_squared,4266.17138671875,higher,4266.17138671875
Gemma4-E4B,non_thinking,8,1,10,fisher_nearest,5.362656605607972,higher,5.362656605607972
Gemma4-E4B,non_thinking,8,1,10,min_bhattacharyya,43.172237396240234,higher,43.172237396240234
Gemma4-E4B,non_thinking,8,1,10,mean_bhattacharyya,70.9892069498698,higher,70.9892069498698
Gemma4-E4B,non_thinking,8,1,10,nc2_class_cosine_deviation,0.5371385744692366,lower,-0.5371385744692366
Gemma4-E4B,non_thinking,8,2,10,logistic_precision,0.4444444444444444,higher,0.4444444444444444
Gemma4-E4B,non_thinking,8,2,10,logistic_recall,0.4,higher,0.4
Gemma4-E4B,non_thinking,8,2,10,logistic_f1,0.42105263157894735,higher,0.42105263157894735
Gemma4-E4B,non_thinking,8,2,10,ncc_recall,0.6,higher,0.6
Gemma4-E4B,non_thinking,8,2,10,silhouette_cosine,-0.09642194211483002,higher,-0.09642194211483002
Gemma4-E4B,non_thinking,8,2,10,within_trace,1921.6981201171875,lower,-1921.6981201171875
Gemma4-E4B,non_thinking,8,2,10,class_nc1_ratio,9.954383232467126,lower,-9.954383232467126
Gemma4-E4B,non_thinking,8,2,10,centroid_nearest_squared,186.3103485107422,higher,186.3103485107422
Gemma4-E4B,non_thinking,8,2,10,fisher_nearest,0.09695089283814294,higher,0.09695089283814294
Gemma4-E4B,non_thinking,8,2,10,min_bhattacharyya,2.728410840034485,higher,2.728410840034485
Gemma4-E4B,non_thinking,8,2,10,mean_bhattacharyya,9.891749938329061,higher,9.891749938329061
Gemma4-E4B,non_thinking,8,2,10,nc2_class_cosine_deviation,0.25636953722547606,lower,-0.25636953722547606
Gemma4-E4B,non_thinking,8,3,10,logistic_precision,0.2727272727272727,higher,0.2727272727272727
Gemma4-E4B,non_thinking,8,3,10,logistic_recall,0.3,higher,0.3
Gemma4-E4B,non_thinking,8,3,10,logistic_f1,0.2857142857142857,higher,0.2857142857142857
Gemma4-E4B,non_thinking,8,3,10,ncc_recall,0.0,higher,0.0
Gemma4-E4B,non_thinking,8,3,10,silhouette_cosine,-0.16245321929454803,higher,-0.16245321929454803
Gemma4-E4B,non_thinking,8,3,10,within_trace,1845.228271484375,lower,-1845.228271484375
Gemma4-E4B,non_thinking,8,3,10,class_nc1_ratio,22.678038174491366,lower,-22.678038174491366
Gemma4-E4B,non_thinking,8,3,10,centroid_nearest_squared,72.8621826171875,higher,72.8621826171875
Gemma4-E4B,non_thinking,8,3,10,fisher_nearest,0.03948681241404038,higher,0.03948681241404038
Gemma4-E4B,non_thinking,8,3,10,min_bhattacharyya,2.2188082933425903,higher,2.2188082933425903
Gemma4-E4B,non_thinking,8,3,10,mean_bhattacharyya,9.072834915584988,higher,9.072834915584988
Gemma4-E4B,non_thinking,8,3,10,nc2_class_cosine_deviation,0.3017968723527444,lower,-0.3017968723527444
Gemma4-E4B,non_thinking,8,4,10,logistic_precision,0.1,higher,0.1
Gemma4-E4B,non_thinking,8,4,10,logistic_recall,0.1,higher,0.1
Gemma4-E4B,non_thinking,8,4,10,logistic_f1,0.1,higher,0.1
Gemma4-E4B,non_thinking,8,4,10,ncc_recall,0.1,higher,0.1
Gemma4-E4B,non_thinking,8,4,10,silhouette_cosine,-0.19845736026763916,higher,-0.19845736026763916
Gemma4-E4B,non_thinking,8,4,10,within_trace,1983.3770751953125,lower,-1983.3770751953125
Gemma4-E4B,non_thinking,8,4,10,class_nc1_ratio,23.43308524391539,lower,-23.43308524391539
Gemma4-E4B,non_thinking,8,4,10,centroid_nearest_squared,72.8621826171875,higher,72.8621826171875
Gemma4-E4B,non_thinking,8,4,10,fisher_nearest,0.03673642472146272,higher,0.03673642472146272
Gemma4-E4B,non_thinking,8,4,10,min_bhattacharyya,2.2188082933425903,higher,2.2188082933425903
Gemma4-E4B,non_thinking,8,4,10,mean_bhattacharyya,9.267923063702053,higher,9.267923063702053
Gemma4-E4B,non_thinking,8,4,10,nc2_class_cosine_deviation,0.3995752079803267,lower,-0.3995752079803267
Gemma4-E4B,non_thinking,8,5,10,logistic_precision,0.3333333333333333,higher,0.3333333333333333
Gemma4-E4B,non_thinking,8,5,10,logistic_recall,0.2,higher,0.2
Gemma4-E4B,non_thinking,8,5,10,logistic_f1,0.25,higher,0.25
Gemma4-E4B,non_thinking,8,5,10,ncc_recall,0.2,higher,0.2
Gemma4-E4B,non_thinking,8,5,10,silhouette_cosine,-0.14790430665016174,higher,-0.14790430665016174
Gemma4-E4B,non_thinking,8,5,10,within_trace,1753.780517578125,lower,-1753.780517578125
Gemma4-E4B,non_thinking,8,5,10,class_nc1_ratio,12.415616222599635,lower,-12.415616222599635
Gemma4-E4B,non_thinking,8,5,10,centroid_nearest_squared,143.57073974609375,higher,143.57073974609375
Gemma4-E4B,non_thinking,8,5,10,fisher_nearest,0.08186357318209755,higher,0.08186357318209755
Gemma4-E4B,non_thinking,8,5,10,min_bhattacharyya,2.6580082178115845,higher,2.6580082178115845
Gemma4-E4B,non_thinking,8,5,10,mean_bhattacharyya,9.981522805160946,higher,9.981522805160946
Gemma4-E4B,non_thinking,8,5,10,nc2_class_cosine_deviation,0.4951193833056791,lower,-0.4951193833056791
Gemma4-E4B,non_thinking,8,6,10,logistic_precision,0.0,higher,0.0
Gemma4-E4B,non_thinking,8,6,10,logistic_recall,0.0,higher,0.0
Gemma4-E4B,non_thinking,8,6,10,logistic_f1,0.0,higher,0.0
Gemma4-E4B,non_thinking,8,6,10,ncc_recall,0.0,higher,0.0
Gemma4-E4B,non_thinking,8,6,10,silhouette_cosine,-0.13548722863197327,higher,-0.13548722863197327
Gemma4-E4B,non_thinking,8,6,10,within_trace,1057.867919921875,lower,-1057.867919921875
Gemma4-E4B,non_thinking,8,6,10,class_nc1_ratio,9.634706247027681,lower,-9.634706247027681
Gemma4-E4B,non_thinking,8,6,10,centroid_nearest_squared,90.23233032226562,higher,90.23233032226562
Gemma4-E4B,non_thinking,8,6,10,fisher_nearest,0.08529640479969315,higher,0.08529640479969315
Gemma4-E4B,non_thinking,8,6,10,min_bhattacharyya,2.1747788190841675,higher,2.1747788190841675
Gemma4-E4B,non_thinking,8,6,10,mean_bhattacharyya,10.870456079641977,higher,10.870456079641977
Gemma4-E4B,non_thinking,8,6,10,nc2_class_cosine_deviation,0.5018736467133333,lower,-0.5018736467133333
Gemma4-E4B,non_thinking,8,7,10,logistic_precision,0.058823529411764705,higher,0.058823529411764705
Gemma4-E4B,non_thinking,8,7,10,logistic_recall,0.1,higher,0.1
Gemma4-E4B,non_thinking,8,7,10,logistic_f1,0.07407407407407407,higher,0.07407407407407407
Gemma4-E4B,non_thinking,8,7,10,ncc_recall,0.2,higher,0.2
Gemma4-E4B,non_thinking,8,7,10,silhouette_cosine,-0.10834003984928131,higher,-0.10834003984928131
Gemma4-E4B,non_thinking,8,7,10,within_trace,1195.5657958984375,lower,-1195.5657958984375
Gemma4-E4B,non_thinking,8,7,10,class_nc1_ratio,8.033666327356256,lower,-8.033666327356256
Gemma4-E4B,non_thinking,8,7,10,centroid_nearest_squared,90.23233032226562,higher,90.23233032226562
Gemma4-E4B,non_thinking,8,7,10,fisher_nearest,0.07547249229763914,higher,0.07547249229763914
Gemma4-E4B,non_thinking,8,7,10,min_bhattacharyya,2.1747788190841675,higher,2.1747788190841675
Gemma4-E4B,non_thinking,8,7,10,mean_bhattacharyya,11.834139976236555,higher,11.834139976236555
Gemma4-E4B,non_thinking,8,7,10,nc2_class_cosine_deviation,0.5229667296380173,lower,-0.5229667296380173
Gemma4-E4B,non_thinking,8,8,10,logistic_precision,0.3,higher,0.3
Gemma4-E4B,non_thinking,8,8,10,logistic_recall,0.3,higher,0.3
Gemma4-E4B,non_thinking,8,8,10,logistic_f1,0.3,higher,0.3
Gemma4-E4B,non_thinking,8,8,10,ncc_recall,0.0,higher,0.0
Gemma4-E4B,non_thinking,8,8,10,silhouette_cosine,-0.08631996810436249,higher,-0.08631996810436249
Gemma4-E4B,non_thinking,8,8,10,within_trace,897.7348022460938,lower,-897.7348022460938
Gemma4-E4B,non_thinking,8,8,10,class_nc1_ratio,4.546173606722159,lower,-4.546173606722159
Gemma4-E4B,non_thinking,8,8,10,centroid_nearest_squared,44.72624969482422,higher,44.72624969482422
Gemma4-E4B,non_thinking,8,8,10,fisher_nearest,0.049821227363494286,higher,0.049821227363494286
Gemma4-E4B,non_thinking,8,8,10,min_bhattacharyya,1.9502143263816833,higher,1.9502143263816833
Gemma4-E4B,non_thinking,8,8,10,mean_bhattacharyya,14.704787221219805,higher,14.704787221219805
Gemma4-E4B,non_thinking,8,8,10,nc2_class_cosine_deviation,0.5552731131054001,lower,-0.5552731131054001
Gemma4-E4B,non_thinking,8,9,10,logistic_precision,0.0,higher,0.0
Gemma4-E4B,non_thinking,8,9,10,logistic_recall,0.0,higher,0.0
Gemma4-E4B,non_thinking,8,9,10,logistic_f1,0.0,higher,0.0
Gemma4-E4B,non_thinking,8,9,10,ncc_recall,0.3,higher,0.3
Gemma4-E4B,non_thinking,8,9,10,silhouette_cosine,-0.09931403398513794,higher,-0.09931403398513794
Gemma4-E4B,non_thinking,8,9,10,within_trace,825.9459228515625,lower,-825.9459228515625
Gemma4-E4B,non_thinking,8,9,10,class_nc1_ratio,4.1350806693053315,lower,-4.1350806693053315
Gemma4-E4B,non_thinking,8,9,10,centroid_nearest_squared,44.72624969482422,higher,44.72624969482422
Gemma4-E4B,non_thinking,8,9,10,fisher_nearest,0.05415154728339562,higher,0.05415154728339562
Gemma4-E4B,non_thinking,8,9,10,min_bhattacharyya,1.9502143263816833,higher,1.9502143263816833
Gemma4-E4B,non_thinking,8,9,10,mean_bhattacharyya,14.23320107989841,higher,14.23320107989841
Gemma4-E4B,non_thinking,8,9,10,nc2_class_cosine_deviation,0.5818942805499207,lower,-0.5818942805499207
Gemma4-E4B,non_thinking,8,10,10,logistic_precision,0.18181818181818182,higher,0.18181818181818182
Gemma4-E4B,non_thinking,8,10,10,logistic_recall,0.2,higher,0.2
Gemma4-E4B,non_thinking,8,10,10,logistic_f1,0.19047619047619047,higher,0.19047619047619047
Gemma4-E4B,non_thinking,8,10,10,ncc_recall,0.2,higher,0.2
Gemma4-E4B,non_thinking,8,10,10,silhouette_cosine,-0.09430594742298126,higher,-0.09430594742298126
Gemma4-E4B,non_thinking,8,10,10,within_trace,1064.858154296875,lower,-1064.858154296875
Gemma4-E4B,non_thinking,8,10,10,class_nc1_ratio,4.406892652787546,lower,-4.406892652787546
Gemma4-E4B,non_thinking,8,10,10,centroid_nearest_squared,112.26751708984375,higher,112.26751708984375
Gemma4-E4B,non_thinking,8,10,10,fisher_nearest,0.10542955100341407,higher,0.10542955100341407
Gemma4-E4B,non_thinking,8,10,10,min_bhattacharyya,2.2933562994003296,higher,2.2933562994003296
Gemma4-E4B,non_thinking,8,10,10,mean_bhattacharyya,13.04024068514506,higher,13.04024068514506
Gemma4-E4B,non_thinking,8,10,10,nc2_class_cosine_deviation,0.596255623999937,lower,-0.596255623999937
Gemma4-E4B,native_thinking,8,1,10,logistic_precision,1.0,higher,1.0
Gemma4-E4B,native_thinking,8,1,10,logistic_recall,0.7,higher,0.7
Gemma4-E4B,native_thinking,8,1,10,logistic_f1,0.8235294117647058,higher,0.8235294117647058
Gemma4-E4B,native_thinking,8,1,10,ncc_recall,0.5,higher,0.5
Gemma4-E4B,native_thinking,8,1,10,silhouette_cosine,0.0893668383359909,higher,0.0893668383359909
Gemma4-E4B,native_thinking,8,1,10,within_trace,1844.802734375,lower,-1844.802734375
Gemma4-E4B,native_thinking,8,1,10,class_nc1_ratio,2.7325523093413473,lower,-2.7325523093413473
Gemma4-E4B,native_thinking,8,1,10,centroid_nearest_squared,895.023681640625,higher,895.023681640625
Gemma4-E4B,native_thinking,8,1,10,fisher_nearest,0.485159559319414,higher,0.485159559319414
Gemma4-E4B,native_thinking,8,1,10,min_bhattacharyya,6.890311241149902,higher,6.890311241149902
Gemma4-E4B,native_thinking,8,1,10,mean_bhattacharyya,8.429371303982204,higher,8.429371303982204
Gemma4-E4B,native_thinking,8,1,10,nc2_class_cosine_deviation,0.4009477723516339,lower,-0.4009477723516339
Gemma4-E4B,native_thinking,8,2,7,logistic_precision,0.4,higher,0.4
Gemma4-E4B,native_thinking,8,2,7,logistic_recall,0.2857142857142857,higher,0.2857142857142857
Gemma4-E4B,native_thinking,8,2,7,logistic_f1,0.3333333333333333,higher,0.3333333333333333
Gemma4-E4B,native_thinking,8,2,7,ncc_recall,0.5714285714285714,higher,0.5714285714285714
Gemma4-E4B,native_thinking,8,2,7,silhouette_cosine,-0.10872376710176468,higher,-0.10872376710176468
Gemma4-E4B,native_thinking,8,2,7,within_trace,1415.982666015625,lower,-1415.982666015625
Gemma4-E4B,native_thinking,8,2,7,class_nc1_ratio,6.580440441423528,lower,-6.580440441423528
Gemma4-E4B,native_thinking,8,2,7,centroid_nearest_squared,134.11903381347656,higher,134.11903381347656
Gemma4-E4B,native_thinking,8,2,7,fisher_nearest,0.09471799128083154,higher,0.09471799128083154
Gemma4-E4B,native_thinking,8,2,7,min_bhattacharyya,2.9179548025131226,higher,2.9179548025131226
Gemma4-E4B,native_thinking,8,2,7,mean_bhattacharyya,6.680461631880866,higher,6.680461631880866
Gemma4-E4B,native_thinking,8,2,7,nc2_class_cosine_deviation,0.29045670610611085,lower,-0.29045670610611085
Gemma4-E4B,native_thinking,8,3,7,logistic_precision,0.2777777777777778,higher,0.2777777777777778
Gemma4-E4B,native_thinking,8,3,7,logistic_recall,0.7142857142857143,higher,0.7142857142857143
Gemma4-E4B,native_thinking,8,3,7,logistic_f1,0.4,higher,0.4
Gemma4-E4B,native_thinking,8,3,7,ncc_recall,0.7142857142857143,higher,0.7142857142857143
Gemma4-E4B,native_thinking,8,3,7,silhouette_cosine,-0.15861919522285461,higher,-0.15861919522285461
Gemma4-E4B,native_thinking,8,3,7,within_trace,1393.0262451171875,lower,-1393.0262451171875
Gemma4-E4B,native_thinking,8,3,7,class_nc1_ratio,19.688976327548215,lower,-19.688976327548215
Gemma4-E4B,native_thinking,8,3,7,centroid_nearest_squared,79.54177856445312,higher,79.54177856445312
Gemma4-E4B,native_thinking,8,3,7,fisher_nearest,0.057099985619985014,higher,0.057099985619985014
Gemma4-E4B,native_thinking,8,3,7,min_bhattacharyya,2.0257227420806885,higher,2.0257227420806885
Gemma4-E4B,native_thinking,8,3,7,mean_bhattacharyya,4.115896920363109,higher,4.115896920363109
Gemma4-E4B,native_thinking,8,3,7,nc2_class_cosine_deviation,0.26374187640109914,lower,-0.26374187640109914
Gemma4-E4B,native_thinking,8,4,7,logistic_precision,0.5,higher,0.5
Gemma4-E4B,native_thinking,8,4,7,logistic_recall,0.2857142857142857,higher,0.2857142857142857
Gemma4-E4B,native_thinking,8,4,7,logistic_f1,0.36363636363636365,higher,0.36363636363636365
Gemma4-E4B,native_thinking,8,4,7,ncc_recall,0.0,higher,0.0
Gemma4-E4B,native_thinking,8,4,7,silhouette_cosine,-0.1732267141342163,higher,-0.1732267141342163
Gemma4-E4B,native_thinking,8,4,7,within_trace,1428.857421875,lower,-1428.857421875
Gemma4-E4B,native_thinking,8,4,7,class_nc1_ratio,21.66185734169893,lower,-21.66185734169893
Gemma4-E4B,native_thinking,8,4,7,centroid_nearest_squared,69.287353515625,higher,69.287353515625
Gemma4-E4B,native_thinking,8,4,7,fisher_nearest,0.04849143970201278,higher,0.04849143970201278
Gemma4-E4B,native_thinking,8,4,7,min_bhattacharyya,1.8224626183509827,higher,1.8224626183509827
Gemma4-E4B,native_thinking,8,4,7,mean_bhattacharyya,3.6131240593062506,higher,3.6131240593062506
Gemma4-E4B,native_thinking,8,4,7,nc2_class_cosine_deviation,0.3571233732890292,lower,-0.3571233732890292
Gemma4-E4B,native_thinking,8,5,7,logistic_precision,0.0,higher,0.0
Gemma4-E4B,native_thinking,8,5,7,logistic_recall,0.0,higher,0.0
Gemma4-E4B,native_thinking,8,5,7,logistic_f1,0.0,higher,0.0
Gemma4-E4B,native_thinking,8,5,7,ncc_recall,0.14285714285714285,higher,0.14285714285714285
Gemma4-E4B,native_thinking,8,5,7,silhouette_cosine,-0.18688024580478668,higher,-0.18688024580478668
Gemma4-E4B,native_thinking,8,5,7,within_trace,1368.92041015625,lower,-1368.92041015625
Gemma4-E4B,native_thinking,8,5,7,class_nc1_ratio,24.15396332319987,lower,-24.15396332319987
Gemma4-E4B,native_thinking,8,5,7,centroid_nearest_squared,46.8624267578125,higher,46.8624267578125
Gemma4-E4B,native_thinking,8,5,7,fisher_nearest,0.03423312736820366,higher,0.03423312736820366
Gemma4-E4B,native_thinking,8,5,7,min_bhattacharyya,1.6255886554718018,higher,1.6255886554718018
Gemma4-E4B,native_thinking,8,5,7,mean_bhattacharyya,3.3667501674758062,higher,3.3667501674758062
Gemma4-E4B,native_thinking,8,5,7,nc2_class_cosine_deviation,0.46240829464829997,lower,-0.46240829464829997
Gemma4-E4B,native_thinking,8,6,7,logistic_precision,0.2857142857142857,higher,0.2857142857142857
Gemma4-E4B,native_thinking,8,6,7,logistic_recall,0.2857142857142857,higher,0.2857142857142857
Gemma4-E4B,native_thinking,8,6,7,logistic_f1,0.2857142857142857,higher,0.2857142857142857
Gemma4-E4B,native_thinking,8,6,7,ncc_recall,0.0,higher,0.0
Gemma4-E4B,native_thinking,8,6,7,silhouette_cosine,-0.20326809585094452,higher,-0.20326809585094452
Gemma4-E4B,native_thinking,8,6,7,within_trace,1423.433349609375,lower,-1423.433349609375
Gemma4-E4B,native_thinking,8,6,7,class_nc1_ratio,21.323149188906417,lower,-21.323149188906417
Gemma4-E4B,native_thinking,8,6,7,centroid_nearest_squared,74.06581115722656,higher,74.06581115722656
Gemma4-E4B,native_thinking,8,6,7,fisher_nearest,0.052033213341216175,higher,0.052033213341216175
Gemma4-E4B,native_thinking,8,6,7,min_bhattacharyya,1.7241033911705017,higher,1.7241033911705017
Gemma4-E4B,native_thinking,8,6,7,mean_bhattacharyya,3.4030935300721064,higher,3.4030935300721064
Gemma4-E4B,native_thinking,8,6,7,nc2_class_cosine_deviation,0.3855952510127315,lower,-0.3855952510127315
Gemma4-E4B,native_thinking,8,7,7,logistic_precision,0.2222222222222222,higher,0.2222222222222222
Gemma4-E4B,native_thinking,8,7,7,logistic_recall,0.2857142857142857,higher,0.2857142857142857
Gemma4-E4B,native_thinking,8,7,7,logistic_f1,0.25,higher,0.25
Gemma4-E4B,native_thinking,8,7,7,ncc_recall,0.14285714285714285,higher,0.14285714285714285
Gemma4-E4B,native_thinking,8,7,7,silhouette_cosine,-0.17741571366786957,higher,-0.17741571366786957
Gemma4-E4B,native_thinking,8,7,7,within_trace,1478.137939453125,lower,-1478.137939453125
Gemma4-E4B,native_thinking,8,7,7,class_nc1_ratio,17.340807858686826,lower,-17.340807858686826
Gemma4-E4B,native_thinking,8,7,7,centroid_nearest_squared,69.287353515625,higher,69.287353515625
Gemma4-E4B,native_thinking,8,7,7,fisher_nearest,0.04687475482921413,higher,0.04687475482921413
Gemma4-E4B,native_thinking,8,7,7,min_bhattacharyya,1.8165919184684753,higher,1.8165919184684753
Gemma4-E4B,native_thinking,8,7,7,mean_bhattacharyya,3.5917377869288125,higher,3.5917377869288125
Gemma4-E4B,native_thinking,8,7,7,nc2_class_cosine_deviation,0.4805089903098565,lower,-0.4805089903098565
Gemma4-E4B,native_thinking,8,8,7,logistic_precision,0.42857142857142855,higher,0.42857142857142855
Gemma4-E4B,native_thinking,8,8,7,logistic_recall,0.42857142857142855,higher,0.42857142857142855
Gemma4-E4B,native_thinking,8,8,7,logistic_f1,0.42857142857142855,higher,0.42857142857142855
Gemma4-E4B,native_thinking,8,8,7,ncc_recall,0.0,higher,0.0
Gemma4-E4B,native_thinking,8,8,7,silhouette_cosine,-0.18556194007396698,higher,-0.18556194007396698
Gemma4-E4B,native_thinking,8,8,7,within_trace,1390.52783203125,lower,-1390.52783203125
Gemma4-E4B,native_thinking,8,8,7,class_nc1_ratio,15.020672631433253,lower,-15.020672631433253
Gemma4-E4B,native_thinking,8,8,7,centroid_nearest_squared,46.8624267578125,higher,46.8624267578125
Gemma4-E4B,native_thinking,8,8,7,fisher_nearest,0.03370117855847372,higher,0.03370117855847372
Gemma4-E4B,native_thinking,8,8,7,min_bhattacharyya,1.6255886554718018,higher,1.6255886554718018
Gemma4-E4B,native_thinking,8,8,7,mean_bhattacharyya,3.7390093074904547,higher,3.7390093074904547
Gemma4-E4B,native_thinking,8,8,7,nc2_class_cosine_deviation,0.5139981725103693,lower,-0.5139981725103693
Gemma4-E4B,native_thinking,8,9,5,logistic_precision,0.5,higher,0.5
Gemma4-E4B,native_thinking,8,9,5,logistic_recall,0.6,higher,0.6
Gemma4-E4B,native_thinking,8,9,5,logistic_f1,0.5454545454545454,higher,0.5454545454545454
Gemma4-E4B,native_thinking,8,9,5,ncc_recall,0.0,higher,0.0
Gemma4-E4B,native_thinking,8,9,5,silhouette_cosine,-0.20327022671699524,higher,-0.20327022671699524
Gemma4-E4B,native_thinking,8,9,5,within_trace,1429.4586181640625,lower,-1429.4586181640625
Gemma4-E4B,native_thinking,8,9,5,class_nc1_ratio,9.420777805695842,lower,-9.420777805695842
Gemma4-E4B,native_thinking,8,9,5,centroid_nearest_squared,111.97264099121094,higher,111.97264099121094
Gemma4-E4B,native_thinking,8,9,5,fisher_nearest,0.07833220183388308,higher,0.07833220183388308
Gemma4-E4B,native_thinking,8,9,5,min_bhattacharyya,2.15228807926178,higher,2.15228807926178
Gemma4-E4B,native_thinking,8,9,5,mean_bhattacharyya,4.14774626493454,higher,4.14774626493454
Gemma4-E4B,native_thinking,8,9,5,nc2_class_cosine_deviation,0.408955039801421,lower,-0.408955039801421
Gemma4-E4B,native_thinking,8,10,3,logistic_precision,0.25,higher,0.25
Gemma4-E4B,native_thinking,8,10,3,logistic_recall,0.3333333333333333,higher,0.3333333333333333
Gemma4-E4B,native_thinking,8,10,3,logistic_f1,0.2857142857142857,higher,0.2857142857142857
Gemma4-E4B,native_thinking,8,10,3,ncc_recall,0.0,higher,0.0
Gemma4-E4B,native_thinking,8,10,3,silhouette_cosine,-0.2646808922290802,higher,-0.2646808922290802
Gemma4-E4B,native_thinking,8,10,3,within_trace,1312.336669921875,lower,-1312.336669921875
Gemma4-E4B,native_thinking,8,10,3,class_nc1_ratio,6.164134513508114,lower,-6.164134513508114
Gemma4-E4B,native_thinking,8,10,3,centroid_nearest_squared,187.52877807617188,higher,187.52877807617188
Gemma4-E4B,native_thinking,8,10,3,fisher_nearest,0.14289685137529204,higher,0.14289685137529204
Gemma4-E4B,native_thinking,8,10,3,min_bhattacharyya,2.15228807926178,higher,2.15228807926178
Gemma4-E4B,native_thinking,8,10,3,mean_bhattacharyya,4.6479965051015215,higher,4.6479965051015215
Gemma4-E4B,native_thinking,8,10,3,nc2_class_cosine_deviation,0.314765606397464,lower,-0.314765606397464
Gemma4-E4B,non_thinking,9,1,10,logistic_precision,1.0,higher,1.0
Gemma4-E4B,non_thinking,9,1,10,logistic_recall,1.0,higher,1.0
Gemma4-E4B,non_thinking,9,1,10,logistic_f1,1.0,higher,1.0
Gemma4-E4B,non_thinking,9,1,10,ncc_recall,1.0,higher,1.0
Gemma4-E4B,non_thinking,9,1,10,silhouette_cosine,0.8549889326095581,higher,0.8549889326095581
Gemma4-E4B,non_thinking,9,1,10,within_trace,861.443603515625,lower,-861.443603515625
Gemma4-E4B,non_thinking,9,1,10,class_nc1_ratio,0.16349319655509892,lower,-0.16349319655509892
Gemma4-E4B,non_thinking,9,1,10,centroid_nearest_squared,5143.89013671875,higher,5143.89013671875
Gemma4-E4B,non_thinking,9,1,10,fisher_nearest,5.971244218107946,higher,5.971244218107946
Gemma4-E4B,non_thinking,9,1,10,min_bhattacharyya,52.34482955932617,higher,52.34482955932617
Gemma4-E4B,non_thinking,9,1,10,mean_bhattacharyya,85.04555087619357,higher,85.04555087619357
Gemma4-E4B,non_thinking,9,1,10,nc2_class_cosine_deviation,0.5481715614413036,lower,-0.5481715614413036
Gemma4-E4B,non_thinking,9,2,10,logistic_precision,0.5714285714285714,higher,0.5714285714285714
Gemma4-E4B,non_thinking,9,2,10,logistic_recall,0.4,higher,0.4
Gemma4-E4B,non_thinking,9,2,10,logistic_f1,0.47058823529411764,higher,0.47058823529411764
Gemma4-E4B,non_thinking,9,2,10,ncc_recall,0.6,higher,0.6
Gemma4-E4B,non_thinking,9,2,10,silhouette_cosine,-0.08124091476202011,higher,-0.08124091476202011
Gemma4-E4B,non_thinking,9,2,10,within_trace,1981.9892578125,lower,-1981.9892578125
Gemma4-E4B,non_thinking,9,2,10,class_nc1_ratio,7.8073987575598505,lower,-7.8073987575598505
Gemma4-E4B,non_thinking,9,2,10,centroid_nearest_squared,225.5847625732422,higher,225.5847625732422
Gemma4-E4B,non_thinking,9,2,10,fisher_nearest,0.11381734874901271,higher,0.11381734874901271
Gemma4-E4B,non_thinking,9,2,10,min_bhattacharyya,3.043328881263733,higher,3.043328881263733
Gemma4-E4B,non_thinking,9,2,10,mean_bhattacharyya,11.243032548162672,higher,11.243032548162672
Gemma4-E4B,non_thinking,9,2,10,nc2_class_cosine_deviation,0.2885576588688073,lower,-0.2885576588688073
Gemma4-E4B,non_thinking,9,3,10,logistic_precision,0.45454545454545453,higher,0.45454545454545453
Gemma4-E4B,non_thinking,9,3,10,logistic_recall,0.5,higher,0.5
Gemma4-E4B,non_thinking,9,3,10,logistic_f1,0.47619047619047616,higher,0.47619047619047616
Gemma4-E4B,non_thinking,9,3,10,ncc_recall,0.1,higher,0.1
Gemma4-E4B,non_thinking,9,3,10,silhouette_cosine,-0.16125503182411194,higher,-0.16125503182411194
Gemma4-E4B,non_thinking,9,3,10,within_trace,1803.2291259765625,lower,-1803.2291259765625
Gemma4-E4B,non_thinking,9,3,10,class_nc1_ratio,17.371248375350916,lower,-17.371248375350916
Gemma4-E4B,non_thinking,9,3,10,centroid_nearest_squared,89.82615661621094,higher,89.82615661621094
Gemma4-E4B,non_thinking,9,3,10,fisher_nearest,0.049814055974481,higher,0.049814055974481
Gemma4-E4B,non_thinking,9,3,10,min_bhattacharyya,2.621126413345337,higher,2.621126413345337
Gemma4-E4B,non_thinking,9,3,10,mean_bhattacharyya,10.703891734282175,higher,10.703891734282175
Gemma4-E4B,non_thinking,9,3,10,nc2_class_cosine_deviation,0.3218515082549902,lower,-0.3218515082549902
Gemma4-E4B,non_thinking,9,4,10,logistic_precision,0.3333333333333333,higher,0.3333333333333333
Gemma4-E4B,non_thinking,9,4,10,logistic_recall,0.3,higher,0.3
Gemma4-E4B,non_thinking,9,4,10,logistic_f1,0.3157894736842105,higher,0.3157894736842105
Gemma4-E4B,non_thinking,9,4,10,ncc_recall,0.2,higher,0.2
Gemma4-E4B,non_thinking,9,4,10,silhouette_cosine,-0.21009938418865204,higher,-0.21009938418865204
Gemma4-E4B,non_thinking,9,4,10,within_trace,2060.37109375,lower,-2060.37109375
Gemma4-E4B,non_thinking,9,4,10,class_nc1_ratio,20.744904847227332,lower,-20.744904847227332
Gemma4-E4B,non_thinking,9,4,10,centroid_nearest_squared,89.82615661621094,higher,89.82615661621094
Gemma4-E4B,non_thinking,9,4,10,fisher_nearest,0.04359707670559574,higher,0.04359707670559574
Gemma4-E4B,non_thinking,9,4,10,min_bhattacharyya,2.621126413345337,higher,2.621126413345337
Gemma4-E4B,non_thinking,9,4,10,mean_bhattacharyya,10.95929065015581,higher,10.95929065015581
Gemma4-E4B,non_thinking,9,4,10,nc2_class_cosine_deviation,0.3992383498468517,lower,-0.3992383498468517
Gemma4-E4B,non_thinking,9,5,10,logistic_precision,0.5,higher,0.5
Gemma4-E4B,non_thinking,9,5,10,logistic_recall,0.1,higher,0.1
Gemma4-E4B,non_thinking,9,5,10,logistic_f1,0.16666666666666666,higher,0.16666666666666666
Gemma4-E4B,non_thinking,9,5,10,ncc_recall,0.2,higher,0.2
Gemma4-E4B,non_thinking,9,5,10,silhouette_cosine,-0.17204239964485168,higher,-0.17204239964485168
Gemma4-E4B,non_thinking,9,5,10,within_trace,1750.44140625,lower,-1750.44140625
Gemma4-E4B,non_thinking,9,5,10,class_nc1_ratio,13.848895258606872,lower,-13.848895258606872
Gemma4-E4B,non_thinking,9,5,10,centroid_nearest_squared,130.48745727539062,higher,130.48745727539062
Gemma4-E4B,non_thinking,9,5,10,fisher_nearest,0.07454545853947553,higher,0.07454545853947553
Gemma4-E4B,non_thinking,9,5,10,min_bhattacharyya,2.7647828459739685,higher,2.7647828459739685
Gemma4-E4B,non_thinking,9,5,10,mean_bhattacharyya,11.45725186665853,higher,11.45725186665853
Gemma4-E4B,non_thinking,9,5,10,nc2_class_cosine_deviation,0.47358358688192603,lower,-0.47358358688192603
Gemma4-E4B,non_thinking,9,6,10,logistic_precision,0.2857142857142857,higher,0.2857142857142857
Gemma4-E4B,non_thinking,9,6,10,logistic_recall,0.4,higher,0.4
Gemma4-E4B,non_thinking,9,6,10,logistic_f1,0.3333333333333333,higher,0.3333333333333333
Gemma4-E4B,non_thinking,9,6,10,ncc_recall,0.1,higher,0.1
Gemma4-E4B,non_thinking,9,6,10,silhouette_cosine,-0.1160006895661354,higher,-0.1160006895661354
Gemma4-E4B,non_thinking,9,6,10,within_trace,1055.216064453125,lower,-1055.216064453125
Gemma4-E4B,non_thinking,9,6,10,class_nc1_ratio,6.391054227495135,lower,-6.391054227495135
Gemma4-E4B,non_thinking,9,6,10,centroid_nearest_squared,92.33741760253906,higher,92.33741760253906
Gemma4-E4B,non_thinking,9,6,10,fisher_nearest,0.08750569737619919,higher,0.08750569737619919
Gemma4-E4B,non_thinking,9,6,10,min_bhattacharyya,1.9782258868217468,higher,1.9782258868217468
Gemma4-E4B,non_thinking,9,6,10,mean_bhattacharyya,12.768660942713419,higher,12.768660942713419
Gemma4-E4B,non_thinking,9,6,10,nc2_class_cosine_deviation,0.5284041815701825,lower,-0.5284041815701825
Gemma4-E4B,non_thinking,9,7,10,logistic_precision,0.08333333333333333,higher,0.08333333333333333
Gemma4-E4B,non_thinking,9,7,10,logistic_recall,0.1,higher,0.1
Gemma4-E4B,non_thinking,9,7,10,logistic_f1,0.09090909090909091,higher,0.09090909090909091
Gemma4-E4B,non_thinking,9,7,10,ncc_recall,0.2,higher,0.2
Gemma4-E4B,non_thinking,9,7,10,silhouette_cosine,-0.11210058629512787,higher,-0.11210058629512787
Gemma4-E4B,non_thinking,9,7,10,within_trace,1141.692626953125,lower,-1141.692626953125
Gemma4-E4B,non_thinking,9,7,10,class_nc1_ratio,6.122963624356524,lower,-6.122963624356524
Gemma4-E4B,non_thinking,9,7,10,centroid_nearest_squared,92.33741760253906,higher,92.33741760253906
Gemma4-E4B,non_thinking,9,7,10,fisher_nearest,0.08087765079902737,higher,0.08087765079902737
Gemma4-E4B,non_thinking,9,7,10,min_bhattacharyya,1.9782258868217468,higher,1.9782258868217468
Gemma4-E4B,non_thinking,9,7,10,mean_bhattacharyya,13.774894369973076,higher,13.774894369973076
Gemma4-E4B,non_thinking,9,7,10,nc2_class_cosine_deviation,0.5779208478368358,lower,-0.5779208478368358
Gemma4-E4B,non_thinking,9,8,10,logistic_precision,0.125,higher,0.125
Gemma4-E4B,non_thinking,9,8,10,logistic_recall,0.1,higher,0.1
Gemma4-E4B,non_thinking,9,8,10,logistic_f1,0.1111111111111111,higher,0.1111111111111111
Gemma4-E4B,non_thinking,9,8,10,ncc_recall,0.1,higher,0.1
Gemma4-E4B,non_thinking,9,8,10,silhouette_cosine,-0.1038990467786789,higher,-0.1038990467786789
Gemma4-E4B,non_thinking,9,8,10,within_trace,944.0638427734375,lower,-944.0638427734375
Gemma4-E4B,non_thinking,9,8,10,class_nc1_ratio,3.919046213336716,lower,-3.919046213336716
Gemma4-E4B,non_thinking,9,8,10,centroid_nearest_squared,51.558616638183594,higher,51.558616638183594
Gemma4-E4B,non_thinking,9,8,10,fisher_nearest,0.05461348512905283,higher,0.05461348512905283
Gemma4-E4B,non_thinking,9,8,10,min_bhattacharyya,1.8451396226882935,higher,1.8451396226882935
Gemma4-E4B,non_thinking,9,8,10,mean_bhattacharyya,16.105036278565724,higher,16.105036278565724
Gemma4-E4B,non_thinking,9,8,10,nc2_class_cosine_deviation,0.5926768497828347,lower,-0.5926768497828347
Gemma4-E4B,non_thinking,9,9,10,logistic_precision,0.0,higher,0.0
Gemma4-E4B,non_thinking,9,9,10,logistic_recall,0.0,higher,0.0
Gemma4-E4B,non_thinking,9,9,10,logistic_f1,0.0,higher,0.0
Gemma4-E4B,non_thinking,9,9,10,ncc_recall,0.3,higher,0.3
Gemma4-E4B,non_thinking,9,9,10,silhouette_cosine,-0.07428883761167526,higher,-0.07428883761167526
Gemma4-E4B,non_thinking,9,9,10,within_trace,845.3528442382812,lower,-845.3528442382812
Gemma4-E4B,non_thinking,9,9,10,class_nc1_ratio,3.2415596961319775,lower,-3.2415596961319775
Gemma4-E4B,non_thinking,9,9,10,centroid_nearest_squared,51.558616638183594,higher,51.558616638183594
Gemma4-E4B,non_thinking,9,9,10,fisher_nearest,0.060990646674456174,higher,0.060990646674456174
Gemma4-E4B,non_thinking,9,9,10,min_bhattacharyya,1.8451396226882935,higher,1.8451396226882935
Gemma4-E4B,non_thinking,9,9,10,mean_bhattacharyya,16.078508893648785,higher,16.078508893648785
Gemma4-E4B,non_thinking,9,9,10,nc2_class_cosine_deviation,0.5986601995465196,lower,-0.5986601995465196
Gemma4-E4B,non_thinking,9,10,10,logistic_precision,0.21052631578947367,higher,0.21052631578947367
Gemma4-E4B,non_thinking,9,10,10,logistic_recall,0.4,higher,0.4
Gemma4-E4B,non_thinking,9,10,10,logistic_f1,0.27586206896551724,higher,0.27586206896551724
Gemma4-E4B,non_thinking,9,10,10,ncc_recall,0.2,higher,0.2
Gemma4-E4B,non_thinking,9,10,10,silhouette_cosine,-0.13151904940605164,higher,-0.13151904940605164
Gemma4-E4B,non_thinking,9,10,10,within_trace,1070.720947265625,lower,-1070.720947265625
Gemma4-E4B,non_thinking,9,10,10,class_nc1_ratio,4.346208505851657,lower,-4.346208505851657
Gemma4-E4B,non_thinking,9,10,10,centroid_nearest_squared,107.44291687011719,higher,107.44291687011719
Gemma4-E4B,non_thinking,9,10,10,fisher_nearest,0.10034632940029957,higher,0.10034632940029957
Gemma4-E4B,non_thinking,9,10,10,min_bhattacharyya,2.072473645210266,higher,2.072473645210266
Gemma4-E4B,non_thinking,9,10,10,mean_bhattacharyya,14.9393310546875,higher,14.9393310546875
Gemma4-E4B,non_thinking,9,10,10,nc2_class_cosine_deviation,0.6108311136931549,lower,-0.6108311136931549
Gemma4-E4B,native_thinking,9,1,10,logistic_precision,0.875,higher,0.875
Gemma4-E4B,native_thinking,9,1,10,logistic_recall,0.7,higher,0.7
Gemma4-E4B,native_thinking,9,1,10,logistic_f1,0.7777777777777778,higher,0.7777777777777778
Gemma4-E4B,native_thinking,9,1,10,ncc_recall,0.4,higher,0.4
Gemma4-E4B,native_thinking,9,1,10,silhouette_cosine,0.05701432749629021,higher,0.05701432749629021
Gemma4-E4B,native_thinking,9,1,10,within_trace,1854.144287109375,lower,-1854.144287109375
Gemma4-E4B,native_thinking,9,1,10,class_nc1_ratio,3.145061542202573,lower,-3.145061542202573
Gemma4-E4B,native_thinking,9,1,10,centroid_nearest_squared,767.108154296875,higher,767.108154296875
Gemma4-E4B,native_thinking,9,1,10,fisher_nearest,0.41372624537910285,higher,0.41372624537910285
Gemma4-E4B,native_thinking,9,1,10,min_bhattacharyya,6.870488166809082,higher,6.870488166809082
Gemma4-E4B,native_thinking,9,1,10,mean_bhattacharyya,8.241009924146864,higher,8.241009924146864
Gemma4-E4B,native_thinking,9,1,10,nc2_class_cosine_deviation,0.34523236153670295,lower,-0.34523236153670295
Gemma4-E4B,native_thinking,9,2,7,logistic_precision,1.0,higher,1.0
Gemma4-E4B,native_thinking,9,2,7,logistic_recall,0.5714285714285714,higher,0.5714285714285714
Gemma4-E4B,native_thinking,9,2,7,logistic_f1,0.7272727272727273,higher,0.7272727272727273
Gemma4-E4B,native_thinking,9,2,7,ncc_recall,0.5714285714285714,higher,0.5714285714285714
Gemma4-E4B,native_thinking,9,2,7,silhouette_cosine,-0.08445601165294647,higher,-0.08445601165294647
Gemma4-E4B,native_thinking,9,2,7,within_trace,1368.701171875,lower,-1368.701171875
Gemma4-E4B,native_thinking,9,2,7,class_nc1_ratio,6.0472641293264395,lower,-6.0472641293264395
Gemma4-E4B,native_thinking,9,2,7,centroid_nearest_squared,153.60751342773438,higher,153.60751342773438
Gemma4-E4B,native_thinking,9,2,7,fisher_nearest,0.1122286709357497,higher,0.1122286709357497
Gemma4-E4B,native_thinking,9,2,7,min_bhattacharyya,3.5535731315612793,higher,3.5535731315612793
Gemma4-E4B,native_thinking,9,2,7,mean_bhattacharyya,7.563219388326009,higher,7.563219388326009
Gemma4-E4B,native_thinking,9,2,7,nc2_class_cosine_deviation,0.3057010712584963,lower,-0.3057010712584963
Gemma4-E4B,native_thinking,9,3,7,logistic_precision,0.3333333333333333,higher,0.3333333333333333
Gemma4-E4B,native_thinking,9,3,7,logistic_recall,0.5714285714285714,higher,0.5714285714285714
Gemma4-E4B,native_thinking,9,3,7,logistic_f1,0.42105263157894735,higher,0.42105263157894735
Gemma4-E4B,native_thinking,9,3,7,ncc_recall,0.5714285714285714,higher,0.5714285714285714
Gemma4-E4B,native_thinking,9,3,7,silhouette_cosine,-0.12859997153282166,higher,-0.12859997153282166
Gemma4-E4B,native_thinking,9,3,7,within_trace,1370.558349609375,lower,-1370.558349609375
Gemma4-E4B,native_thinking,9,3,7,class_nc1_ratio,15.215793338736558,lower,-15.215793338736558
Gemma4-E4B,native_thinking,9,3,7,centroid_nearest_squared,121.871337890625,higher,121.871337890625
Gemma4-E4B,native_thinking,9,3,7,fisher_nearest,0.0889209408160986,higher,0.0889209408160986
Gemma4-E4B,native_thinking,9,3,7,min_bhattacharyya,2.6230173110961914,higher,2.6230173110961914
Gemma4-E4B,native_thinking,9,3,7,mean_bhattacharyya,4.707914352416992,higher,4.707914352416992
Gemma4-E4B,native_thinking,9,3,7,nc2_class_cosine_deviation,0.27051154077972894,lower,-0.27051154077972894
Gemma4-E4B,native_thinking,9,4,7,logistic_precision,0.6,higher,0.6
Gemma4-E4B,native_thinking,9,4,7,logistic_recall,0.42857142857142855,higher,0.42857142857142855
Gemma4-E4B,native_thinking,9,4,7,logistic_f1,0.5,higher,0.5
Gemma4-E4B,native_thinking,9,4,7,ncc_recall,0.2857142857142857,higher,0.2857142857142857
Gemma4-E4B,native_thinking,9,4,7,silhouette_cosine,-0.16516686975955963,higher,-0.16516686975955963
Gemma4-E4B,native_thinking,9,4,7,within_trace,1413.0849609375,lower,-1413.0849609375
Gemma4-E4B,native_thinking,9,4,7,class_nc1_ratio,19.297781393040324,lower,-19.297781393040324
Gemma4-E4B,native_thinking,9,4,7,centroid_nearest_squared,101.7334213256836,higher,101.7334213256836
Gemma4-E4B,native_thinking,9,4,7,fisher_nearest,0.07199384618614112,higher,0.07199384618614112
Gemma4-E4B,native_thinking,9,4,7,min_bhattacharyya,2.4240147471427917,higher,2.4240147471427917
Gemma4-E4B,native_thinking,9,4,7,mean_bhattacharyya,4.216099308596717,higher,4.216099308596717
Gemma4-E4B,native_thinking,9,4,7,nc2_class_cosine_deviation,0.28051512621711067,lower,-0.28051512621711067
Gemma4-E4B,native_thinking,9,5,7,logistic_precision,0.3333333333333333,higher,0.3333333333333333
Gemma4-E4B,native_thinking,9,5,7,logistic_recall,0.14285714285714285,higher,0.14285714285714285
Gemma4-E4B,native_thinking,9,5,7,logistic_f1,0.2,higher,0.2
Gemma4-E4B,native_thinking,9,5,7,ncc_recall,0.0,higher,0.0
Gemma4-E4B,native_thinking,9,5,7,silhouette_cosine,-0.16005012392997742,higher,-0.16005012392997742
Gemma4-E4B,native_thinking,9,5,7,within_trace,1388.3953857421875,lower,-1388.3953857421875
Gemma4-E4B,native_thinking,9,5,7,class_nc1_ratio,17.07786432901717,lower,-17.07786432901717
Gemma4-E4B,native_thinking,9,5,7,centroid_nearest_squared,89.8070068359375,higher,89.8070068359375
Gemma4-E4B,native_thinking,9,5,7,fisher_nearest,0.064684028597466,higher,0.064684028597466
Gemma4-E4B,native_thinking,9,5,7,min_bhattacharyya,2.3479117155075073,higher,2.3479117155075073
Gemma4-E4B,native_thinking,9,5,7,mean_bhattacharyya,4.142404231760237,higher,4.142404231760237
Gemma4-E4B,native_thinking,9,5,7,nc2_class_cosine_deviation,0.35155515409546134,lower,-0.35155515409546134
Gemma4-E4B,native_thinking,9,6,7,logistic_precision,0.1111111111111111,higher,0.1111111111111111
Gemma4-E4B,native_thinking,9,6,7,logistic_recall,0.14285714285714285,higher,0.14285714285714285
Gemma4-E4B,native_thinking,9,6,7,logistic_f1,0.125,higher,0.125
Gemma4-E4B,native_thinking,9,6,7,ncc_recall,0.0,higher,0.0
Gemma4-E4B,native_thinking,9,6,7,silhouette_cosine,-0.1702149361371994,higher,-0.1702149361371994
Gemma4-E4B,native_thinking,9,6,7,within_trace,1441.832763671875,lower,-1441.832763671875
Gemma4-E4B,native_thinking,9,6,7,class_nc1_ratio,14.310220567974477,lower,-14.310220567974477
Gemma4-E4B,native_thinking,9,6,7,centroid_nearest_squared,137.42739868164062,higher,137.42739868164062
Gemma4-E4B,native_thinking,9,6,7,fisher_nearest,0.09531438190630245,higher,0.09531438190630245
Gemma4-E4B,native_thinking,9,6,7,min_bhattacharyya,2.471627652645111,higher,2.471627652645111
Gemma4-E4B,native_thinking,9,6,7,mean_bhattacharyya,4.248096611764696,higher,4.248096611764696
Gemma4-E4B,native_thinking,9,6,7,nc2_class_cosine_deviation,0.2888161239248735,lower,-0.2888161239248735
Gemma4-E4B,native_thinking,9,7,7,logistic_precision,0.18181818181818182,higher,0.18181818181818182
Gemma4-E4B,native_thinking,9,7,7,logistic_recall,0.2857142857142857,higher,0.2857142857142857
Gemma4-E4B,native_thinking,9,7,7,logistic_f1,0.2222222222222222,higher,0.2222222222222222
Gemma4-E4B,native_thinking,9,7,7,ncc_recall,0.14285714285714285,higher,0.14285714285714285
Gemma4-E4B,native_thinking,9,7,7,silhouette_cosine,-0.16287748515605927,higher,-0.16287748515605927
Gemma4-E4B,native_thinking,9,7,7,within_trace,1443.715087890625,lower,-1443.715087890625
Gemma4-E4B,native_thinking,9,7,7,class_nc1_ratio,14.873605992191548,lower,-14.873605992191548
Gemma4-E4B,native_thinking,9,7,7,centroid_nearest_squared,98.76432037353516,higher,98.76432037353516
Gemma4-E4B,native_thinking,9,7,7,fisher_nearest,0.06840984152755317,higher,0.06840984152755317
Gemma4-E4B,native_thinking,9,7,7,min_bhattacharyya,2.2965058088302612,higher,2.2965058088302612
Gemma4-E4B,native_thinking,9,7,7,mean_bhattacharyya,4.301532553301917,higher,4.301532553301917
Gemma4-E4B,native_thinking,9,7,7,nc2_class_cosine_deviation,0.41405567250869896,lower,-0.41405567250869896
Gemma4-E4B,native_thinking,9,8,7,logistic_precision,0.4,higher,0.4
Gemma4-E4B,native_thinking,9,8,7,logistic_recall,0.2857142857142857,higher,0.2857142857142857
Gemma4-E4B,native_thinking,9,8,7,logistic_f1,0.3333333333333333,higher,0.3333333333333333
Gemma4-E4B,native_thinking,9,8,7,ncc_recall,0.0,higher,0.0
Gemma4-E4B,native_thinking,9,8,7,silhouette_cosine,-0.1762751042842865,higher,-0.1762751042842865
Gemma4-E4B,native_thinking,9,8,7,within_trace,1411.478759765625,lower,-1411.478759765625
Gemma4-E4B,native_thinking,9,8,7,class_nc1_ratio,14.380954630533244,lower,-14.380954630533244
Gemma4-E4B,native_thinking,9,8,7,centroid_nearest_squared,89.8070068359375,higher,89.8070068359375
Gemma4-E4B,native_thinking,9,8,7,fisher_nearest,0.06362618368472643,higher,0.06362618368472643
Gemma4-E4B,native_thinking,9,8,7,min_bhattacharyya,2.2965058088302612,higher,2.2965058088302612
Gemma4-E4B,native_thinking,9,8,7,mean_bhattacharyya,4.269093069765303,higher,4.269093069765303
Gemma4-E4B,native_thinking,9,8,7,nc2_class_cosine_deviation,0.434014885743827,lower,-0.434014885743827
Gemma4-E4B,native_thinking,9,9,5,logistic_precision,0.25,higher,0.25
Gemma4-E4B,native_thinking,9,9,5,logistic_recall,0.4,higher,0.4
Gemma4-E4B,native_thinking,9,9,5,logistic_f1,0.3076923076923077,higher,0.3076923076923077
Gemma4-E4B,native_thinking,9,9,5,ncc_recall,0.2,higher,0.2
Gemma4-E4B,native_thinking,9,9,5,silhouette_cosine,-0.20940914750099182,higher,-0.20940914750099182
Gemma4-E4B,native_thinking,9,9,5,within_trace,1532.012939453125,lower,-1532.012939453125
Gemma4-E4B,native_thinking,9,9,5,class_nc1_ratio,8.800607651790946,lower,-8.800607651790946
Gemma4-E4B,native_thinking,9,9,5,centroid_nearest_squared,148.57705688476562,higher,148.57705688476562
Gemma4-E4B,native_thinking,9,9,5,fisher_nearest,0.09698159399215155,higher,0.09698159399215155
Gemma4-E4B,native_thinking,9,9,5,min_bhattacharyya,2.5275261402130127,higher,2.5275261402130127
Gemma4-E4B,native_thinking,9,9,5,mean_bhattacharyya,4.596857150395711,higher,4.596857150395711
Gemma4-E4B,native_thinking,9,9,5,nc2_class_cosine_deviation,0.36694141118614765,lower,-0.36694141118614765
Gemma4-E4B,native_thinking,9,10,3,logistic_precision,0.0,higher,0.0
Gemma4-E4B,native_thinking,9,10,3,logistic_recall,0.0,higher,0.0
Gemma4-E4B,native_thinking,9,10,3,logistic_f1,0.0,higher,0.0
Gemma4-E4B,native_thinking,9,10,3,ncc_recall,0.0,higher,0.0
Gemma4-E4B,native_thinking,9,10,3,silhouette_cosine,-0.22114680707454681,higher,-0.22114680707454681
Gemma4-E4B,native_thinking,9,10,3,within_trace,1323.5478515625,lower,-1323.5478515625
Gemma4-E4B,native_thinking,9,10,3,class_nc1_ratio,4.361102231036878,lower,-4.361102231036878
Gemma4-E4B,native_thinking,9,10,3,centroid_nearest_squared,298.4358825683594,higher,298.4358825683594
Gemma4-E4B,native_thinking,9,10,3,fisher_nearest,0.2254817475741766,higher,0.2254817475741766
Gemma4-E4B,native_thinking,9,10,3,min_bhattacharyya,2.5275261402130127,higher,2.5275261402130127
Gemma4-E4B,native_thinking,9,10,3,mean_bhattacharyya,5.724135133955214,higher,5.724135133955214
Gemma4-E4B,native_thinking,9,10,3,nc2_class_cosine_deviation,0.2854351226562335,lower,-0.2854351226562335
Gemma4-E4B,non_thinking,10,1,10,logistic_precision,1.0,higher,1.0
Gemma4-E4B,non_thinking,10,1,10,logistic_recall,1.0,higher,1.0
Gemma4-E4B,non_thinking,10,1,10,logistic_f1,1.0,higher,1.0
Gemma4-E4B,non_thinking,10,1,10,ncc_recall,1.0,higher,1.0
Gemma4-E4B,non_thinking,10,1,10,silhouette_cosine,0.8341435194015503,higher,0.8341435194015503
Gemma4-E4B,non_thinking,10,1,10,within_trace,1197.4766845703125,lower,-1197.4766845703125
Gemma4-E4B,non_thinking,10,1,10,class_nc1_ratio,0.19695504499445352,lower,-0.19695504499445352
Gemma4-E4B,non_thinking,10,1,10,centroid_nearest_squared,6170.32373046875,higher,6170.32373046875
Gemma4-E4B,non_thinking,10,1,10,fisher_nearest,5.152771498580644,higher,5.152771498580644
Gemma4-E4B,non_thinking,10,1,10,min_bhattacharyya,64.73065567016602,higher,64.73065567016602
Gemma4-E4B,non_thinking,10,1,10,mean_bhattacharyya,99.96493148803711,higher,99.96493148803711
Gemma4-E4B,non_thinking,10,1,10,nc2_class_cosine_deviation,0.5443354954966055,lower,-0.5443354954966055
Gemma4-E4B,non_thinking,10,2,10,logistic_precision,0.8571428571428571,higher,0.8571428571428571
Gemma4-E4B,non_thinking,10,2,10,logistic_recall,0.6,higher,0.6
Gemma4-E4B,non_thinking,10,2,10,logistic_f1,0.7058823529411765,higher,0.7058823529411765
Gemma4-E4B,non_thinking,10,2,10,ncc_recall,0.5,higher,0.5
Gemma4-E4B,non_thinking,10,2,10,silhouette_cosine,-0.10572229325771332,higher,-0.10572229325771332
Gemma4-E4B,non_thinking,10,2,10,within_trace,1832.134765625,lower,-1832.134765625
Gemma4-E4B,non_thinking,10,2,10,class_nc1_ratio,7.614607197386912,lower,-7.614607197386912
Gemma4-E4B,non_thinking,10,2,10,centroid_nearest_squared,208.0240020751953,higher,208.0240020751953
Gemma4-E4B,non_thinking,10,2,10,fisher_nearest,0.11354186710399093,higher,0.11354186710399093
Gemma4-E4B,non_thinking,10,2,10,min_bhattacharyya,3.2356364727020264,higher,3.2356364727020264
Gemma4-E4B,non_thinking,10,2,10,mean_bhattacharyya,13.055435260136923,higher,13.055435260136923
Gemma4-E4B,non_thinking,10,2,10,nc2_class_cosine_deviation,0.23335035858146938,lower,-0.23335035858146938
Gemma4-E4B,non_thinking,10,3,10,logistic_precision,0.3333333333333333,higher,0.3333333333333333
Gemma4-E4B,non_thinking,10,3,10,logistic_recall,0.2,higher,0.2
Gemma4-E4B,non_thinking,10,3,10,logistic_f1,0.25,higher,0.25
Gemma4-E4B,non_thinking,10,3,10,ncc_recall,0.3,higher,0.3
Gemma4-E4B,non_thinking,10,3,10,silhouette_cosine,-0.16624626517295837,higher,-0.16624626517295837
Gemma4-E4B,non_thinking,10,3,10,within_trace,1608.902099609375,lower,-1608.902099609375
Gemma4-E4B,non_thinking,10,3,10,class_nc1_ratio,12.78902393308435,lower,-12.78902393308435
Gemma4-E4B,non_thinking,10,3,10,centroid_nearest_squared,117.10319519042969,higher,117.10319519042969
Gemma4-E4B,non_thinking,10,3,10,fisher_nearest,0.07278453749228193,higher,0.07278453749228193
Gemma4-E4B,non_thinking,10,3,10,min_bhattacharyya,2.832831084728241,higher,2.832831084728241
Gemma4-E4B,non_thinking,10,3,10,mean_bhattacharyya,12.175000806649527,higher,12.175000806649527
Gemma4-E4B,non_thinking,10,3,10,nc2_class_cosine_deviation,0.3739601118881026,lower,-0.3739601118881026
Gemma4-E4B,non_thinking,10,4,10,logistic_precision,0.13333333333333333,higher,0.13333333333333333
Gemma4-E4B,non_thinking,10,4,10,logistic_recall,0.2,higher,0.2
Gemma4-E4B,non_thinking,10,4,10,logistic_f1,0.16,higher,0.16
Gemma4-E4B,non_thinking,10,4,10,ncc_recall,0.1,higher,0.1
Gemma4-E4B,non_thinking,10,4,10,silhouette_cosine,-0.2333602011203766,higher,-0.2333602011203766
Gemma4-E4B,non_thinking,10,4,10,within_trace,1923.897216796875,lower,-1923.897216796875
Gemma4-E4B,non_thinking,10,4,10,class_nc1_ratio,15.201150308266932,lower,-15.201150308266932
Gemma4-E4B,non_thinking,10,4,10,centroid_nearest_squared,117.10319519042969,higher,117.10319519042969
Gemma4-E4B,non_thinking,10,4,10,fisher_nearest,0.060867698215914326,higher,0.060867698215914326
Gemma4-E4B,non_thinking,10,4,10,min_bhattacharyya,2.832831084728241,higher,2.832831084728241
Gemma4-E4B,non_thinking,10,4,10,mean_bhattacharyya,12.453115893734825,higher,12.453115893734825
Gemma4-E4B,non_thinking,10,4,10,nc2_class_cosine_deviation,0.4612908911557846,lower,-0.4612908911557846
Gemma4-E4B,non_thinking,10,5,10,logistic_precision,0.14285714285714285,higher,0.14285714285714285
Gemma4-E4B,non_thinking,10,5,10,logistic_recall,0.1,higher,0.1
Gemma4-E4B,non_thinking,10,5,10,logistic_f1,0.11764705882352941,higher,0.11764705882352941
Gemma4-E4B,non_thinking,10,5,10,ncc_recall,0.2,higher,0.2
Gemma4-E4B,non_thinking,10,5,10,silhouette_cosine,-0.10921722650527954,higher,-0.10921722650527954
Gemma4-E4B,non_thinking,10,5,10,within_trace,1566.2593994140625,lower,-1566.2593994140625
Gemma4-E4B,non_thinking,10,5,10,class_nc1_ratio,8.521984991953087,lower,-8.521984991953087
Gemma4-E4B,non_thinking,10,5,10,centroid_nearest_squared,171.81085205078125,higher,171.81085205078125
Gemma4-E4B,non_thinking,10,5,10,fisher_nearest,0.109695017386683,higher,0.109695017386683
Gemma4-E4B,non_thinking,10,5,10,min_bhattacharyya,3.1266754865646362,higher,3.1266754865646362
Gemma4-E4B,non_thinking,10,5,10,mean_bhattacharyya,13.716378423902723,higher,13.716378423902723
Gemma4-E4B,non_thinking,10,5,10,nc2_class_cosine_deviation,0.40907861973032544,lower,-0.40907861973032544
Gemma4-E4B,non_thinking,10,6,10,logistic_precision,0.2857142857142857,higher,0.2857142857142857
Gemma4-E4B,non_thinking,10,6,10,logistic_recall,0.2,higher,0.2
Gemma4-E4B,non_thinking,10,6,10,logistic_f1,0.23529411764705882,higher,0.23529411764705882
Gemma4-E4B,non_thinking,10,6,10,ncc_recall,0.0,higher,0.0
Gemma4-E4B,non_thinking,10,6,10,silhouette_cosine,-0.17518652975559235,higher,-0.17518652975559235
Gemma4-E4B,non_thinking,10,6,10,within_trace,1067.1986083984375,lower,-1067.1986083984375
Gemma4-E4B,non_thinking,10,6,10,class_nc1_ratio,5.966028055753737,lower,-5.966028055753737
Gemma4-E4B,non_thinking,10,6,10,centroid_nearest_squared,80.39828491210938,higher,80.39828491210938
Gemma4-E4B,non_thinking,10,6,10,fisher_nearest,0.0753358224789708,higher,0.0753358224789708
Gemma4-E4B,non_thinking,10,6,10,min_bhattacharyya,2.288772702217102,higher,2.288772702217102
Gemma4-E4B,non_thinking,10,6,10,mean_bhattacharyya,14.55519774225023,higher,14.55519774225023
Gemma4-E4B,non_thinking,10,6,10,nc2_class_cosine_deviation,0.5416084498534968,lower,-0.5416084498534968
Gemma4-E4B,non_thinking,10,7,10,logistic_precision,0.07142857142857142,higher,0.07142857142857142
Gemma4-E4B,non_thinking,10,7,10,logistic_recall,0.1,higher,0.1
Gemma4-E4B,non_thinking,10,7,10,logistic_f1,0.08333333333333333,higher,0.08333333333333333
Gemma4-E4B,non_thinking,10,7,10,ncc_recall,0.1,higher,0.1
Gemma4-E4B,non_thinking,10,7,10,silhouette_cosine,-0.07499460130929947,higher,-0.07499460130929947
Gemma4-E4B,non_thinking,10,7,10,within_trace,973.2525634765625,lower,-973.2525634765625
Gemma4-E4B,non_thinking,10,7,10,class_nc1_ratio,4.350641037495333,lower,-4.350641037495333
Gemma4-E4B,non_thinking,10,7,10,centroid_nearest_squared,80.39828491210938,higher,80.39828491210938
Gemma4-E4B,non_thinking,10,7,10,fisher_nearest,0.08260783267286559,higher,0.08260783267286559
Gemma4-E4B,non_thinking,10,7,10,min_bhattacharyya,2.288772702217102,higher,2.288772702217102
Gemma4-E4B,non_thinking,10,7,10,mean_bhattacharyya,16.078168034553528,higher,16.078168034553528
Gemma4-E4B,non_thinking,10,7,10,nc2_class_cosine_deviation,0.5364767813388212,lower,-0.5364767813388212
Gemma4-E4B,non_thinking,10,8,10,logistic_precision,0.21052631578947367,higher,0.21052631578947367
Gemma4-E4B,non_thinking,10,8,10,logistic_recall,0.4,higher,0.4
Gemma4-E4B,non_thinking,10,8,10,logistic_f1,0.27586206896551724,higher,0.27586206896551724
Gemma4-E4B,non_thinking,10,8,10,ncc_recall,0.2,higher,0.2
Gemma4-E4B,non_thinking,10,8,10,silhouette_cosine,-0.14650383591651917,higher,-0.14650383591651917
Gemma4-E4B,non_thinking,10,8,10,within_trace,1000.49609375,lower,-1000.49609375
Gemma4-E4B,non_thinking,10,8,10,class_nc1_ratio,4.009165638530296,lower,-4.009165638530296
Gemma4-E4B,non_thinking,10,8,10,centroid_nearest_squared,81.30828094482422,higher,81.30828094482422
Gemma4-E4B,non_thinking,10,8,10,fisher_nearest,0.08126796441560241,higher,0.08126796441560241
Gemma4-E4B,non_thinking,10,8,10,min_bhattacharyya,2.333086907863617,higher,2.333086907863617
Gemma4-E4B,non_thinking,10,8,10,mean_bhattacharyya,18.74226243628396,higher,18.74226243628396
Gemma4-E4B,non_thinking,10,8,10,nc2_class_cosine_deviation,0.5716505501373315,lower,-0.5716505501373315
Gemma4-E4B,non_thinking,10,9,10,logistic_precision,0.2,higher,0.2
Gemma4-E4B,non_thinking,10,9,10,logistic_recall,0.1,higher,0.1
Gemma4-E4B,non_thinking,10,9,10,logistic_f1,0.13333333333333333,higher,0.13333333333333333
Gemma4-E4B,non_thinking,10,9,10,ncc_recall,0.4,higher,0.4
Gemma4-E4B,non_thinking,10,9,10,silhouette_cosine,-0.10044752061367035,higher,-0.10044752061367035
Gemma4-E4B,non_thinking,10,9,10,within_trace,759.5218505859375,lower,-759.5218505859375
Gemma4-E4B,non_thinking,10,9,10,class_nc1_ratio,3.1273765935499322,lower,-3.1273765935499322
Gemma4-E4B,non_thinking,10,9,10,centroid_nearest_squared,76.73636627197266,higher,76.73636627197266
Gemma4-E4B,non_thinking,10,9,10,fisher_nearest,0.10103246695638045,higher,0.10103246695638045
Gemma4-E4B,non_thinking,10,9,10,min_bhattacharyya,2.176668882369995,higher,2.176668882369995
Gemma4-E4B,non_thinking,10,9,10,mean_bhattacharyya,17.939734902646805,higher,17.939734902646805
Gemma4-E4B,non_thinking,10,9,10,nc2_class_cosine_deviation,0.6069856049653924,lower,-0.6069856049653924
Gemma4-E4B,non_thinking,10,10,10,logistic_precision,0.3,higher,0.3
Gemma4-E4B,non_thinking,10,10,10,logistic_recall,0.3,higher,0.3
Gemma4-E4B,non_thinking,10,10,10,logistic_f1,0.3,higher,0.3
Gemma4-E4B,non_thinking,10,10,10,ncc_recall,0.2,higher,0.2
Gemma4-E4B,non_thinking,10,10,10,silhouette_cosine,-0.15319201350212097,higher,-0.15319201350212097
Gemma4-E4B,non_thinking,10,10,10,within_trace,951.44189453125,lower,-951.44189453125
Gemma4-E4B,non_thinking,10,10,10,class_nc1_ratio,4.229639544667019,lower,-4.229639544667019
Gemma4-E4B,non_thinking,10,10,10,centroid_nearest_squared,76.73636627197266,higher,76.73636627197266
Gemma4-E4B,non_thinking,10,10,10,fisher_nearest,0.08065270902305455,higher,0.08065270902305455
Gemma4-E4B,non_thinking,10,10,10,min_bhattacharyya,2.176668882369995,higher,2.176668882369995
Gemma4-E4B,non_thinking,10,10,10,mean_bhattacharyya,17.956304404470657,higher,17.956304404470657
Gemma4-E4B,non_thinking,10,10,10,nc2_class_cosine_deviation,0.6411325719989376,lower,-0.6411325719989376
Gemma4-E4B,native_thinking,10,1,10,logistic_precision,1.0,higher,1.0
Gemma4-E4B,native_thinking,10,1,10,logistic_recall,0.7,higher,0.7
Gemma4-E4B,native_thinking,10,1,10,logistic_f1,0.8235294117647058,higher,0.8235294117647058
Gemma4-E4B,native_thinking,10,1,10,ncc_recall,0.5,higher,0.5
Gemma4-E4B,native_thinking,10,1,10,silhouette_cosine,0.07320798933506012,higher,0.07320798933506012
Gemma4-E4B,native_thinking,10,1,10,within_trace,1794.7882080078125,lower,-1794.7882080078125
Gemma4-E4B,native_thinking,10,1,10,class_nc1_ratio,2.4299086044447145,lower,-2.4299086044447145
Gemma4-E4B,native_thinking,10,1,10,centroid_nearest_squared,1067.1844482421875,higher,1067.1844482421875
Gemma4-E4B,native_thinking,10,1,10,fisher_nearest,0.5946018830972518,higher,0.5946018830972518
Gemma4-E4B,native_thinking,10,1,10,min_bhattacharyya,7.554712295532227,higher,7.554712295532227
Gemma4-E4B,native_thinking,10,1,10,mean_bhattacharyya,10.983503394656712,higher,10.983503394656712
Gemma4-E4B,native_thinking,10,1,10,nc2_class_cosine_deviation,0.2963691600310949,lower,-0.2963691600310949
Gemma4-E4B,native_thinking,10,2,7,logistic_precision,0.8333333333333334,higher,0.8333333333333334
Gemma4-E4B,native_thinking,10,2,7,logistic_recall,0.7142857142857143,higher,0.7142857142857143
Gemma4-E4B,native_thinking,10,2,7,logistic_f1,0.7692307692307693,higher,0.7692307692307693
Gemma4-E4B,native_thinking,10,2,7,ncc_recall,0.7142857142857143,higher,0.7142857142857143
Gemma4-E4B,native_thinking,10,2,7,silhouette_cosine,0.10328573733568192,higher,0.10328573733568192
Gemma4-E4B,native_thinking,10,2,7,within_trace,1237.24169921875,lower,-1237.24169921875
Gemma4-E4B,native_thinking,10,2,7,class_nc1_ratio,2.759236248334839,lower,-2.759236248334839
Gemma4-E4B,native_thinking,10,2,7,centroid_nearest_squared,516.096435546875,higher,516.096435546875
Gemma4-E4B,native_thinking,10,2,7,fisher_nearest,0.41713469233437694,higher,0.41713469233437694
Gemma4-E4B,native_thinking,10,2,7,min_bhattacharyya,9.033424377441406,higher,9.033424377441406
Gemma4-E4B,native_thinking,10,2,7,mean_bhattacharyya,12.798244582282173,higher,12.798244582282173
Gemma4-E4B,native_thinking,10,2,7,nc2_class_cosine_deviation,0.23607864939136272,lower,-0.23607864939136272
Gemma4-E4B,native_thinking,10,3,7,logistic_precision,0.7142857142857143,higher,0.7142857142857143
Gemma4-E4B,native_thinking,10,3,7,logistic_recall,0.7142857142857143,higher,0.7142857142857143
Gemma4-E4B,native_thinking,10,3,7,logistic_f1,0.7142857142857143,higher,0.7142857142857143
Gemma4-E4B,native_thinking,10,3,7,ncc_recall,0.7142857142857143,higher,0.7142857142857143
Gemma4-E4B,native_thinking,10,3,7,silhouette_cosine,-0.04395986348390579,higher,-0.04395986348390579
Gemma4-E4B,native_thinking,10,3,7,within_trace,1166.45263671875,lower,-1166.45263671875
Gemma4-E4B,native_thinking,10,3,7,class_nc1_ratio,6.224211217364962,lower,-6.224211217364962
Gemma4-E4B,native_thinking,10,3,7,centroid_nearest_squared,248.352783203125,higher,248.352783203125
Gemma4-E4B,native_thinking,10,3,7,fisher_nearest,0.21291287394381084,higher,0.21291287394381084
Gemma4-E4B,native_thinking,10,3,7,min_bhattacharyya,5.425439834594727,higher,5.425439834594727
Gemma4-E4B,native_thinking,10,3,7,mean_bhattacharyya,8.529885186089409,higher,8.529885186089409
Gemma4-E4B,native_thinking,10,3,7,nc2_class_cosine_deviation,0.18643044399810427,lower,-0.18643044399810427
Gemma4-E4B,native_thinking,10,4,7,logistic_precision,0.75,higher,0.75
Gemma4-E4B,native_thinking,10,4,7,logistic_recall,0.8571428571428571,higher,0.8571428571428571
Gemma4-E4B,native_thinking,10,4,7,logistic_f1,0.8,higher,0.8
Gemma4-E4B,native_thinking,10,4,7,ncc_recall,0.7142857142857143,higher,0.7142857142857143
Gemma4-E4B,native_thinking,10,4,7,silhouette_cosine,-0.10927233844995499,higher,-0.10927233844995499
Gemma4-E4B,native_thinking,10,4,7,within_trace,1258.1248779296875,lower,-1258.1248779296875
Gemma4-E4B,native_thinking,10,4,7,class_nc1_ratio,8.15108235672179,lower,-8.15108235672179
Gemma4-E4B,native_thinking,10,4,7,centroid_nearest_squared,248.352783203125,higher,248.352783203125
Gemma4-E4B,native_thinking,10,4,7,fisher_nearest,0.1973991513559472,higher,0.1973991513559472
Gemma4-E4B,native_thinking,10,4,7,min_bhattacharyya,5.019637107849121,higher,5.019637107849121
Gemma4-E4B,native_thinking,10,4,7,mean_bhattacharyya,7.425040430492825,higher,7.425040430492825
Gemma4-E4B,native_thinking,10,4,7,nc2_class_cosine_deviation,0.19962573520563265,lower,-0.19962573520563265
Gemma4-E4B,native_thinking,10,5,7,logistic_precision,0.7142857142857143,higher,0.7142857142857143
Gemma4-E4B,native_thinking,10,5,7,logistic_recall,0.7142857142857143,higher,0.7142857142857143
Gemma4-E4B,native_thinking,10,5,7,logistic_f1,0.7142857142857143,higher,0.7142857142857143
Gemma4-E4B,native_thinking,10,5,7,ncc_recall,0.7142857142857143,higher,0.7142857142857143
Gemma4-E4B,native_thinking,10,5,7,silhouette_cosine,-0.0848860815167427,higher,-0.0848860815167427
Gemma4-E4B,native_thinking,10,5,7,within_trace,1233.3834228515625,lower,-1233.3834228515625
Gemma4-E4B,native_thinking,10,5,7,class_nc1_ratio,7.378310075520899,lower,-7.378310075520899
Gemma4-E4B,native_thinking,10,5,7,centroid_nearest_squared,161.64382934570312,higher,161.64382934570312
Gemma4-E4B,native_thinking,10,5,7,fisher_nearest,0.13105724169049168,higher,0.13105724169049168
Gemma4-E4B,native_thinking,10,5,7,min_bhattacharyya,4.996691703796387,higher,4.996691703796387
Gemma4-E4B,native_thinking,10,5,7,mean_bhattacharyya,7.7690154976314965,higher,7.7690154976314965
Gemma4-E4B,native_thinking,10,5,7,nc2_class_cosine_deviation,0.2855609965361195,lower,-0.2855609965361195
Gemma4-E4B,native_thinking,10,6,7,logistic_precision,0.5,higher,0.5
Gemma4-E4B,native_thinking,10,6,7,logistic_recall,0.5714285714285714,higher,0.5714285714285714
Gemma4-E4B,native_thinking,10,6,7,logistic_f1,0.5333333333333333,higher,0.5333333333333333
Gemma4-E4B,native_thinking,10,6,7,ncc_recall,0.14285714285714285,higher,0.14285714285714285
Gemma4-E4B,native_thinking,10,6,7,silhouette_cosine,-0.1186404600739479,higher,-0.1186404600739479
Gemma4-E4B,native_thinking,10,6,7,within_trace,1225.0673828125,lower,-1225.0673828125
Gemma4-E4B,native_thinking,10,6,7,class_nc1_ratio,9.233433140232352,lower,-9.233433140232352
Gemma4-E4B,native_thinking,10,6,7,centroid_nearest_squared,161.64382934570312,higher,161.64382934570312
Gemma4-E4B,native_thinking,10,6,7,fisher_nearest,0.13194688848429095,higher,0.13194688848429095
Gemma4-E4B,native_thinking,10,6,7,min_bhattacharyya,4.681034803390503,higher,4.681034803390503
Gemma4-E4B,native_thinking,10,6,7,mean_bhattacharyya,7.141255643632677,higher,7.141255643632677
Gemma4-E4B,native_thinking,10,6,7,nc2_class_cosine_deviation,0.27877951965287884,lower,-0.27877951965287884
Gemma4-E4B,native_thinking,10,7,7,logistic_precision,0.7142857142857143,higher,0.7142857142857143
Gemma4-E4B,native_thinking,10,7,7,logistic_recall,0.7142857142857143,higher,0.7142857142857143
Gemma4-E4B,native_thinking,10,7,7,logistic_f1,0.7142857142857143,higher,0.7142857142857143
Gemma4-E4B,native_thinking,10,7,7,ncc_recall,0.2857142857142857,higher,0.2857142857142857
Gemma4-E4B,native_thinking,10,7,7,silhouette_cosine,-0.07471857219934464,higher,-0.07471857219934464
Gemma4-E4B,native_thinking,10,7,7,within_trace,1282.615234375,lower,-1282.615234375
Gemma4-E4B,native_thinking,10,7,7,class_nc1_ratio,7.938771165818971,lower,-7.938771165818971
Gemma4-E4B,native_thinking,10,7,7,centroid_nearest_squared,174.22108459472656,higher,174.22108459472656
Gemma4-E4B,native_thinking,10,7,7,fisher_nearest,0.1358326955157538,higher,0.1358326955157538
Gemma4-E4B,native_thinking,10,7,7,min_bhattacharyya,4.363286733627319,higher,4.363286733627319
Gemma4-E4B,native_thinking,10,7,7,mean_bhattacharyya,7.355252928204006,higher,7.355252928204006
Gemma4-E4B,native_thinking,10,7,7,nc2_class_cosine_deviation,0.3130608862840835,lower,-0.3130608862840835
Gemma4-E4B,native_thinking,10,8,7,logistic_precision,0.8571428571428571,higher,0.8571428571428571
Gemma4-E4B,native_thinking,10,8,7,logistic_recall,0.8571428571428571,higher,0.8571428571428571
Gemma4-E4B,native_thinking,10,8,7,logistic_f1,0.8571428571428571,higher,0.8571428571428571
Gemma4-E4B,native_thinking,10,8,7,ncc_recall,0.0,higher,0.0
Gemma4-E4B,native_thinking,10,8,7,silhouette_cosine,-0.11467994004487991,higher,-0.11467994004487991
Gemma4-E4B,native_thinking,10,8,7,within_trace,1181.7789306640625,lower,-1181.7789306640625
Gemma4-E4B,native_thinking,10,8,7,class_nc1_ratio,7.379243328541811,lower,-7.379243328541811
Gemma4-E4B,native_thinking,10,8,7,centroid_nearest_squared,174.22108459472656,higher,174.22108459472656
Gemma4-E4B,native_thinking,10,8,7,fisher_nearest,0.14742273709079298,higher,0.14742273709079298
Gemma4-E4B,native_thinking,10,8,7,min_bhattacharyya,4.363286733627319,higher,4.363286733627319
Gemma4-E4B,native_thinking,10,8,7,mean_bhattacharyya,7.249819225735134,higher,7.249819225735134
Gemma4-E4B,native_thinking,10,8,7,nc2_class_cosine_deviation,0.3394188298671334,lower,-0.3394188298671334
Gemma4-E4B,native_thinking,10,9,5,logistic_precision,1.0,higher,1.0
Gemma4-E4B,native_thinking,10,9,5,logistic_recall,1.0,higher,1.0
Gemma4-E4B,native_thinking,10,9,5,logistic_f1,1.0,higher,1.0
Gemma4-E4B,native_thinking,10,9,5,ncc_recall,0.8,higher,0.8
Gemma4-E4B,native_thinking,10,9,5,silhouette_cosine,-0.11340159177780151,higher,-0.11340159177780151
Gemma4-E4B,native_thinking,10,9,5,within_trace,1309.060546875,lower,-1309.060546875
Gemma4-E4B,native_thinking,10,9,5,class_nc1_ratio,5.189662673299416,lower,-5.189662673299416
Gemma4-E4B,native_thinking,10,9,5,centroid_nearest_squared,257.427001953125,higher,257.427001953125
Gemma4-E4B,native_thinking,10,9,5,fisher_nearest,0.19665018747043964,higher,0.19665018747043964
Gemma4-E4B,native_thinking,10,9,5,min_bhattacharyya,4.870791435241699,higher,4.870791435241699
Gemma4-E4B,native_thinking,10,9,5,mean_bhattacharyya,8.200477043787638,higher,8.200477043787638
Gemma4-E4B,native_thinking,10,9,5,nc2_class_cosine_deviation,0.28749953596680256,lower,-0.28749953596680256
Gemma4-E4B,native_thinking,10,10,3,logistic_precision,0.4,higher,0.4
Gemma4-E4B,native_thinking,10,10,3,logistic_recall,0.6666666666666666,higher,0.6666666666666666
Gemma4-E4B,native_thinking,10,10,3,logistic_f1,0.5,higher,0.5
Gemma4-E4B,native_thinking,10,10,3,ncc_recall,0.3333333333333333,higher,0.3333333333333333
Gemma4-E4B,native_thinking,10,10,3,silhouette_cosine,-0.1144833043217659,higher,-0.1144833043217659
Gemma4-E4B,native_thinking,10,10,3,within_trace,1133.800537109375,lower,-1133.800537109375
Gemma4-E4B,native_thinking,10,10,3,class_nc1_ratio,3.0354694558968722,lower,-3.0354694558968722
Gemma4-E4B,native_thinking,10,10,3,centroid_nearest_squared,397.34619140625,higher,397.34619140625
Gemma4-E4B,native_thinking,10,10,3,fisher_nearest,0.35045510951977876,higher,0.35045510951977876
Gemma4-E4B,native_thinking,10,10,3,min_bhattacharyya,6.771878242492676,higher,6.771878242492676
Gemma4-E4B,native_thinking,10,10,3,mean_bhattacharyya,9.18736113442315,higher,9.18736113442315
Gemma4-E4B,native_thinking,10,10,3,nc2_class_cosine_deviation,0.19739819391642088,lower,-0.19739819391642088
Gemma4-E4B,non_thinking,11,1,10,logistic_precision,1.0,higher,1.0
Gemma4-E4B,non_thinking,11,1,10,logistic_recall,1.0,higher,1.0
Gemma4-E4B,non_thinking,11,1,10,logistic_f1,1.0,higher,1.0
Gemma4-E4B,non_thinking,11,1,10,ncc_recall,1.0,higher,1.0
Gemma4-E4B,non_thinking,11,1,10,silhouette_cosine,0.8582919239997864,higher,0.8582919239997864
Gemma4-E4B,non_thinking,11,1,10,within_trace,582.0492553710938,lower,-582.0492553710938
Gemma4-E4B,non_thinking,11,1,10,class_nc1_ratio,0.14361956785126295,lower,-0.14361956785126295
Gemma4-E4B,non_thinking,11,1,10,centroid_nearest_squared,3773.255126953125,higher,3773.255126953125
Gemma4-E4B,non_thinking,11,1,10,fisher_nearest,6.482707592414035,higher,6.482707592414035
Gemma4-E4B,non_thinking,11,1,10,min_bhattacharyya,47.913856506347656,higher,47.913856506347656
Gemma4-E4B,non_thinking,11,1,10,mean_bhattacharyya,80.91289520263672,higher,80.91289520263672
Gemma4-E4B,non_thinking,11,1,10,nc2_class_cosine_deviation,0.5044653594125936,lower,-0.5044653594125936
Gemma4-E4B,non_thinking,11,2,10,logistic_precision,0.5833333333333334,higher,0.5833333333333334
Gemma4-E4B,non_thinking,11,2,10,logistic_recall,0.7,higher,0.7
Gemma4-E4B,non_thinking,11,2,10,logistic_f1,0.6363636363636364,higher,0.6363636363636364
Gemma4-E4B,non_thinking,11,2,10,ncc_recall,0.7,higher,0.7
Gemma4-E4B,non_thinking,11,2,10,silhouette_cosine,-0.11220090091228485,higher,-0.11220090091228485
Gemma4-E4B,non_thinking,11,2,10,within_trace,1614.55224609375,lower,-1614.55224609375
Gemma4-E4B,non_thinking,11,2,10,class_nc1_ratio,4.577611483398691,lower,-4.577611483398691
Gemma4-E4B,non_thinking,11,2,10,centroid_nearest_squared,125.9551010131836,higher,125.9551010131836
Gemma4-E4B,non_thinking,11,2,10,fisher_nearest,0.07801240332601161,higher,0.07801240332601161
Gemma4-E4B,non_thinking,11,2,10,min_bhattacharyya,2.3085405826568604,higher,2.3085405826568604
Gemma4-E4B,non_thinking,11,2,10,mean_bhattacharyya,12.33183346854316,higher,12.33183346854316
Gemma4-E4B,non_thinking,11,2,10,nc2_class_cosine_deviation,0.48764941041116355,lower,-0.48764941041116355
Gemma4-E4B,non_thinking,11,3,10,logistic_precision,0.3333333333333333,higher,0.3333333333333333
Gemma4-E4B,non_thinking,11,3,10,logistic_recall,0.3,higher,0.3
Gemma4-E4B,non_thinking,11,3,10,logistic_f1,0.3157894736842105,higher,0.3157894736842105
Gemma4-E4B,non_thinking,11,3,10,ncc_recall,0.4,higher,0.4
Gemma4-E4B,non_thinking,11,3,10,silhouette_cosine,-0.17348921298980713,higher,-0.17348921298980713
Gemma4-E4B,non_thinking,11,3,10,within_trace,1502.9708251953125,lower,-1502.9708251953125
Gemma4-E4B,non_thinking,11,3,10,class_nc1_ratio,10.343358773483635,lower,-10.343358773483635
Gemma4-E4B,non_thinking,11,3,10,centroid_nearest_squared,89.95289611816406,higher,89.95289611816406
Gemma4-E4B,non_thinking,11,3,10,fisher_nearest,0.05985006136527939,higher,0.05985006136527939
Gemma4-E4B,non_thinking,11,3,10,min_bhattacharyya,1.974153757095337,higher,1.974153757095337
Gemma4-E4B,non_thinking,11,3,10,mean_bhattacharyya,10.366593148973253,higher,10.366593148973253
Gemma4-E4B,non_thinking,11,3,10,nc2_class_cosine_deviation,0.34126147305891835,lower,-0.34126147305891835
Gemma4-E4B,non_thinking,11,4,10,logistic_precision,0.2857142857142857,higher,0.2857142857142857
Gemma4-E4B,non_thinking,11,4,10,logistic_recall,0.4,higher,0.4
Gemma4-E4B,non_thinking,11,4,10,logistic_f1,0.3333333333333333,higher,0.3333333333333333
Gemma4-E4B,non_thinking,11,4,10,ncc_recall,0.3,higher,0.3
Gemma4-E4B,non_thinking,11,4,10,silhouette_cosine,-0.20547935366630554,higher,-0.20547935366630554
Gemma4-E4B,non_thinking,11,4,10,within_trace,1503.06640625,lower,-1503.06640625
Gemma4-E4B,non_thinking,11,4,10,class_nc1_ratio,18.67421983890529,lower,-18.67421983890529
Gemma4-E4B,non_thinking,11,4,10,centroid_nearest_squared,89.95289611816406,higher,89.95289611816406
Gemma4-E4B,non_thinking,11,4,10,fisher_nearest,0.0598462554575932,higher,0.0598462554575932
Gemma4-E4B,non_thinking,11,4,10,min_bhattacharyya,1.974153757095337,higher,1.974153757095337
Gemma4-E4B,non_thinking,11,4,10,mean_bhattacharyya,9.956186652183533,higher,9.956186652183533
Gemma4-E4B,non_thinking,11,4,10,nc2_class_cosine_deviation,0.2896985158692172,lower,-0.2896985158692172
Gemma4-E4B,non_thinking,11,5,10,logistic_precision,0.25,higher,0.25
Gemma4-E4B,non_thinking,11,5,10,logistic_recall,0.1,higher,0.1
Gemma4-E4B,non_thinking,11,5,10,logistic_f1,0.14285714285714285,higher,0.14285714285714285
Gemma4-E4B,non_thinking,11,5,10,ncc_recall,0.0,higher,0.0
Gemma4-E4B,non_thinking,11,5,10,silhouette_cosine,-0.12327305227518082,higher,-0.12327305227518082
Gemma4-E4B,non_thinking,11,5,10,within_trace,1317.057861328125,lower,-1317.057861328125
Gemma4-E4B,non_thinking,11,5,10,class_nc1_ratio,11.613821058447774,lower,-11.613821058447774
Gemma4-E4B,non_thinking,11,5,10,centroid_nearest_squared,100.71408081054688,higher,100.71408081054688
Gemma4-E4B,non_thinking,11,5,10,fisher_nearest,0.07646898725389825,higher,0.07646898725389825
Gemma4-E4B,non_thinking,11,5,10,min_bhattacharyya,2.4611809253692627,higher,2.4611809253692627
Gemma4-E4B,non_thinking,11,5,10,mean_bhattacharyya,11.355796039104462,higher,11.355796039104462
Gemma4-E4B,non_thinking,11,5,10,nc2_class_cosine_deviation,0.4235938865645432,lower,-0.4235938865645432
Gemma4-E4B,non_thinking,11,6,10,logistic_precision,0.20833333333333334,higher,0.20833333333333334
Gemma4-E4B,non_thinking,11,6,10,logistic_recall,0.5,higher,0.5
Gemma4-E4B,non_thinking,11,6,10,logistic_f1,0.29411764705882354,higher,0.29411764705882354
Gemma4-E4B,non_thinking,11,6,10,ncc_recall,0.2,higher,0.2
Gemma4-E4B,non_thinking,11,6,10,silhouette_cosine,-0.17128470540046692,higher,-0.17128470540046692
Gemma4-E4B,non_thinking,11,6,10,within_trace,1248.064208984375,lower,-1248.064208984375
Gemma4-E4B,non_thinking,11,6,10,class_nc1_ratio,10.954261209924057,lower,-10.954261209924057
Gemma4-E4B,non_thinking,11,6,10,centroid_nearest_squared,54.4986572265625,higher,54.4986572265625
Gemma4-E4B,non_thinking,11,6,10,fisher_nearest,0.04366654923219963,higher,0.04366654923219963
Gemma4-E4B,non_thinking,11,6,10,min_bhattacharyya,1.4771343767642975,higher,1.4771343767642975
Gemma4-E4B,non_thinking,11,6,10,mean_bhattacharyya,11.876054866446388,higher,11.876054866446388
Gemma4-E4B,non_thinking,11,6,10,nc2_class_cosine_deviation,0.5369725961376121,lower,-0.5369725961376121
Gemma4-E4B,non_thinking,11,7,10,logistic_precision,0.25,higher,0.25
Gemma4-E4B,non_thinking,11,7,10,logistic_recall,0.1,higher,0.1
Gemma4-E4B,non_thinking,11,7,10,logistic_f1,0.14285714285714285,higher,0.14285714285714285
Gemma4-E4B,non_thinking,11,7,10,ncc_recall,0.1,higher,0.1
Gemma4-E4B,non_thinking,11,7,10,silhouette_cosine,-0.1298409402370453,higher,-0.1298409402370453
Gemma4-E4B,non_thinking,11,7,10,within_trace,1111.756591796875,lower,-1111.756591796875
Gemma4-E4B,non_thinking,11,7,10,class_nc1_ratio,5.81508924898612,lower,-5.81508924898612
Gemma4-E4B,non_thinking,11,7,10,centroid_nearest_squared,54.4986572265625,higher,54.4986572265625
Gemma4-E4B,non_thinking,11,7,10,fisher_nearest,0.04902031400459621,higher,0.04902031400459621
Gemma4-E4B,non_thinking,11,7,10,min_bhattacharyya,1.4771343767642975,higher,1.4771343767642975
Gemma4-E4B,non_thinking,11,7,10,mean_bhattacharyya,13.184857659869724,higher,13.184857659869724
Gemma4-E4B,non_thinking,11,7,10,nc2_class_cosine_deviation,0.629204210859758,lower,-0.629204210859758
Gemma4-E4B,non_thinking,11,8,10,logistic_precision,0.3333333333333333,higher,0.3333333333333333
Gemma4-E4B,non_thinking,11,8,10,logistic_recall,0.5,higher,0.5
Gemma4-E4B,non_thinking,11,8,10,logistic_f1,0.4,higher,0.4
Gemma4-E4B,non_thinking,11,8,10,ncc_recall,0.0,higher,0.0
Gemma4-E4B,non_thinking,11,8,10,silhouette_cosine,-0.17505963146686554,higher,-0.17505963146686554
Gemma4-E4B,non_thinking,11,8,10,within_trace,1006.5034790039062,lower,-1006.5034790039062
Gemma4-E4B,non_thinking,11,8,10,class_nc1_ratio,5.45185885450584,lower,-5.45185885450584
Gemma4-E4B,non_thinking,11,8,10,centroid_nearest_squared,61.445701599121094,higher,61.445701599121094
Gemma4-E4B,non_thinking,11,8,10,fisher_nearest,0.06104867283710862,higher,0.06104867283710862
Gemma4-E4B,non_thinking,11,8,10,min_bhattacharyya,1.3725943863391876,higher,1.3725943863391876
Gemma4-E4B,non_thinking,11,8,10,mean_bhattacharyya,13.76369262403912,higher,13.76369262403912
Gemma4-E4B,non_thinking,11,8,10,nc2_class_cosine_deviation,0.6203895961796797,lower,-0.6203895961796797
Gemma4-E4B,non_thinking,11,9,10,logistic_precision,0.4,higher,0.4
Gemma4-E4B,non_thinking,11,9,10,logistic_recall,0.2,higher,0.2
Gemma4-E4B,non_thinking,11,9,10,logistic_f1,0.26666666666666666,higher,0.26666666666666666
Gemma4-E4B,non_thinking,11,9,10,ncc_recall,0.2,higher,0.2
Gemma4-E4B,non_thinking,11,9,10,silhouette_cosine,-0.12356294691562653,higher,-0.12356294691562653
Gemma4-E4B,non_thinking,11,9,10,within_trace,875.1661376953125,lower,-875.1661376953125
Gemma4-E4B,non_thinking,11,9,10,class_nc1_ratio,3.266978961362328,lower,-3.266978961362328
Gemma4-E4B,non_thinking,11,9,10,centroid_nearest_squared,47.19206237792969,higher,47.19206237792969
Gemma4-E4B,non_thinking,11,9,10,fisher_nearest,0.05392354702183361,higher,0.05392354702183361
Gemma4-E4B,non_thinking,11,9,10,min_bhattacharyya,1.3725943863391876,higher,1.3725943863391876
Gemma4-E4B,non_thinking,11,9,10,mean_bhattacharyya,15.027682705057991,higher,15.027682705057991
Gemma4-E4B,non_thinking,11,9,10,nc2_class_cosine_deviation,0.6703865856484131,lower,-0.6703865856484131
Gemma4-E4B,non_thinking,11,10,10,logistic_precision,1.0,higher,1.0
Gemma4-E4B,non_thinking,11,10,10,logistic_recall,0.3,higher,0.3
Gemma4-E4B,non_thinking,11,10,10,logistic_f1,0.46153846153846156,higher,0.46153846153846156
Gemma4-E4B,non_thinking,11,10,10,ncc_recall,0.3,higher,0.3
Gemma4-E4B,non_thinking,11,10,10,silhouette_cosine,-0.036729492247104645,higher,-0.036729492247104645
Gemma4-E4B,non_thinking,11,10,10,within_trace,910.1431274414062,lower,-910.1431274414062
Gemma4-E4B,non_thinking,11,10,10,class_nc1_ratio,2.5617772950386426,lower,-2.5617772950386426
Gemma4-E4B,non_thinking,11,10,10,centroid_nearest_squared,47.19206237792969,higher,47.19206237792969
Gemma4-E4B,non_thinking,11,10,10,fisher_nearest,0.051851253890798456,higher,0.051851253890798456
Gemma4-E4B,non_thinking,11,10,10,min_bhattacharyya,1.6457117795944214,higher,1.6457117795944214
Gemma4-E4B,non_thinking,11,10,10,mean_bhattacharyya,18.811352378792233,higher,18.811352378792233
Gemma4-E4B,non_thinking,11,10,10,nc2_class_cosine_deviation,0.6578939067728725,lower,-0.6578939067728725
Gemma4-E4B,native_thinking,11,1,10,logistic_precision,1.0,higher,1.0
Gemma4-E4B,native_thinking,11,1,10,logistic_recall,0.7,higher,0.7
Gemma4-E4B,native_thinking,11,1,10,logistic_f1,0.8235294117647058,higher,0.8235294117647058
Gemma4-E4B,native_thinking,11,1,10,ncc_recall,0.5,higher,0.5
Gemma4-E4B,native_thinking,11,1,10,silhouette_cosine,0.09434181451797485,higher,0.09434181451797485
Gemma4-E4B,native_thinking,11,1,10,within_trace,1735.544921875,lower,-1735.544921875
Gemma4-E4B,native_thinking,11,1,10,class_nc1_ratio,2.2689817570335045,lower,-2.2689817570335045
Gemma4-E4B,native_thinking,11,1,10,centroid_nearest_squared,1095.401611328125,higher,1095.401611328125
Gemma4-E4B,native_thinking,11,1,10,fisher_nearest,0.6311571642551927,higher,0.6311571642551927
Gemma4-E4B,native_thinking,11,1,10,min_bhattacharyya,5.883209466934204,higher,5.883209466934204
Gemma4-E4B,native_thinking,11,1,10,mean_bhattacharyya,9.259676218032837,higher,9.259676218032837
Gemma4-E4B,native_thinking,11,1,10,nc2_class_cosine_deviation,0.37774492823231365,lower,-0.37774492823231365
Gemma4-E4B,native_thinking,11,2,7,logistic_precision,0.8333333333333334,higher,0.8333333333333334
Gemma4-E4B,native_thinking,11,2,7,logistic_recall,0.7142857142857143,higher,0.7142857142857143
Gemma4-E4B,native_thinking,11,2,7,logistic_f1,0.7692307692307693,higher,0.7692307692307693
Gemma4-E4B,native_thinking,11,2,7,ncc_recall,0.7142857142857143,higher,0.7142857142857143
Gemma4-E4B,native_thinking,11,2,7,silhouette_cosine,0.025125931948423386,higher,0.025125931948423386
Gemma4-E4B,native_thinking,11,2,7,within_trace,1315.98193359375,lower,-1315.98193359375
Gemma4-E4B,native_thinking,11,2,7,class_nc1_ratio,3.7457084734918773,lower,-3.7457084734918773
Gemma4-E4B,native_thinking,11,2,7,centroid_nearest_squared,352.67340087890625,higher,352.67340087890625
Gemma4-E4B,native_thinking,11,2,7,fisher_nearest,0.26799258551810656,higher,0.26799258551810656
Gemma4-E4B,native_thinking,11,2,7,min_bhattacharyya,7.057219505310059,higher,7.057219505310059
Gemma4-E4B,native_thinking,11,2,7,mean_bhattacharyya,10.795727835761177,higher,10.795727835761177
Gemma4-E4B,native_thinking,11,2,7,nc2_class_cosine_deviation,0.23807641868422058,lower,-0.23807641868422058
Gemma4-E4B,native_thinking,11,3,7,logistic_precision,0.8333333333333334,higher,0.8333333333333334
Gemma4-E4B,native_thinking,11,3,7,logistic_recall,0.7142857142857143,higher,0.7142857142857143
Gemma4-E4B,native_thinking,11,3,7,logistic_f1,0.7692307692307693,higher,0.7692307692307693
Gemma4-E4B,native_thinking,11,3,7,ncc_recall,0.5714285714285714,higher,0.5714285714285714
Gemma4-E4B,native_thinking,11,3,7,silhouette_cosine,-0.09771217405796051,higher,-0.09771217405796051
Gemma4-E4B,native_thinking,11,3,7,within_trace,1319.4658203125,lower,-1319.4658203125
Gemma4-E4B,native_thinking,11,3,7,class_nc1_ratio,11.042917601679543,lower,-11.042917601679543
Gemma4-E4B,native_thinking,11,3,7,centroid_nearest_squared,127.47463989257812,higher,127.47463989257812
Gemma4-E4B,native_thinking,11,3,7,fisher_nearest,0.09661079349701325,higher,0.09661079349701325
Gemma4-E4B,native_thinking,11,3,7,min_bhattacharyya,3.1099621057510376,higher,3.1099621057510376
Gemma4-E4B,native_thinking,11,3,7,mean_bhattacharyya,5.916848222414653,higher,5.916848222414653
Gemma4-E4B,native_thinking,11,3,7,nc2_class_cosine_deviation,0.22167508359308596,lower,-0.22167508359308596
Gemma4-E4B,native_thinking,11,4,7,logistic_precision,0.4166666666666667,higher,0.4166666666666667
Gemma4-E4B,native_thinking,11,4,7,logistic_recall,0.7142857142857143,higher,0.7142857142857143
Gemma4-E4B,native_thinking,11,4,7,logistic_f1,0.5263157894736842,higher,0.5263157894736842
Gemma4-E4B,native_thinking,11,4,7,ncc_recall,0.0,higher,0.0
Gemma4-E4B,native_thinking,11,4,7,silhouette_cosine,-0.16165120899677277,higher,-0.16165120899677277
Gemma4-E4B,native_thinking,11,4,7,within_trace,1338.8948974609375,lower,-1338.8948974609375
Gemma4-E4B,native_thinking,11,4,7,class_nc1_ratio,11.964977037831671,lower,-11.964977037831671
Gemma4-E4B,native_thinking,11,4,7,centroid_nearest_squared,116.72824096679688,higher,116.72824096679688
Gemma4-E4B,native_thinking,11,4,7,fisher_nearest,0.08718252731275529,higher,0.08718252731275529
Gemma4-E4B,native_thinking,11,4,7,min_bhattacharyya,3.0090386867523193,higher,3.0090386867523193
Gemma4-E4B,native_thinking,11,4,7,mean_bhattacharyya,5.169199056095547,higher,5.169199056095547
Gemma4-E4B,native_thinking,11,4,7,nc2_class_cosine_deviation,0.29639247880765685,lower,-0.29639247880765685
Gemma4-E4B,native_thinking,11,5,7,logistic_precision,1.0,higher,1.0
Gemma4-E4B,native_thinking,11,5,7,logistic_recall,0.5714285714285714,higher,0.5714285714285714
Gemma4-E4B,native_thinking,11,5,7,logistic_f1,0.7272727272727273,higher,0.7272727272727273
Gemma4-E4B,native_thinking,11,5,7,ncc_recall,0.0,higher,0.0
Gemma4-E4B,native_thinking,11,5,7,silhouette_cosine,-0.1889733225107193,higher,-0.1889733225107193
Gemma4-E4B,native_thinking,11,5,7,within_trace,1268.603515625,lower,-1268.603515625
Gemma4-E4B,native_thinking,11,5,7,class_nc1_ratio,18.046576895821794,lower,-18.046576895821794
Gemma4-E4B,native_thinking,11,5,7,centroid_nearest_squared,70.79698181152344,higher,70.79698181152344
Gemma4-E4B,native_thinking,11,5,7,fisher_nearest,0.055807020033870905,higher,0.055807020033870905
Gemma4-E4B,native_thinking,11,5,7,min_bhattacharyya,2.571457087993622,higher,2.571457087993622
Gemma4-E4B,native_thinking,11,5,7,mean_bhattacharyya,4.670912683010101,higher,4.670912683010101
Gemma4-E4B,native_thinking,11,5,7,nc2_class_cosine_deviation,0.45084391902258364,lower,-0.45084391902258364
Gemma4-E4B,native_thinking,11,6,7,logistic_precision,0.375,higher,0.375
Gemma4-E4B,native_thinking,11,6,7,logistic_recall,0.42857142857142855,higher,0.42857142857142855
Gemma4-E4B,native_thinking,11,6,7,logistic_f1,0.4,higher,0.4
Gemma4-E4B,native_thinking,11,6,7,ncc_recall,0.14285714285714285,higher,0.14285714285714285
Gemma4-E4B,native_thinking,11,6,7,silhouette_cosine,-0.18307670950889587,higher,-0.18307670950889587
Gemma4-E4B,native_thinking,11,6,7,within_trace,1272.457275390625,lower,-1272.457275390625
Gemma4-E4B,native_thinking,11,6,7,class_nc1_ratio,14.019731894575088,lower,-14.019731894575088
Gemma4-E4B,native_thinking,11,6,7,centroid_nearest_squared,70.79698181152344,higher,70.79698181152344
Gemma4-E4B,native_thinking,11,6,7,fisher_nearest,0.05563800308327825,higher,0.05563800308327825
Gemma4-E4B,native_thinking,11,6,7,min_bhattacharyya,2.571457087993622,higher,2.571457087993622
Gemma4-E4B,native_thinking,11,6,7,mean_bhattacharyya,4.828603419992659,higher,4.828603419992659
Gemma4-E4B,native_thinking,11,6,7,nc2_class_cosine_deviation,0.3800377387691427,lower,-0.3800377387691427
Gemma4-E4B,native_thinking,11,7,7,logistic_precision,0.3333333333333333,higher,0.3333333333333333
Gemma4-E4B,native_thinking,11,7,7,logistic_recall,0.2857142857142857,higher,0.2857142857142857
Gemma4-E4B,native_thinking,11,7,7,logistic_f1,0.3076923076923077,higher,0.3076923076923077
Gemma4-E4B,native_thinking,11,7,7,ncc_recall,0.0,higher,0.0
Gemma4-E4B,native_thinking,11,7,7,silhouette_cosine,-0.17300333082675934,higher,-0.17300333082675934
Gemma4-E4B,native_thinking,11,7,7,within_trace,1344.0704345703125,lower,-1344.0704345703125
Gemma4-E4B,native_thinking,11,7,7,class_nc1_ratio,13.788460227641075,lower,-13.788460227641075
Gemma4-E4B,native_thinking,11,7,7,centroid_nearest_squared,83.1009521484375,higher,83.1009521484375
Gemma4-E4B,native_thinking,11,7,7,fisher_nearest,0.06182782539592439,higher,0.06182782539592439
Gemma4-E4B,native_thinking,11,7,7,min_bhattacharyya,2.600824475288391,higher,2.600824475288391
Gemma4-E4B,native_thinking,11,7,7,mean_bhattacharyya,4.807148191663954,higher,4.807148191663954
Gemma4-E4B,native_thinking,11,7,7,nc2_class_cosine_deviation,0.43442025651902333,lower,-0.43442025651902333
Gemma4-E4B,native_thinking,11,8,7,logistic_precision,0.6666666666666666,higher,0.6666666666666666
Gemma4-E4B,native_thinking,11,8,7,logistic_recall,0.2857142857142857,higher,0.2857142857142857
Gemma4-E4B,native_thinking,11,8,7,logistic_f1,0.4,higher,0.4
Gemma4-E4B,native_thinking,11,8,7,ncc_recall,0.0,higher,0.0
Gemma4-E4B,native_thinking,11,8,7,silhouette_cosine,-0.1918860822916031,higher,-0.1918860822916031
Gemma4-E4B,native_thinking,11,8,7,within_trace,1273.835205078125,lower,-1273.835205078125
Gemma4-E4B,native_thinking,11,8,7,class_nc1_ratio,12.620277185690167,lower,-12.620277185690167
Gemma4-E4B,native_thinking,11,8,7,centroid_nearest_squared,83.1009521484375,higher,83.1009521484375
Gemma4-E4B,native_thinking,11,8,7,fisher_nearest,0.06523681541941752,higher,0.06523681541941752
Gemma4-E4B,native_thinking,11,8,7,min_bhattacharyya,2.600824475288391,higher,2.600824475288391
Gemma4-E4B,native_thinking,11,8,7,mean_bhattacharyya,5.311470468839009,higher,5.311470468839009
Gemma4-E4B,native_thinking,11,8,7,nc2_class_cosine_deviation,0.4870197652482692,lower,-0.4870197652482692
Gemma4-E4B,native_thinking,11,9,5,logistic_precision,0.36363636363636365,higher,0.36363636363636365
Gemma4-E4B,native_thinking,11,9,5,logistic_recall,0.8,higher,0.8
Gemma4-E4B,native_thinking,11,9,5,logistic_f1,0.5,higher,0.5
Gemma4-E4B,native_thinking,11,9,5,ncc_recall,0.2,higher,0.2
Gemma4-E4B,native_thinking,11,9,5,silhouette_cosine,-0.21431808173656464,higher,-0.21431808173656464
Gemma4-E4B,native_thinking,11,9,5,within_trace,1364.245849609375,lower,-1364.245849609375
Gemma4-E4B,native_thinking,11,9,5,class_nc1_ratio,7.07556989933271,lower,-7.07556989933271
Gemma4-E4B,native_thinking,11,9,5,centroid_nearest_squared,154.68792724609375,higher,154.68792724609375
Gemma4-E4B,native_thinking,11,9,5,fisher_nearest,0.11338713421073306,higher,0.11338713421073306
Gemma4-E4B,native_thinking,11,9,5,min_bhattacharyya,2.6525158882141113,higher,2.6525158882141113
Gemma4-E4B,native_thinking,11,9,5,mean_bhattacharyya,5.482697990205553,higher,5.482697990205553
Gemma4-E4B,native_thinking,11,9,5,nc2_class_cosine_deviation,0.35143217419124684,lower,-0.35143217419124684
Gemma4-E4B,native_thinking,11,10,3,logistic_precision,0.25,higher,0.25
Gemma4-E4B,native_thinking,11,10,3,logistic_recall,0.3333333333333333,higher,0.3333333333333333
Gemma4-E4B,native_thinking,11,10,3,logistic_f1,0.2857142857142857,higher,0.2857142857142857
Gemma4-E4B,native_thinking,11,10,3,ncc_recall,0.0,higher,0.0
Gemma4-E4B,native_thinking,11,10,3,silhouette_cosine,-0.2119753360748291,higher,-0.2119753360748291
Gemma4-E4B,native_thinking,11,10,3,within_trace,1305.884033203125,lower,-1305.884033203125
Gemma4-E4B,native_thinking,11,10,3,class_nc1_ratio,5.187975876495987,lower,-5.187975876495987
Gemma4-E4B,native_thinking,11,10,3,centroid_nearest_squared,191.04202270507812,higher,191.04202270507812
Gemma4-E4B,native_thinking,11,10,3,fisher_nearest,0.14629325257655731,higher,0.14629325257655731
Gemma4-E4B,native_thinking,11,10,3,min_bhattacharyya,3.1693198680877686,higher,3.1693198680877686
Gemma4-E4B,native_thinking,11,10,3,mean_bhattacharyya,5.61831796169281,higher,5.61831796169281
Gemma4-E4B,native_thinking,11,10,3,nc2_class_cosine_deviation,0.2856975759804985,lower,-0.2856975759804985
Gemma4-E4B,non_thinking,12,1,10,logistic_precision,1.0,higher,1.0
Gemma4-E4B,non_thinking,12,1,10,logistic_recall,1.0,higher,1.0
Gemma4-E4B,non_thinking,12,1,10,logistic_f1,1.0,higher,1.0
Gemma4-E4B,non_thinking,12,1,10,ncc_recall,1.0,higher,1.0
Gemma4-E4B,non_thinking,12,1,10,silhouette_cosine,0.8669434785842896,higher,0.8669434785842896
Gemma4-E4B,non_thinking,12,1,10,within_trace,588.5274658203125,lower,-588.5274658203125
Gemma4-E4B,non_thinking,12,1,10,class_nc1_ratio,0.1289921775768713,lower,-0.1289921775768713
Gemma4-E4B,non_thinking,12,1,10,centroid_nearest_squared,4183.4697265625,higher,4183.4697265625
Gemma4-E4B,non_thinking,12,1,10,fisher_nearest,7.108367866453636,higher,7.108367866453636
Gemma4-E4B,non_thinking,12,1,10,min_bhattacharyya,47.18138885498047,higher,47.18138885498047
Gemma4-E4B,non_thinking,12,1,10,mean_bhattacharyya,84.9032105339898,higher,84.9032105339898
Gemma4-E4B,non_thinking,12,1,10,nc2_class_cosine_deviation,0.5103009523432931,lower,-0.5103009523432931
Gemma4-E4B,non_thinking,12,2,10,logistic_precision,0.7272727272727273,higher,0.7272727272727273
Gemma4-E4B,non_thinking,12,2,10,logistic_recall,0.8,higher,0.8
Gemma4-E4B,non_thinking,12,2,10,logistic_f1,0.7619047619047619,higher,0.7619047619047619
Gemma4-E4B,non_thinking,12,2,10,ncc_recall,0.9,higher,0.9
Gemma4-E4B,non_thinking,12,2,10,silhouette_cosine,-0.10054896026849747,higher,-0.10054896026849747
Gemma4-E4B,non_thinking,12,2,10,within_trace,1683.93701171875,lower,-1683.93701171875
Gemma4-E4B,non_thinking,12,2,10,class_nc1_ratio,3.2485434414230565,lower,-3.2485434414230565
Gemma4-E4B,non_thinking,12,2,10,centroid_nearest_squared,270.0074462890625,higher,270.0074462890625
Gemma4-E4B,non_thinking,12,2,10,fisher_nearest,0.16034296081744354,higher,0.16034296081744354
Gemma4-E4B,non_thinking,12,2,10,min_bhattacharyya,3.3924187421798706,higher,3.3924187421798706
Gemma4-E4B,non_thinking,12,2,10,mean_bhattacharyya,13.874070551660326,higher,13.874070551660326
Gemma4-E4B,non_thinking,12,2,10,nc2_class_cosine_deviation,0.48755957131032585,lower,-0.48755957131032585
Gemma4-E4B,non_thinking,12,3,10,logistic_precision,0.5714285714285714,higher,0.5714285714285714
Gemma4-E4B,non_thinking,12,3,10,logistic_recall,0.4,higher,0.4
Gemma4-E4B,non_thinking,12,3,10,logistic_f1,0.47058823529411764,higher,0.47058823529411764
Gemma4-E4B,non_thinking,12,3,10,ncc_recall,0.4,higher,0.4
Gemma4-E4B,non_thinking,12,3,10,silhouette_cosine,-0.13410407304763794,higher,-0.13410407304763794
Gemma4-E4B,non_thinking,12,3,10,within_trace,1604.8330078125,lower,-1604.8330078125
Gemma4-E4B,non_thinking,12,3,10,class_nc1_ratio,8.531508607936587,lower,-8.531508607936587
Gemma4-E4B,non_thinking,12,3,10,centroid_nearest_squared,129.984375,higher,129.984375
Gemma4-E4B,non_thinking,12,3,10,fisher_nearest,0.08099557671559723,higher,0.08099557671559723
Gemma4-E4B,non_thinking,12,3,10,min_bhattacharyya,2.5261391401290894,higher,2.5261391401290894
Gemma4-E4B,non_thinking,12,3,10,mean_bhattacharyya,11.334193521075779,higher,11.334193521075779
Gemma4-E4B,non_thinking,12,3,10,nc2_class_cosine_deviation,0.31620680218861424,lower,-0.31620680218861424
Gemma4-E4B,non_thinking,12,4,10,logistic_precision,0.3076923076923077,higher,0.3076923076923077
Gemma4-E4B,non_thinking,12,4,10,logistic_recall,0.4,higher,0.4
Gemma4-E4B,non_thinking,12,4,10,logistic_f1,0.34782608695652173,higher,0.34782608695652173
Gemma4-E4B,non_thinking,12,4,10,ncc_recall,0.2,higher,0.2
Gemma4-E4B,non_thinking,12,4,10,silhouette_cosine,-0.225251704454422,higher,-0.225251704454422
Gemma4-E4B,non_thinking,12,4,10,within_trace,1576.1287841796875,lower,-1576.1287841796875
Gemma4-E4B,non_thinking,12,4,10,class_nc1_ratio,15.618397799810465,lower,-15.618397799810465
Gemma4-E4B,non_thinking,12,4,10,centroid_nearest_squared,129.984375,higher,129.984375
Gemma4-E4B,non_thinking,12,4,10,fisher_nearest,0.08247065614479702,higher,0.08247065614479702
Gemma4-E4B,non_thinking,12,4,10,min_bhattacharyya,2.5261391401290894,higher,2.5261391401290894
Gemma4-E4B,non_thinking,12,4,10,mean_bhattacharyya,9.89695241716173,higher,9.89695241716173
Gemma4-E4B,non_thinking,12,4,10,nc2_class_cosine_deviation,0.2634238554739658,lower,-0.2634238554739658
Gemma4-E4B,non_thinking,12,5,10,logistic_precision,0.3333333333333333,higher,0.3333333333333333
Gemma4-E4B,non_thinking,12,5,10,logistic_recall,0.4,higher,0.4
Gemma4-E4B,non_thinking,12,5,10,logistic_f1,0.36363636363636365,higher,0.36363636363636365
Gemma4-E4B,non_thinking,12,5,10,ncc_recall,0.1,higher,0.1
Gemma4-E4B,non_thinking,12,5,10,silhouette_cosine,-0.15075987577438354,higher,-0.15075987577438354
Gemma4-E4B,non_thinking,12,5,10,within_trace,1348.7965087890625,lower,-1348.7965087890625
Gemma4-E4B,non_thinking,12,5,10,class_nc1_ratio,9.846482157165273,lower,-9.846482157165273
Gemma4-E4B,non_thinking,12,5,10,centroid_nearest_squared,101.5108642578125,higher,101.5108642578125
Gemma4-E4B,non_thinking,12,5,10,fisher_nearest,0.07526032548004447,higher,0.07526032548004447
Gemma4-E4B,non_thinking,12,5,10,min_bhattacharyya,2.6640520095825195,higher,2.6640520095825195
Gemma4-E4B,non_thinking,12,5,10,mean_bhattacharyya,12.32036280632019,higher,12.32036280632019
Gemma4-E4B,non_thinking,12,5,10,nc2_class_cosine_deviation,0.503957471039928,lower,-0.503957471039928
Gemma4-E4B,non_thinking,12,6,10,logistic_precision,0.25,higher,0.25
Gemma4-E4B,non_thinking,12,6,10,logistic_recall,0.3,higher,0.3
Gemma4-E4B,non_thinking,12,6,10,logistic_f1,0.2727272727272727,higher,0.2727272727272727
Gemma4-E4B,non_thinking,12,6,10,ncc_recall,0.2,higher,0.2
Gemma4-E4B,non_thinking,12,6,10,silhouette_cosine,-0.14566704630851746,higher,-0.14566704630851746
Gemma4-E4B,non_thinking,12,6,10,within_trace,1273.182861328125,lower,-1273.182861328125
Gemma4-E4B,non_thinking,12,6,10,class_nc1_ratio,8.014163816617303,lower,-8.014163816617303
Gemma4-E4B,non_thinking,12,6,10,centroid_nearest_squared,85.63998413085938,higher,85.63998413085938
Gemma4-E4B,non_thinking,12,6,10,fisher_nearest,0.06726448080012933,higher,0.06726448080012933
Gemma4-E4B,non_thinking,12,6,10,min_bhattacharyya,1.967631995677948,higher,1.967631995677948
Gemma4-E4B,non_thinking,12,6,10,mean_bhattacharyya,12.925657636589474,higher,12.925657636589474
Gemma4-E4B,non_thinking,12,6,10,nc2_class_cosine_deviation,0.5445589149531759,lower,-0.5445589149531759
Gemma4-E4B,non_thinking,12,7,10,logistic_precision,0.0,higher,0.0
Gemma4-E4B,non_thinking,12,7,10,logistic_recall,0.0,higher,0.0
Gemma4-E4B,non_thinking,12,7,10,logistic_f1,0.0,higher,0.0
Gemma4-E4B,non_thinking,12,7,10,ncc_recall,0.2,higher,0.2
Gemma4-E4B,non_thinking,12,7,10,silhouette_cosine,-0.1320471614599228,higher,-0.1320471614599228
Gemma4-E4B,non_thinking,12,7,10,within_trace,1064.590087890625,lower,-1064.590087890625
Gemma4-E4B,non_thinking,12,7,10,class_nc1_ratio,4.891783177509587,lower,-4.891783177509587
Gemma4-E4B,non_thinking,12,7,10,centroid_nearest_squared,85.63998413085938,higher,85.63998413085938
Gemma4-E4B,non_thinking,12,7,10,fisher_nearest,0.08044409308802239,higher,0.08044409308802239
Gemma4-E4B,non_thinking,12,7,10,min_bhattacharyya,1.967631995677948,higher,1.967631995677948
Gemma4-E4B,non_thinking,12,7,10,mean_bhattacharyya,15.191051933500502,higher,15.191051933500502
Gemma4-E4B,non_thinking,12,7,10,nc2_class_cosine_deviation,0.6221497163728432,lower,-0.6221497163728432
Gemma4-E4B,non_thinking,12,8,10,logistic_precision,0.30434782608695654,higher,0.30434782608695654
Gemma4-E4B,non_thinking,12,8,10,logistic_recall,0.7,higher,0.7
Gemma4-E4B,non_thinking,12,8,10,logistic_f1,0.42424242424242425,higher,0.42424242424242425
Gemma4-E4B,non_thinking,12,8,10,ncc_recall,0.1,higher,0.1
Gemma4-E4B,non_thinking,12,8,10,silhouette_cosine,-0.16960051655769348,higher,-0.16960051655769348
Gemma4-E4B,non_thinking,12,8,10,within_trace,997.5368041992188,lower,-997.5368041992188
Gemma4-E4B,non_thinking,12,8,10,class_nc1_ratio,4.84277904458972,lower,-4.84277904458972
Gemma4-E4B,non_thinking,12,8,10,centroid_nearest_squared,76.71559143066406,higher,76.71559143066406
Gemma4-E4B,non_thinking,12,8,10,fisher_nearest,0.07690502356176038,higher,0.07690502356176038
Gemma4-E4B,non_thinking,12,8,10,min_bhattacharyya,1.671081691980362,higher,1.671081691980362
Gemma4-E4B,non_thinking,12,8,10,mean_bhattacharyya,14.923854049709108,higher,14.923854049709108
Gemma4-E4B,non_thinking,12,8,10,nc2_class_cosine_deviation,0.6266626712900621,lower,-0.6266626712900621
Gemma4-E4B,non_thinking,12,9,10,logistic_precision,0.2857142857142857,higher,0.2857142857142857
Gemma4-E4B,non_thinking,12,9,10,logistic_recall,0.2,higher,0.2
Gemma4-E4B,non_thinking,12,9,10,logistic_f1,0.23529411764705882,higher,0.23529411764705882
Gemma4-E4B,non_thinking,12,9,10,ncc_recall,0.2,higher,0.2
Gemma4-E4B,non_thinking,12,9,10,silhouette_cosine,-0.11936892569065094,higher,-0.11936892569065094
Gemma4-E4B,non_thinking,12,9,10,within_trace,895.9824829101562,lower,-895.9824829101562
Gemma4-E4B,non_thinking,12,9,10,class_nc1_ratio,2.870247420134698,lower,-2.870247420134698
Gemma4-E4B,non_thinking,12,9,10,centroid_nearest_squared,52.37493133544922,higher,52.37493133544922
Gemma4-E4B,non_thinking,12,9,10,fisher_nearest,0.058455307257051656,higher,0.058455307257051656
Gemma4-E4B,non_thinking,12,9,10,min_bhattacharyya,1.671081691980362,higher,1.671081691980362
Gemma4-E4B,non_thinking,12,9,10,mean_bhattacharyya,16.75962131222089,higher,16.75962131222089
Gemma4-E4B,non_thinking,12,9,10,nc2_class_cosine_deviation,0.647768681799924,lower,-0.647768681799924
Gemma4-E4B,non_thinking,12,10,10,logistic_precision,0.3333333333333333,higher,0.3333333333333333
Gemma4-E4B,non_thinking,12,10,10,logistic_recall,0.1,higher,0.1
Gemma4-E4B,non_thinking,12,10,10,logistic_f1,0.15384615384615385,higher,0.15384615384615385
Gemma4-E4B,non_thinking,12,10,10,ncc_recall,0.5,higher,0.5
Gemma4-E4B,non_thinking,12,10,10,silhouette_cosine,-0.037659902125597,higher,-0.037659902125597
Gemma4-E4B,non_thinking,12,10,10,within_trace,855.4496459960938,lower,-855.4496459960938
Gemma4-E4B,non_thinking,12,10,10,class_nc1_ratio,2.2787557370198113,lower,-2.2787557370198113
Gemma4-E4B,non_thinking,12,10,10,centroid_nearest_squared,52.37493133544922,higher,52.37493133544922
Gemma4-E4B,non_thinking,12,10,10,fisher_nearest,0.061225031281021046,higher,0.061225031281021046
Gemma4-E4B,non_thinking,12,10,10,min_bhattacharyya,1.7887861728668213,higher,1.7887861728668213
Gemma4-E4B,non_thinking,12,10,10,mean_bhattacharyya,19.191514041688706,higher,19.191514041688706
Gemma4-E4B,non_thinking,12,10,10,nc2_class_cosine_deviation,0.6491354380124881,lower,-0.6491354380124881
Gemma4-E4B,native_thinking,12,1,10,logistic_precision,1.0,higher,1.0
Gemma4-E4B,native_thinking,12,1,10,logistic_recall,0.7,higher,0.7
Gemma4-E4B,native_thinking,12,1,10,logistic_f1,0.8235294117647058,higher,0.8235294117647058
Gemma4-E4B,native_thinking,12,1,10,ncc_recall,0.5,higher,0.5
Gemma4-E4B,native_thinking,12,1,10,silhouette_cosine,0.10945999622344971,higher,0.10945999622344971
Gemma4-E4B,native_thinking,12,1,10,within_trace,1878.660888671875,lower,-1878.660888671875
Gemma4-E4B,native_thinking,12,1,10,class_nc1_ratio,2.0623190118017005,lower,-2.0623190118017005
Gemma4-E4B,native_thinking,12,1,10,centroid_nearest_squared,1358.9927978515625,higher,1358.9927978515625
Gemma4-E4B,native_thinking,12,1,10,fisher_nearest,0.7233837708796432,higher,0.7233837708796432
Gemma4-E4B,native_thinking,12,1,10,min_bhattacharyya,6.6478376388549805,higher,6.6478376388549805
Gemma4-E4B,native_thinking,12,1,10,mean_bhattacharyya,10.578896204630533,higher,10.578896204630533
Gemma4-E4B,native_thinking,12,1,10,nc2_class_cosine_deviation,0.365126066967661,lower,-0.365126066967661
Gemma4-E4B,native_thinking,12,2,7,logistic_precision,0.7142857142857143,higher,0.7142857142857143
Gemma4-E4B,native_thinking,12,2,7,logistic_recall,0.7142857142857143,higher,0.7142857142857143
Gemma4-E4B,native_thinking,12,2,7,logistic_f1,0.7142857142857143,higher,0.7142857142857143
Gemma4-E4B,native_thinking,12,2,7,ncc_recall,0.7142857142857143,higher,0.7142857142857143
Gemma4-E4B,native_thinking,12,2,7,silhouette_cosine,0.08516977727413177,higher,0.08516977727413177
Gemma4-E4B,native_thinking,12,2,7,within_trace,1209.224609375,lower,-1209.224609375
Gemma4-E4B,native_thinking,12,2,7,class_nc1_ratio,2.395839767761257,lower,-2.395839767761257
Gemma4-E4B,native_thinking,12,2,7,centroid_nearest_squared,472.72906494140625,higher,472.72906494140625
Gemma4-E4B,native_thinking,12,2,7,fisher_nearest,0.3909356965417211,higher,0.3909356965417211
Gemma4-E4B,native_thinking,12,2,7,min_bhattacharyya,8.195539474487305,higher,8.195539474487305
Gemma4-E4B,native_thinking,12,2,7,mean_bhattacharyya,12.14188321431478,higher,12.14188321431478
Gemma4-E4B,native_thinking,12,2,7,nc2_class_cosine_deviation,0.3013070093720783,lower,-0.3013070093720783
Gemma4-E4B,native_thinking,12,3,7,logistic_precision,0.5714285714285714,higher,0.5714285714285714
Gemma4-E4B,native_thinking,12,3,7,logistic_recall,0.5714285714285714,higher,0.5714285714285714
Gemma4-E4B,native_thinking,12,3,7,logistic_f1,0.5714285714285714,higher,0.5714285714285714
Gemma4-E4B,native_thinking,12,3,7,ncc_recall,0.5714285714285714,higher,0.5714285714285714
Gemma4-E4B,native_thinking,12,3,7,silhouette_cosine,-0.07145281881093979,higher,-0.07145281881093979
Gemma4-E4B,native_thinking,12,3,7,within_trace,1207.176513671875,lower,-1207.176513671875
Gemma4-E4B,native_thinking,12,3,7,class_nc1_ratio,5.989753014540531,lower,-5.989753014540531
Gemma4-E4B,native_thinking,12,3,7,centroid_nearest_squared,192.07666015625,higher,192.07666015625
Gemma4-E4B,native_thinking,12,3,7,fisher_nearest,0.1591123236584594,higher,0.1591123236584594
Gemma4-E4B,native_thinking,12,3,7,min_bhattacharyya,4.137722969055176,higher,4.137722969055176
Gemma4-E4B,native_thinking,12,3,7,mean_bhattacharyya,8.044575770696005,higher,8.044575770696005
Gemma4-E4B,native_thinking,12,3,7,nc2_class_cosine_deviation,0.24077021027052847,lower,-0.24077021027052847
Gemma4-E4B,native_thinking,12,4,7,logistic_precision,0.14285714285714285,higher,0.14285714285714285
Gemma4-E4B,native_thinking,12,4,7,logistic_recall,0.14285714285714285,higher,0.14285714285714285
Gemma4-E4B,native_thinking,12,4,7,logistic_f1,0.14285714285714285,higher,0.14285714285714285
Gemma4-E4B,native_thinking,12,4,7,ncc_recall,0.0,higher,0.0
Gemma4-E4B,native_thinking,12,4,7,silhouette_cosine,-0.15732133388519287,higher,-0.15732133388519287
Gemma4-E4B,native_thinking,12,4,7,within_trace,1280.3472900390625,lower,-1280.3472900390625
Gemma4-E4B,native_thinking,12,4,7,class_nc1_ratio,8.955673231718935,lower,-8.955673231718935
Gemma4-E4B,native_thinking,12,4,7,centroid_nearest_squared,184.74526977539062,higher,184.74526977539062
Gemma4-E4B,native_thinking,12,4,7,fisher_nearest,0.14429309236070956,higher,0.14429309236070956
Gemma4-E4B,native_thinking,12,4,7,min_bhattacharyya,4.137722969055176,higher,4.137722969055176
Gemma4-E4B,native_thinking,12,4,7,mean_bhattacharyya,6.406780269410875,higher,6.406780269410875
Gemma4-E4B,native_thinking,12,4,7,nc2_class_cosine_deviation,0.25377802624378676,lower,-0.25377802624378676
Gemma4-E4B,native_thinking,12,5,7,logistic_precision,0.5,higher,0.5
Gemma4-E4B,native_thinking,12,5,7,logistic_recall,0.2857142857142857,higher,0.2857142857142857
Gemma4-E4B,native_thinking,12,5,7,logistic_f1,0.36363636363636365,higher,0.36363636363636365
Gemma4-E4B,native_thinking,12,5,7,ncc_recall,0.0,higher,0.0
Gemma4-E4B,native_thinking,12,5,7,silhouette_cosine,-0.16352251172065735,higher,-0.16352251172065735
Gemma4-E4B,native_thinking,12,5,7,within_trace,1191.5228271484375,lower,-1191.5228271484375
Gemma4-E4B,native_thinking,12,5,7,class_nc1_ratio,9.597689060454076,lower,-9.597689060454076
Gemma4-E4B,native_thinking,12,5,7,centroid_nearest_squared,117.08374786376953,higher,117.08374786376953
Gemma4-E4B,native_thinking,12,5,7,fisher_nearest,0.09826395701035401,higher,0.09826395701035401
Gemma4-E4B,native_thinking,12,5,7,min_bhattacharyya,3.1358858346939087,higher,3.1358858346939087
Gemma4-E4B,native_thinking,12,5,7,mean_bhattacharyya,5.6272151072820025,higher,5.6272151072820025
Gemma4-E4B,native_thinking,12,5,7,nc2_class_cosine_deviation,0.46778566344284717,lower,-0.46778566344284717
Gemma4-E4B,native_thinking,12,6,7,logistic_precision,0.2727272727272727,higher,0.2727272727272727
Gemma4-E4B,native_thinking,12,6,7,logistic_recall,0.42857142857142855,higher,0.42857142857142855
Gemma4-E4B,native_thinking,12,6,7,logistic_f1,0.3333333333333333,higher,0.3333333333333333
Gemma4-E4B,native_thinking,12,6,7,ncc_recall,0.14285714285714285,higher,0.14285714285714285
Gemma4-E4B,native_thinking,12,6,7,silhouette_cosine,-0.17528164386749268,higher,-0.17528164386749268
Gemma4-E4B,native_thinking,12,6,7,within_trace,1177.534423828125,lower,-1177.534423828125
Gemma4-E4B,native_thinking,12,6,7,class_nc1_ratio,11.037241522475586,lower,-11.037241522475586
Gemma4-E4B,native_thinking,12,6,7,centroid_nearest_squared,98.83316040039062,higher,98.83316040039062
Gemma4-E4B,native_thinking,12,6,7,fisher_nearest,0.08393228970673089,higher,0.08393228970673089
Gemma4-E4B,native_thinking,12,6,7,min_bhattacharyya,3.155525803565979,higher,3.155525803565979
Gemma4-E4B,native_thinking,12,6,7,mean_bhattacharyya,5.638845205307007,higher,5.638845205307007
Gemma4-E4B,native_thinking,12,6,7,nc2_class_cosine_deviation,0.45405538766472436,lower,-0.45405538766472436
Gemma4-E4B,native_thinking,12,7,7,logistic_precision,0.3333333333333333,higher,0.3333333333333333
Gemma4-E4B,native_thinking,12,7,7,logistic_recall,0.42857142857142855,higher,0.42857142857142855
Gemma4-E4B,native_thinking,12,7,7,logistic_f1,0.375,higher,0.375
Gemma4-E4B,native_thinking,12,7,7,ncc_recall,0.14285714285714285,higher,0.14285714285714285
Gemma4-E4B,native_thinking,12,7,7,silhouette_cosine,-0.17272667586803436,higher,-0.17272667586803436
Gemma4-E4B,native_thinking,12,7,7,within_trace,1232.1964111328125,lower,-1232.1964111328125
Gemma4-E4B,native_thinking,12,7,7,class_nc1_ratio,10.452533168573005,lower,-10.452533168573005
Gemma4-E4B,native_thinking,12,7,7,centroid_nearest_squared,91.38449096679688,higher,91.38449096679688
Gemma4-E4B,native_thinking,12,7,7,fisher_nearest,0.07416389963575944,higher,0.07416389963575944
Gemma4-E4B,native_thinking,12,7,7,min_bhattacharyya,2.635738790035248,higher,2.635738790035248
Gemma4-E4B,native_thinking,12,7,7,mean_bhattacharyya,5.703666971789466,higher,5.703666971789466
Gemma4-E4B,native_thinking,12,7,7,nc2_class_cosine_deviation,0.5013512560614832,lower,-0.5013512560614832
Gemma4-E4B,native_thinking,12,8,7,logistic_precision,0.6666666666666666,higher,0.6666666666666666
Gemma4-E4B,native_thinking,12,8,7,logistic_recall,0.2857142857142857,higher,0.2857142857142857
Gemma4-E4B,native_thinking,12,8,7,logistic_f1,0.4,higher,0.4
Gemma4-E4B,native_thinking,12,8,7,ncc_recall,0.0,higher,0.0
Gemma4-E4B,native_thinking,12,8,7,silhouette_cosine,-0.1788591891527176,higher,-0.1788591891527176
Gemma4-E4B,native_thinking,12,8,7,within_trace,1208.4267578125,lower,-1208.4267578125
Gemma4-E4B,native_thinking,12,8,7,class_nc1_ratio,10.663867101644952,lower,-10.663867101644952
Gemma4-E4B,native_thinking,12,8,7,centroid_nearest_squared,91.38449096679688,higher,91.38449096679688
Gemma4-E4B,native_thinking,12,8,7,fisher_nearest,0.07562269734263542,higher,0.07562269734263542
Gemma4-E4B,native_thinking,12,8,7,min_bhattacharyya,3.1277120113372803,higher,3.1277120113372803
Gemma4-E4B,native_thinking,12,8,7,mean_bhattacharyya,6.142136520809597,higher,6.142136520809597
Gemma4-E4B,native_thinking,12,8,7,nc2_class_cosine_deviation,0.4737151899823436,lower,-0.4737151899823436
Gemma4-E4B,native_thinking,12,9,5,logistic_precision,0.14285714285714285,higher,0.14285714285714285
Gemma4-E4B,native_thinking,12,9,5,logistic_recall,0.2,higher,0.2
Gemma4-E4B,native_thinking,12,9,5,logistic_f1,0.16666666666666666,higher,0.16666666666666666
Gemma4-E4B,native_thinking,12,9,5,ncc_recall,0.4,higher,0.4
Gemma4-E4B,native_thinking,12,9,5,silhouette_cosine,-0.17142367362976074,higher,-0.17142367362976074
Gemma4-E4B,native_thinking,12,9,5,within_trace,1139.5081787109375,lower,-1139.5081787109375
Gemma4-E4B,native_thinking,12,9,5,class_nc1_ratio,5.028115093566493,lower,-5.028115093566493
Gemma4-E4B,native_thinking,12,9,5,centroid_nearest_squared,135.3804931640625,higher,135.3804931640625
Gemma4-E4B,native_thinking,12,9,5,fisher_nearest,0.11880607414087274,higher,0.11880607414087274
Gemma4-E4B,native_thinking,12,9,5,min_bhattacharyya,2.635738790035248,higher,2.635738790035248
Gemma4-E4B,native_thinking,12,9,5,mean_bhattacharyya,6.883341756131914,higher,6.883341756131914
Gemma4-E4B,native_thinking,12,9,5,nc2_class_cosine_deviation,0.41877976133499617,lower,-0.41877976133499617
Gemma4-E4B,native_thinking,12,10,3,logistic_precision,0.2,higher,0.2
Gemma4-E4B,native_thinking,12,10,3,logistic_recall,0.3333333333333333,higher,0.3333333333333333
Gemma4-E4B,native_thinking,12,10,3,logistic_f1,0.25,higher,0.25
Gemma4-E4B,native_thinking,12,10,3,ncc_recall,0.0,higher,0.0
Gemma4-E4B,native_thinking,12,10,3,silhouette_cosine,-0.2484978437423706,higher,-0.2484978437423706
Gemma4-E4B,native_thinking,12,10,3,within_trace,1230.4146728515625,lower,-1230.4146728515625
Gemma4-E4B,native_thinking,12,10,3,class_nc1_ratio,5.10997380775116,lower,-5.10997380775116
Gemma4-E4B,native_thinking,12,10,3,centroid_nearest_squared,169.65469360351562,higher,169.65469360351562
Gemma4-E4B,native_thinking,12,10,3,fisher_nearest,0.13788415998838044,higher,0.13788415998838044
Gemma4-E4B,native_thinking,12,10,3,min_bhattacharyya,3.8237030506134033,higher,3.8237030506134033
Gemma4-E4B,native_thinking,12,10,3,mean_bhattacharyya,6.476943718062507,higher,6.476943718062507
Gemma4-E4B,native_thinking,12,10,3,nc2_class_cosine_deviation,0.3686804944350396,lower,-0.3686804944350396
Gemma4-E4B,non_thinking,13,1,10,logistic_precision,1.0,higher,1.0
Gemma4-E4B,non_thinking,13,1,10,logistic_recall,1.0,higher,1.0
Gemma4-E4B,non_thinking,13,1,10,logistic_f1,1.0,higher,1.0
Gemma4-E4B,non_thinking,13,1,10,ncc_recall,1.0,higher,1.0
Gemma4-E4B,non_thinking,13,1,10,silhouette_cosine,0.8303102254867554,higher,0.8303102254867554
Gemma4-E4B,non_thinking,13,1,10,within_trace,847.9881591796875,lower,-847.9881591796875
Gemma4-E4B,non_thinking,13,1,10,class_nc1_ratio,0.16881158274722147,lower,-0.16881158274722147
Gemma4-E4B,non_thinking,13,1,10,centroid_nearest_squared,4561.98193359375,higher,4561.98193359375
Gemma4-E4B,non_thinking,13,1,10,fisher_nearest,5.37977079539276,higher,5.37977079539276
Gemma4-E4B,non_thinking,13,1,10,min_bhattacharyya,49.68581771850586,higher,49.68581771850586
Gemma4-E4B,non_thinking,13,1,10,mean_bhattacharyya,83.64842944675021,higher,83.64842944675021
Gemma4-E4B,non_thinking,13,1,10,nc2_class_cosine_deviation,0.5239011179885745,lower,-0.5239011179885745
Gemma4-E4B,non_thinking,13,2,10,logistic_precision,0.8181818181818182,higher,0.8181818181818182
Gemma4-E4B,non_thinking,13,2,10,logistic_recall,0.9,higher,0.9
Gemma4-E4B,non_thinking,13,2,10,logistic_f1,0.8571428571428571,higher,0.8571428571428571
Gemma4-E4B,non_thinking,13,2,10,ncc_recall,0.8,higher,0.8
Gemma4-E4B,non_thinking,13,2,10,silhouette_cosine,-0.0632881298661232,higher,-0.0632881298661232
Gemma4-E4B,non_thinking,13,2,10,within_trace,1779.006591796875,lower,-1779.006591796875
Gemma4-E4B,non_thinking,13,2,10,class_nc1_ratio,2.7071979866564178,lower,-2.7071979866564178
Gemma4-E4B,non_thinking,13,2,10,centroid_nearest_squared,361.6414794921875,higher,361.6414794921875
Gemma4-E4B,non_thinking,13,2,10,fisher_nearest,0.2032828215250814,higher,0.2032828215250814
Gemma4-E4B,non_thinking,13,2,10,min_bhattacharyya,3.792224407196045,higher,3.792224407196045
Gemma4-E4B,non_thinking,13,2,10,mean_bhattacharyya,14.33933687210083,higher,14.33933687210083
Gemma4-E4B,non_thinking,13,2,10,nc2_class_cosine_deviation,0.5085425321702604,lower,-0.5085425321702604
Gemma4-E4B,non_thinking,13,3,10,logistic_precision,0.375,higher,0.375
Gemma4-E4B,non_thinking,13,3,10,logistic_recall,0.3,higher,0.3
Gemma4-E4B,non_thinking,13,3,10,logistic_f1,0.3333333333333333,higher,0.3333333333333333
Gemma4-E4B,non_thinking,13,3,10,ncc_recall,0.4,higher,0.4
Gemma4-E4B,non_thinking,13,3,10,silhouette_cosine,-0.13971206545829773,higher,-0.13971206545829773
Gemma4-E4B,non_thinking,13,3,10,within_trace,1523.5262451171875,lower,-1523.5262451171875
Gemma4-E4B,non_thinking,13,3,10,class_nc1_ratio,9.04319378188743,lower,-9.04319378188743
Gemma4-E4B,non_thinking,13,3,10,centroid_nearest_squared,133.59097290039062,higher,133.59097290039062
Gemma4-E4B,non_thinking,13,3,10,fisher_nearest,0.0876853768213983,higher,0.0876853768213983
Gemma4-E4B,non_thinking,13,3,10,min_bhattacharyya,2.594161033630371,higher,2.594161033630371
Gemma4-E4B,non_thinking,13,3,10,mean_bhattacharyya,11.77066151301066,higher,11.77066151301066
Gemma4-E4B,non_thinking,13,3,10,nc2_class_cosine_deviation,0.2800998191425022,lower,-0.2800998191425022
Gemma4-E4B,non_thinking,13,4,10,logistic_precision,0.3,higher,0.3
Gemma4-E4B,non_thinking,13,4,10,logistic_recall,0.3,higher,0.3
Gemma4-E4B,non_thinking,13,4,10,logistic_f1,0.3,higher,0.3
Gemma4-E4B,non_thinking,13,4,10,ncc_recall,0.2,higher,0.2
Gemma4-E4B,non_thinking,13,4,10,silhouette_cosine,-0.25268852710723877,higher,-0.25268852710723877
Gemma4-E4B,non_thinking,13,4,10,within_trace,1658.236083984375,lower,-1658.236083984375
Gemma4-E4B,non_thinking,13,4,10,class_nc1_ratio,18.792374703462507,lower,-18.792374703462507
Gemma4-E4B,non_thinking,13,4,10,centroid_nearest_squared,133.59097290039062,higher,133.59097290039062
Gemma4-E4B,non_thinking,13,4,10,fisher_nearest,0.08056209498191659,higher,0.08056209498191659
Gemma4-E4B,non_thinking,13,4,10,min_bhattacharyya,2.594161033630371,higher,2.594161033630371
Gemma4-E4B,non_thinking,13,4,10,mean_bhattacharyya,9.560317383872139,higher,9.560317383872139
Gemma4-E4B,non_thinking,13,4,10,nc2_class_cosine_deviation,0.20803211107390165,lower,-0.20803211107390165
Gemma4-E4B,non_thinking,13,5,10,logistic_precision,0.1875,higher,0.1875
Gemma4-E4B,non_thinking,13,5,10,logistic_recall,0.3,higher,0.3
Gemma4-E4B,non_thinking,13,5,10,logistic_f1,0.23076923076923078,higher,0.23076923076923078
Gemma4-E4B,non_thinking,13,5,10,ncc_recall,0.1,higher,0.1
Gemma4-E4B,non_thinking,13,5,10,silhouette_cosine,-0.17658288776874542,higher,-0.17658288776874542
Gemma4-E4B,non_thinking,13,5,10,within_trace,1328.670166015625,lower,-1328.670166015625
Gemma4-E4B,non_thinking,13,5,10,class_nc1_ratio,9.12453999127145,lower,-9.12453999127145
Gemma4-E4B,non_thinking,13,5,10,centroid_nearest_squared,90.9409408569336,higher,90.9409408569336
Gemma4-E4B,non_thinking,13,5,10,fisher_nearest,0.06844508380107944,higher,0.06844508380107944
Gemma4-E4B,non_thinking,13,5,10,min_bhattacharyya,2.6842187643051147,higher,2.6842187643051147
Gemma4-E4B,non_thinking,13,5,10,mean_bhattacharyya,12.539783093664381,higher,12.539783093664381
Gemma4-E4B,non_thinking,13,5,10,nc2_class_cosine_deviation,0.5762424906757071,lower,-0.5762424906757071
Gemma4-E4B,non_thinking,13,6,10,logistic_precision,0.15384615384615385,higher,0.15384615384615385
Gemma4-E4B,non_thinking,13,6,10,logistic_recall,0.2,higher,0.2
Gemma4-E4B,non_thinking,13,6,10,logistic_f1,0.17391304347826086,higher,0.17391304347826086
Gemma4-E4B,non_thinking,13,6,10,ncc_recall,0.4,higher,0.4
Gemma4-E4B,non_thinking,13,6,10,silhouette_cosine,-0.14972218871116638,higher,-0.14972218871116638
Gemma4-E4B,non_thinking,13,6,10,within_trace,1153.98583984375,lower,-1153.98583984375
Gemma4-E4B,non_thinking,13,6,10,class_nc1_ratio,6.450813834088431,lower,-6.450813834088431
Gemma4-E4B,non_thinking,13,6,10,centroid_nearest_squared,109.52459716796875,higher,109.52459716796875
Gemma4-E4B,non_thinking,13,6,10,fisher_nearest,0.09490982764814376,higher,0.09490982764814376
Gemma4-E4B,non_thinking,13,6,10,min_bhattacharyya,1.9671822786331177,higher,1.9671822786331177
Gemma4-E4B,non_thinking,13,6,10,mean_bhattacharyya,12.399351901478237,higher,12.399351901478237
Gemma4-E4B,non_thinking,13,6,10,nc2_class_cosine_deviation,0.5967438729640878,lower,-0.5967438729640878
Gemma4-E4B,non_thinking,13,7,10,logistic_precision,0.16666666666666666,higher,0.16666666666666666
Gemma4-E4B,non_thinking,13,7,10,logistic_recall,0.1,higher,0.1
Gemma4-E4B,non_thinking,13,7,10,logistic_f1,0.125,higher,0.125
Gemma4-E4B,non_thinking,13,7,10,ncc_recall,0.1,higher,0.1
Gemma4-E4B,non_thinking,13,7,10,silhouette_cosine,-0.10738207399845123,higher,-0.10738207399845123
Gemma4-E4B,non_thinking,13,7,10,within_trace,1027.122314453125,lower,-1027.122314453125
Gemma4-E4B,non_thinking,13,7,10,class_nc1_ratio,3.7473818846638625,lower,-3.7473818846638625
Gemma4-E4B,non_thinking,13,7,10,centroid_nearest_squared,109.52459716796875,higher,109.52459716796875
Gemma4-E4B,non_thinking,13,7,10,fisher_nearest,0.1066324775801248,higher,0.1066324775801248
Gemma4-E4B,non_thinking,13,7,10,min_bhattacharyya,1.9461569786071777,higher,1.9461569786071777
Gemma4-E4B,non_thinking,13,7,10,mean_bhattacharyya,14.493448389901054,higher,14.493448389901054
Gemma4-E4B,non_thinking,13,7,10,nc2_class_cosine_deviation,0.6270752941706667,lower,-0.6270752941706667
Gemma4-E4B,non_thinking,13,8,10,logistic_precision,0.07142857142857142,higher,0.07142857142857142
Gemma4-E4B,non_thinking,13,8,10,logistic_recall,0.1,higher,0.1
Gemma4-E4B,non_thinking,13,8,10,logistic_f1,0.08333333333333333,higher,0.08333333333333333
Gemma4-E4B,non_thinking,13,8,10,ncc_recall,0.0,higher,0.0
Gemma4-E4B,non_thinking,13,8,10,silhouette_cosine,-0.1221587061882019,higher,-0.1221587061882019
Gemma4-E4B,non_thinking,13,8,10,within_trace,900.1817626953125,lower,-900.1817626953125
Gemma4-E4B,non_thinking,13,8,10,class_nc1_ratio,3.5109555686355023,lower,-3.5109555686355023
Gemma4-E4B,non_thinking,13,8,10,centroid_nearest_squared,82.77979278564453,higher,82.77979278564453
Gemma4-E4B,non_thinking,13,8,10,fisher_nearest,0.09195897563819373,higher,0.09195897563819373
Gemma4-E4B,non_thinking,13,8,10,min_bhattacharyya,1.9165897369384766,higher,1.9165897369384766
Gemma4-E4B,non_thinking,13,8,10,mean_bhattacharyya,16.363993684450787,higher,16.363993684450787
Gemma4-E4B,non_thinking,13,8,10,nc2_class_cosine_deviation,0.6409558089978901,lower,-0.6409558089978901
Gemma4-E4B,non_thinking,13,9,10,logistic_precision,0.375,higher,0.375
Gemma4-E4B,non_thinking,13,9,10,logistic_recall,0.3,higher,0.3
Gemma4-E4B,non_thinking,13,9,10,logistic_f1,0.3333333333333333,higher,0.3333333333333333
Gemma4-E4B,non_thinking,13,9,10,ncc_recall,0.1,higher,0.1
Gemma4-E4B,non_thinking,13,9,10,silhouette_cosine,-0.13648736476898193,higher,-0.13648736476898193
Gemma4-E4B,non_thinking,13,9,10,within_trace,920.5494384765625,lower,-920.5494384765625
Gemma4-E4B,non_thinking,13,9,10,class_nc1_ratio,3.1228984093082306,lower,-3.1228984093082306
Gemma4-E4B,non_thinking,13,9,10,centroid_nearest_squared,52.7601318359375,higher,52.7601318359375
Gemma4-E4B,non_thinking,13,9,10,fisher_nearest,0.05731374071907686,higher,0.05731374071907686
Gemma4-E4B,non_thinking,13,9,10,min_bhattacharyya,1.7292232513427734,higher,1.7292232513427734
Gemma4-E4B,non_thinking,13,9,10,mean_bhattacharyya,15.181720084614224,higher,15.181720084614224
Gemma4-E4B,non_thinking,13,9,10,nc2_class_cosine_deviation,0.6701881261887375,lower,-0.6701881261887375
Gemma4-E4B,non_thinking,13,10,10,logistic_precision,0.75,higher,0.75
Gemma4-E4B,non_thinking,13,10,10,logistic_recall,0.3,higher,0.3
Gemma4-E4B,non_thinking,13,10,10,logistic_f1,0.42857142857142855,higher,0.42857142857142855
Gemma4-E4B,non_thinking,13,10,10,ncc_recall,0.6,higher,0.6
Gemma4-E4B,non_thinking,13,10,10,silhouette_cosine,-0.04385506734251976,higher,-0.04385506734251976
Gemma4-E4B,non_thinking,13,10,10,within_trace,853.760498046875,lower,-853.760498046875
Gemma4-E4B,non_thinking,13,10,10,class_nc1_ratio,2.3280513122612048,lower,-2.3280513122612048
Gemma4-E4B,non_thinking,13,10,10,centroid_nearest_squared,52.7601318359375,higher,52.7601318359375
Gemma4-E4B,non_thinking,13,10,10,fisher_nearest,0.061797344754923,higher,0.061797344754923
Gemma4-E4B,non_thinking,13,10,10,min_bhattacharyya,1.7292232513427734,higher,1.7292232513427734
Gemma4-E4B,non_thinking,13,10,10,mean_bhattacharyya,17.59897157880995,higher,17.59897157880995
Gemma4-E4B,non_thinking,13,10,10,nc2_class_cosine_deviation,0.6632331789091782,lower,-0.6632331789091782
Gemma4-E4B,native_thinking,13,1,10,logistic_precision,1.0,higher,1.0
Gemma4-E4B,native_thinking,13,1,10,logistic_recall,0.7,higher,0.7
Gemma4-E4B,native_thinking,13,1,10,logistic_f1,0.8235294117647058,higher,0.8235294117647058
Gemma4-E4B,native_thinking,13,1,10,ncc_recall,0.6,higher,0.6
Gemma4-E4B,native_thinking,13,1,10,silhouette_cosine,0.11416555941104889,higher,0.11416555941104889
Gemma4-E4B,native_thinking,13,1,10,within_trace,1961.95654296875,lower,-1961.95654296875
Gemma4-E4B,native_thinking,13,1,10,class_nc1_ratio,1.971449339124338,lower,-1.971449339124338
Gemma4-E4B,native_thinking,13,1,10,centroid_nearest_squared,1421.293212890625,higher,1421.293212890625
Gemma4-E4B,native_thinking,13,1,10,fisher_nearest,0.7244264497010642,higher,0.7244264497010642
Gemma4-E4B,native_thinking,13,1,10,min_bhattacharyya,6.533671140670776,higher,6.533671140670776
Gemma4-E4B,native_thinking,13,1,10,mean_bhattacharyya,10.355297856860691,higher,10.355297856860691
Gemma4-E4B,native_thinking,13,1,10,nc2_class_cosine_deviation,0.33244930810214557,lower,-0.33244930810214557
Gemma4-E4B,native_thinking,13,2,7,logistic_precision,0.5555555555555556,higher,0.5555555555555556
Gemma4-E4B,native_thinking,13,2,7,logistic_recall,0.7142857142857143,higher,0.7142857142857143
Gemma4-E4B,native_thinking,13,2,7,logistic_f1,0.625,higher,0.625
Gemma4-E4B,native_thinking,13,2,7,ncc_recall,0.7142857142857143,higher,0.7142857142857143
Gemma4-E4B,native_thinking,13,2,7,silhouette_cosine,0.07583113014698029,higher,0.07583113014698029
Gemma4-E4B,native_thinking,13,2,7,within_trace,1158.39990234375,lower,-1158.39990234375
Gemma4-E4B,native_thinking,13,2,7,class_nc1_ratio,2.3544075350172804,lower,-2.3544075350172804
Gemma4-E4B,native_thinking,13,2,7,centroid_nearest_squared,529.5263671875,higher,529.5263671875
Gemma4-E4B,native_thinking,13,2,7,fisher_nearest,0.4571187947410284,higher,0.4571187947410284
Gemma4-E4B,native_thinking,13,2,7,min_bhattacharyya,8.628019332885742,higher,8.628019332885742
Gemma4-E4B,native_thinking,13,2,7,mean_bhattacharyya,12.323044935862223,higher,12.323044935862223
Gemma4-E4B,native_thinking,13,2,7,nc2_class_cosine_deviation,0.3081431561322124,lower,-0.3081431561322124
Gemma4-E4B,native_thinking,13,3,7,logistic_precision,0.8571428571428571,higher,0.8571428571428571
Gemma4-E4B,native_thinking,13,3,7,logistic_recall,0.8571428571428571,higher,0.8571428571428571
Gemma4-E4B,native_thinking,13,3,7,logistic_f1,0.8571428571428571,higher,0.8571428571428571
Gemma4-E4B,native_thinking,13,3,7,ncc_recall,0.7142857142857143,higher,0.7142857142857143
Gemma4-E4B,native_thinking,13,3,7,silhouette_cosine,0.044868506491184235,higher,0.044868506491184235
Gemma4-E4B,native_thinking,13,3,7,within_trace,1089.303466796875,lower,-1089.303466796875
Gemma4-E4B,native_thinking,13,3,7,class_nc1_ratio,3.131767080101212,lower,-3.131767080101212
Gemma4-E4B,native_thinking,13,3,7,centroid_nearest_squared,410.9000244140625,higher,410.9000244140625
Gemma4-E4B,native_thinking,13,3,7,fisher_nearest,0.3772135469487898,higher,0.3772135469487898
Gemma4-E4B,native_thinking,13,3,7,min_bhattacharyya,6.667753219604492,higher,6.667753219604492
Gemma4-E4B,native_thinking,13,3,7,mean_bhattacharyya,9.931497838762072,higher,9.931497838762072
Gemma4-E4B,native_thinking,13,3,7,nc2_class_cosine_deviation,0.2009521996901359,lower,-0.2009521996901359
Gemma4-E4B,native_thinking,13,4,7,logistic_precision,0.2,higher,0.2
Gemma4-E4B,native_thinking,13,4,7,logistic_recall,0.2857142857142857,higher,0.2857142857142857
Gemma4-E4B,native_thinking,13,4,7,logistic_f1,0.23529411764705882,higher,0.23529411764705882
Gemma4-E4B,native_thinking,13,4,7,ncc_recall,0.5714285714285714,higher,0.5714285714285714
Gemma4-E4B,native_thinking,13,4,7,silhouette_cosine,-0.12215294688940048,higher,-0.12215294688940048
Gemma4-E4B,native_thinking,13,4,7,within_trace,1246.25732421875,lower,-1246.25732421875
Gemma4-E4B,native_thinking,13,4,7,class_nc1_ratio,8.0520994374975,lower,-8.0520994374975
Gemma4-E4B,native_thinking,13,4,7,centroid_nearest_squared,195.0342559814453,higher,195.0342559814453
Gemma4-E4B,native_thinking,13,4,7,fisher_nearest,0.1564959757437797,higher,0.1564959757437797
Gemma4-E4B,native_thinking,13,4,7,min_bhattacharyya,3.845362424850464,higher,3.845362424850464
Gemma4-E4B,native_thinking,13,4,7,mean_bhattacharyya,7.026845693588257,higher,7.026845693588257
Gemma4-E4B,native_thinking,13,4,7,nc2_class_cosine_deviation,0.23674565277717732,lower,-0.23674565277717732
Gemma4-E4B,native_thinking,13,5,7,logistic_precision,0.42857142857142855,higher,0.42857142857142855
Gemma4-E4B,native_thinking,13,5,7,logistic_recall,0.42857142857142855,higher,0.42857142857142855
Gemma4-E4B,native_thinking,13,5,7,logistic_f1,0.42857142857142855,higher,0.42857142857142855
Gemma4-E4B,native_thinking,13,5,7,ncc_recall,0.0,higher,0.0
Gemma4-E4B,native_thinking,13,5,7,silhouette_cosine,-0.14393217861652374,higher,-0.14393217861652374
Gemma4-E4B,native_thinking,13,5,7,within_trace,1130.7947998046875,lower,-1130.7947998046875
Gemma4-E4B,native_thinking,13,5,7,class_nc1_ratio,8.157984313864697,lower,-8.157984313864697
Gemma4-E4B,native_thinking,13,5,7,centroid_nearest_squared,101.49331665039062,higher,101.49331665039062
Gemma4-E4B,native_thinking,13,5,7,fisher_nearest,0.08975396479354229,higher,0.08975396479354229
Gemma4-E4B,native_thinking,13,5,7,min_bhattacharyya,3.3081717491149902,higher,3.3081717491149902
Gemma4-E4B,native_thinking,13,5,7,mean_bhattacharyya,5.939297729068333,higher,5.939297729068333
Gemma4-E4B,native_thinking,13,5,7,nc2_class_cosine_deviation,0.4228347940945331,lower,-0.4228347940945331
Gemma4-E4B,native_thinking,13,6,7,logistic_precision,0.3333333333333333,higher,0.3333333333333333
Gemma4-E4B,native_thinking,13,6,7,logistic_recall,0.2857142857142857,higher,0.2857142857142857
Gemma4-E4B,native_thinking,13,6,7,logistic_f1,0.3076923076923077,higher,0.3076923076923077
Gemma4-E4B,native_thinking,13,6,7,ncc_recall,0.14285714285714285,higher,0.14285714285714285
Gemma4-E4B,native_thinking,13,6,7,silhouette_cosine,-0.17413970828056335,higher,-0.17413970828056335
Gemma4-E4B,native_thinking,13,6,7,within_trace,1120.715087890625,lower,-1120.715087890625
Gemma4-E4B,native_thinking,13,6,7,class_nc1_ratio,10.657122407436837,lower,-10.657122407436837
Gemma4-E4B,native_thinking,13,6,7,centroid_nearest_squared,101.49331665039062,higher,101.49331665039062
Gemma4-E4B,native_thinking,13,6,7,fisher_nearest,0.09056121198601705,higher,0.09056121198601705
Gemma4-E4B,native_thinking,13,6,7,min_bhattacharyya,3.2702550888061523,higher,3.2702550888061523
Gemma4-E4B,native_thinking,13,6,7,mean_bhattacharyya,6.088304426934984,higher,6.088304426934984
Gemma4-E4B,native_thinking,13,6,7,nc2_class_cosine_deviation,0.4880261542620483,lower,-0.4880261542620483
Gemma4-E4B,native_thinking,13,7,7,logistic_precision,0.0,higher,0.0
Gemma4-E4B,native_thinking,13,7,7,logistic_recall,0.0,higher,0.0
Gemma4-E4B,native_thinking,13,7,7,logistic_f1,0.0,higher,0.0
Gemma4-E4B,native_thinking,13,7,7,ncc_recall,0.0,higher,0.0
Gemma4-E4B,native_thinking,13,7,7,silhouette_cosine,-0.22454284131526947,higher,-0.22454284131526947
Gemma4-E4B,native_thinking,13,7,7,within_trace,1191.74951171875,lower,-1191.74951171875
Gemma4-E4B,native_thinking,13,7,7,class_nc1_ratio,12.264282930780269,lower,-12.264282930780269
Gemma4-E4B,native_thinking,13,7,7,centroid_nearest_squared,81.41349029541016,higher,81.41349029541016
Gemma4-E4B,native_thinking,13,7,7,fisher_nearest,0.06831426360560872,higher,0.06831426360560872
Gemma4-E4B,native_thinking,13,7,7,min_bhattacharyya,2.945486307144165,higher,2.945486307144165
Gemma4-E4B,native_thinking,13,7,7,mean_bhattacharyya,5.61532089445326,higher,5.61532089445326
Gemma4-E4B,native_thinking,13,7,7,nc2_class_cosine_deviation,0.4960123537867158,lower,-0.4960123537867158
Gemma4-E4B,native_thinking,13,8,7,logistic_precision,0.2,higher,0.2
Gemma4-E4B,native_thinking,13,8,7,logistic_recall,0.14285714285714285,higher,0.14285714285714285
Gemma4-E4B,native_thinking,13,8,7,logistic_f1,0.16666666666666666,higher,0.16666666666666666
Gemma4-E4B,native_thinking,13,8,7,ncc_recall,0.0,higher,0.0
Gemma4-E4B,native_thinking,13,8,7,silhouette_cosine,-0.20333145558834076,higher,-0.20333145558834076
Gemma4-E4B,native_thinking,13,8,7,within_trace,1122.888916015625,lower,-1122.888916015625
Gemma4-E4B,native_thinking,13,8,7,class_nc1_ratio,8.859754928845456,lower,-8.859754928845456
Gemma4-E4B,native_thinking,13,8,7,centroid_nearest_squared,81.41349029541016,higher,81.41349029541016
Gemma4-E4B,native_thinking,13,8,7,fisher_nearest,0.07250360132175113,higher,0.07250360132175113
Gemma4-E4B,native_thinking,13,8,7,min_bhattacharyya,2.945486307144165,higher,2.945486307144165
Gemma4-E4B,native_thinking,13,8,7,mean_bhattacharyya,6.305639584859212,higher,6.305639584859212
Gemma4-E4B,native_thinking,13,8,7,nc2_class_cosine_deviation,0.44214803532317837,lower,-0.44214803532317837
Gemma4-E4B,native_thinking,13,9,5,logistic_precision,0.25,higher,0.25
Gemma4-E4B,native_thinking,13,9,5,logistic_recall,0.4,higher,0.4
Gemma4-E4B,native_thinking,13,9,5,logistic_f1,0.3076923076923077,higher,0.3076923076923077
Gemma4-E4B,native_thinking,13,9,5,ncc_recall,0.4,higher,0.4
Gemma4-E4B,native_thinking,13,9,5,silhouette_cosine,-0.08679752051830292,higher,-0.08679752051830292
Gemma4-E4B,native_thinking,13,9,5,within_trace,961.79296875,lower,-961.79296875
Gemma4-E4B,native_thinking,13,9,5,class_nc1_ratio,3.1442128347868445,lower,-3.1442128347868445
Gemma4-E4B,native_thinking,13,9,5,centroid_nearest_squared,178.52670288085938,higher,178.52670288085938
Gemma4-E4B,native_thinking,13,9,5,fisher_nearest,0.18561864006230225,higher,0.18561864006230225
Gemma4-E4B,native_thinking,13,9,5,min_bhattacharyya,3.2736982107162476,higher,3.2736982107162476
Gemma4-E4B,native_thinking,13,9,5,mean_bhattacharyya,8.917275071144104,higher,8.917275071144104
Gemma4-E4B,native_thinking,13,9,5,nc2_class_cosine_deviation,0.43214099661067684,lower,-0.43214099661067684
Gemma4-E4B,native_thinking,13,10,3,logistic_precision,0.25,higher,0.25
Gemma4-E4B,native_thinking,13,10,3,logistic_recall,0.3333333333333333,higher,0.3333333333333333
Gemma4-E4B,native_thinking,13,10,3,logistic_f1,0.2857142857142857,higher,0.2857142857142857
Gemma4-E4B,native_thinking,13,10,3,ncc_recall,0.3333333333333333,higher,0.3333333333333333
Gemma4-E4B,native_thinking,13,10,3,silhouette_cosine,-0.26374658942222595,higher,-0.26374658942222595
Gemma4-E4B,native_thinking,13,10,3,within_trace,1152.6044921875,lower,-1152.6044921875
Gemma4-E4B,native_thinking,13,10,3,class_nc1_ratio,4.315094063442999,lower,-4.315094063442999
Gemma4-E4B,native_thinking,13,10,3,centroid_nearest_squared,181.53961181640625,higher,181.53961181640625
Gemma4-E4B,native_thinking,13,10,3,fisher_nearest,0.1575038211692778,higher,0.1575038211692778
Gemma4-E4B,native_thinking,13,10,3,min_bhattacharyya,4.121174097061157,higher,4.121174097061157
Gemma4-E4B,native_thinking,13,10,3,mean_bhattacharyya,7.3628402551015215,higher,7.3628402551015215
Gemma4-E4B,native_thinking,13,10,3,nc2_class_cosine_deviation,0.40416670912577785,lower,-0.40416670912577785
Gemma4-E4B,non_thinking,14,1,10,logistic_precision,1.0,higher,1.0
Gemma4-E4B,non_thinking,14,1,10,logistic_recall,1.0,higher,1.0
Gemma4-E4B,non_thinking,14,1,10,logistic_f1,1.0,higher,1.0
Gemma4-E4B,non_thinking,14,1,10,ncc_recall,1.0,higher,1.0
Gemma4-E4B,non_thinking,14,1,10,silhouette_cosine,0.8447612524032593,higher,0.8447612524032593
Gemma4-E4B,non_thinking,14,1,10,within_trace,697.090087890625,lower,-697.090087890625
Gemma4-E4B,non_thinking,14,1,10,class_nc1_ratio,0.14724146314333075,lower,-0.14724146314333075
Gemma4-E4B,non_thinking,14,1,10,centroid_nearest_squared,4131.6357421875,higher,4131.6357421875
Gemma4-E4B,non_thinking,14,1,10,fisher_nearest,5.926975313463018,higher,5.926975313463018
Gemma4-E4B,non_thinking,14,1,10,min_bhattacharyya,42.72014617919922,higher,42.72014617919922
Gemma4-E4B,non_thinking,14,1,10,mean_bhattacharyya,79.0056978861491,higher,79.0056978861491
Gemma4-E4B,non_thinking,14,1,10,nc2_class_cosine_deviation,0.5307700714947264,lower,-0.5307700714947264
Gemma4-E4B,non_thinking,14,2,10,logistic_precision,0.75,higher,0.75
Gemma4-E4B,non_thinking,14,2,10,logistic_recall,0.9,higher,0.9
Gemma4-E4B,non_thinking,14,2,10,logistic_f1,0.8181818181818182,higher,0.8181818181818182
Gemma4-E4B,non_thinking,14,2,10,ncc_recall,0.8,higher,0.8
Gemma4-E4B,non_thinking,14,2,10,silhouette_cosine,-0.12099272012710571,higher,-0.12099272012710571
Gemma4-E4B,non_thinking,14,2,10,within_trace,1766.89990234375,lower,-1766.89990234375
Gemma4-E4B,non_thinking,14,2,10,class_nc1_ratio,2.8673483325499936,lower,-2.8673483325499936
Gemma4-E4B,non_thinking,14,2,10,centroid_nearest_squared,408.47601318359375,higher,408.47601318359375
Gemma4-E4B,non_thinking,14,2,10,fisher_nearest,0.23118231691662905,higher,0.23118231691662905
Gemma4-E4B,non_thinking,14,2,10,min_bhattacharyya,4.001524925231934,higher,4.001524925231934
Gemma4-E4B,non_thinking,14,2,10,mean_bhattacharyya,13.384972466362846,higher,13.384972466362846
Gemma4-E4B,non_thinking,14,2,10,nc2_class_cosine_deviation,0.5089835221016847,lower,-0.5089835221016847
Gemma4-E4B,non_thinking,14,3,10,logistic_precision,0.3,higher,0.3
Gemma4-E4B,non_thinking,14,3,10,logistic_recall,0.3,higher,0.3
Gemma4-E4B,non_thinking,14,3,10,logistic_f1,0.3,higher,0.3
Gemma4-E4B,non_thinking,14,3,10,ncc_recall,0.4,higher,0.4
Gemma4-E4B,non_thinking,14,3,10,silhouette_cosine,-0.13252317905426025,higher,-0.13252317905426025
Gemma4-E4B,non_thinking,14,3,10,within_trace,1645.5977783203125,lower,-1645.5977783203125
Gemma4-E4B,non_thinking,14,3,10,class_nc1_ratio,8.830745462896633,lower,-8.830745462896633
Gemma4-E4B,non_thinking,14,3,10,centroid_nearest_squared,150.14456176757812,higher,150.14456176757812
Gemma4-E4B,non_thinking,14,3,10,fisher_nearest,0.09124013397783816,higher,0.09124013397783816
Gemma4-E4B,non_thinking,14,3,10,min_bhattacharyya,2.4558088779449463,higher,2.4558088779449463
Gemma4-E4B,non_thinking,14,3,10,mean_bhattacharyya,11.012024879455566,higher,11.012024879455566
Gemma4-E4B,non_thinking,14,3,10,nc2_class_cosine_deviation,0.2615627415282767,lower,-0.2615627415282767
Gemma4-E4B,non_thinking,14,4,10,logistic_precision,0.4,higher,0.4
Gemma4-E4B,non_thinking,14,4,10,logistic_recall,0.6,higher,0.6
Gemma4-E4B,non_thinking,14,4,10,logistic_f1,0.48,higher,0.48
Gemma4-E4B,non_thinking,14,4,10,ncc_recall,0.2,higher,0.2
Gemma4-E4B,non_thinking,14,4,10,silhouette_cosine,-0.2726808786392212,higher,-0.2726808786392212
Gemma4-E4B,non_thinking,14,4,10,within_trace,1648.731201171875,lower,-1648.731201171875
Gemma4-E4B,non_thinking,14,4,10,class_nc1_ratio,21.02379561650077,lower,-21.02379561650077
Gemma4-E4B,non_thinking,14,4,10,centroid_nearest_squared,150.14456176757812,higher,150.14456176757812
Gemma4-E4B,non_thinking,14,4,10,fisher_nearest,0.09106673159388219,higher,0.09106673159388219
Gemma4-E4B,non_thinking,14,4,10,min_bhattacharyya,2.4558088779449463,higher,2.4558088779449463
Gemma4-E4B,non_thinking,14,4,10,mean_bhattacharyya,9.084940936830309,higher,9.084940936830309
Gemma4-E4B,non_thinking,14,4,10,nc2_class_cosine_deviation,0.18324593988097745,lower,-0.18324593988097745
Gemma4-E4B,non_thinking,14,5,10,logistic_precision,0.2222222222222222,higher,0.2222222222222222
Gemma4-E4B,non_thinking,14,5,10,logistic_recall,0.2,higher,0.2
Gemma4-E4B,non_thinking,14,5,10,logistic_f1,0.21052631578947367,higher,0.21052631578947367
Gemma4-E4B,non_thinking,14,5,10,ncc_recall,0.1,higher,0.1
Gemma4-E4B,non_thinking,14,5,10,silhouette_cosine,-0.17191341519355774,higher,-0.17191341519355774
Gemma4-E4B,non_thinking,14,5,10,within_trace,1292.171630859375,lower,-1292.171630859375
Gemma4-E4B,non_thinking,14,5,10,class_nc1_ratio,8.743452069440183,lower,-8.743452069440183
Gemma4-E4B,non_thinking,14,5,10,centroid_nearest_squared,106.44477081298828,higher,106.44477081298828
Gemma4-E4B,non_thinking,14,5,10,fisher_nearest,0.0823766504935539,higher,0.0823766504935539
Gemma4-E4B,non_thinking,14,5,10,min_bhattacharyya,2.6471750736236572,higher,2.6471750736236572
Gemma4-E4B,non_thinking,14,5,10,mean_bhattacharyya,12.575614485475752,higher,12.575614485475752
Gemma4-E4B,non_thinking,14,5,10,nc2_class_cosine_deviation,0.5825791331065565,lower,-0.5825791331065565
Gemma4-E4B,non_thinking,14,6,10,logistic_precision,0.25,higher,0.25
Gemma4-E4B,non_thinking,14,6,10,logistic_recall,0.3,higher,0.3
Gemma4-E4B,non_thinking,14,6,10,logistic_f1,0.2727272727272727,higher,0.2727272727272727
Gemma4-E4B,non_thinking,14,6,10,ncc_recall,0.3,higher,0.3
Gemma4-E4B,non_thinking,14,6,10,silhouette_cosine,-0.17990264296531677,higher,-0.17990264296531677
Gemma4-E4B,non_thinking,14,6,10,within_trace,1161.177978515625,lower,-1161.177978515625
Gemma4-E4B,non_thinking,14,6,10,class_nc1_ratio,7.341158197452921,lower,-7.341158197452921
Gemma4-E4B,non_thinking,14,6,10,centroid_nearest_squared,92.75117492675781,higher,92.75117492675781
Gemma4-E4B,non_thinking,14,6,10,fisher_nearest,0.07987679463687809,higher,0.07987679463687809
Gemma4-E4B,non_thinking,14,6,10,min_bhattacharyya,1.911348581314087,higher,1.911348581314087
Gemma4-E4B,non_thinking,14,6,10,mean_bhattacharyya,11.941076503859627,higher,11.941076503859627
Gemma4-E4B,non_thinking,14,6,10,nc2_class_cosine_deviation,0.6125125789347989,lower,-0.6125125789347989
Gemma4-E4B,non_thinking,14,7,10,logistic_precision,0.18181818181818182,higher,0.18181818181818182
Gemma4-E4B,non_thinking,14,7,10,logistic_recall,0.2,higher,0.2
Gemma4-E4B,non_thinking,14,7,10,logistic_f1,0.19047619047619047,higher,0.19047619047619047
Gemma4-E4B,non_thinking,14,7,10,ncc_recall,0.3,higher,0.3
Gemma4-E4B,non_thinking,14,7,10,silhouette_cosine,-0.10209763050079346,higher,-0.10209763050079346
Gemma4-E4B,non_thinking,14,7,10,within_trace,1040.0107421875,lower,-1040.0107421875
Gemma4-E4B,non_thinking,14,7,10,class_nc1_ratio,4.071594935003051,lower,-4.071594935003051
Gemma4-E4B,non_thinking,14,7,10,centroid_nearest_squared,92.75117492675781,higher,92.75117492675781
Gemma4-E4B,non_thinking,14,7,10,fisher_nearest,0.08918290087241812,higher,0.08918290087241812
Gemma4-E4B,non_thinking,14,7,10,min_bhattacharyya,1.911348581314087,higher,1.911348581314087
Gemma4-E4B,non_thinking,14,7,10,mean_bhattacharyya,14.052905162175497,higher,14.052905162175497
Gemma4-E4B,non_thinking,14,7,10,nc2_class_cosine_deviation,0.6221998536292417,lower,-0.6221998536292417
Gemma4-E4B,non_thinking,14,8,10,logistic_precision,0.09090909090909091,higher,0.09090909090909091
Gemma4-E4B,non_thinking,14,8,10,logistic_recall,0.1,higher,0.1
Gemma4-E4B,non_thinking,14,8,10,logistic_f1,0.09523809523809523,higher,0.09523809523809523
Gemma4-E4B,non_thinking,14,8,10,ncc_recall,0.0,higher,0.0
Gemma4-E4B,non_thinking,14,8,10,silhouette_cosine,-0.1254010647535324,higher,-0.1254010647535324
Gemma4-E4B,non_thinking,14,8,10,within_trace,902.0087890625,lower,-902.0087890625
Gemma4-E4B,non_thinking,14,8,10,class_nc1_ratio,3.5312451554215896,lower,-3.5312451554215896
Gemma4-E4B,non_thinking,14,8,10,centroid_nearest_squared,78.7620849609375,higher,78.7620849609375
Gemma4-E4B,non_thinking,14,8,10,fisher_nearest,0.08731853382803356,higher,0.08731853382803356
Gemma4-E4B,non_thinking,14,8,10,min_bhattacharyya,1.8383772373199463,higher,1.8383772373199463
Gemma4-E4B,non_thinking,14,8,10,mean_bhattacharyya,15.36784040927887,higher,15.36784040927887
Gemma4-E4B,non_thinking,14,8,10,nc2_class_cosine_deviation,0.6382713480680078,lower,-0.6382713480680078
Gemma4-E4B,non_thinking,14,9,10,logistic_precision,0.6666666666666666,higher,0.6666666666666666
Gemma4-E4B,non_thinking,14,9,10,logistic_recall,0.4,higher,0.4
Gemma4-E4B,non_thinking,14,9,10,logistic_f1,0.5,higher,0.5
Gemma4-E4B,non_thinking,14,9,10,ncc_recall,0.3,higher,0.3
Gemma4-E4B,non_thinking,14,9,10,silhouette_cosine,-0.15317226946353912,higher,-0.15317226946353912
Gemma4-E4B,non_thinking,14,9,10,within_trace,939.598388671875,lower,-939.598388671875
Gemma4-E4B,non_thinking,14,9,10,class_nc1_ratio,3.2959599084794813,lower,-3.2959599084794813
Gemma4-E4B,non_thinking,14,9,10,centroid_nearest_squared,53.514129638671875,higher,53.514129638671875
Gemma4-E4B,non_thinking,14,9,10,fisher_nearest,0.05695425863204624,higher,0.05695425863204624
Gemma4-E4B,non_thinking,14,9,10,min_bhattacharyya,1.8383772373199463,higher,1.8383772373199463
Gemma4-E4B,non_thinking,14,9,10,mean_bhattacharyya,14.17191254430347,higher,14.17191254430347
Gemma4-E4B,non_thinking,14,9,10,nc2_class_cosine_deviation,0.6592141428479442,lower,-0.6592141428479442
Gemma4-E4B,non_thinking,14,10,10,logistic_precision,0.75,higher,0.75
Gemma4-E4B,non_thinking,14,10,10,logistic_recall,0.3,higher,0.3
Gemma4-E4B,non_thinking,14,10,10,logistic_f1,0.42857142857142855,higher,0.42857142857142855
Gemma4-E4B,non_thinking,14,10,10,ncc_recall,0.6,higher,0.6
Gemma4-E4B,non_thinking,14,10,10,silhouette_cosine,-0.023797357454895973,higher,-0.023797357454895973
Gemma4-E4B,non_thinking,14,10,10,within_trace,810.6063232421875,lower,-810.6063232421875
Gemma4-E4B,non_thinking,14,10,10,class_nc1_ratio,2.2957446784511357,lower,-2.2957446784511357
Gemma4-E4B,non_thinking,14,10,10,centroid_nearest_squared,53.514129638671875,higher,53.514129638671875
Gemma4-E4B,non_thinking,14,10,10,fisher_nearest,0.06601740956649715,higher,0.06601740956649715
Gemma4-E4B,non_thinking,14,10,10,min_bhattacharyya,1.936950445175171,higher,1.936950445175171
Gemma4-E4B,non_thinking,14,10,10,mean_bhattacharyya,17.55424846543206,higher,17.55424846543206
Gemma4-E4B,non_thinking,14,10,10,nc2_class_cosine_deviation,0.65572931194379,lower,-0.65572931194379
Gemma4-E4B,native_thinking,14,1,10,logistic_precision,0.875,higher,0.875
Gemma4-E4B,native_thinking,14,1,10,logistic_recall,0.7,higher,0.7
Gemma4-E4B,native_thinking,14,1,10,logistic_f1,0.7777777777777778,higher,0.7777777777777778
Gemma4-E4B,native_thinking,14,1,10,ncc_recall,0.6,higher,0.6
Gemma4-E4B,native_thinking,14,1,10,silhouette_cosine,0.06100787594914436,higher,0.06100787594914436
Gemma4-E4B,native_thinking,14,1,10,within_trace,1934.157470703125,lower,-1934.157470703125
Gemma4-E4B,native_thinking,14,1,10,class_nc1_ratio,2.1848123893696787,lower,-2.1848123893696787
Gemma4-E4B,native_thinking,14,1,10,centroid_nearest_squared,1285.929931640625,higher,1285.929931640625
Gemma4-E4B,native_thinking,14,1,10,fisher_nearest,0.6648527594669685,higher,0.6648527594669685
Gemma4-E4B,native_thinking,14,1,10,min_bhattacharyya,6.513607740402222,higher,6.513607740402222
Gemma4-E4B,native_thinking,14,1,10,mean_bhattacharyya,10.726576248804728,higher,10.726576248804728
Gemma4-E4B,native_thinking,14,1,10,nc2_class_cosine_deviation,0.3071087224431979,lower,-0.3071087224431979
Gemma4-E4B,native_thinking,14,2,7,logistic_precision,0.625,higher,0.625
Gemma4-E4B,native_thinking,14,2,7,logistic_recall,0.7142857142857143,higher,0.7142857142857143
Gemma4-E4B,native_thinking,14,2,7,logistic_f1,0.6666666666666666,higher,0.6666666666666666
Gemma4-E4B,native_thinking,14,2,7,ncc_recall,0.7142857142857143,higher,0.7142857142857143
Gemma4-E4B,native_thinking,14,2,7,silhouette_cosine,0.08636079728603363,higher,0.08636079728603363
Gemma4-E4B,native_thinking,14,2,7,within_trace,1124.64794921875,lower,-1124.64794921875
Gemma4-E4B,native_thinking,14,2,7,class_nc1_ratio,1.9860970995496225,lower,-1.9860970995496225
Gemma4-E4B,native_thinking,14,2,7,centroid_nearest_squared,495.73712158203125,higher,495.73712158203125
Gemma4-E4B,native_thinking,14,2,7,fisher_nearest,0.44079315836249106,higher,0.44079315836249106
Gemma4-E4B,native_thinking,14,2,7,min_bhattacharyya,9.208775520324707,higher,9.208775520324707
Gemma4-E4B,native_thinking,14,2,7,mean_bhattacharyya,14.210021548800999,higher,14.210021548800999
Gemma4-E4B,native_thinking,14,2,7,nc2_class_cosine_deviation,0.3842033854237309,lower,-0.3842033854237309
Gemma4-E4B,native_thinking,14,3,7,logistic_precision,0.8333333333333334,higher,0.8333333333333334
Gemma4-E4B,native_thinking,14,3,7,logistic_recall,0.7142857142857143,higher,0.7142857142857143
Gemma4-E4B,native_thinking,14,3,7,logistic_f1,0.7692307692307693,higher,0.7692307692307693
Gemma4-E4B,native_thinking,14,3,7,ncc_recall,0.7142857142857143,higher,0.7142857142857143
Gemma4-E4B,native_thinking,14,3,7,silhouette_cosine,-0.00018004115554504097,higher,-0.00018004115554504097
Gemma4-E4B,native_thinking,14,3,7,within_trace,1109.40576171875,lower,-1109.40576171875
Gemma4-E4B,native_thinking,14,3,7,class_nc1_ratio,3.4427080287076874,lower,-3.4427080287076874
Gemma4-E4B,native_thinking,14,3,7,centroid_nearest_squared,292.93310546875,higher,292.93310546875
Gemma4-E4B,native_thinking,14,3,7,fisher_nearest,0.26404505508870135,higher,0.26404505508870135
Gemma4-E4B,native_thinking,14,3,7,min_bhattacharyya,6.064740180969238,higher,6.064740180969238
Gemma4-E4B,native_thinking,14,3,7,mean_bhattacharyya,10.668575763702393,higher,10.668575763702393
Gemma4-E4B,native_thinking,14,3,7,nc2_class_cosine_deviation,0.3051902128866425,lower,-0.3051902128866425
Gemma4-E4B,native_thinking,14,4,7,logistic_precision,0.3333333333333333,higher,0.3333333333333333
Gemma4-E4B,native_thinking,14,4,7,logistic_recall,0.5714285714285714,higher,0.5714285714285714
Gemma4-E4B,native_thinking,14,4,7,logistic_f1,0.42105263157894735,higher,0.42105263157894735
Gemma4-E4B,native_thinking,14,4,7,ncc_recall,0.5714285714285714,higher,0.5714285714285714
Gemma4-E4B,native_thinking,14,4,7,silhouette_cosine,-0.11316268146038055,higher,-0.11316268146038055
Gemma4-E4B,native_thinking,14,4,7,within_trace,1261.296630859375,lower,-1261.296630859375
Gemma4-E4B,native_thinking,14,4,7,class_nc1_ratio,7.015622137397425,lower,-7.015622137397425
Gemma4-E4B,native_thinking,14,4,7,centroid_nearest_squared,286.5979919433594,higher,286.5979919433594
Gemma4-E4B,native_thinking,14,4,7,fisher_nearest,0.22722489296438378,higher,0.22722489296438378
Gemma4-E4B,native_thinking,14,4,7,min_bhattacharyya,4.311774730682373,higher,4.311774730682373
Gemma4-E4B,native_thinking,14,4,7,mean_bhattacharyya,8.023668554094103,higher,8.023668554094103
Gemma4-E4B,native_thinking,14,4,7,nc2_class_cosine_deviation,0.1949942680420699,lower,-0.1949942680420699
Gemma4-E4B,native_thinking,14,5,7,logistic_precision,0.625,higher,0.625
Gemma4-E4B,native_thinking,14,5,7,logistic_recall,0.7142857142857143,higher,0.7142857142857143
Gemma4-E4B,native_thinking,14,5,7,logistic_f1,0.6666666666666666,higher,0.6666666666666666
Gemma4-E4B,native_thinking,14,5,7,ncc_recall,0.42857142857142855,higher,0.42857142857142855
Gemma4-E4B,native_thinking,14,5,7,silhouette_cosine,-0.14634688198566437,higher,-0.14634688198566437
Gemma4-E4B,native_thinking,14,5,7,within_trace,1108.4783935546875,lower,-1108.4783935546875
Gemma4-E4B,native_thinking,14,5,7,class_nc1_ratio,7.212125442236891,lower,-7.212125442236891
Gemma4-E4B,native_thinking,14,5,7,centroid_nearest_squared,125.30450439453125,higher,125.30450439453125
Gemma4-E4B,native_thinking,14,5,7,fisher_nearest,0.11304190061179507,higher,0.11304190061179507
Gemma4-E4B,native_thinking,14,5,7,min_bhattacharyya,3.561988115310669,higher,3.561988115310669
Gemma4-E4B,native_thinking,14,5,7,mean_bhattacharyya,6.761073350906372,higher,6.761073350906372
Gemma4-E4B,native_thinking,14,5,7,nc2_class_cosine_deviation,0.3597099035518405,lower,-0.3597099035518405
Gemma4-E4B,native_thinking,14,6,7,logistic_precision,0.3333333333333333,higher,0.3333333333333333
Gemma4-E4B,native_thinking,14,6,7,logistic_recall,0.14285714285714285,higher,0.14285714285714285
Gemma4-E4B,native_thinking,14,6,7,logistic_f1,0.2,higher,0.2
Gemma4-E4B,native_thinking,14,6,7,ncc_recall,0.14285714285714285,higher,0.14285714285714285
Gemma4-E4B,native_thinking,14,6,7,silhouette_cosine,-0.19397209584712982,higher,-0.19397209584712982
Gemma4-E4B,native_thinking,14,6,7,within_trace,1132.23291015625,lower,-1132.23291015625
Gemma4-E4B,native_thinking,14,6,7,class_nc1_ratio,8.684686712458696,lower,-8.684686712458696
Gemma4-E4B,native_thinking,14,6,7,centroid_nearest_squared,125.30450439453125,higher,125.30450439453125
Gemma4-E4B,native_thinking,14,6,7,fisher_nearest,0.11067025456559024,higher,0.11067025456559024
Gemma4-E4B,native_thinking,14,6,7,min_bhattacharyya,3.561988115310669,higher,3.561988115310669
Gemma4-E4B,native_thinking,14,6,7,mean_bhattacharyya,6.812774909867181,higher,6.812774909867181
Gemma4-E4B,native_thinking,14,6,7,nc2_class_cosine_deviation,0.4347769524212237,lower,-0.4347769524212237
Gemma4-E4B,native_thinking,14,7,7,logistic_precision,0.4,higher,0.4
Gemma4-E4B,native_thinking,14,7,7,logistic_recall,0.2857142857142857,higher,0.2857142857142857
Gemma4-E4B,native_thinking,14,7,7,logistic_f1,0.3333333333333333,higher,0.3333333333333333
Gemma4-E4B,native_thinking,14,7,7,ncc_recall,0.0,higher,0.0
Gemma4-E4B,native_thinking,14,7,7,silhouette_cosine,-0.24622169137001038,higher,-0.24622169137001038
Gemma4-E4B,native_thinking,14,7,7,within_trace,1229.6356201171875,lower,-1229.6356201171875
Gemma4-E4B,native_thinking,14,7,7,class_nc1_ratio,10.959838276678166,lower,-10.959838276678166
Gemma4-E4B,native_thinking,14,7,7,centroid_nearest_squared,99.126220703125,higher,99.126220703125
Gemma4-E4B,native_thinking,14,7,7,fisher_nearest,0.0806143048244471,higher,0.0806143048244471
Gemma4-E4B,native_thinking,14,7,7,min_bhattacharyya,3.172091245651245,higher,3.172091245651245
Gemma4-E4B,native_thinking,14,7,7,mean_bhattacharyya,5.807531476020813,higher,5.807531476020813
Gemma4-E4B,native_thinking,14,7,7,nc2_class_cosine_deviation,0.4510835158052269,lower,-0.4510835158052269
Gemma4-E4B,native_thinking,14,8,7,logistic_precision,0.5,higher,0.5
Gemma4-E4B,native_thinking,14,8,7,logistic_recall,0.14285714285714285,higher,0.14285714285714285
Gemma4-E4B,native_thinking,14,8,7,logistic_f1,0.2222222222222222,higher,0.2222222222222222
Gemma4-E4B,native_thinking,14,8,7,ncc_recall,0.0,higher,0.0
Gemma4-E4B,native_thinking,14,8,7,silhouette_cosine,-0.20377901196479797,higher,-0.20377901196479797
Gemma4-E4B,native_thinking,14,8,7,within_trace,1089.964111328125,lower,-1089.964111328125
Gemma4-E4B,native_thinking,14,8,7,class_nc1_ratio,6.5005160791415,lower,-6.5005160791415
Gemma4-E4B,native_thinking,14,8,7,centroid_nearest_squared,99.126220703125,higher,99.126220703125
Gemma4-E4B,native_thinking,14,8,7,fisher_nearest,0.09094448126584587,higher,0.09094448126584587
Gemma4-E4B,native_thinking,14,8,7,min_bhattacharyya,3.172091245651245,higher,3.172091245651245
Gemma4-E4B,native_thinking,14,8,7,mean_bhattacharyya,6.996588296360439,higher,6.996588296360439
Gemma4-E4B,native_thinking,14,8,7,nc2_class_cosine_deviation,0.4529111506762329,lower,-0.4529111506762329
Gemma4-E4B,native_thinking,14,9,5,logistic_precision,0.4,higher,0.4
Gemma4-E4B,native_thinking,14,9,5,logistic_recall,0.8,higher,0.8
Gemma4-E4B,native_thinking,14,9,5,logistic_f1,0.5333333333333333,higher,0.5333333333333333
Gemma4-E4B,native_thinking,14,9,5,ncc_recall,0.8,higher,0.8
Gemma4-E4B,native_thinking,14,9,5,silhouette_cosine,-0.12968048453330994,higher,-0.12968048453330994
Gemma4-E4B,native_thinking,14,9,5,within_trace,1070.805908203125,lower,-1070.805908203125
Gemma4-E4B,native_thinking,14,9,5,class_nc1_ratio,3.0523693410961497,lower,-3.0523693410961497
Gemma4-E4B,native_thinking,14,9,5,centroid_nearest_squared,207.01220703125,higher,207.01220703125
Gemma4-E4B,native_thinking,14,9,5,fisher_nearest,0.1933237437759646,higher,0.1933237437759646
Gemma4-E4B,native_thinking,14,9,5,min_bhattacharyya,3.2618714570999146,higher,3.2618714570999146
Gemma4-E4B,native_thinking,14,9,5,mean_bhattacharyya,9.835241993268331,higher,9.835241993268331
Gemma4-E4B,native_thinking,14,9,5,nc2_class_cosine_deviation,0.4547260675901248,lower,-0.4547260675901248
Gemma4-E4B,native_thinking,14,10,3,logistic_precision,0.4,higher,0.4
Gemma4-E4B,native_thinking,14,10,3,logistic_recall,0.6666666666666666,higher,0.6666666666666666
Gemma4-E4B,native_thinking,14,10,3,logistic_f1,0.5,higher,0.5
Gemma4-E4B,native_thinking,14,10,3,ncc_recall,0.3333333333333333,higher,0.3333333333333333
Gemma4-E4B,native_thinking,14,10,3,silhouette_cosine,-0.22591930627822876,higher,-0.22591930627822876
Gemma4-E4B,native_thinking,14,10,3,within_trace,1135.974365234375,lower,-1135.974365234375
Gemma4-E4B,native_thinking,14,10,3,class_nc1_ratio,3.1679828150704035,lower,-3.1679828150704035
Gemma4-E4B,native_thinking,14,10,3,centroid_nearest_squared,233.03140258789062,higher,233.03140258789062
Gemma4-E4B,native_thinking,14,10,3,fisher_nearest,0.20513790602995818,higher,0.20513790602995818
Gemma4-E4B,native_thinking,14,10,3,min_bhattacharyya,4.4755859375,higher,4.4755859375
Gemma4-E4B,native_thinking,14,10,3,mean_bhattacharyya,9.008499410417345,higher,9.008499410417345
Gemma4-E4B,native_thinking,14,10,3,nc2_class_cosine_deviation,0.45507275800646085,lower,-0.45507275800646085
Gemma4-E4B,non_thinking,15,1,10,logistic_precision,1.0,higher,1.0
Gemma4-E4B,non_thinking,15,1,10,logistic_recall,1.0,higher,1.0
Gemma4-E4B,non_thinking,15,1,10,logistic_f1,1.0,higher,1.0
Gemma4-E4B,non_thinking,15,1,10,ncc_recall,1.0,higher,1.0
Gemma4-E4B,non_thinking,15,1,10,silhouette_cosine,0.8401627540588379,higher,0.8401627540588379
Gemma4-E4B,non_thinking,15,1,10,within_trace,696.356201171875,lower,-696.356201171875
Gemma4-E4B,non_thinking,15,1,10,class_nc1_ratio,0.15508570364905133,lower,-0.15508570364905133
Gemma4-E4B,non_thinking,15,1,10,centroid_nearest_squared,4336.09521484375,higher,4336.09521484375
Gemma4-E4B,non_thinking,15,1,10,fisher_nearest,6.22683507025094,higher,6.22683507025094
Gemma4-E4B,non_thinking,15,1,10,min_bhattacharyya,42.106475830078125,higher,42.106475830078125
Gemma4-E4B,non_thinking,15,1,10,mean_bhattacharyya,80.25693003336589,higher,80.25693003336589
Gemma4-E4B,non_thinking,15,1,10,nc2_class_cosine_deviation,0.505131893503813,lower,-0.505131893503813
Gemma4-E4B,non_thinking,15,2,10,logistic_precision,0.8181818181818182,higher,0.8181818181818182
Gemma4-E4B,non_thinking,15,2,10,logistic_recall,0.9,higher,0.9
Gemma4-E4B,non_thinking,15,2,10,logistic_f1,0.8571428571428571,higher,0.8571428571428571
Gemma4-E4B,non_thinking,15,2,10,ncc_recall,1.0,higher,1.0
Gemma4-E4B,non_thinking,15,2,10,silhouette_cosine,-0.05187603831291199,higher,-0.05187603831291199
Gemma4-E4B,non_thinking,15,2,10,within_trace,1595.464111328125,lower,-1595.464111328125
Gemma4-E4B,non_thinking,15,2,10,class_nc1_ratio,2.3370205003510294,lower,-2.3370205003510294
Gemma4-E4B,non_thinking,15,2,10,centroid_nearest_squared,457.212158203125,higher,457.212158203125
Gemma4-E4B,non_thinking,15,2,10,fisher_nearest,0.2865700049012849,higher,0.2865700049012849
Gemma4-E4B,non_thinking,15,2,10,min_bhattacharyya,5.059613227844238,higher,5.059613227844238
Gemma4-E4B,non_thinking,15,2,10,mean_bhattacharyya,15.278051164415148,higher,15.278051164415148
Gemma4-E4B,non_thinking,15,2,10,nc2_class_cosine_deviation,0.4607838883444114,lower,-0.4607838883444114
Gemma4-E4B,non_thinking,15,3,10,logistic_precision,0.5833333333333334,higher,0.5833333333333334
Gemma4-E4B,non_thinking,15,3,10,logistic_recall,0.7,higher,0.7
Gemma4-E4B,non_thinking,15,3,10,logistic_f1,0.6363636363636364,higher,0.6363636363636364
Gemma4-E4B,non_thinking,15,3,10,ncc_recall,0.5,higher,0.5
Gemma4-E4B,non_thinking,15,3,10,silhouette_cosine,-0.1214478388428688,higher,-0.1214478388428688
Gemma4-E4B,non_thinking,15,3,10,within_trace,1512.3807373046875,lower,-1512.3807373046875
Gemma4-E4B,non_thinking,15,3,10,class_nc1_ratio,7.4543882788929,lower,-7.4543882788929
Gemma4-E4B,non_thinking,15,3,10,centroid_nearest_squared,143.05770874023438,higher,143.05770874023438
Gemma4-E4B,non_thinking,15,3,10,fisher_nearest,0.09459106771961859,higher,0.09459106771961859
Gemma4-E4B,non_thinking,15,3,10,min_bhattacharyya,2.726368546485901,higher,2.726368546485901
Gemma4-E4B,non_thinking,15,3,10,mean_bhattacharyya,11.700105892287361,higher,11.700105892287361
Gemma4-E4B,non_thinking,15,3,10,nc2_class_cosine_deviation,0.27143636468889903,lower,-0.27143636468889903
Gemma4-E4B,non_thinking,15,4,10,logistic_precision,0.2727272727272727,higher,0.2727272727272727
Gemma4-E4B,non_thinking,15,4,10,logistic_recall,0.3,higher,0.3
Gemma4-E4B,non_thinking,15,4,10,logistic_f1,0.2857142857142857,higher,0.2857142857142857
Gemma4-E4B,non_thinking,15,4,10,ncc_recall,0.2,higher,0.2
Gemma4-E4B,non_thinking,15,4,10,silhouette_cosine,-0.24950799345970154,higher,-0.24950799345970154
Gemma4-E4B,non_thinking,15,4,10,within_trace,1642.050537109375,lower,-1642.050537109375
Gemma4-E4B,non_thinking,15,4,10,class_nc1_ratio,17.711446177483058,lower,-17.711446177483058
Gemma4-E4B,non_thinking,15,4,10,centroid_nearest_squared,143.05770874023438,higher,143.05770874023438
Gemma4-E4B,non_thinking,15,4,10,fisher_nearest,0.08712137994977281,higher,0.08712137994977281
Gemma4-E4B,non_thinking,15,4,10,min_bhattacharyya,2.726368546485901,higher,2.726368546485901
Gemma4-E4B,non_thinking,15,4,10,mean_bhattacharyya,9.74611853228675,higher,9.74611853228675
Gemma4-E4B,non_thinking,15,4,10,nc2_class_cosine_deviation,0.20327463989824426,lower,-0.20327463989824426
Gemma4-E4B,non_thinking,15,5,10,logistic_precision,0.2857142857142857,higher,0.2857142857142857
Gemma4-E4B,non_thinking,15,5,10,logistic_recall,0.2,higher,0.2
Gemma4-E4B,non_thinking,15,5,10,logistic_f1,0.23529411764705882,higher,0.23529411764705882
Gemma4-E4B,non_thinking,15,5,10,ncc_recall,0.2,higher,0.2
Gemma4-E4B,non_thinking,15,5,10,silhouette_cosine,-0.16661958396434784,higher,-0.16661958396434784
Gemma4-E4B,non_thinking,15,5,10,within_trace,1177.45751953125,lower,-1177.45751953125
Gemma4-E4B,non_thinking,15,5,10,class_nc1_ratio,8.778902485857714,lower,-8.778902485857714
Gemma4-E4B,non_thinking,15,5,10,centroid_nearest_squared,96.56219482421875,higher,96.56219482421875
Gemma4-E4B,non_thinking,15,5,10,fisher_nearest,0.08200906888144933,higher,0.08200906888144933
Gemma4-E4B,non_thinking,15,5,10,min_bhattacharyya,2.7164387702941895,higher,2.7164387702941895
Gemma4-E4B,non_thinking,15,5,10,mean_bhattacharyya,12.65038976404402,higher,12.65038976404402
Gemma4-E4B,non_thinking,15,5,10,nc2_class_cosine_deviation,0.5523520234719287,lower,-0.5523520234719287
Gemma4-E4B,non_thinking,15,6,10,logistic_precision,0.16666666666666666,higher,0.16666666666666666
Gemma4-E4B,non_thinking,15,6,10,logistic_recall,0.4,higher,0.4
Gemma4-E4B,non_thinking,15,6,10,logistic_f1,0.23529411764705882,higher,0.23529411764705882
Gemma4-E4B,non_thinking,15,6,10,ncc_recall,0.3,higher,0.3
Gemma4-E4B,non_thinking,15,6,10,silhouette_cosine,-0.17504844069480896,higher,-0.17504844069480896
Gemma4-E4B,non_thinking,15,6,10,within_trace,1152.98388671875,lower,-1152.98388671875
Gemma4-E4B,non_thinking,15,6,10,class_nc1_ratio,7.743650484737172,lower,-7.743650484737172
Gemma4-E4B,non_thinking,15,6,10,centroid_nearest_squared,91.94965362548828,higher,91.94965362548828
Gemma4-E4B,non_thinking,15,6,10,fisher_nearest,0.07974929631251453,higher,0.07974929631251453
Gemma4-E4B,non_thinking,15,6,10,min_bhattacharyya,2.2882355451583862,higher,2.2882355451583862
Gemma4-E4B,non_thinking,15,6,10,mean_bhattacharyya,12.473061561584473,higher,12.473061561584473
Gemma4-E4B,non_thinking,15,6,10,nc2_class_cosine_deviation,0.6019831638737225,lower,-0.6019831638737225
Gemma4-E4B,non_thinking,15,7,10,logistic_precision,0.1,higher,0.1
Gemma4-E4B,non_thinking,15,7,10,logistic_recall,0.1,higher,0.1
Gemma4-E4B,non_thinking,15,7,10,logistic_f1,0.1,higher,0.1
Gemma4-E4B,non_thinking,15,7,10,ncc_recall,0.2,higher,0.2
Gemma4-E4B,non_thinking,15,7,10,silhouette_cosine,-0.07637518644332886,higher,-0.07637518644332886
Gemma4-E4B,non_thinking,15,7,10,within_trace,956.669189453125,lower,-956.669189453125
Gemma4-E4B,non_thinking,15,7,10,class_nc1_ratio,3.854599201711484,lower,-3.854599201711484
Gemma4-E4B,non_thinking,15,7,10,centroid_nearest_squared,91.94965362548828,higher,91.94965362548828
Gemma4-E4B,non_thinking,15,7,10,fisher_nearest,0.0961143670551895,higher,0.0961143670551895
Gemma4-E4B,non_thinking,15,7,10,min_bhattacharyya,2.118660867214203,higher,2.118660867214203
Gemma4-E4B,non_thinking,15,7,10,mean_bhattacharyya,15.68080747127533,higher,15.68080747127533
Gemma4-E4B,non_thinking,15,7,10,nc2_class_cosine_deviation,0.611187957779125,lower,-0.611187957779125
Gemma4-E4B,non_thinking,15,8,10,logistic_precision,0.5,higher,0.5
Gemma4-E4B,non_thinking,15,8,10,logistic_recall,0.2,higher,0.2
Gemma4-E4B,non_thinking,15,8,10,logistic_f1,0.2857142857142857,higher,0.2857142857142857
Gemma4-E4B,non_thinking,15,8,10,ncc_recall,0.0,higher,0.0
Gemma4-E4B,non_thinking,15,8,10,silhouette_cosine,-0.13831043243408203,higher,-0.13831043243408203
Gemma4-E4B,non_thinking,15,8,10,within_trace,836.7432250976562,lower,-836.7432250976562
Gemma4-E4B,non_thinking,15,8,10,class_nc1_ratio,3.787815701830277,lower,-3.787815701830277
Gemma4-E4B,non_thinking,15,8,10,centroid_nearest_squared,87.19457244873047,higher,87.19457244873047
Gemma4-E4B,non_thinking,15,8,10,fisher_nearest,0.10420708508103427,higher,0.10420708508103427
Gemma4-E4B,non_thinking,15,8,10,min_bhattacharyya,2.06601619720459,higher,2.06601619720459
Gemma4-E4B,non_thinking,15,8,10,mean_bhattacharyya,15.19952725701862,higher,15.19952725701862
Gemma4-E4B,non_thinking,15,8,10,nc2_class_cosine_deviation,0.623196184359215,lower,-0.623196184359215
Gemma4-E4B,non_thinking,15,9,10,logistic_precision,0.3333333333333333,higher,0.3333333333333333
Gemma4-E4B,non_thinking,15,9,10,logistic_recall,0.2,higher,0.2
Gemma4-E4B,non_thinking,15,9,10,logistic_f1,0.25,higher,0.25
Gemma4-E4B,non_thinking,15,9,10,ncc_recall,0.3,higher,0.3
Gemma4-E4B,non_thinking,15,9,10,silhouette_cosine,-0.14838425815105438,higher,-0.14838425815105438
Gemma4-E4B,non_thinking,15,9,10,within_trace,897.906005859375,lower,-897.906005859375
Gemma4-E4B,non_thinking,15,9,10,class_nc1_ratio,3.3383982931191865,lower,-3.3383982931191865
Gemma4-E4B,non_thinking,15,9,10,centroid_nearest_squared,73.43769073486328,higher,73.43769073486328
Gemma4-E4B,non_thinking,15,9,10,fisher_nearest,0.08178772639411956,higher,0.08178772639411956
Gemma4-E4B,non_thinking,15,9,10,min_bhattacharyya,2.06601619720459,higher,2.06601619720459
Gemma4-E4B,non_thinking,15,9,10,mean_bhattacharyya,15.336154500643412,higher,15.336154500643412
Gemma4-E4B,non_thinking,15,9,10,nc2_class_cosine_deviation,0.64552775926796,lower,-0.64552775926796
Gemma4-E4B,non_thinking,15,10,10,logistic_precision,0.6,higher,0.6
Gemma4-E4B,non_thinking,15,10,10,logistic_recall,0.3,higher,0.3
Gemma4-E4B,non_thinking,15,10,10,logistic_f1,0.4,higher,0.4
Gemma4-E4B,non_thinking,15,10,10,ncc_recall,0.4,higher,0.4
Gemma4-E4B,non_thinking,15,10,10,silhouette_cosine,-0.022985914722085,higher,-0.022985914722085
Gemma4-E4B,non_thinking,15,10,10,within_trace,813.5619506835938,lower,-813.5619506835938
Gemma4-E4B,non_thinking,15,10,10,class_nc1_ratio,2.4954160318879404,lower,-2.4954160318879404
Gemma4-E4B,non_thinking,15,10,10,centroid_nearest_squared,73.43769073486328,higher,73.43769073486328
Gemma4-E4B,non_thinking,15,10,10,fisher_nearest,0.09026686987162737,higher,0.09026686987162737
Gemma4-E4B,non_thinking,15,10,10,min_bhattacharyya,2.2829333543777466,higher,2.2829333543777466
Gemma4-E4B,non_thinking,15,10,10,mean_bhattacharyya,17.98077349530326,higher,17.98077349530326
Gemma4-E4B,non_thinking,15,10,10,nc2_class_cosine_deviation,0.6297016811591608,lower,-0.6297016811591608
Gemma4-E4B,native_thinking,15,1,10,logistic_precision,1.0,higher,1.0
Gemma4-E4B,native_thinking,15,1,10,logistic_recall,0.7,higher,0.7
Gemma4-E4B,native_thinking,15,1,10,logistic_f1,0.8235294117647058,higher,0.8235294117647058
Gemma4-E4B,native_thinking,15,1,10,ncc_recall,0.7,higher,0.7
Gemma4-E4B,native_thinking,15,1,10,silhouette_cosine,0.07073362171649933,higher,0.07073362171649933
Gemma4-E4B,native_thinking,15,1,10,within_trace,1864.66259765625,lower,-1864.66259765625
Gemma4-E4B,native_thinking,15,1,10,class_nc1_ratio,2.256842522346115,lower,-2.256842522346115
Gemma4-E4B,native_thinking,15,1,10,centroid_nearest_squared,1208.9637451171875,higher,1208.9637451171875
Gemma4-E4B,native_thinking,15,1,10,fisher_nearest,0.6483552287887203,higher,0.6483552287887203
Gemma4-E4B,native_thinking,15,1,10,min_bhattacharyya,7.099018812179565,higher,7.099018812179565
Gemma4-E4B,native_thinking,15,1,10,mean_bhattacharyya,10.28143572807312,higher,10.28143572807312
Gemma4-E4B,native_thinking,15,1,10,nc2_class_cosine_deviation,0.29332209132427783,lower,-0.29332209132427783
Gemma4-E4B,native_thinking,15,2,7,logistic_precision,0.5555555555555556,higher,0.5555555555555556
Gemma4-E4B,native_thinking,15,2,7,logistic_recall,0.7142857142857143,higher,0.7142857142857143
Gemma4-E4B,native_thinking,15,2,7,logistic_f1,0.625,higher,0.625
Gemma4-E4B,native_thinking,15,2,7,ncc_recall,0.7142857142857143,higher,0.7142857142857143
Gemma4-E4B,native_thinking,15,2,7,silhouette_cosine,0.09581160545349121,higher,0.09581160545349121
Gemma4-E4B,native_thinking,15,2,7,within_trace,1052.794677734375,lower,-1052.794677734375
Gemma4-E4B,native_thinking,15,2,7,class_nc1_ratio,2.0098721651774945,lower,-2.0098721651774945
Gemma4-E4B,native_thinking,15,2,7,centroid_nearest_squared,513.1839599609375,higher,513.1839599609375
Gemma4-E4B,native_thinking,15,2,7,fisher_nearest,0.48744923470292867,higher,0.48744923470292867
Gemma4-E4B,native_thinking,15,2,7,min_bhattacharyya,9.609764099121094,higher,9.609764099121094
Gemma4-E4B,native_thinking,15,2,7,mean_bhattacharyya,13.658649815453423,higher,13.658649815453423
Gemma4-E4B,native_thinking,15,2,7,nc2_class_cosine_deviation,0.3448055648003463,lower,-0.3448055648003463
Gemma4-E4B,native_thinking,15,3,7,logistic_precision,0.6,higher,0.6
Gemma4-E4B,native_thinking,15,3,7,logistic_recall,0.8571428571428571,higher,0.8571428571428571
Gemma4-E4B,native_thinking,15,3,7,logistic_f1,0.7058823529411765,higher,0.7058823529411765
Gemma4-E4B,native_thinking,15,3,7,ncc_recall,0.7142857142857143,higher,0.7142857142857143
Gemma4-E4B,native_thinking,15,3,7,silhouette_cosine,0.006826602853834629,higher,0.006826602853834629
Gemma4-E4B,native_thinking,15,3,7,within_trace,1099.977294921875,lower,-1099.977294921875
Gemma4-E4B,native_thinking,15,3,7,class_nc1_ratio,3.6438381315130353,lower,-3.6438381315130353
Gemma4-E4B,native_thinking,15,3,7,centroid_nearest_squared,290.9097900390625,higher,290.9097900390625
Gemma4-E4B,native_thinking,15,3,7,fisher_nearest,0.26446890438745296,higher,0.26446890438745296
Gemma4-E4B,native_thinking,15,3,7,min_bhattacharyya,6.482877731323242,higher,6.482877731323242
Gemma4-E4B,native_thinking,15,3,7,mean_bhattacharyya,10.2873428662618,higher,10.2873428662618
Gemma4-E4B,native_thinking,15,3,7,nc2_class_cosine_deviation,0.29210510298057835,lower,-0.29210510298057835
Gemma4-E4B,native_thinking,15,4,7,logistic_precision,0.5,higher,0.5
Gemma4-E4B,native_thinking,15,4,7,logistic_recall,0.42857142857142855,higher,0.42857142857142855
Gemma4-E4B,native_thinking,15,4,7,logistic_f1,0.46153846153846156,higher,0.46153846153846156
Gemma4-E4B,native_thinking,15,4,7,ncc_recall,0.5714285714285714,higher,0.5714285714285714
Gemma4-E4B,native_thinking,15,4,7,silhouette_cosine,-0.10590807348489761,higher,-0.10590807348489761
Gemma4-E4B,native_thinking,15,4,7,within_trace,1121.655029296875,lower,-1121.655029296875
Gemma4-E4B,native_thinking,15,4,7,class_nc1_ratio,7.432313730511351,lower,-7.432313730511351
Gemma4-E4B,native_thinking,15,4,7,centroid_nearest_squared,263.6111755371094,higher,263.6111755371094
Gemma4-E4B,native_thinking,15,4,7,fisher_nearest,0.23501983109936903,higher,0.23501983109936903
Gemma4-E4B,native_thinking,15,4,7,min_bhattacharyya,4.670354604721069,higher,4.670354604721069
Gemma4-E4B,native_thinking,15,4,7,mean_bhattacharyya,7.832260555691189,higher,7.832260555691189
Gemma4-E4B,native_thinking,15,4,7,nc2_class_cosine_deviation,0.1717643973268109,lower,-0.1717643973268109
Gemma4-E4B,native_thinking,15,5,7,logistic_precision,0.625,higher,0.625
Gemma4-E4B,native_thinking,15,5,7,logistic_recall,0.7142857142857143,higher,0.7142857142857143
Gemma4-E4B,native_thinking,15,5,7,logistic_f1,0.6666666666666666,higher,0.6666666666666666
Gemma4-E4B,native_thinking,15,5,7,ncc_recall,0.42857142857142855,higher,0.42857142857142855
Gemma4-E4B,native_thinking,15,5,7,silhouette_cosine,-0.11838400363922119,higher,-0.11838400363922119
Gemma4-E4B,native_thinking,15,5,7,within_trace,1016.0449829101562,lower,-1016.0449829101562
Gemma4-E4B,native_thinking,15,5,7,class_nc1_ratio,7.0292004783160476,lower,-7.0292004783160476
Gemma4-E4B,native_thinking,15,5,7,centroid_nearest_squared,113.8541488647461,higher,113.8541488647461
Gemma4-E4B,native_thinking,15,5,7,fisher_nearest,0.11205620890784286,higher,0.11205620890784286
Gemma4-E4B,native_thinking,15,5,7,min_bhattacharyya,3.5009233951568604,higher,3.5009233951568604
Gemma4-E4B,native_thinking,15,5,7,mean_bhattacharyya,7.119737916522556,higher,7.119737916522556
Gemma4-E4B,native_thinking,15,5,7,nc2_class_cosine_deviation,0.31200947649317023,lower,-0.31200947649317023
Gemma4-E4B,native_thinking,15,6,7,logistic_precision,0.25,higher,0.25
Gemma4-E4B,native_thinking,15,6,7,logistic_recall,0.14285714285714285,higher,0.14285714285714285
Gemma4-E4B,native_thinking,15,6,7,logistic_f1,0.18181818181818182,higher,0.18181818181818182
Gemma4-E4B,native_thinking,15,6,7,ncc_recall,0.14285714285714285,higher,0.14285714285714285
Gemma4-E4B,native_thinking,15,6,7,silhouette_cosine,-0.16792967915534973,higher,-0.16792967915534973
Gemma4-E4B,native_thinking,15,6,7,within_trace,1070.83740234375,lower,-1070.83740234375
Gemma4-E4B,native_thinking,15,6,7,class_nc1_ratio,8.726347627762753,lower,-8.726347627762753
Gemma4-E4B,native_thinking,15,6,7,centroid_nearest_squared,113.8541488647461,higher,113.8541488647461
Gemma4-E4B,native_thinking,15,6,7,fisher_nearest,0.106322536563957,higher,0.106322536563957
Gemma4-E4B,native_thinking,15,6,7,min_bhattacharyya,3.5009233951568604,higher,3.5009233951568604
Gemma4-E4B,native_thinking,15,6,7,mean_bhattacharyya,6.762146366967095,higher,6.762146366967095
Gemma4-E4B,native_thinking,15,6,7,nc2_class_cosine_deviation,0.39416720028276797,lower,-0.39416720028276797
Gemma4-E4B,native_thinking,15,7,7,logistic_precision,0.3333333333333333,higher,0.3333333333333333
Gemma4-E4B,native_thinking,15,7,7,logistic_recall,0.2857142857142857,higher,0.2857142857142857
Gemma4-E4B,native_thinking,15,7,7,logistic_f1,0.3076923076923077,higher,0.3076923076923077
Gemma4-E4B,native_thinking,15,7,7,ncc_recall,0.2857142857142857,higher,0.2857142857142857
Gemma4-E4B,native_thinking,15,7,7,silhouette_cosine,-0.2280825525522232,higher,-0.2280825525522232
Gemma4-E4B,native_thinking,15,7,7,within_trace,1201.6884765625,lower,-1201.6884765625
Gemma4-E4B,native_thinking,15,7,7,class_nc1_ratio,10.423791628904265,lower,-10.423791628904265
Gemma4-E4B,native_thinking,15,7,7,centroid_nearest_squared,112.88116455078125,higher,112.88116455078125
Gemma4-E4B,native_thinking,15,7,7,fisher_nearest,0.09393546393461674,higher,0.09393546393461674
Gemma4-E4B,native_thinking,15,7,7,min_bhattacharyya,3.2072720527648926,higher,3.2072720527648926
Gemma4-E4B,native_thinking,15,7,7,mean_bhattacharyya,5.6765077114105225,higher,5.6765077114105225
Gemma4-E4B,native_thinking,15,7,7,nc2_class_cosine_deviation,0.4329386690148601,lower,-0.4329386690148601
Gemma4-E4B,native_thinking,15,8,7,logistic_precision,0.0,higher,0.0
Gemma4-E4B,native_thinking,15,8,7,logistic_recall,0.0,higher,0.0
Gemma4-E4B,native_thinking,15,8,7,logistic_f1,0.0,higher,0.0
Gemma4-E4B,native_thinking,15,8,7,ncc_recall,0.14285714285714285,higher,0.14285714285714285
Gemma4-E4B,native_thinking,15,8,7,silhouette_cosine,-0.1836661994457245,higher,-0.1836661994457245
Gemma4-E4B,native_thinking,15,8,7,within_trace,1046.4114990234375,lower,-1046.4114990234375
Gemma4-E4B,native_thinking,15,8,7,class_nc1_ratio,5.888034072156398,lower,-5.888034072156398
Gemma4-E4B,native_thinking,15,8,7,centroid_nearest_squared,112.88116455078125,higher,112.88116455078125
Gemma4-E4B,native_thinking,15,8,7,fisher_nearest,0.10787454520150772,higher,0.10787454520150772
Gemma4-E4B,native_thinking,15,8,7,min_bhattacharyya,3.2072720527648926,higher,3.2072720527648926
Gemma4-E4B,native_thinking,15,8,7,mean_bhattacharyya,6.877962244881524,higher,6.877962244881524
Gemma4-E4B,native_thinking,15,8,7,nc2_class_cosine_deviation,0.40793498660679217,lower,-0.40793498660679217
Gemma4-E4B,native_thinking,15,9,5,logistic_precision,0.36363636363636365,higher,0.36363636363636365
Gemma4-E4B,native_thinking,15,9,5,logistic_recall,0.8,higher,0.8
Gemma4-E4B,native_thinking,15,9,5,logistic_f1,0.5,higher,0.5
Gemma4-E4B,native_thinking,15,9,5,ncc_recall,0.4,higher,0.4
Gemma4-E4B,native_thinking,15,9,5,silhouette_cosine,-0.12882478535175323,higher,-0.12882478535175323
Gemma4-E4B,native_thinking,15,9,5,within_trace,1086.809814453125,lower,-1086.809814453125
Gemma4-E4B,native_thinking,15,9,5,class_nc1_ratio,3.3358549715714427,lower,-3.3358549715714427
Gemma4-E4B,native_thinking,15,9,5,centroid_nearest_squared,190.92214965820312,higher,190.92214965820312
Gemma4-E4B,native_thinking,15,9,5,fisher_nearest,0.17567208827082023,higher,0.17567208827082023
Gemma4-E4B,native_thinking,15,9,5,min_bhattacharyya,3.4343388080596924,higher,3.4343388080596924
Gemma4-E4B,native_thinking,15,9,5,mean_bhattacharyya,9.386577500237358,higher,9.386577500237358
Gemma4-E4B,native_thinking,15,9,5,nc2_class_cosine_deviation,0.4141492271496926,lower,-0.4141492271496926
Gemma4-E4B,native_thinking,15,10,3,logistic_precision,0.0,higher,0.0
Gemma4-E4B,native_thinking,15,10,3,logistic_recall,0.0,higher,0.0
Gemma4-E4B,native_thinking,15,10,3,logistic_f1,0.0,higher,0.0
Gemma4-E4B,native_thinking,15,10,3,ncc_recall,0.6666666666666666,higher,0.6666666666666666
Gemma4-E4B,native_thinking,15,10,3,silhouette_cosine,-0.20904679596424103,higher,-0.20904679596424103
Gemma4-E4B,native_thinking,15,10,3,within_trace,1007.46044921875,lower,-1007.46044921875
Gemma4-E4B,native_thinking,15,10,3,class_nc1_ratio,3.068576794919349,lower,-3.068576794919349
Gemma4-E4B,native_thinking,15,10,3,centroid_nearest_squared,233.19903564453125,higher,233.19903564453125
Gemma4-E4B,native_thinking,15,10,3,fisher_nearest,0.2314721494281675,higher,0.2314721494281675
Gemma4-E4B,native_thinking,15,10,3,min_bhattacharyya,4.266323804855347,higher,4.266323804855347
Gemma4-E4B,native_thinking,15,10,3,mean_bhattacharyya,8.970749590131971,higher,8.970749590131971
Gemma4-E4B,native_thinking,15,10,3,nc2_class_cosine_deviation,0.40169807164757343,lower,-0.40169807164757343
Gemma4-E4B,non_thinking,16,1,10,logistic_precision,1.0,higher,1.0
Gemma4-E4B,non_thinking,16,1,10,logistic_recall,1.0,higher,1.0
Gemma4-E4B,non_thinking,16,1,10,logistic_f1,1.0,higher,1.0
Gemma4-E4B,non_thinking,16,1,10,ncc_recall,1.0,higher,1.0
Gemma4-E4B,non_thinking,16,1,10,silhouette_cosine,0.8098597526550293,higher,0.8098597526550293
Gemma4-E4B,non_thinking,16,1,10,within_trace,784.0401000976562,lower,-784.0401000976562
Gemma4-E4B,non_thinking,16,1,10,class_nc1_ratio,0.18778231331060652,lower,-0.18778231331060652
Gemma4-E4B,non_thinking,16,1,10,centroid_nearest_squared,4002.00537109375,higher,4002.00537109375
Gemma4-E4B,non_thinking,16,1,10,fisher_nearest,5.104337610532012,higher,5.104337610532012
Gemma4-E4B,non_thinking,16,1,10,min_bhattacharyya,43.49124526977539,higher,43.49124526977539
Gemma4-E4B,non_thinking,16,1,10,mean_bhattacharyya,75.71150758531358,higher,75.71150758531358
Gemma4-E4B,non_thinking,16,1,10,nc2_class_cosine_deviation,0.5196171252079951,lower,-0.5196171252079951
Gemma4-E4B,non_thinking,16,2,10,logistic_precision,0.9,higher,0.9
Gemma4-E4B,non_thinking,16,2,10,logistic_recall,0.9,higher,0.9
Gemma4-E4B,non_thinking,16,2,10,logistic_f1,0.9,higher,0.9
Gemma4-E4B,non_thinking,16,2,10,ncc_recall,0.9,higher,0.9
Gemma4-E4B,non_thinking,16,2,10,silhouette_cosine,-0.011053499765694141,higher,-0.011053499765694141
Gemma4-E4B,non_thinking,16,2,10,within_trace,1491.647216796875,lower,-1491.647216796875
Gemma4-E4B,non_thinking,16,2,10,class_nc1_ratio,2.119390987254762,lower,-2.119390987254762
Gemma4-E4B,non_thinking,16,2,10,centroid_nearest_squared,490.6290283203125,higher,490.6290283203125
Gemma4-E4B,non_thinking,16,2,10,fisher_nearest,0.3289176038379079,higher,0.3289176038379079
Gemma4-E4B,non_thinking,16,2,10,min_bhattacharyya,5.1502790451049805,higher,5.1502790451049805
Gemma4-E4B,non_thinking,16,2,10,mean_bhattacharyya,14.764532619052464,higher,14.764532619052464
Gemma4-E4B,non_thinking,16,2,10,nc2_class_cosine_deviation,0.4600127267616766,lower,-0.4600127267616766
Gemma4-E4B,non_thinking,16,3,10,logistic_precision,0.6,higher,0.6
Gemma4-E4B,non_thinking,16,3,10,logistic_recall,0.3,higher,0.3
Gemma4-E4B,non_thinking,16,3,10,logistic_f1,0.4,higher,0.4
Gemma4-E4B,non_thinking,16,3,10,ncc_recall,0.4,higher,0.4
Gemma4-E4B,non_thinking,16,3,10,silhouette_cosine,-0.10232025384902954,higher,-0.10232025384902954
Gemma4-E4B,non_thinking,16,3,10,within_trace,1434.674560546875,lower,-1434.674560546875
Gemma4-E4B,non_thinking,16,3,10,class_nc1_ratio,7.524274480276076,lower,-7.524274480276076
Gemma4-E4B,non_thinking,16,3,10,centroid_nearest_squared,141.78802490234375,higher,141.78802490234375
Gemma4-E4B,non_thinking,16,3,10,fisher_nearest,0.09882939922507333,higher,0.09882939922507333
Gemma4-E4B,non_thinking,16,3,10,min_bhattacharyya,2.7873482704162598,higher,2.7873482704162598
Gemma4-E4B,non_thinking,16,3,10,mean_bhattacharyya,11.437152518166435,higher,11.437152518166435
Gemma4-E4B,non_thinking,16,3,10,nc2_class_cosine_deviation,0.276185332475529,lower,-0.276185332475529
Gemma4-E4B,non_thinking,16,4,10,logistic_precision,0.16666666666666666,higher,0.16666666666666666
Gemma4-E4B,non_thinking,16,4,10,logistic_recall,0.3,higher,0.3
Gemma4-E4B,non_thinking,16,4,10,logistic_f1,0.21428571428571427,higher,0.21428571428571427
Gemma4-E4B,non_thinking,16,4,10,ncc_recall,0.1,higher,0.1
Gemma4-E4B,non_thinking,16,4,10,silhouette_cosine,-0.21933630108833313,higher,-0.21933630108833313
Gemma4-E4B,non_thinking,16,4,10,within_trace,1566.494384765625,lower,-1566.494384765625
Gemma4-E4B,non_thinking,16,4,10,class_nc1_ratio,15.654121486733848,lower,-15.654121486733848
Gemma4-E4B,non_thinking,16,4,10,centroid_nearest_squared,132.0997314453125,higher,132.0997314453125
Gemma4-E4B,non_thinking,16,4,10,fisher_nearest,0.08432825085745643,higher,0.08432825085745643
Gemma4-E4B,non_thinking,16,4,10,min_bhattacharyya,2.7873482704162598,higher,2.7873482704162598
Gemma4-E4B,non_thinking,16,4,10,mean_bhattacharyya,9.806441611713833,higher,9.806441611713833
Gemma4-E4B,non_thinking,16,4,10,nc2_class_cosine_deviation,0.28592154360663746,lower,-0.28592154360663746
Gemma4-E4B,non_thinking,16,5,10,logistic_precision,0.16666666666666666,higher,0.16666666666666666
Gemma4-E4B,non_thinking,16,5,10,logistic_recall,0.2,higher,0.2
Gemma4-E4B,non_thinking,16,5,10,logistic_f1,0.18181818181818182,higher,0.18181818181818182
Gemma4-E4B,non_thinking,16,5,10,ncc_recall,0.1,higher,0.1
Gemma4-E4B,non_thinking,16,5,10,silhouette_cosine,-0.17660284042358398,higher,-0.17660284042358398
Gemma4-E4B,non_thinking,16,5,10,within_trace,1126.2578125,lower,-1126.2578125
Gemma4-E4B,non_thinking,16,5,10,class_nc1_ratio,9.492921124971335,lower,-9.492921124971335
Gemma4-E4B,non_thinking,16,5,10,centroid_nearest_squared,99.81857299804688,higher,99.81857299804688
Gemma4-E4B,non_thinking,16,5,10,fisher_nearest,0.0886285288236763,higher,0.0886285288236763
Gemma4-E4B,non_thinking,16,5,10,min_bhattacharyya,2.585801601409912,higher,2.585801601409912
Gemma4-E4B,non_thinking,16,5,10,mean_bhattacharyya,12.086281763182747,higher,12.086281763182747
Gemma4-E4B,non_thinking,16,5,10,nc2_class_cosine_deviation,0.5769324458468659,lower,-0.5769324458468659
Gemma4-E4B,non_thinking,16,6,10,logistic_precision,0.15384615384615385,higher,0.15384615384615385
Gemma4-E4B,non_thinking,16,6,10,logistic_recall,0.2,higher,0.2
Gemma4-E4B,non_thinking,16,6,10,logistic_f1,0.17391304347826086,higher,0.17391304347826086
Gemma4-E4B,non_thinking,16,6,10,ncc_recall,0.3,higher,0.3
Gemma4-E4B,non_thinking,16,6,10,silhouette_cosine,-0.17538616061210632,higher,-0.17538616061210632
Gemma4-E4B,non_thinking,16,6,10,within_trace,1109.9097900390625,lower,-1109.9097900390625
Gemma4-E4B,non_thinking,16,6,10,class_nc1_ratio,8.787326935391153,lower,-8.787326935391153
Gemma4-E4B,non_thinking,16,6,10,centroid_nearest_squared,90.46640014648438,higher,90.46640014648438
Gemma4-E4B,non_thinking,16,6,10,fisher_nearest,0.08150788555824927,higher,0.08150788555824927
Gemma4-E4B,non_thinking,16,6,10,min_bhattacharyya,2.6260305643081665,higher,2.6260305643081665
Gemma4-E4B,non_thinking,16,6,10,mean_bhattacharyya,12.628166423903572,higher,12.628166423903572
Gemma4-E4B,non_thinking,16,6,10,nc2_class_cosine_deviation,0.6126010777589715,lower,-0.6126010777589715
Gemma4-E4B,non_thinking,16,7,10,logistic_precision,0.25,higher,0.25
Gemma4-E4B,non_thinking,16,7,10,logistic_recall,0.1,higher,0.1
Gemma4-E4B,non_thinking,16,7,10,logistic_f1,0.14285714285714285,higher,0.14285714285714285
Gemma4-E4B,non_thinking,16,7,10,ncc_recall,0.0,higher,0.0
Gemma4-E4B,non_thinking,16,7,10,silhouette_cosine,-0.07265283167362213,higher,-0.07265283167362213
Gemma4-E4B,non_thinking,16,7,10,within_trace,890.270263671875,lower,-890.270263671875
Gemma4-E4B,non_thinking,16,7,10,class_nc1_ratio,3.9889696254522367,lower,-3.9889696254522367
Gemma4-E4B,non_thinking,16,7,10,centroid_nearest_squared,90.46640014648438,higher,90.46640014648438
Gemma4-E4B,non_thinking,16,7,10,fisher_nearest,0.10161678294561952,higher,0.10161678294561952
Gemma4-E4B,non_thinking,16,7,10,min_bhattacharyya,2.2346338629722595,higher,2.2346338629722595
Gemma4-E4B,non_thinking,16,7,10,mean_bhattacharyya,14.75831694735421,higher,14.75831694735421
Gemma4-E4B,non_thinking,16,7,10,nc2_class_cosine_deviation,0.6218312533089408,lower,-0.6218312533089408
Gemma4-E4B,non_thinking,16,8,10,logistic_precision,0.15384615384615385,higher,0.15384615384615385
Gemma4-E4B,non_thinking,16,8,10,logistic_recall,0.2,higher,0.2
Gemma4-E4B,non_thinking,16,8,10,logistic_f1,0.17391304347826086,higher,0.17391304347826086
Gemma4-E4B,non_thinking,16,8,10,ncc_recall,0.2,higher,0.2
Gemma4-E4B,non_thinking,16,8,10,silhouette_cosine,-0.12828554213047028,higher,-0.12828554213047028
Gemma4-E4B,non_thinking,16,8,10,within_trace,825.708984375,lower,-825.708984375
Gemma4-E4B,non_thinking,16,8,10,class_nc1_ratio,3.5648443980269913,lower,-3.5648443980269913
Gemma4-E4B,non_thinking,16,8,10,centroid_nearest_squared,74.1922836303711,higher,74.1922836303711
Gemma4-E4B,non_thinking,16,8,10,fisher_nearest,0.0898528234938961,higher,0.0898528234938961
Gemma4-E4B,non_thinking,16,8,10,min_bhattacharyya,2.2346338629722595,higher,2.2346338629722595
Gemma4-E4B,non_thinking,16,8,10,mean_bhattacharyya,13.987324429882896,higher,13.987324429882896
Gemma4-E4B,non_thinking,16,8,10,nc2_class_cosine_deviation,0.6221399229985697,lower,-0.6221399229985697
Gemma4-E4B,non_thinking,16,9,10,logistic_precision,0.0,higher,0.0
Gemma4-E4B,non_thinking,16,9,10,logistic_recall,0.0,higher,0.0
Gemma4-E4B,non_thinking,16,9,10,logistic_f1,0.0,higher,0.0
Gemma4-E4B,non_thinking,16,9,10,ncc_recall,0.2,higher,0.2
Gemma4-E4B,non_thinking,16,9,10,silhouette_cosine,-0.1470375955104828,higher,-0.1470375955104828
Gemma4-E4B,non_thinking,16,9,10,within_trace,838.744140625,lower,-838.744140625
Gemma4-E4B,non_thinking,16,9,10,class_nc1_ratio,3.3812798059899882,lower,-3.3812798059899882
Gemma4-E4B,non_thinking,16,9,10,centroid_nearest_squared,74.1922836303711,higher,74.1922836303711
Gemma4-E4B,non_thinking,16,9,10,fisher_nearest,0.08845639574314743,higher,0.08845639574314743
Gemma4-E4B,non_thinking,16,9,10,min_bhattacharyya,2.2394453287124634,higher,2.2394453287124634
Gemma4-E4B,non_thinking,16,9,10,mean_bhattacharyya,14.949176298247444,higher,14.949176298247444
Gemma4-E4B,non_thinking,16,9,10,nc2_class_cosine_deviation,0.6535370272618753,lower,-0.6535370272618753
Gemma4-E4B,non_thinking,16,10,10,logistic_precision,0.25,higher,0.25
Gemma4-E4B,non_thinking,16,10,10,logistic_recall,0.3,higher,0.3
Gemma4-E4B,non_thinking,16,10,10,logistic_f1,0.2727272727272727,higher,0.2727272727272727
Gemma4-E4B,non_thinking,16,10,10,ncc_recall,0.5,higher,0.5
Gemma4-E4B,non_thinking,16,10,10,silhouette_cosine,-0.015924345701932907,higher,-0.015924345701932907
Gemma4-E4B,non_thinking,16,10,10,within_trace,743.4285278320312,lower,-743.4285278320312
Gemma4-E4B,non_thinking,16,10,10,class_nc1_ratio,2.4763956113235674,lower,-2.4763956113235674
Gemma4-E4B,non_thinking,16,10,10,centroid_nearest_squared,77.45722961425781,higher,77.45722961425781
Gemma4-E4B,non_thinking,16,10,10,fisher_nearest,0.10418920812756105,higher,0.10418920812756105
Gemma4-E4B,non_thinking,16,10,10,min_bhattacharyya,2.326236367225647,higher,2.326236367225647
Gemma4-E4B,non_thinking,16,10,10,mean_bhattacharyya,16.577579816182453,higher,16.577579816182453
Gemma4-E4B,non_thinking,16,10,10,nc2_class_cosine_deviation,0.6559125289872841,lower,-0.6559125289872841
Gemma4-E4B,native_thinking,16,1,10,logistic_precision,1.0,higher,1.0
Gemma4-E4B,native_thinking,16,1,10,logistic_recall,0.7,higher,0.7
Gemma4-E4B,native_thinking,16,1,10,logistic_f1,0.8235294117647058,higher,0.8235294117647058
Gemma4-E4B,native_thinking,16,1,10,ncc_recall,0.6,higher,0.6
Gemma4-E4B,native_thinking,16,1,10,silhouette_cosine,0.06981842964887619,higher,0.06981842964887619
Gemma4-E4B,native_thinking,16,1,10,within_trace,1780.6298828125,lower,-1780.6298828125
Gemma4-E4B,native_thinking,16,1,10,class_nc1_ratio,2.0233180249399423,lower,-2.0233180249399423
Gemma4-E4B,native_thinking,16,1,10,centroid_nearest_squared,1343.4381103515625,higher,1343.4381103515625
Gemma4-E4B,native_thinking,16,1,10,fisher_nearest,0.7544735283390873,higher,0.7544735283390873
Gemma4-E4B,native_thinking,16,1,10,min_bhattacharyya,8.006550788879395,higher,8.006550788879395
Gemma4-E4B,native_thinking,16,1,10,mean_bhattacharyya,11.357809596591526,higher,11.357809596591526
Gemma4-E4B,native_thinking,16,1,10,nc2_class_cosine_deviation,0.254041801540204,lower,-0.254041801540204
Gemma4-E4B,native_thinking,16,2,7,logistic_precision,0.875,higher,0.875
Gemma4-E4B,native_thinking,16,2,7,logistic_recall,1.0,higher,1.0
Gemma4-E4B,native_thinking,16,2,7,logistic_f1,0.9333333333333333,higher,0.9333333333333333
Gemma4-E4B,native_thinking,16,2,7,ncc_recall,0.7142857142857143,higher,0.7142857142857143
Gemma4-E4B,native_thinking,16,2,7,silhouette_cosine,0.20352695882320404,higher,0.20352695882320404
Gemma4-E4B,native_thinking,16,2,7,within_trace,1023.3949584960938,lower,-1023.3949584960938
Gemma4-E4B,native_thinking,16,2,7,class_nc1_ratio,1.3434948987563025,lower,-1.3434948987563025
Gemma4-E4B,native_thinking,16,2,7,centroid_nearest_squared,787.1707763671875,higher,787.1707763671875
Gemma4-E4B,native_thinking,16,2,7,fisher_nearest,0.7691759372392806,higher,0.7691759372392806
Gemma4-E4B,native_thinking,16,2,7,min_bhattacharyya,12.404451370239258,higher,12.404451370239258
Gemma4-E4B,native_thinking,16,2,7,mean_bhattacharyya,17.008520126342773,higher,17.008520126342773
Gemma4-E4B,native_thinking,16,2,7,nc2_class_cosine_deviation,0.33117013824758706,lower,-0.33117013824758706
Gemma4-E4B,native_thinking,16,3,7,logistic_precision,0.8571428571428571,higher,0.8571428571428571
Gemma4-E4B,native_thinking,16,3,7,logistic_recall,0.8571428571428571,higher,0.8571428571428571
Gemma4-E4B,native_thinking,16,3,7,logistic_f1,0.8571428571428571,higher,0.8571428571428571
Gemma4-E4B,native_thinking,16,3,7,ncc_recall,0.7142857142857143,higher,0.7142857142857143
Gemma4-E4B,native_thinking,16,3,7,silhouette_cosine,0.08721531927585602,higher,0.08721531927585602
Gemma4-E4B,native_thinking,16,3,7,within_trace,1028.9425048828125,lower,-1028.9425048828125
Gemma4-E4B,native_thinking,16,3,7,class_nc1_ratio,2.286638409815286,lower,-2.286638409815286
Gemma4-E4B,native_thinking,16,3,7,centroid_nearest_squared,559.685302734375,higher,559.685302734375
Gemma4-E4B,native_thinking,16,3,7,fisher_nearest,0.5439422514653705,higher,0.5439422514653705
Gemma4-E4B,native_thinking,16,3,7,min_bhattacharyya,8.269235610961914,higher,8.269235610961914
Gemma4-E4B,native_thinking,16,3,7,mean_bhattacharyya,12.644731839497885,higher,12.644731839497885
Gemma4-E4B,native_thinking,16,3,7,nc2_class_cosine_deviation,0.2693077375146526,lower,-0.2693077375146526
Gemma4-E4B,native_thinking,16,4,7,logistic_precision,0.625,higher,0.625
Gemma4-E4B,native_thinking,16,4,7,logistic_recall,0.7142857142857143,higher,0.7142857142857143
Gemma4-E4B,native_thinking,16,4,7,logistic_f1,0.6666666666666666,higher,0.6666666666666666
Gemma4-E4B,native_thinking,16,4,7,ncc_recall,0.7142857142857143,higher,0.7142857142857143
Gemma4-E4B,native_thinking,16,4,7,silhouette_cosine,0.0050751990638673306,higher,0.0050751990638673306
Gemma4-E4B,native_thinking,16,4,7,within_trace,1104.841552734375,lower,-1104.841552734375
Gemma4-E4B,native_thinking,16,4,7,class_nc1_ratio,3.920078558515932,lower,-3.920078558515932
Gemma4-E4B,native_thinking,16,4,7,centroid_nearest_squared,416.5245056152344,higher,416.5245056152344
Gemma4-E4B,native_thinking,16,4,7,fisher_nearest,0.37699931233069295,higher,0.37699931233069295
Gemma4-E4B,native_thinking,16,4,7,min_bhattacharyya,6.733223915100098,higher,6.733223915100098
Gemma4-E4B,native_thinking,16,4,7,mean_bhattacharyya,10.354115009307861,higher,10.354115009307861
Gemma4-E4B,native_thinking,16,4,7,nc2_class_cosine_deviation,0.15420338359695895,lower,-0.15420338359695895
Gemma4-E4B,native_thinking,16,5,7,logistic_precision,0.5555555555555556,higher,0.5555555555555556
Gemma4-E4B,native_thinking,16,5,7,logistic_recall,0.7142857142857143,higher,0.7142857142857143
Gemma4-E4B,native_thinking,16,5,7,logistic_f1,0.625,higher,0.625
Gemma4-E4B,native_thinking,16,5,7,ncc_recall,0.42857142857142855,higher,0.42857142857142855
Gemma4-E4B,native_thinking,16,5,7,silhouette_cosine,-0.08323691785335541,higher,-0.08323691785335541
Gemma4-E4B,native_thinking,16,5,7,within_trace,981.8905029296875,lower,-981.8905029296875
Gemma4-E4B,native_thinking,16,5,7,class_nc1_ratio,4.972207950324391,lower,-4.972207950324391
Gemma4-E4B,native_thinking,16,5,7,centroid_nearest_squared,182.77076721191406,higher,182.77076721191406
Gemma4-E4B,native_thinking,16,5,7,fisher_nearest,0.18614169977871978,higher,0.18614169977871978
Gemma4-E4B,native_thinking,16,5,7,min_bhattacharyya,4.4499571323394775,higher,4.4499571323394775
Gemma4-E4B,native_thinking,16,5,7,mean_bhattacharyya,8.503347131941053,higher,8.503347131941053
Gemma4-E4B,native_thinking,16,5,7,nc2_class_cosine_deviation,0.30373377358701864,lower,-0.30373377358701864
Gemma4-E4B,native_thinking,16,6,7,logistic_precision,0.25,higher,0.25
Gemma4-E4B,native_thinking,16,6,7,logistic_recall,0.2857142857142857,higher,0.2857142857142857
Gemma4-E4B,native_thinking,16,6,7,logistic_f1,0.26666666666666666,higher,0.26666666666666666
Gemma4-E4B,native_thinking,16,6,7,ncc_recall,0.42857142857142855,higher,0.42857142857142855
Gemma4-E4B,native_thinking,16,6,7,silhouette_cosine,-0.13603201508522034,higher,-0.13603201508522034
Gemma4-E4B,native_thinking,16,6,7,within_trace,1121.7904052734375,lower,-1121.7904052734375
Gemma4-E4B,native_thinking,16,6,7,class_nc1_ratio,5.71305911567529,lower,-5.71305911567529
Gemma4-E4B,native_thinking,16,6,7,centroid_nearest_squared,182.77076721191406,higher,182.77076721191406
Gemma4-E4B,native_thinking,16,6,7,fisher_nearest,0.16292773262520774,higher,0.16292773262520774
Gemma4-E4B,native_thinking,16,6,7,min_bhattacharyya,4.4499571323394775,higher,4.4499571323394775
Gemma4-E4B,native_thinking,16,6,7,mean_bhattacharyya,8.248201052347818,higher,8.248201052347818
Gemma4-E4B,native_thinking,16,6,7,nc2_class_cosine_deviation,0.3846870736667404,lower,-0.3846870736667404
Gemma4-E4B,native_thinking,16,7,7,logistic_precision,0.0,higher,0.0
Gemma4-E4B,native_thinking,16,7,7,logistic_recall,0.0,higher,0.0
Gemma4-E4B,native_thinking,16,7,7,logistic_f1,0.0,higher,0.0
Gemma4-E4B,native_thinking,16,7,7,ncc_recall,0.14285714285714285,higher,0.14285714285714285
Gemma4-E4B,native_thinking,16,7,7,silhouette_cosine,-0.1591557115316391,higher,-0.1591557115316391
Gemma4-E4B,native_thinking,16,7,7,within_trace,1112.95263671875,lower,-1112.95263671875
Gemma4-E4B,native_thinking,16,7,7,class_nc1_ratio,6.743894277191232,lower,-6.743894277191232
Gemma4-E4B,native_thinking,16,7,7,centroid_nearest_squared,143.69444274902344,higher,143.69444274902344
Gemma4-E4B,native_thinking,16,7,7,fisher_nearest,0.12911101336052264,higher,0.12911101336052264
Gemma4-E4B,native_thinking,16,7,7,min_bhattacharyya,4.0887497663497925,higher,4.0887497663497925
Gemma4-E4B,native_thinking,16,7,7,mean_bhattacharyya,7.766886115074158,higher,7.766886115074158
Gemma4-E4B,native_thinking,16,7,7,nc2_class_cosine_deviation,0.3864594092707575,lower,-0.3864594092707575
Gemma4-E4B,native_thinking,16,8,7,logistic_precision,0.7142857142857143,higher,0.7142857142857143
Gemma4-E4B,native_thinking,16,8,7,logistic_recall,0.7142857142857143,higher,0.7142857142857143
Gemma4-E4B,native_thinking,16,8,7,logistic_f1,0.7142857142857143,higher,0.7142857142857143
Gemma4-E4B,native_thinking,16,8,7,ncc_recall,0.42857142857142855,higher,0.42857142857142855
Gemma4-E4B,native_thinking,16,8,7,silhouette_cosine,-0.12456636875867844,higher,-0.12456636875867844
Gemma4-E4B,native_thinking,16,8,7,within_trace,1004.2586669921875,lower,-1004.2586669921875
Gemma4-E4B,native_thinking,16,8,7,class_nc1_ratio,4.499641436321573,lower,-4.499641436321573
Gemma4-E4B,native_thinking,16,8,7,centroid_nearest_squared,143.69444274902344,higher,143.69444274902344
Gemma4-E4B,native_thinking,16,8,7,fisher_nearest,0.1430850909949292,higher,0.1430850909949292
Gemma4-E4B,native_thinking,16,8,7,min_bhattacharyya,4.0887497663497925,higher,4.0887497663497925
Gemma4-E4B,native_thinking,16,8,7,mean_bhattacharyya,8.343224353260464,higher,8.343224353260464
Gemma4-E4B,native_thinking,16,8,7,nc2_class_cosine_deviation,0.41321596682623585,lower,-0.41321596682623585
Gemma4-E4B,native_thinking,16,9,5,logistic_precision,0.5,higher,0.5
Gemma4-E4B,native_thinking,16,9,5,logistic_recall,0.6,higher,0.6
Gemma4-E4B,native_thinking,16,9,5,logistic_f1,0.5454545454545454,higher,0.5454545454545454
Gemma4-E4B,native_thinking,16,9,5,ncc_recall,0.8,higher,0.8
Gemma4-E4B,native_thinking,16,9,5,silhouette_cosine,-0.14061439037322998,higher,-0.14061439037322998
Gemma4-E4B,native_thinking,16,9,5,within_trace,1102.3837890625,lower,-1102.3837890625
Gemma4-E4B,native_thinking,16,9,5,class_nc1_ratio,3.1461433766205196,lower,-3.1461433766205196
Gemma4-E4B,native_thinking,16,9,5,centroid_nearest_squared,215.0325469970703,higher,215.0325469970703
Gemma4-E4B,native_thinking,16,9,5,fisher_nearest,0.19506141974379032,higher,0.19506141974379032
Gemma4-E4B,native_thinking,16,9,5,min_bhattacharyya,4.794310569763184,higher,4.794310569763184
Gemma4-E4B,native_thinking,16,9,5,mean_bhattacharyya,11.0670551194085,higher,11.0670551194085
Gemma4-E4B,native_thinking,16,9,5,nc2_class_cosine_deviation,0.4187879321383841,lower,-0.4187879321383841
Gemma4-E4B,native_thinking,16,10,3,logistic_precision,0.3333333333333333,higher,0.3333333333333333
Gemma4-E4B,native_thinking,16,10,3,logistic_recall,0.3333333333333333,higher,0.3333333333333333
Gemma4-E4B,native_thinking,16,10,3,logistic_f1,0.3333333333333333,higher,0.3333333333333333
Gemma4-E4B,native_thinking,16,10,3,ncc_recall,0.6666666666666666,higher,0.6666666666666666
Gemma4-E4B,native_thinking,16,10,3,silhouette_cosine,-0.15945009887218475,higher,-0.15945009887218475
Gemma4-E4B,native_thinking,16,10,3,within_trace,924.8123168945312,lower,-924.8123168945312
Gemma4-E4B,native_thinking,16,10,3,class_nc1_ratio,2.3049863220702247,lower,-2.3049863220702247
Gemma4-E4B,native_thinking,16,10,3,centroid_nearest_squared,353.3404541015625,higher,353.3404541015625
Gemma4-E4B,native_thinking,16,10,3,fisher_nearest,0.38206720179512776,higher,0.38206720179512776
Gemma4-E4B,native_thinking,16,10,3,min_bhattacharyya,5.992255210876465,higher,5.992255210876465
Gemma4-E4B,native_thinking,16,10,3,mean_bhattacharyya,11.249913427564833,higher,11.249913427564833
Gemma4-E4B,native_thinking,16,10,3,nc2_class_cosine_deviation,0.37182787115927096,lower,-0.37182787115927096
Gemma4-E4B,non_thinking,17,1,10,logistic_precision,1.0,higher,1.0
Gemma4-E4B,non_thinking,17,1,10,logistic_recall,1.0,higher,1.0
Gemma4-E4B,non_thinking,17,1,10,logistic_f1,1.0,higher,1.0
Gemma4-E4B,non_thinking,17,1,10,ncc_recall,1.0,higher,1.0
Gemma4-E4B,non_thinking,17,1,10,silhouette_cosine,0.8230961561203003,higher,0.8230961561203003
Gemma4-E4B,non_thinking,17,1,10,within_trace,589.8953857421875,lower,-589.8953857421875
Gemma4-E4B,non_thinking,17,1,10,class_nc1_ratio,0.15569007196473905,lower,-0.15569007196473905
Gemma4-E4B,non_thinking,17,1,10,centroid_nearest_squared,3250.983642578125,higher,3250.983642578125
Gemma4-E4B,non_thinking,17,1,10,fisher_nearest,5.511118956266866,higher,5.511118956266866
Gemma4-E4B,non_thinking,17,1,10,min_bhattacharyya,41.723060607910156,higher,41.723060607910156
Gemma4-E4B,non_thinking,17,1,10,mean_bhattacharyya,73.16185336642795,higher,73.16185336642795
Gemma4-E4B,non_thinking,17,1,10,nc2_class_cosine_deviation,0.5410466622791171,lower,-0.5410466622791171
Gemma4-E4B,non_thinking,17,2,10,logistic_precision,0.9,higher,0.9
Gemma4-E4B,non_thinking,17,2,10,logistic_recall,0.9,higher,0.9
Gemma4-E4B,non_thinking,17,2,10,logistic_f1,0.9,higher,0.9
Gemma4-E4B,non_thinking,17,2,10,ncc_recall,1.0,higher,1.0
Gemma4-E4B,non_thinking,17,2,10,silhouette_cosine,-0.07149279862642288,higher,-0.07149279862642288
Gemma4-E4B,non_thinking,17,2,10,within_trace,1312.6683349609375,lower,-1312.6683349609375
Gemma4-E4B,non_thinking,17,2,10,class_nc1_ratio,2.163074723860386,lower,-2.163074723860386
Gemma4-E4B,non_thinking,17,2,10,centroid_nearest_squared,441.80859375,higher,441.80859375
Gemma4-E4B,non_thinking,17,2,10,fisher_nearest,0.3365729042006238,higher,0.3365729042006238
Gemma4-E4B,non_thinking,17,2,10,min_bhattacharyya,4.820935010910034,higher,4.820935010910034
Gemma4-E4B,non_thinking,17,2,10,mean_bhattacharyya,14.29551821284824,higher,14.29551821284824
Gemma4-E4B,non_thinking,17,2,10,nc2_class_cosine_deviation,0.4822835291701334,lower,-0.4822835291701334
Gemma4-E4B,non_thinking,17,3,10,logistic_precision,0.5555555555555556,higher,0.5555555555555556
Gemma4-E4B,non_thinking,17,3,10,logistic_recall,0.5,higher,0.5
Gemma4-E4B,non_thinking,17,3,10,logistic_f1,0.5263157894736842,higher,0.5263157894736842
Gemma4-E4B,non_thinking,17,3,10,ncc_recall,0.2,higher,0.2
Gemma4-E4B,non_thinking,17,3,10,silhouette_cosine,-0.16986143589019775,higher,-0.16986143589019775
Gemma4-E4B,non_thinking,17,3,10,within_trace,1569.0850830078125,lower,-1569.0850830078125
Gemma4-E4B,non_thinking,17,3,10,class_nc1_ratio,11.808106037431752,lower,-11.808106037431752
Gemma4-E4B,non_thinking,17,3,10,centroid_nearest_squared,103.87342834472656,higher,103.87342834472656
Gemma4-E4B,non_thinking,17,3,10,fisher_nearest,0.06619999735489766,higher,0.06619999735489766
Gemma4-E4B,non_thinking,17,3,10,min_bhattacharyya,2.1225674152374268,higher,2.1225674152374268
Gemma4-E4B,non_thinking,17,3,10,mean_bhattacharyya,9.756207413143581,higher,9.756207413143581
Gemma4-E4B,non_thinking,17,3,10,nc2_class_cosine_deviation,0.3033560734748104,lower,-0.3033560734748104
Gemma4-E4B,non_thinking,17,4,10,logistic_precision,0.3125,higher,0.3125
Gemma4-E4B,non_thinking,17,4,10,logistic_recall,0.5,higher,0.5
Gemma4-E4B,non_thinking,17,4,10,logistic_f1,0.38461538461538464,higher,0.38461538461538464
Gemma4-E4B,non_thinking,17,4,10,ncc_recall,0.1,higher,0.1
Gemma4-E4B,non_thinking,17,4,10,silhouette_cosine,-0.21319580078125,higher,-0.21319580078125
Gemma4-E4B,non_thinking,17,4,10,within_trace,1519.0086669921875,lower,-1519.0086669921875
Gemma4-E4B,non_thinking,17,4,10,class_nc1_ratio,15.37340326629951,lower,-15.37340326629951
Gemma4-E4B,non_thinking,17,4,10,centroid_nearest_squared,103.87342834472656,higher,103.87342834472656
Gemma4-E4B,non_thinking,17,4,10,fisher_nearest,0.06838238029965157,higher,0.06838238029965157
Gemma4-E4B,non_thinking,17,4,10,min_bhattacharyya,2.1225674152374268,higher,2.1225674152374268
Gemma4-E4B,non_thinking,17,4,10,mean_bhattacharyya,9.494987103674147,higher,9.494987103674147
Gemma4-E4B,non_thinking,17,4,10,nc2_class_cosine_deviation,0.31332386013718305,lower,-0.31332386013718305
Gemma4-E4B,non_thinking,17,5,10,logistic_precision,0.0,higher,0.0
Gemma4-E4B,non_thinking,17,5,10,logistic_recall,0.0,higher,0.0
Gemma4-E4B,non_thinking,17,5,10,logistic_f1,0.0,higher,0.0
Gemma4-E4B,non_thinking,17,5,10,ncc_recall,0.0,higher,0.0
Gemma4-E4B,non_thinking,17,5,10,silhouette_cosine,-0.16311118006706238,higher,-0.16311118006706238
Gemma4-E4B,non_thinking,17,5,10,within_trace,1193.773193359375,lower,-1193.773193359375
Gemma4-E4B,non_thinking,17,5,10,class_nc1_ratio,8.509837329708748,lower,-8.509837329708748
Gemma4-E4B,non_thinking,17,5,10,centroid_nearest_squared,106.85890197753906,higher,106.85890197753906
Gemma4-E4B,non_thinking,17,5,10,fisher_nearest,0.08951357139862506,higher,0.08951357139862506
Gemma4-E4B,non_thinking,17,5,10,min_bhattacharyya,2.387040376663208,higher,2.387040376663208
Gemma4-E4B,non_thinking,17,5,10,mean_bhattacharyya,12.08096769783232,higher,12.08096769783232
Gemma4-E4B,non_thinking,17,5,10,nc2_class_cosine_deviation,0.5809715393884682,lower,-0.5809715393884682
Gemma4-E4B,non_thinking,17,6,10,logistic_precision,0.23529411764705882,higher,0.23529411764705882
Gemma4-E4B,non_thinking,17,6,10,logistic_recall,0.4,higher,0.4
Gemma4-E4B,non_thinking,17,6,10,logistic_f1,0.2962962962962963,higher,0.2962962962962963
Gemma4-E4B,non_thinking,17,6,10,ncc_recall,0.3,higher,0.3
Gemma4-E4B,non_thinking,17,6,10,silhouette_cosine,-0.1798749566078186,higher,-0.1798749566078186
Gemma4-E4B,non_thinking,17,6,10,within_trace,1173.8072509765625,lower,-1173.8072509765625
Gemma4-E4B,non_thinking,17,6,10,class_nc1_ratio,9.410357678183022,lower,-9.410357678183022
Gemma4-E4B,non_thinking,17,6,10,centroid_nearest_squared,88.26602172851562,higher,88.26602172851562
Gemma4-E4B,non_thinking,17,6,10,fisher_nearest,0.07519635072545487,higher,0.07519635072545487
Gemma4-E4B,non_thinking,17,6,10,min_bhattacharyya,2.22567355632782,higher,2.22567355632782
Gemma4-E4B,non_thinking,17,6,10,mean_bhattacharyya,11.90686027208964,higher,11.90686027208964
Gemma4-E4B,non_thinking,17,6,10,nc2_class_cosine_deviation,0.6385625534127524,lower,-0.6385625534127524
Gemma4-E4B,non_thinking,17,7,10,logistic_precision,0.0,higher,0.0
Gemma4-E4B,non_thinking,17,7,10,logistic_recall,0.0,higher,0.0
Gemma4-E4B,non_thinking,17,7,10,logistic_f1,0.0,higher,0.0
Gemma4-E4B,non_thinking,17,7,10,ncc_recall,0.0,higher,0.0
Gemma4-E4B,non_thinking,17,7,10,silhouette_cosine,-0.0882941335439682,higher,-0.0882941335439682
Gemma4-E4B,non_thinking,17,7,10,within_trace,913.106201171875,lower,-913.106201171875
Gemma4-E4B,non_thinking,17,7,10,class_nc1_ratio,4.154501120832373,lower,-4.154501120832373
Gemma4-E4B,non_thinking,17,7,10,centroid_nearest_squared,88.26602172851562,higher,88.26602172851562
Gemma4-E4B,non_thinking,17,7,10,fisher_nearest,0.09666566891697323,higher,0.09666566891697323
Gemma4-E4B,non_thinking,17,7,10,min_bhattacharyya,2.22567355632782,higher,2.22567355632782
Gemma4-E4B,non_thinking,17,7,10,mean_bhattacharyya,13.590796377923754,higher,13.590796377923754
Gemma4-E4B,non_thinking,17,7,10,nc2_class_cosine_deviation,0.6288343081595722,lower,-0.6288343081595722
Gemma4-E4B,non_thinking,17,8,10,logistic_precision,0.1111111111111111,higher,0.1111111111111111
Gemma4-E4B,non_thinking,17,8,10,logistic_recall,0.1,higher,0.1
Gemma4-E4B,non_thinking,17,8,10,logistic_f1,0.10526315789473684,higher,0.10526315789473684
Gemma4-E4B,non_thinking,17,8,10,ncc_recall,0.0,higher,0.0
Gemma4-E4B,non_thinking,17,8,10,silhouette_cosine,-0.13169482350349426,higher,-0.13169482350349426
Gemma4-E4B,non_thinking,17,8,10,within_trace,930.3916015625,lower,-930.3916015625
Gemma4-E4B,non_thinking,17,8,10,class_nc1_ratio,4.819917757680642,lower,-4.819917757680642
Gemma4-E4B,non_thinking,17,8,10,centroid_nearest_squared,57.16666030883789,higher,57.16666030883789
Gemma4-E4B,non_thinking,17,8,10,fisher_nearest,0.06144365470714931,higher,0.06144365470714931
Gemma4-E4B,non_thinking,17,8,10,min_bhattacharyya,2.0189544558525085,higher,2.0189544558525085
Gemma4-E4B,non_thinking,17,8,10,mean_bhattacharyya,13.630900495582157,higher,13.630900495582157
Gemma4-E4B,non_thinking,17,8,10,nc2_class_cosine_deviation,0.6481060064225286,lower,-0.6481060064225286
Gemma4-E4B,non_thinking,17,9,10,logistic_precision,0.0,higher,0.0
Gemma4-E4B,non_thinking,17,9,10,logistic_recall,0.0,higher,0.0
Gemma4-E4B,non_thinking,17,9,10,logistic_f1,0.0,higher,0.0
Gemma4-E4B,non_thinking,17,9,10,ncc_recall,0.1,higher,0.1
Gemma4-E4B,non_thinking,17,9,10,silhouette_cosine,-0.12808270752429962,higher,-0.12808270752429962
Gemma4-E4B,non_thinking,17,9,10,within_trace,926.0840454101562,lower,-926.0840454101562
Gemma4-E4B,non_thinking,17,9,10,class_nc1_ratio,3.6080368089932553,lower,-3.6080368089932553
Gemma4-E4B,non_thinking,17,9,10,centroid_nearest_squared,57.16666030883789,higher,57.16666030883789
Gemma4-E4B,non_thinking,17,9,10,fisher_nearest,0.06172945165416296,higher,0.06172945165416296
Gemma4-E4B,non_thinking,17,9,10,min_bhattacharyya,2.261791467666626,higher,2.261791467666626
Gemma4-E4B,non_thinking,17,9,10,mean_bhattacharyya,15.078080309761894,higher,15.078080309761894
Gemma4-E4B,non_thinking,17,9,10,nc2_class_cosine_deviation,0.6537513738429106,lower,-0.6537513738429106
Gemma4-E4B,non_thinking,17,10,10,logistic_precision,0.3125,higher,0.3125
Gemma4-E4B,non_thinking,17,10,10,logistic_recall,0.5,higher,0.5
Gemma4-E4B,non_thinking,17,10,10,logistic_f1,0.38461538461538464,higher,0.38461538461538464
Gemma4-E4B,non_thinking,17,10,10,ncc_recall,0.3,higher,0.3
Gemma4-E4B,non_thinking,17,10,10,silhouette_cosine,-0.059406884014606476,higher,-0.059406884014606476
Gemma4-E4B,non_thinking,17,10,10,within_trace,818.1319580078125,lower,-818.1319580078125
Gemma4-E4B,non_thinking,17,10,10,class_nc1_ratio,3.128269371062441,lower,-3.128269371062441
Gemma4-E4B,non_thinking,17,10,10,centroid_nearest_squared,80.09951782226562,higher,80.09951782226562
Gemma4-E4B,non_thinking,17,10,10,fisher_nearest,0.09790537704615707,higher,0.09790537704615707
Gemma4-E4B,non_thinking,17,10,10,min_bhattacharyya,2.0189544558525085,higher,2.0189544558525085
Gemma4-E4B,non_thinking,17,10,10,mean_bhattacharyya,15.076500402556526,higher,15.076500402556526
Gemma4-E4B,non_thinking,17,10,10,nc2_class_cosine_deviation,0.6596704346162302,lower,-0.6596704346162302
Gemma4-E4B,native_thinking,17,1,10,logistic_precision,1.0,higher,1.0
Gemma4-E4B,native_thinking,17,1,10,logistic_recall,0.7,higher,0.7
Gemma4-E4B,native_thinking,17,1,10,logistic_f1,0.8235294117647058,higher,0.8235294117647058
Gemma4-E4B,native_thinking,17,1,10,ncc_recall,0.7,higher,0.7
Gemma4-E4B,native_thinking,17,1,10,silhouette_cosine,0.10634464025497437,higher,0.10634464025497437
Gemma4-E4B,native_thinking,17,1,10,within_trace,1784.689453125,lower,-1784.689453125
Gemma4-E4B,native_thinking,17,1,10,class_nc1_ratio,1.9743391876268623,lower,-1.9743391876268623
Gemma4-E4B,native_thinking,17,1,10,centroid_nearest_squared,1347.092041015625,higher,1347.092041015625
Gemma4-E4B,native_thinking,17,1,10,fisher_nearest,0.754804730120896,higher,0.754804730120896
Gemma4-E4B,native_thinking,17,1,10,min_bhattacharyya,7.187876224517822,higher,7.187876224517822
Gemma4-E4B,native_thinking,17,1,10,mean_bhattacharyya,10.644466453128391,higher,10.644466453128391
Gemma4-E4B,native_thinking,17,1,10,nc2_class_cosine_deviation,0.26112124201968123,lower,-0.26112124201968123
Gemma4-E4B,native_thinking,17,2,7,logistic_precision,0.5555555555555556,higher,0.5555555555555556
Gemma4-E4B,native_thinking,17,2,7,logistic_recall,0.7142857142857143,higher,0.7142857142857143
Gemma4-E4B,native_thinking,17,2,7,logistic_f1,0.625,higher,0.625
Gemma4-E4B,native_thinking,17,2,7,ncc_recall,0.7142857142857143,higher,0.7142857142857143
Gemma4-E4B,native_thinking,17,2,7,silhouette_cosine,0.16581693291664124,higher,0.16581693291664124
Gemma4-E4B,native_thinking,17,2,7,within_trace,997.0796508789062,lower,-997.0796508789062
Gemma4-E4B,native_thinking,17,2,7,class_nc1_ratio,1.377874302608715,lower,-1.377874302608715
Gemma4-E4B,native_thinking,17,2,7,centroid_nearest_squared,600.0164794921875,higher,600.0164794921875
Gemma4-E4B,native_thinking,17,2,7,fisher_nearest,0.6017738692824437,higher,0.6017738692824437
Gemma4-E4B,native_thinking,17,2,7,min_bhattacharyya,10.685780048370361,higher,10.685780048370361
Gemma4-E4B,native_thinking,17,2,7,mean_bhattacharyya,17.6775320370992,higher,17.6775320370992
Gemma4-E4B,native_thinking,17,2,7,nc2_class_cosine_deviation,0.3742646261083859,lower,-0.3742646261083859
Gemma4-E4B,native_thinking,17,3,7,logistic_precision,0.6,higher,0.6
Gemma4-E4B,native_thinking,17,3,7,logistic_recall,0.8571428571428571,higher,0.8571428571428571
Gemma4-E4B,native_thinking,17,3,7,logistic_f1,0.7058823529411765,higher,0.7058823529411765
Gemma4-E4B,native_thinking,17,3,7,ncc_recall,0.7142857142857143,higher,0.7142857142857143
Gemma4-E4B,native_thinking,17,3,7,silhouette_cosine,0.04063650593161583,higher,0.04063650593161583
Gemma4-E4B,native_thinking,17,3,7,within_trace,1015.0889892578125,lower,-1015.0889892578125
Gemma4-E4B,native_thinking,17,3,7,class_nc1_ratio,2.5403435998104826,lower,-2.5403435998104826
Gemma4-E4B,native_thinking,17,3,7,centroid_nearest_squared,386.7171630859375,higher,386.7171630859375
Gemma4-E4B,native_thinking,17,3,7,fisher_nearest,0.3809687300112355,higher,0.3809687300112355
Gemma4-E4B,native_thinking,17,3,7,min_bhattacharyya,7.325953006744385,higher,7.325953006744385
Gemma4-E4B,native_thinking,17,3,7,mean_bhattacharyya,12.924105167388916,higher,12.924105167388916
Gemma4-E4B,native_thinking,17,3,7,nc2_class_cosine_deviation,0.31438846003126214,lower,-0.31438846003126214
Gemma4-E4B,native_thinking,17,4,7,logistic_precision,0.5,higher,0.5
Gemma4-E4B,native_thinking,17,4,7,logistic_recall,0.42857142857142855,higher,0.42857142857142855
Gemma4-E4B,native_thinking,17,4,7,logistic_f1,0.46153846153846156,higher,0.46153846153846156
Gemma4-E4B,native_thinking,17,4,7,ncc_recall,0.7142857142857143,higher,0.7142857142857143
Gemma4-E4B,native_thinking,17,4,7,silhouette_cosine,-0.12466419488191605,higher,-0.12466419488191605
Gemma4-E4B,native_thinking,17,4,7,within_trace,1182.730224609375,lower,-1182.730224609375
Gemma4-E4B,native_thinking,17,4,7,class_nc1_ratio,7.8914956070778866,lower,-7.8914956070778866
Gemma4-E4B,native_thinking,17,4,7,centroid_nearest_squared,222.7024383544922,higher,222.7024383544922
Gemma4-E4B,native_thinking,17,4,7,fisher_nearest,0.18829521197705504,higher,0.18829521197705504
Gemma4-E4B,native_thinking,17,4,7,min_bhattacharyya,4.716597080230713,higher,4.716597080230713
Gemma4-E4B,native_thinking,17,4,7,mean_bhattacharyya,8.142609543270535,higher,8.142609543270535
Gemma4-E4B,native_thinking,17,4,7,nc2_class_cosine_deviation,0.24234784799225537,lower,-0.24234784799225537
Gemma4-E4B,native_thinking,17,5,7,logistic_precision,0.6666666666666666,higher,0.6666666666666666
Gemma4-E4B,native_thinking,17,5,7,logistic_recall,0.2857142857142857,higher,0.2857142857142857
Gemma4-E4B,native_thinking,17,5,7,logistic_f1,0.4,higher,0.4
Gemma4-E4B,native_thinking,17,5,7,ncc_recall,0.2857142857142857,higher,0.2857142857142857
Gemma4-E4B,native_thinking,17,5,7,silhouette_cosine,-0.13238438963890076,higher,-0.13238438963890076
Gemma4-E4B,native_thinking,17,5,7,within_trace,1036.740478515625,lower,-1036.740478515625
Gemma4-E4B,native_thinking,17,5,7,class_nc1_ratio,7.465065050317716,lower,-7.465065050317716
Gemma4-E4B,native_thinking,17,5,7,centroid_nearest_squared,96.07206726074219,higher,96.07206726074219
Gemma4-E4B,native_thinking,17,5,7,fisher_nearest,0.09266742183954792,higher,0.09266742183954792
Gemma4-E4B,native_thinking,17,5,7,min_bhattacharyya,3.4513715505599976,higher,3.4513715505599976
Gemma4-E4B,native_thinking,17,5,7,mean_bhattacharyya,7.4425484206941395,higher,7.4425484206941395
Gemma4-E4B,native_thinking,17,5,7,nc2_class_cosine_deviation,0.3485605753498313,lower,-0.3485605753498313
Gemma4-E4B,native_thinking,17,6,7,logistic_precision,0.0,higher,0.0
Gemma4-E4B,native_thinking,17,6,7,logistic_recall,0.0,higher,0.0
Gemma4-E4B,native_thinking,17,6,7,logistic_f1,0.0,higher,0.0
Gemma4-E4B,native_thinking,17,6,7,ncc_recall,0.0,higher,0.0
Gemma4-E4B,native_thinking,17,6,7,silhouette_cosine,-0.15571999549865723,higher,-0.15571999549865723
Gemma4-E4B,native_thinking,17,6,7,within_trace,1109.3468017578125,lower,-1109.3468017578125
Gemma4-E4B,native_thinking,17,6,7,class_nc1_ratio,7.5231528525520215,lower,-7.5231528525520215
Gemma4-E4B,native_thinking,17,6,7,centroid_nearest_squared,96.07206726074219,higher,96.07206726074219
Gemma4-E4B,native_thinking,17,6,7,fisher_nearest,0.08660237457620236,higher,0.08660237457620236
Gemma4-E4B,native_thinking,17,6,7,min_bhattacharyya,3.4513715505599976,higher,3.4513715505599976
Gemma4-E4B,native_thinking,17,6,7,mean_bhattacharyya,7.577913191583422,higher,7.577913191583422
Gemma4-E4B,native_thinking,17,6,7,nc2_class_cosine_deviation,0.41195336453340675,lower,-0.41195336453340675
Gemma4-E4B,native_thinking,17,7,7,logistic_precision,0.2222222222222222,higher,0.2222222222222222
Gemma4-E4B,native_thinking,17,7,7,logistic_recall,0.2857142857142857,higher,0.2857142857142857
Gemma4-E4B,native_thinking,17,7,7,logistic_f1,0.25,higher,0.25
Gemma4-E4B,native_thinking,17,7,7,ncc_recall,0.0,higher,0.0
Gemma4-E4B,native_thinking,17,7,7,silhouette_cosine,-0.13929156959056854,higher,-0.13929156959056854
Gemma4-E4B,native_thinking,17,7,7,within_trace,1079.2659912109375,lower,-1079.2659912109375
Gemma4-E4B,native_thinking,17,7,7,class_nc1_ratio,6.745560785624376,lower,-6.745560785624376
Gemma4-E4B,native_thinking,17,7,7,centroid_nearest_squared,178.33233642578125,higher,178.33233642578125
Gemma4-E4B,native_thinking,17,7,7,fisher_nearest,0.16523483356099472,higher,0.16523483356099472
Gemma4-E4B,native_thinking,17,7,7,min_bhattacharyya,3.8463897705078125,higher,3.8463897705078125
Gemma4-E4B,native_thinking,17,7,7,mean_bhattacharyya,7.7725471125708685,higher,7.7725471125708685
Gemma4-E4B,native_thinking,17,7,7,nc2_class_cosine_deviation,0.37707328023733916,lower,-0.37707328023733916
Gemma4-E4B,native_thinking,17,8,7,logistic_precision,0.2,higher,0.2
Gemma4-E4B,native_thinking,17,8,7,logistic_recall,0.14285714285714285,higher,0.14285714285714285
Gemma4-E4B,native_thinking,17,8,7,logistic_f1,0.16666666666666666,higher,0.16666666666666666
Gemma4-E4B,native_thinking,17,8,7,ncc_recall,0.2857142857142857,higher,0.2857142857142857
Gemma4-E4B,native_thinking,17,8,7,silhouette_cosine,-0.14231304824352264,higher,-0.14231304824352264
Gemma4-E4B,native_thinking,17,8,7,within_trace,1074.4105224609375,lower,-1074.4105224609375
Gemma4-E4B,native_thinking,17,8,7,class_nc1_ratio,4.173591201308289,lower,-4.173591201308289
Gemma4-E4B,native_thinking,17,8,7,centroid_nearest_squared,178.33233642578125,higher,178.33233642578125
Gemma4-E4B,native_thinking,17,8,7,fisher_nearest,0.16598156170074638,higher,0.16598156170074638
Gemma4-E4B,native_thinking,17,8,7,min_bhattacharyya,3.8463897705078125,higher,3.8463897705078125
Gemma4-E4B,native_thinking,17,8,7,mean_bhattacharyya,7.92350533273485,higher,7.92350533273485
Gemma4-E4B,native_thinking,17,8,7,nc2_class_cosine_deviation,0.4516994778388812,lower,-0.4516994778388812
Gemma4-E4B,native_thinking,17,9,5,logistic_precision,0.09090909090909091,higher,0.09090909090909091
Gemma4-E4B,native_thinking,17,9,5,logistic_recall,0.2,higher,0.2
Gemma4-E4B,native_thinking,17,9,5,logistic_f1,0.125,higher,0.125
Gemma4-E4B,native_thinking,17,9,5,ncc_recall,0.6,higher,0.6
Gemma4-E4B,native_thinking,17,9,5,silhouette_cosine,-0.07976312935352325,higher,-0.07976312935352325
Gemma4-E4B,native_thinking,17,9,5,within_trace,986.5902709960938,lower,-986.5902709960938
Gemma4-E4B,native_thinking,17,9,5,class_nc1_ratio,2.5446272273771062,lower,-2.5446272273771062
Gemma4-E4B,native_thinking,17,9,5,centroid_nearest_squared,236.42282104492188,higher,236.42282104492188
Gemma4-E4B,native_thinking,17,9,5,fisher_nearest,0.2396362786004586,higher,0.2396362786004586
Gemma4-E4B,native_thinking,17,9,5,min_bhattacharyya,4.965449333190918,higher,4.965449333190918
Gemma4-E4B,native_thinking,17,9,5,mean_bhattacharyya,10.681202703052097,higher,10.681202703052097
Gemma4-E4B,native_thinking,17,9,5,nc2_class_cosine_deviation,0.4413975517690918,lower,-0.4413975517690918
Gemma4-E4B,native_thinking,17,10,3,logistic_precision,0.0,higher,0.0
Gemma4-E4B,native_thinking,17,10,3,logistic_recall,0.0,higher,0.0
Gemma4-E4B,native_thinking,17,10,3,logistic_f1,0.0,higher,0.0
Gemma4-E4B,native_thinking,17,10,3,ncc_recall,0.0,higher,0.0
Gemma4-E4B,native_thinking,17,10,3,silhouette_cosine,-0.13094693422317505,higher,-0.13094693422317505
Gemma4-E4B,native_thinking,17,10,3,within_trace,954.9459228515625,lower,-954.9459228515625
Gemma4-E4B,native_thinking,17,10,3,class_nc1_ratio,1.8888102445351291,lower,-1.8888102445351291
Gemma4-E4B,native_thinking,17,10,3,centroid_nearest_squared,379.19390869140625,higher,379.19390869140625
Gemma4-E4B,native_thinking,17,10,3,fisher_nearest,0.3970841694984109,higher,0.3970841694984109
Gemma4-E4B,native_thinking,17,10,3,min_bhattacharyya,6.056894302368164,higher,6.056894302368164
Gemma4-E4B,native_thinking,17,10,3,mean_bhattacharyya,12.00889417860243,higher,12.00889417860243
Gemma4-E4B,native_thinking,17,10,3,nc2_class_cosine_deviation,0.395370595065164,lower,-0.395370595065164
Gemma4-E4B,non_thinking,18,1,10,logistic_precision,1.0,higher,1.0
Gemma4-E4B,non_thinking,18,1,10,logistic_recall,1.0,higher,1.0
Gemma4-E4B,non_thinking,18,1,10,logistic_f1,1.0,higher,1.0
Gemma4-E4B,non_thinking,18,1,10,ncc_recall,1.0,higher,1.0
Gemma4-E4B,non_thinking,18,1,10,silhouette_cosine,0.8219428062438965,higher,0.8219428062438965
Gemma4-E4B,non_thinking,18,1,10,within_trace,594.9987182617188,lower,-594.9987182617188
Gemma4-E4B,non_thinking,18,1,10,class_nc1_ratio,0.1609473844469754,lower,-0.1609473844469754
Gemma4-E4B,non_thinking,18,1,10,centroid_nearest_squared,3282.4033203125,higher,3282.4033203125
Gemma4-E4B,non_thinking,18,1,10,fisher_nearest,5.51665611970056,higher,5.51665611970056
Gemma4-E4B,non_thinking,18,1,10,min_bhattacharyya,42.13542938232422,higher,42.13542938232422
Gemma4-E4B,non_thinking,18,1,10,mean_bhattacharyya,69.41473134358723,higher,69.41473134358723
Gemma4-E4B,non_thinking,18,1,10,nc2_class_cosine_deviation,0.5421865564069629,lower,-0.5421865564069629
Gemma4-E4B,non_thinking,18,2,10,logistic_precision,0.9090909090909091,higher,0.9090909090909091
Gemma4-E4B,non_thinking,18,2,10,logistic_recall,1.0,higher,1.0
Gemma4-E4B,non_thinking,18,2,10,logistic_f1,0.9523809523809523,higher,0.9523809523809523
Gemma4-E4B,non_thinking,18,2,10,ncc_recall,1.0,higher,1.0
Gemma4-E4B,non_thinking,18,2,10,silhouette_cosine,-0.04879417270421982,higher,-0.04879417270421982
Gemma4-E4B,non_thinking,18,2,10,within_trace,1350.25732421875,lower,-1350.25732421875
Gemma4-E4B,non_thinking,18,2,10,class_nc1_ratio,2.209649478427367,lower,-2.209649478427367
Gemma4-E4B,non_thinking,18,2,10,centroid_nearest_squared,468.97198486328125,higher,468.97198486328125
Gemma4-E4B,non_thinking,18,2,10,fisher_nearest,0.347320452517912,higher,0.347320452517912
Gemma4-E4B,non_thinking,18,2,10,min_bhattacharyya,5.360682010650635,higher,5.360682010650635
Gemma4-E4B,non_thinking,18,2,10,mean_bhattacharyya,14.970516522725424,higher,14.970516522725424
Gemma4-E4B,non_thinking,18,2,10,nc2_class_cosine_deviation,0.4507361719453776,lower,-0.4507361719453776
Gemma4-E4B,non_thinking,18,3,10,logistic_precision,0.2,higher,0.2
Gemma4-E4B,non_thinking,18,3,10,logistic_recall,0.1,higher,0.1
Gemma4-E4B,non_thinking,18,3,10,logistic_f1,0.13333333333333333,higher,0.13333333333333333
Gemma4-E4B,non_thinking,18,3,10,ncc_recall,0.2,higher,0.2
Gemma4-E4B,non_thinking,18,3,10,silhouette_cosine,-0.1700478047132492,higher,-0.1700478047132492
Gemma4-E4B,non_thinking,18,3,10,within_trace,1594.94091796875,lower,-1594.94091796875
Gemma4-E4B,non_thinking,18,3,10,class_nc1_ratio,12.282462523084652,lower,-12.282462523084652
Gemma4-E4B,non_thinking,18,3,10,centroid_nearest_squared,119.88751220703125,higher,119.88751220703125
Gemma4-E4B,non_thinking,18,3,10,fisher_nearest,0.07516736880743831,higher,0.07516736880743831
Gemma4-E4B,non_thinking,18,3,10,min_bhattacharyya,2.191378951072693,higher,2.191378951072693
Gemma4-E4B,non_thinking,18,3,10,mean_bhattacharyya,9.560777266820272,higher,9.560777266820272
Gemma4-E4B,non_thinking,18,3,10,nc2_class_cosine_deviation,0.26588639088067006,lower,-0.26588639088067006
Gemma4-E4B,non_thinking,18,4,10,logistic_precision,0.2857142857142857,higher,0.2857142857142857
Gemma4-E4B,non_thinking,18,4,10,logistic_recall,0.6,higher,0.6
Gemma4-E4B,non_thinking,18,4,10,logistic_f1,0.3870967741935484,higher,0.3870967741935484
Gemma4-E4B,non_thinking,18,4,10,ncc_recall,0.1,higher,0.1
Gemma4-E4B,non_thinking,18,4,10,silhouette_cosine,-0.20211124420166016,higher,-0.20211124420166016
Gemma4-E4B,non_thinking,18,4,10,within_trace,1428.5750732421875,lower,-1428.5750732421875
Gemma4-E4B,non_thinking,18,4,10,class_nc1_ratio,15.375134296633451,lower,-15.375134296633451
Gemma4-E4B,non_thinking,18,4,10,centroid_nearest_squared,117.28290557861328,higher,117.28290557861328
Gemma4-E4B,non_thinking,18,4,10,fisher_nearest,0.08209782445135119,higher,0.08209782445135119
Gemma4-E4B,non_thinking,18,4,10,min_bhattacharyya,2.191378951072693,higher,2.191378951072693
Gemma4-E4B,non_thinking,18,4,10,mean_bhattacharyya,9.42293777068456,higher,9.42293777068456
Gemma4-E4B,non_thinking,18,4,10,nc2_class_cosine_deviation,0.3340241836360944,lower,-0.3340241836360944
Gemma4-E4B,non_thinking,18,5,10,logistic_precision,0.0,higher,0.0
Gemma4-E4B,non_thinking,18,5,10,logistic_recall,0.0,higher,0.0
Gemma4-E4B,non_thinking,18,5,10,logistic_f1,0.0,higher,0.0
Gemma4-E4B,non_thinking,18,5,10,ncc_recall,0.1,higher,0.1
Gemma4-E4B,non_thinking,18,5,10,silhouette_cosine,-0.15983246266841888,higher,-0.15983246266841888
Gemma4-E4B,non_thinking,18,5,10,within_trace,1189.4283447265625,lower,-1189.4283447265625
Gemma4-E4B,non_thinking,18,5,10,class_nc1_ratio,9.086351528759632,lower,-9.086351528759632
Gemma4-E4B,non_thinking,18,5,10,centroid_nearest_squared,107.66729736328125,higher,107.66729736328125
Gemma4-E4B,non_thinking,18,5,10,fisher_nearest,0.0905202048031173,higher,0.0905202048031173
Gemma4-E4B,non_thinking,18,5,10,min_bhattacharyya,2.543339431285858,higher,2.543339431285858
Gemma4-E4B,non_thinking,18,5,10,mean_bhattacharyya,11.754311588075426,higher,11.754311588075426
Gemma4-E4B,non_thinking,18,5,10,nc2_class_cosine_deviation,0.5930500431561175,lower,-0.5930500431561175
Gemma4-E4B,non_thinking,18,6,10,logistic_precision,0.15384615384615385,higher,0.15384615384615385
Gemma4-E4B,non_thinking,18,6,10,logistic_recall,0.2,higher,0.2
Gemma4-E4B,non_thinking,18,6,10,logistic_f1,0.17391304347826086,higher,0.17391304347826086
Gemma4-E4B,non_thinking,18,6,10,ncc_recall,0.3,higher,0.3
Gemma4-E4B,non_thinking,18,6,10,silhouette_cosine,-0.18461021780967712,higher,-0.18461021780967712
Gemma4-E4B,non_thinking,18,6,10,within_trace,1195.87255859375,lower,-1195.87255859375
Gemma4-E4B,non_thinking,18,6,10,class_nc1_ratio,10.046497576378005,lower,-10.046497576378005
Gemma4-E4B,non_thinking,18,6,10,centroid_nearest_squared,83.25599670410156,higher,83.25599670410156
Gemma4-E4B,non_thinking,18,6,10,fisher_nearest,0.06961945577378573,higher,0.06961945577378573
Gemma4-E4B,non_thinking,18,6,10,min_bhattacharyya,2.3339762687683105,higher,2.3339762687683105
Gemma4-E4B,non_thinking,18,6,10,mean_bhattacharyya,11.103583620654213,higher,11.103583620654213
Gemma4-E4B,non_thinking,18,6,10,nc2_class_cosine_deviation,0.61104301855336,lower,-0.61104301855336
Gemma4-E4B,non_thinking,18,7,10,logistic_precision,0.2,higher,0.2
Gemma4-E4B,non_thinking,18,7,10,logistic_recall,0.2,higher,0.2
Gemma4-E4B,non_thinking,18,7,10,logistic_f1,0.2,higher,0.2
Gemma4-E4B,non_thinking,18,7,10,ncc_recall,0.0,higher,0.0
Gemma4-E4B,non_thinking,18,7,10,silhouette_cosine,-0.10724632441997528,higher,-0.10724632441997528
Gemma4-E4B,non_thinking,18,7,10,within_trace,924.1195068359375,lower,-924.1195068359375
Gemma4-E4B,non_thinking,18,7,10,class_nc1_ratio,4.710698539625978,lower,-4.710698539625978
Gemma4-E4B,non_thinking,18,7,10,centroid_nearest_squared,83.25599670410156,higher,83.25599670410156
Gemma4-E4B,non_thinking,18,7,10,fisher_nearest,0.09009224033064624,higher,0.09009224033064624
Gemma4-E4B,non_thinking,18,7,10,min_bhattacharyya,2.150141656398773,higher,2.150141656398773
Gemma4-E4B,non_thinking,18,7,10,mean_bhattacharyya,13.13066824277242,higher,13.13066824277242
Gemma4-E4B,non_thinking,18,7,10,nc2_class_cosine_deviation,0.6197880561704989,lower,-0.6197880561704989
Gemma4-E4B,non_thinking,18,8,10,logistic_precision,0.0,higher,0.0
Gemma4-E4B,non_thinking,18,8,10,logistic_recall,0.0,higher,0.0
Gemma4-E4B,non_thinking,18,8,10,logistic_f1,0.0,higher,0.0
Gemma4-E4B,non_thinking,18,8,10,ncc_recall,0.0,higher,0.0
Gemma4-E4B,non_thinking,18,8,10,silhouette_cosine,-0.1366967260837555,higher,-0.1366967260837555
Gemma4-E4B,non_thinking,18,8,10,within_trace,921.3326416015625,lower,-921.3326416015625
Gemma4-E4B,non_thinking,18,8,10,class_nc1_ratio,5.114366023713187,lower,-5.114366023713187
Gemma4-E4B,non_thinking,18,8,10,centroid_nearest_squared,55.15837478637695,higher,55.15837478637695
Gemma4-E4B,non_thinking,18,8,10,fisher_nearest,0.05986803494826207,higher,0.05986803494826207
Gemma4-E4B,non_thinking,18,8,10,min_bhattacharyya,1.9902535676956177,higher,1.9902535676956177
Gemma4-E4B,non_thinking,18,8,10,mean_bhattacharyya,12.995550400680965,higher,12.995550400680965
Gemma4-E4B,non_thinking,18,8,10,nc2_class_cosine_deviation,0.6466671349825683,lower,-0.6466671349825683
Gemma4-E4B,non_thinking,18,9,10,logistic_precision,0.0,higher,0.0
Gemma4-E4B,non_thinking,18,9,10,logistic_recall,0.0,higher,0.0
Gemma4-E4B,non_thinking,18,9,10,logistic_f1,0.0,higher,0.0
Gemma4-E4B,non_thinking,18,9,10,ncc_recall,0.1,higher,0.1
Gemma4-E4B,non_thinking,18,9,10,silhouette_cosine,-0.11472846567630768,higher,-0.11472846567630768
Gemma4-E4B,non_thinking,18,9,10,within_trace,935.1991577148438,lower,-935.1991577148438
Gemma4-E4B,non_thinking,18,9,10,class_nc1_ratio,3.6549549247669475,lower,-3.6549549247669475
Gemma4-E4B,non_thinking,18,9,10,centroid_nearest_squared,55.15837478637695,higher,55.15837478637695
Gemma4-E4B,non_thinking,18,9,10,fisher_nearest,0.05898035122396418,higher,0.05898035122396418
Gemma4-E4B,non_thinking,18,9,10,min_bhattacharyya,2.1184133291244507,higher,2.1184133291244507
Gemma4-E4B,non_thinking,18,9,10,mean_bhattacharyya,14.783237205611336,higher,14.783237205611336
Gemma4-E4B,non_thinking,18,9,10,nc2_class_cosine_deviation,0.6579127333782337,lower,-0.6579127333782337
Gemma4-E4B,non_thinking,18,10,10,logistic_precision,0.35714285714285715,higher,0.35714285714285715
Gemma4-E4B,non_thinking,18,10,10,logistic_recall,0.5,higher,0.5
Gemma4-E4B,non_thinking,18,10,10,logistic_f1,0.4166666666666667,higher,0.4166666666666667
Gemma4-E4B,non_thinking,18,10,10,ncc_recall,0.4,higher,0.4
Gemma4-E4B,non_thinking,18,10,10,silhouette_cosine,-0.06382086127996445,higher,-0.06382086127996445
Gemma4-E4B,non_thinking,18,10,10,within_trace,828.72119140625,lower,-828.72119140625
Gemma4-E4B,non_thinking,18,10,10,class_nc1_ratio,3.464409844866656,lower,-3.464409844866656
Gemma4-E4B,non_thinking,18,10,10,centroid_nearest_squared,78.849365234375,higher,78.849365234375
Gemma4-E4B,non_thinking,18,10,10,fisher_nearest,0.09514582956491818,higher,0.09514582956491818
Gemma4-E4B,non_thinking,18,10,10,min_bhattacharyya,1.9902535676956177,higher,1.9902535676956177
Gemma4-E4B,non_thinking,18,10,10,mean_bhattacharyya,14.074938727749718,higher,14.074938727749718
Gemma4-E4B,non_thinking,18,10,10,nc2_class_cosine_deviation,0.6656492291777223,lower,-0.6656492291777223
Gemma4-E4B,native_thinking,18,1,10,logistic_precision,0.875,higher,0.875
Gemma4-E4B,native_thinking,18,1,10,logistic_recall,0.7,higher,0.7
Gemma4-E4B,native_thinking,18,1,10,logistic_f1,0.7777777777777778,higher,0.7777777777777778
Gemma4-E4B,native_thinking,18,1,10,ncc_recall,0.8,higher,0.8
Gemma4-E4B,native_thinking,18,1,10,silhouette_cosine,0.11055491864681244,higher,0.11055491864681244
Gemma4-E4B,native_thinking,18,1,10,within_trace,1824.9150390625,lower,-1824.9150390625
Gemma4-E4B,native_thinking,18,1,10,class_nc1_ratio,1.8596477737788377,lower,-1.8596477737788377
Gemma4-E4B,native_thinking,18,1,10,centroid_nearest_squared,1483.866455078125,higher,1483.866455078125
Gemma4-E4B,native_thinking,18,1,10,fisher_nearest,0.8131153633543514,higher,0.8131153633543514
Gemma4-E4B,native_thinking,18,1,10,min_bhattacharyya,7.770601272583008,higher,7.770601272583008
Gemma4-E4B,native_thinking,18,1,10,mean_bhattacharyya,11.068939897749159,higher,11.068939897749159
Gemma4-E4B,native_thinking,18,1,10,nc2_class_cosine_deviation,0.29068149897603335,lower,-0.29068149897603335
Gemma4-E4B,native_thinking,18,2,7,logistic_precision,0.7142857142857143,higher,0.7142857142857143
Gemma4-E4B,native_thinking,18,2,7,logistic_recall,0.7142857142857143,higher,0.7142857142857143
Gemma4-E4B,native_thinking,18,2,7,logistic_f1,0.7142857142857143,higher,0.7142857142857143
Gemma4-E4B,native_thinking,18,2,7,ncc_recall,0.7142857142857143,higher,0.7142857142857143
Gemma4-E4B,native_thinking,18,2,7,silhouette_cosine,0.06480949372053146,higher,0.06480949372053146
Gemma4-E4B,native_thinking,18,2,7,within_trace,1065.329833984375,lower,-1065.329833984375
Gemma4-E4B,native_thinking,18,2,7,class_nc1_ratio,1.7327453731787152,lower,-1.7327453731787152
Gemma4-E4B,native_thinking,18,2,7,centroid_nearest_squared,400.18975830078125,higher,400.18975830078125
Gemma4-E4B,native_thinking,18,2,7,fisher_nearest,0.3756486916395235,higher,0.3756486916395235
Gemma4-E4B,native_thinking,18,2,7,min_bhattacharyya,9.070637226104736,higher,9.070637226104736
Gemma4-E4B,native_thinking,18,2,7,mean_bhattacharyya,16.33891216913859,higher,16.33891216913859
Gemma4-E4B,native_thinking,18,2,7,nc2_class_cosine_deviation,0.39562643636707906,lower,-0.39562643636707906
Gemma4-E4B,native_thinking,18,3,7,logistic_precision,0.75,higher,0.75
Gemma4-E4B,native_thinking,18,3,7,logistic_recall,0.8571428571428571,higher,0.8571428571428571
Gemma4-E4B,native_thinking,18,3,7,logistic_f1,0.8,higher,0.8
Gemma4-E4B,native_thinking,18,3,7,ncc_recall,0.7142857142857143,higher,0.7142857142857143
Gemma4-E4B,native_thinking,18,3,7,silhouette_cosine,-0.007413848303258419,higher,-0.007413848303258419
Gemma4-E4B,native_thinking,18,3,7,within_trace,996.4175415039062,lower,-996.4175415039062
Gemma4-E4B,native_thinking,18,3,7,class_nc1_ratio,2.8890510304149815,lower,-2.8890510304149815
Gemma4-E4B,native_thinking,18,3,7,centroid_nearest_squared,286.06707763671875,higher,286.06707763671875
Gemma4-E4B,native_thinking,18,3,7,fisher_nearest,0.28709558565674576,higher,0.28709558565674576
Gemma4-E4B,native_thinking,18,3,7,min_bhattacharyya,6.288924694061279,higher,6.288924694061279
Gemma4-E4B,native_thinking,18,3,7,mean_bhattacharyya,12.548818270365397,higher,12.548818270365397
Gemma4-E4B,native_thinking,18,3,7,nc2_class_cosine_deviation,0.3728813291699798,lower,-0.3728813291699798
Gemma4-E4B,native_thinking,18,4,7,logistic_precision,0.5714285714285714,higher,0.5714285714285714
Gemma4-E4B,native_thinking,18,4,7,logistic_recall,0.5714285714285714,higher,0.5714285714285714
Gemma4-E4B,native_thinking,18,4,7,logistic_f1,0.5714285714285714,higher,0.5714285714285714
Gemma4-E4B,native_thinking,18,4,7,ncc_recall,0.7142857142857143,higher,0.7142857142857143
Gemma4-E4B,native_thinking,18,4,7,silhouette_cosine,-0.11649861186742783,higher,-0.11649861186742783
Gemma4-E4B,native_thinking,18,4,7,within_trace,1112.8414306640625,lower,-1112.8414306640625
Gemma4-E4B,native_thinking,18,4,7,class_nc1_ratio,6.667144412116625,lower,-6.667144412116625
Gemma4-E4B,native_thinking,18,4,7,centroid_nearest_squared,180.75381469726562,higher,180.75381469726562
Gemma4-E4B,native_thinking,18,4,7,fisher_nearest,0.16242549002637774,higher,0.16242549002637774
Gemma4-E4B,native_thinking,18,4,7,min_bhattacharyya,4.3427839279174805,higher,4.3427839279174805
Gemma4-E4B,native_thinking,18,4,7,mean_bhattacharyya,8.40040792359246,higher,8.40040792359246
Gemma4-E4B,native_thinking,18,4,7,nc2_class_cosine_deviation,0.2915288904382859,lower,-0.2915288904382859
Gemma4-E4B,native_thinking,18,5,7,logistic_precision,0.5,higher,0.5
Gemma4-E4B,native_thinking,18,5,7,logistic_recall,0.14285714285714285,higher,0.14285714285714285
Gemma4-E4B,native_thinking,18,5,7,logistic_f1,0.2222222222222222,higher,0.2222222222222222
Gemma4-E4B,native_thinking,18,5,7,ncc_recall,0.14285714285714285,higher,0.14285714285714285
Gemma4-E4B,native_thinking,18,5,7,silhouette_cosine,-0.14871297776699066,higher,-0.14871297776699066
Gemma4-E4B,native_thinking,18,5,7,within_trace,993.0904541015625,lower,-993.0904541015625
Gemma4-E4B,native_thinking,18,5,7,class_nc1_ratio,8.075003762725297,lower,-8.075003762725297
Gemma4-E4B,native_thinking,18,5,7,centroid_nearest_squared,69.93314361572266,higher,69.93314361572266
Gemma4-E4B,native_thinking,18,5,7,fisher_nearest,0.07041971184688343,higher,0.07041971184688343
Gemma4-E4B,native_thinking,18,5,7,min_bhattacharyya,3.1800442934036255,higher,3.1800442934036255
Gemma4-E4B,native_thinking,18,5,7,mean_bhattacharyya,7.293836103545295,higher,7.293836103545295
Gemma4-E4B,native_thinking,18,5,7,nc2_class_cosine_deviation,0.3699234429700875,lower,-0.3699234429700875
Gemma4-E4B,native_thinking,18,6,7,logistic_precision,0.25,higher,0.25
Gemma4-E4B,native_thinking,18,6,7,logistic_recall,0.14285714285714285,higher,0.14285714285714285
Gemma4-E4B,native_thinking,18,6,7,logistic_f1,0.18181818181818182,higher,0.18181818181818182
Gemma4-E4B,native_thinking,18,6,7,ncc_recall,0.14285714285714285,higher,0.14285714285714285
Gemma4-E4B,native_thinking,18,6,7,silhouette_cosine,-0.15824522078037262,higher,-0.15824522078037262
Gemma4-E4B,native_thinking,18,6,7,within_trace,1043.1854248046875,lower,-1043.1854248046875
Gemma4-E4B,native_thinking,18,6,7,class_nc1_ratio,8.270618910575665,lower,-8.270618910575665
Gemma4-E4B,native_thinking,18,6,7,centroid_nearest_squared,69.93314361572266,higher,69.93314361572266
Gemma4-E4B,native_thinking,18,6,7,fisher_nearest,0.06703807583279457,higher,0.06703807583279457
Gemma4-E4B,native_thinking,18,6,7,min_bhattacharyya,3.1800442934036255,higher,3.1800442934036255
Gemma4-E4B,native_thinking,18,6,7,mean_bhattacharyya,7.538614922099644,higher,7.538614922099644
Gemma4-E4B,native_thinking,18,6,7,nc2_class_cosine_deviation,0.44581209675029476,lower,-0.44581209675029476
Gemma4-E4B,native_thinking,18,7,7,logistic_precision,0.125,higher,0.125
Gemma4-E4B,native_thinking,18,7,7,logistic_recall,0.14285714285714285,higher,0.14285714285714285
Gemma4-E4B,native_thinking,18,7,7,logistic_f1,0.13333333333333333,higher,0.13333333333333333
Gemma4-E4B,native_thinking,18,7,7,ncc_recall,0.0,higher,0.0
Gemma4-E4B,native_thinking,18,7,7,silhouette_cosine,-0.10368205606937408,higher,-0.10368205606937408
Gemma4-E4B,native_thinking,18,7,7,within_trace,1016.5245361328125,lower,-1016.5245361328125
Gemma4-E4B,native_thinking,18,7,7,class_nc1_ratio,5.830608647754062,lower,-5.830608647754062
Gemma4-E4B,native_thinking,18,7,7,centroid_nearest_squared,166.00244140625,higher,166.00244140625
Gemma4-E4B,native_thinking,18,7,7,fisher_nearest,0.1633039198815376,higher,0.1633039198815376
Gemma4-E4B,native_thinking,18,7,7,min_bhattacharyya,3.9679335355758667,higher,3.9679335355758667
Gemma4-E4B,native_thinking,18,7,7,mean_bhattacharyya,8.442929652002123,higher,8.442929652002123
Gemma4-E4B,native_thinking,18,7,7,nc2_class_cosine_deviation,0.3852802528827279,lower,-0.3852802528827279
Gemma4-E4B,native_thinking,18,8,7,logistic_precision,0.4,higher,0.4
Gemma4-E4B,native_thinking,18,8,7,logistic_recall,0.5714285714285714,higher,0.5714285714285714
Gemma4-E4B,native_thinking,18,8,7,logistic_f1,0.47058823529411764,higher,0.47058823529411764
Gemma4-E4B,native_thinking,18,8,7,ncc_recall,0.14285714285714285,higher,0.14285714285714285
Gemma4-E4B,native_thinking,18,8,7,silhouette_cosine,-0.17370739579200745,higher,-0.17370739579200745
Gemma4-E4B,native_thinking,18,8,7,within_trace,1008.3594970703125,lower,-1008.3594970703125
Gemma4-E4B,native_thinking,18,8,7,class_nc1_ratio,4.5526456728201605,lower,-4.5526456728201605
Gemma4-E4B,native_thinking,18,8,7,centroid_nearest_squared,164.9575653076172,higher,164.9575653076172
Gemma4-E4B,native_thinking,18,8,7,fisher_nearest,0.16359003489022006,higher,0.16359003489022006
Gemma4-E4B,native_thinking,18,8,7,min_bhattacharyya,3.9679335355758667,higher,3.9679335355758667
Gemma4-E4B,native_thinking,18,8,7,mean_bhattacharyya,7.843689031071133,higher,7.843689031071133
Gemma4-E4B,native_thinking,18,8,7,nc2_class_cosine_deviation,0.4873030755990817,lower,-0.4873030755990817
Gemma4-E4B,native_thinking,18,9,5,logistic_precision,0.1111111111111111,higher,0.1111111111111111
Gemma4-E4B,native_thinking,18,9,5,logistic_recall,0.2,higher,0.2
Gemma4-E4B,native_thinking,18,9,5,logistic_f1,0.14285714285714285,higher,0.14285714285714285
Gemma4-E4B,native_thinking,18,9,5,ncc_recall,0.6,higher,0.6
Gemma4-E4B,native_thinking,18,9,5,silhouette_cosine,-0.14057306945323944,higher,-0.14057306945323944
Gemma4-E4B,native_thinking,18,9,5,within_trace,1010.4716186523438,lower,-1010.4716186523438
Gemma4-E4B,native_thinking,18,9,5,class_nc1_ratio,2.8318967951097234,lower,-2.8318967951097234
Gemma4-E4B,native_thinking,18,9,5,centroid_nearest_squared,164.9575653076172,higher,164.9575653076172
Gemma4-E4B,native_thinking,18,9,5,fisher_nearest,0.16324809352648567,higher,0.16324809352648567
Gemma4-E4B,native_thinking,18,9,5,min_bhattacharyya,4.318921089172363,higher,4.318921089172363
Gemma4-E4B,native_thinking,18,9,5,mean_bhattacharyya,10.255979114108616,higher,10.255979114108616
Gemma4-E4B,native_thinking,18,9,5,nc2_class_cosine_deviation,0.4704207901233508,lower,-0.4704207901233508
Gemma4-E4B,native_thinking,18,10,3,logistic_precision,0.0,higher,0.0
Gemma4-E4B,native_thinking,18,10,3,logistic_recall,0.0,higher,0.0
Gemma4-E4B,native_thinking,18,10,3,logistic_f1,0.0,higher,0.0
Gemma4-E4B,native_thinking,18,10,3,ncc_recall,0.3333333333333333,higher,0.3333333333333333
Gemma4-E4B,native_thinking,18,10,3,silhouette_cosine,-0.1429959237575531,higher,-0.1429959237575531
Gemma4-E4B,native_thinking,18,10,3,within_trace,906.5093383789062,lower,-906.5093383789062
Gemma4-E4B,native_thinking,18,10,3,class_nc1_ratio,1.8461482323153655,lower,-1.8461482323153655
Gemma4-E4B,native_thinking,18,10,3,centroid_nearest_squared,311.4799499511719,higher,311.4799499511719
Gemma4-E4B,native_thinking,18,10,3,fisher_nearest,0.3436036858794921,higher,0.3436036858794921
Gemma4-E4B,native_thinking,18,10,3,min_bhattacharyya,5.043926239013672,higher,5.043926239013672
Gemma4-E4B,native_thinking,18,10,3,mean_bhattacharyya,11.141877863142225,higher,11.141877863142225
Gemma4-E4B,native_thinking,18,10,3,nc2_class_cosine_deviation,0.44998215212498177,lower,-0.44998215212498177
Gemma4-E4B,non_thinking,19,1,10,logistic_precision,1.0,higher,1.0
Gemma4-E4B,non_thinking,19,1,10,logistic_recall,1.0,higher,1.0
Gemma4-E4B,non_thinking,19,1,10,logistic_f1,1.0,higher,1.0
Gemma4-E4B,non_thinking,19,1,10,ncc_recall,1.0,higher,1.0
Gemma4-E4B,non_thinking,19,1,10,silhouette_cosine,0.8249080777168274,higher,0.8249080777168274
Gemma4-E4B,non_thinking,19,1,10,within_trace,564.3758544921875,lower,-564.3758544921875
Gemma4-E4B,non_thinking,19,1,10,class_nc1_ratio,0.1531014930025846,lower,-0.1531014930025846
Gemma4-E4B,non_thinking,19,1,10,centroid_nearest_squared,3180.8505859375,higher,3180.8505859375
Gemma4-E4B,non_thinking,19,1,10,fisher_nearest,5.636050090767183,higher,5.636050090767183
Gemma4-E4B,non_thinking,19,1,10,min_bhattacharyya,37.00619888305664,higher,37.00619888305664
Gemma4-E4B,non_thinking,19,1,10,mean_bhattacharyya,60.324088202582466,higher,60.324088202582466
Gemma4-E4B,non_thinking,19,1,10,nc2_class_cosine_deviation,0.5432227103062617,lower,-0.5432227103062617
Gemma4-E4B,non_thinking,19,2,10,logistic_precision,0.9090909090909091,higher,0.9090909090909091
Gemma4-E4B,non_thinking,19,2,10,logistic_recall,1.0,higher,1.0
Gemma4-E4B,non_thinking,19,2,10,logistic_f1,0.9523809523809523,higher,0.9523809523809523
Gemma4-E4B,non_thinking,19,2,10,ncc_recall,0.8,higher,0.8
Gemma4-E4B,non_thinking,19,2,10,silhouette_cosine,-0.12281068414449692,higher,-0.12281068414449692
Gemma4-E4B,non_thinking,19,2,10,within_trace,1392.6492919921875,lower,-1392.6492919921875
Gemma4-E4B,non_thinking,19,2,10,class_nc1_ratio,2.5360777013617755,lower,-2.5360777013617755
Gemma4-E4B,non_thinking,19,2,10,centroid_nearest_squared,423.1210632324219,higher,423.1210632324219
Gemma4-E4B,non_thinking,19,2,10,fisher_nearest,0.30382456348873477,higher,0.30382456348873477
Gemma4-E4B,non_thinking,19,2,10,min_bhattacharyya,5.0060224533081055,higher,5.0060224533081055
Gemma4-E4B,non_thinking,19,2,10,mean_bhattacharyya,13.86871756447686,higher,13.86871756447686
Gemma4-E4B,non_thinking,19,2,10,nc2_class_cosine_deviation,0.45798497260720633,lower,-0.45798497260720633
Gemma4-E4B,non_thinking,19,3,10,logistic_precision,0.6,higher,0.6
Gemma4-E4B,non_thinking,19,3,10,logistic_recall,0.3,higher,0.3
Gemma4-E4B,non_thinking,19,3,10,logistic_f1,0.4,higher,0.4
Gemma4-E4B,non_thinking,19,3,10,ncc_recall,0.2,higher,0.2
Gemma4-E4B,non_thinking,19,3,10,silhouette_cosine,-0.167306050658226,higher,-0.167306050658226
Gemma4-E4B,non_thinking,19,3,10,within_trace,1568.4931640625,lower,-1568.4931640625
Gemma4-E4B,non_thinking,19,3,10,class_nc1_ratio,11.350979470779603,lower,-11.350979470779603
Gemma4-E4B,non_thinking,19,3,10,centroid_nearest_squared,113.95263671875,higher,113.95263671875
Gemma4-E4B,non_thinking,19,3,10,fisher_nearest,0.07265102541065924,higher,0.07265102541065924
Gemma4-E4B,non_thinking,19,3,10,min_bhattacharyya,2.2547237277030945,higher,2.2547237277030945
Gemma4-E4B,non_thinking,19,3,10,mean_bhattacharyya,9.127305951383379,higher,9.127305951383379
Gemma4-E4B,non_thinking,19,3,10,nc2_class_cosine_deviation,0.2644318355546321,lower,-0.2644318355546321
Gemma4-E4B,non_thinking,19,4,10,logistic_precision,0.3333333333333333,higher,0.3333333333333333
Gemma4-E4B,non_thinking,19,4,10,logistic_recall,0.6,higher,0.6
Gemma4-E4B,non_thinking,19,4,10,logistic_f1,0.42857142857142855,higher,0.42857142857142855
Gemma4-E4B,non_thinking,19,4,10,ncc_recall,0.1,higher,0.1
Gemma4-E4B,non_thinking,19,4,10,silhouette_cosine,-0.18170015513896942,higher,-0.18170015513896942
Gemma4-E4B,non_thinking,19,4,10,within_trace,1455.021484375,lower,-1455.021484375
Gemma4-E4B,non_thinking,19,4,10,class_nc1_ratio,16.058617541260567,lower,-16.058617541260567
Gemma4-E4B,non_thinking,19,4,10,centroid_nearest_squared,113.95263671875,higher,113.95263671875
Gemma4-E4B,non_thinking,19,4,10,fisher_nearest,0.0783168069629556,higher,0.0783168069629556
Gemma4-E4B,non_thinking,19,4,10,min_bhattacharyya,2.2547237277030945,higher,2.2547237277030945
Gemma4-E4B,non_thinking,19,4,10,mean_bhattacharyya,8.857678367031944,higher,8.857678367031944
Gemma4-E4B,non_thinking,19,4,10,nc2_class_cosine_deviation,0.3658093919540629,lower,-0.3658093919540629
Gemma4-E4B,non_thinking,19,5,10,logistic_precision,0.0,higher,0.0
Gemma4-E4B,non_thinking,19,5,10,logistic_recall,0.0,higher,0.0
Gemma4-E4B,non_thinking,19,5,10,logistic_f1,0.0,higher,0.0
Gemma4-E4B,non_thinking,19,5,10,ncc_recall,0.1,higher,0.1
Gemma4-E4B,non_thinking,19,5,10,silhouette_cosine,-0.12626205384731293,higher,-0.12626205384731293
Gemma4-E4B,non_thinking,19,5,10,within_trace,1216.1185302734375,lower,-1216.1185302734375
Gemma4-E4B,non_thinking,19,5,10,class_nc1_ratio,8.275691037299463,lower,-8.275691037299463
Gemma4-E4B,non_thinking,19,5,10,centroid_nearest_squared,120.01582336425781,higher,120.01582336425781
Gemma4-E4B,non_thinking,19,5,10,fisher_nearest,0.09868760353258733,higher,0.09868760353258733
Gemma4-E4B,non_thinking,19,5,10,min_bhattacharyya,2.7724137902259827,higher,2.7724137902259827
Gemma4-E4B,non_thinking,19,5,10,mean_bhattacharyya,11.05703729391098,higher,11.05703729391098
Gemma4-E4B,non_thinking,19,5,10,nc2_class_cosine_deviation,0.5710381852623857,lower,-0.5710381852623857
Gemma4-E4B,non_thinking,19,6,10,logistic_precision,0.21052631578947367,higher,0.21052631578947367
Gemma4-E4B,non_thinking,19,6,10,logistic_recall,0.4,higher,0.4
Gemma4-E4B,non_thinking,19,6,10,logistic_f1,0.27586206896551724,higher,0.27586206896551724
Gemma4-E4B,non_thinking,19,6,10,ncc_recall,0.1,higher,0.1
Gemma4-E4B,non_thinking,19,6,10,silhouette_cosine,-0.15683002769947052,higher,-0.15683002769947052
Gemma4-E4B,non_thinking,19,6,10,within_trace,1213.382080078125,lower,-1213.382080078125
Gemma4-E4B,non_thinking,19,6,10,class_nc1_ratio,9.967022637978937,lower,-9.967022637978937
Gemma4-E4B,non_thinking,19,6,10,centroid_nearest_squared,89.43165588378906,higher,89.43165588378906
Gemma4-E4B,non_thinking,19,6,10,fisher_nearest,0.07370444755375892,higher,0.07370444755375892
Gemma4-E4B,non_thinking,19,6,10,min_bhattacharyya,2.1465256214141846,higher,2.1465256214141846
Gemma4-E4B,non_thinking,19,6,10,mean_bhattacharyya,10.177759991751778,higher,10.177759991751778
Gemma4-E4B,non_thinking,19,6,10,nc2_class_cosine_deviation,0.5529261437923084,lower,-0.5529261437923084
Gemma4-E4B,non_thinking,19,7,10,logistic_precision,0.3333333333333333,higher,0.3333333333333333
Gemma4-E4B,non_thinking,19,7,10,logistic_recall,0.2,higher,0.2
Gemma4-E4B,non_thinking,19,7,10,logistic_f1,0.25,higher,0.25
Gemma4-E4B,non_thinking,19,7,10,ncc_recall,0.1,higher,0.1
Gemma4-E4B,non_thinking,19,7,10,silhouette_cosine,-0.11600074917078018,higher,-0.11600074917078018
Gemma4-E4B,non_thinking,19,7,10,within_trace,991.964599609375,lower,-991.964599609375
Gemma4-E4B,non_thinking,19,7,10,class_nc1_ratio,5.194612007201933,lower,-5.194612007201933
Gemma4-E4B,non_thinking,19,7,10,centroid_nearest_squared,89.43165588378906,higher,89.43165588378906
Gemma4-E4B,non_thinking,19,7,10,fisher_nearest,0.09015609621452851,higher,0.09015609621452851
Gemma4-E4B,non_thinking,19,7,10,min_bhattacharyya,2.01747590303421,higher,2.01747590303421
Gemma4-E4B,non_thinking,19,7,10,mean_bhattacharyya,10.95298891597324,higher,10.95298891597324
Gemma4-E4B,non_thinking,19,7,10,nc2_class_cosine_deviation,0.6027618436901658,lower,-0.6027618436901658
Gemma4-E4B,non_thinking,19,8,10,logistic_precision,0.2727272727272727,higher,0.2727272727272727
Gemma4-E4B,non_thinking,19,8,10,logistic_recall,0.3,higher,0.3
Gemma4-E4B,non_thinking,19,8,10,logistic_f1,0.2857142857142857,higher,0.2857142857142857
Gemma4-E4B,non_thinking,19,8,10,ncc_recall,0.2,higher,0.2
Gemma4-E4B,non_thinking,19,8,10,silhouette_cosine,-0.13689646124839783,higher,-0.13689646124839783
Gemma4-E4B,non_thinking,19,8,10,within_trace,997.9728393554688,lower,-997.9728393554688
Gemma4-E4B,non_thinking,19,8,10,class_nc1_ratio,5.455890369629833,lower,-5.455890369629833
Gemma4-E4B,non_thinking,19,8,10,centroid_nearest_squared,69.05908966064453,higher,69.05908966064453
Gemma4-E4B,non_thinking,19,8,10,fisher_nearest,0.06919936789586947,higher,0.06919936789586947
Gemma4-E4B,non_thinking,19,8,10,min_bhattacharyya,1.9055004715919495,higher,1.9055004715919495
Gemma4-E4B,non_thinking,19,8,10,mean_bhattacharyya,11.744366996818119,higher,11.744366996818119
Gemma4-E4B,non_thinking,19,8,10,nc2_class_cosine_deviation,0.6135718397520207,lower,-0.6135718397520207
Gemma4-E4B,non_thinking,19,9,10,logistic_precision,0.125,higher,0.125
Gemma4-E4B,non_thinking,19,9,10,logistic_recall,0.1,higher,0.1
Gemma4-E4B,non_thinking,19,9,10,logistic_f1,0.1111111111111111,higher,0.1111111111111111
Gemma4-E4B,non_thinking,19,9,10,ncc_recall,0.2,higher,0.2
Gemma4-E4B,non_thinking,19,9,10,silhouette_cosine,-0.10822776705026627,higher,-0.10822776705026627
Gemma4-E4B,non_thinking,19,9,10,within_trace,981.4947509765625,lower,-981.4947509765625
Gemma4-E4B,non_thinking,19,9,10,class_nc1_ratio,3.960579788272214,lower,-3.960579788272214
Gemma4-E4B,non_thinking,19,9,10,centroid_nearest_squared,69.05908966064453,higher,69.05908966064453
Gemma4-E4B,non_thinking,19,9,10,fisher_nearest,0.07036114007938654,higher,0.07036114007938654
Gemma4-E4B,non_thinking,19,9,10,min_bhattacharyya,1.7813334465026855,higher,1.7813334465026855
Gemma4-E4B,non_thinking,19,9,10,mean_bhattacharyya,12.406697776582506,higher,12.406697776582506
Gemma4-E4B,non_thinking,19,9,10,nc2_class_cosine_deviation,0.6338122078665981,lower,-0.6338122078665981
Gemma4-E4B,non_thinking,19,10,10,logistic_precision,0.3333333333333333,higher,0.3333333333333333
Gemma4-E4B,non_thinking,19,10,10,logistic_recall,0.3,higher,0.3
Gemma4-E4B,non_thinking,19,10,10,logistic_f1,0.3157894736842105,higher,0.3157894736842105
Gemma4-E4B,non_thinking,19,10,10,ncc_recall,0.3,higher,0.3
Gemma4-E4B,non_thinking,19,10,10,silhouette_cosine,-0.08132146298885345,higher,-0.08132146298885345
Gemma4-E4B,non_thinking,19,10,10,within_trace,912.4794921875,lower,-912.4794921875
Gemma4-E4B,non_thinking,19,10,10,class_nc1_ratio,3.6649453623289427,lower,-3.6649453623289427
Gemma4-E4B,non_thinking,19,10,10,centroid_nearest_squared,70.59590148925781,higher,70.59590148925781
Gemma4-E4B,non_thinking,19,10,10,fisher_nearest,0.07736711026788916,higher,0.07736711026788916
Gemma4-E4B,non_thinking,19,10,10,min_bhattacharyya,1.7813334465026855,higher,1.7813334465026855
Gemma4-E4B,non_thinking,19,10,10,mean_bhattacharyya,12.365388645066155,higher,12.365388645066155
Gemma4-E4B,non_thinking,19,10,10,nc2_class_cosine_deviation,0.6446273481404341,lower,-0.6446273481404341
Gemma4-E4B,native_thinking,19,1,10,logistic_precision,1.0,higher,1.0
Gemma4-E4B,native_thinking,19,1,10,logistic_recall,0.7,higher,0.7
Gemma4-E4B,native_thinking,19,1,10,logistic_f1,0.8235294117647058,higher,0.8235294117647058
Gemma4-E4B,native_thinking,19,1,10,ncc_recall,0.8,higher,0.8
Gemma4-E4B,native_thinking,19,1,10,silhouette_cosine,0.10027587413787842,higher,0.10027587413787842
Gemma4-E4B,native_thinking,19,1,10,within_trace,1724.5084228515625,lower,-1724.5084228515625
Gemma4-E4B,native_thinking,19,1,10,class_nc1_ratio,1.953182562282638,lower,-1.953182562282638
Gemma4-E4B,native_thinking,19,1,10,centroid_nearest_squared,1331.1080322265625,higher,1331.1080322265625
Gemma4-E4B,native_thinking,19,1,10,fisher_nearest,0.7718767937505968,higher,0.7718767937505968
Gemma4-E4B,native_thinking,19,1,10,min_bhattacharyya,7.480403423309326,higher,7.480403423309326
Gemma4-E4B,native_thinking,19,1,10,mean_bhattacharyya,11.916123920016819,higher,11.916123920016819
Gemma4-E4B,native_thinking,19,1,10,nc2_class_cosine_deviation,0.24715341443632852,lower,-0.24715341443632852
Gemma4-E4B,native_thinking,19,2,7,logistic_precision,0.875,higher,0.875
Gemma4-E4B,native_thinking,19,2,7,logistic_recall,1.0,higher,1.0
Gemma4-E4B,native_thinking,19,2,7,logistic_f1,0.9333333333333333,higher,0.9333333333333333
Gemma4-E4B,native_thinking,19,2,7,ncc_recall,0.7142857142857143,higher,0.7142857142857143
Gemma4-E4B,native_thinking,19,2,7,silhouette_cosine,0.09769834578037262,higher,0.09769834578037262
Gemma4-E4B,native_thinking,19,2,7,within_trace,1027.811279296875,lower,-1027.811279296875
Gemma4-E4B,native_thinking,19,2,7,class_nc1_ratio,1.559173006495419,lower,-1.559173006495419
Gemma4-E4B,native_thinking,19,2,7,centroid_nearest_squared,399.1478271484375,higher,399.1478271484375
Gemma4-E4B,native_thinking,19,2,7,fisher_nearest,0.38834738943660385,higher,0.38834738943660385
Gemma4-E4B,native_thinking,19,2,7,min_bhattacharyya,9.65676212310791,higher,9.65676212310791
Gemma4-E4B,native_thinking,19,2,7,mean_bhattacharyya,18.146200709872776,higher,18.146200709872776
Gemma4-E4B,native_thinking,19,2,7,nc2_class_cosine_deviation,0.40130921876356923,lower,-0.40130921876356923
Gemma4-E4B,native_thinking,19,3,7,logistic_precision,0.8333333333333334,higher,0.8333333333333334
Gemma4-E4B,native_thinking,19,3,7,logistic_recall,0.7142857142857143,higher,0.7142857142857143
Gemma4-E4B,native_thinking,19,3,7,logistic_f1,0.7692307692307693,higher,0.7692307692307693
Gemma4-E4B,native_thinking,19,3,7,ncc_recall,0.7142857142857143,higher,0.7142857142857143
Gemma4-E4B,native_thinking,19,3,7,silhouette_cosine,-0.04334957152605057,higher,-0.04334957152605057
Gemma4-E4B,native_thinking,19,3,7,within_trace,953.5184326171875,lower,-953.5184326171875
Gemma4-E4B,native_thinking,19,3,7,class_nc1_ratio,2.7160991824719383,lower,-2.7160991824719383
Gemma4-E4B,native_thinking,19,3,7,centroid_nearest_squared,267.74993896484375,higher,267.74993896484375
Gemma4-E4B,native_thinking,19,3,7,fisher_nearest,0.28080205878132014,higher,0.28080205878132014
Gemma4-E4B,native_thinking,19,3,7,min_bhattacharyya,6.809638977050781,higher,6.809638977050781
Gemma4-E4B,native_thinking,19,3,7,mean_bhattacharyya,12.70301702287462,higher,12.70301702287462
Gemma4-E4B,native_thinking,19,3,7,nc2_class_cosine_deviation,0.42190325021007913,lower,-0.42190325021007913
Gemma4-E4B,native_thinking,19,4,7,logistic_precision,0.5,higher,0.5
Gemma4-E4B,native_thinking,19,4,7,logistic_recall,0.5714285714285714,higher,0.5714285714285714
Gemma4-E4B,native_thinking,19,4,7,logistic_f1,0.5333333333333333,higher,0.5333333333333333
Gemma4-E4B,native_thinking,19,4,7,ncc_recall,0.7142857142857143,higher,0.7142857142857143
Gemma4-E4B,native_thinking,19,4,7,silhouette_cosine,-0.09115806967020035,higher,-0.09115806967020035
Gemma4-E4B,native_thinking,19,4,7,within_trace,1014.5745849609375,lower,-1014.5745849609375
Gemma4-E4B,native_thinking,19,4,7,class_nc1_ratio,5.13694961060762,lower,-5.13694961060762
Gemma4-E4B,native_thinking,19,4,7,centroid_nearest_squared,159.79202270507812,higher,159.79202270507812
Gemma4-E4B,native_thinking,19,4,7,fisher_nearest,0.15749657548462082,higher,0.15749657548462082
Gemma4-E4B,native_thinking,19,4,7,min_bhattacharyya,4.3320252895355225,higher,4.3320252895355225
Gemma4-E4B,native_thinking,19,4,7,mean_bhattacharyya,9.922269794676039,higher,9.922269794676039
Gemma4-E4B,native_thinking,19,4,7,nc2_class_cosine_deviation,0.4113584236230379,lower,-0.4113584236230379
Gemma4-E4B,native_thinking,19,5,7,logistic_precision,1.0,higher,1.0
Gemma4-E4B,native_thinking,19,5,7,logistic_recall,0.14285714285714285,higher,0.14285714285714285
Gemma4-E4B,native_thinking,19,5,7,logistic_f1,0.25,higher,0.25
Gemma4-E4B,native_thinking,19,5,7,ncc_recall,0.14285714285714285,higher,0.14285714285714285
Gemma4-E4B,native_thinking,19,5,7,silhouette_cosine,-0.14584539830684662,higher,-0.14584539830684662
Gemma4-E4B,native_thinking,19,5,7,within_trace,1026.403564453125,lower,-1026.403564453125
Gemma4-E4B,native_thinking,19,5,7,class_nc1_ratio,8.315598079151645,lower,-8.315598079151645
Gemma4-E4B,native_thinking,19,5,7,centroid_nearest_squared,64.22055053710938,higher,64.22055053710938
Gemma4-E4B,native_thinking,19,5,7,fisher_nearest,0.06256851862291275,higher,0.06256851862291275
Gemma4-E4B,native_thinking,19,5,7,min_bhattacharyya,2.785869598388672,higher,2.785869598388672
Gemma4-E4B,native_thinking,19,5,7,mean_bhattacharyya,7.927402363883124,higher,7.927402363883124
Gemma4-E4B,native_thinking,19,5,7,nc2_class_cosine_deviation,0.3167833527320145,lower,-0.3167833527320145
Gemma4-E4B,native_thinking,19,6,7,logistic_precision,0.2,higher,0.2
Gemma4-E4B,native_thinking,19,6,7,logistic_recall,0.2857142857142857,higher,0.2857142857142857
Gemma4-E4B,native_thinking,19,6,7,logistic_f1,0.23529411764705882,higher,0.23529411764705882
Gemma4-E4B,native_thinking,19,6,7,ncc_recall,0.14285714285714285,higher,0.14285714285714285
Gemma4-E4B,native_thinking,19,6,7,silhouette_cosine,-0.16926062107086182,higher,-0.16926062107086182
Gemma4-E4B,native_thinking,19,6,7,within_trace,1060.88720703125,lower,-1060.88720703125
Gemma4-E4B,native_thinking,19,6,7,class_nc1_ratio,9.655802632861743,lower,-9.655802632861743
Gemma4-E4B,native_thinking,19,6,7,centroid_nearest_squared,64.22055053710938,higher,64.22055053710938
Gemma4-E4B,native_thinking,19,6,7,fisher_nearest,0.060534758183032424,higher,0.060534758183032424
Gemma4-E4B,native_thinking,19,6,7,min_bhattacharyya,2.785869598388672,higher,2.785869598388672
Gemma4-E4B,native_thinking,19,6,7,mean_bhattacharyya,7.7856583330366345,higher,7.7856583330366345
Gemma4-E4B,native_thinking,19,6,7,nc2_class_cosine_deviation,0.38102439248267517,lower,-0.38102439248267517
Gemma4-E4B,native_thinking,19,7,7,logistic_precision,0.2857142857142857,higher,0.2857142857142857
Gemma4-E4B,native_thinking,19,7,7,logistic_recall,0.2857142857142857,higher,0.2857142857142857
Gemma4-E4B,native_thinking,19,7,7,logistic_f1,0.2857142857142857,higher,0.2857142857142857
Gemma4-E4B,native_thinking,19,7,7,ncc_recall,0.14285714285714285,higher,0.14285714285714285
Gemma4-E4B,native_thinking,19,7,7,silhouette_cosine,-0.10452649742364883,higher,-0.10452649742364883
Gemma4-E4B,native_thinking,19,7,7,within_trace,986.469970703125,lower,-986.469970703125
Gemma4-E4B,native_thinking,19,7,7,class_nc1_ratio,4.72938191962082,lower,-4.72938191962082
Gemma4-E4B,native_thinking,19,7,7,centroid_nearest_squared,211.42620849609375,higher,211.42620849609375
Gemma4-E4B,native_thinking,19,7,7,fisher_nearest,0.21432604617999243,higher,0.21432604617999243
Gemma4-E4B,native_thinking,19,7,7,min_bhattacharyya,3.852074384689331,higher,3.852074384689331
Gemma4-E4B,native_thinking,19,7,7,mean_bhattacharyya,9.186460547977024,higher,9.186460547977024
Gemma4-E4B,native_thinking,19,7,7,nc2_class_cosine_deviation,0.40170303557390047,lower,-0.40170303557390047
Gemma4-E4B,native_thinking,19,8,7,logistic_precision,0.4,higher,0.4
Gemma4-E4B,native_thinking,19,8,7,logistic_recall,0.2857142857142857,higher,0.2857142857142857
Gemma4-E4B,native_thinking,19,8,7,logistic_f1,0.3333333333333333,higher,0.3333333333333333
Gemma4-E4B,native_thinking,19,8,7,ncc_recall,0.14285714285714285,higher,0.14285714285714285
Gemma4-E4B,native_thinking,19,8,7,silhouette_cosine,-0.17861226201057434,higher,-0.17861226201057434
Gemma4-E4B,native_thinking,19,8,7,within_trace,1040.3790283203125,lower,-1040.3790283203125
Gemma4-E4B,native_thinking,19,8,7,class_nc1_ratio,4.048702128073175,lower,-4.048702128073175
Gemma4-E4B,native_thinking,19,8,7,centroid_nearest_squared,168.7853546142578,higher,168.7853546142578
Gemma4-E4B,native_thinking,19,8,7,fisher_nearest,0.16223448379842975,higher,0.16223448379842975
Gemma4-E4B,native_thinking,19,8,7,min_bhattacharyya,3.852074384689331,higher,3.852074384689331
Gemma4-E4B,native_thinking,19,8,7,mean_bhattacharyya,8.239409897062513,higher,8.239409897062513
Gemma4-E4B,native_thinking,19,8,7,nc2_class_cosine_deviation,0.4677964974723664,lower,-0.4677964974723664
Gemma4-E4B,native_thinking,19,9,5,logistic_precision,0.125,higher,0.125
Gemma4-E4B,native_thinking,19,9,5,logistic_recall,0.2,higher,0.2
Gemma4-E4B,native_thinking,19,9,5,logistic_f1,0.15384615384615385,higher,0.15384615384615385
Gemma4-E4B,native_thinking,19,9,5,ncc_recall,0.4,higher,0.4
Gemma4-E4B,native_thinking,19,9,5,silhouette_cosine,-0.16106002032756805,higher,-0.16106002032756805
Gemma4-E4B,native_thinking,19,9,5,within_trace,1102.129638671875,lower,-1102.129638671875
Gemma4-E4B,native_thinking,19,9,5,class_nc1_ratio,2.465660336627527,lower,-2.465660336627527
Gemma4-E4B,native_thinking,19,9,5,centroid_nearest_squared,168.7853546142578,higher,168.7853546142578
Gemma4-E4B,native_thinking,19,9,5,fisher_nearest,0.15314473787099417,higher,0.15314473787099417
Gemma4-E4B,native_thinking,19,9,5,min_bhattacharyya,3.9473538398742676,higher,3.9473538398742676
Gemma4-E4B,native_thinking,19,9,5,mean_bhattacharyya,11.29068496492174,higher,11.29068496492174
Gemma4-E4B,native_thinking,19,9,5,nc2_class_cosine_deviation,0.46108194265836544,lower,-0.46108194265836544
Gemma4-E4B,native_thinking,19,10,3,logistic_precision,0.2857142857142857,higher,0.2857142857142857
Gemma4-E4B,native_thinking,19,10,3,logistic_recall,0.6666666666666666,higher,0.6666666666666666
Gemma4-E4B,native_thinking,19,10,3,logistic_f1,0.4,higher,0.4
Gemma4-E4B,native_thinking,19,10,3,ncc_recall,0.6666666666666666,higher,0.6666666666666666
Gemma4-E4B,native_thinking,19,10,3,silhouette_cosine,-0.11169528216123581,higher,-0.11169528216123581
Gemma4-E4B,native_thinking,19,10,3,within_trace,888.3546142578125,lower,-888.3546142578125
Gemma4-E4B,native_thinking,19,10,3,class_nc1_ratio,1.6309457808997512,lower,-1.6309457808997512
Gemma4-E4B,native_thinking,19,10,3,centroid_nearest_squared,327.45361328125,higher,327.45361328125
Gemma4-E4B,native_thinking,19,10,3,fisher_nearest,0.36860686940296405,higher,0.36860686940296405
Gemma4-E4B,native_thinking,19,10,3,min_bhattacharyya,4.914196014404297,higher,4.914196014404297
Gemma4-E4B,native_thinking,19,10,3,mean_bhattacharyya,12.31074211332533,higher,12.31074211332533
Gemma4-E4B,native_thinking,19,10,3,nc2_class_cosine_deviation,0.4434218554769033,lower,-0.4434218554769033
Gemma4-E4B,non_thinking,20,1,10,logistic_precision,1.0,higher,1.0
Gemma4-E4B,non_thinking,20,1,10,logistic_recall,1.0,higher,1.0
Gemma4-E4B,non_thinking,20,1,10,logistic_f1,1.0,higher,1.0
Gemma4-E4B,non_thinking,20,1,10,ncc_recall,1.0,higher,1.0
Gemma4-E4B,non_thinking,20,1,10,silhouette_cosine,0.8272016644477844,higher,0.8272016644477844
Gemma4-E4B,non_thinking,20,1,10,within_trace,608.6405029296875,lower,-608.6405029296875
Gemma4-E4B,non_thinking,20,1,10,class_nc1_ratio,0.15239505677309642,lower,-0.15239505677309642
Gemma4-E4B,non_thinking,20,1,10,centroid_nearest_squared,3662.55810546875,higher,3662.55810546875
Gemma4-E4B,non_thinking,20,1,10,fisher_nearest,6.017604953727279,higher,6.017604953727279
Gemma4-E4B,non_thinking,20,1,10,min_bhattacharyya,39.98297882080078,higher,39.98297882080078
Gemma4-E4B,non_thinking,20,1,10,mean_bhattacharyya,70.04528130425348,higher,70.04528130425348
Gemma4-E4B,non_thinking,20,1,10,nc2_class_cosine_deviation,0.5286431492846688,lower,-0.5286431492846688
Gemma4-E4B,non_thinking,20,2,10,logistic_precision,1.0,higher,1.0
Gemma4-E4B,non_thinking,20,2,10,logistic_recall,1.0,higher,1.0
Gemma4-E4B,non_thinking,20,2,10,logistic_f1,1.0,higher,1.0
Gemma4-E4B,non_thinking,20,2,10,ncc_recall,1.0,higher,1.0
Gemma4-E4B,non_thinking,20,2,10,silhouette_cosine,-0.056847475469112396,higher,-0.056847475469112396
Gemma4-E4B,non_thinking,20,2,10,within_trace,1454.4901123046875,lower,-1454.4901123046875
Gemma4-E4B,non_thinking,20,2,10,class_nc1_ratio,2.057543616409671,lower,-2.057543616409671
Gemma4-E4B,non_thinking,20,2,10,centroid_nearest_squared,508.7138671875,higher,508.7138671875
Gemma4-E4B,non_thinking,20,2,10,fisher_nearest,0.34975409106179906,higher,0.34975409106179906
Gemma4-E4B,non_thinking,20,2,10,min_bhattacharyya,6.3116538524627686,higher,6.3116538524627686
Gemma4-E4B,non_thinking,20,2,10,mean_bhattacharyya,16.71947916348775,higher,16.71947916348775
Gemma4-E4B,non_thinking,20,2,10,nc2_class_cosine_deviation,0.43562338712774673,lower,-0.43562338712774673
Gemma4-E4B,non_thinking,20,3,10,logistic_precision,0.6666666666666666,higher,0.6666666666666666
Gemma4-E4B,non_thinking,20,3,10,logistic_recall,0.6,higher,0.6
Gemma4-E4B,non_thinking,20,3,10,logistic_f1,0.631578947368421,higher,0.631578947368421
Gemma4-E4B,non_thinking,20,3,10,ncc_recall,0.2,higher,0.2
Gemma4-E4B,non_thinking,20,3,10,silhouette_cosine,-0.17242100834846497,higher,-0.17242100834846497
Gemma4-E4B,non_thinking,20,3,10,within_trace,1577.04052734375,lower,-1577.04052734375
Gemma4-E4B,non_thinking,20,3,10,class_nc1_ratio,11.281346147712483,lower,-11.281346147712483
Gemma4-E4B,non_thinking,20,3,10,centroid_nearest_squared,149.08555603027344,higher,149.08555603027344
Gemma4-E4B,non_thinking,20,3,10,fisher_nearest,0.09453501888209688,higher,0.09453501888209688
Gemma4-E4B,non_thinking,20,3,10,min_bhattacharyya,2.3620461225509644,higher,2.3620461225509644
Gemma4-E4B,non_thinking,20,3,10,mean_bhattacharyya,10.302976912922329,higher,10.302976912922329
Gemma4-E4B,non_thinking,20,3,10,nc2_class_cosine_deviation,0.2390507013525492,lower,-0.2390507013525492
Gemma4-E4B,non_thinking,20,4,10,logistic_precision,0.42857142857142855,higher,0.42857142857142855
Gemma4-E4B,non_thinking,20,4,10,logistic_recall,0.6,higher,0.6
Gemma4-E4B,non_thinking,20,4,10,logistic_f1,0.5,higher,0.5
Gemma4-E4B,non_thinking,20,4,10,ncc_recall,0.1,higher,0.1
Gemma4-E4B,non_thinking,20,4,10,silhouette_cosine,-0.16584347188472748,higher,-0.16584347188472748
Gemma4-E4B,non_thinking,20,4,10,within_trace,1390.538818359375,lower,-1390.538818359375
Gemma4-E4B,non_thinking,20,4,10,class_nc1_ratio,11.686846495023557,lower,-11.686846495023557
Gemma4-E4B,non_thinking,20,4,10,centroid_nearest_squared,125.28225708007812,higher,125.28225708007812
Gemma4-E4B,non_thinking,20,4,10,fisher_nearest,0.09009619539272712,higher,0.09009619539272712
Gemma4-E4B,non_thinking,20,4,10,min_bhattacharyya,2.3620461225509644,higher,2.3620461225509644
Gemma4-E4B,non_thinking,20,4,10,mean_bhattacharyya,9.923781275749207,higher,9.923781275749207
Gemma4-E4B,non_thinking,20,4,10,nc2_class_cosine_deviation,0.38131239715917614,lower,-0.38131239715917614
Gemma4-E4B,non_thinking,20,5,10,logistic_precision,0.3333333333333333,higher,0.3333333333333333
Gemma4-E4B,non_thinking,20,5,10,logistic_recall,0.1,higher,0.1
Gemma4-E4B,non_thinking,20,5,10,logistic_f1,0.15384615384615385,higher,0.15384615384615385
Gemma4-E4B,non_thinking,20,5,10,ncc_recall,0.1,higher,0.1
Gemma4-E4B,non_thinking,20,5,10,silhouette_cosine,-0.1058620810508728,higher,-0.1058620810508728
Gemma4-E4B,non_thinking,20,5,10,within_trace,1178.60302734375,lower,-1178.60302734375
Gemma4-E4B,non_thinking,20,5,10,class_nc1_ratio,7.691694189066662,lower,-7.691694189066662
Gemma4-E4B,non_thinking,20,5,10,centroid_nearest_squared,110.03942108154297,higher,110.03942108154297
Gemma4-E4B,non_thinking,20,5,10,fisher_nearest,0.09336427832664052,higher,0.09336427832664052
Gemma4-E4B,non_thinking,20,5,10,min_bhattacharyya,2.7406646609306335,higher,2.7406646609306335
Gemma4-E4B,non_thinking,20,5,10,mean_bhattacharyya,12.896575523747337,higher,12.896575523747337
Gemma4-E4B,non_thinking,20,5,10,nc2_class_cosine_deviation,0.5944854314496487,lower,-0.5944854314496487
Gemma4-E4B,non_thinking,20,6,10,logistic_precision,0.16666666666666666,higher,0.16666666666666666
Gemma4-E4B,non_thinking,20,6,10,logistic_recall,0.4,higher,0.4
Gemma4-E4B,non_thinking,20,6,10,logistic_f1,0.23529411764705882,higher,0.23529411764705882
Gemma4-E4B,non_thinking,20,6,10,ncc_recall,0.2,higher,0.2
Gemma4-E4B,non_thinking,20,6,10,silhouette_cosine,-0.13850030303001404,higher,-0.13850030303001404
Gemma4-E4B,non_thinking,20,6,10,within_trace,1127.533203125,lower,-1127.533203125
Gemma4-E4B,non_thinking,20,6,10,class_nc1_ratio,8.22543098902518,lower,-8.22543098902518
Gemma4-E4B,non_thinking,20,6,10,centroid_nearest_squared,117.43151092529297,higher,117.43151092529297
Gemma4-E4B,non_thinking,20,6,10,fisher_nearest,0.10414904909214841,higher,0.10414904909214841
Gemma4-E4B,non_thinking,20,6,10,min_bhattacharyya,2.107804775238037,higher,2.107804775238037
Gemma4-E4B,non_thinking,20,6,10,mean_bhattacharyya,11.686284118228489,higher,11.686284118228489
Gemma4-E4B,non_thinking,20,6,10,nc2_class_cosine_deviation,0.49944363405675063,lower,-0.49944363405675063
Gemma4-E4B,non_thinking,20,7,10,logistic_precision,0.18181818181818182,higher,0.18181818181818182
Gemma4-E4B,non_thinking,20,7,10,logistic_recall,0.2,higher,0.2
Gemma4-E4B,non_thinking,20,7,10,logistic_f1,0.19047619047619047,higher,0.19047619047619047
Gemma4-E4B,non_thinking,20,7,10,ncc_recall,0.1,higher,0.1
Gemma4-E4B,non_thinking,20,7,10,silhouette_cosine,-0.09282847493886948,higher,-0.09282847493886948
Gemma4-E4B,non_thinking,20,7,10,within_trace,956.8709716796875,lower,-956.8709716796875
Gemma4-E4B,non_thinking,20,7,10,class_nc1_ratio,4.76262755842903,lower,-4.76262755842903
Gemma4-E4B,non_thinking,20,7,10,centroid_nearest_squared,104.58317565917969,higher,104.58317565917969
Gemma4-E4B,non_thinking,20,7,10,fisher_nearest,0.10929705127912366,higher,0.10929705127912366
Gemma4-E4B,non_thinking,20,7,10,min_bhattacharyya,2.107804775238037,higher,2.107804775238037
Gemma4-E4B,non_thinking,20,7,10,mean_bhattacharyya,12.84769750965966,higher,12.84769750965966
Gemma4-E4B,non_thinking,20,7,10,nc2_class_cosine_deviation,0.6222790650747441,lower,-0.6222790650747441
Gemma4-E4B,non_thinking,20,8,10,logistic_precision,0.4,higher,0.4
Gemma4-E4B,non_thinking,20,8,10,logistic_recall,0.2,higher,0.2
Gemma4-E4B,non_thinking,20,8,10,logistic_f1,0.26666666666666666,higher,0.26666666666666666
Gemma4-E4B,non_thinking,20,8,10,ncc_recall,0.1,higher,0.1
Gemma4-E4B,non_thinking,20,8,10,silhouette_cosine,-0.13790938258171082,higher,-0.13790938258171082
Gemma4-E4B,non_thinking,20,8,10,within_trace,948.7643432617188,lower,-948.7643432617188
Gemma4-E4B,non_thinking,20,8,10,class_nc1_ratio,4.5655142336439525,lower,-4.5655142336439525
Gemma4-E4B,non_thinking,20,8,10,centroid_nearest_squared,89.33139038085938,higher,89.33139038085938
Gemma4-E4B,non_thinking,20,8,10,fisher_nearest,0.09415550975888341,higher,0.09415550975888341
Gemma4-E4B,non_thinking,20,8,10,min_bhattacharyya,2.227360785007477,higher,2.227360785007477
Gemma4-E4B,non_thinking,20,8,10,mean_bhattacharyya,13.351600050926208,higher,13.351600050926208
Gemma4-E4B,non_thinking,20,8,10,nc2_class_cosine_deviation,0.6191032699964665,lower,-0.6191032699964665
Gemma4-E4B,non_thinking,20,9,10,logistic_precision,0.0,higher,0.0
Gemma4-E4B,non_thinking,20,9,10,logistic_recall,0.0,higher,0.0
Gemma4-E4B,non_thinking,20,9,10,logistic_f1,0.0,higher,0.0
Gemma4-E4B,non_thinking,20,9,10,ncc_recall,0.2,higher,0.2
Gemma4-E4B,non_thinking,20,9,10,silhouette_cosine,-0.12108658254146576,higher,-0.12108658254146576
Gemma4-E4B,non_thinking,20,9,10,within_trace,960.3564453125,lower,-960.3564453125
Gemma4-E4B,non_thinking,20,9,10,class_nc1_ratio,4.009129142235507,lower,-4.009129142235507
Gemma4-E4B,non_thinking,20,9,10,centroid_nearest_squared,81.39973449707031,higher,81.39973449707031
Gemma4-E4B,non_thinking,20,9,10,fisher_nearest,0.08475991898048109,higher,0.08475991898048109
Gemma4-E4B,non_thinking,20,9,10,min_bhattacharyya,2.0715073943138123,higher,2.0715073943138123
Gemma4-E4B,non_thinking,20,9,10,mean_bhattacharyya,14.355676425827873,higher,14.355676425827873
Gemma4-E4B,non_thinking,20,9,10,nc2_class_cosine_deviation,0.6489142218121776,lower,-0.6489142218121776
Gemma4-E4B,non_thinking,20,10,10,logistic_precision,0.4,higher,0.4
Gemma4-E4B,non_thinking,20,10,10,logistic_recall,0.4,higher,0.4
Gemma4-E4B,non_thinking,20,10,10,logistic_f1,0.4,higher,0.4
Gemma4-E4B,non_thinking,20,10,10,ncc_recall,0.3,higher,0.3
Gemma4-E4B,non_thinking,20,10,10,silhouette_cosine,-0.04843737930059433,higher,-0.04843737930059433
Gemma4-E4B,non_thinking,20,10,10,within_trace,929.8577270507812,lower,-929.8577270507812
Gemma4-E4B,non_thinking,20,10,10,class_nc1_ratio,3.236246405839876,lower,-3.236246405839876
Gemma4-E4B,non_thinking,20,10,10,centroid_nearest_squared,81.39973449707031,higher,81.39973449707031
Gemma4-E4B,non_thinking,20,10,10,fisher_nearest,0.08753998824663735,higher,0.08753998824663735
Gemma4-E4B,non_thinking,20,10,10,min_bhattacharyya,2.0715073943138123,higher,2.0715073943138123
Gemma4-E4B,non_thinking,20,10,10,mean_bhattacharyya,14.813052939044105,higher,14.813052939044105
Gemma4-E4B,non_thinking,20,10,10,nc2_class_cosine_deviation,0.6226334279334105,lower,-0.6226334279334105
Gemma4-E4B,native_thinking,20,1,10,logistic_precision,1.0,higher,1.0
Gemma4-E4B,native_thinking,20,1,10,logistic_recall,0.7,higher,0.7
Gemma4-E4B,native_thinking,20,1,10,logistic_f1,0.8235294117647058,higher,0.8235294117647058
Gemma4-E4B,native_thinking,20,1,10,ncc_recall,0.7,higher,0.7
Gemma4-E4B,native_thinking,20,1,10,silhouette_cosine,0.08132374286651611,higher,0.08132374286651611
Gemma4-E4B,native_thinking,20,1,10,within_trace,1829.568603515625,lower,-1829.568603515625
Gemma4-E4B,native_thinking,20,1,10,class_nc1_ratio,2.1171468245253022,lower,-2.1171468245253022
Gemma4-E4B,native_thinking,20,1,10,centroid_nearest_squared,1304.4569091796875,higher,1304.4569091796875
Gemma4-E4B,native_thinking,20,1,10,fisher_nearest,0.7129860594858788,higher,0.7129860594858788
Gemma4-E4B,native_thinking,20,1,10,min_bhattacharyya,7.099565267562866,higher,7.099565267562866
Gemma4-E4B,native_thinking,20,1,10,mean_bhattacharyya,12.575136952930027,higher,12.575136952930027
Gemma4-E4B,native_thinking,20,1,10,nc2_class_cosine_deviation,0.23215969449576035,lower,-0.23215969449576035
Gemma4-E4B,native_thinking,20,2,7,logistic_precision,1.0,higher,1.0
Gemma4-E4B,native_thinking,20,2,7,logistic_recall,0.8571428571428571,higher,0.8571428571428571
Gemma4-E4B,native_thinking,20,2,7,logistic_f1,0.9230769230769231,higher,0.9230769230769231
Gemma4-E4B,native_thinking,20,2,7,ncc_recall,0.7142857142857143,higher,0.7142857142857143
Gemma4-E4B,native_thinking,20,2,7,silhouette_cosine,0.002007573377341032,higher,0.002007573377341032
Gemma4-E4B,native_thinking,20,2,7,within_trace,1041.728759765625,lower,-1041.728759765625
Gemma4-E4B,native_thinking,20,2,7,class_nc1_ratio,2.1704385202043865,lower,-2.1704385202043865
Gemma4-E4B,native_thinking,20,2,7,centroid_nearest_squared,314.0067138671875,higher,314.0067138671875
Gemma4-E4B,native_thinking,20,2,7,fisher_nearest,0.301428477349358,higher,0.301428477349358
Gemma4-E4B,native_thinking,20,2,7,min_bhattacharyya,7.581299781799316,higher,7.581299781799316
Gemma4-E4B,native_thinking,20,2,7,mean_bhattacharyya,14.51852077907986,higher,14.51852077907986
Gemma4-E4B,native_thinking,20,2,7,nc2_class_cosine_deviation,0.37464576265142285,lower,-0.37464576265142285
Gemma4-E4B,native_thinking,20,3,7,logistic_precision,0.7142857142857143,higher,0.7142857142857143
Gemma4-E4B,native_thinking,20,3,7,logistic_recall,0.7142857142857143,higher,0.7142857142857143
Gemma4-E4B,native_thinking,20,3,7,logistic_f1,0.7142857142857143,higher,0.7142857142857143
Gemma4-E4B,native_thinking,20,3,7,ncc_recall,0.7142857142857143,higher,0.7142857142857143
Gemma4-E4B,native_thinking,20,3,7,silhouette_cosine,-0.020853247493505478,higher,-0.020853247493505478
Gemma4-E4B,native_thinking,20,3,7,within_trace,874.5386962890625,lower,-874.5386962890625
Gemma4-E4B,native_thinking,20,3,7,class_nc1_ratio,2.5453675773744266,lower,-2.5453675773744266
Gemma4-E4B,native_thinking,20,3,7,centroid_nearest_squared,205.90786743164062,higher,205.90786743164062
Gemma4-E4B,native_thinking,20,3,7,fisher_nearest,0.23544740593569072,higher,0.23544740593569072
Gemma4-E4B,native_thinking,20,3,7,min_bhattacharyya,5.979453086853027,higher,5.979453086853027
Gemma4-E4B,native_thinking,20,3,7,mean_bhattacharyya,12.333908557891846,higher,12.333908557891846
Gemma4-E4B,native_thinking,20,3,7,nc2_class_cosine_deviation,0.48161390267404514,lower,-0.48161390267404514
Gemma4-E4B,native_thinking,20,4,7,logistic_precision,0.6,higher,0.6
Gemma4-E4B,native_thinking,20,4,7,logistic_recall,0.42857142857142855,higher,0.42857142857142855
Gemma4-E4B,native_thinking,20,4,7,logistic_f1,0.5,higher,0.5
Gemma4-E4B,native_thinking,20,4,7,ncc_recall,0.7142857142857143,higher,0.7142857142857143
Gemma4-E4B,native_thinking,20,4,7,silhouette_cosine,-0.09928859770298004,higher,-0.09928859770298004
Gemma4-E4B,native_thinking,20,4,7,within_trace,960.180908203125,lower,-960.180908203125
Gemma4-E4B,native_thinking,20,4,7,class_nc1_ratio,5.098742216428367,lower,-5.098742216428367
Gemma4-E4B,native_thinking,20,4,7,centroid_nearest_squared,132.32972717285156,higher,132.32972717285156
Gemma4-E4B,native_thinking,20,4,7,fisher_nearest,0.13781749464326715,higher,0.13781749464326715
Gemma4-E4B,native_thinking,20,4,7,min_bhattacharyya,4.570886135101318,higher,4.570886135101318
Gemma4-E4B,native_thinking,20,4,7,mean_bhattacharyya,10.537070327334934,higher,10.537070327334934
Gemma4-E4B,native_thinking,20,4,7,nc2_class_cosine_deviation,0.4741503622060941,lower,-0.4741503622060941
Gemma4-E4B,native_thinking,20,5,7,logistic_precision,0.25,higher,0.25
Gemma4-E4B,native_thinking,20,5,7,logistic_recall,0.14285714285714285,higher,0.14285714285714285
Gemma4-E4B,native_thinking,20,5,7,logistic_f1,0.18181818181818182,higher,0.18181818181818182
Gemma4-E4B,native_thinking,20,5,7,ncc_recall,0.14285714285714285,higher,0.14285714285714285
Gemma4-E4B,native_thinking,20,5,7,silhouette_cosine,-0.12797604501247406,higher,-0.12797604501247406
Gemma4-E4B,native_thinking,20,5,7,within_trace,1010.716064453125,lower,-1010.716064453125
Gemma4-E4B,native_thinking,20,5,7,class_nc1_ratio,5.387248847255779,lower,-5.387248847255779
Gemma4-E4B,native_thinking,20,5,7,centroid_nearest_squared,99.86255645751953,higher,99.86255645751953
Gemma4-E4B,native_thinking,20,5,7,fisher_nearest,0.09880376890175664,higher,0.09880376890175664
Gemma4-E4B,native_thinking,20,5,7,min_bhattacharyya,3.4224369525909424,higher,3.4224369525909424
Gemma4-E4B,native_thinking,20,5,7,mean_bhattacharyya,9.08946278360155,higher,9.08946278360155
Gemma4-E4B,native_thinking,20,5,7,nc2_class_cosine_deviation,0.401000399671403,lower,-0.401000399671403
Gemma4-E4B,native_thinking,20,6,7,logistic_precision,0.23076923076923078,higher,0.23076923076923078
Gemma4-E4B,native_thinking,20,6,7,logistic_recall,0.42857142857142855,higher,0.42857142857142855
Gemma4-E4B,native_thinking,20,6,7,logistic_f1,0.3,higher,0.3
Gemma4-E4B,native_thinking,20,6,7,ncc_recall,0.2857142857142857,higher,0.2857142857142857
Gemma4-E4B,native_thinking,20,6,7,silhouette_cosine,-0.1400434672832489,higher,-0.1400434672832489
Gemma4-E4B,native_thinking,20,6,7,within_trace,1026.0628662109375,lower,-1026.0628662109375
Gemma4-E4B,native_thinking,20,6,7,class_nc1_ratio,7.657185261117411,lower,-7.657185261117411
Gemma4-E4B,native_thinking,20,6,7,centroid_nearest_squared,99.86255645751953,higher,99.86255645751953
Gemma4-E4B,native_thinking,20,6,7,fisher_nearest,0.09732596290741297,higher,0.09732596290741297
Gemma4-E4B,native_thinking,20,6,7,min_bhattacharyya,3.4224369525909424,higher,3.4224369525909424
Gemma4-E4B,native_thinking,20,6,7,mean_bhattacharyya,8.471826606326633,higher,8.471826606326633
Gemma4-E4B,native_thinking,20,6,7,nc2_class_cosine_deviation,0.2947742311214959,lower,-0.2947742311214959
Gemma4-E4B,native_thinking,20,7,7,logistic_precision,0.5,higher,0.5
Gemma4-E4B,native_thinking,20,7,7,logistic_recall,0.5714285714285714,higher,0.5714285714285714
Gemma4-E4B,native_thinking,20,7,7,logistic_f1,0.5333333333333333,higher,0.5333333333333333
Gemma4-E4B,native_thinking,20,7,7,ncc_recall,0.14285714285714285,higher,0.14285714285714285
Gemma4-E4B,native_thinking,20,7,7,silhouette_cosine,-0.10438383370637894,higher,-0.10438383370637894
Gemma4-E4B,native_thinking,20,7,7,within_trace,982.361328125,lower,-982.361328125
Gemma4-E4B,native_thinking,20,7,7,class_nc1_ratio,4.505143506124312,lower,-4.505143506124312
Gemma4-E4B,native_thinking,20,7,7,centroid_nearest_squared,237.16207885742188,higher,237.16207885742188
Gemma4-E4B,native_thinking,20,7,7,fisher_nearest,0.24142041432971018,higher,0.24142041432971018
Gemma4-E4B,native_thinking,20,7,7,min_bhattacharyya,4.215418815612793,higher,4.215418815612793
Gemma4-E4B,native_thinking,20,7,7,mean_bhattacharyya,8.999488883548313,higher,8.999488883548313
Gemma4-E4B,native_thinking,20,7,7,nc2_class_cosine_deviation,0.37665991206871874,lower,-0.37665991206871874
Gemma4-E4B,native_thinking,20,8,7,logistic_precision,0.5,higher,0.5
Gemma4-E4B,native_thinking,20,8,7,logistic_recall,0.2857142857142857,higher,0.2857142857142857
Gemma4-E4B,native_thinking,20,8,7,logistic_f1,0.36363636363636365,higher,0.36363636363636365
Gemma4-E4B,native_thinking,20,8,7,ncc_recall,0.14285714285714285,higher,0.14285714285714285
Gemma4-E4B,native_thinking,20,8,7,silhouette_cosine,-0.21299013495445251,higher,-0.21299013495445251
Gemma4-E4B,native_thinking,20,8,7,within_trace,1101.8616943359375,lower,-1101.8616943359375
Gemma4-E4B,native_thinking,20,8,7,class_nc1_ratio,3.9063922011002057,lower,-3.9063922011002057
Gemma4-E4B,native_thinking,20,8,7,centroid_nearest_squared,154.57708740234375,higher,154.57708740234375
Gemma4-E4B,native_thinking,20,8,7,fisher_nearest,0.14028719593115832,higher,0.14028719593115832
Gemma4-E4B,native_thinking,20,8,7,min_bhattacharyya,3.746259570121765,higher,3.746259570121765
Gemma4-E4B,native_thinking,20,8,7,mean_bhattacharyya,7.825346959961785,higher,7.825346959961785
Gemma4-E4B,native_thinking,20,8,7,nc2_class_cosine_deviation,0.4742083459356685,lower,-0.4742083459356685
Gemma4-E4B,native_thinking,20,9,5,logistic_precision,0.125,higher,0.125
Gemma4-E4B,native_thinking,20,9,5,logistic_recall,0.2,higher,0.2
Gemma4-E4B,native_thinking,20,9,5,logistic_f1,0.15384615384615385,higher,0.15384615384615385
Gemma4-E4B,native_thinking,20,9,5,ncc_recall,0.4,higher,0.4
Gemma4-E4B,native_thinking,20,9,5,silhouette_cosine,-0.1954369693994522,higher,-0.1954369693994522
Gemma4-E4B,native_thinking,20,9,5,within_trace,1173.018310546875,lower,-1173.018310546875
Gemma4-E4B,native_thinking,20,9,5,class_nc1_ratio,2.307804122708203,lower,-2.307804122708203
Gemma4-E4B,native_thinking,20,9,5,centroid_nearest_squared,154.57708740234375,higher,154.57708740234375
Gemma4-E4B,native_thinking,20,9,5,fisher_nearest,0.13177721610353899,higher,0.13177721610353899
Gemma4-E4B,native_thinking,20,9,5,min_bhattacharyya,3.746259570121765,higher,3.746259570121765
Gemma4-E4B,native_thinking,20,9,5,mean_bhattacharyya,11.173778812090555,higher,11.173778812090555
Gemma4-E4B,native_thinking,20,9,5,nc2_class_cosine_deviation,0.46534690205697654,lower,-0.46534690205697654
Gemma4-E4B,native_thinking,20,10,3,logistic_precision,0.2,higher,0.2
Gemma4-E4B,native_thinking,20,10,3,logistic_recall,0.3333333333333333,higher,0.3333333333333333
Gemma4-E4B,native_thinking,20,10,3,logistic_f1,0.25,higher,0.25
Gemma4-E4B,native_thinking,20,10,3,ncc_recall,0.6666666666666666,higher,0.6666666666666666
Gemma4-E4B,native_thinking,20,10,3,silhouette_cosine,-0.13535211980342865,higher,-0.13535211980342865
Gemma4-E4B,native_thinking,20,10,3,within_trace,934.5540771484375,lower,-934.5540771484375
Gemma4-E4B,native_thinking,20,10,3,class_nc1_ratio,1.4143792336084138,lower,-1.4143792336084138
Gemma4-E4B,native_thinking,20,10,3,centroid_nearest_squared,266.178466796875,higher,266.178466796875
Gemma4-E4B,native_thinking,20,10,3,fisher_nearest,0.28481868872591437,higher,0.28481868872591437
Gemma4-E4B,native_thinking,20,10,3,min_bhattacharyya,4.5195631980896,higher,4.5195631980896
Gemma4-E4B,native_thinking,20,10,3,mean_bhattacharyya,13.034059365590414,higher,13.034059365590414
Gemma4-E4B,native_thinking,20,10,3,nc2_class_cosine_deviation,0.46356004508741105,lower,-0.46356004508741105
Gemma4-E4B,non_thinking,21,1,10,logistic_precision,1.0,higher,1.0
Gemma4-E4B,non_thinking,21,1,10,logistic_recall,1.0,higher,1.0
Gemma4-E4B,non_thinking,21,1,10,logistic_f1,1.0,higher,1.0
Gemma4-E4B,non_thinking,21,1,10,ncc_recall,1.0,higher,1.0
Gemma4-E4B,non_thinking,21,1,10,silhouette_cosine,0.8061807751655579,higher,0.8061807751655579
Gemma4-E4B,non_thinking,21,1,10,within_trace,692.67236328125,lower,-692.67236328125
Gemma4-E4B,non_thinking,21,1,10,class_nc1_ratio,0.1813523561102521,lower,-0.1813523561102521
Gemma4-E4B,non_thinking,21,1,10,centroid_nearest_squared,3607.3837890625,higher,3607.3837890625
Gemma4-E4B,non_thinking,21,1,10,fisher_nearest,5.20792221588574,higher,5.20792221588574
Gemma4-E4B,non_thinking,21,1,10,min_bhattacharyya,41.59846496582031,higher,41.59846496582031
Gemma4-E4B,non_thinking,21,1,10,mean_bhattacharyya,71.09015146891277,higher,71.09015146891277
Gemma4-E4B,non_thinking,21,1,10,nc2_class_cosine_deviation,0.5056644129900284,lower,-0.5056644129900284
Gemma4-E4B,non_thinking,21,2,10,logistic_precision,1.0,higher,1.0
Gemma4-E4B,non_thinking,21,2,10,logistic_recall,0.9,higher,0.9
Gemma4-E4B,non_thinking,21,2,10,logistic_f1,0.9473684210526315,higher,0.9473684210526315
Gemma4-E4B,non_thinking,21,2,10,ncc_recall,0.8,higher,0.8
Gemma4-E4B,non_thinking,21,2,10,silhouette_cosine,0.03882564604282379,higher,0.03882564604282379
Gemma4-E4B,non_thinking,21,2,10,within_trace,1323.6959228515625,lower,-1323.6959228515625
Gemma4-E4B,non_thinking,21,2,10,class_nc1_ratio,1.864239123600446,lower,-1.864239123600446
Gemma4-E4B,non_thinking,21,2,10,centroid_nearest_squared,503.6132507324219,higher,503.6132507324219
Gemma4-E4B,non_thinking,21,2,10,fisher_nearest,0.3804599243967728,higher,0.3804599243967728
Gemma4-E4B,non_thinking,21,2,10,min_bhattacharyya,6.291130065917969,higher,6.291130065917969
Gemma4-E4B,non_thinking,21,2,10,mean_bhattacharyya,16.907238960266113,higher,16.907238960266113
Gemma4-E4B,non_thinking,21,2,10,nc2_class_cosine_deviation,0.4206163316597173,lower,-0.4206163316597173
Gemma4-E4B,non_thinking,21,3,10,logistic_precision,0.5,higher,0.5
Gemma4-E4B,non_thinking,21,3,10,logistic_recall,0.4,higher,0.4
Gemma4-E4B,non_thinking,21,3,10,logistic_f1,0.4444444444444444,higher,0.4444444444444444
Gemma4-E4B,non_thinking,21,3,10,ncc_recall,0.2,higher,0.2
Gemma4-E4B,non_thinking,21,3,10,silhouette_cosine,-0.15263652801513672,higher,-0.15263652801513672
Gemma4-E4B,non_thinking,21,3,10,within_trace,1455.1268310546875,lower,-1455.1268310546875
Gemma4-E4B,non_thinking,21,3,10,class_nc1_ratio,10.19815546082768,lower,-10.19815546082768
Gemma4-E4B,non_thinking,21,3,10,centroid_nearest_squared,141.58985900878906,higher,141.58985900878906
Gemma4-E4B,non_thinking,21,3,10,fisher_nearest,0.09730413596054964,higher,0.09730413596054964
Gemma4-E4B,non_thinking,21,3,10,min_bhattacharyya,2.470300555229187,higher,2.470300555229187
Gemma4-E4B,non_thinking,21,3,10,mean_bhattacharyya,10.79036713971032,higher,10.79036713971032
Gemma4-E4B,non_thinking,21,3,10,nc2_class_cosine_deviation,0.22923149775575713,lower,-0.22923149775575713
Gemma4-E4B,non_thinking,21,4,10,logistic_precision,0.2857142857142857,higher,0.2857142857142857
Gemma4-E4B,non_thinking,21,4,10,logistic_recall,0.4,higher,0.4
Gemma4-E4B,non_thinking,21,4,10,logistic_f1,0.3333333333333333,higher,0.3333333333333333
Gemma4-E4B,non_thinking,21,4,10,ncc_recall,0.2,higher,0.2
Gemma4-E4B,non_thinking,21,4,10,silhouette_cosine,-0.15072204172611237,higher,-0.15072204172611237
Gemma4-E4B,non_thinking,21,4,10,within_trace,1354.556884765625,lower,-1354.556884765625
Gemma4-E4B,non_thinking,21,4,10,class_nc1_ratio,12.242145784194777,lower,-12.242145784194777
Gemma4-E4B,non_thinking,21,4,10,centroid_nearest_squared,136.51434326171875,higher,136.51434326171875
Gemma4-E4B,non_thinking,21,4,10,fisher_nearest,0.1007815506288903,higher,0.1007815506288903
Gemma4-E4B,non_thinking,21,4,10,min_bhattacharyya,2.470300555229187,higher,2.470300555229187
Gemma4-E4B,non_thinking,21,4,10,mean_bhattacharyya,9.927429821756151,higher,9.927429821756151
Gemma4-E4B,non_thinking,21,4,10,nc2_class_cosine_deviation,0.3594723612438014,lower,-0.3594723612438014
Gemma4-E4B,non_thinking,21,5,10,logistic_precision,0.0,higher,0.0
Gemma4-E4B,non_thinking,21,5,10,logistic_recall,0.0,higher,0.0
Gemma4-E4B,non_thinking,21,5,10,logistic_f1,0.0,higher,0.0
Gemma4-E4B,non_thinking,21,5,10,ncc_recall,0.2,higher,0.2
Gemma4-E4B,non_thinking,21,5,10,silhouette_cosine,-0.08755231648683548,higher,-0.08755231648683548
Gemma4-E4B,non_thinking,21,5,10,within_trace,1191.060302734375,lower,-1191.060302734375
Gemma4-E4B,non_thinking,21,5,10,class_nc1_ratio,7.480555699779196,lower,-7.480555699779196
Gemma4-E4B,non_thinking,21,5,10,centroid_nearest_squared,124.5543212890625,higher,124.5543212890625
Gemma4-E4B,non_thinking,21,5,10,fisher_nearest,0.10457432004334045,higher,0.10457432004334045
Gemma4-E4B,non_thinking,21,5,10,min_bhattacharyya,2.913285493850708,higher,2.913285493850708
Gemma4-E4B,non_thinking,21,5,10,mean_bhattacharyya,12.704138927989536,higher,12.704138927989536
Gemma4-E4B,non_thinking,21,5,10,nc2_class_cosine_deviation,0.5546913572851522,lower,-0.5546913572851522
Gemma4-E4B,non_thinking,21,6,10,logistic_precision,0.35714285714285715,higher,0.35714285714285715
Gemma4-E4B,non_thinking,21,6,10,logistic_recall,0.5,higher,0.5
Gemma4-E4B,non_thinking,21,6,10,logistic_f1,0.4166666666666667,higher,0.4166666666666667
Gemma4-E4B,non_thinking,21,6,10,ncc_recall,0.3,higher,0.3
Gemma4-E4B,non_thinking,21,6,10,silhouette_cosine,-0.11371509730815887,higher,-0.11371509730815887
Gemma4-E4B,non_thinking,21,6,10,within_trace,1074.7974853515625,lower,-1074.7974853515625
Gemma4-E4B,non_thinking,21,6,10,class_nc1_ratio,6.785500589764879,lower,-6.785500589764879
Gemma4-E4B,non_thinking,21,6,10,centroid_nearest_squared,137.71641540527344,higher,137.71641540527344
Gemma4-E4B,non_thinking,21,6,10,fisher_nearest,0.12813243172059235,higher,0.12813243172059235
Gemma4-E4B,non_thinking,21,6,10,min_bhattacharyya,2.277657985687256,higher,2.277657985687256
Gemma4-E4B,non_thinking,21,6,10,mean_bhattacharyya,12.786135991414389,higher,12.786135991414389
Gemma4-E4B,non_thinking,21,6,10,nc2_class_cosine_deviation,0.4404359448839117,lower,-0.4404359448839117
Gemma4-E4B,non_thinking,21,7,10,logistic_precision,0.2727272727272727,higher,0.2727272727272727
Gemma4-E4B,non_thinking,21,7,10,logistic_recall,0.3,higher,0.3
Gemma4-E4B,non_thinking,21,7,10,logistic_f1,0.2857142857142857,higher,0.2857142857142857
Gemma4-E4B,non_thinking,21,7,10,ncc_recall,0.1,higher,0.1
Gemma4-E4B,non_thinking,21,7,10,silhouette_cosine,-0.11257560551166534,higher,-0.11257560551166534
Gemma4-E4B,non_thinking,21,7,10,within_trace,985.0501098632812,lower,-985.0501098632812
Gemma4-E4B,non_thinking,21,7,10,class_nc1_ratio,5.073394403742278,lower,-5.073394403742278
Gemma4-E4B,non_thinking,21,7,10,centroid_nearest_squared,96.74214935302734,higher,96.74214935302734
Gemma4-E4B,non_thinking,21,7,10,fisher_nearest,0.09821038380113936,higher,0.09821038380113936
Gemma4-E4B,non_thinking,21,7,10,min_bhattacharyya,2.277657985687256,higher,2.277657985687256
Gemma4-E4B,non_thinking,21,7,10,mean_bhattacharyya,13.026869124836391,higher,13.026869124836391
Gemma4-E4B,non_thinking,21,7,10,nc2_class_cosine_deviation,0.5923246572966929,lower,-0.5923246572966929
Gemma4-E4B,non_thinking,21,8,10,logistic_precision,0.25,higher,0.25
Gemma4-E4B,non_thinking,21,8,10,logistic_recall,0.2,higher,0.2
Gemma4-E4B,non_thinking,21,8,10,logistic_f1,0.2222222222222222,higher,0.2222222222222222
Gemma4-E4B,non_thinking,21,8,10,ncc_recall,0.1,higher,0.1
Gemma4-E4B,non_thinking,21,8,10,silhouette_cosine,-0.1569141447544098,higher,-0.1569141447544098
Gemma4-E4B,non_thinking,21,8,10,within_trace,1006.732421875,lower,-1006.732421875
Gemma4-E4B,non_thinking,21,8,10,class_nc1_ratio,4.911105455871031,lower,-4.911105455871031
Gemma4-E4B,non_thinking,21,8,10,centroid_nearest_squared,82.02987670898438,higher,82.02987670898438
Gemma4-E4B,non_thinking,21,8,10,fisher_nearest,0.08148131015409926,higher,0.08148131015409926
Gemma4-E4B,non_thinking,21,8,10,min_bhattacharyya,2.4925578832626343,higher,2.4925578832626343
Gemma4-E4B,non_thinking,21,8,10,mean_bhattacharyya,13.820596224731869,higher,13.820596224731869
Gemma4-E4B,non_thinking,21,8,10,nc2_class_cosine_deviation,0.5976719100166251,lower,-0.5976719100166251
Gemma4-E4B,non_thinking,21,9,10,logistic_precision,0.14285714285714285,higher,0.14285714285714285
Gemma4-E4B,non_thinking,21,9,10,logistic_recall,0.2,higher,0.2
Gemma4-E4B,non_thinking,21,9,10,logistic_f1,0.16666666666666666,higher,0.16666666666666666
Gemma4-E4B,non_thinking,21,9,10,ncc_recall,0.1,higher,0.1
Gemma4-E4B,non_thinking,21,9,10,silhouette_cosine,-0.1000879555940628,higher,-0.1000879555940628
Gemma4-E4B,non_thinking,21,9,10,within_trace,944.2664184570312,lower,-944.2664184570312
Gemma4-E4B,non_thinking,21,9,10,class_nc1_ratio,3.9279577809139674,lower,-3.9279577809139674
Gemma4-E4B,non_thinking,21,9,10,centroid_nearest_squared,82.02987670898438,higher,82.02987670898438
Gemma4-E4B,non_thinking,21,9,10,fisher_nearest,0.08687153869458203,higher,0.08687153869458203
Gemma4-E4B,non_thinking,21,9,10,min_bhattacharyya,2.356541335582733,higher,2.356541335582733
Gemma4-E4B,non_thinking,21,9,10,mean_bhattacharyya,14.969352430767483,higher,14.969352430767483
Gemma4-E4B,non_thinking,21,9,10,nc2_class_cosine_deviation,0.6427853742131481,lower,-0.6427853742131481
Gemma4-E4B,non_thinking,21,10,10,logistic_precision,0.4444444444444444,higher,0.4444444444444444
Gemma4-E4B,non_thinking,21,10,10,logistic_recall,0.4,higher,0.4
Gemma4-E4B,non_thinking,21,10,10,logistic_f1,0.42105263157894735,higher,0.42105263157894735
Gemma4-E4B,non_thinking,21,10,10,ncc_recall,0.4,higher,0.4
Gemma4-E4B,non_thinking,21,10,10,silhouette_cosine,-0.0649232566356659,higher,-0.0649232566356659
Gemma4-E4B,non_thinking,21,10,10,within_trace,963.2607421875,lower,-963.2607421875
Gemma4-E4B,non_thinking,21,10,10,class_nc1_ratio,3.5342377559322666,lower,-3.5342377559322666
Gemma4-E4B,non_thinking,21,10,10,centroid_nearest_squared,97.60179901123047,higher,97.60179901123047
Gemma4-E4B,non_thinking,21,10,10,fisher_nearest,0.10132438158912548,higher,0.10132438158912548
Gemma4-E4B,non_thinking,21,10,10,min_bhattacharyya,2.356541335582733,higher,2.356541335582733
Gemma4-E4B,non_thinking,21,10,10,mean_bhattacharyya,14.332446568542057,higher,14.332446568542057
Gemma4-E4B,non_thinking,21,10,10,nc2_class_cosine_deviation,0.5915232554629998,lower,-0.5915232554629998
Gemma4-E4B,native_thinking,21,1,10,logistic_precision,1.0,higher,1.0
Gemma4-E4B,native_thinking,21,1,10,logistic_recall,0.7,higher,0.7
Gemma4-E4B,native_thinking,21,1,10,logistic_f1,0.8235294117647058,higher,0.8235294117647058
Gemma4-E4B,native_thinking,21,1,10,ncc_recall,0.7,higher,0.7
Gemma4-E4B,native_thinking,21,1,10,silhouette_cosine,0.04518187791109085,higher,0.04518187791109085
Gemma4-E4B,native_thinking,21,1,10,within_trace,1782.3701171875,lower,-1782.3701171875
Gemma4-E4B,native_thinking,21,1,10,class_nc1_ratio,2.3207028244943646,lower,-2.3207028244943646
Gemma4-E4B,native_thinking,21,1,10,centroid_nearest_squared,1150.4853515625,higher,1150.4853515625
Gemma4-E4B,native_thinking,21,1,10,fisher_nearest,0.645480610602872,higher,0.645480610602872
Gemma4-E4B,native_thinking,21,1,10,min_bhattacharyya,6.043331623077393,higher,6.043331623077393
Gemma4-E4B,native_thinking,21,1,10,mean_bhattacharyya,12.875713242424858,higher,12.875713242424858
Gemma4-E4B,native_thinking,21,1,10,nc2_class_cosine_deviation,0.23608962474045928,lower,-0.23608962474045928
Gemma4-E4B,native_thinking,21,2,7,logistic_precision,0.8571428571428571,higher,0.8571428571428571
Gemma4-E4B,native_thinking,21,2,7,logistic_recall,0.8571428571428571,higher,0.8571428571428571
Gemma4-E4B,native_thinking,21,2,7,logistic_f1,0.8571428571428571,higher,0.8571428571428571
Gemma4-E4B,native_thinking,21,2,7,ncc_recall,0.7142857142857143,higher,0.7142857142857143
Gemma4-E4B,native_thinking,21,2,7,silhouette_cosine,0.02486778236925602,higher,0.02486778236925602
Gemma4-E4B,native_thinking,21,2,7,within_trace,1000.5167236328125,lower,-1000.5167236328125
Gemma4-E4B,native_thinking,21,2,7,class_nc1_ratio,2.264773232348375,lower,-2.264773232348375
Gemma4-E4B,native_thinking,21,2,7,centroid_nearest_squared,344.87774658203125,higher,344.87774658203125
Gemma4-E4B,native_thinking,21,2,7,fisher_nearest,0.34469963213588484,higher,0.34469963213588484
Gemma4-E4B,native_thinking,21,2,7,min_bhattacharyya,7.9391889572143555,higher,7.9391889572143555
Gemma4-E4B,native_thinking,21,2,7,mean_bhattacharyya,14.661732302771675,higher,14.661732302771675
Gemma4-E4B,native_thinking,21,2,7,nc2_class_cosine_deviation,0.33605634370519794,lower,-0.33605634370519794
Gemma4-E4B,native_thinking,21,3,7,logistic_precision,0.5555555555555556,higher,0.5555555555555556
Gemma4-E4B,native_thinking,21,3,7,logistic_recall,0.7142857142857143,higher,0.7142857142857143
Gemma4-E4B,native_thinking,21,3,7,logistic_f1,0.625,higher,0.625
Gemma4-E4B,native_thinking,21,3,7,ncc_recall,0.7142857142857143,higher,0.7142857142857143
Gemma4-E4B,native_thinking,21,3,7,silhouette_cosine,0.006835622247308493,higher,0.006835622247308493
Gemma4-E4B,native_thinking,21,3,7,within_trace,829.359130859375,lower,-829.359130859375
Gemma4-E4B,native_thinking,21,3,7,class_nc1_ratio,2.60033344350957,lower,-2.60033344350957
Gemma4-E4B,native_thinking,21,3,7,centroid_nearest_squared,258.7856750488281,higher,258.7856750488281
Gemma4-E4B,native_thinking,21,3,7,fisher_nearest,0.31203089882265667,higher,0.31203089882265667
Gemma4-E4B,native_thinking,21,3,7,min_bhattacharyya,6.940221786499023,higher,6.940221786499023
Gemma4-E4B,native_thinking,21,3,7,mean_bhattacharyya,13.173683484395346,higher,13.173683484395346
Gemma4-E4B,native_thinking,21,3,7,nc2_class_cosine_deviation,0.4264858208688689,lower,-0.4264858208688689
Gemma4-E4B,native_thinking,21,4,7,logistic_precision,0.6,higher,0.6
Gemma4-E4B,native_thinking,21,4,7,logistic_recall,0.42857142857142855,higher,0.42857142857142855
Gemma4-E4B,native_thinking,21,4,7,logistic_f1,0.5,higher,0.5
Gemma4-E4B,native_thinking,21,4,7,ncc_recall,0.7142857142857143,higher,0.7142857142857143
Gemma4-E4B,native_thinking,21,4,7,silhouette_cosine,-0.060442689806222916,higher,-0.060442689806222916
Gemma4-E4B,native_thinking,21,4,7,within_trace,904.47607421875,lower,-904.47607421875
Gemma4-E4B,native_thinking,21,4,7,class_nc1_ratio,4.481043487867362,lower,-4.481043487867362
Gemma4-E4B,native_thinking,21,4,7,centroid_nearest_squared,172.4664306640625,higher,172.4664306640625
Gemma4-E4B,native_thinking,21,4,7,fisher_nearest,0.19068103135069886,higher,0.19068103135069886
Gemma4-E4B,native_thinking,21,4,7,min_bhattacharyya,5.286006450653076,higher,5.286006450653076
Gemma4-E4B,native_thinking,21,4,7,mean_bhattacharyya,11.278476741578844,higher,11.278476741578844
Gemma4-E4B,native_thinking,21,4,7,nc2_class_cosine_deviation,0.4237406650259171,lower,-0.4237406650259171
Gemma4-E4B,native_thinking,21,5,7,logistic_precision,0.6666666666666666,higher,0.6666666666666666
Gemma4-E4B,native_thinking,21,5,7,logistic_recall,0.2857142857142857,higher,0.2857142857142857
Gemma4-E4B,native_thinking,21,5,7,logistic_f1,0.4,higher,0.4
Gemma4-E4B,native_thinking,21,5,7,ncc_recall,0.14285714285714285,higher,0.14285714285714285
Gemma4-E4B,native_thinking,21,5,7,silhouette_cosine,-0.13810878992080688,higher,-0.13810878992080688
Gemma4-E4B,native_thinking,21,5,7,within_trace,954.4326782226562,lower,-954.4326782226562
Gemma4-E4B,native_thinking,21,5,7,class_nc1_ratio,5.5351462261863045,lower,-5.5351462261863045
Gemma4-E4B,native_thinking,21,5,7,centroid_nearest_squared,74.30848693847656,higher,74.30848693847656
Gemma4-E4B,native_thinking,21,5,7,fisher_nearest,0.07785618476187736,higher,0.07785618476187736
Gemma4-E4B,native_thinking,21,5,7,min_bhattacharyya,3.8394806385040283,higher,3.8394806385040283
Gemma4-E4B,native_thinking,21,5,7,mean_bhattacharyya,9.986276494132149,higher,9.986276494132149
Gemma4-E4B,native_thinking,21,5,7,nc2_class_cosine_deviation,0.38872868972428054,lower,-0.38872868972428054
Gemma4-E4B,native_thinking,21,6,7,logistic_precision,0.2,higher,0.2
Gemma4-E4B,native_thinking,21,6,7,logistic_recall,0.2857142857142857,higher,0.2857142857142857
Gemma4-E4B,native_thinking,21,6,7,logistic_f1,0.23529411764705882,higher,0.23529411764705882
Gemma4-E4B,native_thinking,21,6,7,ncc_recall,0.2857142857142857,higher,0.2857142857142857
Gemma4-E4B,native_thinking,21,6,7,silhouette_cosine,-0.09084434807300568,higher,-0.09084434807300568
Gemma4-E4B,native_thinking,21,6,7,within_trace,947.9365234375,lower,-947.9365234375
Gemma4-E4B,native_thinking,21,6,7,class_nc1_ratio,5.848975406227621,lower,-5.848975406227621
Gemma4-E4B,native_thinking,21,6,7,centroid_nearest_squared,74.30848693847656,higher,74.30848693847656
Gemma4-E4B,native_thinking,21,6,7,fisher_nearest,0.078389728743663,higher,0.078389728743663
Gemma4-E4B,native_thinking,21,6,7,min_bhattacharyya,3.8394806385040283,higher,3.8394806385040283
Gemma4-E4B,native_thinking,21,6,7,mean_bhattacharyya,9.840254730648464,higher,9.840254730648464
Gemma4-E4B,native_thinking,21,6,7,nc2_class_cosine_deviation,0.31639900546015043,lower,-0.31639900546015043
Gemma4-E4B,native_thinking,21,7,7,logistic_precision,0.5714285714285714,higher,0.5714285714285714
Gemma4-E4B,native_thinking,21,7,7,logistic_recall,0.5714285714285714,higher,0.5714285714285714
Gemma4-E4B,native_thinking,21,7,7,logistic_f1,0.5714285714285714,higher,0.5714285714285714
Gemma4-E4B,native_thinking,21,7,7,ncc_recall,0.42857142857142855,higher,0.42857142857142855
Gemma4-E4B,native_thinking,21,7,7,silhouette_cosine,-0.07148872315883636,higher,-0.07148872315883636
Gemma4-E4B,native_thinking,21,7,7,within_trace,956.5633544921875,lower,-956.5633544921875
Gemma4-E4B,native_thinking,21,7,7,class_nc1_ratio,4.458243860755322,lower,-4.458243860755322
Gemma4-E4B,native_thinking,21,7,7,centroid_nearest_squared,256.5851745605469,higher,256.5851745605469
Gemma4-E4B,native_thinking,21,7,7,fisher_nearest,0.2682364668848941,higher,0.2682364668848941
Gemma4-E4B,native_thinking,21,7,7,min_bhattacharyya,4.8408637046813965,higher,4.8408637046813965
Gemma4-E4B,native_thinking,21,7,7,mean_bhattacharyya,9.458378579881456,higher,9.458378579881456
Gemma4-E4B,native_thinking,21,7,7,nc2_class_cosine_deviation,0.31611101053379204,lower,-0.31611101053379204
Gemma4-E4B,native_thinking,21,8,7,logistic_precision,0.42857142857142855,higher,0.42857142857142855
Gemma4-E4B,native_thinking,21,8,7,logistic_recall,0.42857142857142855,higher,0.42857142857142855
Gemma4-E4B,native_thinking,21,8,7,logistic_f1,0.42857142857142855,higher,0.42857142857142855
Gemma4-E4B,native_thinking,21,8,7,ncc_recall,0.2857142857142857,higher,0.2857142857142857
Gemma4-E4B,native_thinking,21,8,7,silhouette_cosine,-0.21356086432933807,higher,-0.21356086432933807
Gemma4-E4B,native_thinking,21,8,7,within_trace,1046.05859375,lower,-1046.05859375
Gemma4-E4B,native_thinking,21,8,7,class_nc1_ratio,4.038709747875757,lower,-4.038709747875757
Gemma4-E4B,native_thinking,21,8,7,centroid_nearest_squared,184.35519409179688,higher,184.35519409179688
Gemma4-E4B,native_thinking,21,8,7,fisher_nearest,0.17623792318449835,higher,0.17623792318449835
Gemma4-E4B,native_thinking,21,8,7,min_bhattacharyya,4.240111827850342,higher,4.240111827850342
Gemma4-E4B,native_thinking,21,8,7,mean_bhattacharyya,8.465587059656778,higher,8.465587059656778
Gemma4-E4B,native_thinking,21,8,7,nc2_class_cosine_deviation,0.44539836325027315,lower,-0.44539836325027315
Gemma4-E4B,native_thinking,21,9,5,logistic_precision,0.14285714285714285,higher,0.14285714285714285
Gemma4-E4B,native_thinking,21,9,5,logistic_recall,0.2,higher,0.2
Gemma4-E4B,native_thinking,21,9,5,logistic_f1,0.16666666666666666,higher,0.16666666666666666
Gemma4-E4B,native_thinking,21,9,5,ncc_recall,0.4,higher,0.4
Gemma4-E4B,native_thinking,21,9,5,silhouette_cosine,-0.2194235771894455,higher,-0.2194235771894455
Gemma4-E4B,native_thinking,21,9,5,within_trace,1206.6590576171875,lower,-1206.6590576171875
Gemma4-E4B,native_thinking,21,9,5,class_nc1_ratio,2.5260611502573385,lower,-2.5260611502573385
Gemma4-E4B,native_thinking,21,9,5,centroid_nearest_squared,184.35519409179688,higher,184.35519409179688
Gemma4-E4B,native_thinking,21,9,5,fisher_nearest,0.15278151100597262,higher,0.15278151100597262
Gemma4-E4B,native_thinking,21,9,5,min_bhattacharyya,4.240111827850342,higher,4.240111827850342
Gemma4-E4B,native_thinking,21,9,5,mean_bhattacharyya,10.648745457331339,higher,10.648745457331339
Gemma4-E4B,native_thinking,21,9,5,nc2_class_cosine_deviation,0.43817751532719457,lower,-0.43817751532719457
Gemma4-E4B,native_thinking,21,10,3,logistic_precision,0.0,higher,0.0
Gemma4-E4B,native_thinking,21,10,3,logistic_recall,0.0,higher,0.0
Gemma4-E4B,native_thinking,21,10,3,logistic_f1,0.0,higher,0.0
Gemma4-E4B,native_thinking,21,10,3,ncc_recall,0.6666666666666666,higher,0.6666666666666666
Gemma4-E4B,native_thinking,21,10,3,silhouette_cosine,-0.10334280133247375,higher,-0.10334280133247375
Gemma4-E4B,native_thinking,21,10,3,within_trace,952.3250122070312,lower,-952.3250122070312
Gemma4-E4B,native_thinking,21,10,3,class_nc1_ratio,1.349485475633127,lower,-1.349485475633127
Gemma4-E4B,native_thinking,21,10,3,centroid_nearest_squared,284.06280517578125,higher,284.06280517578125
Gemma4-E4B,native_thinking,21,10,3,fisher_nearest,0.2982834657649706,higher,0.2982834657649706
Gemma4-E4B,native_thinking,21,10,3,min_bhattacharyya,4.455869436264038,higher,4.455869436264038
Gemma4-E4B,native_thinking,21,10,3,mean_bhattacharyya,15.921012242635092,higher,15.921012242635092
Gemma4-E4B,native_thinking,21,10,3,nc2_class_cosine_deviation,0.43456248906843453,lower,-0.43456248906843453
Gemma4-E4B,non_thinking,22,1,10,logistic_precision,1.0,higher,1.0
Gemma4-E4B,non_thinking,22,1,10,logistic_recall,1.0,higher,1.0
Gemma4-E4B,non_thinking,22,1,10,logistic_f1,1.0,higher,1.0
Gemma4-E4B,non_thinking,22,1,10,ncc_recall,1.0,higher,1.0
Gemma4-E4B,non_thinking,22,1,10,silhouette_cosine,0.8148432970046997,higher,0.8148432970046997
Gemma4-E4B,non_thinking,22,1,10,within_trace,593.093994140625,lower,-593.093994140625
Gemma4-E4B,non_thinking,22,1,10,class_nc1_ratio,0.16583004340975746,lower,-0.16583004340975746
Gemma4-E4B,non_thinking,22,1,10,centroid_nearest_squared,3332.539306640625,higher,3332.539306640625
Gemma4-E4B,non_thinking,22,1,10,fisher_nearest,5.618905838811219,higher,5.618905838811219
Gemma4-E4B,non_thinking,22,1,10,min_bhattacharyya,47.39228820800781,higher,47.39228820800781
Gemma4-E4B,non_thinking,22,1,10,mean_bhattacharyya,66.93475257025824,higher,66.93475257025824
Gemma4-E4B,non_thinking,22,1,10,nc2_class_cosine_deviation,0.47707369739626654,lower,-0.47707369739626654
Gemma4-E4B,non_thinking,22,2,10,logistic_precision,1.0,higher,1.0
Gemma4-E4B,non_thinking,22,2,10,logistic_recall,1.0,higher,1.0
Gemma4-E4B,non_thinking,22,2,10,logistic_f1,1.0,higher,1.0
Gemma4-E4B,non_thinking,22,2,10,ncc_recall,1.0,higher,1.0
Gemma4-E4B,non_thinking,22,2,10,silhouette_cosine,0.11206267029047012,higher,0.11206267029047012
Gemma4-E4B,non_thinking,22,2,10,within_trace,1264.162353515625,lower,-1264.162353515625
Gemma4-E4B,non_thinking,22,2,10,class_nc1_ratio,1.6887448879837763,lower,-1.6887448879837763
Gemma4-E4B,non_thinking,22,2,10,centroid_nearest_squared,535.2081298828125,higher,535.2081298828125
Gemma4-E4B,non_thinking,22,2,10,fisher_nearest,0.42336977398069414,higher,0.42336977398069414
Gemma4-E4B,non_thinking,22,2,10,min_bhattacharyya,6.431766510009766,higher,6.431766510009766
Gemma4-E4B,non_thinking,22,2,10,mean_bhattacharyya,17.19786877102322,higher,17.19786877102322
Gemma4-E4B,non_thinking,22,2,10,nc2_class_cosine_deviation,0.428710230798633,lower,-0.428710230798633
Gemma4-E4B,non_thinking,22,3,10,logistic_precision,0.45454545454545453,higher,0.45454545454545453
Gemma4-E4B,non_thinking,22,3,10,logistic_recall,0.5,higher,0.5
Gemma4-E4B,non_thinking,22,3,10,logistic_f1,0.47619047619047616,higher,0.47619047619047616
Gemma4-E4B,non_thinking,22,3,10,ncc_recall,0.5,higher,0.5
Gemma4-E4B,non_thinking,22,3,10,silhouette_cosine,-0.13352689146995544,higher,-0.13352689146995544
Gemma4-E4B,non_thinking,22,3,10,within_trace,1371.434326171875,lower,-1371.434326171875
Gemma4-E4B,non_thinking,22,3,10,class_nc1_ratio,7.809115688981537,lower,-7.809115688981537
Gemma4-E4B,non_thinking,22,3,10,centroid_nearest_squared,146.13206481933594,higher,146.13206481933594
Gemma4-E4B,non_thinking,22,3,10,fisher_nearest,0.10655418347828487,higher,0.10655418347828487
Gemma4-E4B,non_thinking,22,3,10,min_bhattacharyya,2.486817479133606,higher,2.486817479133606
Gemma4-E4B,non_thinking,22,3,10,mean_bhattacharyya,10.589006304740906,higher,10.589006304740906
Gemma4-E4B,non_thinking,22,3,10,nc2_class_cosine_deviation,0.265311134427234,lower,-0.265311134427234
Gemma4-E4B,non_thinking,22,4,10,logistic_precision,0.4166666666666667,higher,0.4166666666666667
Gemma4-E4B,non_thinking,22,4,10,logistic_recall,0.5,higher,0.5
Gemma4-E4B,non_thinking,22,4,10,logistic_f1,0.45454545454545453,higher,0.45454545454545453
Gemma4-E4B,non_thinking,22,4,10,ncc_recall,0.3,higher,0.3
Gemma4-E4B,non_thinking,22,4,10,silhouette_cosine,-0.15297289192676544,higher,-0.15297289192676544
Gemma4-E4B,non_thinking,22,4,10,within_trace,1375.226806640625,lower,-1375.226806640625
Gemma4-E4B,non_thinking,22,4,10,class_nc1_ratio,12.407997760552615,lower,-12.407997760552615
Gemma4-E4B,non_thinking,22,4,10,centroid_nearest_squared,137.86082458496094,higher,137.86082458496094
Gemma4-E4B,non_thinking,22,4,10,fisher_nearest,0.10024588229320838,higher,0.10024588229320838
Gemma4-E4B,non_thinking,22,4,10,min_bhattacharyya,2.486817479133606,higher,2.486817479133606
Gemma4-E4B,non_thinking,22,4,10,mean_bhattacharyya,9.52291715145111,higher,9.52291715145111
Gemma4-E4B,non_thinking,22,4,10,nc2_class_cosine_deviation,0.300048248819363,lower,-0.300048248819363
Gemma4-E4B,non_thinking,22,5,10,logistic_precision,0.375,higher,0.375
Gemma4-E4B,non_thinking,22,5,10,logistic_recall,0.3,higher,0.3
Gemma4-E4B,non_thinking,22,5,10,logistic_f1,0.3333333333333333,higher,0.3333333333333333
Gemma4-E4B,non_thinking,22,5,10,ncc_recall,0.3,higher,0.3
Gemma4-E4B,non_thinking,22,5,10,silhouette_cosine,-0.10854113101959229,higher,-0.10854113101959229
Gemma4-E4B,non_thinking,22,5,10,within_trace,1199.4566650390625,lower,-1199.4566650390625
Gemma4-E4B,non_thinking,22,5,10,class_nc1_ratio,8.113362403631122,lower,-8.113362403631122
Gemma4-E4B,non_thinking,22,5,10,centroid_nearest_squared,137.86082458496094,higher,137.86082458496094
Gemma4-E4B,non_thinking,22,5,10,fisher_nearest,0.11493606113770792,higher,0.11493606113770792
Gemma4-E4B,non_thinking,22,5,10,min_bhattacharyya,2.8675878047943115,higher,2.8675878047943115
Gemma4-E4B,non_thinking,22,5,10,mean_bhattacharyya,11.519025206565857,higher,11.519025206565857
Gemma4-E4B,non_thinking,22,5,10,nc2_class_cosine_deviation,0.5031455839627686,lower,-0.5031455839627686
Gemma4-E4B,non_thinking,22,6,10,logistic_precision,0.4,higher,0.4
Gemma4-E4B,non_thinking,22,6,10,logistic_recall,0.4,higher,0.4
Gemma4-E4B,non_thinking,22,6,10,logistic_f1,0.4,higher,0.4
Gemma4-E4B,non_thinking,22,6,10,ncc_recall,0.3,higher,0.3
Gemma4-E4B,non_thinking,22,6,10,silhouette_cosine,-0.08224986493587494,higher,-0.08224986493587494
Gemma4-E4B,non_thinking,22,6,10,within_trace,1060.241455078125,lower,-1060.241455078125
Gemma4-E4B,non_thinking,22,6,10,class_nc1_ratio,5.4552785085236835,lower,-5.4552785085236835
Gemma4-E4B,non_thinking,22,6,10,centroid_nearest_squared,179.700927734375,higher,179.700927734375
Gemma4-E4B,non_thinking,22,6,10,fisher_nearest,0.16949056922239808,higher,0.16949056922239808
Gemma4-E4B,non_thinking,22,6,10,min_bhattacharyya,2.439060688018799,higher,2.439060688018799
Gemma4-E4B,non_thinking,22,6,10,mean_bhattacharyya,11.512496074040731,higher,11.512496074040731
Gemma4-E4B,non_thinking,22,6,10,nc2_class_cosine_deviation,0.38896055326417645,lower,-0.38896055326417645
Gemma4-E4B,non_thinking,22,7,10,logistic_precision,0.18181818181818182,higher,0.18181818181818182
Gemma4-E4B,non_thinking,22,7,10,logistic_recall,0.2,higher,0.2
Gemma4-E4B,non_thinking,22,7,10,logistic_f1,0.19047619047619047,higher,0.19047619047619047
Gemma4-E4B,non_thinking,22,7,10,ncc_recall,0.3,higher,0.3
Gemma4-E4B,non_thinking,22,7,10,silhouette_cosine,-0.11696004867553711,higher,-0.11696004867553711
Gemma4-E4B,non_thinking,22,7,10,within_trace,1060.93115234375,lower,-1060.93115234375
Gemma4-E4B,non_thinking,22,7,10,class_nc1_ratio,5.667310413589588,lower,-5.667310413589588
Gemma4-E4B,non_thinking,22,7,10,centroid_nearest_squared,111.94387817382812,higher,111.94387817382812
Gemma4-E4B,non_thinking,22,7,10,fisher_nearest,0.10551474327672247,higher,0.10551474327672247
Gemma4-E4B,non_thinking,22,7,10,min_bhattacharyya,2.199977219104767,higher,2.199977219104767
Gemma4-E4B,non_thinking,22,7,10,mean_bhattacharyya,12.218564735518562,higher,12.218564735518562
Gemma4-E4B,non_thinking,22,7,10,nc2_class_cosine_deviation,0.578688891949477,lower,-0.578688891949477
Gemma4-E4B,non_thinking,22,8,10,logistic_precision,0.3333333333333333,higher,0.3333333333333333
Gemma4-E4B,non_thinking,22,8,10,logistic_recall,0.2,higher,0.2
Gemma4-E4B,non_thinking,22,8,10,logistic_f1,0.25,higher,0.25
Gemma4-E4B,non_thinking,22,8,10,ncc_recall,0.1,higher,0.1
Gemma4-E4B,non_thinking,22,8,10,silhouette_cosine,-0.11864924430847168,higher,-0.11864924430847168
Gemma4-E4B,non_thinking,22,8,10,within_trace,1093.3516845703125,lower,-1093.3516845703125
Gemma4-E4B,non_thinking,22,8,10,class_nc1_ratio,4.54252421093408,lower,-4.54252421093408
Gemma4-E4B,non_thinking,22,8,10,centroid_nearest_squared,87.21282958984375,higher,87.21282958984375
Gemma4-E4B,non_thinking,22,8,10,fisher_nearest,0.07976649308782875,higher,0.07976649308782875
Gemma4-E4B,non_thinking,22,8,10,min_bhattacharyya,2.1774386763572693,higher,2.1774386763572693
Gemma4-E4B,non_thinking,22,8,10,mean_bhattacharyya,13.095006505648294,higher,13.095006505648294
Gemma4-E4B,non_thinking,22,8,10,nc2_class_cosine_deviation,0.5733734888059122,lower,-0.5733734888059122
Gemma4-E4B,non_thinking,22,9,10,logistic_precision,0.16666666666666666,higher,0.16666666666666666
Gemma4-E4B,non_thinking,22,9,10,logistic_recall,0.2,higher,0.2
Gemma4-E4B,non_thinking,22,9,10,logistic_f1,0.18181818181818182,higher,0.18181818181818182
Gemma4-E4B,non_thinking,22,9,10,ncc_recall,0.2,higher,0.2
Gemma4-E4B,non_thinking,22,9,10,silhouette_cosine,-0.10193731635808945,higher,-0.10193731635808945
Gemma4-E4B,non_thinking,22,9,10,within_trace,1017.9273681640625,lower,-1017.9273681640625
Gemma4-E4B,non_thinking,22,9,10,class_nc1_ratio,4.024985362281163,lower,-4.024985362281163
Gemma4-E4B,non_thinking,22,9,10,centroid_nearest_squared,87.21282958984375,higher,87.21282958984375
Gemma4-E4B,non_thinking,22,9,10,fisher_nearest,0.08567686881937474,higher,0.08567686881937474
Gemma4-E4B,non_thinking,22,9,10,min_bhattacharyya,1.95070481300354,higher,1.95070481300354
Gemma4-E4B,non_thinking,22,9,10,mean_bhattacharyya,14.135177599059212,higher,14.135177599059212
Gemma4-E4B,non_thinking,22,9,10,nc2_class_cosine_deviation,0.6330472352328125,lower,-0.6330472352328125
Gemma4-E4B,non_thinking,22,10,10,logistic_precision,0.3,higher,0.3
Gemma4-E4B,non_thinking,22,10,10,logistic_recall,0.3,higher,0.3
Gemma4-E4B,non_thinking,22,10,10,logistic_f1,0.3,higher,0.3
Gemma4-E4B,non_thinking,22,10,10,ncc_recall,0.3,higher,0.3
Gemma4-E4B,non_thinking,22,10,10,silhouette_cosine,-0.07000704109668732,higher,-0.07000704109668732
Gemma4-E4B,non_thinking,22,10,10,within_trace,1081.4356689453125,lower,-1081.4356689453125
Gemma4-E4B,non_thinking,22,10,10,class_nc1_ratio,3.530009552671644,lower,-3.530009552671644
Gemma4-E4B,non_thinking,22,10,10,centroid_nearest_squared,89.8650894165039,higher,89.8650894165039
Gemma4-E4B,non_thinking,22,10,10,fisher_nearest,0.08309795209931098,higher,0.08309795209931098
Gemma4-E4B,non_thinking,22,10,10,min_bhattacharyya,1.95070481300354,higher,1.95070481300354
Gemma4-E4B,non_thinking,22,10,10,mean_bhattacharyya,14.10853201813168,higher,14.10853201813168
Gemma4-E4B,non_thinking,22,10,10,nc2_class_cosine_deviation,0.6072278276637749,lower,-0.6072278276637749
Gemma4-E4B,native_thinking,22,1,10,logistic_precision,1.0,higher,1.0
Gemma4-E4B,native_thinking,22,1,10,logistic_recall,0.7,higher,0.7
Gemma4-E4B,native_thinking,22,1,10,logistic_f1,0.8235294117647058,higher,0.8235294117647058
Gemma4-E4B,native_thinking,22,1,10,ncc_recall,0.7,higher,0.7
Gemma4-E4B,native_thinking,22,1,10,silhouette_cosine,0.04230421781539917,higher,0.04230421781539917
Gemma4-E4B,native_thinking,22,1,10,within_trace,1748.3646240234375,lower,-1748.3646240234375
Gemma4-E4B,native_thinking,22,1,10,class_nc1_ratio,2.528665545591405,lower,-2.528665545591405
Gemma4-E4B,native_thinking,22,1,10,centroid_nearest_squared,1148.394775390625,higher,1148.394775390625
Gemma4-E4B,native_thinking,22,1,10,fisher_nearest,0.6568394027258871,higher,0.6568394027258871
Gemma4-E4B,native_thinking,22,1,10,min_bhattacharyya,6.688714027404785,higher,6.688714027404785
Gemma4-E4B,native_thinking,22,1,10,mean_bhattacharyya,13.704739252726236,higher,13.704739252726236
Gemma4-E4B,native_thinking,22,1,10,nc2_class_cosine_deviation,0.24167510214043253,lower,-0.24167510214043253
Gemma4-E4B,native_thinking,22,2,7,logistic_precision,0.8571428571428571,higher,0.8571428571428571
Gemma4-E4B,native_thinking,22,2,7,logistic_recall,0.8571428571428571,higher,0.8571428571428571
Gemma4-E4B,native_thinking,22,2,7,logistic_f1,0.8571428571428571,higher,0.8571428571428571
Gemma4-E4B,native_thinking,22,2,7,ncc_recall,0.8571428571428571,higher,0.8571428571428571
Gemma4-E4B,native_thinking,22,2,7,silhouette_cosine,0.0983181819319725,higher,0.0983181819319725
Gemma4-E4B,native_thinking,22,2,7,within_trace,967.9744262695312,lower,-967.9744262695312
Gemma4-E4B,native_thinking,22,2,7,class_nc1_ratio,2.0330718762338083,lower,-2.0330718762338083
Gemma4-E4B,native_thinking,22,2,7,centroid_nearest_squared,497.22998046875,higher,497.22998046875
Gemma4-E4B,native_thinking,22,2,7,fisher_nearest,0.5136809062043308,higher,0.5136809062043308
Gemma4-E4B,native_thinking,22,2,7,min_bhattacharyya,9.257764339447021,higher,9.257764339447021
Gemma4-E4B,native_thinking,22,2,7,mean_bhattacharyya,14.88025516933865,higher,14.88025516933865
Gemma4-E4B,native_thinking,22,2,7,nc2_class_cosine_deviation,0.2882983928868248,lower,-0.2882983928868248
Gemma4-E4B,native_thinking,22,3,7,logistic_precision,0.6666666666666666,higher,0.6666666666666666
Gemma4-E4B,native_thinking,22,3,7,logistic_recall,0.8571428571428571,higher,0.8571428571428571
Gemma4-E4B,native_thinking,22,3,7,logistic_f1,0.75,higher,0.75
Gemma4-E4B,native_thinking,22,3,7,ncc_recall,0.7142857142857143,higher,0.7142857142857143
Gemma4-E4B,native_thinking,22,3,7,silhouette_cosine,0.07084478437900543,higher,0.07084478437900543
Gemma4-E4B,native_thinking,22,3,7,within_trace,887.693603515625,lower,-887.693603515625
Gemma4-E4B,native_thinking,22,3,7,class_nc1_ratio,2.419590214495099,lower,-2.419590214495099
Gemma4-E4B,native_thinking,22,3,7,centroid_nearest_squared,391.13824462890625,higher,391.13824462890625
Gemma4-E4B,native_thinking,22,3,7,fisher_nearest,0.44062302925225655,higher,0.44062302925225655
Gemma4-E4B,native_thinking,22,3,7,min_bhattacharyya,7.641503810882568,higher,7.641503810882568
Gemma4-E4B,native_thinking,22,3,7,mean_bhattacharyya,13.397147496541342,higher,13.397147496541342
Gemma4-E4B,native_thinking,22,3,7,nc2_class_cosine_deviation,0.3614905750677909,lower,-0.3614905750677909
Gemma4-E4B,native_thinking,22,4,7,logistic_precision,0.8,higher,0.8
Gemma4-E4B,native_thinking,22,4,7,logistic_recall,0.5714285714285714,higher,0.5714285714285714
Gemma4-E4B,native_thinking,22,4,7,logistic_f1,0.6666666666666666,higher,0.6666666666666666
Gemma4-E4B,native_thinking,22,4,7,ncc_recall,0.7142857142857143,higher,0.7142857142857143
Gemma4-E4B,native_thinking,22,4,7,silhouette_cosine,-6.929146184120327e-05,higher,-6.929146184120327e-05
Gemma4-E4B,native_thinking,22,4,7,within_trace,888.2288818359375,lower,-888.2288818359375
Gemma4-E4B,native_thinking,22,4,7,class_nc1_ratio,3.6015733569270507,lower,-3.6015733569270507
Gemma4-E4B,native_thinking,22,4,7,centroid_nearest_squared,296.34564208984375,higher,296.34564208984375
Gemma4-E4B,native_thinking,22,4,7,fisher_nearest,0.33363657515538997,higher,0.33363657515538997
Gemma4-E4B,native_thinking,22,4,7,min_bhattacharyya,6.881652355194092,higher,6.881652355194092
Gemma4-E4B,native_thinking,22,4,7,mean_bhattacharyya,12.172462410397,higher,12.172462410397
Gemma4-E4B,native_thinking,22,4,7,nc2_class_cosine_deviation,0.3710455649336915,lower,-0.3710455649336915
Gemma4-E4B,native_thinking,22,5,7,logistic_precision,0.6666666666666666,higher,0.6666666666666666
Gemma4-E4B,native_thinking,22,5,7,logistic_recall,0.5714285714285714,higher,0.5714285714285714
Gemma4-E4B,native_thinking,22,5,7,logistic_f1,0.6153846153846154,higher,0.6153846153846154
Gemma4-E4B,native_thinking,22,5,7,ncc_recall,0.5714285714285714,higher,0.5714285714285714
Gemma4-E4B,native_thinking,22,5,7,silhouette_cosine,-0.10296233743429184,higher,-0.10296233743429184
Gemma4-E4B,native_thinking,22,5,7,within_trace,1058.127197265625,lower,-1058.127197265625
Gemma4-E4B,native_thinking,22,5,7,class_nc1_ratio,4.67970195604664,lower,-4.67970195604664
Gemma4-E4B,native_thinking,22,5,7,centroid_nearest_squared,107.87869262695312,higher,107.87869262695312
Gemma4-E4B,native_thinking,22,5,7,fisher_nearest,0.10195248067125526,higher,0.10195248067125526
Gemma4-E4B,native_thinking,22,5,7,min_bhattacharyya,3.8399391174316406,higher,3.8399391174316406
Gemma4-E4B,native_thinking,22,5,7,mean_bhattacharyya,10.34062745836046,higher,10.34062745836046
Gemma4-E4B,native_thinking,22,5,7,nc2_class_cosine_deviation,0.34592410633455456,lower,-0.34592410633455456
Gemma4-E4B,native_thinking,22,6,7,logistic_precision,0.4,higher,0.4
Gemma4-E4B,native_thinking,22,6,7,logistic_recall,0.5714285714285714,higher,0.5714285714285714
Gemma4-E4B,native_thinking,22,6,7,logistic_f1,0.47058823529411764,higher,0.47058823529411764
Gemma4-E4B,native_thinking,22,6,7,ncc_recall,0.7142857142857143,higher,0.7142857142857143
Gemma4-E4B,native_thinking,22,6,7,silhouette_cosine,-0.07593972235918045,higher,-0.07593972235918045
Gemma4-E4B,native_thinking,22,6,7,within_trace,1005.17431640625,lower,-1005.17431640625
Gemma4-E4B,native_thinking,22,6,7,class_nc1_ratio,5.007364304838241,lower,-5.007364304838241
Gemma4-E4B,native_thinking,22,6,7,centroid_nearest_squared,107.87869262695312,higher,107.87869262695312
Gemma4-E4B,native_thinking,22,6,7,fisher_nearest,0.10732336756538555,higher,0.10732336756538555
Gemma4-E4B,native_thinking,22,6,7,min_bhattacharyya,3.8399391174316406,higher,3.8399391174316406
Gemma4-E4B,native_thinking,22,6,7,mean_bhattacharyya,10.37543789545695,higher,10.37543789545695
Gemma4-E4B,native_thinking,22,6,7,nc2_class_cosine_deviation,0.33838196255174685,lower,-0.33838196255174685
Gemma4-E4B,native_thinking,22,7,7,logistic_precision,0.6666666666666666,higher,0.6666666666666666
Gemma4-E4B,native_thinking,22,7,7,logistic_recall,0.5714285714285714,higher,0.5714285714285714
Gemma4-E4B,native_thinking,22,7,7,logistic_f1,0.6153846153846154,higher,0.6153846153846154
Gemma4-E4B,native_thinking,22,7,7,ncc_recall,0.42857142857142855,higher,0.42857142857142855
Gemma4-E4B,native_thinking,22,7,7,silhouette_cosine,-0.006898789666593075,higher,-0.006898789666593075
Gemma4-E4B,native_thinking,22,7,7,within_trace,1037.5914306640625,lower,-1037.5914306640625
Gemma4-E4B,native_thinking,22,7,7,class_nc1_ratio,3.7454005363319918,lower,-3.7454005363319918
Gemma4-E4B,native_thinking,22,7,7,centroid_nearest_squared,386.1579284667969,higher,386.1579284667969
Gemma4-E4B,native_thinking,22,7,7,fisher_nearest,0.37216761535863335,higher,0.37216761535863335
Gemma4-E4B,native_thinking,22,7,7,min_bhattacharyya,6.123213291168213,higher,6.123213291168213
Gemma4-E4B,native_thinking,22,7,7,mean_bhattacharyya,10.72686407301161,higher,10.72686407301161
Gemma4-E4B,native_thinking,22,7,7,nc2_class_cosine_deviation,0.2025502046087274,lower,-0.2025502046087274
Gemma4-E4B,native_thinking,22,8,7,logistic_precision,0.8,higher,0.8
Gemma4-E4B,native_thinking,22,8,7,logistic_recall,0.5714285714285714,higher,0.5714285714285714
Gemma4-E4B,native_thinking,22,8,7,logistic_f1,0.6666666666666666,higher,0.6666666666666666
Gemma4-E4B,native_thinking,22,8,7,ncc_recall,0.42857142857142855,higher,0.42857142857142855
Gemma4-E4B,native_thinking,22,8,7,silhouette_cosine,-0.1677338033914566,higher,-0.1677338033914566
Gemma4-E4B,native_thinking,22,8,7,within_trace,1220.8154296875,lower,-1220.8154296875
Gemma4-E4B,native_thinking,22,8,7,class_nc1_ratio,3.4164891457792277,lower,-3.4164891457792277
Gemma4-E4B,native_thinking,22,8,7,centroid_nearest_squared,428.6803283691406,higher,428.6803283691406
Gemma4-E4B,native_thinking,22,8,7,fisher_nearest,0.3511426198789711,higher,0.3511426198789711
Gemma4-E4B,native_thinking,22,8,7,min_bhattacharyya,6.123213291168213,higher,6.123213291168213
Gemma4-E4B,native_thinking,22,8,7,mean_bhattacharyya,9.15779717763265,higher,9.15779717763265
Gemma4-E4B,native_thinking,22,8,7,nc2_class_cosine_deviation,0.3677054967409299,lower,-0.3677054967409299
Gemma4-E4B,native_thinking,22,9,5,logistic_precision,0.5,higher,0.5
Gemma4-E4B,native_thinking,22,9,5,logistic_recall,0.4,higher,0.4
Gemma4-E4B,native_thinking,22,9,5,logistic_f1,0.4444444444444444,higher,0.4444444444444444
Gemma4-E4B,native_thinking,22,9,5,ncc_recall,0.6,higher,0.6
Gemma4-E4B,native_thinking,22,9,5,silhouette_cosine,-0.13769710063934326,higher,-0.13769710063934326
Gemma4-E4B,native_thinking,22,9,5,within_trace,1378.0020751953125,lower,-1378.0020751953125
Gemma4-E4B,native_thinking,22,9,5,class_nc1_ratio,2.191551974726211,lower,-2.191551974726211
Gemma4-E4B,native_thinking,22,9,5,centroid_nearest_squared,428.6803283691406,higher,428.6803283691406
Gemma4-E4B,native_thinking,22,9,5,fisher_nearest,0.311088303918832,higher,0.311088303918832
Gemma4-E4B,native_thinking,22,9,5,min_bhattacharyya,6.147356033325195,higher,6.147356033325195
Gemma4-E4B,native_thinking,22,9,5,mean_bhattacharyya,11.381942325168186,higher,11.381942325168186
Gemma4-E4B,native_thinking,22,9,5,nc2_class_cosine_deviation,0.3768080217234882,lower,-0.3768080217234882
Gemma4-E4B,native_thinking,22,10,3,logistic_precision,0.25,higher,0.25
Gemma4-E4B,native_thinking,22,10,3,logistic_recall,0.6666666666666666,higher,0.6666666666666666
Gemma4-E4B,native_thinking,22,10,3,logistic_f1,0.36363636363636365,higher,0.36363636363636365
Gemma4-E4B,native_thinking,22,10,3,ncc_recall,0.6666666666666666,higher,0.6666666666666666
Gemma4-E4B,native_thinking,22,10,3,silhouette_cosine,0.017982030287384987,higher,0.017982030287384987
Gemma4-E4B,native_thinking,22,10,3,within_trace,1053.866455078125,lower,-1053.866455078125
Gemma4-E4B,native_thinking,22,10,3,class_nc1_ratio,1.0726733670375597,lower,-1.0726733670375597
Gemma4-E4B,native_thinking,22,10,3,centroid_nearest_squared,627.7252807617188,higher,627.7252807617188
Gemma4-E4B,native_thinking,22,10,3,fisher_nearest,0.5956402518905343,higher,0.5956402518905343
Gemma4-E4B,native_thinking,22,10,3,min_bhattacharyya,6.688714027404785,higher,6.688714027404785
Gemma4-E4B,native_thinking,22,10,3,mean_bhattacharyya,17.664854261610245,higher,17.664854261610245
Gemma4-E4B,native_thinking,22,10,3,nc2_class_cosine_deviation,0.37829536063895547,lower,-0.37829536063895547
Gemma4-E4B,non_thinking,23,1,10,logistic_precision,1.0,higher,1.0
Gemma4-E4B,non_thinking,23,1,10,logistic_recall,1.0,higher,1.0
Gemma4-E4B,non_thinking,23,1,10,logistic_f1,1.0,higher,1.0
Gemma4-E4B,non_thinking,23,1,10,ncc_recall,1.0,higher,1.0
Gemma4-E4B,non_thinking,23,1,10,silhouette_cosine,0.9088326692581177,higher,0.9088326692581177
Gemma4-E4B,non_thinking,23,1,10,within_trace,282.5244140625,lower,-282.5244140625
Gemma4-E4B,non_thinking,23,1,10,class_nc1_ratio,0.07900151084541883,lower,-0.07900151084541883
Gemma4-E4B,non_thinking,23,1,10,centroid_nearest_squared,3399.667236328125,higher,3399.667236328125
Gemma4-E4B,non_thinking,23,1,10,fisher_nearest,12.033180380567222,higher,12.033180380567222
Gemma4-E4B,non_thinking,23,1,10,min_bhattacharyya,66.36236572265625,higher,66.36236572265625
Gemma4-E4B,non_thinking,23,1,10,mean_bhattacharyya,86.59328079223633,higher,86.59328079223633
Gemma4-E4B,non_thinking,23,1,10,nc2_class_cosine_deviation,0.49765156522209253,lower,-0.49765156522209253
Gemma4-E4B,non_thinking,23,2,10,logistic_precision,0.8333333333333334,higher,0.8333333333333334
Gemma4-E4B,non_thinking,23,2,10,logistic_recall,0.5,higher,0.5
Gemma4-E4B,non_thinking,23,2,10,logistic_f1,0.625,higher,0.625
Gemma4-E4B,non_thinking,23,2,10,ncc_recall,0.7,higher,0.7
Gemma4-E4B,non_thinking,23,2,10,silhouette_cosine,0.10065378248691559,higher,0.10065378248691559
Gemma4-E4B,non_thinking,23,2,10,within_trace,1221.425537109375,lower,-1221.425537109375
Gemma4-E4B,non_thinking,23,2,10,class_nc1_ratio,1.9336715340522992,lower,-1.9336715340522992
Gemma4-E4B,non_thinking,23,2,10,centroid_nearest_squared,452.611572265625,higher,452.611572265625
Gemma4-E4B,non_thinking,23,2,10,fisher_nearest,0.370560102531322,higher,0.370560102531322
Gemma4-E4B,non_thinking,23,2,10,min_bhattacharyya,4.707727432250977,higher,4.707727432250977
Gemma4-E4B,non_thinking,23,2,10,mean_bhattacharyya,17.08673122194078,higher,17.08673122194078
Gemma4-E4B,non_thinking,23,2,10,nc2_class_cosine_deviation,0.4159946146386641,lower,-0.4159946146386641
Gemma4-E4B,non_thinking,23,3,10,logistic_precision,0.5384615384615384,higher,0.5384615384615384
Gemma4-E4B,non_thinking,23,3,10,logistic_recall,0.7,higher,0.7
Gemma4-E4B,non_thinking,23,3,10,logistic_f1,0.6086956521739131,higher,0.6086956521739131
Gemma4-E4B,non_thinking,23,3,10,ncc_recall,0.4,higher,0.4
Gemma4-E4B,non_thinking,23,3,10,silhouette_cosine,-0.13265779614448547,higher,-0.13265779614448547
Gemma4-E4B,non_thinking,23,3,10,within_trace,1431.390380859375,lower,-1431.390380859375
Gemma4-E4B,non_thinking,23,3,10,class_nc1_ratio,8.402426509630924,lower,-8.402426509630924
Gemma4-E4B,non_thinking,23,3,10,centroid_nearest_squared,136.8493194580078,higher,136.8493194580078
Gemma4-E4B,non_thinking,23,3,10,fisher_nearest,0.09560586775485141,higher,0.09560586775485141
Gemma4-E4B,non_thinking,23,3,10,min_bhattacharyya,2.255271792411804,higher,2.255271792411804
Gemma4-E4B,non_thinking,23,3,10,mean_bhattacharyya,11.941408382521736,higher,11.941408382521736
Gemma4-E4B,non_thinking,23,3,10,nc2_class_cosine_deviation,0.23101259911731806,lower,-0.23101259911731806
Gemma4-E4B,non_thinking,23,4,10,logistic_precision,0.3333333333333333,higher,0.3333333333333333
Gemma4-E4B,non_thinking,23,4,10,logistic_recall,0.2,higher,0.2
Gemma4-E4B,non_thinking,23,4,10,logistic_f1,0.25,higher,0.25
Gemma4-E4B,non_thinking,23,4,10,ncc_recall,0.3,higher,0.3
Gemma4-E4B,non_thinking,23,4,10,silhouette_cosine,-0.15696540474891663,higher,-0.15696540474891663
Gemma4-E4B,non_thinking,23,4,10,within_trace,1347.28955078125,lower,-1347.28955078125
Gemma4-E4B,non_thinking,23,4,10,class_nc1_ratio,12.941645322703902,lower,-12.941645322703902
Gemma4-E4B,non_thinking,23,4,10,centroid_nearest_squared,125.09310913085938,higher,125.09310913085938
Gemma4-E4B,non_thinking,23,4,10,fisher_nearest,0.09284797693140416,higher,0.09284797693140416
Gemma4-E4B,non_thinking,23,4,10,min_bhattacharyya,2.218835473060608,higher,2.218835473060608
Gemma4-E4B,non_thinking,23,4,10,mean_bhattacharyya,11.3689028289583,higher,11.3689028289583
Gemma4-E4B,non_thinking,23,4,10,nc2_class_cosine_deviation,0.3782614740416592,lower,-0.3782614740416592
Gemma4-E4B,non_thinking,23,5,10,logistic_precision,0.2727272727272727,higher,0.2727272727272727
Gemma4-E4B,non_thinking,23,5,10,logistic_recall,0.3,higher,0.3
Gemma4-E4B,non_thinking,23,5,10,logistic_f1,0.2857142857142857,higher,0.2857142857142857
Gemma4-E4B,non_thinking,23,5,10,ncc_recall,0.2,higher,0.2
Gemma4-E4B,non_thinking,23,5,10,silhouette_cosine,-0.1422528326511383,higher,-0.1422528326511383
Gemma4-E4B,non_thinking,23,5,10,within_trace,1207.4306640625,lower,-1207.4306640625
Gemma4-E4B,non_thinking,23,5,10,class_nc1_ratio,9.957188056180925,lower,-9.957188056180925
Gemma4-E4B,non_thinking,23,5,10,centroid_nearest_squared,120.1853256225586,higher,120.1853256225586
Gemma4-E4B,non_thinking,23,5,10,fisher_nearest,0.09953807634650023,higher,0.09953807634650023
Gemma4-E4B,non_thinking,23,5,10,min_bhattacharyya,2.218835473060608,higher,2.218835473060608
Gemma4-E4B,non_thinking,23,5,10,mean_bhattacharyya,13.001409153143564,higher,13.001409153143564
Gemma4-E4B,non_thinking,23,5,10,nc2_class_cosine_deviation,0.5498655637680196,lower,-0.5498655637680196
Gemma4-E4B,non_thinking,23,6,10,logistic_precision,0.29411764705882354,higher,0.29411764705882354
Gemma4-E4B,non_thinking,23,6,10,logistic_recall,0.5,higher,0.5
Gemma4-E4B,non_thinking,23,6,10,logistic_f1,0.37037037037037035,higher,0.37037037037037035
Gemma4-E4B,non_thinking,23,6,10,ncc_recall,0.4,higher,0.4
Gemma4-E4B,non_thinking,23,6,10,silhouette_cosine,-0.12430156767368317,higher,-0.12430156767368317
Gemma4-E4B,non_thinking,23,6,10,within_trace,1048.92724609375,lower,-1048.92724609375
Gemma4-E4B,non_thinking,23,6,10,class_nc1_ratio,6.641872684532041,lower,-6.641872684532041
Gemma4-E4B,non_thinking,23,6,10,centroid_nearest_squared,190.40084838867188,higher,190.40084838867188
Gemma4-E4B,non_thinking,23,6,10,fisher_nearest,0.18151959451690552,higher,0.18151959451690552
Gemma4-E4B,non_thinking,23,6,10,min_bhattacharyya,2.4858104586601257,higher,2.4858104586601257
Gemma4-E4B,non_thinking,23,6,10,mean_bhattacharyya,13.200249254703522,higher,13.200249254703522
Gemma4-E4B,non_thinking,23,6,10,nc2_class_cosine_deviation,0.3127019812387449,lower,-0.3127019812387449
Gemma4-E4B,non_thinking,23,7,10,logistic_precision,0.2727272727272727,higher,0.2727272727272727
Gemma4-E4B,non_thinking,23,7,10,logistic_recall,0.3,higher,0.3
Gemma4-E4B,non_thinking,23,7,10,logistic_f1,0.2857142857142857,higher,0.2857142857142857
Gemma4-E4B,non_thinking,23,7,10,ncc_recall,0.1,higher,0.1
Gemma4-E4B,non_thinking,23,7,10,silhouette_cosine,-0.18771205842494965,higher,-0.18771205842494965
Gemma4-E4B,non_thinking,23,7,10,within_trace,1172.972900390625,lower,-1172.972900390625
Gemma4-E4B,non_thinking,23,7,10,class_nc1_ratio,8.111018714662984,lower,-8.111018714662984
Gemma4-E4B,non_thinking,23,7,10,centroid_nearest_squared,85.90966796875,higher,85.90966796875
Gemma4-E4B,non_thinking,23,7,10,fisher_nearest,0.07324096570358979,higher,0.07324096570358979
Gemma4-E4B,non_thinking,23,7,10,min_bhattacharyya,2.2032519578933716,higher,2.2032519578933716
Gemma4-E4B,non_thinking,23,7,10,mean_bhattacharyya,13.293641421529982,higher,13.293641421529982
Gemma4-E4B,non_thinking,23,7,10,nc2_class_cosine_deviation,0.6058957267690589,lower,-0.6058957267690589
Gemma4-E4B,non_thinking,23,8,10,logistic_precision,0.0,higher,0.0
Gemma4-E4B,non_thinking,23,8,10,logistic_recall,0.0,higher,0.0
Gemma4-E4B,non_thinking,23,8,10,logistic_f1,0.0,higher,0.0
Gemma4-E4B,non_thinking,23,8,10,ncc_recall,0.1,higher,0.1
Gemma4-E4B,non_thinking,23,8,10,silhouette_cosine,-0.13122709095478058,higher,-0.13122709095478058
Gemma4-E4B,non_thinking,23,8,10,within_trace,1058.8575439453125,lower,-1058.8575439453125
Gemma4-E4B,non_thinking,23,8,10,class_nc1_ratio,5.208420719568119,lower,-5.208420719568119
Gemma4-E4B,non_thinking,23,8,10,centroid_nearest_squared,85.90966796875,higher,85.90966796875
Gemma4-E4B,non_thinking,23,8,10,fisher_nearest,0.0811343022108997,higher,0.0811343022108997
Gemma4-E4B,non_thinking,23,8,10,min_bhattacharyya,1.6949702501296997,higher,1.6949702501296997
Gemma4-E4B,non_thinking,23,8,10,mean_bhattacharyya,14.20582401752472,higher,14.20582401752472
Gemma4-E4B,non_thinking,23,8,10,nc2_class_cosine_deviation,0.5796104689807068,lower,-0.5796104689807068
Gemma4-E4B,non_thinking,23,9,10,logistic_precision,0.21428571428571427,higher,0.21428571428571427
Gemma4-E4B,non_thinking,23,9,10,logistic_recall,0.3,higher,0.3
Gemma4-E4B,non_thinking,23,9,10,logistic_f1,0.25,higher,0.25
Gemma4-E4B,non_thinking,23,9,10,ncc_recall,0.1,higher,0.1
Gemma4-E4B,non_thinking,23,9,10,silhouette_cosine,-0.09584972262382507,higher,-0.09584972262382507
Gemma4-E4B,non_thinking,23,9,10,within_trace,799.94677734375,lower,-799.94677734375
Gemma4-E4B,non_thinking,23,9,10,class_nc1_ratio,3.062051047651931,lower,-3.062051047651931
Gemma4-E4B,non_thinking,23,9,10,centroid_nearest_squared,43.60356140136719,higher,43.60356140136719
Gemma4-E4B,non_thinking,23,9,10,fisher_nearest,0.05450807808258728,higher,0.05450807808258728
Gemma4-E4B,non_thinking,23,9,10,min_bhattacharyya,1.6252528429031372,higher,1.6252528429031372
Gemma4-E4B,non_thinking,23,9,10,mean_bhattacharyya,16.968764285246532,higher,16.968764285246532
Gemma4-E4B,non_thinking,23,9,10,nc2_class_cosine_deviation,0.6499327045899851,lower,-0.6499327045899851
Gemma4-E4B,non_thinking,23,10,10,logistic_precision,0.3333333333333333,higher,0.3333333333333333
Gemma4-E4B,non_thinking,23,10,10,logistic_recall,0.3,higher,0.3
Gemma4-E4B,non_thinking,23,10,10,logistic_f1,0.3157894736842105,higher,0.3157894736842105
Gemma4-E4B,non_thinking,23,10,10,ncc_recall,0.4,higher,0.4
Gemma4-E4B,non_thinking,23,10,10,silhouette_cosine,-0.1310444325208664,higher,-0.1310444325208664
Gemma4-E4B,non_thinking,23,10,10,within_trace,962.34228515625,lower,-962.34228515625
Gemma4-E4B,non_thinking,23,10,10,class_nc1_ratio,3.6893578975206287,lower,-3.6893578975206287
Gemma4-E4B,non_thinking,23,10,10,centroid_nearest_squared,43.60356140136719,higher,43.60356140136719
Gemma4-E4B,non_thinking,23,10,10,fisher_nearest,0.04530982590491441,higher,0.04530982590491441
Gemma4-E4B,non_thinking,23,10,10,min_bhattacharyya,1.6252528429031372,higher,1.6252528429031372
Gemma4-E4B,non_thinking,23,10,10,mean_bhattacharyya,15.649775114324358,higher,15.649775114324358
Gemma4-E4B,non_thinking,23,10,10,nc2_class_cosine_deviation,0.6465124493395842,lower,-0.6465124493395842
Gemma4-E4B,native_thinking,23,1,10,logistic_precision,1.0,higher,1.0
Gemma4-E4B,native_thinking,23,1,10,logistic_recall,0.7,higher,0.7
Gemma4-E4B,native_thinking,23,1,10,logistic_f1,0.8235294117647058,higher,0.8235294117647058
Gemma4-E4B,native_thinking,23,1,10,ncc_recall,0.7,higher,0.7
Gemma4-E4B,native_thinking,23,1,10,silhouette_cosine,0.10494078695774078,higher,0.10494078695774078
Gemma4-E4B,native_thinking,23,1,10,within_trace,2032.233642578125,lower,-2032.233642578125
Gemma4-E4B,native_thinking,23,1,10,class_nc1_ratio,1.763984802698087,lower,-1.763984802698087
Gemma4-E4B,native_thinking,23,1,10,centroid_nearest_squared,1536.5015869140625,higher,1536.5015869140625
Gemma4-E4B,native_thinking,23,1,10,fisher_nearest,0.7560654221651558,higher,0.7560654221651558
Gemma4-E4B,native_thinking,23,1,10,min_bhattacharyya,5.673533201217651,higher,5.673533201217651
Gemma4-E4B,native_thinking,23,1,10,mean_bhattacharyya,12.225647528966268,higher,12.225647528966268
Gemma4-E4B,native_thinking,23,1,10,nc2_class_cosine_deviation,0.37307935093104105,lower,-0.37307935093104105
Gemma4-E4B,native_thinking,23,2,7,logistic_precision,1.0,higher,1.0
Gemma4-E4B,native_thinking,23,2,7,logistic_recall,1.0,higher,1.0
Gemma4-E4B,native_thinking,23,2,7,logistic_f1,1.0,higher,1.0
Gemma4-E4B,native_thinking,23,2,7,ncc_recall,0.8571428571428571,higher,0.8571428571428571
Gemma4-E4B,native_thinking,23,2,7,silhouette_cosine,-0.04249995946884155,higher,-0.04249995946884155
Gemma4-E4B,native_thinking,23,2,7,within_trace,1473.16650390625,lower,-1473.16650390625
Gemma4-E4B,native_thinking,23,2,7,class_nc1_ratio,2.9577271569299244,lower,-2.9577271569299244
Gemma4-E4B,native_thinking,23,2,7,centroid_nearest_squared,215.66725158691406,higher,215.66725158691406
Gemma4-E4B,native_thinking,23,2,7,fisher_nearest,0.14639706442893627,higher,0.14639706442893627
Gemma4-E4B,native_thinking,23,2,7,min_bhattacharyya,4.1209917068481445,higher,4.1209917068481445
Gemma4-E4B,native_thinking,23,2,7,mean_bhattacharyya,12.76030577553643,higher,12.76030577553643
Gemma4-E4B,native_thinking,23,2,7,nc2_class_cosine_deviation,0.43472162749112386,lower,-0.43472162749112386
Gemma4-E4B,native_thinking,23,3,7,logistic_precision,0.6666666666666666,higher,0.6666666666666666
Gemma4-E4B,native_thinking,23,3,7,logistic_recall,0.5714285714285714,higher,0.5714285714285714
Gemma4-E4B,native_thinking,23,3,7,logistic_f1,0.6153846153846154,higher,0.6153846153846154
Gemma4-E4B,native_thinking,23,3,7,ncc_recall,0.7142857142857143,higher,0.7142857142857143
Gemma4-E4B,native_thinking,23,3,7,silhouette_cosine,-0.12193809449672699,higher,-0.12193809449672699
Gemma4-E4B,native_thinking,23,3,7,within_trace,1345.30517578125,lower,-1345.30517578125
Gemma4-E4B,native_thinking,23,3,7,class_nc1_ratio,4.2395123668342745,lower,-4.2395123668342745
Gemma4-E4B,native_thinking,23,3,7,centroid_nearest_squared,132.28863525390625,higher,132.28863525390625
Gemma4-E4B,native_thinking,23,3,7,fisher_nearest,0.09833355110455377,higher,0.09833355110455377
Gemma4-E4B,native_thinking,23,3,7,min_bhattacharyya,3.07023823261261,higher,3.07023823261261
Gemma4-E4B,native_thinking,23,3,7,mean_bhattacharyya,9.114340742429098,higher,9.114340742429098
Gemma4-E4B,native_thinking,23,3,7,nc2_class_cosine_deviation,0.5826576129521853,lower,-0.5826576129521853
Gemma4-E4B,native_thinking,23,4,7,logistic_precision,0.2727272727272727,higher,0.2727272727272727
Gemma4-E4B,native_thinking,23,4,7,logistic_recall,0.42857142857142855,higher,0.42857142857142855
Gemma4-E4B,native_thinking,23,4,7,logistic_f1,0.3333333333333333,higher,0.3333333333333333
Gemma4-E4B,native_thinking,23,4,7,ncc_recall,0.7142857142857143,higher,0.7142857142857143
Gemma4-E4B,native_thinking,23,4,7,silhouette_cosine,-0.10602851957082748,higher,-0.10602851957082748
Gemma4-E4B,native_thinking,23,4,7,within_trace,1257.5367431640625,lower,-1257.5367431640625
Gemma4-E4B,native_thinking,23,4,7,class_nc1_ratio,4.3196422757735755,lower,-4.3196422757735755
Gemma4-E4B,native_thinking,23,4,7,centroid_nearest_squared,78.01875305175781,higher,78.01875305175781
Gemma4-E4B,native_thinking,23,4,7,fisher_nearest,0.06204093317818803,higher,0.06204093317818803
Gemma4-E4B,native_thinking,23,4,7,min_bhattacharyya,2.3144232630729675,higher,2.3144232630729675
Gemma4-E4B,native_thinking,23,4,7,mean_bhattacharyya,8.153042243586647,higher,8.153042243586647
Gemma4-E4B,native_thinking,23,4,7,nc2_class_cosine_deviation,0.6603814685418281,lower,-0.6603814685418281
Gemma4-E4B,native_thinking,23,5,7,logistic_precision,0.25,higher,0.25
Gemma4-E4B,native_thinking,23,5,7,logistic_recall,0.14285714285714285,higher,0.14285714285714285
Gemma4-E4B,native_thinking,23,5,7,logistic_f1,0.18181818181818182,higher,0.18181818181818182
Gemma4-E4B,native_thinking,23,5,7,ncc_recall,0.14285714285714285,higher,0.14285714285714285
Gemma4-E4B,native_thinking,23,5,7,silhouette_cosine,-0.15952984988689423,higher,-0.15952984988689423
Gemma4-E4B,native_thinking,23,5,7,within_trace,1308.877685546875,lower,-1308.877685546875
Gemma4-E4B,native_thinking,23,5,7,class_nc1_ratio,5.852894721446162,lower,-5.852894721446162
Gemma4-E4B,native_thinking,23,5,7,centroid_nearest_squared,70.17788696289062,higher,70.17788696289062
Gemma4-E4B,native_thinking,23,5,7,fisher_nearest,0.05361684115927831,higher,0.05361684115927831
Gemma4-E4B,native_thinking,23,5,7,min_bhattacharyya,2.3144232630729675,higher,2.3144232630729675
Gemma4-E4B,native_thinking,23,5,7,mean_bhattacharyya,7.361632492807177,higher,7.361632492807177
Gemma4-E4B,native_thinking,23,5,7,nc2_class_cosine_deviation,0.5749760443045769,lower,-0.5749760443045769
Gemma4-E4B,native_thinking,23,6,7,logistic_precision,0.5,higher,0.5
Gemma4-E4B,native_thinking,23,6,7,logistic_recall,0.7142857142857143,higher,0.7142857142857143
Gemma4-E4B,native_thinking,23,6,7,logistic_f1,0.5882352941176471,higher,0.5882352941176471
Gemma4-E4B,native_thinking,23,6,7,ncc_recall,0.7142857142857143,higher,0.7142857142857143
Gemma4-E4B,native_thinking,23,6,7,silhouette_cosine,-0.11198244988918304,higher,-0.11198244988918304
Gemma4-E4B,native_thinking,23,6,7,within_trace,1233.579345703125,lower,-1233.579345703125
Gemma4-E4B,native_thinking,23,6,7,class_nc1_ratio,5.052723729933431,lower,-5.052723729933431
Gemma4-E4B,native_thinking,23,6,7,centroid_nearest_squared,70.17788696289062,higher,70.17788696289062
Gemma4-E4B,native_thinking,23,6,7,fisher_nearest,0.056889641681614,higher,0.056889641681614
Gemma4-E4B,native_thinking,23,6,7,min_bhattacharyya,2.3918890357017517,higher,2.3918890357017517
Gemma4-E4B,native_thinking,23,6,7,mean_bhattacharyya,7.457188798321618,higher,7.457188798321618
Gemma4-E4B,native_thinking,23,6,7,nc2_class_cosine_deviation,0.4946860231367159,lower,-0.4946860231367159
Gemma4-E4B,native_thinking,23,7,7,logistic_precision,0.8,higher,0.8
Gemma4-E4B,native_thinking,23,7,7,logistic_recall,0.5714285714285714,higher,0.5714285714285714
Gemma4-E4B,native_thinking,23,7,7,logistic_f1,0.6666666666666666,higher,0.6666666666666666
Gemma4-E4B,native_thinking,23,7,7,ncc_recall,0.42857142857142855,higher,0.42857142857142855
Gemma4-E4B,native_thinking,23,7,7,silhouette_cosine,-0.16104093194007874,higher,-0.16104093194007874
Gemma4-E4B,native_thinking,23,7,7,within_trace,1424.860595703125,lower,-1424.860595703125
Gemma4-E4B,native_thinking,23,7,7,class_nc1_ratio,4.878823374331578,lower,-4.878823374331578
Gemma4-E4B,native_thinking,23,7,7,centroid_nearest_squared,211.8143310546875,higher,211.8143310546875
Gemma4-E4B,native_thinking,23,7,7,fisher_nearest,0.14865617850156326,higher,0.14865617850156326
Gemma4-E4B,native_thinking,23,7,7,min_bhattacharyya,3.3270864486694336,higher,3.3270864486694336
Gemma4-E4B,native_thinking,23,7,7,mean_bhattacharyya,7.258652196990119,higher,7.258652196990119
Gemma4-E4B,native_thinking,23,7,7,nc2_class_cosine_deviation,0.3388352337534781,lower,-0.3388352337534781
Gemma4-E4B,native_thinking,23,8,7,logistic_precision,0.5,higher,0.5
Gemma4-E4B,native_thinking,23,8,7,logistic_recall,0.42857142857142855,higher,0.42857142857142855
Gemma4-E4B,native_thinking,23,8,7,logistic_f1,0.46153846153846156,higher,0.46153846153846156
Gemma4-E4B,native_thinking,23,8,7,ncc_recall,0.2857142857142857,higher,0.2857142857142857
Gemma4-E4B,native_thinking,23,8,7,silhouette_cosine,-0.22148264944553375,higher,-0.22148264944553375
Gemma4-E4B,native_thinking,23,8,7,within_trace,1614.1343994140625,lower,-1614.1343994140625
Gemma4-E4B,native_thinking,23,8,7,class_nc1_ratio,3.9407192398018958,lower,-3.9407192398018958
Gemma4-E4B,native_thinking,23,8,7,centroid_nearest_squared,170.40335083007812,higher,170.40335083007812
Gemma4-E4B,native_thinking,23,8,7,fisher_nearest,0.10556949340273973,higher,0.10556949340273973
Gemma4-E4B,native_thinking,23,8,7,min_bhattacharyya,2.7704633474349976,higher,2.7704633474349976
Gemma4-E4B,native_thinking,23,8,7,mean_bhattacharyya,6.869288669692145,higher,6.869288669692145
Gemma4-E4B,native_thinking,23,8,7,nc2_class_cosine_deviation,0.5018284835013342,lower,-0.5018284835013342
Gemma4-E4B,native_thinking,23,9,5,logistic_precision,0.2,higher,0.2
Gemma4-E4B,native_thinking,23,9,5,logistic_recall,0.2,higher,0.2
Gemma4-E4B,native_thinking,23,9,5,logistic_f1,0.2,higher,0.2
Gemma4-E4B,native_thinking,23,9,5,ncc_recall,0.6,higher,0.6
Gemma4-E4B,native_thinking,23,9,5,silhouette_cosine,-0.25542303919792175,higher,-0.25542303919792175
Gemma4-E4B,native_thinking,23,9,5,within_trace,1766.6387939453125,lower,-1766.6387939453125
Gemma4-E4B,native_thinking,23,9,5,class_nc1_ratio,2.7791711740449068,lower,-2.7791711740449068
Gemma4-E4B,native_thinking,23,9,5,centroid_nearest_squared,170.40335083007812,higher,170.40335083007812
Gemma4-E4B,native_thinking,23,9,5,fisher_nearest,0.09645624867635114,higher,0.09645624867635114
Gemma4-E4B,native_thinking,23,9,5,min_bhattacharyya,2.1456103324890137,higher,2.1456103324890137
Gemma4-E4B,native_thinking,23,9,5,mean_bhattacharyya,8.247061954604256,higher,8.247061954604256
Gemma4-E4B,native_thinking,23,9,5,nc2_class_cosine_deviation,0.5646728870033483,lower,-0.5646728870033483
Gemma4-E4B,native_thinking,23,10,3,logistic_precision,0.16666666666666666,higher,0.16666666666666666
Gemma4-E4B,native_thinking,23,10,3,logistic_recall,0.3333333333333333,higher,0.3333333333333333
Gemma4-E4B,native_thinking,23,10,3,logistic_f1,0.2222222222222222,higher,0.2222222222222222
Gemma4-E4B,native_thinking,23,10,3,ncc_recall,0.6666666666666666,higher,0.6666666666666666
Gemma4-E4B,native_thinking,23,10,3,silhouette_cosine,-0.15967491269111633,higher,-0.15967491269111633
Gemma4-E4B,native_thinking,23,10,3,within_trace,1480.4637451171875,lower,-1480.4637451171875
Gemma4-E4B,native_thinking,23,10,3,class_nc1_ratio,1.2345945105638993,lower,-1.2345945105638993
Gemma4-E4B,native_thinking,23,10,3,centroid_nearest_squared,234.80133056640625,higher,234.80133056640625
Gemma4-E4B,native_thinking,23,10,3,fisher_nearest,0.15859985179699237,higher,0.15859985179699237
Gemma4-E4B,native_thinking,23,10,3,min_bhattacharyya,2.1456103324890137,higher,2.1456103324890137
Gemma4-E4B,native_thinking,23,10,3,mean_bhattacharyya,11.602822621663412,higher,11.602822621663412
Gemma4-E4B,native_thinking,23,10,3,nc2_class_cosine_deviation,0.5482001777416394,lower,-0.5482001777416394
Gemma4-E4B,non_thinking,24,1,10,logistic_precision,1.0,higher,1.0
Gemma4-E4B,non_thinking,24,1,10,logistic_recall,1.0,higher,1.0
Gemma4-E4B,non_thinking,24,1,10,logistic_f1,1.0,higher,1.0
Gemma4-E4B,non_thinking,24,1,10,ncc_recall,1.0,higher,1.0
Gemma4-E4B,non_thinking,24,1,10,silhouette_cosine,0.8917328119277954,higher,0.8917328119277954
Gemma4-E4B,non_thinking,24,1,10,within_trace,371.52984619140625,lower,-371.52984619140625
Gemma4-E4B,non_thinking,24,1,10,class_nc1_ratio,0.1004999009248535,lower,-0.1004999009248535
Gemma4-E4B,non_thinking,24,1,10,centroid_nearest_squared,3623.031005859375,higher,3623.031005859375
Gemma4-E4B,non_thinking,24,1,10,fisher_nearest,9.751655332672378,higher,9.751655332672378
Gemma4-E4B,non_thinking,24,1,10,min_bhattacharyya,67.76615142822266,higher,67.76615142822266
Gemma4-E4B,non_thinking,24,1,10,mean_bhattacharyya,88.87182193332248,higher,88.87182193332248
Gemma4-E4B,non_thinking,24,1,10,nc2_class_cosine_deviation,0.5065366557718795,lower,-0.5065366557718795
Gemma4-E4B,non_thinking,24,2,10,logistic_precision,0.625,higher,0.625
Gemma4-E4B,non_thinking,24,2,10,logistic_recall,0.5,higher,0.5
Gemma4-E4B,non_thinking,24,2,10,logistic_f1,0.5555555555555556,higher,0.5555555555555556
Gemma4-E4B,non_thinking,24,2,10,ncc_recall,0.6,higher,0.6
Gemma4-E4B,non_thinking,24,2,10,silhouette_cosine,0.08032281696796417,higher,0.08032281696796417
Gemma4-E4B,non_thinking,24,2,10,within_trace,1029.365234375,lower,-1029.365234375
Gemma4-E4B,non_thinking,24,2,10,class_nc1_ratio,2.182613765104979,lower,-2.182613765104979
Gemma4-E4B,non_thinking,24,2,10,centroid_nearest_squared,317.7841491699219,higher,317.7841491699219
Gemma4-E4B,non_thinking,24,2,10,fisher_nearest,0.3087185564051723,higher,0.3087185564051723
Gemma4-E4B,non_thinking,24,2,10,min_bhattacharyya,4.461644887924194,higher,4.461644887924194
Gemma4-E4B,non_thinking,24,2,10,mean_bhattacharyya,16.512294212977093,higher,16.512294212977093
Gemma4-E4B,non_thinking,24,2,10,nc2_class_cosine_deviation,0.37225877190077744,lower,-0.37225877190077744
Gemma4-E4B,non_thinking,24,3,10,logistic_precision,0.36363636363636365,higher,0.36363636363636365
Gemma4-E4B,non_thinking,24,3,10,logistic_recall,0.4,higher,0.4
Gemma4-E4B,non_thinking,24,3,10,logistic_f1,0.38095238095238093,higher,0.38095238095238093
Gemma4-E4B,non_thinking,24,3,10,ncc_recall,0.4,higher,0.4
Gemma4-E4B,non_thinking,24,3,10,silhouette_cosine,-0.12611541152000427,higher,-0.12611541152000427
Gemma4-E4B,non_thinking,24,3,10,within_trace,1191.3896484375,lower,-1191.3896484375
Gemma4-E4B,non_thinking,24,3,10,class_nc1_ratio,8.079692474301767,lower,-8.079692474301767
Gemma4-E4B,non_thinking,24,3,10,centroid_nearest_squared,123.99727630615234,higher,123.99727630615234
Gemma4-E4B,non_thinking,24,3,10,fisher_nearest,0.10407785267294709,higher,0.10407785267294709
Gemma4-E4B,non_thinking,24,3,10,min_bhattacharyya,2.5361746549606323,higher,2.5361746549606323
Gemma4-E4B,non_thinking,24,3,10,mean_bhattacharyya,12.016309327549404,higher,12.016309327549404
Gemma4-E4B,non_thinking,24,3,10,nc2_class_cosine_deviation,0.20662441987682273,lower,-0.20662441987682273
Gemma4-E4B,non_thinking,24,4,10,logistic_precision,0.18181818181818182,higher,0.18181818181818182
Gemma4-E4B,non_thinking,24,4,10,logistic_recall,0.2,higher,0.2
Gemma4-E4B,non_thinking,24,4,10,logistic_f1,0.19047619047619047,higher,0.19047619047619047
Gemma4-E4B,non_thinking,24,4,10,ncc_recall,0.2,higher,0.2
Gemma4-E4B,non_thinking,24,4,10,silhouette_cosine,-0.17731843888759613,higher,-0.17731843888759613
Gemma4-E4B,non_thinking,24,4,10,within_trace,1161.356201171875,lower,-1161.356201171875
Gemma4-E4B,non_thinking,24,4,10,class_nc1_ratio,13.266223387464347,lower,-13.266223387464347
Gemma4-E4B,non_thinking,24,4,10,centroid_nearest_squared,123.99727630615234,higher,123.99727630615234
Gemma4-E4B,non_thinking,24,4,10,fisher_nearest,0.1067693754775942,higher,0.1067693754775942
Gemma4-E4B,non_thinking,24,4,10,min_bhattacharyya,2.5361746549606323,higher,2.5361746549606323
Gemma4-E4B,non_thinking,24,4,10,mean_bhattacharyya,12.094261275397407,higher,12.094261275397407
Gemma4-E4B,non_thinking,24,4,10,nc2_class_cosine_deviation,0.4171630141819701,lower,-0.4171630141819701
Gemma4-E4B,non_thinking,24,5,10,logistic_precision,0.2,higher,0.2
Gemma4-E4B,non_thinking,24,5,10,logistic_recall,0.3,higher,0.3
Gemma4-E4B,non_thinking,24,5,10,logistic_f1,0.24,higher,0.24
Gemma4-E4B,non_thinking,24,5,10,ncc_recall,0.1,higher,0.1
Gemma4-E4B,non_thinking,24,5,10,silhouette_cosine,-0.11905387789011002,higher,-0.11905387789011002
Gemma4-E4B,non_thinking,24,5,10,within_trace,1042.403564453125,lower,-1042.403564453125
Gemma4-E4B,non_thinking,24,5,10,class_nc1_ratio,7.898345956456067,lower,-7.898345956456067
Gemma4-E4B,non_thinking,24,5,10,centroid_nearest_squared,118.09320068359375,higher,118.09320068359375
Gemma4-E4B,non_thinking,24,5,10,fisher_nearest,0.1132893293064945,higher,0.1132893293064945
Gemma4-E4B,non_thinking,24,5,10,min_bhattacharyya,2.929938793182373,higher,2.929938793182373
Gemma4-E4B,non_thinking,24,5,10,mean_bhattacharyya,13.697495487001207,higher,13.697495487001207
Gemma4-E4B,non_thinking,24,5,10,nc2_class_cosine_deviation,0.5217424535456998,lower,-0.5217424535456998
Gemma4-E4B,non_thinking,24,6,10,logistic_precision,0.3333333333333333,higher,0.3333333333333333
Gemma4-E4B,non_thinking,24,6,10,logistic_recall,0.3,higher,0.3
Gemma4-E4B,non_thinking,24,6,10,logistic_f1,0.3157894736842105,higher,0.3157894736842105
Gemma4-E4B,non_thinking,24,6,10,ncc_recall,0.3,higher,0.3
Gemma4-E4B,non_thinking,24,6,10,silhouette_cosine,-0.15710130333900452,higher,-0.15710130333900452
Gemma4-E4B,non_thinking,24,6,10,within_trace,935.9533081054688,lower,-935.9533081054688
Gemma4-E4B,non_thinking,24,6,10,class_nc1_ratio,7.477564595315004,lower,-7.477564595315004
Gemma4-E4B,non_thinking,24,6,10,centroid_nearest_squared,190.7415771484375,higher,190.7415771484375
Gemma4-E4B,non_thinking,24,6,10,fisher_nearest,0.20379390242717493,higher,0.20379390242717493
Gemma4-E4B,non_thinking,24,6,10,min_bhattacharyya,2.8245007395744324,higher,2.8245007395744324
Gemma4-E4B,non_thinking,24,6,10,mean_bhattacharyya,12.053833928373125,higher,12.053833928373125
Gemma4-E4B,non_thinking,24,6,10,nc2_class_cosine_deviation,0.2397682302068045,lower,-0.2397682302068045
Gemma4-E4B,non_thinking,24,7,10,logistic_precision,0.1,higher,0.1
Gemma4-E4B,non_thinking,24,7,10,logistic_recall,0.1,higher,0.1
Gemma4-E4B,non_thinking,24,7,10,logistic_f1,0.1,higher,0.1
Gemma4-E4B,non_thinking,24,7,10,ncc_recall,0.1,higher,0.1
Gemma4-E4B,non_thinking,24,7,10,silhouette_cosine,-0.18836602568626404,higher,-0.18836602568626404
Gemma4-E4B,non_thinking,24,7,10,within_trace,953.6187744140625,lower,-953.6187744140625
Gemma4-E4B,non_thinking,24,7,10,class_nc1_ratio,7.182709955114738,lower,-7.182709955114738
Gemma4-E4B,non_thinking,24,7,10,centroid_nearest_squared,80.0875244140625,higher,80.0875244140625
Gemma4-E4B,non_thinking,24,7,10,fisher_nearest,0.08398274715519431,higher,0.08398274715519431
Gemma4-E4B,non_thinking,24,7,10,min_bhattacharyya,2.691289007663727,higher,2.691289007663727
Gemma4-E4B,non_thinking,24,7,10,mean_bhattacharyya,13.758148696687487,higher,13.758148696687487
Gemma4-E4B,non_thinking,24,7,10,nc2_class_cosine_deviation,0.5950317767299251,lower,-0.5950317767299251
Gemma4-E4B,non_thinking,24,8,10,logistic_precision,0.0,higher,0.0
Gemma4-E4B,non_thinking,24,8,10,logistic_recall,0.0,higher,0.0
Gemma4-E4B,non_thinking,24,8,10,logistic_f1,0.0,higher,0.0
Gemma4-E4B,non_thinking,24,8,10,ncc_recall,0.0,higher,0.0
Gemma4-E4B,non_thinking,24,8,10,silhouette_cosine,-0.13809047639369965,higher,-0.13809047639369965
Gemma4-E4B,non_thinking,24,8,10,within_trace,858.86083984375,lower,-858.86083984375
Gemma4-E4B,non_thinking,24,8,10,class_nc1_ratio,4.326548803491469,lower,-4.326548803491469
Gemma4-E4B,non_thinking,24,8,10,centroid_nearest_squared,80.0875244140625,higher,80.0875244140625
Gemma4-E4B,non_thinking,24,8,10,fisher_nearest,0.09324854586295096,higher,0.09324854586295096
Gemma4-E4B,non_thinking,24,8,10,min_bhattacharyya,2.4834452867507935,higher,2.4834452867507935
Gemma4-E4B,non_thinking,24,8,10,mean_bhattacharyya,14.25408892499076,higher,14.25408892499076
Gemma4-E4B,non_thinking,24,8,10,nc2_class_cosine_deviation,0.5886518222130375,lower,-0.5886518222130375
Gemma4-E4B,non_thinking,24,9,10,logistic_precision,0.3,higher,0.3
Gemma4-E4B,non_thinking,24,9,10,logistic_recall,0.3,higher,0.3
Gemma4-E4B,non_thinking,24,9,10,logistic_f1,0.3,higher,0.3
Gemma4-E4B,non_thinking,24,9,10,ncc_recall,0.1,higher,0.1
Gemma4-E4B,non_thinking,24,9,10,silhouette_cosine,-0.08619455248117447,higher,-0.08619455248117447
Gemma4-E4B,non_thinking,24,9,10,within_trace,631.6670532226562,lower,-631.6670532226562
Gemma4-E4B,non_thinking,24,9,10,class_nc1_ratio,2.791868894037375,lower,-2.791868894037375
Gemma4-E4B,non_thinking,24,9,10,centroid_nearest_squared,52.12662124633789,higher,52.12662124633789
Gemma4-E4B,non_thinking,24,9,10,fisher_nearest,0.08252230503458566,higher,0.08252230503458566
Gemma4-E4B,non_thinking,24,9,10,min_bhattacharyya,2.4493188858032227,higher,2.4493188858032227
Gemma4-E4B,non_thinking,24,9,10,mean_bhattacharyya,18.883291999499004,higher,18.883291999499004
Gemma4-E4B,non_thinking,24,9,10,nc2_class_cosine_deviation,0.6058783702276371,lower,-0.6058783702276371
Gemma4-E4B,non_thinking,24,10,10,logistic_precision,0.3333333333333333,higher,0.3333333333333333
Gemma4-E4B,non_thinking,24,10,10,logistic_recall,0.5,higher,0.5
Gemma4-E4B,non_thinking,24,10,10,logistic_f1,0.4,higher,0.4
Gemma4-E4B,non_thinking,24,10,10,ncc_recall,0.3,higher,0.3
Gemma4-E4B,non_thinking,24,10,10,silhouette_cosine,-0.12629690766334534,higher,-0.12629690766334534
Gemma4-E4B,non_thinking,24,10,10,within_trace,808.7373046875,lower,-808.7373046875
Gemma4-E4B,non_thinking,24,10,10,class_nc1_ratio,3.461177485037217,lower,-3.461177485037217
Gemma4-E4B,non_thinking,24,10,10,centroid_nearest_squared,52.12662124633789,higher,52.12662124633789
Gemma4-E4B,non_thinking,24,10,10,fisher_nearest,0.064454330156663,higher,0.064454330156663
Gemma4-E4B,non_thinking,24,10,10,min_bhattacharyya,2.4493188858032227,higher,2.4493188858032227
Gemma4-E4B,non_thinking,24,10,10,mean_bhattacharyya,16.883523901303608,higher,16.883523901303608
Gemma4-E4B,non_thinking,24,10,10,nc2_class_cosine_deviation,0.6327433277059485,lower,-0.6327433277059485
Gemma4-E4B,native_thinking,24,1,10,logistic_precision,1.0,higher,1.0
Gemma4-E4B,native_thinking,24,1,10,logistic_recall,0.7,higher,0.7
Gemma4-E4B,native_thinking,24,1,10,logistic_f1,0.8235294117647058,higher,0.8235294117647058
Gemma4-E4B,native_thinking,24,1,10,ncc_recall,0.7,higher,0.7
Gemma4-E4B,native_thinking,24,1,10,silhouette_cosine,0.12943148612976074,higher,0.12943148612976074
Gemma4-E4B,native_thinking,24,1,10,within_trace,2102.0576171875,lower,-2102.0576171875
Gemma4-E4B,native_thinking,24,1,10,class_nc1_ratio,1.792207471600983,lower,-1.792207471600983
Gemma4-E4B,native_thinking,24,1,10,centroid_nearest_squared,1538.5792236328125,higher,1538.5792236328125
Gemma4-E4B,native_thinking,24,1,10,fisher_nearest,0.7319396057713169,higher,0.7319396057713169
Gemma4-E4B,native_thinking,24,1,10,min_bhattacharyya,5.338420391082764,higher,5.338420391082764
Gemma4-E4B,native_thinking,24,1,10,mean_bhattacharyya,11.943765428331163,higher,11.943765428331163
Gemma4-E4B,native_thinking,24,1,10,nc2_class_cosine_deviation,0.36075578781741635,lower,-0.36075578781741635
Gemma4-E4B,native_thinking,24,2,7,logistic_precision,1.0,higher,1.0
Gemma4-E4B,native_thinking,24,2,7,logistic_recall,0.8571428571428571,higher,0.8571428571428571
Gemma4-E4B,native_thinking,24,2,7,logistic_f1,0.9230769230769231,higher,0.9230769230769231
Gemma4-E4B,native_thinking,24,2,7,ncc_recall,0.7142857142857143,higher,0.7142857142857143
Gemma4-E4B,native_thinking,24,2,7,silhouette_cosine,-0.07159636914730072,higher,-0.07159636914730072
Gemma4-E4B,native_thinking,24,2,7,within_trace,1324.404052734375,lower,-1324.404052734375
Gemma4-E4B,native_thinking,24,2,7,class_nc1_ratio,2.998981042639611,lower,-2.998981042639611
Gemma4-E4B,native_thinking,24,2,7,centroid_nearest_squared,186.64935302734375,higher,186.64935302734375
Gemma4-E4B,native_thinking,24,2,7,fisher_nearest,0.14093082291766326,higher,0.14093082291766326
Gemma4-E4B,native_thinking,24,2,7,min_bhattacharyya,3.796132802963257,higher,3.796132802963257
Gemma4-E4B,native_thinking,24,2,7,mean_bhattacharyya,11.47756944762336,higher,11.47756944762336
Gemma4-E4B,native_thinking,24,2,7,nc2_class_cosine_deviation,0.44512459088438816,lower,-0.44512459088438816
Gemma4-E4B,native_thinking,24,3,7,logistic_precision,0.6363636363636364,higher,0.6363636363636364
Gemma4-E4B,native_thinking,24,3,7,logistic_recall,1.0,higher,1.0
Gemma4-E4B,native_thinking,24,3,7,logistic_f1,0.7777777777777778,higher,0.7777777777777778
Gemma4-E4B,native_thinking,24,3,7,ncc_recall,0.5714285714285714,higher,0.5714285714285714
Gemma4-E4B,native_thinking,24,3,7,silhouette_cosine,-0.11370151489973068,higher,-0.11370151489973068
Gemma4-E4B,native_thinking,24,3,7,within_trace,1244.036376953125,lower,-1244.036376953125
Gemma4-E4B,native_thinking,24,3,7,class_nc1_ratio,3.993187878064067,lower,-3.993187878064067
Gemma4-E4B,native_thinking,24,3,7,centroid_nearest_squared,98.27566528320312,higher,98.27566528320312
Gemma4-E4B,native_thinking,24,3,7,fisher_nearest,0.07899742089849365,higher,0.07899742089849365
Gemma4-E4B,native_thinking,24,3,7,min_bhattacharyya,2.3686447143554688,higher,2.3686447143554688
Gemma4-E4B,native_thinking,24,3,7,mean_bhattacharyya,7.990508000055949,higher,7.990508000055949
Gemma4-E4B,native_thinking,24,3,7,nc2_class_cosine_deviation,0.5948420033594708,lower,-0.5948420033594708
Gemma4-E4B,native_thinking,24,4,7,logistic_precision,1.0,higher,1.0
Gemma4-E4B,native_thinking,24,4,7,logistic_recall,0.42857142857142855,higher,0.42857142857142855
Gemma4-E4B,native_thinking,24,4,7,logistic_f1,0.6,higher,0.6
Gemma4-E4B,native_thinking,24,4,7,ncc_recall,0.2857142857142857,higher,0.2857142857142857
Gemma4-E4B,native_thinking,24,4,7,silhouette_cosine,-0.12443669140338898,higher,-0.12443669140338898
Gemma4-E4B,native_thinking,24,4,7,within_trace,1182.41552734375,lower,-1182.41552734375
Gemma4-E4B,native_thinking,24,4,7,class_nc1_ratio,4.514310456858729,lower,-4.514310456858729
Gemma4-E4B,native_thinking,24,4,7,centroid_nearest_squared,70.5454330444336,higher,70.5454330444336
Gemma4-E4B,native_thinking,24,4,7,fisher_nearest,0.059662133499643,higher,0.059662133499643
Gemma4-E4B,native_thinking,24,4,7,min_bhattacharyya,2.141266345977783,higher,2.141266345977783
Gemma4-E4B,native_thinking,24,4,7,mean_bhattacharyya,7.0666919681761,higher,7.0666919681761
Gemma4-E4B,native_thinking,24,4,7,nc2_class_cosine_deviation,0.6647715426889467,lower,-0.6647715426889467
Gemma4-E4B,native_thinking,24,5,7,logistic_precision,0.2857142857142857,higher,0.2857142857142857
Gemma4-E4B,native_thinking,24,5,7,logistic_recall,0.2857142857142857,higher,0.2857142857142857
Gemma4-E4B,native_thinking,24,5,7,logistic_f1,0.2857142857142857,higher,0.2857142857142857
Gemma4-E4B,native_thinking,24,5,7,ncc_recall,0.14285714285714285,higher,0.14285714285714285
Gemma4-E4B,native_thinking,24,5,7,silhouette_cosine,-0.1703386753797531,higher,-0.1703386753797531
Gemma4-E4B,native_thinking,24,5,7,within_trace,1233.9969482421875,lower,-1233.9969482421875
Gemma4-E4B,native_thinking,24,5,7,class_nc1_ratio,6.36449920951893,lower,-6.36449920951893
Gemma4-E4B,native_thinking,24,5,7,centroid_nearest_squared,60.514076232910156,higher,60.514076232910156
Gemma4-E4B,native_thinking,24,5,7,fisher_nearest,0.04903908094676544,higher,0.04903908094676544
Gemma4-E4B,native_thinking,24,5,7,min_bhattacharyya,2.0348864793777466,higher,2.0348864793777466
Gemma4-E4B,native_thinking,24,5,7,mean_bhattacharyya,6.576599213812086,higher,6.576599213812086
Gemma4-E4B,native_thinking,24,5,7,nc2_class_cosine_deviation,0.586227548527129,lower,-0.586227548527129
Gemma4-E4B,native_thinking,24,6,7,logistic_precision,0.5555555555555556,higher,0.5555555555555556
Gemma4-E4B,native_thinking,24,6,7,logistic_recall,0.7142857142857143,higher,0.7142857142857143
Gemma4-E4B,native_thinking,24,6,7,logistic_f1,0.625,higher,0.625
Gemma4-E4B,native_thinking,24,6,7,ncc_recall,0.42857142857142855,higher,0.42857142857142855
Gemma4-E4B,native_thinking,24,6,7,silhouette_cosine,-0.13312049210071564,higher,-0.13312049210071564
Gemma4-E4B,native_thinking,24,6,7,within_trace,1221.650146484375,lower,-1221.650146484375
Gemma4-E4B,native_thinking,24,6,7,class_nc1_ratio,5.329807824548893,lower,-5.329807824548893
Gemma4-E4B,native_thinking,24,6,7,centroid_nearest_squared,60.514076232910156,higher,60.514076232910156
Gemma4-E4B,native_thinking,24,6,7,fisher_nearest,0.049534702228011505,higher,0.049534702228011505
Gemma4-E4B,native_thinking,24,6,7,min_bhattacharyya,2.0348864793777466,higher,2.0348864793777466
Gemma4-E4B,native_thinking,24,6,7,mean_bhattacharyya,6.523717112011379,higher,6.523717112011379
Gemma4-E4B,native_thinking,24,6,7,nc2_class_cosine_deviation,0.520742475066656,lower,-0.520742475066656
Gemma4-E4B,native_thinking,24,7,7,logistic_precision,1.0,higher,1.0
Gemma4-E4B,native_thinking,24,7,7,logistic_recall,0.42857142857142855,higher,0.42857142857142855
Gemma4-E4B,native_thinking,24,7,7,logistic_f1,0.6,higher,0.6
Gemma4-E4B,native_thinking,24,7,7,ncc_recall,0.14285714285714285,higher,0.14285714285714285
Gemma4-E4B,native_thinking,24,7,7,silhouette_cosine,-0.171949103474617,higher,-0.171949103474617
Gemma4-E4B,native_thinking,24,7,7,within_trace,1353.573486328125,lower,-1353.573486328125
Gemma4-E4B,native_thinking,24,7,7,class_nc1_ratio,5.214591407852514,lower,-5.214591407852514
Gemma4-E4B,native_thinking,24,7,7,centroid_nearest_squared,185.05575561523438,higher,185.05575561523438
Gemma4-E4B,native_thinking,24,7,7,fisher_nearest,0.13671644538283625,higher,0.13671644538283625
Gemma4-E4B,native_thinking,24,7,7,min_bhattacharyya,2.7923516035079956,higher,2.7923516035079956
Gemma4-E4B,native_thinking,24,7,7,mean_bhattacharyya,6.544485847155253,higher,6.544485847155253
Gemma4-E4B,native_thinking,24,7,7,nc2_class_cosine_deviation,0.3280668477585287,lower,-0.3280668477585287
Gemma4-E4B,native_thinking,24,8,7,logistic_precision,0.42857142857142855,higher,0.42857142857142855
Gemma4-E4B,native_thinking,24,8,7,logistic_recall,0.42857142857142855,higher,0.42857142857142855
Gemma4-E4B,native_thinking,24,8,7,logistic_f1,0.42857142857142855,higher,0.42857142857142855
Gemma4-E4B,native_thinking,24,8,7,ncc_recall,0.14285714285714285,higher,0.14285714285714285
Gemma4-E4B,native_thinking,24,8,7,silhouette_cosine,-0.2184268683195114,higher,-0.2184268683195114
Gemma4-E4B,native_thinking,24,8,7,within_trace,1692.5780029296875,lower,-1692.5780029296875
Gemma4-E4B,native_thinking,24,8,7,class_nc1_ratio,3.8251437152444865,lower,-3.8251437152444865
Gemma4-E4B,native_thinking,24,8,7,centroid_nearest_squared,183.1908416748047,higher,183.1908416748047
Gemma4-E4B,native_thinking,24,8,7,fisher_nearest,0.10823184595198519,higher,0.10823184595198519
Gemma4-E4B,native_thinking,24,8,7,min_bhattacharyya,2.550493359565735,higher,2.550493359565735
Gemma4-E4B,native_thinking,24,8,7,mean_bhattacharyya,6.173665179146661,higher,6.173665179146661
Gemma4-E4B,native_thinking,24,8,7,nc2_class_cosine_deviation,0.4908051584605817,lower,-0.4908051584605817
Gemma4-E4B,native_thinking,24,9,5,logistic_precision,0.16666666666666666,higher,0.16666666666666666
Gemma4-E4B,native_thinking,24,9,5,logistic_recall,0.2,higher,0.2
Gemma4-E4B,native_thinking,24,9,5,logistic_f1,0.18181818181818182,higher,0.18181818181818182
Gemma4-E4B,native_thinking,24,9,5,ncc_recall,0.6,higher,0.6
Gemma4-E4B,native_thinking,24,9,5,silhouette_cosine,-0.2531936764717102,higher,-0.2531936764717102
Gemma4-E4B,native_thinking,24,9,5,within_trace,1881.8426513671875,lower,-1881.8426513671875
Gemma4-E4B,native_thinking,24,9,5,class_nc1_ratio,3.0306029822530762,lower,-3.0306029822530762
Gemma4-E4B,native_thinking,24,9,5,centroid_nearest_squared,179.6401824951172,higher,179.6401824951172
Gemma4-E4B,native_thinking,24,9,5,fisher_nearest,0.09545972526693762,higher,0.09545972526693762
Gemma4-E4B,native_thinking,24,9,5,min_bhattacharyya,1.4240190386772156,higher,1.4240190386772156
Gemma4-E4B,native_thinking,24,9,5,mean_bhattacharyya,7.1027630766232805,higher,7.1027630766232805
Gemma4-E4B,native_thinking,24,9,5,nc2_class_cosine_deviation,0.5686321201515787,lower,-0.5686321201515787
Gemma4-E4B,native_thinking,24,10,3,logistic_precision,0.125,higher,0.125
Gemma4-E4B,native_thinking,24,10,3,logistic_recall,0.3333333333333333,higher,0.3333333333333333
Gemma4-E4B,native_thinking,24,10,3,logistic_f1,0.18181818181818182,higher,0.18181818181818182
Gemma4-E4B,native_thinking,24,10,3,ncc_recall,0.3333333333333333,higher,0.3333333333333333
Gemma4-E4B,native_thinking,24,10,3,silhouette_cosine,-0.18819911777973175,higher,-0.18819911777973175
Gemma4-E4B,native_thinking,24,10,3,within_trace,1614.7783203125,lower,-1614.7783203125
Gemma4-E4B,native_thinking,24,10,3,class_nc1_ratio,1.4778946968226838,lower,-1.4778946968226838
Gemma4-E4B,native_thinking,24,10,3,centroid_nearest_squared,179.6401824951172,higher,179.6401824951172
Gemma4-E4B,native_thinking,24,10,3,fisher_nearest,0.11124758131528067,higher,0.11124758131528067
Gemma4-E4B,native_thinking,24,10,3,min_bhattacharyya,1.4240190386772156,higher,1.4240190386772156
Gemma4-E4B,native_thinking,24,10,3,mean_bhattacharyya,9.631784273518456,higher,9.631784273518456
Gemma4-E4B,native_thinking,24,10,3,nc2_class_cosine_deviation,0.53712764888266,lower,-0.53712764888266
Gemma4-E4B,non_thinking,25,1,10,logistic_precision,1.0,higher,1.0
Gemma4-E4B,non_thinking,25,1,10,logistic_recall,1.0,higher,1.0
Gemma4-E4B,non_thinking,25,1,10,logistic_f1,1.0,higher,1.0
Gemma4-E4B,non_thinking,25,1,10,ncc_recall,1.0,higher,1.0
Gemma4-E4B,non_thinking,25,1,10,silhouette_cosine,0.9010448455810547,higher,0.9010448455810547
Gemma4-E4B,non_thinking,25,1,10,within_trace,342.5166015625,lower,-342.5166015625
Gemma4-E4B,non_thinking,25,1,10,class_nc1_ratio,0.09264121349075057,lower,-0.09264121349075057
Gemma4-E4B,non_thinking,25,1,10,centroid_nearest_squared,3689.86181640625,higher,3689.86181640625
Gemma4-E4B,non_thinking,25,1,10,fisher_nearest,10.772796996039768,higher,10.772796996039768
Gemma4-E4B,non_thinking,25,1,10,min_bhattacharyya,64.40422821044922,higher,64.40422821044922
Gemma4-E4B,non_thinking,25,1,10,mean_bhattacharyya,82.44314659966363,higher,82.44314659966363
Gemma4-E4B,non_thinking,25,1,10,nc2_class_cosine_deviation,0.5161711853227496,lower,-0.5161711853227496
Gemma4-E4B,non_thinking,25,2,10,logistic_precision,0.7777777777777778,higher,0.7777777777777778
Gemma4-E4B,non_thinking,25,2,10,logistic_recall,0.7,higher,0.7
Gemma4-E4B,non_thinking,25,2,10,logistic_f1,0.7368421052631579,higher,0.7368421052631579
Gemma4-E4B,non_thinking,25,2,10,ncc_recall,0.6,higher,0.6
Gemma4-E4B,non_thinking,25,2,10,silhouette_cosine,0.10740186274051666,higher,0.10740186274051666
Gemma4-E4B,non_thinking,25,2,10,within_trace,866.5478515625,lower,-866.5478515625
Gemma4-E4B,non_thinking,25,2,10,class_nc1_ratio,2.134116526696112,lower,-2.134116526696112
Gemma4-E4B,non_thinking,25,2,10,centroid_nearest_squared,314.04345703125,higher,314.04345703125
Gemma4-E4B,non_thinking,25,2,10,fisher_nearest,0.3624075190596668,higher,0.3624075190596668
Gemma4-E4B,non_thinking,25,2,10,min_bhattacharyya,4.49835729598999,higher,4.49835729598999
Gemma4-E4B,non_thinking,25,2,10,mean_bhattacharyya,15.41055334938897,higher,15.41055334938897
Gemma4-E4B,non_thinking,25,2,10,nc2_class_cosine_deviation,0.32437162772740846,lower,-0.32437162772740846
Gemma4-E4B,non_thinking,25,3,10,logistic_precision,0.4444444444444444,higher,0.4444444444444444
Gemma4-E4B,non_thinking,25,3,10,logistic_recall,0.4,higher,0.4
Gemma4-E4B,non_thinking,25,3,10,logistic_f1,0.42105263157894735,higher,0.42105263157894735
Gemma4-E4B,non_thinking,25,3,10,ncc_recall,0.4,higher,0.4
Gemma4-E4B,non_thinking,25,3,10,silhouette_cosine,-0.1125064268708229,higher,-0.1125064268708229
Gemma4-E4B,non_thinking,25,3,10,within_trace,1050.060791015625,lower,-1050.060791015625
Gemma4-E4B,non_thinking,25,3,10,class_nc1_ratio,8.032221385337031,lower,-8.032221385337031
Gemma4-E4B,non_thinking,25,3,10,centroid_nearest_squared,136.68545532226562,higher,136.68545532226562
Gemma4-E4B,non_thinking,25,3,10,fisher_nearest,0.13016908782020387,higher,0.13016908782020387
Gemma4-E4B,non_thinking,25,3,10,min_bhattacharyya,2.7782686948776245,higher,2.7782686948776245
Gemma4-E4B,non_thinking,25,3,10,mean_bhattacharyya,11.488233195410835,higher,11.488233195410835
Gemma4-E4B,non_thinking,25,3,10,nc2_class_cosine_deviation,0.23530850826222224,lower,-0.23530850826222224
Gemma4-E4B,non_thinking,25,4,10,logistic_precision,0.0,higher,0.0
Gemma4-E4B,non_thinking,25,4,10,logistic_recall,0.0,higher,0.0
Gemma4-E4B,non_thinking,25,4,10,logistic_f1,0.0,higher,0.0
Gemma4-E4B,non_thinking,25,4,10,ncc_recall,0.0,higher,0.0
Gemma4-E4B,non_thinking,25,4,10,silhouette_cosine,-0.1819838583469391,higher,-0.1819838583469391
Gemma4-E4B,non_thinking,25,4,10,within_trace,1098.392578125,lower,-1098.392578125
Gemma4-E4B,non_thinking,25,4,10,class_nc1_ratio,13.207684667120038,lower,-13.207684667120038
Gemma4-E4B,non_thinking,25,4,10,centroid_nearest_squared,113.91217041015625,higher,113.91217041015625
Gemma4-E4B,non_thinking,25,4,10,fisher_nearest,0.10370806638607198,higher,0.10370806638607198
Gemma4-E4B,non_thinking,25,4,10,min_bhattacharyya,2.7782686948776245,higher,2.7782686948776245
Gemma4-E4B,non_thinking,25,4,10,mean_bhattacharyya,11.57505468527476,higher,11.57505468527476
Gemma4-E4B,non_thinking,25,4,10,nc2_class_cosine_deviation,0.4189496414712918,lower,-0.4189496414712918
Gemma4-E4B,non_thinking,25,5,10,logistic_precision,0.23076923076923078,higher,0.23076923076923078
Gemma4-E4B,non_thinking,25,5,10,logistic_recall,0.3,higher,0.3
Gemma4-E4B,non_thinking,25,5,10,logistic_f1,0.2608695652173913,higher,0.2608695652173913
Gemma4-E4B,non_thinking,25,5,10,ncc_recall,0.1,higher,0.1
Gemma4-E4B,non_thinking,25,5,10,silhouette_cosine,-0.11199462413787842,higher,-0.11199462413787842
Gemma4-E4B,non_thinking,25,5,10,within_trace,942.1402587890625,lower,-942.1402587890625
Gemma4-E4B,non_thinking,25,5,10,class_nc1_ratio,7.494472040589448,lower,-7.494472040589448
Gemma4-E4B,non_thinking,25,5,10,centroid_nearest_squared,107.57957458496094,higher,107.57957458496094
Gemma4-E4B,non_thinking,25,5,10,fisher_nearest,0.1141863683048992,higher,0.1141863683048992
Gemma4-E4B,non_thinking,25,5,10,min_bhattacharyya,3.2178488969802856,higher,3.2178488969802856
Gemma4-E4B,non_thinking,25,5,10,mean_bhattacharyya,13.19652369287279,higher,13.19652369287279
Gemma4-E4B,non_thinking,25,5,10,nc2_class_cosine_deviation,0.5479374316371517,lower,-0.5479374316371517
Gemma4-E4B,non_thinking,25,6,10,logistic_precision,0.0,higher,0.0
Gemma4-E4B,non_thinking,25,6,10,logistic_recall,0.0,higher,0.0
Gemma4-E4B,non_thinking,25,6,10,logistic_f1,0.0,higher,0.0
Gemma4-E4B,non_thinking,25,6,10,ncc_recall,0.2,higher,0.2
Gemma4-E4B,non_thinking,25,6,10,silhouette_cosine,-0.16401103138923645,higher,-0.16401103138923645
Gemma4-E4B,non_thinking,25,6,10,within_trace,847.8916015625,lower,-847.8916015625
Gemma4-E4B,non_thinking,25,6,10,class_nc1_ratio,7.227672304615642,lower,-7.227672304615642
Gemma4-E4B,non_thinking,25,6,10,centroid_nearest_squared,164.86740112304688,higher,164.86740112304688
Gemma4-E4B,non_thinking,25,6,10,fisher_nearest,0.19444396054782026,higher,0.19444396054782026
Gemma4-E4B,non_thinking,25,6,10,min_bhattacharyya,3.045702874660492,higher,3.045702874660492
Gemma4-E4B,non_thinking,25,6,10,mean_bhattacharyya,10.857713162899017,higher,10.857713162899017
Gemma4-E4B,non_thinking,25,6,10,nc2_class_cosine_deviation,0.2699911832165571,lower,-0.2699911832165571
Gemma4-E4B,non_thinking,25,7,10,logistic_precision,0.13333333333333333,higher,0.13333333333333333
Gemma4-E4B,non_thinking,25,7,10,logistic_recall,0.2,higher,0.2
Gemma4-E4B,non_thinking,25,7,10,logistic_f1,0.16,higher,0.16
Gemma4-E4B,non_thinking,25,7,10,ncc_recall,0.1,higher,0.1
Gemma4-E4B,non_thinking,25,7,10,silhouette_cosine,-0.18903808295726776,higher,-0.18903808295726776
Gemma4-E4B,non_thinking,25,7,10,within_trace,890.8731079101562,lower,-890.8731079101562
Gemma4-E4B,non_thinking,25,7,10,class_nc1_ratio,7.693063140957815,lower,-7.693063140957815
Gemma4-E4B,non_thinking,25,7,10,centroid_nearest_squared,78.2165756225586,higher,78.2165756225586
Gemma4-E4B,non_thinking,25,7,10,fisher_nearest,0.0877976615615236,higher,0.0877976615615236
Gemma4-E4B,non_thinking,25,7,10,min_bhattacharyya,2.757045030593872,higher,2.757045030593872
Gemma4-E4B,non_thinking,25,7,10,mean_bhattacharyya,12.588258683681488,higher,12.588258683681488
Gemma4-E4B,non_thinking,25,7,10,nc2_class_cosine_deviation,0.5822166704837186,lower,-0.5822166704837186
Gemma4-E4B,non_thinking,25,8,10,logistic_precision,0.16666666666666666,higher,0.16666666666666666
Gemma4-E4B,non_thinking,25,8,10,logistic_recall,0.1,higher,0.1
Gemma4-E4B,non_thinking,25,8,10,logistic_f1,0.125,higher,0.125
Gemma4-E4B,non_thinking,25,8,10,ncc_recall,0.0,higher,0.0
Gemma4-E4B,non_thinking,25,8,10,silhouette_cosine,-0.12875036895275116,higher,-0.12875036895275116
Gemma4-E4B,non_thinking,25,8,10,within_trace,773.5665283203125,lower,-773.5665283203125
Gemma4-E4B,non_thinking,25,8,10,class_nc1_ratio,4.2223744091286814,lower,-4.2223744091286814
Gemma4-E4B,non_thinking,25,8,10,centroid_nearest_squared,78.2165756225586,higher,78.2165756225586
Gemma4-E4B,non_thinking,25,8,10,fisher_nearest,0.1011116339177634,higher,0.1011116339177634
Gemma4-E4B,non_thinking,25,8,10,min_bhattacharyya,2.485439658164978,higher,2.485439658164978
Gemma4-E4B,non_thinking,25,8,10,mean_bhattacharyya,13.582006971041361,higher,13.582006971041361
Gemma4-E4B,non_thinking,25,8,10,nc2_class_cosine_deviation,0.5939403622882602,lower,-0.5939403622882602
Gemma4-E4B,non_thinking,25,9,10,logistic_precision,0.16666666666666666,higher,0.16666666666666666
Gemma4-E4B,non_thinking,25,9,10,logistic_recall,0.2,higher,0.2
Gemma4-E4B,non_thinking,25,9,10,logistic_f1,0.18181818181818182,higher,0.18181818181818182
Gemma4-E4B,non_thinking,25,9,10,ncc_recall,0.2,higher,0.2
Gemma4-E4B,non_thinking,25,9,10,silhouette_cosine,-0.0849817544221878,higher,-0.0849817544221878
Gemma4-E4B,non_thinking,25,9,10,within_trace,593.1472778320312,lower,-593.1472778320312
Gemma4-E4B,non_thinking,25,9,10,class_nc1_ratio,2.706865483395382,lower,-2.706865483395382
Gemma4-E4B,non_thinking,25,9,10,centroid_nearest_squared,58.28737258911133,higher,58.28737258911133
Gemma4-E4B,non_thinking,25,9,10,fisher_nearest,0.09826795935429931,higher,0.09826795935429931
Gemma4-E4B,non_thinking,25,9,10,min_bhattacharyya,2.124985694885254,higher,2.124985694885254
Gemma4-E4B,non_thinking,25,9,10,mean_bhattacharyya,17.051251808802288,higher,17.051251808802288
Gemma4-E4B,non_thinking,25,9,10,nc2_class_cosine_deviation,0.6091267139087488,lower,-0.6091267139087488
Gemma4-E4B,non_thinking,25,10,10,logistic_precision,0.2727272727272727,higher,0.2727272727272727
Gemma4-E4B,non_thinking,25,10,10,logistic_recall,0.3,higher,0.3
Gemma4-E4B,non_thinking,25,10,10,logistic_f1,0.2857142857142857,higher,0.2857142857142857
Gemma4-E4B,non_thinking,25,10,10,ncc_recall,0.4,higher,0.4
Gemma4-E4B,non_thinking,25,10,10,silhouette_cosine,-0.12038540840148926,higher,-0.12038540840148926
Gemma4-E4B,non_thinking,25,10,10,within_trace,663.7637939453125,lower,-663.7637939453125
Gemma4-E4B,non_thinking,25,10,10,class_nc1_ratio,3.2268442853259276,lower,-3.2268442853259276
Gemma4-E4B,non_thinking,25,10,10,centroid_nearest_squared,58.28737258911133,higher,58.28737258911133
Gemma4-E4B,non_thinking,25,10,10,fisher_nearest,0.08781342568063244,higher,0.08781342568063244
Gemma4-E4B,non_thinking,25,10,10,min_bhattacharyya,2.124985694885254,higher,2.124985694885254
Gemma4-E4B,non_thinking,25,10,10,mean_bhattacharyya,15.967696004443699,higher,15.967696004443699
Gemma4-E4B,non_thinking,25,10,10,nc2_class_cosine_deviation,0.6334187607338398,lower,-0.6334187607338398
Gemma4-E4B,native_thinking,25,1,10,logistic_precision,1.0,higher,1.0
Gemma4-E4B,native_thinking,25,1,10,logistic_recall,0.7,higher,0.7
Gemma4-E4B,native_thinking,25,1,10,logistic_f1,0.8235294117647058,higher,0.8235294117647058
Gemma4-E4B,native_thinking,25,1,10,ncc_recall,0.7,higher,0.7
Gemma4-E4B,native_thinking,25,1,10,silhouette_cosine,0.13649876415729523,higher,0.13649876415729523
Gemma4-E4B,native_thinking,25,1,10,within_trace,2231.33056640625,lower,-2231.33056640625
Gemma4-E4B,native_thinking,25,1,10,class_nc1_ratio,1.8567497821937402,lower,-1.8567497821937402
Gemma4-E4B,native_thinking,25,1,10,centroid_nearest_squared,1713.7337646484375,higher,1713.7337646484375
Gemma4-E4B,native_thinking,25,1,10,fisher_nearest,0.768032218286936,higher,0.768032218286936
Gemma4-E4B,native_thinking,25,1,10,min_bhattacharyya,5.601002216339111,higher,5.601002216339111
Gemma4-E4B,native_thinking,25,1,10,mean_bhattacharyya,13.914110925462511,higher,13.914110925462511
Gemma4-E4B,native_thinking,25,1,10,nc2_class_cosine_deviation,0.32631130088810567,lower,-0.32631130088810567
Gemma4-E4B,native_thinking,25,2,7,logistic_precision,0.875,higher,0.875
Gemma4-E4B,native_thinking,25,2,7,logistic_recall,1.0,higher,1.0
Gemma4-E4B,native_thinking,25,2,7,logistic_f1,0.9333333333333333,higher,0.9333333333333333
Gemma4-E4B,native_thinking,25,2,7,ncc_recall,0.7142857142857143,higher,0.7142857142857143
Gemma4-E4B,native_thinking,25,2,7,silhouette_cosine,-0.05357692763209343,higher,-0.05357692763209343
Gemma4-E4B,native_thinking,25,2,7,within_trace,1162.36669921875,lower,-1162.36669921875
Gemma4-E4B,native_thinking,25,2,7,class_nc1_ratio,2.662715916948035,lower,-2.662715916948035
Gemma4-E4B,native_thinking,25,2,7,centroid_nearest_squared,175.4938201904297,higher,175.4938201904297
Gemma4-E4B,native_thinking,25,2,7,fisher_nearest,0.15097973841506523,higher,0.15097973841506523
Gemma4-E4B,native_thinking,25,2,7,min_bhattacharyya,4.221806526184082,higher,4.221806526184082
Gemma4-E4B,native_thinking,25,2,7,mean_bhattacharyya,12.08070903354221,higher,12.08070903354221
Gemma4-E4B,native_thinking,25,2,7,nc2_class_cosine_deviation,0.4629203506549935,lower,-0.4629203506549935
Gemma4-E4B,native_thinking,25,3,7,logistic_precision,0.75,higher,0.75
Gemma4-E4B,native_thinking,25,3,7,logistic_recall,0.8571428571428571,higher,0.8571428571428571
Gemma4-E4B,native_thinking,25,3,7,logistic_f1,0.8,higher,0.8
Gemma4-E4B,native_thinking,25,3,7,ncc_recall,0.5714285714285714,higher,0.5714285714285714
Gemma4-E4B,native_thinking,25,3,7,silhouette_cosine,-0.12246032059192657,higher,-0.12246032059192657
Gemma4-E4B,native_thinking,25,3,7,within_trace,1094.5927734375,lower,-1094.5927734375
Gemma4-E4B,native_thinking,25,3,7,class_nc1_ratio,3.440088930540325,lower,-3.440088930540325
Gemma4-E4B,native_thinking,25,3,7,centroid_nearest_squared,75.39336395263672,higher,75.39336395263672
Gemma4-E4B,native_thinking,25,3,7,fisher_nearest,0.06887800265286659,higher,0.06887800265286659
Gemma4-E4B,native_thinking,25,3,7,min_bhattacharyya,2.2103707790374756,higher,2.2103707790374756
Gemma4-E4B,native_thinking,25,3,7,mean_bhattacharyya,8.788152482774523,higher,8.788152482774523
Gemma4-E4B,native_thinking,25,3,7,nc2_class_cosine_deviation,0.5935557394483943,lower,-0.5935557394483943
Gemma4-E4B,native_thinking,25,4,7,logistic_precision,0.5,higher,0.5
Gemma4-E4B,native_thinking,25,4,7,logistic_recall,0.14285714285714285,higher,0.14285714285714285
Gemma4-E4B,native_thinking,25,4,7,logistic_f1,0.2222222222222222,higher,0.2222222222222222
Gemma4-E4B,native_thinking,25,4,7,ncc_recall,0.14285714285714285,higher,0.14285714285714285
Gemma4-E4B,native_thinking,25,4,7,silhouette_cosine,-0.10993778705596924,higher,-0.10993778705596924
Gemma4-E4B,native_thinking,25,4,7,within_trace,1052.047119140625,lower,-1052.047119140625
Gemma4-E4B,native_thinking,25,4,7,class_nc1_ratio,3.687728627371552,lower,-3.687728627371552
Gemma4-E4B,native_thinking,25,4,7,centroid_nearest_squared,75.39336395263672,higher,75.39336395263672
Gemma4-E4B,native_thinking,25,4,7,fisher_nearest,0.07166348596080234,higher,0.07166348596080234
Gemma4-E4B,native_thinking,25,4,7,min_bhattacharyya,2.2103707790374756,higher,2.2103707790374756
Gemma4-E4B,native_thinking,25,4,7,mean_bhattacharyya,7.813339180416531,higher,7.813339180416531
Gemma4-E4B,native_thinking,25,4,7,nc2_class_cosine_deviation,0.6456396322191497,lower,-0.6456396322191497
Gemma4-E4B,native_thinking,25,5,7,logistic_precision,0.2857142857142857,higher,0.2857142857142857
Gemma4-E4B,native_thinking,25,5,7,logistic_recall,0.2857142857142857,higher,0.2857142857142857
Gemma4-E4B,native_thinking,25,5,7,logistic_f1,0.2857142857142857,higher,0.2857142857142857
Gemma4-E4B,native_thinking,25,5,7,ncc_recall,0.2857142857142857,higher,0.2857142857142857
Gemma4-E4B,native_thinking,25,5,7,silhouette_cosine,-0.1615719050168991,higher,-0.1615719050168991
Gemma4-E4B,native_thinking,25,5,7,within_trace,1140.4947509765625,lower,-1140.4947509765625
Gemma4-E4B,native_thinking,25,5,7,class_nc1_ratio,5.94265350095568,lower,-5.94265350095568
Gemma4-E4B,native_thinking,25,5,7,centroid_nearest_squared,61.93865203857422,higher,61.93865203857422
Gemma4-E4B,native_thinking,25,5,7,fisher_nearest,0.05430858141656373,higher,0.05430858141656373
Gemma4-E4B,native_thinking,25,5,7,min_bhattacharyya,2.24196058511734,higher,2.24196058511734
Gemma4-E4B,native_thinking,25,5,7,mean_bhattacharyya,7.377496951156193,higher,7.377496951156193
Gemma4-E4B,native_thinking,25,5,7,nc2_class_cosine_deviation,0.5590735863388321,lower,-0.5590735863388321
Gemma4-E4B,native_thinking,25,6,7,logistic_precision,0.36363636363636365,higher,0.36363636363636365
Gemma4-E4B,native_thinking,25,6,7,logistic_recall,0.5714285714285714,higher,0.5714285714285714
Gemma4-E4B,native_thinking,25,6,7,logistic_f1,0.4444444444444444,higher,0.4444444444444444
Gemma4-E4B,native_thinking,25,6,7,ncc_recall,0.42857142857142855,higher,0.42857142857142855
Gemma4-E4B,native_thinking,25,6,7,silhouette_cosine,-0.15172509849071503,higher,-0.15172509849071503
Gemma4-E4B,native_thinking,25,6,7,within_trace,1154.666015625,lower,-1154.666015625
Gemma4-E4B,native_thinking,25,6,7,class_nc1_ratio,5.493089838031421,lower,-5.493089838031421
Gemma4-E4B,native_thinking,25,6,7,centroid_nearest_squared,61.93865203857422,higher,61.93865203857422
Gemma4-E4B,native_thinking,25,6,7,fisher_nearest,0.05364204990916611,higher,0.05364204990916611
Gemma4-E4B,native_thinking,25,6,7,min_bhattacharyya,2.24196058511734,higher,2.24196058511734
Gemma4-E4B,native_thinking,25,6,7,mean_bhattacharyya,7.0697398914231195,higher,7.0697398914231195
Gemma4-E4B,native_thinking,25,6,7,nc2_class_cosine_deviation,0.504883241230323,lower,-0.504883241230323
Gemma4-E4B,native_thinking,25,7,7,logistic_precision,1.0,higher,1.0
Gemma4-E4B,native_thinking,25,7,7,logistic_recall,0.42857142857142855,higher,0.42857142857142855
Gemma4-E4B,native_thinking,25,7,7,logistic_f1,0.6,higher,0.6
Gemma4-E4B,native_thinking,25,7,7,ncc_recall,0.14285714285714285,higher,0.14285714285714285
Gemma4-E4B,native_thinking,25,7,7,silhouette_cosine,-0.17716450989246368,higher,-0.17716450989246368
Gemma4-E4B,native_thinking,25,7,7,within_trace,1351.78369140625,lower,-1351.78369140625
Gemma4-E4B,native_thinking,25,7,7,class_nc1_ratio,4.683542645517226,lower,-4.683542645517226
Gemma4-E4B,native_thinking,25,7,7,centroid_nearest_squared,190.96791076660156,higher,190.96791076660156
Gemma4-E4B,native_thinking,25,7,7,fisher_nearest,0.1412710568862827,higher,0.1412710568862827
Gemma4-E4B,native_thinking,25,7,7,min_bhattacharyya,2.8249231576919556,higher,2.8249231576919556
Gemma4-E4B,native_thinking,25,7,7,mean_bhattacharyya,6.843867871496412,higher,6.843867871496412
Gemma4-E4B,native_thinking,25,7,7,nc2_class_cosine_deviation,0.327257110564797,lower,-0.327257110564797
Gemma4-E4B,native_thinking,25,8,7,logistic_precision,0.42857142857142855,higher,0.42857142857142855
Gemma4-E4B,native_thinking,25,8,7,logistic_recall,0.42857142857142855,higher,0.42857142857142855
Gemma4-E4B,native_thinking,25,8,7,logistic_f1,0.42857142857142855,higher,0.42857142857142855
Gemma4-E4B,native_thinking,25,8,7,ncc_recall,0.14285714285714285,higher,0.14285714285714285
Gemma4-E4B,native_thinking,25,8,7,silhouette_cosine,-0.19565975666046143,higher,-0.19565975666046143
Gemma4-E4B,native_thinking,25,8,7,within_trace,1758.151611328125,lower,-1758.151611328125
Gemma4-E4B,native_thinking,25,8,7,class_nc1_ratio,3.036133903638967,lower,-3.036133903638967
Gemma4-E4B,native_thinking,25,8,7,centroid_nearest_squared,233.83926391601562,higher,233.83926391601562
Gemma4-E4B,native_thinking,25,8,7,fisher_nearest,0.13300290055154637,higher,0.13300290055154637
Gemma4-E4B,native_thinking,25,8,7,min_bhattacharyya,2.8249231576919556,higher,2.8249231576919556
Gemma4-E4B,native_thinking,25,8,7,mean_bhattacharyya,6.575587583912744,higher,6.575587583912744
Gemma4-E4B,native_thinking,25,8,7,nc2_class_cosine_deviation,0.5026777629499082,lower,-0.5026777629499082
Gemma4-E4B,native_thinking,25,9,5,logistic_precision,0.2,higher,0.2
Gemma4-E4B,native_thinking,25,9,5,logistic_recall,0.2,higher,0.2
Gemma4-E4B,native_thinking,25,9,5,logistic_f1,0.2,higher,0.2
Gemma4-E4B,native_thinking,25,9,5,ncc_recall,0.4,higher,0.4
Gemma4-E4B,native_thinking,25,9,5,silhouette_cosine,-0.2547730505466461,higher,-0.2547730505466461
Gemma4-E4B,native_thinking,25,9,5,within_trace,2094.348876953125,lower,-2094.348876953125
Gemma4-E4B,native_thinking,25,9,5,class_nc1_ratio,3.090193003969249,lower,-3.090193003969249
Gemma4-E4B,native_thinking,25,9,5,centroid_nearest_squared,172.62167358398438,higher,172.62167358398438
Gemma4-E4B,native_thinking,25,9,5,fisher_nearest,0.08242259705800102,higher,0.08242259705800102
Gemma4-E4B,native_thinking,25,9,5,min_bhattacharyya,1.1931653022766113,higher,1.1931653022766113
Gemma4-E4B,native_thinking,25,9,5,mean_bhattacharyya,7.77922287914488,higher,7.77922287914488
Gemma4-E4B,native_thinking,25,9,5,nc2_class_cosine_deviation,0.5651912350713472,lower,-0.5651912350713472
Gemma4-E4B,native_thinking,25,10,3,logistic_precision,0.1111111111111111,higher,0.1111111111111111
Gemma4-E4B,native_thinking,25,10,3,logistic_recall,0.3333333333333333,higher,0.3333333333333333
Gemma4-E4B,native_thinking,25,10,3,logistic_f1,0.16666666666666666,higher,0.16666666666666666
Gemma4-E4B,native_thinking,25,10,3,ncc_recall,0.3333333333333333,higher,0.3333333333333333
Gemma4-E4B,native_thinking,25,10,3,silhouette_cosine,-0.2276282161474228,higher,-0.2276282161474228
Gemma4-E4B,native_thinking,25,10,3,within_trace,1822.5872802734375,lower,-1822.5872802734375
Gemma4-E4B,native_thinking,25,10,3,class_nc1_ratio,1.5986289706307844,lower,-1.5986289706307844
Gemma4-E4B,native_thinking,25,10,3,centroid_nearest_squared,172.62167358398438,higher,172.62167358398438
Gemma4-E4B,native_thinking,25,10,3,fisher_nearest,0.09471243185571143,higher,0.09471243185571143
Gemma4-E4B,native_thinking,25,10,3,min_bhattacharyya,1.1931653022766113,higher,1.1931653022766113
Gemma4-E4B,native_thinking,25,10,3,mean_bhattacharyya,10.272785517904493,higher,10.272785517904493
Gemma4-E4B,native_thinking,25,10,3,nc2_class_cosine_deviation,0.5366085892842141,lower,-0.5366085892842141
Gemma4-E4B,non_thinking,26,1,10,logistic_precision,1.0,higher,1.0
Gemma4-E4B,non_thinking,26,1,10,logistic_recall,1.0,higher,1.0
Gemma4-E4B,non_thinking,26,1,10,logistic_f1,1.0,higher,1.0
Gemma4-E4B,non_thinking,26,1,10,ncc_recall,1.0,higher,1.0
Gemma4-E4B,non_thinking,26,1,10,silhouette_cosine,0.8981054425239563,higher,0.8981054425239563
Gemma4-E4B,non_thinking,26,1,10,within_trace,336.7257080078125,lower,-336.7257080078125
Gemma4-E4B,non_thinking,26,1,10,class_nc1_ratio,0.09411973070851794,lower,-0.09411973070851794
Gemma4-E4B,non_thinking,26,1,10,centroid_nearest_squared,3536.882568359375,higher,3536.882568359375
Gemma4-E4B,non_thinking,26,1,10,fisher_nearest,10.503749741250271,higher,10.503749741250271
Gemma4-E4B,non_thinking,26,1,10,min_bhattacharyya,57.38407516479492,higher,57.38407516479492
Gemma4-E4B,non_thinking,26,1,10,mean_bhattacharyya,78.91177283393012,higher,78.91177283393012
Gemma4-E4B,non_thinking,26,1,10,nc2_class_cosine_deviation,0.5186422614403712,lower,-0.5186422614403712
Gemma4-E4B,non_thinking,26,2,10,logistic_precision,0.8888888888888888,higher,0.8888888888888888
Gemma4-E4B,non_thinking,26,2,10,logistic_recall,0.8,higher,0.8
Gemma4-E4B,non_thinking,26,2,10,logistic_f1,0.8421052631578947,higher,0.8421052631578947
Gemma4-E4B,non_thinking,26,2,10,ncc_recall,0.6,higher,0.6
Gemma4-E4B,non_thinking,26,2,10,silhouette_cosine,0.10223487764596939,higher,0.10223487764596939
Gemma4-E4B,non_thinking,26,2,10,within_trace,826.4702758789062,lower,-826.4702758789062
Gemma4-E4B,non_thinking,26,2,10,class_nc1_ratio,2.2039704307342953,lower,-2.2039704307342953
Gemma4-E4B,non_thinking,26,2,10,centroid_nearest_squared,308.65606689453125,higher,308.65606689453125
Gemma4-E4B,non_thinking,26,2,10,fisher_nearest,0.37346299788736176,higher,0.37346299788736176
Gemma4-E4B,non_thinking,26,2,10,min_bhattacharyya,4.587262153625488,higher,4.587262153625488
Gemma4-E4B,non_thinking,26,2,10,mean_bhattacharyya,14.594565921359592,higher,14.594565921359592
Gemma4-E4B,non_thinking,26,2,10,nc2_class_cosine_deviation,0.3287928730111431,lower,-0.3287928730111431
Gemma4-E4B,non_thinking,26,3,10,logistic_precision,0.5,higher,0.5
Gemma4-E4B,non_thinking,26,3,10,logistic_recall,0.6,higher,0.6
Gemma4-E4B,non_thinking,26,3,10,logistic_f1,0.5454545454545454,higher,0.5454545454545454
Gemma4-E4B,non_thinking,26,3,10,ncc_recall,0.5,higher,0.5
Gemma4-E4B,non_thinking,26,3,10,silhouette_cosine,-0.13287127017974854,higher,-0.13287127017974854
Gemma4-E4B,non_thinking,26,3,10,within_trace,1044.6153564453125,lower,-1044.6153564453125
Gemma4-E4B,non_thinking,26,3,10,class_nc1_ratio,8.54094427192406,lower,-8.54094427192406
Gemma4-E4B,non_thinking,26,3,10,centroid_nearest_squared,133.23255920410156,higher,133.23255920410156
Gemma4-E4B,non_thinking,26,3,10,fisher_nearest,0.1275422176996079,higher,0.1275422176996079
Gemma4-E4B,non_thinking,26,3,10,min_bhattacharyya,2.727963089942932,higher,2.727963089942932
Gemma4-E4B,non_thinking,26,3,10,mean_bhattacharyya,11.311775220765007,higher,11.311775220765007
Gemma4-E4B,non_thinking,26,3,10,nc2_class_cosine_deviation,0.24332210129517837,lower,-0.24332210129517837
Gemma4-E4B,non_thinking,26,4,10,logistic_precision,0.0,higher,0.0
Gemma4-E4B,non_thinking,26,4,10,logistic_recall,0.0,higher,0.0
Gemma4-E4B,non_thinking,26,4,10,logistic_f1,0.0,higher,0.0
Gemma4-E4B,non_thinking,26,4,10,ncc_recall,0.0,higher,0.0
Gemma4-E4B,non_thinking,26,4,10,silhouette_cosine,-0.1834205687046051,higher,-0.1834205687046051
Gemma4-E4B,non_thinking,26,4,10,within_trace,1077.617919921875,lower,-1077.617919921875
Gemma4-E4B,non_thinking,26,4,10,class_nc1_ratio,15.359157509012634,lower,-15.359157509012634
Gemma4-E4B,non_thinking,26,4,10,centroid_nearest_squared,91.6020278930664,higher,91.6020278930664
Gemma4-E4B,non_thinking,26,4,10,fisher_nearest,0.08500418023830501,higher,0.08500418023830501
Gemma4-E4B,non_thinking,26,4,10,min_bhattacharyya,2.727963089942932,higher,2.727963089942932
Gemma4-E4B,non_thinking,26,4,10,mean_bhattacharyya,11.033876756827036,higher,11.033876756827036
Gemma4-E4B,non_thinking,26,4,10,nc2_class_cosine_deviation,0.45957647052444056,lower,-0.45957647052444056
Gemma4-E4B,non_thinking,26,5,10,logistic_precision,0.1111111111111111,higher,0.1111111111111111
Gemma4-E4B,non_thinking,26,5,10,logistic_recall,0.1,higher,0.1
Gemma4-E4B,non_thinking,26,5,10,logistic_f1,0.10526315789473684,higher,0.10526315789473684
Gemma4-E4B,non_thinking,26,5,10,ncc_recall,0.0,higher,0.0
Gemma4-E4B,non_thinking,26,5,10,silhouette_cosine,-0.07661456614732742,higher,-0.07661456614732742
Gemma4-E4B,non_thinking,26,5,10,within_trace,914.3764038085938,lower,-914.3764038085938
Gemma4-E4B,non_thinking,26,5,10,class_nc1_ratio,6.435353741048108,lower,-6.435353741048108
Gemma4-E4B,non_thinking,26,5,10,centroid_nearest_squared,110.75880432128906,higher,110.75880432128906
Gemma4-E4B,non_thinking,26,5,10,fisher_nearest,0.12113042709758527,higher,0.12113042709758527
Gemma4-E4B,non_thinking,26,5,10,min_bhattacharyya,3.2666265964508057,higher,3.2666265964508057
Gemma4-E4B,non_thinking,26,5,10,mean_bhattacharyya,12.855701367060343,higher,12.855701367060343
Gemma4-E4B,non_thinking,26,5,10,nc2_class_cosine_deviation,0.5346793858909312,lower,-0.5346793858909312
Gemma4-E4B,non_thinking,26,6,10,logistic_precision,0.25,higher,0.25
Gemma4-E4B,non_thinking,26,6,10,logistic_recall,0.2,higher,0.2
Gemma4-E4B,non_thinking,26,6,10,logistic_f1,0.2222222222222222,higher,0.2222222222222222
Gemma4-E4B,non_thinking,26,6,10,ncc_recall,0.0,higher,0.0
Gemma4-E4B,non_thinking,26,6,10,silhouette_cosine,-0.2171793431043625,higher,-0.2171793431043625
Gemma4-E4B,non_thinking,26,6,10,within_trace,888.9095458984375,lower,-888.9095458984375
Gemma4-E4B,non_thinking,26,6,10,class_nc1_ratio,8.56457667941856,lower,-8.56457667941856
Gemma4-E4B,non_thinking,26,6,10,centroid_nearest_squared,161.85623168945312,higher,161.85623168945312
Gemma4-E4B,non_thinking,26,6,10,fisher_nearest,0.18208402917516428,higher,0.18208402917516428
Gemma4-E4B,non_thinking,26,6,10,min_bhattacharyya,3.228644549846649,higher,3.228644549846649
Gemma4-E4B,non_thinking,26,6,10,mean_bhattacharyya,10.008684376875559,higher,10.008684376875559
Gemma4-E4B,non_thinking,26,6,10,nc2_class_cosine_deviation,0.24337987516673257,lower,-0.24337987516673257
Gemma4-E4B,non_thinking,26,7,10,logistic_precision,0.14285714285714285,higher,0.14285714285714285
Gemma4-E4B,non_thinking,26,7,10,logistic_recall,0.2,higher,0.2
Gemma4-E4B,non_thinking,26,7,10,logistic_f1,0.16666666666666666,higher,0.16666666666666666
Gemma4-E4B,non_thinking,26,7,10,ncc_recall,0.1,higher,0.1
Gemma4-E4B,non_thinking,26,7,10,silhouette_cosine,-0.20659485459327698,higher,-0.20659485459327698
Gemma4-E4B,non_thinking,26,7,10,within_trace,918.306396484375,lower,-918.306396484375
Gemma4-E4B,non_thinking,26,7,10,class_nc1_ratio,8.87999025099596,lower,-8.87999025099596
Gemma4-E4B,non_thinking,26,7,10,centroid_nearest_squared,87.47593688964844,higher,87.47593688964844
Gemma4-E4B,non_thinking,26,7,10,fisher_nearest,0.09525789782641118,higher,0.09525789782641118
Gemma4-E4B,non_thinking,26,7,10,min_bhattacharyya,2.89114511013031,higher,2.89114511013031
Gemma4-E4B,non_thinking,26,7,10,mean_bhattacharyya,11.653999937905205,higher,11.653999937905205
Gemma4-E4B,non_thinking,26,7,10,nc2_class_cosine_deviation,0.5654774928626455,lower,-0.5654774928626455
Gemma4-E4B,non_thinking,26,8,10,logistic_precision,0.15384615384615385,higher,0.15384615384615385
Gemma4-E4B,non_thinking,26,8,10,logistic_recall,0.2,higher,0.2
Gemma4-E4B,non_thinking,26,8,10,logistic_f1,0.17391304347826086,higher,0.17391304347826086
Gemma4-E4B,non_thinking,26,8,10,ncc_recall,0.2,higher,0.2
Gemma4-E4B,non_thinking,26,8,10,silhouette_cosine,-0.13261154294013977,higher,-0.13261154294013977
Gemma4-E4B,non_thinking,26,8,10,within_trace,791.7640991210938,lower,-791.7640991210938
Gemma4-E4B,non_thinking,26,8,10,class_nc1_ratio,4.259590297854688,lower,-4.259590297854688
Gemma4-E4B,non_thinking,26,8,10,centroid_nearest_squared,78.35485076904297,higher,78.35485076904297
Gemma4-E4B,non_thinking,26,8,10,fisher_nearest,0.09896236878638677,higher,0.09896236878638677
Gemma4-E4B,non_thinking,26,8,10,min_bhattacharyya,2.768047571182251,higher,2.768047571182251
Gemma4-E4B,non_thinking,26,8,10,mean_bhattacharyya,13.386249197853935,higher,13.386249197853935
Gemma4-E4B,non_thinking,26,8,10,nc2_class_cosine_deviation,0.5925296807408701,lower,-0.5925296807408701
Gemma4-E4B,non_thinking,26,9,10,logistic_precision,0.42857142857142855,higher,0.42857142857142855
Gemma4-E4B,non_thinking,26,9,10,logistic_recall,0.3,higher,0.3
Gemma4-E4B,non_thinking,26,9,10,logistic_f1,0.35294117647058826,higher,0.35294117647058826
Gemma4-E4B,non_thinking,26,9,10,ncc_recall,0.1,higher,0.1
Gemma4-E4B,non_thinking,26,9,10,silhouette_cosine,-0.0864504724740982,higher,-0.0864504724740982
Gemma4-E4B,non_thinking,26,9,10,within_trace,631.743408203125,lower,-631.743408203125
Gemma4-E4B,non_thinking,26,9,10,class_nc1_ratio,2.8872136717191026,lower,-2.8872136717191026
Gemma4-E4B,non_thinking,26,9,10,centroid_nearest_squared,60.26361846923828,higher,60.26361846923828
Gemma4-E4B,non_thinking,26,9,10,fisher_nearest,0.09539255603892532,higher,0.09539255603892532
Gemma4-E4B,non_thinking,26,9,10,min_bhattacharyya,2.541133999824524,higher,2.541133999824524
Gemma4-E4B,non_thinking,26,9,10,mean_bhattacharyya,16.951387418640984,higher,16.951387418640984
Gemma4-E4B,non_thinking,26,9,10,nc2_class_cosine_deviation,0.6080599116322435,lower,-0.6080599116322435
Gemma4-E4B,non_thinking,26,10,10,logistic_precision,0.23076923076923078,higher,0.23076923076923078
Gemma4-E4B,non_thinking,26,10,10,logistic_recall,0.3,higher,0.3
Gemma4-E4B,non_thinking,26,10,10,logistic_f1,0.2608695652173913,higher,0.2608695652173913
Gemma4-E4B,non_thinking,26,10,10,ncc_recall,0.3,higher,0.3
Gemma4-E4B,non_thinking,26,10,10,silhouette_cosine,-0.11183568090200424,higher,-0.11183568090200424
Gemma4-E4B,non_thinking,26,10,10,within_trace,643.10986328125,lower,-643.10986328125
Gemma4-E4B,non_thinking,26,10,10,class_nc1_ratio,3.2576263050822503,lower,-3.2576263050822503
Gemma4-E4B,non_thinking,26,10,10,centroid_nearest_squared,60.26361846923828,higher,60.26361846923828
Gemma4-E4B,non_thinking,26,10,10,fisher_nearest,0.09370656851966723,higher,0.09370656851966723
Gemma4-E4B,non_thinking,26,10,10,min_bhattacharyya,2.541133999824524,higher,2.541133999824524
Gemma4-E4B,non_thinking,26,10,10,mean_bhattacharyya,15.624790178404915,higher,15.624790178404915
Gemma4-E4B,non_thinking,26,10,10,nc2_class_cosine_deviation,0.63839895894498,lower,-0.63839895894498
Gemma4-E4B,native_thinking,26,1,10,logistic_precision,1.0,higher,1.0
Gemma4-E4B,native_thinking,26,1,10,logistic_recall,0.7,higher,0.7
Gemma4-E4B,native_thinking,26,1,10,logistic_f1,0.8235294117647058,higher,0.8235294117647058
Gemma4-E4B,native_thinking,26,1,10,ncc_recall,0.7,higher,0.7
Gemma4-E4B,native_thinking,26,1,10,silhouette_cosine,0.1294349730014801,higher,0.1294349730014801
Gemma4-E4B,native_thinking,26,1,10,within_trace,2262.5556640625,lower,-2262.5556640625
Gemma4-E4B,native_thinking,26,1,10,class_nc1_ratio,2.0308859939318773,lower,-2.0308859939318773
Gemma4-E4B,native_thinking,26,1,10,centroid_nearest_squared,1695.142822265625,higher,1695.142822265625
Gemma4-E4B,native_thinking,26,1,10,fisher_nearest,0.7492159636956446,higher,0.7492159636956446
Gemma4-E4B,native_thinking,26,1,10,min_bhattacharyya,5.826834201812744,higher,5.826834201812744
Gemma4-E4B,native_thinking,26,1,10,mean_bhattacharyya,13.641067504882812,higher,13.641067504882812
Gemma4-E4B,native_thinking,26,1,10,nc2_class_cosine_deviation,0.30292738753336446,lower,-0.30292738753336446
Gemma4-E4B,native_thinking,26,2,7,logistic_precision,1.0,higher,1.0
Gemma4-E4B,native_thinking,26,2,7,logistic_recall,1.0,higher,1.0
Gemma4-E4B,native_thinking,26,2,7,logistic_f1,1.0,higher,1.0
Gemma4-E4B,native_thinking,26,2,7,ncc_recall,0.7142857142857143,higher,0.7142857142857143
Gemma4-E4B,native_thinking,26,2,7,silhouette_cosine,-0.0428069569170475,higher,-0.0428069569170475
Gemma4-E4B,native_thinking,26,2,7,within_trace,1139.5814208984375,lower,-1139.5814208984375
Gemma4-E4B,native_thinking,26,2,7,class_nc1_ratio,2.321948191424316,lower,-2.321948191424316
Gemma4-E4B,native_thinking,26,2,7,centroid_nearest_squared,170.052490234375,higher,170.052490234375
Gemma4-E4B,native_thinking,26,2,7,fisher_nearest,0.14922364222146312,higher,0.14922364222146312
Gemma4-E4B,native_thinking,26,2,7,min_bhattacharyya,3.825089454650879,higher,3.825089454650879
Gemma4-E4B,native_thinking,26,2,7,mean_bhattacharyya,11.910918394724527,higher,11.910918394724527
Gemma4-E4B,native_thinking,26,2,7,nc2_class_cosine_deviation,0.4754158505870972,lower,-0.4754158505870972
Gemma4-E4B,native_thinking,26,3,7,logistic_precision,0.7142857142857143,higher,0.7142857142857143
Gemma4-E4B,native_thinking,26,3,7,logistic_recall,0.7142857142857143,higher,0.7142857142857143
Gemma4-E4B,native_thinking,26,3,7,logistic_f1,0.7142857142857143,higher,0.7142857142857143
Gemma4-E4B,native_thinking,26,3,7,ncc_recall,0.5714285714285714,higher,0.5714285714285714
Gemma4-E4B,native_thinking,26,3,7,silhouette_cosine,-0.13728222250938416,higher,-0.13728222250938416
Gemma4-E4B,native_thinking,26,3,7,within_trace,1104.515380859375,lower,-1104.515380859375
Gemma4-E4B,native_thinking,26,3,7,class_nc1_ratio,3.1725340818132133,lower,-3.1725340818132133
Gemma4-E4B,native_thinking,26,3,7,centroid_nearest_squared,63.72333526611328,higher,63.72333526611328
Gemma4-E4B,native_thinking,26,3,7,fisher_nearest,0.05769347930359552,higher,0.05769347930359552
Gemma4-E4B,native_thinking,26,3,7,min_bhattacharyya,1.9754518270492554,higher,1.9754518270492554
Gemma4-E4B,native_thinking,26,3,7,mean_bhattacharyya,8.542417327562967,higher,8.542417327562967
Gemma4-E4B,native_thinking,26,3,7,nc2_class_cosine_deviation,0.6097844864851163,lower,-0.6097844864851163
Gemma4-E4B,native_thinking,26,4,7,logistic_precision,0.6,higher,0.6
Gemma4-E4B,native_thinking,26,4,7,logistic_recall,0.42857142857142855,higher,0.42857142857142855
Gemma4-E4B,native_thinking,26,4,7,logistic_f1,0.5,higher,0.5
Gemma4-E4B,native_thinking,26,4,7,ncc_recall,0.0,higher,0.0
Gemma4-E4B,native_thinking,26,4,7,silhouette_cosine,-0.1001356765627861,higher,-0.1001356765627861
Gemma4-E4B,native_thinking,26,4,7,within_trace,1002.701904296875,lower,-1002.701904296875
Gemma4-E4B,native_thinking,26,4,7,class_nc1_ratio,3.2313708698321437,lower,-3.2313708698321437
Gemma4-E4B,native_thinking,26,4,7,centroid_nearest_squared,63.72333526611328,higher,63.72333526611328
Gemma4-E4B,native_thinking,26,4,7,fisher_nearest,0.06355162485783651,higher,0.06355162485783651
Gemma4-E4B,native_thinking,26,4,7,min_bhattacharyya,1.9754518270492554,higher,1.9754518270492554
Gemma4-E4B,native_thinking,26,4,7,mean_bhattacharyya,7.847008400493198,higher,7.847008400493198
Gemma4-E4B,native_thinking,26,4,7,nc2_class_cosine_deviation,0.6419185868889828,lower,-0.6419185868889828
Gemma4-E4B,native_thinking,26,5,7,logistic_precision,0.25,higher,0.25
Gemma4-E4B,native_thinking,26,5,7,logistic_recall,0.2857142857142857,higher,0.2857142857142857
Gemma4-E4B,native_thinking,26,5,7,logistic_f1,0.26666666666666666,higher,0.26666666666666666
Gemma4-E4B,native_thinking,26,5,7,ncc_recall,0.2857142857142857,higher,0.2857142857142857
Gemma4-E4B,native_thinking,26,5,7,silhouette_cosine,-0.17221392691135406,higher,-0.17221392691135406
Gemma4-E4B,native_thinking,26,5,7,within_trace,1115.736083984375,lower,-1115.736083984375
Gemma4-E4B,native_thinking,26,5,7,class_nc1_ratio,5.85241967582777,lower,-5.85241967582777
Gemma4-E4B,native_thinking,26,5,7,centroid_nearest_squared,64.39109802246094,higher,64.39109802246094
Gemma4-E4B,native_thinking,26,5,7,fisher_nearest,0.05771176440983752,higher,0.05771176440983752
Gemma4-E4B,native_thinking,26,5,7,min_bhattacharyya,2.235252618789673,higher,2.235252618789673
Gemma4-E4B,native_thinking,26,5,7,mean_bhattacharyya,7.365910980436537,higher,7.365910980436537
Gemma4-E4B,native_thinking,26,5,7,nc2_class_cosine_deviation,0.5656341321674394,lower,-0.5656341321674394
Gemma4-E4B,native_thinking,26,6,7,logistic_precision,0.4,higher,0.4
Gemma4-E4B,native_thinking,26,6,7,logistic_recall,0.2857142857142857,higher,0.2857142857142857
Gemma4-E4B,native_thinking,26,6,7,logistic_f1,0.3333333333333333,higher,0.3333333333333333
Gemma4-E4B,native_thinking,26,6,7,ncc_recall,0.42857142857142855,higher,0.42857142857142855
Gemma4-E4B,native_thinking,26,6,7,silhouette_cosine,-0.16199849545955658,higher,-0.16199849545955658
Gemma4-E4B,native_thinking,26,6,7,within_trace,1121.876953125,lower,-1121.876953125
Gemma4-E4B,native_thinking,26,6,7,class_nc1_ratio,5.651308814959137,lower,-5.651308814959137
Gemma4-E4B,native_thinking,26,6,7,centroid_nearest_squared,64.39109802246094,higher,64.39109802246094
Gemma4-E4B,native_thinking,26,6,7,fisher_nearest,0.05739586488794414,higher,0.05739586488794414
Gemma4-E4B,native_thinking,26,6,7,min_bhattacharyya,2.235252618789673,higher,2.235252618789673
Gemma4-E4B,native_thinking,26,6,7,mean_bhattacharyya,7.03972973426183,higher,7.03972973426183
Gemma4-E4B,native_thinking,26,6,7,nc2_class_cosine_deviation,0.5064543120471048,lower,-0.5064543120471048
Gemma4-E4B,native_thinking,26,7,7,logistic_precision,0.6666666666666666,higher,0.6666666666666666
Gemma4-E4B,native_thinking,26,7,7,logistic_recall,0.5714285714285714,higher,0.5714285714285714
Gemma4-E4B,native_thinking,26,7,7,logistic_f1,0.6153846153846154,higher,0.6153846153846154
Gemma4-E4B,native_thinking,26,7,7,ncc_recall,0.14285714285714285,higher,0.14285714285714285
Gemma4-E4B,native_thinking,26,7,7,silhouette_cosine,-0.1941824108362198,higher,-0.1941824108362198
Gemma4-E4B,native_thinking,26,7,7,within_trace,1355.1048583984375,lower,-1355.1048583984375
Gemma4-E4B,native_thinking,26,7,7,class_nc1_ratio,4.796431240364717,lower,-4.796431240364717
Gemma4-E4B,native_thinking,26,7,7,centroid_nearest_squared,195.46148681640625,higher,195.46148681640625
Gemma4-E4B,native_thinking,26,7,7,fisher_nearest,0.14424085752848453,higher,0.14424085752848453
Gemma4-E4B,native_thinking,26,7,7,min_bhattacharyya,2.508035182952881,higher,2.508035182952881
Gemma4-E4B,native_thinking,26,7,7,mean_bhattacharyya,6.611245082484351,higher,6.611245082484351
Gemma4-E4B,native_thinking,26,7,7,nc2_class_cosine_deviation,0.30735943252565684,lower,-0.30735943252565684
Gemma4-E4B,native_thinking,26,8,7,logistic_precision,0.6,higher,0.6
Gemma4-E4B,native_thinking,26,8,7,logistic_recall,0.42857142857142855,higher,0.42857142857142855
Gemma4-E4B,native_thinking,26,8,7,logistic_f1,0.5,higher,0.5
Gemma4-E4B,native_thinking,26,8,7,ncc_recall,0.2857142857142857,higher,0.2857142857142857
Gemma4-E4B,native_thinking,26,8,7,silhouette_cosine,-0.19855009019374847,higher,-0.19855009019374847
Gemma4-E4B,native_thinking,26,8,7,within_trace,1794.16650390625,lower,-1794.16650390625
Gemma4-E4B,native_thinking,26,8,7,class_nc1_ratio,2.6725376449623153,lower,-2.6725376449623153
Gemma4-E4B,native_thinking,26,8,7,centroid_nearest_squared,250.3133544921875,higher,250.3133544921875
Gemma4-E4B,native_thinking,26,8,7,fisher_nearest,0.13951511966543048,higher,0.13951511966543048
Gemma4-E4B,native_thinking,26,8,7,min_bhattacharyya,2.508035182952881,higher,2.508035182952881
Gemma4-E4B,native_thinking,26,8,7,mean_bhattacharyya,6.661078638500637,higher,6.661078638500637
Gemma4-E4B,native_thinking,26,8,7,nc2_class_cosine_deviation,0.5209730411017381,lower,-0.5209730411017381
Gemma4-E4B,native_thinking,26,9,5,logistic_precision,0.4,higher,0.4
Gemma4-E4B,native_thinking,26,9,5,logistic_recall,0.4,higher,0.4
Gemma4-E4B,native_thinking,26,9,5,logistic_f1,0.4,higher,0.4
Gemma4-E4B,native_thinking,26,9,5,ncc_recall,0.4,higher,0.4
Gemma4-E4B,native_thinking,26,9,5,silhouette_cosine,-0.28120481967926025,higher,-0.28120481967926025
Gemma4-E4B,native_thinking,26,9,5,within_trace,2241.146240234375,lower,-2241.146240234375
Gemma4-E4B,native_thinking,26,9,5,class_nc1_ratio,3.1313935731065565,lower,-3.1313935731065565
Gemma4-E4B,native_thinking,26,9,5,centroid_nearest_squared,188.26214599609375,higher,188.26214599609375
Gemma4-E4B,native_thinking,26,9,5,fisher_nearest,0.08400261554391276,higher,0.08400261554391276
Gemma4-E4B,native_thinking,26,9,5,min_bhattacharyya,1.0482457876205444,higher,1.0482457876205444
Gemma4-E4B,native_thinking,26,9,5,mean_bhattacharyya,7.866773035791185,higher,7.866773035791185
Gemma4-E4B,native_thinking,26,9,5,nc2_class_cosine_deviation,0.5715921182691316,lower,-0.5715921182691316
Gemma4-E4B,native_thinking,26,10,3,logistic_precision,0.08333333333333333,higher,0.08333333333333333
Gemma4-E4B,native_thinking,26,10,3,logistic_recall,0.3333333333333333,higher,0.3333333333333333
Gemma4-E4B,native_thinking,26,10,3,logistic_f1,0.13333333333333333,higher,0.13333333333333333
Gemma4-E4B,native_thinking,26,10,3,ncc_recall,0.3333333333333333,higher,0.3333333333333333
Gemma4-E4B,native_thinking,26,10,3,silhouette_cosine,-0.22175057232379913,higher,-0.22175057232379913
Gemma4-E4B,native_thinking,26,10,3,within_trace,1889.58349609375,lower,-1889.58349609375
Gemma4-E4B,native_thinking,26,10,3,class_nc1_ratio,1.4971780119080822,lower,-1.4971780119080822
Gemma4-E4B,native_thinking,26,10,3,centroid_nearest_squared,188.26214599609375,higher,188.26214599609375
Gemma4-E4B,native_thinking,26,10,3,fisher_nearest,0.0996315571051925,higher,0.0996315571051925
Gemma4-E4B,native_thinking,26,10,3,min_bhattacharyya,1.0482457876205444,higher,1.0482457876205444
Gemma4-E4B,native_thinking,26,10,3,mean_bhattacharyya,10.352560215526157,higher,10.352560215526157
Gemma4-E4B,native_thinking,26,10,3,nc2_class_cosine_deviation,0.5400802022145119,lower,-0.5400802022145119
Gemma4-E4B,non_thinking,27,1,10,logistic_precision,0.8333333333333334,higher,0.8333333333333334
Gemma4-E4B,non_thinking,27,1,10,logistic_recall,1.0,higher,1.0
Gemma4-E4B,non_thinking,27,1,10,logistic_f1,0.9090909090909091,higher,0.9090909090909091
Gemma4-E4B,non_thinking,27,1,10,ncc_recall,1.0,higher,1.0
Gemma4-E4B,non_thinking,27,1,10,silhouette_cosine,0.9045100212097168,higher,0.9045100212097168
Gemma4-E4B,non_thinking,27,1,10,within_trace,353.51800537109375,lower,-353.51800537109375
Gemma4-E4B,non_thinking,27,1,10,class_nc1_ratio,0.08829251898081779,lower,-0.08829251898081779
Gemma4-E4B,non_thinking,27,1,10,centroid_nearest_squared,4037.462158203125,higher,4037.462158203125
Gemma4-E4B,non_thinking,27,1,10,fisher_nearest,11.420810529763353,higher,11.420810529763353
Gemma4-E4B,non_thinking,27,1,10,min_bhattacharyya,55.497779846191406,higher,55.497779846191406
Gemma4-E4B,non_thinking,27,1,10,mean_bhattacharyya,74.19359631008572,higher,74.19359631008572
Gemma4-E4B,non_thinking,27,1,10,nc2_class_cosine_deviation,0.5216810717994783,lower,-0.5216810717994783
Gemma4-E4B,non_thinking,27,2,10,logistic_precision,0.8888888888888888,higher,0.8888888888888888
Gemma4-E4B,non_thinking,27,2,10,logistic_recall,0.8,higher,0.8
Gemma4-E4B,non_thinking,27,2,10,logistic_f1,0.8421052631578947,higher,0.8421052631578947
Gemma4-E4B,non_thinking,27,2,10,ncc_recall,0.6,higher,0.6
Gemma4-E4B,non_thinking,27,2,10,silhouette_cosine,0.09597254544496536,higher,0.09597254544496536
Gemma4-E4B,non_thinking,27,2,10,within_trace,818.47705078125,lower,-818.47705078125
Gemma4-E4B,non_thinking,27,2,10,class_nc1_ratio,2.21719474389341,lower,-2.21719474389341
Gemma4-E4B,non_thinking,27,2,10,centroid_nearest_squared,279.2189025878906,higher,279.2189025878906
Gemma4-E4B,non_thinking,27,2,10,fisher_nearest,0.3411444490977133,higher,0.3411444490977133
Gemma4-E4B,non_thinking,27,2,10,min_bhattacharyya,4.462526321411133,higher,4.462526321411133
Gemma4-E4B,non_thinking,27,2,10,mean_bhattacharyya,13.770870685577393,higher,13.770870685577393
Gemma4-E4B,non_thinking,27,2,10,nc2_class_cosine_deviation,0.32224696149106746,lower,-0.32224696149106746
Gemma4-E4B,non_thinking,27,3,10,logistic_precision,0.5555555555555556,higher,0.5555555555555556
Gemma4-E4B,non_thinking,27,3,10,logistic_recall,0.5,higher,0.5
Gemma4-E4B,non_thinking,27,3,10,logistic_f1,0.5263157894736842,higher,0.5263157894736842
Gemma4-E4B,non_thinking,27,3,10,ncc_recall,0.5,higher,0.5
Gemma4-E4B,non_thinking,27,3,10,silhouette_cosine,-0.1564163863658905,higher,-0.1564163863658905
Gemma4-E4B,non_thinking,27,3,10,within_trace,1025.768798828125,lower,-1025.768798828125
Gemma4-E4B,non_thinking,27,3,10,class_nc1_ratio,8.189449354724678,lower,-8.189449354724678
Gemma4-E4B,non_thinking,27,3,10,centroid_nearest_squared,130.64801025390625,higher,130.64801025390625
Gemma4-E4B,non_thinking,27,3,10,fisher_nearest,0.12736594289391842,higher,0.12736594289391842
Gemma4-E4B,non_thinking,27,3,10,min_bhattacharyya,2.5570812821388245,higher,2.5570812821388245
Gemma4-E4B,non_thinking,27,3,10,mean_bhattacharyya,10.858265313837263,higher,10.858265313837263
Gemma4-E4B,non_thinking,27,3,10,nc2_class_cosine_deviation,0.26560834461800115,lower,-0.26560834461800115
Gemma4-E4B,non_thinking,27,4,10,logistic_precision,0.0,higher,0.0
Gemma4-E4B,non_thinking,27,4,10,logistic_recall,0.0,higher,0.0
Gemma4-E4B,non_thinking,27,4,10,logistic_f1,0.0,higher,0.0
Gemma4-E4B,non_thinking,27,4,10,ncc_recall,0.0,higher,0.0
Gemma4-E4B,non_thinking,27,4,10,silhouette_cosine,-0.19035573303699493,higher,-0.19035573303699493
Gemma4-E4B,non_thinking,27,4,10,within_trace,1018.864501953125,lower,-1018.864501953125
Gemma4-E4B,non_thinking,27,4,10,class_nc1_ratio,12.7242115584354,lower,-12.7242115584354
Gemma4-E4B,non_thinking,27,4,10,centroid_nearest_squared,97.64422607421875,higher,97.64422607421875
Gemma4-E4B,non_thinking,27,4,10,fisher_nearest,0.09583632159824829,higher,0.09583632159824829
Gemma4-E4B,non_thinking,27,4,10,min_bhattacharyya,2.5570812821388245,higher,2.5570812821388245
Gemma4-E4B,non_thinking,27,4,10,mean_bhattacharyya,10.671430859300825,higher,10.671430859300825
Gemma4-E4B,non_thinking,27,4,10,nc2_class_cosine_deviation,0.4867751716095725,lower,-0.4867751716095725
Gemma4-E4B,non_thinking,27,5,10,logistic_precision,0.18181818181818182,higher,0.18181818181818182
Gemma4-E4B,non_thinking,27,5,10,logistic_recall,0.2,higher,0.2
Gemma4-E4B,non_thinking,27,5,10,logistic_f1,0.19047619047619047,higher,0.19047619047619047
Gemma4-E4B,non_thinking,27,5,10,ncc_recall,0.0,higher,0.0
Gemma4-E4B,non_thinking,27,5,10,silhouette_cosine,-0.05538616701960564,higher,-0.05538616701960564
Gemma4-E4B,non_thinking,27,5,10,within_trace,865.5718994140625,lower,-865.5718994140625
Gemma4-E4B,non_thinking,27,5,10,class_nc1_ratio,4.674339167003541,lower,-4.674339167003541
Gemma4-E4B,non_thinking,27,5,10,centroid_nearest_squared,127.92507934570312,higher,127.92507934570312
Gemma4-E4B,non_thinking,27,5,10,fisher_nearest,0.1477925512973565,higher,0.1477925512973565
Gemma4-E4B,non_thinking,27,5,10,min_bhattacharyya,3.3684206008911133,higher,3.3684206008911133
Gemma4-E4B,non_thinking,27,5,10,mean_bhattacharyya,12.456850594944424,higher,12.456850594944424
Gemma4-E4B,non_thinking,27,5,10,nc2_class_cosine_deviation,0.5429484011766351,lower,-0.5429484011766351
Gemma4-E4B,non_thinking,27,6,10,logistic_precision,0.2222222222222222,higher,0.2222222222222222
Gemma4-E4B,non_thinking,27,6,10,logistic_recall,0.2,higher,0.2
Gemma4-E4B,non_thinking,27,6,10,logistic_f1,0.21052631578947367,higher,0.21052631578947367
Gemma4-E4B,non_thinking,27,6,10,ncc_recall,0.1,higher,0.1
Gemma4-E4B,non_thinking,27,6,10,silhouette_cosine,-0.24851706624031067,higher,-0.24851706624031067
Gemma4-E4B,non_thinking,27,6,10,within_trace,936.8326416015625,lower,-936.8326416015625
Gemma4-E4B,non_thinking,27,6,10,class_nc1_ratio,8.257961307233478,lower,-8.257961307233478
Gemma4-E4B,non_thinking,27,6,10,centroid_nearest_squared,176.91282653808594,higher,176.91282653808594
Gemma4-E4B,non_thinking,27,6,10,fisher_nearest,0.18884144155742114,higher,0.18884144155742114
Gemma4-E4B,non_thinking,27,6,10,min_bhattacharyya,3.4359148740768433,higher,3.4359148740768433
Gemma4-E4B,non_thinking,27,6,10,mean_bhattacharyya,10.07479288842943,higher,10.07479288842943
Gemma4-E4B,non_thinking,27,6,10,nc2_class_cosine_deviation,0.24509900298981385,lower,-0.24509900298981385
Gemma4-E4B,non_thinking,27,7,10,logistic_precision,0.125,higher,0.125
Gemma4-E4B,non_thinking,27,7,10,logistic_recall,0.2,higher,0.2
Gemma4-E4B,non_thinking,27,7,10,logistic_f1,0.15384615384615385,higher,0.15384615384615385
Gemma4-E4B,non_thinking,27,7,10,ncc_recall,0.1,higher,0.1
Gemma4-E4B,non_thinking,27,7,10,silhouette_cosine,-0.22414055466651917,higher,-0.22414055466651917
Gemma4-E4B,non_thinking,27,7,10,within_trace,940.5228271484375,lower,-940.5228271484375
Gemma4-E4B,non_thinking,27,7,10,class_nc1_ratio,8.934378482310644,lower,-8.934378482310644
Gemma4-E4B,non_thinking,27,7,10,centroid_nearest_squared,76.38972473144531,higher,76.38972473144531
Gemma4-E4B,non_thinking,27,7,10,fisher_nearest,0.0812204898450478,higher,0.0812204898450478
Gemma4-E4B,non_thinking,27,7,10,min_bhattacharyya,2.96518337726593,higher,2.96518337726593
Gemma4-E4B,non_thinking,27,7,10,mean_bhattacharyya,10.847267813152737,higher,10.847267813152737
Gemma4-E4B,non_thinking,27,7,10,nc2_class_cosine_deviation,0.5658699490911798,lower,-0.5658699490911798
Gemma4-E4B,non_thinking,27,8,10,logistic_precision,0.2,higher,0.2
Gemma4-E4B,non_thinking,27,8,10,logistic_recall,0.1,higher,0.1
Gemma4-E4B,non_thinking,27,8,10,logistic_f1,0.13333333333333333,higher,0.13333333333333333
Gemma4-E4B,non_thinking,27,8,10,ncc_recall,0.0,higher,0.0
Gemma4-E4B,non_thinking,27,8,10,silhouette_cosine,-0.1439051628112793,higher,-0.1439051628112793
Gemma4-E4B,non_thinking,27,8,10,within_trace,800.33349609375,lower,-800.33349609375
Gemma4-E4B,non_thinking,27,8,10,class_nc1_ratio,4.50153740606574,lower,-4.50153740606574
Gemma4-E4B,non_thinking,27,8,10,centroid_nearest_squared,76.38972473144531,higher,76.38972473144531
Gemma4-E4B,non_thinking,27,8,10,fisher_nearest,0.09544736675934043,higher,0.09544736675934043
Gemma4-E4B,non_thinking,27,8,10,min_bhattacharyya,2.96518337726593,higher,2.96518337726593
Gemma4-E4B,non_thinking,27,8,10,mean_bhattacharyya,12.343142853842842,higher,12.343142853842842
Gemma4-E4B,non_thinking,27,8,10,nc2_class_cosine_deviation,0.5994621423751484,lower,-0.5994621423751484
Gemma4-E4B,non_thinking,27,9,10,logistic_precision,0.07692307692307693,higher,0.07692307692307693
Gemma4-E4B,non_thinking,27,9,10,logistic_recall,0.1,higher,0.1
Gemma4-E4B,non_thinking,27,9,10,logistic_f1,0.08695652173913043,higher,0.08695652173913043
Gemma4-E4B,non_thinking,27,9,10,ncc_recall,0.1,higher,0.1
Gemma4-E4B,non_thinking,27,9,10,silhouette_cosine,-0.07281777262687683,higher,-0.07281777262687683
Gemma4-E4B,non_thinking,27,9,10,within_trace,559.8187866210938,lower,-559.8187866210938
Gemma4-E4B,non_thinking,27,9,10,class_nc1_ratio,2.6083023739320703,lower,-2.6083023739320703
Gemma4-E4B,non_thinking,27,9,10,centroid_nearest_squared,64.48068237304688,higher,64.48068237304688
Gemma4-E4B,non_thinking,27,9,10,fisher_nearest,0.11518134781119771,higher,0.11518134781119771
Gemma4-E4B,non_thinking,27,9,10,min_bhattacharyya,2.973443031311035,higher,2.973443031311035
Gemma4-E4B,non_thinking,27,9,10,mean_bhattacharyya,17.238521271281773,higher,17.238521271281773
Gemma4-E4B,non_thinking,27,9,10,nc2_class_cosine_deviation,0.6027211534020341,lower,-0.6027211534020341
Gemma4-E4B,non_thinking,27,10,10,logistic_precision,0.2222222222222222,higher,0.2222222222222222
Gemma4-E4B,non_thinking,27,10,10,logistic_recall,0.2,higher,0.2
Gemma4-E4B,non_thinking,27,10,10,logistic_f1,0.21052631578947367,higher,0.21052631578947367
Gemma4-E4B,non_thinking,27,10,10,ncc_recall,0.1,higher,0.1
Gemma4-E4B,non_thinking,27,10,10,silhouette_cosine,-0.08116337656974792,higher,-0.08116337656974792
Gemma4-E4B,non_thinking,27,10,10,within_trace,588.3734130859375,lower,-588.3734130859375
Gemma4-E4B,non_thinking,27,10,10,class_nc1_ratio,2.7952663285921977,lower,-2.7952663285921977
Gemma4-E4B,non_thinking,27,10,10,centroid_nearest_squared,64.48068237304688,higher,64.48068237304688
Gemma4-E4B,non_thinking,27,10,10,fisher_nearest,0.10959142772079822,higher,0.10959142772079822
Gemma4-E4B,non_thinking,27,10,10,min_bhattacharyya,2.973443031311035,higher,2.973443031311035
Gemma4-E4B,non_thinking,27,10,10,mean_bhattacharyya,15.446253021558126,higher,15.446253021558126
Gemma4-E4B,non_thinking,27,10,10,nc2_class_cosine_deviation,0.6459223780735039,lower,-0.6459223780735039
Gemma4-E4B,native_thinking,27,1,10,logistic_precision,1.0,higher,1.0
Gemma4-E4B,native_thinking,27,1,10,logistic_recall,0.7,higher,0.7
Gemma4-E4B,native_thinking,27,1,10,logistic_f1,0.8235294117647058,higher,0.8235294117647058
Gemma4-E4B,native_thinking,27,1,10,ncc_recall,0.7,higher,0.7
Gemma4-E4B,native_thinking,27,1,10,silhouette_cosine,0.14901882410049438,higher,0.14901882410049438
Gemma4-E4B,native_thinking,27,1,10,within_trace,2174.30419921875,lower,-2174.30419921875
Gemma4-E4B,native_thinking,27,1,10,class_nc1_ratio,1.9107870640370033,lower,-1.9107870640370033
Gemma4-E4B,native_thinking,27,1,10,centroid_nearest_squared,1706.4583740234375,higher,1706.4583740234375
Gemma4-E4B,native_thinking,27,1,10,fisher_nearest,0.7848296363666987,higher,0.7848296363666987
Gemma4-E4B,native_thinking,27,1,10,min_bhattacharyya,6.1452553272247314,higher,6.1452553272247314
Gemma4-E4B,native_thinking,27,1,10,mean_bhattacharyya,13.624615377850002,higher,13.624615377850002
Gemma4-E4B,native_thinking,27,1,10,nc2_class_cosine_deviation,0.3033021254304014,lower,-0.3033021254304014
Gemma4-E4B,native_thinking,27,2,7,logistic_precision,0.875,higher,0.875
Gemma4-E4B,native_thinking,27,2,7,logistic_recall,1.0,higher,1.0
Gemma4-E4B,native_thinking,27,2,7,logistic_f1,0.9333333333333333,higher,0.9333333333333333
Gemma4-E4B,native_thinking,27,2,7,ncc_recall,0.5714285714285714,higher,0.5714285714285714
Gemma4-E4B,native_thinking,27,2,7,silhouette_cosine,-0.034911300987005234,higher,-0.034911300987005234
Gemma4-E4B,native_thinking,27,2,7,within_trace,1050.86083984375,lower,-1050.86083984375
Gemma4-E4B,native_thinking,27,2,7,class_nc1_ratio,2.0594795218058866,lower,-2.0594795218058866
Gemma4-E4B,native_thinking,27,2,7,centroid_nearest_squared,165.53353881835938,higher,165.53353881835938
Gemma4-E4B,native_thinking,27,2,7,fisher_nearest,0.1575218454643073,higher,0.1575218454643073
Gemma4-E4B,native_thinking,27,2,7,min_bhattacharyya,3.687948703765869,higher,3.687948703765869
Gemma4-E4B,native_thinking,27,2,7,mean_bhattacharyya,11.822643650902641,higher,11.822643650902641
Gemma4-E4B,native_thinking,27,2,7,nc2_class_cosine_deviation,0.4932385592916866,lower,-0.4932385592916866
Gemma4-E4B,native_thinking,27,3,7,logistic_precision,0.6666666666666666,higher,0.6666666666666666
Gemma4-E4B,native_thinking,27,3,7,logistic_recall,0.5714285714285714,higher,0.5714285714285714
Gemma4-E4B,native_thinking,27,3,7,logistic_f1,0.6153846153846154,higher,0.6153846153846154
Gemma4-E4B,native_thinking,27,3,7,ncc_recall,0.5714285714285714,higher,0.5714285714285714
Gemma4-E4B,native_thinking,27,3,7,silhouette_cosine,-0.14506681263446808,higher,-0.14506681263446808
Gemma4-E4B,native_thinking,27,3,7,within_trace,1053.517333984375,lower,-1053.517333984375
Gemma4-E4B,native_thinking,27,3,7,class_nc1_ratio,2.9278681059059526,lower,-2.9278681059059526
Gemma4-E4B,native_thinking,27,3,7,centroid_nearest_squared,59.20443344116211,higher,59.20443344116211
Gemma4-E4B,native_thinking,27,3,7,fisher_nearest,0.056196923896119,higher,0.056196923896119
Gemma4-E4B,native_thinking,27,3,7,min_bhattacharyya,2.1069105863571167,higher,2.1069105863571167
Gemma4-E4B,native_thinking,27,3,7,mean_bhattacharyya,8.447344077958,higher,8.447344077958
Gemma4-E4B,native_thinking,27,3,7,nc2_class_cosine_deviation,0.6002037766171091,lower,-0.6002037766171091
Gemma4-E4B,native_thinking,27,4,7,logistic_precision,0.42857142857142855,higher,0.42857142857142855
Gemma4-E4B,native_thinking,27,4,7,logistic_recall,0.42857142857142855,higher,0.42857142857142855
Gemma4-E4B,native_thinking,27,4,7,logistic_f1,0.42857142857142855,higher,0.42857142857142855
Gemma4-E4B,native_thinking,27,4,7,ncc_recall,0.14285714285714285,higher,0.14285714285714285
Gemma4-E4B,native_thinking,27,4,7,silhouette_cosine,-0.0976393073797226,higher,-0.0976393073797226
Gemma4-E4B,native_thinking,27,4,7,within_trace,924.5159912109375,lower,-924.5159912109375
Gemma4-E4B,native_thinking,27,4,7,class_nc1_ratio,2.9899201692249777,lower,-2.9899201692249777
Gemma4-E4B,native_thinking,27,4,7,centroid_nearest_squared,59.20443344116211,higher,59.20443344116211
Gemma4-E4B,native_thinking,27,4,7,fisher_nearest,0.06403830112620953,higher,0.06403830112620953
Gemma4-E4B,native_thinking,27,4,7,min_bhattacharyya,2.1069105863571167,higher,2.1069105863571167
Gemma4-E4B,native_thinking,27,4,7,mean_bhattacharyya,8.022881481382582,higher,8.022881481382582
Gemma4-E4B,native_thinking,27,4,7,nc2_class_cosine_deviation,0.6141750054134998,lower,-0.6141750054134998
Gemma4-E4B,native_thinking,27,5,7,logistic_precision,0.375,higher,0.375
Gemma4-E4B,native_thinking,27,5,7,logistic_recall,0.42857142857142855,higher,0.42857142857142855
Gemma4-E4B,native_thinking,27,5,7,logistic_f1,0.4,higher,0.4
Gemma4-E4B,native_thinking,27,5,7,ncc_recall,0.2857142857142857,higher,0.2857142857142857
Gemma4-E4B,native_thinking,27,5,7,silhouette_cosine,-0.1876009702682495,higher,-0.1876009702682495
Gemma4-E4B,native_thinking,27,5,7,within_trace,1136.2236328125,lower,-1136.2236328125
Gemma4-E4B,native_thinking,27,5,7,class_nc1_ratio,6.908129196112829,lower,-6.908129196112829
Gemma4-E4B,native_thinking,27,5,7,centroid_nearest_squared,69.88417053222656,higher,69.88417053222656
Gemma4-E4B,native_thinking,27,5,7,fisher_nearest,0.06150564775636811,higher,0.06150564775636811
Gemma4-E4B,native_thinking,27,5,7,min_bhattacharyya,2.1959943175315857,higher,2.1959943175315857
Gemma4-E4B,native_thinking,27,5,7,mean_bhattacharyya,7.09871639808019,higher,7.09871639808019
Gemma4-E4B,native_thinking,27,5,7,nc2_class_cosine_deviation,0.5237761842615811,lower,-0.5237761842615811
Gemma4-E4B,native_thinking,27,6,7,logistic_precision,0.3333333333333333,higher,0.3333333333333333
Gemma4-E4B,native_thinking,27,6,7,logistic_recall,0.14285714285714285,higher,0.14285714285714285
Gemma4-E4B,native_thinking,27,6,7,logistic_f1,0.2,higher,0.2
Gemma4-E4B,native_thinking,27,6,7,ncc_recall,0.42857142857142855,higher,0.42857142857142855
Gemma4-E4B,native_thinking,27,6,7,silhouette_cosine,-0.17559127509593964,higher,-0.17559127509593964
Gemma4-E4B,native_thinking,27,6,7,within_trace,1180.5859375,lower,-1180.5859375
Gemma4-E4B,native_thinking,27,6,7,class_nc1_ratio,6.377378836362424,lower,-6.377378836362424
Gemma4-E4B,native_thinking,27,6,7,centroid_nearest_squared,69.88417053222656,higher,69.88417053222656
Gemma4-E4B,native_thinking,27,6,7,fisher_nearest,0.05919447988700659,higher,0.05919447988700659
Gemma4-E4B,native_thinking,27,6,7,min_bhattacharyya,2.1959943175315857,higher,2.1959943175315857
Gemma4-E4B,native_thinking,27,6,7,mean_bhattacharyya,6.792029387421078,higher,6.792029387421078
Gemma4-E4B,native_thinking,27,6,7,nc2_class_cosine_deviation,0.4694656521817785,lower,-0.4694656521817785
Gemma4-E4B,native_thinking,27,7,7,logistic_precision,0.5,higher,0.5
Gemma4-E4B,native_thinking,27,7,7,logistic_recall,0.2857142857142857,higher,0.2857142857142857
Gemma4-E4B,native_thinking,27,7,7,logistic_f1,0.36363636363636365,higher,0.36363636363636365
Gemma4-E4B,native_thinking,27,7,7,ncc_recall,0.14285714285714285,higher,0.14285714285714285
Gemma4-E4B,native_thinking,27,7,7,silhouette_cosine,-0.20711636543273926,higher,-0.20711636543273926
Gemma4-E4B,native_thinking,27,7,7,within_trace,1378.939697265625,lower,-1378.939697265625
Gemma4-E4B,native_thinking,27,7,7,class_nc1_ratio,5.082943266609985,lower,-5.082943266609985
Gemma4-E4B,native_thinking,27,7,7,centroid_nearest_squared,193.81805419921875,higher,193.81805419921875
Gemma4-E4B,native_thinking,27,7,7,fisher_nearest,0.14055585939222084,higher,0.14055585939222084
Gemma4-E4B,native_thinking,27,7,7,min_bhattacharyya,2.7239086627960205,higher,2.7239086627960205
Gemma4-E4B,native_thinking,27,7,7,mean_bhattacharyya,6.521549052662319,higher,6.521549052662319
Gemma4-E4B,native_thinking,27,7,7,nc2_class_cosine_deviation,0.3206139903653551,lower,-0.3206139903653551
Gemma4-E4B,native_thinking,27,8,7,logistic_precision,0.5,higher,0.5
Gemma4-E4B,native_thinking,27,8,7,logistic_recall,0.42857142857142855,higher,0.42857142857142855
Gemma4-E4B,native_thinking,27,8,7,logistic_f1,0.46153846153846156,higher,0.46153846153846156
Gemma4-E4B,native_thinking,27,8,7,ncc_recall,0.2857142857142857,higher,0.2857142857142857
Gemma4-E4B,native_thinking,27,8,7,silhouette_cosine,-0.2183363288640976,higher,-0.2183363288640976
Gemma4-E4B,native_thinking,27,8,7,within_trace,1797.55517578125,lower,-1797.55517578125
Gemma4-E4B,native_thinking,27,8,7,class_nc1_ratio,2.8200889701336807,lower,-2.8200889701336807
Gemma4-E4B,native_thinking,27,8,7,centroid_nearest_squared,233.80316162109375,higher,233.80316162109375
Gemma4-E4B,native_thinking,27,8,7,fisher_nearest,0.13006730740238817,higher,0.13006730740238817
Gemma4-E4B,native_thinking,27,8,7,min_bhattacharyya,2.7239086627960205,higher,2.7239086627960205
Gemma4-E4B,native_thinking,27,8,7,mean_bhattacharyya,6.835006846321954,higher,6.835006846321954
Gemma4-E4B,native_thinking,27,8,7,nc2_class_cosine_deviation,0.5083989412696273,lower,-0.5083989412696273
Gemma4-E4B,native_thinking,27,9,5,logistic_precision,0.2857142857142857,higher,0.2857142857142857
Gemma4-E4B,native_thinking,27,9,5,logistic_recall,0.4,higher,0.4
Gemma4-E4B,native_thinking,27,9,5,logistic_f1,0.3333333333333333,higher,0.3333333333333333
Gemma4-E4B,native_thinking,27,9,5,ncc_recall,0.2,higher,0.2
Gemma4-E4B,native_thinking,27,9,5,silhouette_cosine,-0.28529438376426697,higher,-0.28529438376426697
Gemma4-E4B,native_thinking,27,9,5,within_trace,2134.8837890625,lower,-2134.8837890625
Gemma4-E4B,native_thinking,27,9,5,class_nc1_ratio,3.1323964657405003,lower,-3.1323964657405003
Gemma4-E4B,native_thinking,27,9,5,centroid_nearest_squared,233.80316162109375,higher,233.80316162109375
Gemma4-E4B,native_thinking,27,9,5,fisher_nearest,0.10951563865861039,higher,0.10951563865861039
Gemma4-E4B,native_thinking,27,9,5,min_bhattacharyya,1.4150592684745789,higher,1.4150592684745789
Gemma4-E4B,native_thinking,27,9,5,mean_bhattacharyya,7.7614896231227455,higher,7.7614896231227455
Gemma4-E4B,native_thinking,27,9,5,nc2_class_cosine_deviation,0.5662471081739591,lower,-0.5662471081739591
Gemma4-E4B,native_thinking,27,10,3,logistic_precision,0.09090909090909091,higher,0.09090909090909091
Gemma4-E4B,native_thinking,27,10,3,logistic_recall,0.3333333333333333,higher,0.3333333333333333
Gemma4-E4B,native_thinking,27,10,3,logistic_f1,0.14285714285714285,higher,0.14285714285714285
Gemma4-E4B,native_thinking,27,10,3,ncc_recall,0.3333333333333333,higher,0.3333333333333333
Gemma4-E4B,native_thinking,27,10,3,silhouette_cosine,-0.21040552854537964,higher,-0.21040552854537964
Gemma4-E4B,native_thinking,27,10,3,within_trace,1796.980712890625,lower,-1796.980712890625
Gemma4-E4B,native_thinking,27,10,3,class_nc1_ratio,1.5219059491957654,lower,-1.5219059491957654
Gemma4-E4B,native_thinking,27,10,3,centroid_nearest_squared,237.0552978515625,higher,237.0552978515625
Gemma4-E4B,native_thinking,27,10,3,fisher_nearest,0.13191866565458854,higher,0.13191866565458854
Gemma4-E4B,native_thinking,27,10,3,min_bhattacharyya,1.4150592684745789,higher,1.4150592684745789
Gemma4-E4B,native_thinking,27,10,3,mean_bhattacharyya,10.254342443413204,higher,10.254342443413204
Gemma4-E4B,native_thinking,27,10,3,nc2_class_cosine_deviation,0.5216203192133962,lower,-0.5216203192133962
Gemma4-E4B,non_thinking,28,1,10,logistic_precision,0.8333333333333334,higher,0.8333333333333334
Gemma4-E4B,non_thinking,28,1,10,logistic_recall,1.0,higher,1.0
Gemma4-E4B,non_thinking,28,1,10,logistic_f1,0.9090909090909091,higher,0.9090909090909091
Gemma4-E4B,non_thinking,28,1,10,ncc_recall,1.0,higher,1.0
Gemma4-E4B,non_thinking,28,1,10,silhouette_cosine,0.9084965586662292,higher,0.9084965586662292
Gemma4-E4B,non_thinking,28,1,10,within_trace,316.5382080078125,lower,-316.5382080078125
Gemma4-E4B,non_thinking,28,1,10,class_nc1_ratio,0.08206803353448178,lower,-0.08206803353448178
Gemma4-E4B,non_thinking,28,1,10,centroid_nearest_squared,3760.572021484375,higher,3760.572021484375
Gemma4-E4B,non_thinking,28,1,10,fisher_nearest,11.880309947895958,higher,11.880309947895958
Gemma4-E4B,non_thinking,28,1,10,min_bhattacharyya,54.66720962524414,higher,54.66720962524414
Gemma4-E4B,non_thinking,28,1,10,mean_bhattacharyya,77.08484098646376,higher,77.08484098646376
Gemma4-E4B,non_thinking,28,1,10,nc2_class_cosine_deviation,0.5020609661752794,lower,-0.5020609661752794
Gemma4-E4B,non_thinking,28,2,10,logistic_precision,0.6923076923076923,higher,0.6923076923076923
Gemma4-E4B,non_thinking,28,2,10,logistic_recall,0.9,higher,0.9
Gemma4-E4B,non_thinking,28,2,10,logistic_f1,0.782608695652174,higher,0.782608695652174
Gemma4-E4B,non_thinking,28,2,10,ncc_recall,0.7,higher,0.7
Gemma4-E4B,non_thinking,28,2,10,silhouette_cosine,0.059886835515499115,higher,0.059886835515499115
Gemma4-E4B,non_thinking,28,2,10,within_trace,866.6307373046875,lower,-866.6307373046875
Gemma4-E4B,non_thinking,28,2,10,class_nc1_ratio,2.2298957150584755,lower,-2.2298957150584755
Gemma4-E4B,non_thinking,28,2,10,centroid_nearest_squared,296.5361022949219,higher,296.5361022949219
Gemma4-E4B,non_thinking,28,2,10,fisher_nearest,0.3421712264870506,higher,0.3421712264870506
Gemma4-E4B,non_thinking,28,2,10,min_bhattacharyya,4.041151523590088,higher,4.041151523590088
Gemma4-E4B,non_thinking,28,2,10,mean_bhattacharyya,13.468687534332275,higher,13.468687534332275
Gemma4-E4B,non_thinking,28,2,10,nc2_class_cosine_deviation,0.33042740518296204,lower,-0.33042740518296204
Gemma4-E4B,non_thinking,28,3,10,logistic_precision,0.38461538461538464,higher,0.38461538461538464
Gemma4-E4B,non_thinking,28,3,10,logistic_recall,0.5,higher,0.5
Gemma4-E4B,non_thinking,28,3,10,logistic_f1,0.43478260869565216,higher,0.43478260869565216
Gemma4-E4B,non_thinking,28,3,10,ncc_recall,0.5,higher,0.5
Gemma4-E4B,non_thinking,28,3,10,silhouette_cosine,-0.1692507416009903,higher,-0.1692507416009903
Gemma4-E4B,non_thinking,28,3,10,within_trace,1082.3297119140625,lower,-1082.3297119140625
Gemma4-E4B,non_thinking,28,3,10,class_nc1_ratio,7.4216357887964035,lower,-7.4216357887964035
Gemma4-E4B,non_thinking,28,3,10,centroid_nearest_squared,150.13198852539062,higher,150.13198852539062
Gemma4-E4B,non_thinking,28,3,10,fisher_nearest,0.13871187945112162,higher,0.13871187945112162
Gemma4-E4B,non_thinking,28,3,10,min_bhattacharyya,2.3944796919822693,higher,2.3944796919822693
Gemma4-E4B,non_thinking,28,3,10,mean_bhattacharyya,10.915463043583763,higher,10.915463043583763
Gemma4-E4B,non_thinking,28,3,10,nc2_class_cosine_deviation,0.20650146358910904,lower,-0.20650146358910904
Gemma4-E4B,non_thinking,28,4,10,logistic_precision,0.0,higher,0.0
Gemma4-E4B,non_thinking,28,4,10,logistic_recall,0.0,higher,0.0
Gemma4-E4B,non_thinking,28,4,10,logistic_f1,0.0,higher,0.0
Gemma4-E4B,non_thinking,28,4,10,ncc_recall,0.0,higher,0.0
Gemma4-E4B,non_thinking,28,4,10,silhouette_cosine,-0.21459364891052246,higher,-0.21459364891052246
Gemma4-E4B,non_thinking,28,4,10,within_trace,1062.426025390625,lower,-1062.426025390625
Gemma4-E4B,non_thinking,28,4,10,class_nc1_ratio,14.216654382638573,lower,-14.216654382638573
Gemma4-E4B,non_thinking,28,4,10,centroid_nearest_squared,116.19239807128906,higher,116.19239807128906
Gemma4-E4B,non_thinking,28,4,10,fisher_nearest,0.10936516547452638,higher,0.10936516547452638
Gemma4-E4B,non_thinking,28,4,10,min_bhattacharyya,2.3944796919822693,higher,2.3944796919822693
Gemma4-E4B,non_thinking,28,4,10,mean_bhattacharyya,10.98696098725001,higher,10.98696098725001
Gemma4-E4B,non_thinking,28,4,10,nc2_class_cosine_deviation,0.4234991548676332,lower,-0.4234991548676332
Gemma4-E4B,non_thinking,28,5,10,logistic_precision,0.3,higher,0.3
Gemma4-E4B,non_thinking,28,5,10,logistic_recall,0.3,higher,0.3
Gemma4-E4B,non_thinking,28,5,10,logistic_f1,0.3,higher,0.3
Gemma4-E4B,non_thinking,28,5,10,ncc_recall,0.1,higher,0.1
Gemma4-E4B,non_thinking,28,5,10,silhouette_cosine,-0.05817465856671333,higher,-0.05817465856671333
Gemma4-E4B,non_thinking,28,5,10,within_trace,881.980712890625,lower,-881.980712890625
Gemma4-E4B,non_thinking,28,5,10,class_nc1_ratio,4.290927067527481,lower,-4.290927067527481
Gemma4-E4B,non_thinking,28,5,10,centroid_nearest_squared,145.2667694091797,higher,145.2667694091797
Gemma4-E4B,non_thinking,28,5,10,fisher_nearest,0.16470515430329405,higher,0.16470515430329405
Gemma4-E4B,non_thinking,28,5,10,min_bhattacharyya,2.995042085647583,higher,2.995042085647583
Gemma4-E4B,non_thinking,28,5,10,mean_bhattacharyya,12.74242909749349,higher,12.74242909749349
Gemma4-E4B,non_thinking,28,5,10,nc2_class_cosine_deviation,0.5137457443562187,lower,-0.5137457443562187
Gemma4-E4B,non_thinking,28,6,10,logistic_precision,0.0,higher,0.0
Gemma4-E4B,non_thinking,28,6,10,logistic_recall,0.0,higher,0.0
Gemma4-E4B,non_thinking,28,6,10,logistic_f1,0.0,higher,0.0
Gemma4-E4B,non_thinking,28,6,10,ncc_recall,0.3,higher,0.3
Gemma4-E4B,non_thinking,28,6,10,silhouette_cosine,-0.25452810525894165,higher,-0.25452810525894165
Gemma4-E4B,non_thinking,28,6,10,within_trace,1035.2171630859375,lower,-1035.2171630859375
Gemma4-E4B,non_thinking,28,6,10,class_nc1_ratio,8.257585396382698,lower,-8.257585396382698
Gemma4-E4B,non_thinking,28,6,10,centroid_nearest_squared,195.390869140625,higher,195.390869140625
Gemma4-E4B,non_thinking,28,6,10,fisher_nearest,0.18874384632319396,higher,0.18874384632319396
Gemma4-E4B,non_thinking,28,6,10,min_bhattacharyya,3.646059989929199,higher,3.646059989929199
Gemma4-E4B,non_thinking,28,6,10,mean_bhattacharyya,10.003433916303846,higher,10.003433916303846
Gemma4-E4B,non_thinking,28,6,10,nc2_class_cosine_deviation,0.2034024268045251,lower,-0.2034024268045251
Gemma4-E4B,non_thinking,28,7,10,logistic_precision,0.14285714285714285,higher,0.14285714285714285
Gemma4-E4B,non_thinking,28,7,10,logistic_recall,0.2,higher,0.2
Gemma4-E4B,non_thinking,28,7,10,logistic_f1,0.16666666666666666,higher,0.16666666666666666
Gemma4-E4B,non_thinking,28,7,10,ncc_recall,0.0,higher,0.0
Gemma4-E4B,non_thinking,28,7,10,silhouette_cosine,-0.22964072227478027,higher,-0.22964072227478027
Gemma4-E4B,non_thinking,28,7,10,within_trace,989.3947143554688,lower,-989.3947143554688
Gemma4-E4B,non_thinking,28,7,10,class_nc1_ratio,8.842721513638999,lower,-8.842721513638999
Gemma4-E4B,non_thinking,28,7,10,centroid_nearest_squared,95.68367004394531,higher,95.68367004394531
Gemma4-E4B,non_thinking,28,7,10,fisher_nearest,0.09670929979272982,higher,0.09670929979272982
Gemma4-E4B,non_thinking,28,7,10,min_bhattacharyya,2.999877452850342,higher,2.999877452850342
Gemma4-E4B,non_thinking,28,7,10,mean_bhattacharyya,10.45092229048411,higher,10.45092229048411
Gemma4-E4B,non_thinking,28,7,10,nc2_class_cosine_deviation,0.514004683053052,lower,-0.514004683053052
Gemma4-E4B,non_thinking,28,8,10,logistic_precision,0.25,higher,0.25
Gemma4-E4B,non_thinking,28,8,10,logistic_recall,0.1,higher,0.1
Gemma4-E4B,non_thinking,28,8,10,logistic_f1,0.14285714285714285,higher,0.14285714285714285
Gemma4-E4B,non_thinking,28,8,10,ncc_recall,0.1,higher,0.1
Gemma4-E4B,non_thinking,28,8,10,silhouette_cosine,-0.13490146398544312,higher,-0.13490146398544312
Gemma4-E4B,non_thinking,28,8,10,within_trace,922.0550537109375,lower,-922.0550537109375
Gemma4-E4B,non_thinking,28,8,10,class_nc1_ratio,4.561610527259182,lower,-4.561610527259182
Gemma4-E4B,non_thinking,28,8,10,centroid_nearest_squared,95.68367004394531,higher,95.68367004394531
Gemma4-E4B,non_thinking,28,8,10,fisher_nearest,0.10377218763549227,higher,0.10377218763549227
Gemma4-E4B,non_thinking,28,8,10,min_bhattacharyya,2.999877452850342,higher,2.999877452850342
Gemma4-E4B,non_thinking,28,8,10,mean_bhattacharyya,12.836043000221252,higher,12.836043000221252
Gemma4-E4B,non_thinking,28,8,10,nc2_class_cosine_deviation,0.5800340775354409,lower,-0.5800340775354409
Gemma4-E4B,non_thinking,28,9,10,logistic_precision,0.1,higher,0.1
Gemma4-E4B,non_thinking,28,9,10,logistic_recall,0.2,higher,0.2
Gemma4-E4B,non_thinking,28,9,10,logistic_f1,0.13333333333333333,higher,0.13333333333333333
Gemma4-E4B,non_thinking,28,9,10,ncc_recall,0.2,higher,0.2
Gemma4-E4B,non_thinking,28,9,10,silhouette_cosine,-0.07727034389972687,higher,-0.07727034389972687
Gemma4-E4B,non_thinking,28,9,10,within_trace,623.786865234375,lower,-623.786865234375
Gemma4-E4B,non_thinking,28,9,10,class_nc1_ratio,2.675901683779617,lower,-2.675901683779617
Gemma4-E4B,non_thinking,28,9,10,centroid_nearest_squared,76.48649597167969,higher,76.48649597167969
Gemma4-E4B,non_thinking,28,9,10,fisher_nearest,0.1226163938911113,higher,0.1226163938911113
Gemma4-E4B,non_thinking,28,9,10,min_bhattacharyya,3.2320477962493896,higher,3.2320477962493896
Gemma4-E4B,non_thinking,28,9,10,mean_bhattacharyya,18.600084914101494,higher,18.600084914101494
Gemma4-E4B,non_thinking,28,9,10,nc2_class_cosine_deviation,0.5849831008616788,lower,-0.5849831008616788
Gemma4-E4B,non_thinking,28,10,10,logistic_precision,0.0,higher,0.0
Gemma4-E4B,non_thinking,28,10,10,logistic_recall,0.0,higher,0.0
Gemma4-E4B,non_thinking,28,10,10,logistic_f1,0.0,higher,0.0
Gemma4-E4B,non_thinking,28,10,10,ncc_recall,0.0,higher,0.0
Gemma4-E4B,non_thinking,28,10,10,silhouette_cosine,-0.09590558707714081,higher,-0.09590558707714081
Gemma4-E4B,non_thinking,28,10,10,within_trace,686.9212646484375,lower,-686.9212646484375
Gemma4-E4B,non_thinking,28,10,10,class_nc1_ratio,3.086594111316371,lower,-3.086594111316371
Gemma4-E4B,non_thinking,28,10,10,centroid_nearest_squared,76.48649597167969,higher,76.48649597167969
Gemma4-E4B,non_thinking,28,10,10,fisher_nearest,0.11134681645184627,higher,0.11134681645184627
Gemma4-E4B,non_thinking,28,10,10,min_bhattacharyya,3.014662265777588,higher,3.014662265777588
Gemma4-E4B,non_thinking,28,10,10,mean_bhattacharyya,15.733234140608046,higher,15.733234140608046
Gemma4-E4B,non_thinking,28,10,10,nc2_class_cosine_deviation,0.6263078272710612,lower,-0.6263078272710612
Gemma4-E4B,native_thinking,28,1,10,logistic_precision,1.0,higher,1.0
Gemma4-E4B,native_thinking,28,1,10,logistic_recall,0.7,higher,0.7
Gemma4-E4B,native_thinking,28,1,10,logistic_f1,0.8235294117647058,higher,0.8235294117647058
Gemma4-E4B,native_thinking,28,1,10,ncc_recall,0.7,higher,0.7
Gemma4-E4B,native_thinking,28,1,10,silhouette_cosine,0.10133568197488785,higher,0.10133568197488785
Gemma4-E4B,native_thinking,28,1,10,within_trace,2196.962890625,lower,-2196.962890625
Gemma4-E4B,native_thinking,28,1,10,class_nc1_ratio,2.170553084866592,lower,-2.170553084866592
Gemma4-E4B,native_thinking,28,1,10,centroid_nearest_squared,1562.482421875,higher,1562.482421875
Gemma4-E4B,native_thinking,28,1,10,fisher_nearest,0.7112010988180594,higher,0.7112010988180594
Gemma4-E4B,native_thinking,28,1,10,min_bhattacharyya,6.228289604187012,higher,6.228289604187012
Gemma4-E4B,native_thinking,28,1,10,mean_bhattacharyya,12.334004720052084,higher,12.334004720052084
Gemma4-E4B,native_thinking,28,1,10,nc2_class_cosine_deviation,0.29609429965048656,lower,-0.29609429965048656
Gemma4-E4B,native_thinking,28,2,7,logistic_precision,0.7777777777777778,higher,0.7777777777777778
Gemma4-E4B,native_thinking,28,2,7,logistic_recall,1.0,higher,1.0
Gemma4-E4B,native_thinking,28,2,7,logistic_f1,0.875,higher,0.875
Gemma4-E4B,native_thinking,28,2,7,ncc_recall,0.7142857142857143,higher,0.7142857142857143
Gemma4-E4B,native_thinking,28,2,7,silhouette_cosine,-0.018825609236955643,higher,-0.018825609236955643
Gemma4-E4B,native_thinking,28,2,7,within_trace,1118.02880859375,lower,-1118.02880859375
Gemma4-E4B,native_thinking,28,2,7,class_nc1_ratio,2.167247646036847,lower,-2.167247646036847
Gemma4-E4B,native_thinking,28,2,7,centroid_nearest_squared,195.9669189453125,higher,195.9669189453125
Gemma4-E4B,native_thinking,28,2,7,fisher_nearest,0.1752789529563183,higher,0.1752789529563183
Gemma4-E4B,native_thinking,28,2,7,min_bhattacharyya,4.123887062072754,higher,4.123887062072754
Gemma4-E4B,native_thinking,28,2,7,mean_bhattacharyya,11.714190800984701,higher,11.714190800984701
Gemma4-E4B,native_thinking,28,2,7,nc2_class_cosine_deviation,0.470832142656968,lower,-0.470832142656968
Gemma4-E4B,native_thinking,28,3,7,logistic_precision,0.8571428571428571,higher,0.8571428571428571
Gemma4-E4B,native_thinking,28,3,7,logistic_recall,0.8571428571428571,higher,0.8571428571428571
Gemma4-E4B,native_thinking,28,3,7,logistic_f1,0.8571428571428571,higher,0.8571428571428571
Gemma4-E4B,native_thinking,28,3,7,ncc_recall,0.5714285714285714,higher,0.5714285714285714
Gemma4-E4B,native_thinking,28,3,7,silhouette_cosine,-0.13899961113929749,higher,-0.13899961113929749
Gemma4-E4B,native_thinking,28,3,7,within_trace,1130.949462890625,lower,-1130.949462890625
Gemma4-E4B,native_thinking,28,3,7,class_nc1_ratio,3.3279514394901937,lower,-3.3279514394901937
Gemma4-E4B,native_thinking,28,3,7,centroid_nearest_squared,90.91893005371094,higher,90.91893005371094
Gemma4-E4B,native_thinking,28,3,7,fisher_nearest,0.08039168241994539,higher,0.08039168241994539
Gemma4-E4B,native_thinking,28,3,7,min_bhattacharyya,2.787349224090576,higher,2.787349224090576
Gemma4-E4B,native_thinking,28,3,7,mean_bhattacharyya,8.267711506949531,higher,8.267711506949531
Gemma4-E4B,native_thinking,28,3,7,nc2_class_cosine_deviation,0.568669076687024,lower,-0.568669076687024
Gemma4-E4B,native_thinking,28,4,7,logistic_precision,0.5,higher,0.5
Gemma4-E4B,native_thinking,28,4,7,logistic_recall,0.2857142857142857,higher,0.2857142857142857
Gemma4-E4B,native_thinking,28,4,7,logistic_f1,0.36363636363636365,higher,0.36363636363636365
Gemma4-E4B,native_thinking,28,4,7,ncc_recall,0.42857142857142855,higher,0.42857142857142855
Gemma4-E4B,native_thinking,28,4,7,silhouette_cosine,-0.08081171661615372,higher,-0.08081171661615372
Gemma4-E4B,native_thinking,28,4,7,within_trace,1013.7052001953125,lower,-1013.7052001953125
Gemma4-E4B,native_thinking,28,4,7,class_nc1_ratio,3.4231492841908824,lower,-3.4231492841908824
Gemma4-E4B,native_thinking,28,4,7,centroid_nearest_squared,90.91893005371094,higher,90.91893005371094
Gemma4-E4B,native_thinking,28,4,7,fisher_nearest,0.08968971456020292,higher,0.08968971456020292
Gemma4-E4B,native_thinking,28,4,7,min_bhattacharyya,2.787349224090576,higher,2.787349224090576
Gemma4-E4B,native_thinking,28,4,7,mean_bhattacharyya,7.63876121573978,higher,7.63876121573978
Gemma4-E4B,native_thinking,28,4,7,nc2_class_cosine_deviation,0.5820394095355346,lower,-0.5820394095355346
Gemma4-E4B,native_thinking,28,5,7,logistic_precision,0.2222222222222222,higher,0.2222222222222222
Gemma4-E4B,native_thinking,28,5,7,logistic_recall,0.2857142857142857,higher,0.2857142857142857
Gemma4-E4B,native_thinking,28,5,7,logistic_f1,0.25,higher,0.25
Gemma4-E4B,native_thinking,28,5,7,ncc_recall,0.42857142857142855,higher,0.42857142857142855
Gemma4-E4B,native_thinking,28,5,7,silhouette_cosine,-0.1844824105501175,higher,-0.1844824105501175
Gemma4-E4B,native_thinking,28,5,7,within_trace,1243.084228515625,lower,-1243.084228515625
Gemma4-E4B,native_thinking,28,5,7,class_nc1_ratio,7.432764726718096,lower,-7.432764726718096
Gemma4-E4B,native_thinking,28,5,7,centroid_nearest_squared,71.15717315673828,higher,71.15717315673828
Gemma4-E4B,native_thinking,28,5,7,fisher_nearest,0.05724243902740808,higher,0.05724243902740808
Gemma4-E4B,native_thinking,28,5,7,min_bhattacharyya,2.3675299882888794,higher,2.3675299882888794
Gemma4-E4B,native_thinking,28,5,7,mean_bhattacharyya,6.899913456704882,higher,6.899913456704882
Gemma4-E4B,native_thinking,28,5,7,nc2_class_cosine_deviation,0.5028919022024414,lower,-0.5028919022024414
Gemma4-E4B,native_thinking,28,6,7,logistic_precision,0.42857142857142855,higher,0.42857142857142855
Gemma4-E4B,native_thinking,28,6,7,logistic_recall,0.42857142857142855,higher,0.42857142857142855
Gemma4-E4B,native_thinking,28,6,7,logistic_f1,0.42857142857142855,higher,0.42857142857142855
Gemma4-E4B,native_thinking,28,6,7,ncc_recall,0.42857142857142855,higher,0.42857142857142855
Gemma4-E4B,native_thinking,28,6,7,silhouette_cosine,-0.16648516058921814,higher,-0.16648516058921814
Gemma4-E4B,native_thinking,28,6,7,within_trace,1269.443359375,lower,-1269.443359375
Gemma4-E4B,native_thinking,28,6,7,class_nc1_ratio,6.649206817115296,lower,-6.649206817115296
Gemma4-E4B,native_thinking,28,6,7,centroid_nearest_squared,71.15717315673828,higher,71.15717315673828
Gemma4-E4B,native_thinking,28,6,7,fisher_nearest,0.05605383858305575,higher,0.05605383858305575
Gemma4-E4B,native_thinking,28,6,7,min_bhattacharyya,2.3675299882888794,higher,2.3675299882888794
Gemma4-E4B,native_thinking,28,6,7,mean_bhattacharyya,6.527909676233928,higher,6.527909676233928
Gemma4-E4B,native_thinking,28,6,7,nc2_class_cosine_deviation,0.4556123249140787,lower,-0.4556123249140787
Gemma4-E4B,native_thinking,28,7,7,logistic_precision,0.6666666666666666,higher,0.6666666666666666
Gemma4-E4B,native_thinking,28,7,7,logistic_recall,0.2857142857142857,higher,0.2857142857142857
Gemma4-E4B,native_thinking,28,7,7,logistic_f1,0.4,higher,0.4
Gemma4-E4B,native_thinking,28,7,7,ncc_recall,0.14285714285714285,higher,0.14285714285714285
Gemma4-E4B,native_thinking,28,7,7,silhouette_cosine,-0.21476152539253235,higher,-0.21476152539253235
Gemma4-E4B,native_thinking,28,7,7,within_trace,1421.7154541015625,lower,-1421.7154541015625
Gemma4-E4B,native_thinking,28,7,7,class_nc1_ratio,5.753162454914874,lower,-5.753162454914874
Gemma4-E4B,native_thinking,28,7,7,centroid_nearest_squared,197.17129516601562,higher,197.17129516601562
Gemma4-E4B,native_thinking,28,7,7,fisher_nearest,0.13868548351021187,higher,0.13868548351021187
Gemma4-E4B,native_thinking,28,7,7,min_bhattacharyya,2.8622549772262573,higher,2.8622549772262573
Gemma4-E4B,native_thinking,28,7,7,mean_bhattacharyya,6.253745834032695,higher,6.253745834032695
Gemma4-E4B,native_thinking,28,7,7,nc2_class_cosine_deviation,0.3025069587668519,lower,-0.3025069587668519
Gemma4-E4B,native_thinking,28,8,7,logistic_precision,0.2857142857142857,higher,0.2857142857142857
Gemma4-E4B,native_thinking,28,8,7,logistic_recall,0.2857142857142857,higher,0.2857142857142857
Gemma4-E4B,native_thinking,28,8,7,logistic_f1,0.2857142857142857,higher,0.2857142857142857
Gemma4-E4B,native_thinking,28,8,7,ncc_recall,0.2857142857142857,higher,0.2857142857142857
Gemma4-E4B,native_thinking,28,8,7,silhouette_cosine,-0.1947299689054489,higher,-0.1947299689054489
Gemma4-E4B,native_thinking,28,8,7,within_trace,1748.905517578125,lower,-1748.905517578125
Gemma4-E4B,native_thinking,28,8,7,class_nc1_ratio,2.7590353690165395,lower,-2.7590353690165395
Gemma4-E4B,native_thinking,28,8,7,centroid_nearest_squared,258.4578857421875,higher,258.4578857421875
Gemma4-E4B,native_thinking,28,8,7,fisher_nearest,0.14778264642912134,higher,0.14778264642912134
Gemma4-E4B,native_thinking,28,8,7,min_bhattacharyya,2.8622549772262573,higher,2.8622549772262573
Gemma4-E4B,native_thinking,28,8,7,mean_bhattacharyya,6.8497262133492365,higher,6.8497262133492365
Gemma4-E4B,native_thinking,28,8,7,nc2_class_cosine_deviation,0.48721465578785644,lower,-0.48721465578785644
Gemma4-E4B,native_thinking,28,9,5,logistic_precision,0.2,higher,0.2
Gemma4-E4B,native_thinking,28,9,5,logistic_recall,0.2,higher,0.2
Gemma4-E4B,native_thinking,28,9,5,logistic_f1,0.2,higher,0.2
Gemma4-E4B,native_thinking,28,9,5,ncc_recall,0.2,higher,0.2
Gemma4-E4B,native_thinking,28,9,5,silhouette_cosine,-0.2981152832508087,higher,-0.2981152832508087
Gemma4-E4B,native_thinking,28,9,5,within_trace,2020.478515625,lower,-2020.478515625
Gemma4-E4B,native_thinking,28,9,5,class_nc1_ratio,3.1183208112321266,lower,-3.1183208112321266
Gemma4-E4B,native_thinking,28,9,5,centroid_nearest_squared,258.4578857421875,higher,258.4578857421875
Gemma4-E4B,native_thinking,28,9,5,fisher_nearest,0.1279191457585175,higher,0.1279191457585175
Gemma4-E4B,native_thinking,28,9,5,min_bhattacharyya,2.103370189666748,higher,2.103370189666748
Gemma4-E4B,native_thinking,28,9,5,mean_bhattacharyya,7.291654348373413,higher,7.291654348373413
Gemma4-E4B,native_thinking,28,9,5,nc2_class_cosine_deviation,0.5479877848684053,lower,-0.5479877848684053
Gemma4-E4B,native_thinking,28,10,3,logistic_precision,0.1111111111111111,higher,0.1111111111111111
Gemma4-E4B,native_thinking,28,10,3,logistic_recall,0.3333333333333333,higher,0.3333333333333333
Gemma4-E4B,native_thinking,28,10,3,logistic_f1,0.16666666666666666,higher,0.16666666666666666
Gemma4-E4B,native_thinking,28,10,3,ncc_recall,0.3333333333333333,higher,0.3333333333333333
Gemma4-E4B,native_thinking,28,10,3,silhouette_cosine,-0.14465095102787018,higher,-0.14465095102787018
Gemma4-E4B,native_thinking,28,10,3,within_trace,1743.6573486328125,lower,-1743.6573486328125
Gemma4-E4B,native_thinking,28,10,3,class_nc1_ratio,1.3036601484917736,lower,-1.3036601484917736
Gemma4-E4B,native_thinking,28,10,3,centroid_nearest_squared,378.83831787109375,higher,378.83831787109375
Gemma4-E4B,native_thinking,28,10,3,fisher_nearest,0.2172664934243748,higher,0.2172664934243748
Gemma4-E4B,native_thinking,28,10,3,min_bhattacharyya,2.103370189666748,higher,2.103370189666748
Gemma4-E4B,native_thinking,28,10,3,mean_bhattacharyya,10.50463875134786,higher,10.50463875134786
Gemma4-E4B,native_thinking,28,10,3,nc2_class_cosine_deviation,0.49388640401539974,lower,-0.49388640401539974
Gemma4-E4B,non_thinking,29,1,10,logistic_precision,0.9090909090909091,higher,0.9090909090909091
Gemma4-E4B,non_thinking,29,1,10,logistic_recall,1.0,higher,1.0
Gemma4-E4B,non_thinking,29,1,10,logistic_f1,0.9523809523809523,higher,0.9523809523809523
Gemma4-E4B,non_thinking,29,1,10,ncc_recall,1.0,higher,1.0
Gemma4-E4B,non_thinking,29,1,10,silhouette_cosine,0.9238101243972778,higher,0.9238101243972778
Gemma4-E4B,non_thinking,29,1,10,within_trace,228.46194458007812,lower,-228.46194458007812
Gemma4-E4B,non_thinking,29,1,10,class_nc1_ratio,0.06776728188539116,lower,-0.06776728188539116
Gemma4-E4B,non_thinking,29,1,10,centroid_nearest_squared,3197.912841796875,higher,3197.912841796875
Gemma4-E4B,non_thinking,29,1,10,fisher_nearest,13.997573415015626,higher,13.997573415015626
Gemma4-E4B,non_thinking,29,1,10,min_bhattacharyya,56.28418731689453,higher,56.28418731689453
Gemma4-E4B,non_thinking,29,1,10,mean_bhattacharyya,81.21055094401042,higher,81.21055094401042
Gemma4-E4B,non_thinking,29,1,10,nc2_class_cosine_deviation,0.4996907725746248,lower,-0.4996907725746248
Gemma4-E4B,non_thinking,29,2,10,logistic_precision,0.7777777777777778,higher,0.7777777777777778
Gemma4-E4B,non_thinking,29,2,10,logistic_recall,0.7,higher,0.7
Gemma4-E4B,non_thinking,29,2,10,logistic_f1,0.7368421052631579,higher,0.7368421052631579
Gemma4-E4B,non_thinking,29,2,10,ncc_recall,0.7,higher,0.7
Gemma4-E4B,non_thinking,29,2,10,silhouette_cosine,-0.008901569060981274,higher,-0.008901569060981274
Gemma4-E4B,non_thinking,29,2,10,within_trace,982.97802734375,lower,-982.97802734375
Gemma4-E4B,non_thinking,29,2,10,class_nc1_ratio,2.5143886772615955,lower,-2.5143886772615955
Gemma4-E4B,non_thinking,29,2,10,centroid_nearest_squared,306.5372009277344,higher,306.5372009277344
Gemma4-E4B,non_thinking,29,2,10,fisher_nearest,0.31184542522895836,higher,0.31184542522895836
Gemma4-E4B,non_thinking,29,2,10,min_bhattacharyya,3.1065263748168945,higher,3.1065263748168945
Gemma4-E4B,non_thinking,29,2,10,mean_bhattacharyya,12.090526474846733,higher,12.090526474846733
Gemma4-E4B,non_thinking,29,2,10,nc2_class_cosine_deviation,0.3663607197986157,lower,-0.3663607197986157
Gemma4-E4B,non_thinking,29,3,10,logistic_precision,0.35714285714285715,higher,0.35714285714285715
Gemma4-E4B,non_thinking,29,3,10,logistic_recall,0.5,higher,0.5
Gemma4-E4B,non_thinking,29,3,10,logistic_f1,0.4166666666666667,higher,0.4166666666666667
Gemma4-E4B,non_thinking,29,3,10,ncc_recall,0.4,higher,0.4
Gemma4-E4B,non_thinking,29,3,10,silhouette_cosine,-0.16567590832710266,higher,-0.16567590832710266
Gemma4-E4B,non_thinking,29,3,10,within_trace,1092.7625732421875,lower,-1092.7625732421875
Gemma4-E4B,non_thinking,29,3,10,class_nc1_ratio,9.145031457022103,lower,-9.145031457022103
Gemma4-E4B,non_thinking,29,3,10,centroid_nearest_squared,132.3424835205078,higher,132.3424835205078
Gemma4-E4B,non_thinking,29,3,10,fisher_nearest,0.12110817734894817,higher,0.12110817734894817
Gemma4-E4B,non_thinking,29,3,10,min_bhattacharyya,2.3008869886398315,higher,2.3008869886398315
Gemma4-E4B,non_thinking,29,3,10,mean_bhattacharyya,10.788326038254631,higher,10.788326038254631
Gemma4-E4B,non_thinking,29,3,10,nc2_class_cosine_deviation,0.2034893642053192,lower,-0.2034893642053192
Gemma4-E4B,non_thinking,29,4,10,logistic_precision,0.18181818181818182,higher,0.18181818181818182
Gemma4-E4B,non_thinking,29,4,10,logistic_recall,0.2,higher,0.2
Gemma4-E4B,non_thinking,29,4,10,logistic_f1,0.19047619047619047,higher,0.19047619047619047
Gemma4-E4B,non_thinking,29,4,10,ncc_recall,0.1,higher,0.1
Gemma4-E4B,non_thinking,29,4,10,silhouette_cosine,-0.20307636260986328,higher,-0.20307636260986328
Gemma4-E4B,non_thinking,29,4,10,within_trace,992.6663818359375,lower,-992.6663818359375
Gemma4-E4B,non_thinking,29,4,10,class_nc1_ratio,13.982787861001848,lower,-13.982787861001848
Gemma4-E4B,non_thinking,29,4,10,centroid_nearest_squared,126.01499938964844,higher,126.01499938964844
Gemma4-E4B,non_thinking,29,4,10,fisher_nearest,0.1269459726807546,higher,0.1269459726807546
Gemma4-E4B,non_thinking,29,4,10,min_bhattacharyya,2.3008869886398315,higher,2.3008869886398315
Gemma4-E4B,non_thinking,29,4,10,mean_bhattacharyya,11.367781413926018,higher,11.367781413926018
Gemma4-E4B,non_thinking,29,4,10,nc2_class_cosine_deviation,0.3887684123337637,lower,-0.3887684123337637
Gemma4-E4B,non_thinking,29,5,10,logistic_precision,0.1111111111111111,higher,0.1111111111111111
Gemma4-E4B,non_thinking,29,5,10,logistic_recall,0.1,higher,0.1
Gemma4-E4B,non_thinking,29,5,10,logistic_f1,0.10526315789473684,higher,0.10526315789473684
Gemma4-E4B,non_thinking,29,5,10,ncc_recall,0.1,higher,0.1
Gemma4-E4B,non_thinking,29,5,10,silhouette_cosine,-0.08041776716709137,higher,-0.08041776716709137
Gemma4-E4B,non_thinking,29,5,10,within_trace,802.993896484375,lower,-802.993896484375
Gemma4-E4B,non_thinking,29,5,10,class_nc1_ratio,4.590597176627905,lower,-4.590597176627905
Gemma4-E4B,non_thinking,29,5,10,centroid_nearest_squared,101.87544250488281,higher,101.87544250488281
Gemma4-E4B,non_thinking,29,5,10,fisher_nearest,0.126869510404635,higher,0.126869510404635
Gemma4-E4B,non_thinking,29,5,10,min_bhattacharyya,2.9882256984710693,higher,2.9882256984710693
Gemma4-E4B,non_thinking,29,5,10,mean_bhattacharyya,12.901504808002048,higher,12.901504808002048
Gemma4-E4B,non_thinking,29,5,10,nc2_class_cosine_deviation,0.5330128334002731,lower,-0.5330128334002731
Gemma4-E4B,non_thinking,29,6,10,logistic_precision,0.0,higher,0.0
Gemma4-E4B,non_thinking,29,6,10,logistic_recall,0.0,higher,0.0
Gemma4-E4B,non_thinking,29,6,10,logistic_f1,0.0,higher,0.0
Gemma4-E4B,non_thinking,29,6,10,ncc_recall,0.1,higher,0.1
Gemma4-E4B,non_thinking,29,6,10,silhouette_cosine,-0.2679659426212311,higher,-0.2679659426212311
Gemma4-E4B,non_thinking,29,6,10,within_trace,1028.4658203125,lower,-1028.4658203125
Gemma4-E4B,non_thinking,29,6,10,class_nc1_ratio,8.627420789875876,lower,-8.627420789875876
Gemma4-E4B,non_thinking,29,6,10,centroid_nearest_squared,184.8757781982422,higher,184.8757781982422
Gemma4-E4B,non_thinking,29,6,10,fisher_nearest,0.17975879659478383,higher,0.17975879659478383
Gemma4-E4B,non_thinking,29,6,10,min_bhattacharyya,3.8259685039520264,higher,3.8259685039520264
Gemma4-E4B,non_thinking,29,6,10,mean_bhattacharyya,10.423069847954643,higher,10.423069847954643
Gemma4-E4B,non_thinking,29,6,10,nc2_class_cosine_deviation,0.18878506256244432,lower,-0.18878506256244432
Gemma4-E4B,non_thinking,29,7,10,logistic_precision,0.0,higher,0.0
Gemma4-E4B,non_thinking,29,7,10,logistic_recall,0.0,higher,0.0
Gemma4-E4B,non_thinking,29,7,10,logistic_f1,0.0,higher,0.0
Gemma4-E4B,non_thinking,29,7,10,ncc_recall,0.0,higher,0.0
Gemma4-E4B,non_thinking,29,7,10,silhouette_cosine,-0.21764710545539856,higher,-0.21764710545539856
Gemma4-E4B,non_thinking,29,7,10,within_trace,976.8048095703125,lower,-976.8048095703125
Gemma4-E4B,non_thinking,29,7,10,class_nc1_ratio,9.067234382395698,lower,-9.067234382395698
Gemma4-E4B,non_thinking,29,7,10,centroid_nearest_squared,95.349609375,higher,95.349609375
Gemma4-E4B,non_thinking,29,7,10,fisher_nearest,0.09761377958094147,higher,0.09761377958094147
Gemma4-E4B,non_thinking,29,7,10,min_bhattacharyya,2.8416088819503784,higher,2.8416088819503784
Gemma4-E4B,non_thinking,29,7,10,mean_bhattacharyya,10.115250931845772,higher,10.115250931845772
Gemma4-E4B,non_thinking,29,7,10,nc2_class_cosine_deviation,0.5086443696952896,lower,-0.5086443696952896
Gemma4-E4B,non_thinking,29,8,10,logistic_precision,0.0,higher,0.0
Gemma4-E4B,non_thinking,29,8,10,logistic_recall,0.0,higher,0.0
Gemma4-E4B,non_thinking,29,8,10,logistic_f1,0.0,higher,0.0
Gemma4-E4B,non_thinking,29,8,10,ncc_recall,0.1,higher,0.1
Gemma4-E4B,non_thinking,29,8,10,silhouette_cosine,-0.14120814204216003,higher,-0.14120814204216003
Gemma4-E4B,non_thinking,29,8,10,within_trace,947.1221313476562,lower,-947.1221313476562
Gemma4-E4B,non_thinking,29,8,10,class_nc1_ratio,5.247745804087674,lower,-5.247745804087674
Gemma4-E4B,non_thinking,29,8,10,centroid_nearest_squared,77.29398345947266,higher,77.29398345947266
Gemma4-E4B,non_thinking,29,8,10,fisher_nearest,0.08160930982521901,higher,0.08160930982521901
Gemma4-E4B,non_thinking,29,8,10,min_bhattacharyya,2.8416088819503784,higher,2.8416088819503784
Gemma4-E4B,non_thinking,29,8,10,mean_bhattacharyya,13.672760672039455,higher,13.672760672039455
Gemma4-E4B,non_thinking,29,8,10,nc2_class_cosine_deviation,0.5750240923169954,lower,-0.5750240923169954
Gemma4-E4B,non_thinking,29,9,10,logistic_precision,0.16666666666666666,higher,0.16666666666666666
Gemma4-E4B,non_thinking,29,9,10,logistic_recall,0.4,higher,0.4
Gemma4-E4B,non_thinking,29,9,10,logistic_f1,0.23529411764705882,higher,0.23529411764705882
Gemma4-E4B,non_thinking,29,9,10,ncc_recall,0.3,higher,0.3
Gemma4-E4B,non_thinking,29,9,10,silhouette_cosine,-0.05380302667617798,higher,-0.05380302667617798
Gemma4-E4B,non_thinking,29,9,10,within_trace,619.75439453125,lower,-619.75439453125
Gemma4-E4B,non_thinking,29,9,10,class_nc1_ratio,2.5281574740607327,lower,-2.5281574740607327
Gemma4-E4B,non_thinking,29,9,10,centroid_nearest_squared,89.48551177978516,higher,89.48551177978516
Gemma4-E4B,non_thinking,29,9,10,fisher_nearest,0.14438866842964032,higher,0.14438866842964032
Gemma4-E4B,non_thinking,29,9,10,min_bhattacharyya,3.911440372467041,higher,3.911440372467041
Gemma4-E4B,non_thinking,29,9,10,mean_bhattacharyya,21.40345247586568,higher,21.40345247586568
Gemma4-E4B,non_thinking,29,9,10,nc2_class_cosine_deviation,0.5714832597676618,lower,-0.5714832597676618
Gemma4-E4B,non_thinking,29,10,10,logistic_precision,0.0,higher,0.0
Gemma4-E4B,non_thinking,29,10,10,logistic_recall,0.0,higher,0.0
Gemma4-E4B,non_thinking,29,10,10,logistic_f1,0.0,higher,0.0
Gemma4-E4B,non_thinking,29,10,10,ncc_recall,0.1,higher,0.1
Gemma4-E4B,non_thinking,29,10,10,silhouette_cosine,-0.09354157745838165,higher,-0.09354157745838165
Gemma4-E4B,non_thinking,29,10,10,within_trace,666.2515869140625,lower,-666.2515869140625
Gemma4-E4B,non_thinking,29,10,10,class_nc1_ratio,3.225292885745748,lower,-3.225292885745748
Gemma4-E4B,non_thinking,29,10,10,centroid_nearest_squared,77.29398345947266,higher,77.29398345947266
Gemma4-E4B,non_thinking,29,10,10,fisher_nearest,0.11601320728927966,higher,0.11601320728927966
Gemma4-E4B,non_thinking,29,10,10,min_bhattacharyya,2.9882256984710693,higher,2.9882256984710693
Gemma4-E4B,non_thinking,29,10,10,mean_bhattacharyya,16.10659975475735,higher,16.10659975475735
Gemma4-E4B,non_thinking,29,10,10,nc2_class_cosine_deviation,0.6198949668510461,lower,-0.6198949668510461
Gemma4-E4B,native_thinking,29,1,10,logistic_precision,1.0,higher,1.0
Gemma4-E4B,native_thinking,29,1,10,logistic_recall,0.7,higher,0.7
Gemma4-E4B,native_thinking,29,1,10,logistic_f1,0.8235294117647058,higher,0.8235294117647058
Gemma4-E4B,native_thinking,29,1,10,ncc_recall,0.7,higher,0.7
Gemma4-E4B,native_thinking,29,1,10,silhouette_cosine,0.04199764132499695,higher,0.04199764132499695
Gemma4-E4B,native_thinking,29,1,10,within_trace,1999.96875,lower,-1999.96875
Gemma4-E4B,native_thinking,29,1,10,class_nc1_ratio,2.3644780388226305,lower,-2.3644780388226305
Gemma4-E4B,native_thinking,29,1,10,centroid_nearest_squared,1371.9609375,higher,1371.9609375
Gemma4-E4B,native_thinking,29,1,10,fisher_nearest,0.6859911873623026,higher,0.6859911873623026
Gemma4-E4B,native_thinking,29,1,10,min_bhattacharyya,5.32321834564209,higher,5.32321834564209
Gemma4-E4B,native_thinking,29,1,10,mean_bhattacharyya,9.937146928575304,higher,9.937146928575304
Gemma4-E4B,native_thinking,29,1,10,nc2_class_cosine_deviation,0.31524865871962204,lower,-0.31524865871962204
Gemma4-E4B,native_thinking,29,2,7,logistic_precision,1.0,higher,1.0
Gemma4-E4B,native_thinking,29,2,7,logistic_recall,0.8571428571428571,higher,0.8571428571428571
Gemma4-E4B,native_thinking,29,2,7,logistic_f1,0.9230769230769231,higher,0.9230769230769231
Gemma4-E4B,native_thinking,29,2,7,ncc_recall,0.7142857142857143,higher,0.7142857142857143
Gemma4-E4B,native_thinking,29,2,7,silhouette_cosine,-0.08154870569705963,higher,-0.08154870569705963
Gemma4-E4B,native_thinking,29,2,7,within_trace,1234.7720947265625,lower,-1234.7720947265625
Gemma4-E4B,native_thinking,29,2,7,class_nc1_ratio,2.883194159292113,lower,-2.883194159292113
Gemma4-E4B,native_thinking,29,2,7,centroid_nearest_squared,134.802978515625,higher,134.802978515625
Gemma4-E4B,native_thinking,29,2,7,fisher_nearest,0.10917235584715479,higher,0.10917235584715479
Gemma4-E4B,native_thinking,29,2,7,min_bhattacharyya,2.9380805492401123,higher,2.9380805492401123
Gemma4-E4B,native_thinking,29,2,7,mean_bhattacharyya,7.932313521703084,higher,7.932313521703084
Gemma4-E4B,native_thinking,29,2,7,nc2_class_cosine_deviation,0.4897340917844832,lower,-0.4897340917844832
Gemma4-E4B,native_thinking,29,3,7,logistic_precision,0.8,higher,0.8
Gemma4-E4B,native_thinking,29,3,7,logistic_recall,0.5714285714285714,higher,0.5714285714285714
Gemma4-E4B,native_thinking,29,3,7,logistic_f1,0.6666666666666666,higher,0.6666666666666666
Gemma4-E4B,native_thinking,29,3,7,ncc_recall,0.2857142857142857,higher,0.2857142857142857
Gemma4-E4B,native_thinking,29,3,7,silhouette_cosine,-0.16423508524894714,higher,-0.16423508524894714
Gemma4-E4B,native_thinking,29,3,7,within_trace,1267.524658203125,lower,-1267.524658203125
Gemma4-E4B,native_thinking,29,3,7,class_nc1_ratio,4.516125323514992,lower,-4.516125323514992
Gemma4-E4B,native_thinking,29,3,7,centroid_nearest_squared,61.85092544555664,higher,61.85092544555664
Gemma4-E4B,native_thinking,29,3,7,fisher_nearest,0.048796625016540564,higher,0.048796625016540564
Gemma4-E4B,native_thinking,29,3,7,min_bhattacharyya,1.6902766823768616,higher,1.6902766823768616
Gemma4-E4B,native_thinking,29,3,7,mean_bhattacharyya,5.95541383822759,higher,5.95541383822759
Gemma4-E4B,native_thinking,29,3,7,nc2_class_cosine_deviation,0.5732783949301568,lower,-0.5732783949301568
Gemma4-E4B,native_thinking,29,4,7,logistic_precision,0.2,higher,0.2
Gemma4-E4B,native_thinking,29,4,7,logistic_recall,0.2857142857142857,higher,0.2857142857142857
Gemma4-E4B,native_thinking,29,4,7,logistic_f1,0.23529411764705882,higher,0.23529411764705882
Gemma4-E4B,native_thinking,29,4,7,ncc_recall,0.42857142857142855,higher,0.42857142857142855
Gemma4-E4B,native_thinking,29,4,7,silhouette_cosine,-0.12961986660957336,higher,-0.12961986660957336
Gemma4-E4B,native_thinking,29,4,7,within_trace,1234.7791748046875,lower,-1234.7791748046875
Gemma4-E4B,native_thinking,29,4,7,class_nc1_ratio,4.6176394550636894,lower,-4.6176394550636894
Gemma4-E4B,native_thinking,29,4,7,centroid_nearest_squared,61.85092544555664,higher,61.85092544555664
Gemma4-E4B,native_thinking,29,4,7,fisher_nearest,0.05009067751352381,higher,0.05009067751352381
Gemma4-E4B,native_thinking,29,4,7,min_bhattacharyya,1.6902766823768616,higher,1.6902766823768616
Gemma4-E4B,native_thinking,29,4,7,mean_bhattacharyya,5.7921728359328375,higher,5.7921728359328375
Gemma4-E4B,native_thinking,29,4,7,nc2_class_cosine_deviation,0.5752370381428871,lower,-0.5752370381428871
Gemma4-E4B,native_thinking,29,5,7,logistic_precision,0.25,higher,0.25
Gemma4-E4B,native_thinking,29,5,7,logistic_recall,0.42857142857142855,higher,0.42857142857142855
Gemma4-E4B,native_thinking,29,5,7,logistic_f1,0.3157894736842105,higher,0.3157894736842105
Gemma4-E4B,native_thinking,29,5,7,ncc_recall,0.2857142857142857,higher,0.2857142857142857
Gemma4-E4B,native_thinking,29,5,7,silhouette_cosine,-0.18918120861053467,higher,-0.18918120861053467
Gemma4-E4B,native_thinking,29,5,7,within_trace,1422.99072265625,lower,-1422.99072265625
Gemma4-E4B,native_thinking,29,5,7,class_nc1_ratio,9.022128943387315,lower,-9.022128943387315
Gemma4-E4B,native_thinking,29,5,7,centroid_nearest_squared,58.59354019165039,higher,58.59354019165039
Gemma4-E4B,native_thinking,29,5,7,fisher_nearest,0.041176333238684616,higher,0.041176333238684616
Gemma4-E4B,native_thinking,29,5,7,min_bhattacharyya,1.6412172317504883,higher,1.6412172317504883
Gemma4-E4B,native_thinking,29,5,7,mean_bhattacharyya,5.060436533557044,higher,5.060436533557044
Gemma4-E4B,native_thinking,29,5,7,nc2_class_cosine_deviation,0.49013665226506603,lower,-0.49013665226506603
Gemma4-E4B,native_thinking,29,6,7,logistic_precision,0.2857142857142857,higher,0.2857142857142857
Gemma4-E4B,native_thinking,29,6,7,logistic_recall,0.2857142857142857,higher,0.2857142857142857
Gemma4-E4B,native_thinking,29,6,7,logistic_f1,0.2857142857142857,higher,0.2857142857142857
Gemma4-E4B,native_thinking,29,6,7,ncc_recall,0.14285714285714285,higher,0.14285714285714285
Gemma4-E4B,native_thinking,29,6,7,silhouette_cosine,-0.19080528616905212,higher,-0.19080528616905212
Gemma4-E4B,native_thinking,29,6,7,within_trace,1406.1622314453125,lower,-1406.1622314453125
Gemma4-E4B,native_thinking,29,6,7,class_nc1_ratio,7.795199916287931,lower,-7.795199916287931
Gemma4-E4B,native_thinking,29,6,7,centroid_nearest_squared,58.59354019165039,higher,58.59354019165039
Gemma4-E4B,native_thinking,29,6,7,fisher_nearest,0.041669118172392876,higher,0.041669118172392876
Gemma4-E4B,native_thinking,29,6,7,min_bhattacharyya,1.6412172317504883,higher,1.6412172317504883
Gemma4-E4B,native_thinking,29,6,7,mean_bhattacharyya,4.879479871855842,higher,4.879479871855842
Gemma4-E4B,native_thinking,29,6,7,nc2_class_cosine_deviation,0.488128204220607,lower,-0.488128204220607
Gemma4-E4B,native_thinking,29,7,7,logistic_precision,0.6666666666666666,higher,0.6666666666666666
Gemma4-E4B,native_thinking,29,7,7,logistic_recall,0.2857142857142857,higher,0.2857142857142857
Gemma4-E4B,native_thinking,29,7,7,logistic_f1,0.4,higher,0.4
Gemma4-E4B,native_thinking,29,7,7,ncc_recall,0.14285714285714285,higher,0.14285714285714285
Gemma4-E4B,native_thinking,29,7,7,silhouette_cosine,-0.21258644759655,higher,-0.21258644759655
Gemma4-E4B,native_thinking,29,7,7,within_trace,1567.756591796875,lower,-1567.756591796875
Gemma4-E4B,native_thinking,29,7,7,class_nc1_ratio,6.484099853413825,lower,-6.484099853413825
Gemma4-E4B,native_thinking,29,7,7,centroid_nearest_squared,180.3415985107422,higher,180.3415985107422
Gemma4-E4B,native_thinking,29,7,7,fisher_nearest,0.1150316314754223,higher,0.1150316314754223
Gemma4-E4B,native_thinking,29,7,7,min_bhattacharyya,2.238726496696472,higher,2.238726496696472
Gemma4-E4B,native_thinking,29,7,7,mean_bhattacharyya,4.892113871044582,higher,4.892113871044582
Gemma4-E4B,native_thinking,29,7,7,nc2_class_cosine_deviation,0.3424925728712553,lower,-0.3424925728712553
Gemma4-E4B,native_thinking,29,8,7,logistic_precision,0.375,higher,0.375
Gemma4-E4B,native_thinking,29,8,7,logistic_recall,0.42857142857142855,higher,0.42857142857142855
Gemma4-E4B,native_thinking,29,8,7,logistic_f1,0.4,higher,0.4
Gemma4-E4B,native_thinking,29,8,7,ncc_recall,0.14285714285714285,higher,0.14285714285714285
Gemma4-E4B,native_thinking,29,8,7,silhouette_cosine,-0.20952394604682922,higher,-0.20952394604682922
Gemma4-E4B,native_thinking,29,8,7,within_trace,1712.2957763671875,lower,-1712.2957763671875
Gemma4-E4B,native_thinking,29,8,7,class_nc1_ratio,3.4368100663373644,lower,-3.4368100663373644
Gemma4-E4B,native_thinking,29,8,7,centroid_nearest_squared,288.92071533203125,higher,288.92071533203125
Gemma4-E4B,native_thinking,29,8,7,fisher_nearest,0.16873294866439864,higher,0.16873294866439864
Gemma4-E4B,native_thinking,29,8,7,min_bhattacharyya,2.276759684085846,higher,2.276759684085846
Gemma4-E4B,native_thinking,29,8,7,mean_bhattacharyya,5.045932590961456,higher,5.045932590961456
Gemma4-E4B,native_thinking,29,8,7,nc2_class_cosine_deviation,0.4692786976143165,lower,-0.4692786976143165
Gemma4-E4B,native_thinking,29,9,5,logistic_precision,0.3333333333333333,higher,0.3333333333333333
Gemma4-E4B,native_thinking,29,9,5,logistic_recall,0.2,higher,0.2
Gemma4-E4B,native_thinking,29,9,5,logistic_f1,0.25,higher,0.25
Gemma4-E4B,native_thinking,29,9,5,ncc_recall,0.4,higher,0.4
Gemma4-E4B,native_thinking,29,9,5,silhouette_cosine,-0.23919682204723358,higher,-0.23919682204723358
Gemma4-E4B,native_thinking,29,9,5,within_trace,2048.04345703125,lower,-2048.04345703125
Gemma4-E4B,native_thinking,29,9,5,class_nc1_ratio,3.2064932761332177,lower,-3.2064932761332177
Gemma4-E4B,native_thinking,29,9,5,centroid_nearest_squared,288.92071533203125,higher,288.92071533203125
Gemma4-E4B,native_thinking,29,9,5,fisher_nearest,0.14107157459970965,higher,0.14107157459970965
Gemma4-E4B,native_thinking,29,9,5,min_bhattacharyya,2.440953850746155,higher,2.440953850746155
Gemma4-E4B,native_thinking,29,9,5,mean_bhattacharyya,5.8494252231385975,higher,5.8494252231385975
Gemma4-E4B,native_thinking,29,9,5,nc2_class_cosine_deviation,0.531555481347037,lower,-0.531555481347037
Gemma4-E4B,native_thinking,29,10,3,logistic_precision,0.16666666666666666,higher,0.16666666666666666
Gemma4-E4B,native_thinking,29,10,3,logistic_recall,0.3333333333333333,higher,0.3333333333333333
Gemma4-E4B,native_thinking,29,10,3,logistic_f1,0.2222222222222222,higher,0.2222222222222222
Gemma4-E4B,native_thinking,29,10,3,ncc_recall,0.3333333333333333,higher,0.3333333333333333
Gemma4-E4B,native_thinking,29,10,3,silhouette_cosine,-0.1264515072107315,higher,-0.1264515072107315
Gemma4-E4B,native_thinking,29,10,3,within_trace,1859.4539794921875,lower,-1859.4539794921875
Gemma4-E4B,native_thinking,29,10,3,class_nc1_ratio,1.4068262678431867,lower,-1.4068262678431867
Gemma4-E4B,native_thinking,29,10,3,centroid_nearest_squared,573.6406860351562,higher,573.6406860351562
Gemma4-E4B,native_thinking,29,10,3,fisher_nearest,0.3084995339286731,higher,0.3084995339286731
Gemma4-E4B,native_thinking,29,10,3,min_bhattacharyya,2.440953850746155,higher,2.440953850746155
Gemma4-E4B,native_thinking,29,10,3,mean_bhattacharyya,8.19209963745541,higher,8.19209963745541
Gemma4-E4B,native_thinking,29,10,3,nc2_class_cosine_deviation,0.49843494042202274,lower,-0.49843494042202274
Gemma4-E4B,non_thinking,30,1,10,logistic_precision,0.9090909090909091,higher,0.9090909090909091
Gemma4-E4B,non_thinking,30,1,10,logistic_recall,1.0,higher,1.0
Gemma4-E4B,non_thinking,30,1,10,logistic_f1,0.9523809523809523,higher,0.9523809523809523
Gemma4-E4B,non_thinking,30,1,10,ncc_recall,1.0,higher,1.0
Gemma4-E4B,non_thinking,30,1,10,silhouette_cosine,0.9295246005058289,higher,0.9295246005058289
Gemma4-E4B,non_thinking,30,1,10,within_trace,208.87307739257812,lower,-208.87307739257812
Gemma4-E4B,non_thinking,30,1,10,class_nc1_ratio,0.060400532505753814,lower,-0.060400532505753814
Gemma4-E4B,non_thinking,30,1,10,centroid_nearest_squared,3232.90185546875,higher,3232.90185546875
Gemma4-E4B,non_thinking,30,1,10,fisher_nearest,15.477829387233534,higher,15.477829387233534
Gemma4-E4B,non_thinking,30,1,10,min_bhattacharyya,54.23776626586914,higher,54.23776626586914
Gemma4-E4B,non_thinking,30,1,10,mean_bhattacharyya,92.80987082587347,higher,92.80987082587347
Gemma4-E4B,non_thinking,30,1,10,nc2_class_cosine_deviation,0.5030109731503474,lower,-0.5030109731503474
Gemma4-E4B,non_thinking,30,2,10,logistic_precision,0.5555555555555556,higher,0.5555555555555556
Gemma4-E4B,non_thinking,30,2,10,logistic_recall,1.0,higher,1.0
Gemma4-E4B,non_thinking,30,2,10,logistic_f1,0.7142857142857143,higher,0.7142857142857143
Gemma4-E4B,non_thinking,30,2,10,ncc_recall,0.7,higher,0.7
Gemma4-E4B,non_thinking,30,2,10,silhouette_cosine,-0.0069783031940460205,higher,-0.0069783031940460205
Gemma4-E4B,non_thinking,30,2,10,within_trace,821.464111328125,lower,-821.464111328125
Gemma4-E4B,non_thinking,30,2,10,class_nc1_ratio,2.4061955041255607,lower,-2.4061955041255607
Gemma4-E4B,non_thinking,30,2,10,centroid_nearest_squared,261.5607604980469,higher,261.5607604980469
Gemma4-E4B,non_thinking,30,2,10,fisher_nearest,0.31840801915881783,higher,0.31840801915881783
Gemma4-E4B,non_thinking,30,2,10,min_bhattacharyya,3.3107259273529053,higher,3.3107259273529053
Gemma4-E4B,non_thinking,30,2,10,mean_bhattacharyya,12.343324846691555,higher,12.343324846691555
Gemma4-E4B,non_thinking,30,2,10,nc2_class_cosine_deviation,0.3699717478090782,lower,-0.3699717478090782
Gemma4-E4B,non_thinking,30,3,10,logistic_precision,0.36363636363636365,higher,0.36363636363636365
Gemma4-E4B,non_thinking,30,3,10,logistic_recall,0.4,higher,0.4
Gemma4-E4B,non_thinking,30,3,10,logistic_f1,0.38095238095238093,higher,0.38095238095238093
Gemma4-E4B,non_thinking,30,3,10,ncc_recall,0.4,higher,0.4
Gemma4-E4B,non_thinking,30,3,10,silhouette_cosine,-0.19044409692287445,higher,-0.19044409692287445
Gemma4-E4B,non_thinking,30,3,10,within_trace,1050.7117919921875,lower,-1050.7117919921875
Gemma4-E4B,non_thinking,30,3,10,class_nc1_ratio,9.59340445865455,lower,-9.59340445865455
Gemma4-E4B,non_thinking,30,3,10,centroid_nearest_squared,126.37818908691406,higher,126.37818908691406
Gemma4-E4B,non_thinking,30,3,10,fisher_nearest,0.12027864353487121,higher,0.12027864353487121
Gemma4-E4B,non_thinking,30,3,10,min_bhattacharyya,2.3743467926979065,higher,2.3743467926979065
Gemma4-E4B,non_thinking,30,3,10,mean_bhattacharyya,11.391198734442392,higher,11.391198734442392
Gemma4-E4B,non_thinking,30,3,10,nc2_class_cosine_deviation,0.1875196492046486,lower,-0.1875196492046486
Gemma4-E4B,non_thinking,30,4,10,logistic_precision,0.0,higher,0.0
Gemma4-E4B,non_thinking,30,4,10,logistic_recall,0.0,higher,0.0
Gemma4-E4B,non_thinking,30,4,10,logistic_f1,0.0,higher,0.0
Gemma4-E4B,non_thinking,30,4,10,ncc_recall,0.1,higher,0.1
Gemma4-E4B,non_thinking,30,4,10,silhouette_cosine,-0.23367898166179657,higher,-0.23367898166179657
Gemma4-E4B,non_thinking,30,4,10,within_trace,940.1773071289062,lower,-940.1773071289062
Gemma4-E4B,non_thinking,30,4,10,class_nc1_ratio,13.919283171243311,lower,-13.919283171243311
Gemma4-E4B,non_thinking,30,4,10,centroid_nearest_squared,126.37818908691406,higher,126.37818908691406
Gemma4-E4B,non_thinking,30,4,10,fisher_nearest,0.1344195271771078,higher,0.1344195271771078
Gemma4-E4B,non_thinking,30,4,10,min_bhattacharyya,2.3743467926979065,higher,2.3743467926979065
Gemma4-E4B,non_thinking,30,4,10,mean_bhattacharyya,12.52921050786972,higher,12.52921050786972
Gemma4-E4B,non_thinking,30,4,10,nc2_class_cosine_deviation,0.37823460314762036,lower,-0.37823460314762036
Gemma4-E4B,non_thinking,30,5,10,logistic_precision,0.0,higher,0.0
Gemma4-E4B,non_thinking,30,5,10,logistic_recall,0.0,higher,0.0
Gemma4-E4B,non_thinking,30,5,10,logistic_f1,0.0,higher,0.0
Gemma4-E4B,non_thinking,30,5,10,ncc_recall,0.1,higher,0.1
Gemma4-E4B,non_thinking,30,5,10,silhouette_cosine,-0.09355352818965912,higher,-0.09355352818965912
Gemma4-E4B,non_thinking,30,5,10,within_trace,816.3543701171875,lower,-816.3543701171875
Gemma4-E4B,non_thinking,30,5,10,class_nc1_ratio,4.676409894998535,lower,-4.676409894998535
Gemma4-E4B,non_thinking,30,5,10,centroid_nearest_squared,106.8139419555664,higher,106.8139419555664
Gemma4-E4B,non_thinking,30,5,10,fisher_nearest,0.13084261671831718,higher,0.13084261671831718
Gemma4-E4B,non_thinking,30,5,10,min_bhattacharyya,2.984480381011963,higher,2.984480381011963
Gemma4-E4B,non_thinking,30,5,10,mean_bhattacharyya,14.58093864387936,higher,14.58093864387936
Gemma4-E4B,non_thinking,30,5,10,nc2_class_cosine_deviation,0.5410648083061348,lower,-0.5410648083061348
Gemma4-E4B,non_thinking,30,6,10,logistic_precision,0.0,higher,0.0
Gemma4-E4B,non_thinking,30,6,10,logistic_recall,0.0,higher,0.0
Gemma4-E4B,non_thinking,30,6,10,logistic_f1,0.0,higher,0.0
Gemma4-E4B,non_thinking,30,6,10,ncc_recall,0.1,higher,0.1
Gemma4-E4B,non_thinking,30,6,10,silhouette_cosine,-0.2639981210231781,higher,-0.2639981210231781
Gemma4-E4B,non_thinking,30,6,10,within_trace,1007.3348388671875,lower,-1007.3348388671875
Gemma4-E4B,non_thinking,30,6,10,class_nc1_ratio,8.880030771753601,lower,-8.880030771753601
Gemma4-E4B,non_thinking,30,6,10,centroid_nearest_squared,171.32557678222656,higher,171.32557678222656
Gemma4-E4B,non_thinking,30,6,10,fisher_nearest,0.17007808145987796,higher,0.17007808145987796
Gemma4-E4B,non_thinking,30,6,10,min_bhattacharyya,3.6056559085845947,higher,3.6056559085845947
Gemma4-E4B,non_thinking,30,6,10,mean_bhattacharyya,9.946124951044718,higher,9.946124951044718
Gemma4-E4B,non_thinking,30,6,10,nc2_class_cosine_deviation,0.22459056592161225,lower,-0.22459056592161225
Gemma4-E4B,non_thinking,30,7,10,logistic_precision,0.2,higher,0.2
Gemma4-E4B,non_thinking,30,7,10,logistic_recall,0.1,higher,0.1
Gemma4-E4B,non_thinking,30,7,10,logistic_f1,0.13333333333333333,higher,0.13333333333333333
Gemma4-E4B,non_thinking,30,7,10,ncc_recall,0.0,higher,0.0
Gemma4-E4B,non_thinking,30,7,10,silhouette_cosine,-0.22672872245311737,higher,-0.22672872245311737
Gemma4-E4B,non_thinking,30,7,10,within_trace,939.8860473632812,lower,-939.8860473632812
Gemma4-E4B,non_thinking,30,7,10,class_nc1_ratio,8.688895830600313,lower,-8.688895830600313
Gemma4-E4B,non_thinking,30,7,10,centroid_nearest_squared,114.63160705566406,higher,114.63160705566406
Gemma4-E4B,non_thinking,30,7,10,fisher_nearest,0.1219633032932524,higher,0.1219633032932524
Gemma4-E4B,non_thinking,30,7,10,min_bhattacharyya,3.006176173686981,higher,3.006176173686981
Gemma4-E4B,non_thinking,30,7,10,mean_bhattacharyya,10.16140741109848,higher,10.16140741109848
Gemma4-E4B,non_thinking,30,7,10,nc2_class_cosine_deviation,0.4898817468388581,lower,-0.4898817468388581
Gemma4-E4B,non_thinking,30,8,10,logistic_precision,0.1111111111111111,higher,0.1111111111111111
Gemma4-E4B,non_thinking,30,8,10,logistic_recall,0.1,higher,0.1
Gemma4-E4B,non_thinking,30,8,10,logistic_f1,0.10526315789473684,higher,0.10526315789473684
Gemma4-E4B,non_thinking,30,8,10,ncc_recall,0.0,higher,0.0
Gemma4-E4B,non_thinking,30,8,10,silhouette_cosine,-0.13538604974746704,higher,-0.13538604974746704
Gemma4-E4B,non_thinking,30,8,10,within_trace,861.1790771484375,lower,-861.1790771484375
Gemma4-E4B,non_thinking,30,8,10,class_nc1_ratio,4.651809120402727,lower,-4.651809120402727
Gemma4-E4B,non_thinking,30,8,10,centroid_nearest_squared,91.94715881347656,higher,91.94715881347656
Gemma4-E4B,non_thinking,30,8,10,fisher_nearest,0.10676891862948507,higher,0.10676891862948507
Gemma4-E4B,non_thinking,30,8,10,min_bhattacharyya,3.006176173686981,higher,3.006176173686981
Gemma4-E4B,non_thinking,30,8,10,mean_bhattacharyya,15.431136654482948,higher,15.431136654482948
Gemma4-E4B,non_thinking,30,8,10,nc2_class_cosine_deviation,0.5663192400041921,lower,-0.5663192400041921
Gemma4-E4B,non_thinking,30,9,10,logistic_precision,0.25,higher,0.25
Gemma4-E4B,non_thinking,30,9,10,logistic_recall,0.4,higher,0.4
Gemma4-E4B,non_thinking,30,9,10,logistic_f1,0.3076923076923077,higher,0.3076923076923077
Gemma4-E4B,non_thinking,30,9,10,ncc_recall,0.3,higher,0.3
Gemma4-E4B,non_thinking,30,9,10,silhouette_cosine,-0.06638193130493164,higher,-0.06638193130493164
Gemma4-E4B,non_thinking,30,9,10,within_trace,579.865966796875,lower,-579.865966796875
Gemma4-E4B,non_thinking,30,9,10,class_nc1_ratio,2.4434295433221047,lower,-2.4434295433221047
Gemma4-E4B,non_thinking,30,9,10,centroid_nearest_squared,89.992919921875,higher,89.992919921875
Gemma4-E4B,non_thinking,30,9,10,fisher_nearest,0.15519607129038357,higher,0.15519607129038357
Gemma4-E4B,non_thinking,30,9,10,min_bhattacharyya,4.018152713775635,higher,4.018152713775635
Gemma4-E4B,non_thinking,30,9,10,mean_bhattacharyya,24.0436645216412,higher,24.0436645216412
Gemma4-E4B,non_thinking,30,9,10,nc2_class_cosine_deviation,0.5760190244074221,lower,-0.5760190244074221
Gemma4-E4B,non_thinking,30,10,10,logistic_precision,0.1,higher,0.1
Gemma4-E4B,non_thinking,30,10,10,logistic_recall,0.1,higher,0.1
Gemma4-E4B,non_thinking,30,10,10,logistic_f1,0.1,higher,0.1
Gemma4-E4B,non_thinking,30,10,10,ncc_recall,0.1,higher,0.1
Gemma4-E4B,non_thinking,30,10,10,silhouette_cosine,-0.0627216100692749,higher,-0.0627216100692749
Gemma4-E4B,non_thinking,30,10,10,within_trace,638.9647216796875,lower,-638.9647216796875
Gemma4-E4B,non_thinking,30,10,10,class_nc1_ratio,2.7174195285721208,lower,-2.7174195285721208
Gemma4-E4B,non_thinking,30,10,10,centroid_nearest_squared,89.992919921875,higher,89.992919921875
Gemma4-E4B,non_thinking,30,10,10,fisher_nearest,0.14084176617029004,higher,0.14084176617029004
Gemma4-E4B,non_thinking,30,10,10,min_bhattacharyya,3.2617428302764893,higher,3.2617428302764893
Gemma4-E4B,non_thinking,30,10,10,mean_bhattacharyya,19.00443066491021,higher,19.00443066491021
Gemma4-E4B,non_thinking,30,10,10,nc2_class_cosine_deviation,0.6071530965007381,lower,-0.6071530965007381
Gemma4-E4B,native_thinking,30,1,10,logistic_precision,1.0,higher,1.0
Gemma4-E4B,native_thinking,30,1,10,logistic_recall,0.7,higher,0.7
Gemma4-E4B,native_thinking,30,1,10,logistic_f1,0.8235294117647058,higher,0.8235294117647058
Gemma4-E4B,native_thinking,30,1,10,ncc_recall,0.7,higher,0.7
Gemma4-E4B,native_thinking,30,1,10,silhouette_cosine,0.02922544814646244,higher,0.02922544814646244
Gemma4-E4B,native_thinking,30,1,10,within_trace,2042.6656494140625,lower,-2042.6656494140625
Gemma4-E4B,native_thinking,30,1,10,class_nc1_ratio,2.354385957901073,lower,-2.354385957901073
Gemma4-E4B,native_thinking,30,1,10,centroid_nearest_squared,1387.018310546875,higher,1387.018310546875
Gemma4-E4B,native_thinking,30,1,10,fisher_nearest,0.6790236625092023,higher,0.6790236625092023
Gemma4-E4B,native_thinking,30,1,10,min_bhattacharyya,5.25065016746521,higher,5.25065016746521
Gemma4-E4B,native_thinking,30,1,10,mean_bhattacharyya,10.263036012649536,higher,10.263036012649536
Gemma4-E4B,native_thinking,30,1,10,nc2_class_cosine_deviation,0.3130597965216931,lower,-0.3130597965216931
Gemma4-E4B,native_thinking,30,2,7,logistic_precision,0.875,higher,0.875
Gemma4-E4B,native_thinking,30,2,7,logistic_recall,1.0,higher,1.0
Gemma4-E4B,native_thinking,30,2,7,logistic_f1,0.9333333333333333,higher,0.9333333333333333
Gemma4-E4B,native_thinking,30,2,7,ncc_recall,0.7142857142857143,higher,0.7142857142857143
Gemma4-E4B,native_thinking,30,2,7,silhouette_cosine,-0.12098885327577591,higher,-0.12098885327577591
Gemma4-E4B,native_thinking,30,2,7,within_trace,1187.7470703125,lower,-1187.7470703125
Gemma4-E4B,native_thinking,30,2,7,class_nc1_ratio,3.5249380714206233,lower,-3.5249380714206233
Gemma4-E4B,native_thinking,30,2,7,centroid_nearest_squared,103.1967544555664,higher,103.1967544555664
Gemma4-E4B,native_thinking,30,2,7,fisher_nearest,0.08688445295715612,higher,0.08688445295715612
Gemma4-E4B,native_thinking,30,2,7,min_bhattacharyya,2.4594686031341553,higher,2.4594686031341553
Gemma4-E4B,native_thinking,30,2,7,mean_bhattacharyya,7.264315313763088,higher,7.264315313763088
Gemma4-E4B,native_thinking,30,2,7,nc2_class_cosine_deviation,0.4766197578038699,lower,-0.4766197578038699
Gemma4-E4B,native_thinking,30,3,7,logistic_precision,0.75,higher,0.75
Gemma4-E4B,native_thinking,30,3,7,logistic_recall,0.42857142857142855,higher,0.42857142857142855
Gemma4-E4B,native_thinking,30,3,7,logistic_f1,0.5454545454545454,higher,0.5454545454545454
Gemma4-E4B,native_thinking,30,3,7,ncc_recall,0.14285714285714285,higher,0.14285714285714285
Gemma4-E4B,native_thinking,30,3,7,silhouette_cosine,-0.18388667702674866,higher,-0.18388667702674866
Gemma4-E4B,native_thinking,30,3,7,within_trace,1158.431640625,lower,-1158.431640625
Gemma4-E4B,native_thinking,30,3,7,class_nc1_ratio,4.67173036325401,lower,-4.67173036325401
Gemma4-E4B,native_thinking,30,3,7,centroid_nearest_squared,51.20836639404297,higher,51.20836639404297
Gemma4-E4B,native_thinking,30,3,7,fisher_nearest,0.04420490998192599,higher,0.04420490998192599
Gemma4-E4B,native_thinking,30,3,7,min_bhattacharyya,1.4973362684249878,higher,1.4973362684249878
Gemma4-E4B,native_thinking,30,3,7,mean_bhattacharyya,5.959854589568244,higher,5.959854589568244
Gemma4-E4B,native_thinking,30,3,7,nc2_class_cosine_deviation,0.5414956171571473,lower,-0.5414956171571473
Gemma4-E4B,native_thinking,30,4,7,logistic_precision,0.3076923076923077,higher,0.3076923076923077
Gemma4-E4B,native_thinking,30,4,7,logistic_recall,0.5714285714285714,higher,0.5714285714285714
Gemma4-E4B,native_thinking,30,4,7,logistic_f1,0.4,higher,0.4
Gemma4-E4B,native_thinking,30,4,7,ncc_recall,0.5714285714285714,higher,0.5714285714285714
Gemma4-E4B,native_thinking,30,4,7,silhouette_cosine,-0.12143756449222565,higher,-0.12143756449222565
Gemma4-E4B,native_thinking,30,4,7,within_trace,1147.08056640625,lower,-1147.08056640625
Gemma4-E4B,native_thinking,30,4,7,class_nc1_ratio,3.793147600769537,lower,-3.793147600769537
Gemma4-E4B,native_thinking,30,4,7,centroid_nearest_squared,51.20836639404297,higher,51.20836639404297
Gemma4-E4B,native_thinking,30,4,7,fisher_nearest,0.04464234500500379,higher,0.04464234500500379
Gemma4-E4B,native_thinking,30,4,7,min_bhattacharyya,1.4973362684249878,higher,1.4973362684249878
Gemma4-E4B,native_thinking,30,4,7,mean_bhattacharyya,6.242918809254964,higher,6.242918809254964
Gemma4-E4B,native_thinking,30,4,7,nc2_class_cosine_deviation,0.5098467594311562,lower,-0.5098467594311562
Gemma4-E4B,native_thinking,30,5,7,logistic_precision,0.5,higher,0.5
Gemma4-E4B,native_thinking,30,5,7,logistic_recall,0.2857142857142857,higher,0.2857142857142857
Gemma4-E4B,native_thinking,30,5,7,logistic_f1,0.36363636363636365,higher,0.36363636363636365
Gemma4-E4B,native_thinking,30,5,7,ncc_recall,0.2857142857142857,higher,0.2857142857142857
Gemma4-E4B,native_thinking,30,5,7,silhouette_cosine,-0.2224208265542984,higher,-0.2224208265542984
Gemma4-E4B,native_thinking,30,5,7,within_trace,1431.63720703125,lower,-1431.63720703125
Gemma4-E4B,native_thinking,30,5,7,class_nc1_ratio,8.804925455656678,lower,-8.804925455656678
Gemma4-E4B,native_thinking,30,5,7,centroid_nearest_squared,56.22181701660156,higher,56.22181701660156
Gemma4-E4B,native_thinking,30,5,7,fisher_nearest,0.039270994593097595,higher,0.039270994593097595
Gemma4-E4B,native_thinking,30,5,7,min_bhattacharyya,1.5415847301483154,higher,1.5415847301483154
Gemma4-E4B,native_thinking,30,5,7,mean_bhattacharyya,4.8906169003910485,higher,4.8906169003910485
Gemma4-E4B,native_thinking,30,5,7,nc2_class_cosine_deviation,0.46262693975442726,lower,-0.46262693975442726
Gemma4-E4B,native_thinking,30,6,7,logistic_precision,0.2222222222222222,higher,0.2222222222222222
Gemma4-E4B,native_thinking,30,6,7,logistic_recall,0.2857142857142857,higher,0.2857142857142857
Gemma4-E4B,native_thinking,30,6,7,logistic_f1,0.25,higher,0.25
Gemma4-E4B,native_thinking,30,6,7,ncc_recall,0.2857142857142857,higher,0.2857142857142857
Gemma4-E4B,native_thinking,30,6,7,silhouette_cosine,-0.2246680110692978,higher,-0.2246680110692978
Gemma4-E4B,native_thinking,30,6,7,within_trace,1413.6485595703125,lower,-1413.6485595703125
Gemma4-E4B,native_thinking,30,6,7,class_nc1_ratio,7.424953258141931,lower,-7.424953258141931
Gemma4-E4B,native_thinking,30,6,7,centroid_nearest_squared,56.22181701660156,higher,56.22181701660156
Gemma4-E4B,native_thinking,30,6,7,fisher_nearest,0.03977071715313072,higher,0.03977071715313072
Gemma4-E4B,native_thinking,30,6,7,min_bhattacharyya,1.5415847301483154,higher,1.5415847301483154
Gemma4-E4B,native_thinking,30,6,7,mean_bhattacharyya,4.763555705547333,higher,4.763555705547333
Gemma4-E4B,native_thinking,30,6,7,nc2_class_cosine_deviation,0.4729543401871199,lower,-0.4729543401871199
Gemma4-E4B,native_thinking,30,7,7,logistic_precision,0.5,higher,0.5
Gemma4-E4B,native_thinking,30,7,7,logistic_recall,0.14285714285714285,higher,0.14285714285714285
Gemma4-E4B,native_thinking,30,7,7,logistic_f1,0.2222222222222222,higher,0.2222222222222222
Gemma4-E4B,native_thinking,30,7,7,ncc_recall,0.2857142857142857,higher,0.2857142857142857
Gemma4-E4B,native_thinking,30,7,7,silhouette_cosine,-0.1764759123325348,higher,-0.1764759123325348
Gemma4-E4B,native_thinking,30,7,7,within_trace,1545.177978515625,lower,-1545.177978515625
Gemma4-E4B,native_thinking,30,7,7,class_nc1_ratio,4.373063526621733,lower,-4.373063526621733
Gemma4-E4B,native_thinking,30,7,7,centroid_nearest_squared,236.3649139404297,higher,236.3649139404297
Gemma4-E4B,native_thinking,30,7,7,fisher_nearest,0.15296937778487732,higher,0.15296937778487732
Gemma4-E4B,native_thinking,30,7,7,min_bhattacharyya,2.0980727076530457,higher,2.0980727076530457
Gemma4-E4B,native_thinking,30,7,7,mean_bhattacharyya,5.143980469968584,higher,5.143980469968584
Gemma4-E4B,native_thinking,30,7,7,nc2_class_cosine_deviation,0.41020324918223017,lower,-0.41020324918223017
Gemma4-E4B,native_thinking,30,8,7,logistic_precision,0.6,higher,0.6
Gemma4-E4B,native_thinking,30,8,7,logistic_recall,0.42857142857142855,higher,0.42857142857142855
Gemma4-E4B,native_thinking,30,8,7,logistic_f1,0.5,higher,0.5
Gemma4-E4B,native_thinking,30,8,7,ncc_recall,0.14285714285714285,higher,0.14285714285714285
Gemma4-E4B,native_thinking,30,8,7,silhouette_cosine,-0.25813212990760803,higher,-0.25813212990760803
Gemma4-E4B,native_thinking,30,8,7,within_trace,2000.801025390625,lower,-2000.801025390625
Gemma4-E4B,native_thinking,30,8,7,class_nc1_ratio,4.391568719468272,lower,-4.391568719468272
Gemma4-E4B,native_thinking,30,8,7,centroid_nearest_squared,242.95245361328125,higher,242.95245361328125
Gemma4-E4B,native_thinking,30,8,7,fisher_nearest,0.12142759351387707,higher,0.12142759351387707
Gemma4-E4B,native_thinking,30,8,7,min_bhattacharyya,2.3134884238243103,higher,2.3134884238243103
Gemma4-E4B,native_thinking,30,8,7,mean_bhattacharyya,5.023777180247837,higher,5.023777180247837
Gemma4-E4B,native_thinking,30,8,7,nc2_class_cosine_deviation,0.4331139933179926,lower,-0.4331139933179926
Gemma4-E4B,native_thinking,30,9,5,logistic_precision,0.4,higher,0.4
Gemma4-E4B,native_thinking,30,9,5,logistic_recall,0.4,higher,0.4
Gemma4-E4B,native_thinking,30,9,5,logistic_f1,0.4,higher,0.4
Gemma4-E4B,native_thinking,30,9,5,ncc_recall,0.6,higher,0.6
Gemma4-E4B,native_thinking,30,9,5,silhouette_cosine,-0.2591843903064728,higher,-0.2591843903064728
Gemma4-E4B,native_thinking,30,9,5,within_trace,2216.10498046875,lower,-2216.10498046875
Gemma4-E4B,native_thinking,30,9,5,class_nc1_ratio,3.5920736666999002,lower,-3.5920736666999002
Gemma4-E4B,native_thinking,30,9,5,centroid_nearest_squared,242.95245361328125,higher,242.95245361328125
Gemma4-E4B,native_thinking,30,9,5,fisher_nearest,0.10963039014599932,higher,0.10963039014599932
Gemma4-E4B,native_thinking,30,9,5,min_bhattacharyya,2.3134884238243103,higher,2.3134884238243103
Gemma4-E4B,native_thinking,30,9,5,mean_bhattacharyya,5.907833768261804,higher,5.907833768261804
Gemma4-E4B,native_thinking,30,9,5,nc2_class_cosine_deviation,0.48536001734527545,lower,-0.48536001734527545
Gemma4-E4B,native_thinking,30,10,3,logistic_precision,0.2,higher,0.2
Gemma4-E4B,native_thinking,30,10,3,logistic_recall,0.6666666666666666,higher,0.6666666666666666
Gemma4-E4B,native_thinking,30,10,3,logistic_f1,0.3076923076923077,higher,0.3076923076923077
Gemma4-E4B,native_thinking,30,10,3,ncc_recall,0.6666666666666666,higher,0.6666666666666666
Gemma4-E4B,native_thinking,30,10,3,silhouette_cosine,0.009647260420024395,higher,0.009647260420024395
Gemma4-E4B,native_thinking,30,10,3,within_trace,1806.775146484375,lower,-1806.775146484375
Gemma4-E4B,native_thinking,30,10,3,class_nc1_ratio,1.130000547595356,lower,-1.130000547595356
Gemma4-E4B,native_thinking,30,10,3,centroid_nearest_squared,1378.5447998046875,higher,1378.5447998046875
Gemma4-E4B,native_thinking,30,10,3,fisher_nearest,0.7629863641234281,higher,0.7629863641234281
Gemma4-E4B,native_thinking,30,10,3,min_bhattacharyya,2.866908311843872,higher,2.866908311843872
Gemma4-E4B,native_thinking,30,10,3,mean_bhattacharyya,7.994421614540948,higher,7.994421614540948
Gemma4-E4B,native_thinking,30,10,3,nc2_class_cosine_deviation,0.40226912939990006,lower,-0.40226912939990006
Gemma4-E4B,non_thinking,31,1,10,logistic_precision,1.0,higher,1.0
Gemma4-E4B,non_thinking,31,1,10,logistic_recall,1.0,higher,1.0
Gemma4-E4B,non_thinking,31,1,10,logistic_f1,1.0,higher,1.0
Gemma4-E4B,non_thinking,31,1,10,ncc_recall,1.0,higher,1.0
Gemma4-E4B,non_thinking,31,1,10,silhouette_cosine,0.9235639572143555,higher,0.9235639572143555
Gemma4-E4B,non_thinking,31,1,10,within_trace,213.96353149414062,lower,-213.96353149414062
Gemma4-E4B,non_thinking,31,1,10,class_nc1_ratio,0.06580291208634162,lower,-0.06580291208634162
Gemma4-E4B,non_thinking,31,1,10,centroid_nearest_squared,3066.516357421875,higher,3066.516357421875
Gemma4-E4B,non_thinking,31,1,10,fisher_nearest,14.331958049149376,higher,14.331958049149376
Gemma4-E4B,non_thinking,31,1,10,min_bhattacharyya,52.44786834716797,higher,52.44786834716797
Gemma4-E4B,non_thinking,31,1,10,mean_bhattacharyya,92.24177254570856,higher,92.24177254570856
Gemma4-E4B,non_thinking,31,1,10,nc2_class_cosine_deviation,0.5019184746492056,lower,-0.5019184746492056
Gemma4-E4B,non_thinking,31,2,10,logistic_precision,0.5294117647058824,higher,0.5294117647058824
Gemma4-E4B,non_thinking,31,2,10,logistic_recall,0.9,higher,0.9
Gemma4-E4B,non_thinking,31,2,10,logistic_f1,0.6666666666666666,higher,0.6666666666666666
Gemma4-E4B,non_thinking,31,2,10,ncc_recall,0.7,higher,0.7
Gemma4-E4B,non_thinking,31,2,10,silhouette_cosine,0.01487460732460022,higher,0.01487460732460022
Gemma4-E4B,non_thinking,31,2,10,within_trace,721.280029296875,lower,-721.280029296875
Gemma4-E4B,non_thinking,31,2,10,class_nc1_ratio,2.271713247811981,lower,-2.271713247811981
Gemma4-E4B,non_thinking,31,2,10,centroid_nearest_squared,255.500244140625,higher,255.500244140625
Gemma4-E4B,non_thinking,31,2,10,fisher_nearest,0.35423169055393666,higher,0.35423169055393666
Gemma4-E4B,non_thinking,31,2,10,min_bhattacharyya,3.6058355569839478,higher,3.6058355569839478
Gemma4-E4B,non_thinking,31,2,10,mean_bhattacharyya,13.100199871593052,higher,13.100199871593052
Gemma4-E4B,non_thinking,31,2,10,nc2_class_cosine_deviation,0.36586025532013106,lower,-0.36586025532013106
Gemma4-E4B,non_thinking,31,3,10,logistic_precision,0.35714285714285715,higher,0.35714285714285715
Gemma4-E4B,non_thinking,31,3,10,logistic_recall,0.5,higher,0.5
Gemma4-E4B,non_thinking,31,3,10,logistic_f1,0.4166666666666667,higher,0.4166666666666667
Gemma4-E4B,non_thinking,31,3,10,ncc_recall,0.4,higher,0.4
Gemma4-E4B,non_thinking,31,3,10,silhouette_cosine,-0.2001999318599701,higher,-0.2001999318599701
Gemma4-E4B,non_thinking,31,3,10,within_trace,978.8225708007812,lower,-978.8225708007812
Gemma4-E4B,non_thinking,31,3,10,class_nc1_ratio,9.607911761398155,lower,-9.607911761398155
Gemma4-E4B,non_thinking,31,3,10,centroid_nearest_squared,123.90782165527344,higher,123.90782165527344
Gemma4-E4B,non_thinking,31,3,10,fisher_nearest,0.12658864369453968,higher,0.12658864369453968
Gemma4-E4B,non_thinking,31,3,10,min_bhattacharyya,2.2921629548072815,higher,2.2921629548072815
Gemma4-E4B,non_thinking,31,3,10,mean_bhattacharyya,11.46837615304523,higher,11.46837615304523
Gemma4-E4B,non_thinking,31,3,10,nc2_class_cosine_deviation,0.20741304918479775,lower,-0.20741304918479775
Gemma4-E4B,non_thinking,31,4,10,logistic_precision,0.0,higher,0.0
Gemma4-E4B,non_thinking,31,4,10,logistic_recall,0.0,higher,0.0
Gemma4-E4B,non_thinking,31,4,10,logistic_f1,0.0,higher,0.0
Gemma4-E4B,non_thinking,31,4,10,ncc_recall,0.1,higher,0.1
Gemma4-E4B,non_thinking,31,4,10,silhouette_cosine,-0.22223977744579315,higher,-0.22223977744579315
Gemma4-E4B,non_thinking,31,4,10,within_trace,888.638427734375,lower,-888.638427734375
Gemma4-E4B,non_thinking,31,4,10,class_nc1_ratio,12.156171347628671,lower,-12.156171347628671
Gemma4-E4B,non_thinking,31,4,10,centroid_nearest_squared,117.31781768798828,higher,117.31781768798828
Gemma4-E4B,non_thinking,31,4,10,fisher_nearest,0.13201974394365942,higher,0.13201974394365942
Gemma4-E4B,non_thinking,31,4,10,min_bhattacharyya,2.2921629548072815,higher,2.2921629548072815
Gemma4-E4B,non_thinking,31,4,10,mean_bhattacharyya,12.700722250673506,higher,12.700722250673506
Gemma4-E4B,non_thinking,31,4,10,nc2_class_cosine_deviation,0.36521273207517324,lower,-0.36521273207517324
Gemma4-E4B,non_thinking,31,5,10,logistic_precision,0.0,higher,0.0
Gemma4-E4B,non_thinking,31,5,10,logistic_recall,0.0,higher,0.0
Gemma4-E4B,non_thinking,31,5,10,logistic_f1,0.0,higher,0.0
Gemma4-E4B,non_thinking,31,5,10,ncc_recall,0.1,higher,0.1
Gemma4-E4B,non_thinking,31,5,10,silhouette_cosine,-0.11191640049219131,higher,-0.11191640049219131
Gemma4-E4B,non_thinking,31,5,10,within_trace,744.5068359375,lower,-744.5068359375
Gemma4-E4B,non_thinking,31,5,10,class_nc1_ratio,4.810757979705575,lower,-4.810757979705575
Gemma4-E4B,non_thinking,31,5,10,centroid_nearest_squared,89.89582824707031,higher,89.89582824707031
Gemma4-E4B,non_thinking,31,5,10,fisher_nearest,0.12074547056894573,higher,0.12074547056894573
Gemma4-E4B,non_thinking,31,5,10,min_bhattacharyya,2.8372491598129272,higher,2.8372491598129272
Gemma4-E4B,non_thinking,31,5,10,mean_bhattacharyya,14.269561158286201,higher,14.269561158286201
Gemma4-E4B,non_thinking,31,5,10,nc2_class_cosine_deviation,0.5579267462462555,lower,-0.5579267462462555
Gemma4-E4B,non_thinking,31,6,10,logistic_precision,0.0,higher,0.0
Gemma4-E4B,non_thinking,31,6,10,logistic_recall,0.0,higher,0.0
Gemma4-E4B,non_thinking,31,6,10,logistic_f1,0.0,higher,0.0
Gemma4-E4B,non_thinking,31,6,10,ncc_recall,0.1,higher,0.1
Gemma4-E4B,non_thinking,31,6,10,silhouette_cosine,-0.275688111782074,higher,-0.275688111782074
Gemma4-E4B,non_thinking,31,6,10,within_trace,967.00439453125,lower,-967.00439453125
Gemma4-E4B,non_thinking,31,6,10,class_nc1_ratio,9.821571967181194,lower,-9.821571967181194
Gemma4-E4B,non_thinking,31,6,10,centroid_nearest_squared,151.46292114257812,higher,151.46292114257812
Gemma4-E4B,non_thinking,31,6,10,fisher_nearest,0.156631057727508,higher,0.156631057727508
Gemma4-E4B,non_thinking,31,6,10,min_bhattacharyya,3.486592411994934,higher,3.486592411994934
Gemma4-E4B,non_thinking,31,6,10,mean_bhattacharyya,9.72889773050944,higher,9.72889773050944
Gemma4-E4B,non_thinking,31,6,10,nc2_class_cosine_deviation,0.20419616601717325,lower,-0.20419616601717325
Gemma4-E4B,non_thinking,31,7,10,logistic_precision,0.18181818181818182,higher,0.18181818181818182
Gemma4-E4B,non_thinking,31,7,10,logistic_recall,0.2,higher,0.2
Gemma4-E4B,non_thinking,31,7,10,logistic_f1,0.19047619047619047,higher,0.19047619047619047
Gemma4-E4B,non_thinking,31,7,10,ncc_recall,0.0,higher,0.0
Gemma4-E4B,non_thinking,31,7,10,silhouette_cosine,-0.22595945000648499,higher,-0.22595945000648499
Gemma4-E4B,non_thinking,31,7,10,within_trace,832.3966064453125,lower,-832.3966064453125
Gemma4-E4B,non_thinking,31,7,10,class_nc1_ratio,8.617489890334959,lower,-8.617489890334959
Gemma4-E4B,non_thinking,31,7,10,centroid_nearest_squared,113.20916748046875,higher,113.20916748046875
Gemma4-E4B,non_thinking,31,7,10,fisher_nearest,0.13600387916514947,higher,0.13600387916514947
Gemma4-E4B,non_thinking,31,7,10,min_bhattacharyya,3.0039684772491455,higher,3.0039684772491455
Gemma4-E4B,non_thinking,31,7,10,mean_bhattacharyya,10.305854347017076,higher,10.305854347017076
Gemma4-E4B,non_thinking,31,7,10,nc2_class_cosine_deviation,0.4890211962945299,lower,-0.4890211962945299
Gemma4-E4B,non_thinking,31,8,10,logistic_precision,0.1111111111111111,higher,0.1111111111111111
Gemma4-E4B,non_thinking,31,8,10,logistic_recall,0.1,higher,0.1
Gemma4-E4B,non_thinking,31,8,10,logistic_f1,0.10526315789473684,higher,0.10526315789473684
Gemma4-E4B,non_thinking,31,8,10,ncc_recall,0.0,higher,0.0
Gemma4-E4B,non_thinking,31,8,10,silhouette_cosine,-0.1352110356092453,higher,-0.1352110356092453
Gemma4-E4B,non_thinking,31,8,10,within_trace,799.665283203125,lower,-799.665283203125
Gemma4-E4B,non_thinking,31,8,10,class_nc1_ratio,4.951885217468363,lower,-4.951885217468363
Gemma4-E4B,non_thinking,31,8,10,centroid_nearest_squared,84.94755554199219,higher,84.94755554199219
Gemma4-E4B,non_thinking,31,8,10,fisher_nearest,0.10622889016980676,higher,0.10622889016980676
Gemma4-E4B,non_thinking,31,8,10,min_bhattacharyya,3.0039684772491455,higher,3.0039684772491455
Gemma4-E4B,non_thinking,31,8,10,mean_bhattacharyya,15.153966148694357,higher,15.153966148694357
Gemma4-E4B,non_thinking,31,8,10,nc2_class_cosine_deviation,0.5623842655324641,lower,-0.5623842655324641
Gemma4-E4B,non_thinking,31,9,10,logistic_precision,0.125,higher,0.125
Gemma4-E4B,non_thinking,31,9,10,logistic_recall,0.2,higher,0.2
Gemma4-E4B,non_thinking,31,9,10,logistic_f1,0.15384615384615385,higher,0.15384615384615385
Gemma4-E4B,non_thinking,31,9,10,ncc_recall,0.3,higher,0.3
Gemma4-E4B,non_thinking,31,9,10,silhouette_cosine,-0.060942403972148895,higher,-0.060942403972148895
Gemma4-E4B,non_thinking,31,9,10,within_trace,562.8474731445312,lower,-562.8474731445312
Gemma4-E4B,non_thinking,31,9,10,class_nc1_ratio,2.4349531437131953,lower,-2.4349531437131953
Gemma4-E4B,non_thinking,31,9,10,centroid_nearest_squared,86.52552795410156,higher,86.52552795410156
Gemma4-E4B,non_thinking,31,9,10,fisher_nearest,0.15372819828202913,higher,0.15372819828202913
Gemma4-E4B,non_thinking,31,9,10,min_bhattacharyya,3.6765650510787964,higher,3.6765650510787964
Gemma4-E4B,non_thinking,31,9,10,mean_bhattacharyya,23.01889877849155,higher,23.01889877849155
Gemma4-E4B,non_thinking,31,9,10,nc2_class_cosine_deviation,0.5788885358675027,lower,-0.5788885358675027
Gemma4-E4B,non_thinking,31,10,10,logistic_precision,0.2,higher,0.2
Gemma4-E4B,non_thinking,31,10,10,logistic_recall,0.1,higher,0.1
Gemma4-E4B,non_thinking,31,10,10,logistic_f1,0.13333333333333333,higher,0.13333333333333333
Gemma4-E4B,non_thinking,31,10,10,ncc_recall,0.1,higher,0.1
Gemma4-E4B,non_thinking,31,10,10,silhouette_cosine,-0.06571246683597565,higher,-0.06571246683597565
Gemma4-E4B,non_thinking,31,10,10,within_trace,620.3170166015625,lower,-620.3170166015625
Gemma4-E4B,non_thinking,31,10,10,class_nc1_ratio,2.7610714262134715,lower,-2.7610714262134715
Gemma4-E4B,non_thinking,31,10,10,centroid_nearest_squared,84.94755554199219,higher,84.94755554199219
Gemma4-E4B,non_thinking,31,10,10,fisher_nearest,0.1369421654872239,higher,0.1369421654872239
Gemma4-E4B,non_thinking,31,10,10,min_bhattacharyya,3.073941946029663,higher,3.073941946029663
Gemma4-E4B,non_thinking,31,10,10,mean_bhattacharyya,18.263318578402203,higher,18.263318578402203
Gemma4-E4B,non_thinking,31,10,10,nc2_class_cosine_deviation,0.601248844170276,lower,-0.601248844170276
Gemma4-E4B,native_thinking,31,1,10,logistic_precision,1.0,higher,1.0
Gemma4-E4B,native_thinking,31,1,10,logistic_recall,0.8,higher,0.8
Gemma4-E4B,native_thinking,31,1,10,logistic_f1,0.8888888888888888,higher,0.8888888888888888
Gemma4-E4B,native_thinking,31,1,10,ncc_recall,0.7,higher,0.7
Gemma4-E4B,native_thinking,31,1,10,silhouette_cosine,0.020776087418198586,higher,0.020776087418198586
Gemma4-E4B,native_thinking,31,1,10,within_trace,2126.24169921875,lower,-2126.24169921875
Gemma4-E4B,native_thinking,31,1,10,class_nc1_ratio,2.3979348752775227,lower,-2.3979348752775227
Gemma4-E4B,native_thinking,31,1,10,centroid_nearest_squared,1409.4232177734375,higher,1409.4232177734375
Gemma4-E4B,native_thinking,31,1,10,fisher_nearest,0.6628706502611181,higher,0.6628706502611181
Gemma4-E4B,native_thinking,31,1,10,min_bhattacharyya,5.398218393325806,higher,5.398218393325806
Gemma4-E4B,native_thinking,31,1,10,mean_bhattacharyya,10.373255014419556,higher,10.373255014419556
Gemma4-E4B,native_thinking,31,1,10,nc2_class_cosine_deviation,0.32090995175602993,lower,-0.32090995175602993
Gemma4-E4B,native_thinking,31,2,7,logistic_precision,1.0,higher,1.0
Gemma4-E4B,native_thinking,31,2,7,logistic_recall,1.0,higher,1.0
Gemma4-E4B,native_thinking,31,2,7,logistic_f1,1.0,higher,1.0
Gemma4-E4B,native_thinking,31,2,7,ncc_recall,0.7142857142857143,higher,0.7142857142857143
Gemma4-E4B,native_thinking,31,2,7,silhouette_cosine,-0.11015104502439499,higher,-0.11015104502439499
Gemma4-E4B,native_thinking,31,2,7,within_trace,1159.13525390625,lower,-1159.13525390625
Gemma4-E4B,native_thinking,31,2,7,class_nc1_ratio,3.5738051565182167,lower,-3.5738051565182167
Gemma4-E4B,native_thinking,31,2,7,centroid_nearest_squared,122.98481750488281,higher,122.98481750488281
Gemma4-E4B,native_thinking,31,2,7,fisher_nearest,0.10610048921420324,higher,0.10610048921420324
Gemma4-E4B,native_thinking,31,2,7,min_bhattacharyya,2.4375568628311157,higher,2.4375568628311157
Gemma4-E4B,native_thinking,31,2,7,mean_bhattacharyya,7.015753070513408,higher,7.015753070513408
Gemma4-E4B,native_thinking,31,2,7,nc2_class_cosine_deviation,0.4520522464572648,lower,-0.4520522464572648
Gemma4-E4B,native_thinking,31,3,7,logistic_precision,0.75,higher,0.75
Gemma4-E4B,native_thinking,31,3,7,logistic_recall,0.42857142857142855,higher,0.42857142857142855
Gemma4-E4B,native_thinking,31,3,7,logistic_f1,0.5454545454545454,higher,0.5454545454545454
Gemma4-E4B,native_thinking,31,3,7,ncc_recall,0.14285714285714285,higher,0.14285714285714285
Gemma4-E4B,native_thinking,31,3,7,silhouette_cosine,-0.18051092326641083,higher,-0.18051092326641083
Gemma4-E4B,native_thinking,31,3,7,within_trace,1147.8182373046875,lower,-1147.8182373046875
Gemma4-E4B,native_thinking,31,3,7,class_nc1_ratio,4.626021692157015,lower,-4.626021692157015
Gemma4-E4B,native_thinking,31,3,7,centroid_nearest_squared,67.45497131347656,higher,67.45497131347656
Gemma4-E4B,native_thinking,31,3,7,fisher_nearest,0.05876799054166857,higher,0.05876799054166857
Gemma4-E4B,native_thinking,31,3,7,min_bhattacharyya,1.4732954502105713,higher,1.4732954502105713
Gemma4-E4B,native_thinking,31,3,7,mean_bhattacharyya,5.831619222958882,higher,5.831619222958882
Gemma4-E4B,native_thinking,31,3,7,nc2_class_cosine_deviation,0.5271806444650815,lower,-0.5271806444650815
Gemma4-E4B,native_thinking,31,4,7,logistic_precision,0.4166666666666667,higher,0.4166666666666667
Gemma4-E4B,native_thinking,31,4,7,logistic_recall,0.7142857142857143,higher,0.7142857142857143
Gemma4-E4B,native_thinking,31,4,7,logistic_f1,0.5263157894736842,higher,0.5263157894736842
Gemma4-E4B,native_thinking,31,4,7,ncc_recall,0.7142857142857143,higher,0.7142857142857143
Gemma4-E4B,native_thinking,31,4,7,silhouette_cosine,-0.11391299217939377,higher,-0.11391299217939377
Gemma4-E4B,native_thinking,31,4,7,within_trace,1150.594482421875,lower,-1150.594482421875
Gemma4-E4B,native_thinking,31,4,7,class_nc1_ratio,3.438483491433259,lower,-3.438483491433259
Gemma4-E4B,native_thinking,31,4,7,centroid_nearest_squared,67.45497131347656,higher,67.45497131347656
Gemma4-E4B,native_thinking,31,4,7,fisher_nearest,0.05862619049892474,higher,0.05862619049892474
Gemma4-E4B,native_thinking,31,4,7,min_bhattacharyya,1.4732954502105713,higher,1.4732954502105713
Gemma4-E4B,native_thinking,31,4,7,mean_bhattacharyya,6.037856313917372,higher,6.037856313917372
Gemma4-E4B,native_thinking,31,4,7,nc2_class_cosine_deviation,0.4741226427349044,lower,-0.4741226427349044
Gemma4-E4B,native_thinking,31,5,7,logistic_precision,0.2222222222222222,higher,0.2222222222222222
Gemma4-E4B,native_thinking,31,5,7,logistic_recall,0.2857142857142857,higher,0.2857142857142857
Gemma4-E4B,native_thinking,31,5,7,logistic_f1,0.25,higher,0.25
Gemma4-E4B,native_thinking,31,5,7,ncc_recall,0.42857142857142855,higher,0.42857142857142855
Gemma4-E4B,native_thinking,31,5,7,silhouette_cosine,-0.20152771472930908,higher,-0.20152771472930908
Gemma4-E4B,native_thinking,31,5,7,within_trace,1415.362060546875,lower,-1415.362060546875
Gemma4-E4B,native_thinking,31,5,7,class_nc1_ratio,7.781633455944479,lower,-7.781633455944479
Gemma4-E4B,native_thinking,31,5,7,centroid_nearest_squared,58.64196014404297,higher,58.64196014404297
Gemma4-E4B,native_thinking,31,5,7,fisher_nearest,0.041432479913573905,higher,0.041432479913573905
Gemma4-E4B,native_thinking,31,5,7,min_bhattacharyya,1.497946858406067,higher,1.497946858406067
Gemma4-E4B,native_thinking,31,5,7,mean_bhattacharyya,4.896683408154382,higher,4.896683408154382
Gemma4-E4B,native_thinking,31,5,7,nc2_class_cosine_deviation,0.45476036012908566,lower,-0.45476036012908566
Gemma4-E4B,native_thinking,31,6,7,logistic_precision,0.25,higher,0.25
Gemma4-E4B,native_thinking,31,6,7,logistic_recall,0.2857142857142857,higher,0.2857142857142857
Gemma4-E4B,native_thinking,31,6,7,logistic_f1,0.26666666666666666,higher,0.26666666666666666
Gemma4-E4B,native_thinking,31,6,7,ncc_recall,0.42857142857142855,higher,0.42857142857142855
Gemma4-E4B,native_thinking,31,6,7,silhouette_cosine,-0.22552981972694397,higher,-0.22552981972694397
Gemma4-E4B,native_thinking,31,6,7,within_trace,1382.9696044921875,lower,-1382.9696044921875
Gemma4-E4B,native_thinking,31,6,7,class_nc1_ratio,6.790877330954298,lower,-6.790877330954298
Gemma4-E4B,native_thinking,31,6,7,centroid_nearest_squared,58.64196014404297,higher,58.64196014404297
Gemma4-E4B,native_thinking,31,6,7,fisher_nearest,0.04240292769527332,higher,0.04240292769527332
Gemma4-E4B,native_thinking,31,6,7,min_bhattacharyya,1.497946858406067,higher,1.497946858406067
Gemma4-E4B,native_thinking,31,6,7,mean_bhattacharyya,4.822378310892317,higher,4.822378310892317
Gemma4-E4B,native_thinking,31,6,7,nc2_class_cosine_deviation,0.45870322228213894,lower,-0.45870322228213894
Gemma4-E4B,native_thinking,31,7,7,logistic_precision,0.0,higher,0.0
Gemma4-E4B,native_thinking,31,7,7,logistic_recall,0.0,higher,0.0
Gemma4-E4B,native_thinking,31,7,7,logistic_f1,0.0,higher,0.0
Gemma4-E4B,native_thinking,31,7,7,ncc_recall,0.42857142857142855,higher,0.42857142857142855
Gemma4-E4B,native_thinking,31,7,7,silhouette_cosine,-0.17142115533351898,higher,-0.17142115533351898
Gemma4-E4B,native_thinking,31,7,7,within_trace,1535.8116455078125,lower,-1535.8116455078125
Gemma4-E4B,native_thinking,31,7,7,class_nc1_ratio,4.336245611795838,lower,-4.336245611795838
Gemma4-E4B,native_thinking,31,7,7,centroid_nearest_squared,234.29806518554688,higher,234.29806518554688
Gemma4-E4B,native_thinking,31,7,7,fisher_nearest,0.15255651034478043,higher,0.15255651034478043
Gemma4-E4B,native_thinking,31,7,7,min_bhattacharyya,2.0235889554023743,higher,2.0235889554023743
Gemma4-E4B,native_thinking,31,7,7,mean_bhattacharyya,4.953531324863434,higher,4.953531324863434
Gemma4-E4B,native_thinking,31,7,7,nc2_class_cosine_deviation,0.41245118703371214,lower,-0.41245118703371214
Gemma4-E4B,native_thinking,31,8,7,logistic_precision,0.3333333333333333,higher,0.3333333333333333
Gemma4-E4B,native_thinking,31,8,7,logistic_recall,0.2857142857142857,higher,0.2857142857142857
Gemma4-E4B,native_thinking,31,8,7,logistic_f1,0.3076923076923077,higher,0.3076923076923077
Gemma4-E4B,native_thinking,31,8,7,ncc_recall,0.14285714285714285,higher,0.14285714285714285
Gemma4-E4B,native_thinking,31,8,7,silhouette_cosine,-0.28275105357170105,higher,-0.28275105357170105
Gemma4-E4B,native_thinking,31,8,7,within_trace,2133.09326171875,lower,-2133.09326171875
Gemma4-E4B,native_thinking,31,8,7,class_nc1_ratio,5.071261364335402,lower,-5.071261364335402
Gemma4-E4B,native_thinking,31,8,7,centroid_nearest_squared,202.7936553955078,higher,202.7936553955078
Gemma4-E4B,native_thinking,31,8,7,fisher_nearest,0.0950702245583514,higher,0.0950702245583514
Gemma4-E4B,native_thinking,31,8,7,min_bhattacharyya,1.9098963737487793,higher,1.9098963737487793
Gemma4-E4B,native_thinking,31,8,7,mean_bhattacharyya,5.01508088906606,higher,5.01508088906606
Gemma4-E4B,native_thinking,31,8,7,nc2_class_cosine_deviation,0.4216901190854885,lower,-0.4216901190854885
Gemma4-E4B,native_thinking,31,9,5,logistic_precision,0.2,higher,0.2
Gemma4-E4B,native_thinking,31,9,5,logistic_recall,0.2,higher,0.2
Gemma4-E4B,native_thinking,31,9,5,logistic_f1,0.2,higher,0.2
Gemma4-E4B,native_thinking,31,9,5,ncc_recall,0.6,higher,0.6
Gemma4-E4B,native_thinking,31,9,5,silhouette_cosine,-0.25743502378463745,higher,-0.25743502378463745
Gemma4-E4B,native_thinking,31,9,5,within_trace,2271.0439453125,lower,-2271.0439453125
Gemma4-E4B,native_thinking,31,9,5,class_nc1_ratio,3.8187626924625393,lower,-3.8187626924625393
Gemma4-E4B,native_thinking,31,9,5,centroid_nearest_squared,202.7936553955078,higher,202.7936553955078
Gemma4-E4B,native_thinking,31,9,5,fisher_nearest,0.08929534622792296,higher,0.08929534622792296
Gemma4-E4B,native_thinking,31,9,5,min_bhattacharyya,1.9098963737487793,higher,1.9098963737487793
Gemma4-E4B,native_thinking,31,9,5,mean_bhattacharyya,5.952260779009925,higher,5.952260779009925
Gemma4-E4B,native_thinking,31,9,5,nc2_class_cosine_deviation,0.48013749313943177,lower,-0.48013749313943177
Gemma4-E4B,native_thinking,31,10,3,logistic_precision,0.25,higher,0.25
Gemma4-E4B,native_thinking,31,10,3,logistic_recall,0.6666666666666666,higher,0.6666666666666666
Gemma4-E4B,native_thinking,31,10,3,logistic_f1,0.36363636363636365,higher,0.36363636363636365
Gemma4-E4B,native_thinking,31,10,3,ncc_recall,0.6666666666666666,higher,0.6666666666666666
Gemma4-E4B,native_thinking,31,10,3,silhouette_cosine,0.0037640780210494995,higher,0.0037640780210494995
Gemma4-E4B,native_thinking,31,10,3,within_trace,1802.65283203125,lower,-1802.65283203125
Gemma4-E4B,native_thinking,31,10,3,class_nc1_ratio,1.1356569204451248,lower,-1.1356569204451248
Gemma4-E4B,native_thinking,31,10,3,centroid_nearest_squared,1455.1268310546875,higher,1455.1268310546875
Gemma4-E4B,native_thinking,31,10,3,fisher_nearest,0.8072141264244618,higher,0.8072141264244618
Gemma4-E4B,native_thinking,31,10,3,min_bhattacharyya,2.9234225749969482,higher,2.9234225749969482
Gemma4-E4B,native_thinking,31,10,3,mean_bhattacharyya,7.340087016423543,higher,7.340087016423543
Gemma4-E4B,native_thinking,31,10,3,nc2_class_cosine_deviation,0.380976019082246,lower,-0.380976019082246
Gemma4-E4B,non_thinking,32,1,10,logistic_precision,0.9090909090909091,higher,0.9090909090909091
Gemma4-E4B,non_thinking,32,1,10,logistic_recall,1.0,higher,1.0
Gemma4-E4B,non_thinking,32,1,10,logistic_f1,0.9523809523809523,higher,0.9523809523809523
Gemma4-E4B,non_thinking,32,1,10,ncc_recall,1.0,higher,1.0
Gemma4-E4B,non_thinking,32,1,10,silhouette_cosine,0.9072351455688477,higher,0.9072351455688477
Gemma4-E4B,non_thinking,32,1,10,within_trace,245.00416564941406,lower,-245.00416564941406
Gemma4-E4B,non_thinking,32,1,10,class_nc1_ratio,0.08121477369182044,lower,-0.08121477369182044
Gemma4-E4B,non_thinking,32,1,10,centroid_nearest_squared,2862.06982421875,higher,2862.06982421875
Gemma4-E4B,non_thinking,32,1,10,fisher_nearest,11.681719029684567,higher,11.681719029684567
Gemma4-E4B,non_thinking,32,1,10,min_bhattacharyya,52.63871765136719,higher,52.63871765136719
Gemma4-E4B,non_thinking,32,1,10,mean_bhattacharyya,90.68652025858562,higher,90.68652025858562
Gemma4-E4B,non_thinking,32,1,10,nc2_class_cosine_deviation,0.4933718275508762,lower,-0.4933718275508762
Gemma4-E4B,non_thinking,32,2,10,logistic_precision,0.6923076923076923,higher,0.6923076923076923
Gemma4-E4B,non_thinking,32,2,10,logistic_recall,0.9,higher,0.9
Gemma4-E4B,non_thinking,32,2,10,logistic_f1,0.782608695652174,higher,0.782608695652174
Gemma4-E4B,non_thinking,32,2,10,ncc_recall,0.7,higher,0.7
Gemma4-E4B,non_thinking,32,2,10,silhouette_cosine,0.014697509817779064,higher,0.014697509817779064
Gemma4-E4B,non_thinking,32,2,10,within_trace,717.4959716796875,lower,-717.4959716796875
Gemma4-E4B,non_thinking,32,2,10,class_nc1_ratio,2.456456967651122,lower,-2.456456967651122
Gemma4-E4B,non_thinking,32,2,10,centroid_nearest_squared,233.20574951171875,higher,233.20574951171875
Gemma4-E4B,non_thinking,32,2,10,fisher_nearest,0.3250272596872907,higher,0.3250272596872907
Gemma4-E4B,non_thinking,32,2,10,min_bhattacharyya,3.749974012374878,higher,3.749974012374878
Gemma4-E4B,non_thinking,32,2,10,mean_bhattacharyya,12.789139721128675,higher,12.789139721128675
Gemma4-E4B,non_thinking,32,2,10,nc2_class_cosine_deviation,0.3778100320178279,lower,-0.3778100320178279
Gemma4-E4B,non_thinking,32,3,10,logistic_precision,0.35294117647058826,higher,0.35294117647058826
Gemma4-E4B,non_thinking,32,3,10,logistic_recall,0.6,higher,0.6
Gemma4-E4B,non_thinking,32,3,10,logistic_f1,0.4444444444444444,higher,0.4444444444444444
Gemma4-E4B,non_thinking,32,3,10,ncc_recall,0.3,higher,0.3
Gemma4-E4B,non_thinking,32,3,10,silhouette_cosine,-0.21141688525676727,higher,-0.21141688525676727
Gemma4-E4B,non_thinking,32,3,10,within_trace,1065.9241943359375,lower,-1065.9241943359375
Gemma4-E4B,non_thinking,32,3,10,class_nc1_ratio,11.366827095139607,lower,-11.366827095139607
Gemma4-E4B,non_thinking,32,3,10,centroid_nearest_squared,121.67638397216797,higher,121.67638397216797
Gemma4-E4B,non_thinking,32,3,10,fisher_nearest,0.1141510668570305,higher,0.1141510668570305
Gemma4-E4B,non_thinking,32,3,10,min_bhattacharyya,2.653992235660553,higher,2.653992235660553
Gemma4-E4B,non_thinking,32,3,10,mean_bhattacharyya,11.442955606513554,higher,11.442955606513554
Gemma4-E4B,non_thinking,32,3,10,nc2_class_cosine_deviation,0.19791756505951472,lower,-0.19791756505951472
Gemma4-E4B,non_thinking,32,4,10,logistic_precision,0.09090909090909091,higher,0.09090909090909091
Gemma4-E4B,non_thinking,32,4,10,logistic_recall,0.1,higher,0.1
Gemma4-E4B,non_thinking,32,4,10,logistic_f1,0.09523809523809523,higher,0.09523809523809523
Gemma4-E4B,non_thinking,32,4,10,ncc_recall,0.1,higher,0.1
Gemma4-E4B,non_thinking,32,4,10,silhouette_cosine,-0.2236311435699463,higher,-0.2236311435699463
Gemma4-E4B,non_thinking,32,4,10,within_trace,980.3543701171875,lower,-980.3543701171875
Gemma4-E4B,non_thinking,32,4,10,class_nc1_ratio,14.147522644374858,lower,-14.147522644374858
Gemma4-E4B,non_thinking,32,4,10,centroid_nearest_squared,108.87348175048828,higher,108.87348175048828
Gemma4-E4B,non_thinking,32,4,10,fisher_nearest,0.11105523172959794,higher,0.11105523172959794
Gemma4-E4B,non_thinking,32,4,10,min_bhattacharyya,2.653992235660553,higher,2.653992235660553
Gemma4-E4B,non_thinking,32,4,10,mean_bhattacharyya,12.458449913395775,higher,12.458449913395775
Gemma4-E4B,non_thinking,32,4,10,nc2_class_cosine_deviation,0.35497296198248224,lower,-0.35497296198248224
Gemma4-E4B,non_thinking,32,5,10,logistic_precision,0.0,higher,0.0
Gemma4-E4B,non_thinking,32,5,10,logistic_recall,0.0,higher,0.0
Gemma4-E4B,non_thinking,32,5,10,logistic_f1,0.0,higher,0.0
Gemma4-E4B,non_thinking,32,5,10,ncc_recall,0.2,higher,0.2
Gemma4-E4B,non_thinking,32,5,10,silhouette_cosine,-0.1341295689344406,higher,-0.1341295689344406
Gemma4-E4B,non_thinking,32,5,10,within_trace,829.7652587890625,lower,-829.7652587890625
Gemma4-E4B,non_thinking,32,5,10,class_nc1_ratio,5.820029520531866,lower,-5.820029520531866
Gemma4-E4B,non_thinking,32,5,10,centroid_nearest_squared,82.55052947998047,higher,82.55052947998047
Gemma4-E4B,non_thinking,32,5,10,fisher_nearest,0.09948660612816272,higher,0.09948660612816272
Gemma4-E4B,non_thinking,32,5,10,min_bhattacharyya,3.3995696306228638,higher,3.3995696306228638
Gemma4-E4B,non_thinking,32,5,10,mean_bhattacharyya,14.411129103766548,higher,14.411129103766548
Gemma4-E4B,non_thinking,32,5,10,nc2_class_cosine_deviation,0.5713764412075649,lower,-0.5713764412075649
Gemma4-E4B,non_thinking,32,6,10,logistic_precision,0.14285714285714285,higher,0.14285714285714285
Gemma4-E4B,non_thinking,32,6,10,logistic_recall,0.1,higher,0.1
Gemma4-E4B,non_thinking,32,6,10,logistic_f1,0.11764705882352941,higher,0.11764705882352941
Gemma4-E4B,non_thinking,32,6,10,ncc_recall,0.1,higher,0.1
Gemma4-E4B,non_thinking,32,6,10,silhouette_cosine,-0.2689692974090576,higher,-0.2689692974090576
Gemma4-E4B,non_thinking,32,6,10,within_trace,972.7310180664062,lower,-972.7310180664062
Gemma4-E4B,non_thinking,32,6,10,class_nc1_ratio,8.791544750320922,lower,-8.791544750320922
Gemma4-E4B,non_thinking,32,6,10,centroid_nearest_squared,170.12850952148438,higher,170.12850952148438
Gemma4-E4B,non_thinking,32,6,10,fisher_nearest,0.17489779431488228,higher,0.17489779431488228
Gemma4-E4B,non_thinking,32,6,10,min_bhattacharyya,3.506473183631897,higher,3.506473183631897
Gemma4-E4B,non_thinking,32,6,10,mean_bhattacharyya,9.832857251167297,higher,9.832857251167297
Gemma4-E4B,non_thinking,32,6,10,nc2_class_cosine_deviation,0.1731587302537612,lower,-0.1731587302537612
Gemma4-E4B,non_thinking,32,7,10,logistic_precision,0.16666666666666666,higher,0.16666666666666666
Gemma4-E4B,non_thinking,32,7,10,logistic_recall,0.1,higher,0.1
Gemma4-E4B,non_thinking,32,7,10,logistic_f1,0.125,higher,0.125
Gemma4-E4B,non_thinking,32,7,10,ncc_recall,0.1,higher,0.1
Gemma4-E4B,non_thinking,32,7,10,silhouette_cosine,-0.22890014946460724,higher,-0.22890014946460724
Gemma4-E4B,non_thinking,32,7,10,within_trace,849.8798828125,lower,-849.8798828125
Gemma4-E4B,non_thinking,32,7,10,class_nc1_ratio,8.993095133204337,lower,-8.993095133204337
Gemma4-E4B,non_thinking,32,7,10,centroid_nearest_squared,98.92971801757812,higher,98.92971801757812
Gemma4-E4B,non_thinking,32,7,10,fisher_nearest,0.1164043531542256,higher,0.1164043531542256
Gemma4-E4B,non_thinking,32,7,10,min_bhattacharyya,3.2260409593582153,higher,3.2260409593582153
Gemma4-E4B,non_thinking,32,7,10,mean_bhattacharyya,10.508677005767822,higher,10.508677005767822
Gemma4-E4B,non_thinking,32,7,10,nc2_class_cosine_deviation,0.5025555449595421,lower,-0.5025555449595421
Gemma4-E4B,non_thinking,32,8,10,logistic_precision,0.0,higher,0.0
Gemma4-E4B,non_thinking,32,8,10,logistic_recall,0.0,higher,0.0
Gemma4-E4B,non_thinking,32,8,10,logistic_f1,0.0,higher,0.0
Gemma4-E4B,non_thinking,32,8,10,ncc_recall,0.0,higher,0.0
Gemma4-E4B,non_thinking,32,8,10,silhouette_cosine,-0.14021483063697815,higher,-0.14021483063697815
Gemma4-E4B,non_thinking,32,8,10,within_trace,811.1283569335938,lower,-811.1283569335938
Gemma4-E4B,non_thinking,32,8,10,class_nc1_ratio,5.371424670023428,lower,-5.371424670023428
Gemma4-E4B,non_thinking,32,8,10,centroid_nearest_squared,77.02497100830078,higher,77.02497100830078
Gemma4-E4B,non_thinking,32,8,10,fisher_nearest,0.09496027398115825,higher,0.09496027398115825
Gemma4-E4B,non_thinking,32,8,10,min_bhattacharyya,3.2260409593582153,higher,3.2260409593582153
Gemma4-E4B,non_thinking,32,8,10,mean_bhattacharyya,15.467997603946262,higher,15.467997603946262
Gemma4-E4B,non_thinking,32,8,10,nc2_class_cosine_deviation,0.5480657016605507,lower,-0.5480657016605507
Gemma4-E4B,non_thinking,32,9,10,logistic_precision,0.125,higher,0.125
Gemma4-E4B,non_thinking,32,9,10,logistic_recall,0.3,higher,0.3
Gemma4-E4B,non_thinking,32,9,10,logistic_f1,0.17647058823529413,higher,0.17647058823529413
Gemma4-E4B,non_thinking,32,9,10,ncc_recall,0.2,higher,0.2
Gemma4-E4B,non_thinking,32,9,10,silhouette_cosine,-0.08853529393672943,higher,-0.08853529393672943
Gemma4-E4B,non_thinking,32,9,10,within_trace,638.923828125,lower,-638.923828125
Gemma4-E4B,non_thinking,32,9,10,class_nc1_ratio,2.9943883313178823,lower,-2.9943883313178823
Gemma4-E4B,non_thinking,32,9,10,centroid_nearest_squared,88.1754150390625,higher,88.1754150390625
Gemma4-E4B,non_thinking,32,9,10,fisher_nearest,0.138006145893516,higher,0.138006145893516
Gemma4-E4B,non_thinking,32,9,10,min_bhattacharyya,4.596575021743774,higher,4.596575021743774
Gemma4-E4B,non_thinking,32,9,10,mean_bhattacharyya,23.71925479835934,higher,23.71925479835934
Gemma4-E4B,non_thinking,32,9,10,nc2_class_cosine_deviation,0.5692135546310448,lower,-0.5692135546310448
Gemma4-E4B,non_thinking,32,10,10,logistic_precision,0.2,higher,0.2
Gemma4-E4B,non_thinking,32,10,10,logistic_recall,0.1,higher,0.1
Gemma4-E4B,non_thinking,32,10,10,logistic_f1,0.13333333333333333,higher,0.13333333333333333
Gemma4-E4B,non_thinking,32,10,10,ncc_recall,0.2,higher,0.2
Gemma4-E4B,non_thinking,32,10,10,silhouette_cosine,-0.07739473879337311,higher,-0.07739473879337311
Gemma4-E4B,non_thinking,32,10,10,within_trace,636.265869140625,lower,-636.265869140625
Gemma4-E4B,non_thinking,32,10,10,class_nc1_ratio,2.9711137021825564,lower,-2.9711137021825564
Gemma4-E4B,non_thinking,32,10,10,centroid_nearest_squared,77.02497100830078,higher,77.02497100830078
Gemma4-E4B,non_thinking,32,10,10,fisher_nearest,0.12105783878103482,higher,0.12105783878103482
Gemma4-E4B,non_thinking,32,10,10,min_bhattacharyya,3.774075984954834,higher,3.774075984954834
Gemma4-E4B,non_thinking,32,10,10,mean_bhattacharyya,19.082299457656013,higher,19.082299457656013
Gemma4-E4B,non_thinking,32,10,10,nc2_class_cosine_deviation,0.571605838375327,lower,-0.571605838375327
Gemma4-E4B,native_thinking,32,1,10,logistic_precision,1.0,higher,1.0
Gemma4-E4B,native_thinking,32,1,10,logistic_recall,0.8,higher,0.8
Gemma4-E4B,native_thinking,32,1,10,logistic_f1,0.8888888888888888,higher,0.8888888888888888
Gemma4-E4B,native_thinking,32,1,10,ncc_recall,0.6,higher,0.6
Gemma4-E4B,native_thinking,32,1,10,silhouette_cosine,-0.03779612109065056,higher,-0.03779612109065056
Gemma4-E4B,native_thinking,32,1,10,within_trace,2443.205078125,lower,-2443.205078125
Gemma4-E4B,native_thinking,32,1,10,class_nc1_ratio,3.0131063972202137,lower,-3.0131063972202137
Gemma4-E4B,native_thinking,32,1,10,centroid_nearest_squared,1319.4359130859375,higher,1319.4359130859375
Gemma4-E4B,native_thinking,32,1,10,fisher_nearest,0.5400430462834983,higher,0.5400430462834983
Gemma4-E4B,native_thinking,32,1,10,min_bhattacharyya,4.965448617935181,higher,4.965448617935181
Gemma4-E4B,native_thinking,32,1,10,mean_bhattacharyya,10.00149416923523,higher,10.00149416923523
Gemma4-E4B,native_thinking,32,1,10,nc2_class_cosine_deviation,0.32219476795490876,lower,-0.32219476795490876
Gemma4-E4B,native_thinking,32,2,7,logistic_precision,1.0,higher,1.0
Gemma4-E4B,native_thinking,32,2,7,logistic_recall,0.7142857142857143,higher,0.7142857142857143
Gemma4-E4B,native_thinking,32,2,7,logistic_f1,0.8333333333333334,higher,0.8333333333333334
Gemma4-E4B,native_thinking,32,2,7,ncc_recall,0.7142857142857143,higher,0.7142857142857143
Gemma4-E4B,native_thinking,32,2,7,silhouette_cosine,-0.13956741988658905,higher,-0.13956741988658905
Gemma4-E4B,native_thinking,32,2,7,within_trace,1222.602783203125,lower,-1222.602783203125
Gemma4-E4B,native_thinking,32,2,7,class_nc1_ratio,3.931613321371507,lower,-3.931613321371507
Gemma4-E4B,native_thinking,32,2,7,centroid_nearest_squared,100.58401489257812,higher,100.58401489257812
Gemma4-E4B,native_thinking,32,2,7,fisher_nearest,0.08227039581004042,higher,0.08227039581004042
Gemma4-E4B,native_thinking,32,2,7,min_bhattacharyya,2.265933394432068,higher,2.265933394432068
Gemma4-E4B,native_thinking,32,2,7,mean_bhattacharyya,6.91959469848209,higher,6.91959469848209
Gemma4-E4B,native_thinking,32,2,7,nc2_class_cosine_deviation,0.47619602672847705,lower,-0.47619602672847705
Gemma4-E4B,native_thinking,32,3,7,logistic_precision,0.4,higher,0.4
Gemma4-E4B,native_thinking,32,3,7,logistic_recall,0.2857142857142857,higher,0.2857142857142857
Gemma4-E4B,native_thinking,32,3,7,logistic_f1,0.3333333333333333,higher,0.3333333333333333
Gemma4-E4B,native_thinking,32,3,7,ncc_recall,0.14285714285714285,higher,0.14285714285714285
Gemma4-E4B,native_thinking,32,3,7,silhouette_cosine,-0.19782349467277527,higher,-0.19782349467277527
Gemma4-E4B,native_thinking,32,3,7,within_trace,1156.3662109375,lower,-1156.3662109375
Gemma4-E4B,native_thinking,32,3,7,class_nc1_ratio,4.960669339473576,lower,-4.960669339473576
Gemma4-E4B,native_thinking,32,3,7,centroid_nearest_squared,52.126495361328125,higher,52.126495361328125
Gemma4-E4B,native_thinking,32,3,7,fisher_nearest,0.04507784373867829,higher,0.04507784373867829
Gemma4-E4B,native_thinking,32,3,7,min_bhattacharyya,1.374295949935913,higher,1.374295949935913
Gemma4-E4B,native_thinking,32,3,7,mean_bhattacharyya,5.950058844354418,higher,5.950058844354418
Gemma4-E4B,native_thinking,32,3,7,nc2_class_cosine_deviation,0.5469348655070788,lower,-0.5469348655070788
Gemma4-E4B,native_thinking,32,4,7,logistic_precision,0.3125,higher,0.3125
Gemma4-E4B,native_thinking,32,4,7,logistic_recall,0.7142857142857143,higher,0.7142857142857143
Gemma4-E4B,native_thinking,32,4,7,logistic_f1,0.43478260869565216,higher,0.43478260869565216
Gemma4-E4B,native_thinking,32,4,7,ncc_recall,0.42857142857142855,higher,0.42857142857142855
Gemma4-E4B,native_thinking,32,4,7,silhouette_cosine,-0.13307902216911316,higher,-0.13307902216911316
Gemma4-E4B,native_thinking,32,4,7,within_trace,1130.362548828125,lower,-1130.362548828125
Gemma4-E4B,native_thinking,32,4,7,class_nc1_ratio,3.6518520000599075,lower,-3.6518520000599075
Gemma4-E4B,native_thinking,32,4,7,centroid_nearest_squared,52.126495361328125,higher,52.126495361328125
Gemma4-E4B,native_thinking,32,4,7,fisher_nearest,0.04611484644052385,higher,0.04611484644052385
Gemma4-E4B,native_thinking,32,4,7,min_bhattacharyya,1.374295949935913,higher,1.374295949935913
Gemma4-E4B,native_thinking,32,4,7,mean_bhattacharyya,6.254843208524916,higher,6.254843208524916
Gemma4-E4B,native_thinking,32,4,7,nc2_class_cosine_deviation,0.49807152078475486,lower,-0.49807152078475486
Gemma4-E4B,native_thinking,32,5,7,logistic_precision,0.1111111111111111,higher,0.1111111111111111
Gemma4-E4B,native_thinking,32,5,7,logistic_recall,0.14285714285714285,higher,0.14285714285714285
Gemma4-E4B,native_thinking,32,5,7,logistic_f1,0.125,higher,0.125
Gemma4-E4B,native_thinking,32,5,7,ncc_recall,0.2857142857142857,higher,0.2857142857142857
Gemma4-E4B,native_thinking,32,5,7,silhouette_cosine,-0.21091680228710175,higher,-0.21091680228710175
Gemma4-E4B,native_thinking,32,5,7,within_trace,1368.75,lower,-1368.75
Gemma4-E4B,native_thinking,32,5,7,class_nc1_ratio,7.952373175582502,lower,-7.952373175582502
Gemma4-E4B,native_thinking,32,5,7,centroid_nearest_squared,47.513206481933594,higher,47.513206481933594
Gemma4-E4B,native_thinking,32,5,7,fisher_nearest,0.03471284491830765,higher,0.03471284491830765
Gemma4-E4B,native_thinking,32,5,7,min_bhattacharyya,1.3954492807388306,higher,1.3954492807388306
Gemma4-E4B,native_thinking,32,5,7,mean_bhattacharyya,4.892696075969273,higher,4.892696075969273
Gemma4-E4B,native_thinking,32,5,7,nc2_class_cosine_deviation,0.4750991007428111,lower,-0.4750991007428111
Gemma4-E4B,native_thinking,32,6,7,logistic_precision,0.16666666666666666,higher,0.16666666666666666
Gemma4-E4B,native_thinking,32,6,7,logistic_recall,0.14285714285714285,higher,0.14285714285714285
Gemma4-E4B,native_thinking,32,6,7,logistic_f1,0.15384615384615385,higher,0.15384615384615385
Gemma4-E4B,native_thinking,32,6,7,ncc_recall,0.0,higher,0.0
Gemma4-E4B,native_thinking,32,6,7,silhouette_cosine,-0.23706404864788055,higher,-0.23706404864788055
Gemma4-E4B,native_thinking,32,6,7,within_trace,1331.5833740234375,lower,-1331.5833740234375
Gemma4-E4B,native_thinking,32,6,7,class_nc1_ratio,7.306621264677307,lower,-7.306621264677307
Gemma4-E4B,native_thinking,32,6,7,centroid_nearest_squared,47.513206481933594,higher,47.513206481933594
Gemma4-E4B,native_thinking,32,6,7,fisher_nearest,0.03568173605109709,higher,0.03568173605109709
Gemma4-E4B,native_thinking,32,6,7,min_bhattacharyya,1.3954492807388306,higher,1.3954492807388306
Gemma4-E4B,native_thinking,32,6,7,mean_bhattacharyya,4.845305687851376,higher,4.845305687851376
Gemma4-E4B,native_thinking,32,6,7,nc2_class_cosine_deviation,0.4870420685152949,lower,-0.4870420685152949
Gemma4-E4B,native_thinking,32,7,7,logistic_precision,0.5,higher,0.5
Gemma4-E4B,native_thinking,32,7,7,logistic_recall,0.14285714285714285,higher,0.14285714285714285
Gemma4-E4B,native_thinking,32,7,7,logistic_f1,0.2222222222222222,higher,0.2222222222222222
Gemma4-E4B,native_thinking,32,7,7,ncc_recall,0.2857142857142857,higher,0.2857142857142857
Gemma4-E4B,native_thinking,32,7,7,silhouette_cosine,-0.19441740214824677,higher,-0.19441740214824677
Gemma4-E4B,native_thinking,32,7,7,within_trace,1445.376953125,lower,-1445.376953125
Gemma4-E4B,native_thinking,32,7,7,class_nc1_ratio,4.610267317909416,lower,-4.610267317909416
Gemma4-E4B,native_thinking,32,7,7,centroid_nearest_squared,203.80545043945312,higher,203.80545043945312
Gemma4-E4B,native_thinking,32,7,7,fisher_nearest,0.14100505061936427,higher,0.14100505061936427
Gemma4-E4B,native_thinking,32,7,7,min_bhattacharyya,1.8880236744880676,higher,1.8880236744880676
Gemma4-E4B,native_thinking,32,7,7,mean_bhattacharyya,4.910879121886359,higher,4.910879121886359
Gemma4-E4B,native_thinking,32,7,7,nc2_class_cosine_deviation,0.4064443004720005,lower,-0.4064443004720005
Gemma4-E4B,native_thinking,32,8,7,logistic_precision,0.4,higher,0.4
Gemma4-E4B,native_thinking,32,8,7,logistic_recall,0.2857142857142857,higher,0.2857142857142857
Gemma4-E4B,native_thinking,32,8,7,logistic_f1,0.3333333333333333,higher,0.3333333333333333
Gemma4-E4B,native_thinking,32,8,7,ncc_recall,0.14285714285714285,higher,0.14285714285714285
Gemma4-E4B,native_thinking,32,8,7,silhouette_cosine,-0.29741886258125305,higher,-0.29741886258125305
Gemma4-E4B,native_thinking,32,8,7,within_trace,2147.4482421875,lower,-2147.4482421875
Gemma4-E4B,native_thinking,32,8,7,class_nc1_ratio,4.767581105323072,lower,-4.767581105323072
Gemma4-E4B,native_thinking,32,8,7,centroid_nearest_squared,182.390380859375,higher,182.390380859375
Gemma4-E4B,native_thinking,32,8,7,fisher_nearest,0.08493353985266852,higher,0.08493353985266852
Gemma4-E4B,native_thinking,32,8,7,min_bhattacharyya,1.672996163368225,higher,1.672996163368225
Gemma4-E4B,native_thinking,32,8,7,mean_bhattacharyya,5.184080064296722,higher,5.184080064296722
Gemma4-E4B,native_thinking,32,8,7,nc2_class_cosine_deviation,0.43198003813072483,lower,-0.43198003813072483
Gemma4-E4B,native_thinking,32,9,5,logistic_precision,0.2,higher,0.2
Gemma4-E4B,native_thinking,32,9,5,logistic_recall,0.2,higher,0.2
Gemma4-E4B,native_thinking,32,9,5,logistic_f1,0.2,higher,0.2
Gemma4-E4B,native_thinking,32,9,5,ncc_recall,0.8,higher,0.8
Gemma4-E4B,native_thinking,32,9,5,silhouette_cosine,-0.260566383600235,higher,-0.260566383600235
Gemma4-E4B,native_thinking,32,9,5,within_trace,2294.580078125,lower,-2294.580078125
Gemma4-E4B,native_thinking,32,9,5,class_nc1_ratio,3.908252944220109,lower,-3.908252944220109
Gemma4-E4B,native_thinking,32,9,5,centroid_nearest_squared,182.390380859375,higher,182.390380859375
Gemma4-E4B,native_thinking,32,9,5,fisher_nearest,0.07948747685825548,higher,0.07948747685825548
Gemma4-E4B,native_thinking,32,9,5,min_bhattacharyya,1.672996163368225,higher,1.672996163368225
Gemma4-E4B,native_thinking,32,9,5,mean_bhattacharyya,6.2577919827567206,higher,6.2577919827567206
Gemma4-E4B,native_thinking,32,9,5,nc2_class_cosine_deviation,0.4959838300207514,lower,-0.4959838300207514
Gemma4-E4B,native_thinking,32,10,3,logistic_precision,0.3333333333333333,higher,0.3333333333333333
Gemma4-E4B,native_thinking,32,10,3,logistic_recall,0.6666666666666666,higher,0.6666666666666666
Gemma4-E4B,native_thinking,32,10,3,logistic_f1,0.4444444444444444,higher,0.4444444444444444
Gemma4-E4B,native_thinking,32,10,3,ncc_recall,0.6666666666666666,higher,0.6666666666666666
Gemma4-E4B,native_thinking,32,10,3,silhouette_cosine,0.05353601276874542,higher,0.05353601276874542
Gemma4-E4B,native_thinking,32,10,3,within_trace,1823.28515625,lower,-1823.28515625
Gemma4-E4B,native_thinking,32,10,3,class_nc1_ratio,1.0267268786667163,lower,-1.0267268786667163
Gemma4-E4B,native_thinking,32,10,3,centroid_nearest_squared,1573.54150390625,higher,1573.54150390625
Gemma4-E4B,native_thinking,32,10,3,fisher_nearest,0.8630254562827657,higher,0.8630254562827657
Gemma4-E4B,native_thinking,32,10,3,min_bhattacharyya,2.941787362098694,higher,2.941787362098694
Gemma4-E4B,native_thinking,32,10,3,mean_bhattacharyya,7.414443612098694,higher,7.414443612098694
Gemma4-E4B,native_thinking,32,10,3,nc2_class_cosine_deviation,0.3890903338238045,lower,-0.3890903338238045
Gemma4-E4B,non_thinking,33,1,10,logistic_precision,1.0,higher,1.0
Gemma4-E4B,non_thinking,33,1,10,logistic_recall,1.0,higher,1.0
Gemma4-E4B,non_thinking,33,1,10,logistic_f1,1.0,higher,1.0
Gemma4-E4B,non_thinking,33,1,10,ncc_recall,1.0,higher,1.0
Gemma4-E4B,non_thinking,33,1,10,silhouette_cosine,0.8924834132194519,higher,0.8924834132194519
Gemma4-E4B,non_thinking,33,1,10,within_trace,314.306884765625,lower,-314.306884765625
Gemma4-E4B,non_thinking,33,1,10,class_nc1_ratio,0.0974809429038859,lower,-0.0974809429038859
Gemma4-E4B,non_thinking,33,1,10,centroid_nearest_squared,3063.535888671875,higher,3063.535888671875
Gemma4-E4B,non_thinking,33,1,10,fisher_nearest,9.746957630140104,higher,9.746957630140104
Gemma4-E4B,non_thinking,33,1,10,min_bhattacharyya,58.07375717163086,higher,58.07375717163086
Gemma4-E4B,non_thinking,33,1,10,mean_bhattacharyya,92.66452662150066,higher,92.66452662150066
Gemma4-E4B,non_thinking,33,1,10,nc2_class_cosine_deviation,0.5011316618801634,lower,-0.5011316618801634
Gemma4-E4B,non_thinking,33,2,10,logistic_precision,0.5333333333333333,higher,0.5333333333333333
Gemma4-E4B,non_thinking,33,2,10,logistic_recall,0.8,higher,0.8
Gemma4-E4B,non_thinking,33,2,10,logistic_f1,0.64,higher,0.64
Gemma4-E4B,non_thinking,33,2,10,ncc_recall,0.7,higher,0.7
Gemma4-E4B,non_thinking,33,2,10,silhouette_cosine,0.0009710201993584633,higher,0.0009710201993584633
Gemma4-E4B,non_thinking,33,2,10,within_trace,769.2777099609375,lower,-769.2777099609375
Gemma4-E4B,non_thinking,33,2,10,class_nc1_ratio,2.657863149714967,lower,-2.657863149714967
Gemma4-E4B,non_thinking,33,2,10,centroid_nearest_squared,224.55514526367188,higher,224.55514526367188
Gemma4-E4B,non_thinking,33,2,10,fisher_nearest,0.2919038760073711,higher,0.2919038760073711
Gemma4-E4B,non_thinking,33,2,10,min_bhattacharyya,3.8547130823135376,higher,3.8547130823135376
Gemma4-E4B,non_thinking,33,2,10,mean_bhattacharyya,12.585646245214674,higher,12.585646245214674
Gemma4-E4B,non_thinking,33,2,10,nc2_class_cosine_deviation,0.3931918509396506,lower,-0.3931918509396506
Gemma4-E4B,non_thinking,33,3,10,logistic_precision,0.25,higher,0.25
Gemma4-E4B,non_thinking,33,3,10,logistic_recall,0.4,higher,0.4
Gemma4-E4B,non_thinking,33,3,10,logistic_f1,0.3076923076923077,higher,0.3076923076923077
Gemma4-E4B,non_thinking,33,3,10,ncc_recall,0.3,higher,0.3
Gemma4-E4B,non_thinking,33,3,10,silhouette_cosine,-0.2097627818584442,higher,-0.2097627818584442
Gemma4-E4B,non_thinking,33,3,10,within_trace,1087.115966796875,lower,-1087.115966796875
Gemma4-E4B,non_thinking,33,3,10,class_nc1_ratio,10.987437674865784,lower,-10.987437674865784
Gemma4-E4B,non_thinking,33,3,10,centroid_nearest_squared,116.06332397460938,higher,116.06332397460938
Gemma4-E4B,non_thinking,33,3,10,fisher_nearest,0.10676259710965641,higher,0.10676259710965641
Gemma4-E4B,non_thinking,33,3,10,min_bhattacharyya,2.581050753593445,higher,2.581050753593445
Gemma4-E4B,non_thinking,33,3,10,mean_bhattacharyya,11.9166053003735,higher,11.9166053003735
Gemma4-E4B,non_thinking,33,3,10,nc2_class_cosine_deviation,0.2144836516717426,lower,-0.2144836516717426
Gemma4-E4B,non_thinking,33,4,10,logistic_precision,0.14285714285714285,higher,0.14285714285714285
Gemma4-E4B,non_thinking,33,4,10,logistic_recall,0.1,higher,0.1
Gemma4-E4B,non_thinking,33,4,10,logistic_f1,0.11764705882352941,higher,0.11764705882352941
Gemma4-E4B,non_thinking,33,4,10,ncc_recall,0.1,higher,0.1
Gemma4-E4B,non_thinking,33,4,10,silhouette_cosine,-0.22849507629871368,higher,-0.22849507629871368
Gemma4-E4B,non_thinking,33,4,10,within_trace,1047.5936279296875,lower,-1047.5936279296875
Gemma4-E4B,non_thinking,33,4,10,class_nc1_ratio,15.567715963053532,lower,-15.567715963053532
Gemma4-E4B,non_thinking,33,4,10,centroid_nearest_squared,109.92845153808594,higher,109.92845153808594
Gemma4-E4B,non_thinking,33,4,10,fisher_nearest,0.10493424989166135,higher,0.10493424989166135
Gemma4-E4B,non_thinking,33,4,10,min_bhattacharyya,2.581050753593445,higher,2.581050753593445
Gemma4-E4B,non_thinking,33,4,10,mean_bhattacharyya,12.082230673895943,higher,12.082230673895943
Gemma4-E4B,non_thinking,33,4,10,nc2_class_cosine_deviation,0.3587472978749393,lower,-0.3587472978749393
Gemma4-E4B,non_thinking,33,5,10,logistic_precision,0.4,higher,0.4
Gemma4-E4B,non_thinking,33,5,10,logistic_recall,0.2,higher,0.2
Gemma4-E4B,non_thinking,33,5,10,logistic_f1,0.26666666666666666,higher,0.26666666666666666
Gemma4-E4B,non_thinking,33,5,10,ncc_recall,0.2,higher,0.2
Gemma4-E4B,non_thinking,33,5,10,silhouette_cosine,-0.15686991810798645,higher,-0.15686991810798645
Gemma4-E4B,non_thinking,33,5,10,within_trace,871.0057373046875,lower,-871.0057373046875
Gemma4-E4B,non_thinking,33,5,10,class_nc1_ratio,6.408675705590293,lower,-6.408675705590293
Gemma4-E4B,non_thinking,33,5,10,centroid_nearest_squared,83.76597595214844,higher,83.76597595214844
Gemma4-E4B,non_thinking,33,5,10,fisher_nearest,0.09617155474929572,higher,0.09617155474929572
Gemma4-E4B,non_thinking,33,5,10,min_bhattacharyya,3.429932475090027,higher,3.429932475090027
Gemma4-E4B,non_thinking,33,5,10,mean_bhattacharyya,14.675433821148342,higher,14.675433821148342
Gemma4-E4B,non_thinking,33,5,10,nc2_class_cosine_deviation,0.5695726059486422,lower,-0.5695726059486422
Gemma4-E4B,non_thinking,33,6,10,logistic_precision,0.2857142857142857,higher,0.2857142857142857
Gemma4-E4B,non_thinking,33,6,10,logistic_recall,0.2,higher,0.2
Gemma4-E4B,non_thinking,33,6,10,logistic_f1,0.23529411764705882,higher,0.23529411764705882
Gemma4-E4B,non_thinking,33,6,10,ncc_recall,0.2,higher,0.2
Gemma4-E4B,non_thinking,33,6,10,silhouette_cosine,-0.24965927004814148,higher,-0.24965927004814148
Gemma4-E4B,non_thinking,33,6,10,within_trace,1078.657470703125,lower,-1078.657470703125
Gemma4-E4B,non_thinking,33,6,10,class_nc1_ratio,8.466988119461217,lower,-8.466988119461217
Gemma4-E4B,non_thinking,33,6,10,centroid_nearest_squared,179.25811767578125,higher,179.25811767578125
Gemma4-E4B,non_thinking,33,6,10,fisher_nearest,0.16618632192750818,higher,0.16618632192750818
Gemma4-E4B,non_thinking,33,6,10,min_bhattacharyya,3.4559014439582825,higher,3.4559014439582825
Gemma4-E4B,non_thinking,33,6,10,mean_bhattacharyya,10.67165947622723,higher,10.67165947622723
Gemma4-E4B,non_thinking,33,6,10,nc2_class_cosine_deviation,0.18486614499735518,lower,-0.18486614499735518
Gemma4-E4B,non_thinking,33,7,10,logistic_precision,0.1111111111111111,higher,0.1111111111111111
Gemma4-E4B,non_thinking,33,7,10,logistic_recall,0.1,higher,0.1
Gemma4-E4B,non_thinking,33,7,10,logistic_f1,0.10526315789473684,higher,0.10526315789473684
Gemma4-E4B,non_thinking,33,7,10,ncc_recall,0.0,higher,0.0
Gemma4-E4B,non_thinking,33,7,10,silhouette_cosine,-0.23157060146331787,higher,-0.23157060146331787
Gemma4-E4B,non_thinking,33,7,10,within_trace,867.7778930664062,lower,-867.7778930664062
Gemma4-E4B,non_thinking,33,7,10,class_nc1_ratio,8.8774651044093,lower,-8.8774651044093
Gemma4-E4B,non_thinking,33,7,10,centroid_nearest_squared,89.22429656982422,higher,89.22429656982422
Gemma4-E4B,non_thinking,33,7,10,fisher_nearest,0.10281927816176388,higher,0.10281927816176388
Gemma4-E4B,non_thinking,33,7,10,min_bhattacharyya,3.0796927213668823,higher,3.0796927213668823
Gemma4-E4B,non_thinking,33,7,10,mean_bhattacharyya,10.09459357129203,higher,10.09459357129203
Gemma4-E4B,non_thinking,33,7,10,nc2_class_cosine_deviation,0.5336498680271576,lower,-0.5336498680271576
Gemma4-E4B,non_thinking,33,8,10,logistic_precision,0.2222222222222222,higher,0.2222222222222222
Gemma4-E4B,non_thinking,33,8,10,logistic_recall,0.2,higher,0.2
Gemma4-E4B,non_thinking,33,8,10,logistic_f1,0.21052631578947367,higher,0.21052631578947367
Gemma4-E4B,non_thinking,33,8,10,ncc_recall,0.0,higher,0.0
Gemma4-E4B,non_thinking,33,8,10,silhouette_cosine,-0.1407635509967804,higher,-0.1407635509967804
Gemma4-E4B,non_thinking,33,8,10,within_trace,817.721435546875,lower,-817.721435546875
Gemma4-E4B,non_thinking,33,8,10,class_nc1_ratio,4.980945218105634,lower,-4.980945218105634
Gemma4-E4B,non_thinking,33,8,10,centroid_nearest_squared,71.03179931640625,higher,71.03179931640625
Gemma4-E4B,non_thinking,33,8,10,fisher_nearest,0.08686552195968994,higher,0.08686552195968994
Gemma4-E4B,non_thinking,33,8,10,min_bhattacharyya,3.0796927213668823,higher,3.0796927213668823
Gemma4-E4B,non_thinking,33,8,10,mean_bhattacharyya,16.321475664774578,higher,16.321475664774578
Gemma4-E4B,non_thinking,33,8,10,nc2_class_cosine_deviation,0.5591061644624045,lower,-0.5591061644624045
Gemma4-E4B,non_thinking,33,9,10,logistic_precision,0.1875,higher,0.1875
Gemma4-E4B,non_thinking,33,9,10,logistic_recall,0.3,higher,0.3
Gemma4-E4B,non_thinking,33,9,10,logistic_f1,0.23076923076923078,higher,0.23076923076923078
Gemma4-E4B,non_thinking,33,9,10,ncc_recall,0.2,higher,0.2
Gemma4-E4B,non_thinking,33,9,10,silhouette_cosine,-0.10686292499303818,higher,-0.10686292499303818
Gemma4-E4B,non_thinking,33,9,10,within_trace,631.4710693359375,lower,-631.4710693359375
Gemma4-E4B,non_thinking,33,9,10,class_nc1_ratio,2.9512851617759828,lower,-2.9512851617759828
Gemma4-E4B,non_thinking,33,9,10,centroid_nearest_squared,75.87014770507812,higher,75.87014770507812
Gemma4-E4B,non_thinking,33,9,10,fisher_nearest,0.12014825601569376,higher,0.12014825601569376
Gemma4-E4B,non_thinking,33,9,10,min_bhattacharyya,4.351724624633789,higher,4.351724624633789
Gemma4-E4B,non_thinking,33,9,10,mean_bhattacharyya,24.204590280850727,higher,24.204590280850727
Gemma4-E4B,non_thinking,33,9,10,nc2_class_cosine_deviation,0.5871765708297859,lower,-0.5871765708297859
Gemma4-E4B,non_thinking,33,10,10,logistic_precision,0.16666666666666666,higher,0.16666666666666666
Gemma4-E4B,non_thinking,33,10,10,logistic_recall,0.1,higher,0.1
Gemma4-E4B,non_thinking,33,10,10,logistic_f1,0.125,higher,0.125
Gemma4-E4B,non_thinking,33,10,10,ncc_recall,0.1,higher,0.1
Gemma4-E4B,non_thinking,33,10,10,silhouette_cosine,-0.09765338897705078,higher,-0.09765338897705078
Gemma4-E4B,non_thinking,33,10,10,within_trace,652.3818359375,lower,-652.3818359375
Gemma4-E4B,non_thinking,33,10,10,class_nc1_ratio,2.8937160436795053,lower,-2.8937160436795053
Gemma4-E4B,non_thinking,33,10,10,centroid_nearest_squared,71.03179931640625,higher,71.03179931640625
Gemma4-E4B,non_thinking,33,10,10,fisher_nearest,0.10888071280269565,higher,0.10888071280269565
Gemma4-E4B,non_thinking,33,10,10,min_bhattacharyya,3.743612766265869,higher,3.743612766265869
Gemma4-E4B,non_thinking,33,10,10,mean_bhattacharyya,20.13877158694797,higher,20.13877158694797
Gemma4-E4B,non_thinking,33,10,10,nc2_class_cosine_deviation,0.5837971770469053,lower,-0.5837971770469053
Gemma4-E4B,native_thinking,33,1,10,logistic_precision,1.0,higher,1.0
Gemma4-E4B,native_thinking,33,1,10,logistic_recall,0.8,higher,0.8
Gemma4-E4B,native_thinking,33,1,10,logistic_f1,0.8888888888888888,higher,0.8888888888888888
Gemma4-E4B,native_thinking,33,1,10,ncc_recall,0.6,higher,0.6
Gemma4-E4B,native_thinking,33,1,10,silhouette_cosine,-0.0390712134540081,higher,-0.0390712134540081
Gemma4-E4B,native_thinking,33,1,10,within_trace,2455.24658203125,lower,-2455.24658203125
Gemma4-E4B,native_thinking,33,1,10,class_nc1_ratio,2.9233126869931594,lower,-2.9233126869931594
Gemma4-E4B,native_thinking,33,1,10,centroid_nearest_squared,1353.123291015625,higher,1353.123291015625
Gemma4-E4B,native_thinking,33,1,10,fisher_nearest,0.5511150289011594,higher,0.5511150289011594
Gemma4-E4B,native_thinking,33,1,10,min_bhattacharyya,4.906060218811035,higher,4.906060218811035
Gemma4-E4B,native_thinking,33,1,10,mean_bhattacharyya,10.361988200081719,higher,10.361988200081719
Gemma4-E4B,native_thinking,33,1,10,nc2_class_cosine_deviation,0.3264179710344768,lower,-0.3264179710344768
Gemma4-E4B,native_thinking,33,2,7,logistic_precision,0.75,higher,0.75
Gemma4-E4B,native_thinking,33,2,7,logistic_recall,0.8571428571428571,higher,0.8571428571428571
Gemma4-E4B,native_thinking,33,2,7,logistic_f1,0.8,higher,0.8
Gemma4-E4B,native_thinking,33,2,7,ncc_recall,0.7142857142857143,higher,0.7142857142857143
Gemma4-E4B,native_thinking,33,2,7,silhouette_cosine,-0.12785184383392334,higher,-0.12785184383392334
Gemma4-E4B,native_thinking,33,2,7,within_trace,1199.7420654296875,lower,-1199.7420654296875
Gemma4-E4B,native_thinking,33,2,7,class_nc1_ratio,3.778232492111807,lower,-3.778232492111807
Gemma4-E4B,native_thinking,33,2,7,centroid_nearest_squared,112.36083984375,higher,112.36083984375
Gemma4-E4B,native_thinking,33,2,7,fisher_nearest,0.09365416374186061,higher,0.09365416374186061
Gemma4-E4B,native_thinking,33,2,7,min_bhattacharyya,2.3494551181793213,higher,2.3494551181793213
Gemma4-E4B,native_thinking,33,2,7,mean_bhattacharyya,7.065252860387166,higher,7.065252860387166
Gemma4-E4B,native_thinking,33,2,7,nc2_class_cosine_deviation,0.4689537776105198,lower,-0.4689537776105198
Gemma4-E4B,native_thinking,33,3,7,logistic_precision,0.8,higher,0.8
Gemma4-E4B,native_thinking,33,3,7,logistic_recall,0.5714285714285714,higher,0.5714285714285714
Gemma4-E4B,native_thinking,33,3,7,logistic_f1,0.6666666666666666,higher,0.6666666666666666
Gemma4-E4B,native_thinking,33,3,7,ncc_recall,0.14285714285714285,higher,0.14285714285714285
Gemma4-E4B,native_thinking,33,3,7,silhouette_cosine,-0.18595965206623077,higher,-0.18595965206623077
Gemma4-E4B,native_thinking,33,3,7,within_trace,1133.05126953125,lower,-1133.05126953125
Gemma4-E4B,native_thinking,33,3,7,class_nc1_ratio,4.755072195959661,lower,-4.755072195959661
Gemma4-E4B,native_thinking,33,3,7,centroid_nearest_squared,70.82890319824219,higher,70.82890319824219
Gemma4-E4B,native_thinking,33,3,7,fisher_nearest,0.06251164894554553,higher,0.06251164894554553
Gemma4-E4B,native_thinking,33,3,7,min_bhattacharyya,1.6210212707519531,higher,1.6210212707519531
Gemma4-E4B,native_thinking,33,3,7,mean_bhattacharyya,6.084609336323208,higher,6.084609336323208
Gemma4-E4B,native_thinking,33,3,7,nc2_class_cosine_deviation,0.5333135451799558,lower,-0.5333135451799558
Gemma4-E4B,native_thinking,33,4,7,logistic_precision,0.23076923076923078,higher,0.23076923076923078
Gemma4-E4B,native_thinking,33,4,7,logistic_recall,0.42857142857142855,higher,0.42857142857142855
Gemma4-E4B,native_thinking,33,4,7,logistic_f1,0.3,higher,0.3
Gemma4-E4B,native_thinking,33,4,7,ncc_recall,0.7142857142857143,higher,0.7142857142857143
Gemma4-E4B,native_thinking,33,4,7,silhouette_cosine,-0.1366203874349594,higher,-0.1366203874349594
Gemma4-E4B,native_thinking,33,4,7,within_trace,1134.2996826171875,lower,-1134.2996826171875
Gemma4-E4B,native_thinking,33,4,7,class_nc1_ratio,3.590129395159221,lower,-3.590129395159221
Gemma4-E4B,native_thinking,33,4,7,centroid_nearest_squared,70.82890319824219,higher,70.82890319824219
Gemma4-E4B,native_thinking,33,4,7,fisher_nearest,0.0624428484673623,higher,0.0624428484673623
Gemma4-E4B,native_thinking,33,4,7,min_bhattacharyya,1.6210212707519531,higher,1.6210212707519531
Gemma4-E4B,native_thinking,33,4,7,mean_bhattacharyya,6.304190211825901,higher,6.304190211825901
Gemma4-E4B,native_thinking,33,4,7,nc2_class_cosine_deviation,0.4824012328445176,lower,-0.4824012328445176
Gemma4-E4B,native_thinking,33,5,7,logistic_precision,0.5714285714285714,higher,0.5714285714285714
Gemma4-E4B,native_thinking,33,5,7,logistic_recall,0.5714285714285714,higher,0.5714285714285714
Gemma4-E4B,native_thinking,33,5,7,logistic_f1,0.5714285714285714,higher,0.5714285714285714
Gemma4-E4B,native_thinking,33,5,7,ncc_recall,0.42857142857142855,higher,0.42857142857142855
Gemma4-E4B,native_thinking,33,5,7,silhouette_cosine,-0.20678400993347168,higher,-0.20678400993347168
Gemma4-E4B,native_thinking,33,5,7,within_trace,1354.580078125,lower,-1354.580078125
Gemma4-E4B,native_thinking,33,5,7,class_nc1_ratio,7.8501630635710695,lower,-7.8501630635710695
Gemma4-E4B,native_thinking,33,5,7,centroid_nearest_squared,57.31547546386719,higher,57.31547546386719
Gemma4-E4B,native_thinking,33,5,7,fisher_nearest,0.042312356714416514,higher,0.042312356714416514
Gemma4-E4B,native_thinking,33,5,7,min_bhattacharyya,1.5531383752822876,higher,1.5531383752822876
Gemma4-E4B,native_thinking,33,5,7,mean_bhattacharyya,4.961598098278046,higher,4.961598098278046
Gemma4-E4B,native_thinking,33,5,7,nc2_class_cosine_deviation,0.45826712655432433,lower,-0.45826712655432433
Gemma4-E4B,native_thinking,33,6,7,logistic_precision,0.5,higher,0.5
Gemma4-E4B,native_thinking,33,6,7,logistic_recall,0.42857142857142855,higher,0.42857142857142855
Gemma4-E4B,native_thinking,33,6,7,logistic_f1,0.46153846153846156,higher,0.46153846153846156
Gemma4-E4B,native_thinking,33,6,7,ncc_recall,0.0,higher,0.0
Gemma4-E4B,native_thinking,33,6,7,silhouette_cosine,-0.23249347507953644,higher,-0.23249347507953644
Gemma4-E4B,native_thinking,33,6,7,within_trace,1291.792724609375,lower,-1291.792724609375
Gemma4-E4B,native_thinking,33,6,7,class_nc1_ratio,7.093485880948734,lower,-7.093485880948734
Gemma4-E4B,native_thinking,33,6,7,centroid_nearest_squared,57.31547546386719,higher,57.31547546386719
Gemma4-E4B,native_thinking,33,6,7,fisher_nearest,0.04436894121787131,higher,0.04436894121787131
Gemma4-E4B,native_thinking,33,6,7,min_bhattacharyya,1.5531383752822876,higher,1.5531383752822876
Gemma4-E4B,native_thinking,33,6,7,mean_bhattacharyya,4.949047380023533,higher,4.949047380023533
Gemma4-E4B,native_thinking,33,6,7,nc2_class_cosine_deviation,0.4745311645078071,lower,-0.4745311645078071
Gemma4-E4B,native_thinking,33,7,7,logistic_precision,0.75,higher,0.75
Gemma4-E4B,native_thinking,33,7,7,logistic_recall,0.42857142857142855,higher,0.42857142857142855
Gemma4-E4B,native_thinking,33,7,7,logistic_f1,0.5454545454545454,higher,0.5454545454545454
Gemma4-E4B,native_thinking,33,7,7,ncc_recall,0.2857142857142857,higher,0.2857142857142857
Gemma4-E4B,native_thinking,33,7,7,silhouette_cosine,-0.1858905404806137,higher,-0.1858905404806137
Gemma4-E4B,native_thinking,33,7,7,within_trace,1447.4029541015625,lower,-1447.4029541015625
Gemma4-E4B,native_thinking,33,7,7,class_nc1_ratio,4.2761822460730645,lower,-4.2761822460730645
Gemma4-E4B,native_thinking,33,7,7,centroid_nearest_squared,219.654541015625,higher,219.654541015625
Gemma4-E4B,native_thinking,33,7,7,fisher_nearest,0.15175769843026873,higher,0.15175769843026873
Gemma4-E4B,native_thinking,33,7,7,min_bhattacharyya,1.9839290380477905,higher,1.9839290380477905
Gemma4-E4B,native_thinking,33,7,7,mean_bhattacharyya,4.916815784242418,higher,4.916815784242418
Gemma4-E4B,native_thinking,33,7,7,nc2_class_cosine_deviation,0.41913191900577074,lower,-0.41913191900577074
Gemma4-E4B,native_thinking,33,8,7,logistic_precision,0.4,higher,0.4
Gemma4-E4B,native_thinking,33,8,7,logistic_recall,0.2857142857142857,higher,0.2857142857142857
Gemma4-E4B,native_thinking,33,8,7,logistic_f1,0.3333333333333333,higher,0.3333333333333333
Gemma4-E4B,native_thinking,33,8,7,ncc_recall,0.14285714285714285,higher,0.14285714285714285
Gemma4-E4B,native_thinking,33,8,7,silhouette_cosine,-0.30632415413856506,higher,-0.30632415413856506
Gemma4-E4B,native_thinking,33,8,7,within_trace,2208.578125,lower,-2208.578125
Gemma4-E4B,native_thinking,33,8,7,class_nc1_ratio,4.892869410518618,lower,-4.892869410518618
Gemma4-E4B,native_thinking,33,8,7,centroid_nearest_squared,146.133056640625,higher,146.133056640625
Gemma4-E4B,native_thinking,33,8,7,fisher_nearest,0.06616612515829613,higher,0.06616612515829613
Gemma4-E4B,native_thinking,33,8,7,min_bhattacharyya,1.5568509101867676,higher,1.5568509101867676
Gemma4-E4B,native_thinking,33,8,7,mean_bhattacharyya,5.176915367444356,higher,5.176915367444356
Gemma4-E4B,native_thinking,33,8,7,nc2_class_cosine_deviation,0.42733979832243035,lower,-0.42733979832243035
Gemma4-E4B,native_thinking,33,9,5,logistic_precision,0.2,higher,0.2
Gemma4-E4B,native_thinking,33,9,5,logistic_recall,0.2,higher,0.2
Gemma4-E4B,native_thinking,33,9,5,logistic_f1,0.2,higher,0.2
Gemma4-E4B,native_thinking,33,9,5,ncc_recall,0.8,higher,0.8
Gemma4-E4B,native_thinking,33,9,5,silhouette_cosine,-0.2862771153450012,higher,-0.2862771153450012
Gemma4-E4B,native_thinking,33,9,5,within_trace,2378.267578125,lower,-2378.267578125
Gemma4-E4B,native_thinking,33,9,5,class_nc1_ratio,4.33466398719131,lower,-4.33466398719131
Gemma4-E4B,native_thinking,33,9,5,centroid_nearest_squared,146.133056640625,higher,146.133056640625
Gemma4-E4B,native_thinking,33,9,5,fisher_nearest,0.061445170419316186,higher,0.061445170419316186
Gemma4-E4B,native_thinking,33,9,5,min_bhattacharyya,1.5568509101867676,higher,1.5568509101867676
Gemma4-E4B,native_thinking,33,9,5,mean_bhattacharyya,6.412371801005469,higher,6.412371801005469
Gemma4-E4B,native_thinking,33,9,5,nc2_class_cosine_deviation,0.4943863084010871,lower,-0.4943863084010871
Gemma4-E4B,native_thinking,33,10,3,logistic_precision,0.3333333333333333,higher,0.3333333333333333
Gemma4-E4B,native_thinking,33,10,3,logistic_recall,0.6666666666666666,higher,0.6666666666666666
Gemma4-E4B,native_thinking,33,10,3,logistic_f1,0.4444444444444444,higher,0.4444444444444444
Gemma4-E4B,native_thinking,33,10,3,ncc_recall,0.6666666666666666,higher,0.6666666666666666
Gemma4-E4B,native_thinking,33,10,3,silhouette_cosine,0.07972724735736847,higher,0.07972724735736847
Gemma4-E4B,native_thinking,33,10,3,within_trace,1684.796142578125,lower,-1684.796142578125
Gemma4-E4B,native_thinking,33,10,3,class_nc1_ratio,0.9434888800272841,lower,-0.9434888800272841
Gemma4-E4B,native_thinking,33,10,3,centroid_nearest_squared,1633.064697265625,higher,1633.064697265625
Gemma4-E4B,native_thinking,33,10,3,fisher_nearest,0.9692951307252289,higher,0.9692951307252289
Gemma4-E4B,native_thinking,33,10,3,min_bhattacharyya,3.1236062049865723,higher,3.1236062049865723
Gemma4-E4B,native_thinking,33,10,3,mean_bhattacharyya,7.192764732572767,higher,7.192764732572767
Gemma4-E4B,native_thinking,33,10,3,nc2_class_cosine_deviation,0.37198845986966733,lower,-0.37198845986966733
Gemma4-E4B,non_thinking,34,1,10,logistic_precision,0.9090909090909091,higher,0.9090909090909091
Gemma4-E4B,non_thinking,34,1,10,logistic_recall,1.0,higher,1.0
Gemma4-E4B,non_thinking,34,1,10,logistic_f1,0.9523809523809523,higher,0.9523809523809523
Gemma4-E4B,non_thinking,34,1,10,ncc_recall,1.0,higher,1.0
Gemma4-E4B,non_thinking,34,1,10,silhouette_cosine,0.8789584040641785,higher,0.8789584040641785
Gemma4-E4B,non_thinking,34,1,10,within_trace,382.43939208984375,lower,-382.43939208984375
Gemma4-E4B,non_thinking,34,1,10,class_nc1_ratio,0.11575918249926091,lower,-0.11575918249926091
Gemma4-E4B,non_thinking,34,1,10,centroid_nearest_squared,3303.672119140625,higher,3303.672119140625
Gemma4-E4B,non_thinking,34,1,10,fisher_nearest,8.638420067262624,higher,8.638420067262624
Gemma4-E4B,non_thinking,34,1,10,min_bhattacharyya,57.90812683105469,higher,57.90812683105469
Gemma4-E4B,non_thinking,34,1,10,mean_bhattacharyya,89.6186400519477,higher,89.6186400519477
Gemma4-E4B,non_thinking,34,1,10,nc2_class_cosine_deviation,0.4900700597115504,lower,-0.4900700597115504
Gemma4-E4B,non_thinking,34,2,10,logistic_precision,0.5714285714285714,higher,0.5714285714285714
Gemma4-E4B,non_thinking,34,2,10,logistic_recall,0.8,higher,0.8
Gemma4-E4B,non_thinking,34,2,10,logistic_f1,0.6666666666666666,higher,0.6666666666666666
Gemma4-E4B,non_thinking,34,2,10,ncc_recall,0.7,higher,0.7
Gemma4-E4B,non_thinking,34,2,10,silhouette_cosine,0.03710354119539261,higher,0.03710354119539261
Gemma4-E4B,non_thinking,34,2,10,within_trace,748.1080322265625,lower,-748.1080322265625
Gemma4-E4B,non_thinking,34,2,10,class_nc1_ratio,2.783988056926717,lower,-2.783988056926717
Gemma4-E4B,non_thinking,34,2,10,centroid_nearest_squared,211.00791931152344,higher,211.00791931152344
Gemma4-E4B,non_thinking,34,2,10,fisher_nearest,0.2820554120820083,higher,0.2820554120820083
Gemma4-E4B,non_thinking,34,2,10,min_bhattacharyya,4.0549445152282715,higher,4.0549445152282715
Gemma4-E4B,non_thinking,34,2,10,mean_bhattacharyya,13.10634469985962,higher,13.10634469985962
Gemma4-E4B,non_thinking,34,2,10,nc2_class_cosine_deviation,0.3775852017196608,lower,-0.3775852017196608
Gemma4-E4B,non_thinking,34,3,10,logistic_precision,0.21428571428571427,higher,0.21428571428571427
Gemma4-E4B,non_thinking,34,3,10,logistic_recall,0.3,higher,0.3
Gemma4-E4B,non_thinking,34,3,10,logistic_f1,0.25,higher,0.25
Gemma4-E4B,non_thinking,34,3,10,ncc_recall,0.3,higher,0.3
Gemma4-E4B,non_thinking,34,3,10,silhouette_cosine,-0.20704340934753418,higher,-0.20704340934753418
Gemma4-E4B,non_thinking,34,3,10,within_trace,1068.36669921875,lower,-1068.36669921875
Gemma4-E4B,non_thinking,34,3,10,class_nc1_ratio,10.513385380840488,lower,-10.513385380840488
Gemma4-E4B,non_thinking,34,3,10,centroid_nearest_squared,113.87477111816406,higher,113.87477111816406
Gemma4-E4B,non_thinking,34,3,10,fisher_nearest,0.10658772049094728,higher,0.10658772049094728
Gemma4-E4B,non_thinking,34,3,10,min_bhattacharyya,2.525118827819824,higher,2.525118827819824
Gemma4-E4B,non_thinking,34,3,10,mean_bhattacharyya,11.900241480933296,higher,11.900241480933296
Gemma4-E4B,non_thinking,34,3,10,nc2_class_cosine_deviation,0.2509680727473748,lower,-0.2509680727473748
Gemma4-E4B,non_thinking,34,4,10,logistic_precision,0.2222222222222222,higher,0.2222222222222222
Gemma4-E4B,non_thinking,34,4,10,logistic_recall,0.2,higher,0.2
Gemma4-E4B,non_thinking,34,4,10,logistic_f1,0.21052631578947367,higher,0.21052631578947367
Gemma4-E4B,non_thinking,34,4,10,ncc_recall,0.1,higher,0.1
Gemma4-E4B,non_thinking,34,4,10,silhouette_cosine,-0.22371728718280792,higher,-0.22371728718280792
Gemma4-E4B,non_thinking,34,4,10,within_trace,1039.53515625,lower,-1039.53515625
Gemma4-E4B,non_thinking,34,4,10,class_nc1_ratio,14.4193691840691,lower,-14.4193691840691
Gemma4-E4B,non_thinking,34,4,10,centroid_nearest_squared,113.87477111816406,higher,113.87477111816406
Gemma4-E4B,non_thinking,34,4,10,fisher_nearest,0.10954393454950943,higher,0.10954393454950943
Gemma4-E4B,non_thinking,34,4,10,min_bhattacharyya,2.525118827819824,higher,2.525118827819824
Gemma4-E4B,non_thinking,34,4,10,mean_bhattacharyya,11.818307571940952,higher,11.818307571940952
Gemma4-E4B,non_thinking,34,4,10,nc2_class_cosine_deviation,0.3571916572105738,lower,-0.3571916572105738
Gemma4-E4B,non_thinking,34,5,10,logistic_precision,0.5,higher,0.5
Gemma4-E4B,non_thinking,34,5,10,logistic_recall,0.2,higher,0.2
Gemma4-E4B,non_thinking,34,5,10,logistic_f1,0.2857142857142857,higher,0.2857142857142857
Gemma4-E4B,non_thinking,34,5,10,ncc_recall,0.2,higher,0.2
Gemma4-E4B,non_thinking,34,5,10,silhouette_cosine,-0.1457417905330658,higher,-0.1457417905330658
Gemma4-E4B,non_thinking,34,5,10,within_trace,868.9236450195312,lower,-868.9236450195312
Gemma4-E4B,non_thinking,34,5,10,class_nc1_ratio,6.75791448804294,lower,-6.75791448804294
Gemma4-E4B,non_thinking,34,5,10,centroid_nearest_squared,86.66883087158203,higher,86.66883087158203
Gemma4-E4B,non_thinking,34,5,10,fisher_nearest,0.09974274652134012,higher,0.09974274652134012
Gemma4-E4B,non_thinking,34,5,10,min_bhattacharyya,3.5277620553970337,higher,3.5277620553970337
Gemma4-E4B,non_thinking,34,5,10,mean_bhattacharyya,14.244593209690517,higher,14.244593209690517
Gemma4-E4B,non_thinking,34,5,10,nc2_class_cosine_deviation,0.5441253422816962,lower,-0.5441253422816962
Gemma4-E4B,non_thinking,34,6,10,logistic_precision,0.1111111111111111,higher,0.1111111111111111
Gemma4-E4B,non_thinking,34,6,10,logistic_recall,0.1,higher,0.1
Gemma4-E4B,non_thinking,34,6,10,logistic_f1,0.10526315789473684,higher,0.10526315789473684
Gemma4-E4B,non_thinking,34,6,10,ncc_recall,0.2,higher,0.2
Gemma4-E4B,non_thinking,34,6,10,silhouette_cosine,-0.2290189266204834,higher,-0.2290189266204834
Gemma4-E4B,non_thinking,34,6,10,within_trace,1112.85205078125,lower,-1112.85205078125
Gemma4-E4B,non_thinking,34,6,10,class_nc1_ratio,7.975822059517519,lower,-7.975822059517519
Gemma4-E4B,non_thinking,34,6,10,centroid_nearest_squared,179.71466064453125,higher,179.71466064453125
Gemma4-E4B,non_thinking,34,6,10,fisher_nearest,0.16149016440987557,higher,0.16149016440987557
Gemma4-E4B,non_thinking,34,6,10,min_bhattacharyya,3.43868625164032,higher,3.43868625164032
Gemma4-E4B,non_thinking,34,6,10,mean_bhattacharyya,11.341450797186958,higher,11.341450797186958
Gemma4-E4B,non_thinking,34,6,10,nc2_class_cosine_deviation,0.21552441184075527,lower,-0.21552441184075527
Gemma4-E4B,non_thinking,34,7,10,logistic_precision,0.09090909090909091,higher,0.09090909090909091
Gemma4-E4B,non_thinking,34,7,10,logistic_recall,0.1,higher,0.1
Gemma4-E4B,non_thinking,34,7,10,logistic_f1,0.09523809523809523,higher,0.09523809523809523
Gemma4-E4B,non_thinking,34,7,10,ncc_recall,0.0,higher,0.0
Gemma4-E4B,non_thinking,34,7,10,silhouette_cosine,-0.2236366719007492,higher,-0.2236366719007492
Gemma4-E4B,non_thinking,34,7,10,within_trace,846.2659912109375,lower,-846.2659912109375
Gemma4-E4B,non_thinking,34,7,10,class_nc1_ratio,8.506629778291641,lower,-8.506629778291641
Gemma4-E4B,non_thinking,34,7,10,centroid_nearest_squared,95.6815414428711,higher,95.6815414428711
Gemma4-E4B,non_thinking,34,7,10,fisher_nearest,0.11306320050266776,higher,0.11306320050266776
Gemma4-E4B,non_thinking,34,7,10,min_bhattacharyya,3.1605037450790405,higher,3.1605037450790405
Gemma4-E4B,non_thinking,34,7,10,mean_bhattacharyya,10.09738818804423,higher,10.09738818804423
Gemma4-E4B,non_thinking,34,7,10,nc2_class_cosine_deviation,0.5103267360432648,lower,-0.5103267360432648
Gemma4-E4B,non_thinking,34,8,10,logistic_precision,0.0,higher,0.0
Gemma4-E4B,non_thinking,34,8,10,logistic_recall,0.0,higher,0.0
Gemma4-E4B,non_thinking,34,8,10,logistic_f1,0.0,higher,0.0
Gemma4-E4B,non_thinking,34,8,10,ncc_recall,0.0,higher,0.0
Gemma4-E4B,non_thinking,34,8,10,silhouette_cosine,-0.14436611533164978,higher,-0.14436611533164978
Gemma4-E4B,non_thinking,34,8,10,within_trace,795.0359497070312,lower,-795.0359497070312
Gemma4-E4B,non_thinking,34,8,10,class_nc1_ratio,5.058230439716249,lower,-5.058230439716249
Gemma4-E4B,non_thinking,34,8,10,centroid_nearest_squared,63.00659942626953,higher,63.00659942626953
Gemma4-E4B,non_thinking,34,8,10,fisher_nearest,0.0792500005181996,higher,0.0792500005181996
Gemma4-E4B,non_thinking,34,8,10,min_bhattacharyya,3.1605037450790405,higher,3.1605037450790405
Gemma4-E4B,non_thinking,34,8,10,mean_bhattacharyya,15.578182737032572,higher,15.578182737032572
Gemma4-E4B,non_thinking,34,8,10,nc2_class_cosine_deviation,0.551917582290408,lower,-0.551917582290408
Gemma4-E4B,non_thinking,34,9,10,logistic_precision,0.15789473684210525,higher,0.15789473684210525
Gemma4-E4B,non_thinking,34,9,10,logistic_recall,0.3,higher,0.3
Gemma4-E4B,non_thinking,34,9,10,logistic_f1,0.20689655172413793,higher,0.20689655172413793
Gemma4-E4B,non_thinking,34,9,10,ncc_recall,0.2,higher,0.2
Gemma4-E4B,non_thinking,34,9,10,silhouette_cosine,-0.1114286556839943,higher,-0.1114286556839943
Gemma4-E4B,non_thinking,34,9,10,within_trace,604.5234375,lower,-604.5234375
Gemma4-E4B,non_thinking,34,9,10,class_nc1_ratio,2.935372336792953,lower,-2.935372336792953
Gemma4-E4B,non_thinking,34,9,10,centroid_nearest_squared,63.89812469482422,higher,63.89812469482422
Gemma4-E4B,non_thinking,34,9,10,fisher_nearest,0.10569999561815867,higher,0.10569999561815867
Gemma4-E4B,non_thinking,34,9,10,min_bhattacharyya,4.1492661237716675,higher,4.1492661237716675
Gemma4-E4B,non_thinking,34,9,10,mean_bhattacharyya,22.51874523692661,higher,22.51874523692661
Gemma4-E4B,non_thinking,34,9,10,nc2_class_cosine_deviation,0.5797613515162173,lower,-0.5797613515162173
Gemma4-E4B,non_thinking,34,10,10,logistic_precision,0.2,higher,0.2
Gemma4-E4B,non_thinking,34,10,10,logistic_recall,0.1,higher,0.1
Gemma4-E4B,non_thinking,34,10,10,logistic_f1,0.13333333333333333,higher,0.13333333333333333
Gemma4-E4B,non_thinking,34,10,10,ncc_recall,0.1,higher,0.1
Gemma4-E4B,non_thinking,34,10,10,silhouette_cosine,-0.11160041391849518,higher,-0.11160041391849518
Gemma4-E4B,non_thinking,34,10,10,within_trace,647.160400390625,lower,-647.160400390625
Gemma4-E4B,non_thinking,34,10,10,class_nc1_ratio,3.1314145480247912,lower,-3.1314145480247912
Gemma4-E4B,non_thinking,34,10,10,centroid_nearest_squared,63.00659942626953,higher,63.00659942626953
Gemma4-E4B,non_thinking,34,10,10,fisher_nearest,0.09735855189569517,higher,0.09735855189569517
Gemma4-E4B,non_thinking,34,10,10,min_bhattacharyya,3.481817841529846,higher,3.481817841529846
Gemma4-E4B,non_thinking,34,10,10,mean_bhattacharyya,18.878621326552498,higher,18.878621326552498
Gemma4-E4B,non_thinking,34,10,10,nc2_class_cosine_deviation,0.5679156187875771,lower,-0.5679156187875771
Gemma4-E4B,native_thinking,34,1,10,logistic_precision,1.0,higher,1.0
Gemma4-E4B,native_thinking,34,1,10,logistic_recall,0.8,higher,0.8
Gemma4-E4B,native_thinking,34,1,10,logistic_f1,0.8888888888888888,higher,0.8888888888888888
Gemma4-E4B,native_thinking,34,1,10,ncc_recall,0.6,higher,0.6
Gemma4-E4B,native_thinking,34,1,10,silhouette_cosine,-0.03789656609296799,higher,-0.03789656609296799
Gemma4-E4B,native_thinking,34,1,10,within_trace,2538.94287109375,lower,-2538.94287109375
Gemma4-E4B,native_thinking,34,1,10,class_nc1_ratio,2.946388143319651,lower,-2.946388143319651
Gemma4-E4B,native_thinking,34,1,10,centroid_nearest_squared,1349.1715087890625,higher,1349.1715087890625
Gemma4-E4B,native_thinking,34,1,10,fisher_nearest,0.5313910463089127,higher,0.5313910463089127
Gemma4-E4B,native_thinking,34,1,10,min_bhattacharyya,4.586436748504639,higher,4.586436748504639
Gemma4-E4B,native_thinking,34,1,10,mean_bhattacharyya,10.33143326971266,higher,10.33143326971266
Gemma4-E4B,native_thinking,34,1,10,nc2_class_cosine_deviation,0.3351738151208854,lower,-0.3351738151208854
Gemma4-E4B,native_thinking,34,2,7,logistic_precision,1.0,higher,1.0
Gemma4-E4B,native_thinking,34,2,7,logistic_recall,0.8571428571428571,higher,0.8571428571428571
Gemma4-E4B,native_thinking,34,2,7,logistic_f1,0.9230769230769231,higher,0.9230769230769231
Gemma4-E4B,native_thinking,34,2,7,ncc_recall,0.7142857142857143,higher,0.7142857142857143
Gemma4-E4B,native_thinking,34,2,7,silhouette_cosine,-0.13785184919834137,higher,-0.13785184919834137
Gemma4-E4B,native_thinking,34,2,7,within_trace,1240.341064453125,lower,-1240.341064453125
Gemma4-E4B,native_thinking,34,2,7,class_nc1_ratio,3.8646645127673707,lower,-3.8646645127673707
Gemma4-E4B,native_thinking,34,2,7,centroid_nearest_squared,107.10801696777344,higher,107.10801696777344
Gemma4-E4B,native_thinking,34,2,7,fisher_nearest,0.08635368128765301,higher,0.08635368128765301
Gemma4-E4B,native_thinking,34,2,7,min_bhattacharyya,2.330907464027405,higher,2.330907464027405
Gemma4-E4B,native_thinking,34,2,7,mean_bhattacharyya,6.838644332355923,higher,6.838644332355923
Gemma4-E4B,native_thinking,34,2,7,nc2_class_cosine_deviation,0.48569306657638084,lower,-0.48569306657638084
Gemma4-E4B,native_thinking,34,3,7,logistic_precision,0.6666666666666666,higher,0.6666666666666666
Gemma4-E4B,native_thinking,34,3,7,logistic_recall,0.5714285714285714,higher,0.5714285714285714
Gemma4-E4B,native_thinking,34,3,7,logistic_f1,0.6153846153846154,higher,0.6153846153846154
Gemma4-E4B,native_thinking,34,3,7,ncc_recall,0.14285714285714285,higher,0.14285714285714285
Gemma4-E4B,native_thinking,34,3,7,silhouette_cosine,-0.18598783016204834,higher,-0.18598783016204834
Gemma4-E4B,native_thinking,34,3,7,within_trace,1144.904541015625,lower,-1144.904541015625
Gemma4-E4B,native_thinking,34,3,7,class_nc1_ratio,4.592765489985083,lower,-4.592765489985083
Gemma4-E4B,native_thinking,34,3,7,centroid_nearest_squared,64.87759399414062,higher,64.87759399414062
Gemma4-E4B,native_thinking,34,3,7,fisher_nearest,0.05666637843587277,higher,0.05666637843587277
Gemma4-E4B,native_thinking,34,3,7,min_bhattacharyya,1.5670961141586304,higher,1.5670961141586304
Gemma4-E4B,native_thinking,34,3,7,mean_bhattacharyya,5.914770378006829,higher,5.914770378006829
Gemma4-E4B,native_thinking,34,3,7,nc2_class_cosine_deviation,0.5506953225459582,lower,-0.5506953225459582
Gemma4-E4B,native_thinking,34,4,7,logistic_precision,0.45454545454545453,higher,0.45454545454545453
Gemma4-E4B,native_thinking,34,4,7,logistic_recall,0.7142857142857143,higher,0.7142857142857143
Gemma4-E4B,native_thinking,34,4,7,logistic_f1,0.5555555555555556,higher,0.5555555555555556
Gemma4-E4B,native_thinking,34,4,7,ncc_recall,0.5714285714285714,higher,0.5714285714285714
Gemma4-E4B,native_thinking,34,4,7,silhouette_cosine,-0.14125068485736847,higher,-0.14125068485736847
Gemma4-E4B,native_thinking,34,4,7,within_trace,1117.967529296875,lower,-1117.967529296875
Gemma4-E4B,native_thinking,34,4,7,class_nc1_ratio,3.6315634929648657,lower,-3.6315634929648657
Gemma4-E4B,native_thinking,34,4,7,centroid_nearest_squared,64.87759399414062,higher,64.87759399414062
Gemma4-E4B,native_thinking,34,4,7,fisher_nearest,0.058031733743594674,higher,0.058031733743594674
Gemma4-E4B,native_thinking,34,4,7,min_bhattacharyya,1.5670961141586304,higher,1.5670961141586304
Gemma4-E4B,native_thinking,34,4,7,mean_bhattacharyya,6.11153961552514,higher,6.11153961552514
Gemma4-E4B,native_thinking,34,4,7,nc2_class_cosine_deviation,0.5003587116061906,lower,-0.5003587116061906
Gemma4-E4B,native_thinking,34,5,7,logistic_precision,0.8,higher,0.8
Gemma4-E4B,native_thinking,34,5,7,logistic_recall,0.5714285714285714,higher,0.5714285714285714
Gemma4-E4B,native_thinking,34,5,7,logistic_f1,0.6666666666666666,higher,0.6666666666666666
Gemma4-E4B,native_thinking,34,5,7,ncc_recall,0.2857142857142857,higher,0.2857142857142857
Gemma4-E4B,native_thinking,34,5,7,silhouette_cosine,-0.20931528508663177,higher,-0.20931528508663177
Gemma4-E4B,native_thinking,34,5,7,within_trace,1291.1689453125,lower,-1291.1689453125
Gemma4-E4B,native_thinking,34,5,7,class_nc1_ratio,8.001547587369926,lower,-8.001547587369926
Gemma4-E4B,native_thinking,34,5,7,centroid_nearest_squared,52.74156188964844,higher,52.74156188964844
Gemma4-E4B,native_thinking,34,5,7,fisher_nearest,0.04084791698338397,higher,0.04084791698338397
Gemma4-E4B,native_thinking,34,5,7,min_bhattacharyya,1.5540891289710999,higher,1.5540891289710999
Gemma4-E4B,native_thinking,34,5,7,mean_bhattacharyya,4.893488983313243,higher,4.893488983313243
Gemma4-E4B,native_thinking,34,5,7,nc2_class_cosine_deviation,0.4709128181875488,lower,-0.4709128181875488
Gemma4-E4B,native_thinking,34,6,7,logistic_precision,0.5,higher,0.5
Gemma4-E4B,native_thinking,34,6,7,logistic_recall,0.7142857142857143,higher,0.7142857142857143
Gemma4-E4B,native_thinking,34,6,7,logistic_f1,0.5882352941176471,higher,0.5882352941176471
Gemma4-E4B,native_thinking,34,6,7,ncc_recall,0.14285714285714285,higher,0.14285714285714285
Gemma4-E4B,native_thinking,34,6,7,silhouette_cosine,-0.23041197657585144,higher,-0.23041197657585144
Gemma4-E4B,native_thinking,34,6,7,within_trace,1223.65576171875,lower,-1223.65576171875
Gemma4-E4B,native_thinking,34,6,7,class_nc1_ratio,7.48357735905271,lower,-7.48357735905271
Gemma4-E4B,native_thinking,34,6,7,centroid_nearest_squared,52.74156188964844,higher,52.74156188964844
Gemma4-E4B,native_thinking,34,6,7,fisher_nearest,0.04310163326944786,higher,0.04310163326944786
Gemma4-E4B,native_thinking,34,6,7,min_bhattacharyya,1.5540891289710999,higher,1.5540891289710999
Gemma4-E4B,native_thinking,34,6,7,mean_bhattacharyya,4.972906708717346,higher,4.972906708717346
Gemma4-E4B,native_thinking,34,6,7,nc2_class_cosine_deviation,0.4859519401266252,lower,-0.4859519401266252
Gemma4-E4B,native_thinking,34,7,7,logistic_precision,0.6666666666666666,higher,0.6666666666666666
Gemma4-E4B,native_thinking,34,7,7,logistic_recall,0.2857142857142857,higher,0.2857142857142857
Gemma4-E4B,native_thinking,34,7,7,logistic_f1,0.4,higher,0.4
Gemma4-E4B,native_thinking,34,7,7,ncc_recall,0.14285714285714285,higher,0.14285714285714285
Gemma4-E4B,native_thinking,34,7,7,silhouette_cosine,-0.18727625906467438,higher,-0.18727625906467438
Gemma4-E4B,native_thinking,34,7,7,within_trace,1355.2591552734375,lower,-1355.2591552734375
Gemma4-E4B,native_thinking,34,7,7,class_nc1_ratio,4.257284102211276,lower,-4.257284102211276
Gemma4-E4B,native_thinking,34,7,7,centroid_nearest_squared,207.6048126220703,higher,207.6048126220703
Gemma4-E4B,native_thinking,34,7,7,fisher_nearest,0.1531845859991139,higher,0.1531845859991139
Gemma4-E4B,native_thinking,34,7,7,min_bhattacharyya,1.9650302529335022,higher,1.9650302529335022
Gemma4-E4B,native_thinking,34,7,7,mean_bhattacharyya,4.880041870805952,higher,4.880041870805952
Gemma4-E4B,native_thinking,34,7,7,nc2_class_cosine_deviation,0.4017093902752723,lower,-0.4017093902752723
Gemma4-E4B,native_thinking,34,8,7,logistic_precision,0.3333333333333333,higher,0.3333333333333333
Gemma4-E4B,native_thinking,34,8,7,logistic_recall,0.14285714285714285,higher,0.14285714285714285
Gemma4-E4B,native_thinking,34,8,7,logistic_f1,0.2,higher,0.2
Gemma4-E4B,native_thinking,34,8,7,ncc_recall,0.14285714285714285,higher,0.14285714285714285
Gemma4-E4B,native_thinking,34,8,7,silhouette_cosine,-0.3008294105529785,higher,-0.3008294105529785
Gemma4-E4B,native_thinking,34,8,7,within_trace,1993.67919921875,lower,-1993.67919921875
Gemma4-E4B,native_thinking,34,8,7,class_nc1_ratio,4.6898625724197975,lower,-4.6898625724197975
Gemma4-E4B,native_thinking,34,8,7,centroid_nearest_squared,134.46031188964844,higher,134.46031188964844
Gemma4-E4B,native_thinking,34,8,7,fisher_nearest,0.06744330378846232,higher,0.06744330378846232
Gemma4-E4B,native_thinking,34,8,7,min_bhattacharyya,1.557070016860962,higher,1.557070016860962
Gemma4-E4B,native_thinking,34,8,7,mean_bhattacharyya,4.960514916314019,higher,4.960514916314019
Gemma4-E4B,native_thinking,34,8,7,nc2_class_cosine_deviation,0.43334358627045594,lower,-0.43334358627045594
Gemma4-E4B,native_thinking,34,9,5,logistic_precision,0.16666666666666666,higher,0.16666666666666666
Gemma4-E4B,native_thinking,34,9,5,logistic_recall,0.2,higher,0.2
Gemma4-E4B,native_thinking,34,9,5,logistic_f1,0.18181818181818182,higher,0.18181818181818182
Gemma4-E4B,native_thinking,34,9,5,ncc_recall,0.8,higher,0.8
Gemma4-E4B,native_thinking,34,9,5,silhouette_cosine,-0.29363489151000977,higher,-0.29363489151000977
Gemma4-E4B,native_thinking,34,9,5,within_trace,2206.50048828125,lower,-2206.50048828125
Gemma4-E4B,native_thinking,34,9,5,class_nc1_ratio,4.200463411449728,lower,-4.200463411449728
Gemma4-E4B,native_thinking,34,9,5,centroid_nearest_squared,134.46031188964844,higher,134.46031188964844
Gemma4-E4B,native_thinking,34,9,5,fisher_nearest,0.06093826518678275,higher,0.06093826518678275
Gemma4-E4B,native_thinking,34,9,5,min_bhattacharyya,1.557070016860962,higher,1.557070016860962
Gemma4-E4B,native_thinking,34,9,5,mean_bhattacharyya,6.099407884809706,higher,6.099407884809706
Gemma4-E4B,native_thinking,34,9,5,nc2_class_cosine_deviation,0.5004384112946781,lower,-0.5004384112946781
Gemma4-E4B,native_thinking,34,10,3,logistic_precision,0.2222222222222222,higher,0.2222222222222222
Gemma4-E4B,native_thinking,34,10,3,logistic_recall,0.6666666666666666,higher,0.6666666666666666
Gemma4-E4B,native_thinking,34,10,3,logistic_f1,0.3333333333333333,higher,0.3333333333333333
Gemma4-E4B,native_thinking,34,10,3,ncc_recall,0.6666666666666666,higher,0.6666666666666666
Gemma4-E4B,native_thinking,34,10,3,silhouette_cosine,0.09169125556945801,higher,0.09169125556945801
Gemma4-E4B,native_thinking,34,10,3,within_trace,1618.97314453125,lower,-1618.97314453125
Gemma4-E4B,native_thinking,34,10,3,class_nc1_ratio,0.9371676015200971,lower,-0.9371676015200971
Gemma4-E4B,native_thinking,34,10,3,centroid_nearest_squared,1463.53466796875,higher,1463.53466796875
Gemma4-E4B,native_thinking,34,10,3,fisher_nearest,0.9039894657378613,higher,0.9039894657378613
Gemma4-E4B,native_thinking,34,10,3,min_bhattacharyya,2.977163553237915,higher,2.977163553237915
Gemma4-E4B,native_thinking,34,10,3,mean_bhattacharyya,7.038759814368354,higher,7.038759814368354
Gemma4-E4B,native_thinking,34,10,3,nc2_class_cosine_deviation,0.3951385081918151,lower,-0.3951385081918151
Gemma4-E4B,non_thinking,35,1,10,logistic_precision,1.0,higher,1.0
Gemma4-E4B,non_thinking,35,1,10,logistic_recall,1.0,higher,1.0
Gemma4-E4B,non_thinking,35,1,10,logistic_f1,1.0,higher,1.0
Gemma4-E4B,non_thinking,35,1,10,ncc_recall,1.0,higher,1.0
Gemma4-E4B,non_thinking,35,1,10,silhouette_cosine,0.8713668584823608,higher,0.8713668584823608
Gemma4-E4B,non_thinking,35,1,10,within_trace,418.42578125,lower,-418.42578125
Gemma4-E4B,non_thinking,35,1,10,class_nc1_ratio,0.1296175302493081,lower,-0.1296175302493081
Gemma4-E4B,non_thinking,35,1,10,centroid_nearest_squared,3262.181884765625,higher,3262.181884765625
Gemma4-E4B,non_thinking,35,1,10,fisher_nearest,7.796321428904842,higher,7.796321428904842
Gemma4-E4B,non_thinking,35,1,10,min_bhattacharyya,59.83259201049805,higher,59.83259201049805
Gemma4-E4B,non_thinking,35,1,10,mean_bhattacharyya,85.11121368408203,higher,85.11121368408203
Gemma4-E4B,non_thinking,35,1,10,nc2_class_cosine_deviation,0.47391976397714486,lower,-0.47391976397714486
Gemma4-E4B,non_thinking,35,2,10,logistic_precision,0.5,higher,0.5
Gemma4-E4B,non_thinking,35,2,10,logistic_recall,0.7,higher,0.7
Gemma4-E4B,non_thinking,35,2,10,logistic_f1,0.5833333333333334,higher,0.5833333333333334
Gemma4-E4B,non_thinking,35,2,10,ncc_recall,0.7,higher,0.7
Gemma4-E4B,non_thinking,35,2,10,silhouette_cosine,0.028155583888292313,higher,0.028155583888292313
Gemma4-E4B,non_thinking,35,2,10,within_trace,777.2108154296875,lower,-777.2108154296875
Gemma4-E4B,non_thinking,35,2,10,class_nc1_ratio,2.8981946837519095,lower,-2.8981946837519095
Gemma4-E4B,non_thinking,35,2,10,centroid_nearest_squared,194.28053283691406,higher,194.28053283691406
Gemma4-E4B,non_thinking,35,2,10,fisher_nearest,0.2499714736078453,higher,0.2499714736078453
Gemma4-E4B,non_thinking,35,2,10,min_bhattacharyya,3.4648447036743164,higher,3.4648447036743164
Gemma4-E4B,non_thinking,35,2,10,mean_bhattacharyya,13.020218743218315,higher,13.020218743218315
Gemma4-E4B,non_thinking,35,2,10,nc2_class_cosine_deviation,0.3685347463613675,lower,-0.3685347463613675
Gemma4-E4B,non_thinking,35,3,10,logistic_precision,0.2777777777777778,higher,0.2777777777777778
Gemma4-E4B,non_thinking,35,3,10,logistic_recall,0.5,higher,0.5
Gemma4-E4B,non_thinking,35,3,10,logistic_f1,0.35714285714285715,higher,0.35714285714285715
Gemma4-E4B,non_thinking,35,3,10,ncc_recall,0.2,higher,0.2
Gemma4-E4B,non_thinking,35,3,10,silhouette_cosine,-0.1793426275253296,higher,-0.1793426275253296
Gemma4-E4B,non_thinking,35,3,10,within_trace,1058.3056640625,lower,-1058.3056640625
Gemma4-E4B,non_thinking,35,3,10,class_nc1_ratio,8.577854876802549,lower,-8.577854876802549
Gemma4-E4B,non_thinking,35,3,10,centroid_nearest_squared,141.47756958007812,higher,141.47756958007812
Gemma4-E4B,non_thinking,35,3,10,fisher_nearest,0.13368308834046166,higher,0.13368308834046166
Gemma4-E4B,non_thinking,35,3,10,min_bhattacharyya,2.6143306493759155,higher,2.6143306493759155
Gemma4-E4B,non_thinking,35,3,10,mean_bhattacharyya,12.121247079637316,higher,12.121247079637316
Gemma4-E4B,non_thinking,35,3,10,nc2_class_cosine_deviation,0.1879660461879807,lower,-0.1879660461879807
Gemma4-E4B,non_thinking,35,4,10,logistic_precision,0.07692307692307693,higher,0.07692307692307693
Gemma4-E4B,non_thinking,35,4,10,logistic_recall,0.1,higher,0.1
Gemma4-E4B,non_thinking,35,4,10,logistic_f1,0.08695652173913043,higher,0.08695652173913043
Gemma4-E4B,non_thinking,35,4,10,ncc_recall,0.2,higher,0.2
Gemma4-E4B,non_thinking,35,4,10,silhouette_cosine,-0.21756884455680847,higher,-0.21756884455680847
Gemma4-E4B,non_thinking,35,4,10,within_trace,1065.8123779296875,lower,-1065.8123779296875
Gemma4-E4B,non_thinking,35,4,10,class_nc1_ratio,15.325473445432289,lower,-15.325473445432289
Gemma4-E4B,non_thinking,35,4,10,centroid_nearest_squared,122.68771362304688,higher,122.68771362304688
Gemma4-E4B,non_thinking,35,4,10,fisher_nearest,0.11511192416564399,higher,0.11511192416564399
Gemma4-E4B,non_thinking,35,4,10,min_bhattacharyya,2.6143306493759155,higher,2.6143306493759155
Gemma4-E4B,non_thinking,35,4,10,mean_bhattacharyya,10.952728960249159,higher,10.952728960249159
Gemma4-E4B,non_thinking,35,4,10,nc2_class_cosine_deviation,0.32485807788224874,lower,-0.32485807788224874
Gemma4-E4B,non_thinking,35,5,10,logistic_precision,0.75,higher,0.75
Gemma4-E4B,non_thinking,35,5,10,logistic_recall,0.3,higher,0.3
Gemma4-E4B,non_thinking,35,5,10,logistic_f1,0.42857142857142855,higher,0.42857142857142855
Gemma4-E4B,non_thinking,35,5,10,ncc_recall,0.2,higher,0.2
Gemma4-E4B,non_thinking,35,5,10,silhouette_cosine,-0.15655016899108887,higher,-0.15655016899108887
Gemma4-E4B,non_thinking,35,5,10,within_trace,908.6546020507812,lower,-908.6546020507812
Gemma4-E4B,non_thinking,35,5,10,class_nc1_ratio,8.195659046354699,lower,-8.195659046354699
Gemma4-E4B,non_thinking,35,5,10,centroid_nearest_squared,90.34341430664062,higher,90.34341430664062
Gemma4-E4B,non_thinking,35,5,10,fisher_nearest,0.09942547377489833,higher,0.09942547377489833
Gemma4-E4B,non_thinking,35,5,10,min_bhattacharyya,3.1546560525894165,higher,3.1546560525894165
Gemma4-E4B,non_thinking,35,5,10,mean_bhattacharyya,13.366301510069105,higher,13.366301510069105
Gemma4-E4B,non_thinking,35,5,10,nc2_class_cosine_deviation,0.5269749114450849,lower,-0.5269749114450849
Gemma4-E4B,non_thinking,35,6,10,logistic_precision,0.0,higher,0.0
Gemma4-E4B,non_thinking,35,6,10,logistic_recall,0.0,higher,0.0
Gemma4-E4B,non_thinking,35,6,10,logistic_f1,0.0,higher,0.0
Gemma4-E4B,non_thinking,35,6,10,ncc_recall,0.2,higher,0.2
Gemma4-E4B,non_thinking,35,6,10,silhouette_cosine,-0.21243734657764435,higher,-0.21243734657764435
Gemma4-E4B,non_thinking,35,6,10,within_trace,1034.994873046875,lower,-1034.994873046875
Gemma4-E4B,non_thinking,35,6,10,class_nc1_ratio,6.9938814181148485,lower,-6.9938814181148485
Gemma4-E4B,non_thinking,35,6,10,centroid_nearest_squared,178.74549865722656,higher,178.74549865722656
Gemma4-E4B,non_thinking,35,6,10,fisher_nearest,0.1727018203781297,higher,0.1727018203781297
Gemma4-E4B,non_thinking,35,6,10,min_bhattacharyya,3.2767359018325806,higher,3.2767359018325806
Gemma4-E4B,non_thinking,35,6,10,mean_bhattacharyya,11.93710372183058,higher,11.93710372183058
Gemma4-E4B,non_thinking,35,6,10,nc2_class_cosine_deviation,0.23200152791392656,lower,-0.23200152791392656
Gemma4-E4B,non_thinking,35,7,10,logistic_precision,0.16666666666666666,higher,0.16666666666666666
Gemma4-E4B,non_thinking,35,7,10,logistic_recall,0.2,higher,0.2
Gemma4-E4B,non_thinking,35,7,10,logistic_f1,0.18181818181818182,higher,0.18181818181818182
Gemma4-E4B,non_thinking,35,7,10,ncc_recall,0.0,higher,0.0
Gemma4-E4B,non_thinking,35,7,10,silhouette_cosine,-0.2134360373020172,higher,-0.2134360373020172
Gemma4-E4B,non_thinking,35,7,10,within_trace,757.5216064453125,lower,-757.5216064453125
Gemma4-E4B,non_thinking,35,7,10,class_nc1_ratio,7.151097641655918,lower,-7.151097641655918
Gemma4-E4B,non_thinking,35,7,10,centroid_nearest_squared,99.01888275146484,higher,99.01888275146484
Gemma4-E4B,non_thinking,35,7,10,fisher_nearest,0.1307142686214763,higher,0.1307142686214763
Gemma4-E4B,non_thinking,35,7,10,min_bhattacharyya,2.925104856491089,higher,2.925104856491089
Gemma4-E4B,non_thinking,35,7,10,mean_bhattacharyya,10.594786392317879,higher,10.594786392317879
Gemma4-E4B,non_thinking,35,7,10,nc2_class_cosine_deviation,0.5166804380254981,lower,-0.5166804380254981
Gemma4-E4B,non_thinking,35,8,10,logistic_precision,0.0,higher,0.0
Gemma4-E4B,non_thinking,35,8,10,logistic_recall,0.0,higher,0.0
Gemma4-E4B,non_thinking,35,8,10,logistic_f1,0.0,higher,0.0
Gemma4-E4B,non_thinking,35,8,10,ncc_recall,0.0,higher,0.0
Gemma4-E4B,non_thinking,35,8,10,silhouette_cosine,-0.14059901237487793,higher,-0.14059901237487793
Gemma4-E4B,non_thinking,35,8,10,within_trace,777.1283569335938,lower,-777.1283569335938
Gemma4-E4B,non_thinking,35,8,10,class_nc1_ratio,4.752354948135757,lower,-4.752354948135757
Gemma4-E4B,non_thinking,35,8,10,centroid_nearest_squared,70.36019897460938,higher,70.36019897460938
Gemma4-E4B,non_thinking,35,8,10,fisher_nearest,0.09053871004300736,higher,0.09053871004300736
Gemma4-E4B,non_thinking,35,8,10,min_bhattacharyya,2.925104856491089,higher,2.925104856491089
Gemma4-E4B,non_thinking,35,8,10,mean_bhattacharyya,14.449395140012106,higher,14.449395140012106
Gemma4-E4B,non_thinking,35,8,10,nc2_class_cosine_deviation,0.5337189890812208,lower,-0.5337189890812208
Gemma4-E4B,non_thinking,35,9,10,logistic_precision,0.2631578947368421,higher,0.2631578947368421
Gemma4-E4B,non_thinking,35,9,10,logistic_recall,0.5,higher,0.5
Gemma4-E4B,non_thinking,35,9,10,logistic_f1,0.3448275862068966,higher,0.3448275862068966
Gemma4-E4B,non_thinking,35,9,10,ncc_recall,0.2,higher,0.2
Gemma4-E4B,non_thinking,35,9,10,silhouette_cosine,-0.09713134914636612,higher,-0.09713134914636612
Gemma4-E4B,non_thinking,35,9,10,within_trace,604.7244873046875,lower,-604.7244873046875
Gemma4-E4B,non_thinking,35,9,10,class_nc1_ratio,2.7924376194767104,lower,-2.7924376194767104
Gemma4-E4B,non_thinking,35,9,10,centroid_nearest_squared,75.59951782226562,higher,75.59951782226562
Gemma4-E4B,non_thinking,35,9,10,fisher_nearest,0.1250148115536376,higher,0.1250148115536376
Gemma4-E4B,non_thinking,35,9,10,min_bhattacharyya,4.302102088928223,higher,4.302102088928223
Gemma4-E4B,non_thinking,35,9,10,mean_bhattacharyya,21.979425138897366,higher,21.979425138897366
Gemma4-E4B,non_thinking,35,9,10,nc2_class_cosine_deviation,0.5890074924186425,lower,-0.5890074924186425
Gemma4-E4B,non_thinking,35,10,10,logistic_precision,0.25,higher,0.25
Gemma4-E4B,non_thinking,35,10,10,logistic_recall,0.1,higher,0.1
Gemma4-E4B,non_thinking,35,10,10,logistic_f1,0.14285714285714285,higher,0.14285714285714285
Gemma4-E4B,non_thinking,35,10,10,ncc_recall,0.1,higher,0.1
Gemma4-E4B,non_thinking,35,10,10,silhouette_cosine,-0.10641579329967499,higher,-0.10641579329967499
Gemma4-E4B,non_thinking,35,10,10,within_trace,647.2849731445312,lower,-647.2849731445312
Gemma4-E4B,non_thinking,35,10,10,class_nc1_ratio,3.2150141650278106,lower,-3.2150141650278106
Gemma4-E4B,non_thinking,35,10,10,centroid_nearest_squared,70.36019897460938,higher,70.36019897460938
Gemma4-E4B,non_thinking,35,10,10,fisher_nearest,0.10870049807088408,higher,0.10870049807088408
Gemma4-E4B,non_thinking,35,10,10,min_bhattacharyya,3.3481733798980713,higher,3.3481733798980713
Gemma4-E4B,non_thinking,35,10,10,mean_bhattacharyya,17.640880584716797,higher,17.640880584716797
Gemma4-E4B,non_thinking,35,10,10,nc2_class_cosine_deviation,0.5515724763642122,lower,-0.5515724763642122
Gemma4-E4B,native_thinking,35,1,10,logistic_precision,1.0,higher,1.0
Gemma4-E4B,native_thinking,35,1,10,logistic_recall,0.7,higher,0.7
Gemma4-E4B,native_thinking,35,1,10,logistic_f1,0.8235294117647058,higher,0.8235294117647058
Gemma4-E4B,native_thinking,35,1,10,ncc_recall,0.7,higher,0.7
Gemma4-E4B,native_thinking,35,1,10,silhouette_cosine,0.006183771416544914,higher,0.006183771416544914
Gemma4-E4B,native_thinking,35,1,10,within_trace,2461.40625,lower,-2461.40625
Gemma4-E4B,native_thinking,35,1,10,class_nc1_ratio,2.6635602164404917,lower,-2.6635602164404917
Gemma4-E4B,native_thinking,35,1,10,centroid_nearest_squared,1452.324951171875,higher,1452.324951171875
Gemma4-E4B,native_thinking,35,1,10,fisher_nearest,0.5900387029454707,higher,0.5900387029454707
Gemma4-E4B,native_thinking,35,1,10,min_bhattacharyya,4.771022319793701,higher,4.771022319793701
Gemma4-E4B,native_thinking,35,1,10,mean_bhattacharyya,10.940660317738852,higher,10.940660317738852
Gemma4-E4B,native_thinking,35,1,10,nc2_class_cosine_deviation,0.3371618585086163,lower,-0.3371618585086163
Gemma4-E4B,native_thinking,35,2,7,logistic_precision,0.8571428571428571,higher,0.8571428571428571
Gemma4-E4B,native_thinking,35,2,7,logistic_recall,0.8571428571428571,higher,0.8571428571428571
Gemma4-E4B,native_thinking,35,2,7,logistic_f1,0.8571428571428571,higher,0.8571428571428571
Gemma4-E4B,native_thinking,35,2,7,ncc_recall,0.7142857142857143,higher,0.7142857142857143
Gemma4-E4B,native_thinking,35,2,7,silhouette_cosine,-0.13447752594947815,higher,-0.13447752594947815
Gemma4-E4B,native_thinking,35,2,7,within_trace,1225.6368408203125,lower,-1225.6368408203125
Gemma4-E4B,native_thinking,35,2,7,class_nc1_ratio,3.645525788863686,lower,-3.645525788863686
Gemma4-E4B,native_thinking,35,2,7,centroid_nearest_squared,95.37814331054688,higher,95.37814331054688
Gemma4-E4B,native_thinking,35,2,7,fisher_nearest,0.07781925292545121,higher,0.07781925292545121
Gemma4-E4B,native_thinking,35,2,7,min_bhattacharyya,2.1310253143310547,higher,2.1310253143310547
Gemma4-E4B,native_thinking,35,2,7,mean_bhattacharyya,7.034753521283467,higher,7.034753521283467
Gemma4-E4B,native_thinking,35,2,7,nc2_class_cosine_deviation,0.4989169745901485,lower,-0.4989169745901485
Gemma4-E4B,native_thinking,35,3,7,logistic_precision,0.8,higher,0.8
Gemma4-E4B,native_thinking,35,3,7,logistic_recall,0.5714285714285714,higher,0.5714285714285714
Gemma4-E4B,native_thinking,35,3,7,logistic_f1,0.6666666666666666,higher,0.6666666666666666
Gemma4-E4B,native_thinking,35,3,7,ncc_recall,0.14285714285714285,higher,0.14285714285714285
Gemma4-E4B,native_thinking,35,3,7,silhouette_cosine,-0.18753542006015778,higher,-0.18753542006015778
Gemma4-E4B,native_thinking,35,3,7,within_trace,1128.151611328125,lower,-1128.151611328125
Gemma4-E4B,native_thinking,35,3,7,class_nc1_ratio,4.661001930293417,lower,-4.661001930293417
Gemma4-E4B,native_thinking,35,3,7,centroid_nearest_squared,48.56487274169922,higher,48.56487274169922
Gemma4-E4B,native_thinking,35,3,7,fisher_nearest,0.04304817921105999,higher,0.04304817921105999
Gemma4-E4B,native_thinking,35,3,7,min_bhattacharyya,1.3977561593055725,higher,1.3977561593055725
Gemma4-E4B,native_thinking,35,3,7,mean_bhattacharyya,6.088161528110504,higher,6.088161528110504
Gemma4-E4B,native_thinking,35,3,7,nc2_class_cosine_deviation,0.5637349346537649,lower,-0.5637349346537649
Gemma4-E4B,native_thinking,35,4,7,logistic_precision,0.23076923076923078,higher,0.23076923076923078
Gemma4-E4B,native_thinking,35,4,7,logistic_recall,0.42857142857142855,higher,0.42857142857142855
Gemma4-E4B,native_thinking,35,4,7,logistic_f1,0.3,higher,0.3
Gemma4-E4B,native_thinking,35,4,7,ncc_recall,0.42857142857142855,higher,0.42857142857142855
Gemma4-E4B,native_thinking,35,4,7,silhouette_cosine,-0.14985336363315582,higher,-0.14985336363315582
Gemma4-E4B,native_thinking,35,4,7,within_trace,1092.315185546875,lower,-1092.315185546875
Gemma4-E4B,native_thinking,35,4,7,class_nc1_ratio,4.026946851126416,lower,-4.026946851126416
Gemma4-E4B,native_thinking,35,4,7,centroid_nearest_squared,48.56487274169922,higher,48.56487274169922
Gemma4-E4B,native_thinking,35,4,7,fisher_nearest,0.04446049398954834,higher,0.04446049398954834
Gemma4-E4B,native_thinking,35,4,7,min_bhattacharyya,1.3977561593055725,higher,1.3977561593055725
Gemma4-E4B,native_thinking,35,4,7,mean_bhattacharyya,6.273241606023577,higher,6.273241606023577
Gemma4-E4B,native_thinking,35,4,7,nc2_class_cosine_deviation,0.5256294633871244,lower,-0.5256294633871244
Gemma4-E4B,native_thinking,35,5,7,logistic_precision,0.6666666666666666,higher,0.6666666666666666
Gemma4-E4B,native_thinking,35,5,7,logistic_recall,0.5714285714285714,higher,0.5714285714285714
Gemma4-E4B,native_thinking,35,5,7,logistic_f1,0.6153846153846154,higher,0.6153846153846154
Gemma4-E4B,native_thinking,35,5,7,ncc_recall,0.2857142857142857,higher,0.2857142857142857
Gemma4-E4B,native_thinking,35,5,7,silhouette_cosine,-0.2062252312898636,higher,-0.2062252312898636
Gemma4-E4B,native_thinking,35,5,7,within_trace,1225.2918701171875,lower,-1225.2918701171875
Gemma4-E4B,native_thinking,35,5,7,class_nc1_ratio,8.14566682911487,lower,-8.14566682911487
Gemma4-E4B,native_thinking,35,5,7,centroid_nearest_squared,39.78547286987305,higher,39.78547286987305
Gemma4-E4B,native_thinking,35,5,7,fisher_nearest,0.03247020064376004,higher,0.03247020064376004
Gemma4-E4B,native_thinking,35,5,7,min_bhattacharyya,1.4622803330421448,higher,1.4622803330421448
Gemma4-E4B,native_thinking,35,5,7,mean_bhattacharyya,5.111557987001207,higher,5.111557987001207
Gemma4-E4B,native_thinking,35,5,7,nc2_class_cosine_deviation,0.49758315822224564,lower,-0.49758315822224564
Gemma4-E4B,native_thinking,35,6,7,logistic_precision,0.6,higher,0.6
Gemma4-E4B,native_thinking,35,6,7,logistic_recall,0.42857142857142855,higher,0.42857142857142855
Gemma4-E4B,native_thinking,35,6,7,logistic_f1,0.5,higher,0.5
Gemma4-E4B,native_thinking,35,6,7,ncc_recall,0.14285714285714285,higher,0.14285714285714285
Gemma4-E4B,native_thinking,35,6,7,silhouette_cosine,-0.23275771737098694,higher,-0.23275771737098694
Gemma4-E4B,native_thinking,35,6,7,within_trace,1176.3192138671875,lower,-1176.3192138671875
Gemma4-E4B,native_thinking,35,6,7,class_nc1_ratio,7.93062433149893,lower,-7.93062433149893
Gemma4-E4B,native_thinking,35,6,7,centroid_nearest_squared,39.78547286987305,higher,39.78547286987305
Gemma4-E4B,native_thinking,35,6,7,fisher_nearest,0.033822003756171774,higher,0.033822003756171774
Gemma4-E4B,native_thinking,35,6,7,min_bhattacharyya,1.4622803330421448,higher,1.4622803330421448
Gemma4-E4B,native_thinking,35,6,7,mean_bhattacharyya,5.040460195806292,higher,5.040460195806292
Gemma4-E4B,native_thinking,35,6,7,nc2_class_cosine_deviation,0.4893972539791355,lower,-0.4893972539791355
Gemma4-E4B,native_thinking,35,7,7,logistic_precision,1.0,higher,1.0
Gemma4-E4B,native_thinking,35,7,7,logistic_recall,0.14285714285714285,higher,0.14285714285714285
Gemma4-E4B,native_thinking,35,7,7,logistic_f1,0.25,higher,0.25
Gemma4-E4B,native_thinking,35,7,7,ncc_recall,0.14285714285714285,higher,0.14285714285714285
Gemma4-E4B,native_thinking,35,7,7,silhouette_cosine,-0.18447427451610565,higher,-0.18447427451610565
Gemma4-E4B,native_thinking,35,7,7,within_trace,1233.1826171875,lower,-1233.1826171875
Gemma4-E4B,native_thinking,35,7,7,class_nc1_ratio,4.179368587545332,lower,-4.179368587545332
Gemma4-E4B,native_thinking,35,7,7,centroid_nearest_squared,184.8231964111328,higher,184.8231964111328
Gemma4-E4B,native_thinking,35,7,7,fisher_nearest,0.14987496080074186,higher,0.14987496080074186
Gemma4-E4B,native_thinking,35,7,7,min_bhattacharyya,1.9291722774505615,higher,1.9291722774505615
Gemma4-E4B,native_thinking,35,7,7,mean_bhattacharyya,5.125531163480547,higher,5.125531163480547
Gemma4-E4B,native_thinking,35,7,7,nc2_class_cosine_deviation,0.39353874417734735,lower,-0.39353874417734735
Gemma4-E4B,native_thinking,35,8,7,logistic_precision,0.42857142857142855,higher,0.42857142857142855
Gemma4-E4B,native_thinking,35,8,7,logistic_recall,0.42857142857142855,higher,0.42857142857142855
Gemma4-E4B,native_thinking,35,8,7,logistic_f1,0.42857142857142855,higher,0.42857142857142855
Gemma4-E4B,native_thinking,35,8,7,ncc_recall,0.14285714285714285,higher,0.14285714285714285
Gemma4-E4B,native_thinking,35,8,7,silhouette_cosine,-0.29004546999931335,higher,-0.29004546999931335
Gemma4-E4B,native_thinking,35,8,7,within_trace,1884.380615234375,lower,-1884.380615234375
Gemma4-E4B,native_thinking,35,8,7,class_nc1_ratio,4.571245141535892,lower,-4.571245141535892
Gemma4-E4B,native_thinking,35,8,7,centroid_nearest_squared,128.89990234375,higher,128.89990234375
Gemma4-E4B,native_thinking,35,8,7,fisher_nearest,0.0684043877875053,higher,0.0684043877875053
Gemma4-E4B,native_thinking,35,8,7,min_bhattacharyya,1.4546098709106445,higher,1.4546098709106445
Gemma4-E4B,native_thinking,35,8,7,mean_bhattacharyya,5.103631059328715,higher,5.103631059328715
Gemma4-E4B,native_thinking,35,8,7,nc2_class_cosine_deviation,0.43827420151160085,lower,-0.43827420151160085
Gemma4-E4B,native_thinking,35,9,5,logistic_precision,0.14285714285714285,higher,0.14285714285714285
Gemma4-E4B,native_thinking,35,9,5,logistic_recall,0.2,higher,0.2
Gemma4-E4B,native_thinking,35,9,5,logistic_f1,0.16666666666666666,higher,0.16666666666666666
Gemma4-E4B,native_thinking,35,9,5,ncc_recall,0.6,higher,0.6
Gemma4-E4B,native_thinking,35,9,5,silhouette_cosine,-0.2821923494338989,higher,-0.2821923494338989
Gemma4-E4B,native_thinking,35,9,5,within_trace,2101.83642578125,lower,-2101.83642578125
Gemma4-E4B,native_thinking,35,9,5,class_nc1_ratio,4.053933487848809,lower,-4.053933487848809
Gemma4-E4B,native_thinking,35,9,5,centroid_nearest_squared,128.89990234375,higher,128.89990234375
Gemma4-E4B,native_thinking,35,9,5,fisher_nearest,0.06132727588248837,higher,0.06132727588248837
Gemma4-E4B,native_thinking,35,9,5,min_bhattacharyya,1.4546098709106445,higher,1.4546098709106445
Gemma4-E4B,native_thinking,35,9,5,mean_bhattacharyya,6.398504548602634,higher,6.398504548602634
Gemma4-E4B,native_thinking,35,9,5,nc2_class_cosine_deviation,0.500869412481049,lower,-0.500869412481049
Gemma4-E4B,native_thinking,35,10,3,logistic_precision,0.3333333333333333,higher,0.3333333333333333
Gemma4-E4B,native_thinking,35,10,3,logistic_recall,1.0,higher,1.0
Gemma4-E4B,native_thinking,35,10,3,logistic_f1,0.5,higher,0.5
Gemma4-E4B,native_thinking,35,10,3,ncc_recall,0.6666666666666666,higher,0.6666666666666666
Gemma4-E4B,native_thinking,35,10,3,silhouette_cosine,0.10341540724039078,higher,0.10341540724039078
Gemma4-E4B,native_thinking,35,10,3,within_trace,1631.312744140625,lower,-1631.312744140625
Gemma4-E4B,native_thinking,35,10,3,class_nc1_ratio,0.9160981185008925,lower,-0.9160981185008925
Gemma4-E4B,native_thinking,35,10,3,centroid_nearest_squared,1462.162353515625,higher,1462.162353515625
Gemma4-E4B,native_thinking,35,10,3,fisher_nearest,0.8963102622519459,higher,0.8963102622519459
Gemma4-E4B,native_thinking,35,10,3,min_bhattacharyya,3.4392521381378174,higher,3.4392521381378174
Gemma4-E4B,native_thinking,35,10,3,mean_bhattacharyya,8.18624636862013,higher,8.18624636862013
Gemma4-E4B,native_thinking,35,10,3,nc2_class_cosine_deviation,0.3945575268180282,lower,-0.3945575268180282
Gemma4-E4B,non_thinking,36,1,10,logistic_precision,0.9090909090909091,higher,0.9090909090909091
Gemma4-E4B,non_thinking,36,1,10,logistic_recall,1.0,higher,1.0
Gemma4-E4B,non_thinking,36,1,10,logistic_f1,0.9523809523809523,higher,0.9523809523809523
Gemma4-E4B,non_thinking,36,1,10,ncc_recall,1.0,higher,1.0
Gemma4-E4B,non_thinking,36,1,10,silhouette_cosine,0.8615454435348511,higher,0.8615454435348511
Gemma4-E4B,non_thinking,36,1,10,within_trace,491.44989013671875,lower,-491.44989013671875
Gemma4-E4B,non_thinking,36,1,10,class_nc1_ratio,0.14197964951326947,lower,-0.14197964951326947
Gemma4-E4B,non_thinking,36,1,10,centroid_nearest_squared,3539.150390625,higher,3539.150390625
Gemma4-E4B,non_thinking,36,1,10,fisher_nearest,7.201447109165956,higher,7.201447109165956
Gemma4-E4B,non_thinking,36,1,10,min_bhattacharyya,58.0997314453125,higher,58.0997314453125
Gemma4-E4B,non_thinking,36,1,10,mean_bhattacharyya,80.48266516791449,higher,80.48266516791449
Gemma4-E4B,non_thinking,36,1,10,nc2_class_cosine_deviation,0.4822114199215982,lower,-0.4822114199215982
Gemma4-E4B,non_thinking,36,2,10,logistic_precision,0.42857142857142855,higher,0.42857142857142855
Gemma4-E4B,non_thinking,36,2,10,logistic_recall,0.6,higher,0.6
Gemma4-E4B,non_thinking,36,2,10,logistic_f1,0.5,higher,0.5
Gemma4-E4B,non_thinking,36,2,10,ncc_recall,0.7,higher,0.7
Gemma4-E4B,non_thinking,36,2,10,silhouette_cosine,0.04103364795446396,higher,0.04103364795446396
Gemma4-E4B,non_thinking,36,2,10,within_trace,781.1652221679688,lower,-781.1652221679688
Gemma4-E4B,non_thinking,36,2,10,class_nc1_ratio,2.921866379166709,lower,-2.921866379166709
Gemma4-E4B,non_thinking,36,2,10,centroid_nearest_squared,197.05303955078125,higher,197.05303955078125
Gemma4-E4B,non_thinking,36,2,10,fisher_nearest,0.252255264262661,higher,0.252255264262661
Gemma4-E4B,non_thinking,36,2,10,min_bhattacharyya,3.4768465757369995,higher,3.4768465757369995
Gemma4-E4B,non_thinking,36,2,10,mean_bhattacharyya,12.633014506763882,higher,12.633014506763882
Gemma4-E4B,non_thinking,36,2,10,nc2_class_cosine_deviation,0.3546994908908267,lower,-0.3546994908908267
Gemma4-E4B,non_thinking,36,3,10,logistic_precision,0.17647058823529413,higher,0.17647058823529413
Gemma4-E4B,non_thinking,36,3,10,logistic_recall,0.3,higher,0.3
Gemma4-E4B,non_thinking,36,3,10,logistic_f1,0.2222222222222222,higher,0.2222222222222222
Gemma4-E4B,non_thinking,36,3,10,ncc_recall,0.2,higher,0.2
Gemma4-E4B,non_thinking,36,3,10,silhouette_cosine,-0.18555006384849548,higher,-0.18555006384849548
Gemma4-E4B,non_thinking,36,3,10,within_trace,1044.191162109375,lower,-1044.191162109375
Gemma4-E4B,non_thinking,36,3,10,class_nc1_ratio,8.921175032793245,lower,-8.921175032793245
Gemma4-E4B,non_thinking,36,3,10,centroid_nearest_squared,135.93679809570312,higher,135.93679809570312
Gemma4-E4B,non_thinking,36,3,10,fisher_nearest,0.1301838236411584,higher,0.1301838236411584
Gemma4-E4B,non_thinking,36,3,10,min_bhattacharyya,2.769895076751709,higher,2.769895076751709
Gemma4-E4B,non_thinking,36,3,10,mean_bhattacharyya,11.758932762675816,higher,11.758932762675816
Gemma4-E4B,non_thinking,36,3,10,nc2_class_cosine_deviation,0.21373670771258116,lower,-0.21373670771258116
Gemma4-E4B,non_thinking,36,4,10,logistic_precision,0.16666666666666666,higher,0.16666666666666666
Gemma4-E4B,non_thinking,36,4,10,logistic_recall,0.2,higher,0.2
Gemma4-E4B,non_thinking,36,4,10,logistic_f1,0.18181818181818182,higher,0.18181818181818182
Gemma4-E4B,non_thinking,36,4,10,ncc_recall,0.2,higher,0.2
Gemma4-E4B,non_thinking,36,4,10,silhouette_cosine,-0.2235753983259201,higher,-0.2235753983259201
Gemma4-E4B,non_thinking,36,4,10,within_trace,1063.790283203125,lower,-1063.790283203125
Gemma4-E4B,non_thinking,36,4,10,class_nc1_ratio,14.78696608432183,lower,-14.78696608432183
Gemma4-E4B,non_thinking,36,4,10,centroid_nearest_squared,126.7000503540039,higher,126.7000503540039
Gemma4-E4B,non_thinking,36,4,10,fisher_nearest,0.11910247005876366,higher,0.11910247005876366
Gemma4-E4B,non_thinking,36,4,10,min_bhattacharyya,2.769895076751709,higher,2.769895076751709
Gemma4-E4B,non_thinking,36,4,10,mean_bhattacharyya,10.591670234998068,higher,10.591670234998068
Gemma4-E4B,non_thinking,36,4,10,nc2_class_cosine_deviation,0.34241883806240414,lower,-0.34241883806240414
Gemma4-E4B,non_thinking,36,5,10,logistic_precision,1.0,higher,1.0
Gemma4-E4B,non_thinking,36,5,10,logistic_recall,0.2,higher,0.2
Gemma4-E4B,non_thinking,36,5,10,logistic_f1,0.3333333333333333,higher,0.3333333333333333
Gemma4-E4B,non_thinking,36,5,10,ncc_recall,0.2,higher,0.2
Gemma4-E4B,non_thinking,36,5,10,silhouette_cosine,-0.16273166239261627,higher,-0.16273166239261627
Gemma4-E4B,non_thinking,36,5,10,within_trace,919.2169189453125,lower,-919.2169189453125
Gemma4-E4B,non_thinking,36,5,10,class_nc1_ratio,8.158828783177366,lower,-8.158828783177366
Gemma4-E4B,non_thinking,36,5,10,centroid_nearest_squared,85.35128021240234,higher,85.35128021240234
Gemma4-E4B,non_thinking,36,5,10,fisher_nearest,0.09285216411196212,higher,0.09285216411196212
Gemma4-E4B,non_thinking,36,5,10,min_bhattacharyya,3.118436574935913,higher,3.118436574935913
Gemma4-E4B,non_thinking,36,5,10,mean_bhattacharyya,12.660531255933973,higher,12.660531255933973
Gemma4-E4B,non_thinking,36,5,10,nc2_class_cosine_deviation,0.5294587884880142,lower,-0.5294587884880142
Gemma4-E4B,non_thinking,36,6,10,logistic_precision,0.1,higher,0.1
Gemma4-E4B,non_thinking,36,6,10,logistic_recall,0.1,higher,0.1
Gemma4-E4B,non_thinking,36,6,10,logistic_f1,0.1,higher,0.1
Gemma4-E4B,non_thinking,36,6,10,ncc_recall,0.2,higher,0.2
Gemma4-E4B,non_thinking,36,6,10,silhouette_cosine,-0.2100248783826828,higher,-0.2100248783826828
Gemma4-E4B,non_thinking,36,6,10,within_trace,1048.20751953125,lower,-1048.20751953125
Gemma4-E4B,non_thinking,36,6,10,class_nc1_ratio,6.909414725865157,lower,-6.909414725865157
Gemma4-E4B,non_thinking,36,6,10,centroid_nearest_squared,174.4500732421875,higher,174.4500732421875
Gemma4-E4B,non_thinking,36,6,10,fisher_nearest,0.16642703853164512,higher,0.16642703853164512
Gemma4-E4B,non_thinking,36,6,10,min_bhattacharyya,3.3201334476470947,higher,3.3201334476470947
Gemma4-E4B,non_thinking,36,6,10,mean_bhattacharyya,11.709773725933498,higher,11.709773725933498
Gemma4-E4B,non_thinking,36,6,10,nc2_class_cosine_deviation,0.259374461217243,lower,-0.259374461217243
Gemma4-E4B,non_thinking,36,7,10,logistic_precision,0.0,higher,0.0
Gemma4-E4B,non_thinking,36,7,10,logistic_recall,0.0,higher,0.0
Gemma4-E4B,non_thinking,36,7,10,logistic_f1,0.0,higher,0.0
Gemma4-E4B,non_thinking,36,7,10,ncc_recall,0.0,higher,0.0
Gemma4-E4B,non_thinking,36,7,10,silhouette_cosine,-0.21000857651233673,higher,-0.21000857651233673
Gemma4-E4B,non_thinking,36,7,10,within_trace,741.33154296875,lower,-741.33154296875
Gemma4-E4B,non_thinking,36,7,10,class_nc1_ratio,6.734453235399914,lower,-6.734453235399914
Gemma4-E4B,non_thinking,36,7,10,centroid_nearest_squared,102.85218811035156,higher,102.85218811035156
Gemma4-E4B,non_thinking,36,7,10,fisher_nearest,0.1387397974440259,higher,0.1387397974440259
Gemma4-E4B,non_thinking,36,7,10,min_bhattacharyya,2.9726275205612183,higher,2.9726275205612183
Gemma4-E4B,non_thinking,36,7,10,mean_bhattacharyya,10.239300648371378,higher,10.239300648371378
Gemma4-E4B,non_thinking,36,7,10,nc2_class_cosine_deviation,0.5224181293153468,lower,-0.5224181293153468
Gemma4-E4B,non_thinking,36,8,10,logistic_precision,0.0,higher,0.0
Gemma4-E4B,non_thinking,36,8,10,logistic_recall,0.0,higher,0.0
Gemma4-E4B,non_thinking,36,8,10,logistic_f1,0.0,higher,0.0
Gemma4-E4B,non_thinking,36,8,10,ncc_recall,0.0,higher,0.0
Gemma4-E4B,non_thinking,36,8,10,silhouette_cosine,-0.1393456757068634,higher,-0.1393456757068634
Gemma4-E4B,non_thinking,36,8,10,within_trace,753.304443359375,lower,-753.304443359375
Gemma4-E4B,non_thinking,36,8,10,class_nc1_ratio,4.474842934634691,lower,-4.474842934634691
Gemma4-E4B,non_thinking,36,8,10,centroid_nearest_squared,71.57958984375,higher,71.57958984375
Gemma4-E4B,non_thinking,36,8,10,fisher_nearest,0.0950207986621445,higher,0.0950207986621445
Gemma4-E4B,non_thinking,36,8,10,min_bhattacharyya,2.9726275205612183,higher,2.9726275205612183
Gemma4-E4B,non_thinking,36,8,10,mean_bhattacharyya,13.961571627193027,higher,13.961571627193027
Gemma4-E4B,non_thinking,36,8,10,nc2_class_cosine_deviation,0.5365498723623193,lower,-0.5365498723623193
Gemma4-E4B,non_thinking,36,9,10,logistic_precision,0.3333333333333333,higher,0.3333333333333333
Gemma4-E4B,non_thinking,36,9,10,logistic_recall,0.6,higher,0.6
Gemma4-E4B,non_thinking,36,9,10,logistic_f1,0.42857142857142855,higher,0.42857142857142855
Gemma4-E4B,non_thinking,36,9,10,ncc_recall,0.2,higher,0.2
Gemma4-E4B,non_thinking,36,9,10,silhouette_cosine,-0.09209946542978287,higher,-0.09209946542978287
Gemma4-E4B,non_thinking,36,9,10,within_trace,575.8087158203125,lower,-575.8087158203125
Gemma4-E4B,non_thinking,36,9,10,class_nc1_ratio,2.6075012530742963,lower,-2.6075012530742963
Gemma4-E4B,non_thinking,36,9,10,centroid_nearest_squared,76.70108032226562,higher,76.70108032226562
Gemma4-E4B,non_thinking,36,9,10,fisher_nearest,0.13320583418574208,higher,0.13320583418574208
Gemma4-E4B,non_thinking,36,9,10,min_bhattacharyya,4.385768175125122,higher,4.385768175125122
Gemma4-E4B,non_thinking,36,9,10,mean_bhattacharyya,20.91563696331448,higher,20.91563696331448
Gemma4-E4B,non_thinking,36,9,10,nc2_class_cosine_deviation,0.587303932066317,lower,-0.587303932066317
Gemma4-E4B,non_thinking,36,10,10,logistic_precision,0.25,higher,0.25
Gemma4-E4B,non_thinking,36,10,10,logistic_recall,0.1,higher,0.1
Gemma4-E4B,non_thinking,36,10,10,logistic_f1,0.14285714285714285,higher,0.14285714285714285
Gemma4-E4B,non_thinking,36,10,10,ncc_recall,0.0,higher,0.0
Gemma4-E4B,non_thinking,36,10,10,silhouette_cosine,-0.12079360336065292,higher,-0.12079360336065292
Gemma4-E4B,non_thinking,36,10,10,within_trace,647.9490966796875,lower,-647.9490966796875
Gemma4-E4B,non_thinking,36,10,10,class_nc1_ratio,3.2653623887752037,lower,-3.2653623887752037
Gemma4-E4B,non_thinking,36,10,10,centroid_nearest_squared,71.57958984375,higher,71.57958984375
Gemma4-E4B,non_thinking,36,10,10,fisher_nearest,0.11047100800132027,higher,0.11047100800132027
Gemma4-E4B,non_thinking,36,10,10,min_bhattacharyya,3.3119475841522217,higher,3.3119475841522217
Gemma4-E4B,non_thinking,36,10,10,mean_bhattacharyya,16.397789902157253,higher,16.397789902157253
Gemma4-E4B,non_thinking,36,10,10,nc2_class_cosine_deviation,0.5599989439418286,lower,-0.5599989439418286
Gemma4-E4B,native_thinking,36,1,10,logistic_precision,1.0,higher,1.0
Gemma4-E4B,native_thinking,36,1,10,logistic_recall,0.7,higher,0.7
Gemma4-E4B,native_thinking,36,1,10,logistic_f1,0.8235294117647058,higher,0.8235294117647058
Gemma4-E4B,native_thinking,36,1,10,ncc_recall,0.7,higher,0.7
Gemma4-E4B,native_thinking,36,1,10,silhouette_cosine,0.009427684359252453,higher,0.009427684359252453
Gemma4-E4B,native_thinking,36,1,10,within_trace,2342.02001953125,lower,-2342.02001953125
Gemma4-E4B,native_thinking,36,1,10,class_nc1_ratio,2.512194117085726,lower,-2.512194117085726
Gemma4-E4B,native_thinking,36,1,10,centroid_nearest_squared,1381.8961181640625,higher,1381.8961181640625
Gemma4-E4B,native_thinking,36,1,10,fisher_nearest,0.5900445370405697,higher,0.5900445370405697
Gemma4-E4B,native_thinking,36,1,10,min_bhattacharyya,4.8465492725372314,higher,4.8465492725372314
Gemma4-E4B,native_thinking,36,1,10,mean_bhattacharyya,10.999473333358765,higher,10.999473333358765
Gemma4-E4B,native_thinking,36,1,10,nc2_class_cosine_deviation,0.35010440114103714,lower,-0.35010440114103714
Gemma4-E4B,native_thinking,36,2,7,logistic_precision,0.7142857142857143,higher,0.7142857142857143
Gemma4-E4B,native_thinking,36,2,7,logistic_recall,0.7142857142857143,higher,0.7142857142857143
Gemma4-E4B,native_thinking,36,2,7,logistic_f1,0.7142857142857143,higher,0.7142857142857143
Gemma4-E4B,native_thinking,36,2,7,ncc_recall,0.7142857142857143,higher,0.7142857142857143
Gemma4-E4B,native_thinking,36,2,7,silhouette_cosine,-0.14425913989543915,higher,-0.14425913989543915
Gemma4-E4B,native_thinking,36,2,7,within_trace,1268.6649169921875,lower,-1268.6649169921875
Gemma4-E4B,native_thinking,36,2,7,class_nc1_ratio,4.200337843642132,lower,-4.200337843642132
Gemma4-E4B,native_thinking,36,2,7,centroid_nearest_squared,92.43667602539062,higher,92.43667602539062
Gemma4-E4B,native_thinking,36,2,7,fisher_nearest,0.07286137953947996,higher,0.07286137953947996
Gemma4-E4B,native_thinking,36,2,7,min_bhattacharyya,2.031187653541565,higher,2.031187653541565
Gemma4-E4B,native_thinking,36,2,7,mean_bhattacharyya,6.749090459611681,higher,6.749090459611681
Gemma4-E4B,native_thinking,36,2,7,nc2_class_cosine_deviation,0.488727421488291,lower,-0.488727421488291
Gemma4-E4B,native_thinking,36,3,7,logistic_precision,0.5714285714285714,higher,0.5714285714285714
Gemma4-E4B,native_thinking,36,3,7,logistic_recall,0.5714285714285714,higher,0.5714285714285714
Gemma4-E4B,native_thinking,36,3,7,logistic_f1,0.5714285714285714,higher,0.5714285714285714
Gemma4-E4B,native_thinking,36,3,7,ncc_recall,0.14285714285714285,higher,0.14285714285714285
Gemma4-E4B,native_thinking,36,3,7,silhouette_cosine,-0.1989971399307251,higher,-0.1989971399307251
Gemma4-E4B,native_thinking,36,3,7,within_trace,1167.3955078125,lower,-1167.3955078125
Gemma4-E4B,native_thinking,36,3,7,class_nc1_ratio,5.479060044320139,lower,-5.479060044320139
Gemma4-E4B,native_thinking,36,3,7,centroid_nearest_squared,40.824005126953125,higher,40.824005126953125
Gemma4-E4B,native_thinking,36,3,7,fisher_nearest,0.03497015780320274,higher,0.03497015780320274
Gemma4-E4B,native_thinking,36,3,7,min_bhattacharyya,1.2055100202560425,higher,1.2055100202560425
Gemma4-E4B,native_thinking,36,3,7,mean_bhattacharyya,5.81376400258806,higher,5.81376400258806
Gemma4-E4B,native_thinking,36,3,7,nc2_class_cosine_deviation,0.5494953916396624,lower,-0.5494953916396624
Gemma4-E4B,native_thinking,36,4,7,logistic_precision,0.4,higher,0.4
Gemma4-E4B,native_thinking,36,4,7,logistic_recall,0.5714285714285714,higher,0.5714285714285714
Gemma4-E4B,native_thinking,36,4,7,logistic_f1,0.47058823529411764,higher,0.47058823529411764
Gemma4-E4B,native_thinking,36,4,7,ncc_recall,0.2857142857142857,higher,0.2857142857142857
Gemma4-E4B,native_thinking,36,4,7,silhouette_cosine,-0.1641981303691864,higher,-0.1641981303691864
Gemma4-E4B,native_thinking,36,4,7,within_trace,1136.4464111328125,lower,-1136.4464111328125
Gemma4-E4B,native_thinking,36,4,7,class_nc1_ratio,4.734023847938657,lower,-4.734023847938657
Gemma4-E4B,native_thinking,36,4,7,centroid_nearest_squared,40.824005126953125,higher,40.824005126953125
Gemma4-E4B,native_thinking,36,4,7,fisher_nearest,0.03592250785169858,higher,0.03592250785169858
Gemma4-E4B,native_thinking,36,4,7,min_bhattacharyya,1.2055100202560425,higher,1.2055100202560425
Gemma4-E4B,native_thinking,36,4,7,mean_bhattacharyya,5.915009611182743,higher,5.915009611182743
Gemma4-E4B,native_thinking,36,4,7,nc2_class_cosine_deviation,0.5158173235846155,lower,-0.5158173235846155
Gemma4-E4B,native_thinking,36,5,7,logistic_precision,0.5,higher,0.5
Gemma4-E4B,native_thinking,36,5,7,logistic_recall,0.2857142857142857,higher,0.2857142857142857
Gemma4-E4B,native_thinking,36,5,7,logistic_f1,0.36363636363636365,higher,0.36363636363636365
Gemma4-E4B,native_thinking,36,5,7,ncc_recall,0.2857142857142857,higher,0.2857142857142857
Gemma4-E4B,native_thinking,36,5,7,silhouette_cosine,-0.21005995571613312,higher,-0.21005995571613312
Gemma4-E4B,native_thinking,36,5,7,within_trace,1285.572265625,lower,-1285.572265625
Gemma4-E4B,native_thinking,36,5,7,class_nc1_ratio,8.87715708086558,lower,-8.87715708086558
Gemma4-E4B,native_thinking,36,5,7,centroid_nearest_squared,37.85797119140625,higher,37.85797119140625
Gemma4-E4B,native_thinking,36,5,7,fisher_nearest,0.02944834157028196,higher,0.02944834157028196
Gemma4-E4B,native_thinking,36,5,7,min_bhattacharyya,1.3768470883369446,higher,1.3768470883369446
Gemma4-E4B,native_thinking,36,5,7,mean_bhattacharyya,4.908580091264513,higher,4.908580091264513
Gemma4-E4B,native_thinking,36,5,7,nc2_class_cosine_deviation,0.5082704995149449,lower,-0.5082704995149449
Gemma4-E4B,native_thinking,36,6,7,logistic_precision,0.5,higher,0.5
Gemma4-E4B,native_thinking,36,6,7,logistic_recall,0.5714285714285714,higher,0.5714285714285714
Gemma4-E4B,native_thinking,36,6,7,logistic_f1,0.5333333333333333,higher,0.5333333333333333
Gemma4-E4B,native_thinking,36,6,7,ncc_recall,0.0,higher,0.0
Gemma4-E4B,native_thinking,36,6,7,silhouette_cosine,-0.22329099476337433,higher,-0.22329099476337433
Gemma4-E4B,native_thinking,36,6,7,within_trace,1243.9298095703125,lower,-1243.9298095703125
Gemma4-E4B,native_thinking,36,6,7,class_nc1_ratio,8.180925053772885,lower,-8.180925053772885
Gemma4-E4B,native_thinking,36,6,7,centroid_nearest_squared,37.85797119140625,higher,37.85797119140625
Gemma4-E4B,native_thinking,36,6,7,fisher_nearest,0.03043416991870581,higher,0.03043416991870581
Gemma4-E4B,native_thinking,36,6,7,min_bhattacharyya,1.3768470883369446,higher,1.3768470883369446
Gemma4-E4B,native_thinking,36,6,7,mean_bhattacharyya,4.92231767045127,higher,4.92231767045127
Gemma4-E4B,native_thinking,36,6,7,nc2_class_cosine_deviation,0.4959092985976626,lower,-0.4959092985976626
Gemma4-E4B,native_thinking,36,7,7,logistic_precision,0.3333333333333333,higher,0.3333333333333333
Gemma4-E4B,native_thinking,36,7,7,logistic_recall,0.2857142857142857,higher,0.2857142857142857
Gemma4-E4B,native_thinking,36,7,7,logistic_f1,0.3076923076923077,higher,0.3076923076923077
Gemma4-E4B,native_thinking,36,7,7,ncc_recall,0.14285714285714285,higher,0.14285714285714285
Gemma4-E4B,native_thinking,36,7,7,silhouette_cosine,-0.17968595027923584,higher,-0.17968595027923584
Gemma4-E4B,native_thinking,36,7,7,within_trace,1294.4722900390625,lower,-1294.4722900390625
Gemma4-E4B,native_thinking,36,7,7,class_nc1_ratio,4.288169344403789,lower,-4.288169344403789
Gemma4-E4B,native_thinking,36,7,7,centroid_nearest_squared,164.07412719726562,higher,164.07412719726562
Gemma4-E4B,native_thinking,36,7,7,fisher_nearest,0.12674981802222623,higher,0.12674981802222623
Gemma4-E4B,native_thinking,36,7,7,min_bhattacharyya,1.8177125453948975,higher,1.8177125453948975
Gemma4-E4B,native_thinking,36,7,7,mean_bhattacharyya,4.980762302875519,higher,4.980762302875519
Gemma4-E4B,native_thinking,36,7,7,nc2_class_cosine_deviation,0.4002888360877096,lower,-0.4002888360877096
Gemma4-E4B,native_thinking,36,8,7,logistic_precision,0.4,higher,0.4
Gemma4-E4B,native_thinking,36,8,7,logistic_recall,0.5714285714285714,higher,0.5714285714285714
Gemma4-E4B,native_thinking,36,8,7,logistic_f1,0.47058823529411764,higher,0.47058823529411764
Gemma4-E4B,native_thinking,36,8,7,ncc_recall,0.14285714285714285,higher,0.14285714285714285
Gemma4-E4B,native_thinking,36,8,7,silhouette_cosine,-0.27612558007240295,higher,-0.27612558007240295
Gemma4-E4B,native_thinking,36,8,7,within_trace,1890.01513671875,lower,-1890.01513671875
Gemma4-E4B,native_thinking,36,8,7,class_nc1_ratio,4.971455677816511,lower,-4.971455677816511
Gemma4-E4B,native_thinking,36,8,7,centroid_nearest_squared,129.5706787109375,higher,129.5706787109375
Gemma4-E4B,native_thinking,36,8,7,fisher_nearest,0.06855536561251292,higher,0.06855536561251292
Gemma4-E4B,native_thinking,36,8,7,min_bhattacharyya,1.3545613288879395,higher,1.3545613288879395
Gemma4-E4B,native_thinking,36,8,7,mean_bhattacharyya,4.943844351503584,higher,4.943844351503584
Gemma4-E4B,native_thinking,36,8,7,nc2_class_cosine_deviation,0.4305721791346132,lower,-0.4305721791346132
Gemma4-E4B,native_thinking,36,9,5,logistic_precision,0.5,higher,0.5
Gemma4-E4B,native_thinking,36,9,5,logistic_recall,0.2,higher,0.2
Gemma4-E4B,native_thinking,36,9,5,logistic_f1,0.2857142857142857,higher,0.2857142857142857
Gemma4-E4B,native_thinking,36,9,5,ncc_recall,0.6,higher,0.6
Gemma4-E4B,native_thinking,36,9,5,silhouette_cosine,-0.31005483865737915,higher,-0.31005483865737915
Gemma4-E4B,native_thinking,36,9,5,within_trace,2057.39111328125,lower,-2057.39111328125
Gemma4-E4B,native_thinking,36,9,5,class_nc1_ratio,4.493973107226366,lower,-4.493973107226366
Gemma4-E4B,native_thinking,36,9,5,centroid_nearest_squared,129.5706787109375,higher,129.5706787109375
Gemma4-E4B,native_thinking,36,9,5,fisher_nearest,0.06297814638865162,higher,0.06297814638865162
Gemma4-E4B,native_thinking,36,9,5,min_bhattacharyya,1.3545613288879395,higher,1.3545613288879395
Gemma4-E4B,native_thinking,36,9,5,mean_bhattacharyya,6.027506351470947,higher,6.027506351470947
Gemma4-E4B,native_thinking,36,9,5,nc2_class_cosine_deviation,0.4963174438402977,lower,-0.4963174438402977
Gemma4-E4B,native_thinking,36,10,3,logistic_precision,0.3333333333333333,higher,0.3333333333333333
Gemma4-E4B,native_thinking,36,10,3,logistic_recall,0.6666666666666666,higher,0.6666666666666666
Gemma4-E4B,native_thinking,36,10,3,logistic_f1,0.4444444444444444,higher,0.4444444444444444
Gemma4-E4B,native_thinking,36,10,3,ncc_recall,0.6666666666666666,higher,0.6666666666666666
Gemma4-E4B,native_thinking,36,10,3,silhouette_cosine,0.09952761977910995,higher,0.09952761977910995
Gemma4-E4B,native_thinking,36,10,3,within_trace,1627.5242919921875,lower,-1627.5242919921875
Gemma4-E4B,native_thinking,36,10,3,class_nc1_ratio,0.9352614887969287,lower,-0.9352614887969287
Gemma4-E4B,native_thinking,36,10,3,centroid_nearest_squared,1426.759033203125,higher,1426.759033203125
Gemma4-E4B,native_thinking,36,10,3,fisher_nearest,0.8766437712930762,higher,0.8766437712930762
Gemma4-E4B,native_thinking,36,10,3,min_bhattacharyya,3.3153464794158936,higher,3.3153464794158936
Gemma4-E4B,native_thinking,36,10,3,mean_bhattacharyya,7.78811060057746,higher,7.78811060057746
Gemma4-E4B,native_thinking,36,10,3,nc2_class_cosine_deviation,0.3922564911621588,lower,-0.3922564911621588
Gemma4-E4B,non_thinking,37,1,10,logistic_precision,0.9090909090909091,higher,0.9090909090909091
Gemma4-E4B,non_thinking,37,1,10,logistic_recall,1.0,higher,1.0
Gemma4-E4B,non_thinking,37,1,10,logistic_f1,0.9523809523809523,higher,0.9523809523809523
Gemma4-E4B,non_thinking,37,1,10,ncc_recall,1.0,higher,1.0
Gemma4-E4B,non_thinking,37,1,10,silhouette_cosine,0.8547950983047485,higher,0.8547950983047485
Gemma4-E4B,non_thinking,37,1,10,within_trace,536.9970092773438,lower,-536.9970092773438
Gemma4-E4B,non_thinking,37,1,10,class_nc1_ratio,0.1525378530144282,lower,-0.1525378530144282
Gemma4-E4B,non_thinking,37,1,10,centroid_nearest_squared,3655.767578125,higher,3655.767578125
Gemma4-E4B,non_thinking,37,1,10,fisher_nearest,6.80779876790133,higher,6.80779876790133
Gemma4-E4B,non_thinking,37,1,10,min_bhattacharyya,54.676204681396484,higher,54.676204681396484
Gemma4-E4B,non_thinking,37,1,10,mean_bhattacharyya,75.67749447292752,higher,75.67749447292752
Gemma4-E4B,non_thinking,37,1,10,nc2_class_cosine_deviation,0.48027586007927664,lower,-0.48027586007927664
Gemma4-E4B,non_thinking,37,2,10,logistic_precision,0.4166666666666667,higher,0.4166666666666667
Gemma4-E4B,non_thinking,37,2,10,logistic_recall,0.5,higher,0.5
Gemma4-E4B,non_thinking,37,2,10,logistic_f1,0.45454545454545453,higher,0.45454545454545453
Gemma4-E4B,non_thinking,37,2,10,ncc_recall,0.6,higher,0.6
Gemma4-E4B,non_thinking,37,2,10,silhouette_cosine,0.04372335597872734,higher,0.04372335597872734
Gemma4-E4B,non_thinking,37,2,10,within_trace,797.8920288085938,lower,-797.8920288085938
Gemma4-E4B,non_thinking,37,2,10,class_nc1_ratio,3.015088438880668,lower,-3.015088438880668
Gemma4-E4B,non_thinking,37,2,10,centroid_nearest_squared,202.65438842773438,higher,202.65438842773438
Gemma4-E4B,non_thinking,37,2,10,fisher_nearest,0.2539872327466867,higher,0.2539872327466867
Gemma4-E4B,non_thinking,37,2,10,min_bhattacharyya,3.5440707206726074,higher,3.5440707206726074
Gemma4-E4B,non_thinking,37,2,10,mean_bhattacharyya,12.217872381210327,higher,12.217872381210327
Gemma4-E4B,non_thinking,37,2,10,nc2_class_cosine_deviation,0.3412037393377151,lower,-0.3412037393377151
Gemma4-E4B,non_thinking,37,3,10,logistic_precision,0.125,higher,0.125
Gemma4-E4B,non_thinking,37,3,10,logistic_recall,0.2,higher,0.2
Gemma4-E4B,non_thinking,37,3,10,logistic_f1,0.15384615384615385,higher,0.15384615384615385
Gemma4-E4B,non_thinking,37,3,10,ncc_recall,0.2,higher,0.2
Gemma4-E4B,non_thinking,37,3,10,silhouette_cosine,-0.18020597100257874,higher,-0.18020597100257874
Gemma4-E4B,non_thinking,37,3,10,within_trace,1058.53759765625,lower,-1058.53759765625
Gemma4-E4B,non_thinking,37,3,10,class_nc1_ratio,9.097098167379016,lower,-9.097098167379016
Gemma4-E4B,non_thinking,37,3,10,centroid_nearest_squared,129.460205078125,higher,129.460205078125
Gemma4-E4B,non_thinking,37,3,10,fisher_nearest,0.12230099843857031,higher,0.12230099843857031
Gemma4-E4B,non_thinking,37,3,10,min_bhattacharyya,2.7650434970855713,higher,2.7650434970855713
Gemma4-E4B,non_thinking,37,3,10,mean_bhattacharyya,11.611128449440002,higher,11.611128449440002
Gemma4-E4B,non_thinking,37,3,10,nc2_class_cosine_deviation,0.22972148393545255,lower,-0.22972148393545255
Gemma4-E4B,non_thinking,37,4,10,logistic_precision,0.15384615384615385,higher,0.15384615384615385
Gemma4-E4B,non_thinking,37,4,10,logistic_recall,0.2,higher,0.2
Gemma4-E4B,non_thinking,37,4,10,logistic_f1,0.17391304347826086,higher,0.17391304347826086
Gemma4-E4B,non_thinking,37,4,10,ncc_recall,0.2,higher,0.2
Gemma4-E4B,non_thinking,37,4,10,silhouette_cosine,-0.22527773678302765,higher,-0.22527773678302765
Gemma4-E4B,non_thinking,37,4,10,within_trace,1063.263427734375,lower,-1063.263427734375
Gemma4-E4B,non_thinking,37,4,10,class_nc1_ratio,15.158785932076741,lower,-15.158785932076741
Gemma4-E4B,non_thinking,37,4,10,centroid_nearest_squared,121.376953125,higher,121.376953125
Gemma4-E4B,non_thinking,37,4,10,fisher_nearest,0.11415510959841126,higher,0.11415510959841126
Gemma4-E4B,non_thinking,37,4,10,min_bhattacharyya,2.7650434970855713,higher,2.7650434970855713
Gemma4-E4B,non_thinking,37,4,10,mean_bhattacharyya,10.206620785925123,higher,10.206620785925123
Gemma4-E4B,non_thinking,37,4,10,nc2_class_cosine_deviation,0.3512355985096944,lower,-0.3512355985096944
Gemma4-E4B,non_thinking,37,5,10,logistic_precision,1.0,higher,1.0
Gemma4-E4B,non_thinking,37,5,10,logistic_recall,0.2,higher,0.2
Gemma4-E4B,non_thinking,37,5,10,logistic_f1,0.3333333333333333,higher,0.3333333333333333
Gemma4-E4B,non_thinking,37,5,10,ncc_recall,0.1,higher,0.1
Gemma4-E4B,non_thinking,37,5,10,silhouette_cosine,-0.16205105185508728,higher,-0.16205105185508728
Gemma4-E4B,non_thinking,37,5,10,within_trace,931.4283447265625,lower,-931.4283447265625
Gemma4-E4B,non_thinking,37,5,10,class_nc1_ratio,8.241928313625584,lower,-8.241928313625584
Gemma4-E4B,non_thinking,37,5,10,centroid_nearest_squared,86.83172607421875,higher,86.83172607421875
Gemma4-E4B,non_thinking,37,5,10,fisher_nearest,0.09322426847521992,higher,0.09322426847521992
Gemma4-E4B,non_thinking,37,5,10,min_bhattacharyya,3.1761584281921387,higher,3.1761584281921387
Gemma4-E4B,non_thinking,37,5,10,mean_bhattacharyya,12.600283119413588,higher,12.600283119413588
Gemma4-E4B,non_thinking,37,5,10,nc2_class_cosine_deviation,0.5241486870534258,lower,-0.5241486870534258
Gemma4-E4B,non_thinking,37,6,10,logistic_precision,0.23076923076923078,higher,0.23076923076923078
Gemma4-E4B,non_thinking,37,6,10,logistic_recall,0.3,higher,0.3
Gemma4-E4B,non_thinking,37,6,10,logistic_f1,0.2608695652173913,higher,0.2608695652173913
Gemma4-E4B,non_thinking,37,6,10,ncc_recall,0.2,higher,0.2
Gemma4-E4B,non_thinking,37,6,10,silhouette_cosine,-0.19637653231620789,higher,-0.19637653231620789
Gemma4-E4B,non_thinking,37,6,10,within_trace,1119.592529296875,lower,-1119.592529296875
Gemma4-E4B,non_thinking,37,6,10,class_nc1_ratio,6.596991992494271,lower,-6.596991992494271
Gemma4-E4B,non_thinking,37,6,10,centroid_nearest_squared,181.22576904296875,higher,181.22576904296875
Gemma4-E4B,non_thinking,37,6,10,fisher_nearest,0.1618676119219748,higher,0.1618676119219748
Gemma4-E4B,non_thinking,37,6,10,min_bhattacharyya,3.372407913208008,higher,3.372407913208008
Gemma4-E4B,non_thinking,37,6,10,mean_bhattacharyya,11.092743992805481,higher,11.092743992805481
Gemma4-E4B,non_thinking,37,6,10,nc2_class_cosine_deviation,0.2564941615464143,lower,-0.2564941615464143
Gemma4-E4B,non_thinking,37,7,10,logistic_precision,0.2857142857142857,higher,0.2857142857142857
Gemma4-E4B,non_thinking,37,7,10,logistic_recall,0.4,higher,0.4
Gemma4-E4B,non_thinking,37,7,10,logistic_f1,0.3333333333333333,higher,0.3333333333333333
Gemma4-E4B,non_thinking,37,7,10,ncc_recall,0.0,higher,0.0
Gemma4-E4B,non_thinking,37,7,10,silhouette_cosine,-0.2036658078432083,higher,-0.2036658078432083
Gemma4-E4B,non_thinking,37,7,10,within_trace,718.1381225585938,lower,-718.1381225585938
Gemma4-E4B,non_thinking,37,7,10,class_nc1_ratio,6.55433378084138,lower,-6.55433378084138
Gemma4-E4B,non_thinking,37,7,10,centroid_nearest_squared,101.12274169921875,higher,101.12274169921875
Gemma4-E4B,non_thinking,37,7,10,fisher_nearest,0.1408123848639828,higher,0.1408123848639828
Gemma4-E4B,non_thinking,37,7,10,min_bhattacharyya,3.0188403129577637,higher,3.0188403129577637
Gemma4-E4B,non_thinking,37,7,10,mean_bhattacharyya,9.67939700020684,higher,9.67939700020684
Gemma4-E4B,non_thinking,37,7,10,nc2_class_cosine_deviation,0.5219037745515873,lower,-0.5219037745515873
Gemma4-E4B,non_thinking,37,8,10,logistic_precision,0.0,higher,0.0
Gemma4-E4B,non_thinking,37,8,10,logistic_recall,0.0,higher,0.0
Gemma4-E4B,non_thinking,37,8,10,logistic_f1,0.0,higher,0.0
Gemma4-E4B,non_thinking,37,8,10,ncc_recall,0.0,higher,0.0
Gemma4-E4B,non_thinking,37,8,10,silhouette_cosine,-0.1370886117219925,higher,-0.1370886117219925
Gemma4-E4B,non_thinking,37,8,10,within_trace,750.8648071289062,lower,-750.8648071289062
Gemma4-E4B,non_thinking,37,8,10,class_nc1_ratio,4.534152552664152,lower,-4.534152552664152
Gemma4-E4B,non_thinking,37,8,10,centroid_nearest_squared,72.79513549804688,higher,72.79513549804688
Gemma4-E4B,non_thinking,37,8,10,fisher_nearest,0.09694839178359524,higher,0.09694839178359524
Gemma4-E4B,non_thinking,37,8,10,min_bhattacharyya,3.0188403129577637,higher,3.0188403129577637
Gemma4-E4B,non_thinking,37,8,10,mean_bhattacharyya,13.271450175179375,higher,13.271450175179375
Gemma4-E4B,non_thinking,37,8,10,nc2_class_cosine_deviation,0.5367116390577988,lower,-0.5367116390577988
Gemma4-E4B,non_thinking,37,9,10,logistic_precision,0.2,higher,0.2
Gemma4-E4B,non_thinking,37,9,10,logistic_recall,0.3,higher,0.3
Gemma4-E4B,non_thinking,37,9,10,logistic_f1,0.24,higher,0.24
Gemma4-E4B,non_thinking,37,9,10,ncc_recall,0.2,higher,0.2
Gemma4-E4B,non_thinking,37,9,10,silhouette_cosine,-0.09395954757928848,higher,-0.09395954757928848
Gemma4-E4B,non_thinking,37,9,10,within_trace,565.408447265625,lower,-565.408447265625
Gemma4-E4B,non_thinking,37,9,10,class_nc1_ratio,2.6363319094486006,lower,-2.6363319094486006
Gemma4-E4B,non_thinking,37,9,10,centroid_nearest_squared,74.35124969482422,higher,74.35124969482422
Gemma4-E4B,non_thinking,37,9,10,fisher_nearest,0.13150006876337755,higher,0.13150006876337755
Gemma4-E4B,non_thinking,37,9,10,min_bhattacharyya,4.351684093475342,higher,4.351684093475342
Gemma4-E4B,non_thinking,37,9,10,mean_bhattacharyya,19.728670133484734,higher,19.728670133484734
Gemma4-E4B,non_thinking,37,9,10,nc2_class_cosine_deviation,0.5720477382893916,lower,-0.5720477382893916
Gemma4-E4B,non_thinking,37,10,10,logistic_precision,0.5,higher,0.5
Gemma4-E4B,non_thinking,37,10,10,logistic_recall,0.1,higher,0.1
Gemma4-E4B,non_thinking,37,10,10,logistic_f1,0.16666666666666666,higher,0.16666666666666666
Gemma4-E4B,non_thinking,37,10,10,ncc_recall,0.0,higher,0.0
Gemma4-E4B,non_thinking,37,10,10,silhouette_cosine,-0.11500279605388641,higher,-0.11500279605388641
Gemma4-E4B,non_thinking,37,10,10,within_trace,634.0374755859375,lower,-634.0374755859375
Gemma4-E4B,non_thinking,37,10,10,class_nc1_ratio,3.2602605459069536,lower,-3.2602605459069536
Gemma4-E4B,non_thinking,37,10,10,centroid_nearest_squared,72.79513549804688,higher,72.79513549804688
Gemma4-E4B,non_thinking,37,10,10,fisher_nearest,0.11481203919496115,higher,0.11481203919496115
Gemma4-E4B,non_thinking,37,10,10,min_bhattacharyya,3.412686824798584,higher,3.412686824798584
Gemma4-E4B,non_thinking,37,10,10,mean_bhattacharyya,15.606655385759142,higher,15.606655385759142
Gemma4-E4B,non_thinking,37,10,10,nc2_class_cosine_deviation,0.5543632411662442,lower,-0.5543632411662442
Gemma4-E4B,native_thinking,37,1,10,logistic_precision,1.0,higher,1.0
Gemma4-E4B,native_thinking,37,1,10,logistic_recall,0.7,higher,0.7
Gemma4-E4B,native_thinking,37,1,10,logistic_f1,0.8235294117647058,higher,0.8235294117647058
Gemma4-E4B,native_thinking,37,1,10,ncc_recall,0.6,higher,0.6
Gemma4-E4B,native_thinking,37,1,10,silhouette_cosine,-0.004644267726689577,higher,-0.004644267726689577
Gemma4-E4B,native_thinking,37,1,10,within_trace,2348.88720703125,lower,-2348.88720703125
Gemma4-E4B,native_thinking,37,1,10,class_nc1_ratio,2.713417891525858,lower,-2.713417891525858
Gemma4-E4B,native_thinking,37,1,10,centroid_nearest_squared,1271.5732421875,higher,1271.5732421875
Gemma4-E4B,native_thinking,37,1,10,fisher_nearest,0.5413513421934963,higher,0.5413513421934963
Gemma4-E4B,native_thinking,37,1,10,min_bhattacharyya,4.760221004486084,higher,4.760221004486084
Gemma4-E4B,native_thinking,37,1,10,mean_bhattacharyya,11.017245345645481,higher,11.017245345645481
Gemma4-E4B,native_thinking,37,1,10,nc2_class_cosine_deviation,0.35163691603107217,lower,-0.35163691603107217
Gemma4-E4B,native_thinking,37,2,7,logistic_precision,0.8571428571428571,higher,0.8571428571428571
Gemma4-E4B,native_thinking,37,2,7,logistic_recall,0.8571428571428571,higher,0.8571428571428571
Gemma4-E4B,native_thinking,37,2,7,logistic_f1,0.8571428571428571,higher,0.8571428571428571
Gemma4-E4B,native_thinking,37,2,7,ncc_recall,0.7142857142857143,higher,0.7142857142857143
Gemma4-E4B,native_thinking,37,2,7,silhouette_cosine,-0.14751935005187988,higher,-0.14751935005187988
Gemma4-E4B,native_thinking,37,2,7,within_trace,1253.6025390625,lower,-1253.6025390625
Gemma4-E4B,native_thinking,37,2,7,class_nc1_ratio,4.425127443998076,lower,-4.425127443998076
Gemma4-E4B,native_thinking,37,2,7,centroid_nearest_squared,86.19470977783203,higher,86.19470977783203
Gemma4-E4B,native_thinking,37,2,7,fisher_nearest,0.0687576062523711,higher,0.0687576062523711
Gemma4-E4B,native_thinking,37,2,7,min_bhattacharyya,1.9548940658569336,higher,1.9548940658569336
Gemma4-E4B,native_thinking,37,2,7,mean_bhattacharyya,6.7898462480968895,higher,6.7898462480968895
Gemma4-E4B,native_thinking,37,2,7,nc2_class_cosine_deviation,0.49054824735647373,lower,-0.49054824735647373
Gemma4-E4B,native_thinking,37,3,7,logistic_precision,0.625,higher,0.625
Gemma4-E4B,native_thinking,37,3,7,logistic_recall,0.7142857142857143,higher,0.7142857142857143
Gemma4-E4B,native_thinking,37,3,7,logistic_f1,0.6666666666666666,higher,0.6666666666666666
Gemma4-E4B,native_thinking,37,3,7,ncc_recall,0.14285714285714285,higher,0.14285714285714285
Gemma4-E4B,native_thinking,37,3,7,silhouette_cosine,-0.19915886223316193,higher,-0.19915886223316193
Gemma4-E4B,native_thinking,37,3,7,within_trace,1145.8446044921875,lower,-1145.8446044921875
Gemma4-E4B,native_thinking,37,3,7,class_nc1_ratio,5.687451196954583,lower,-5.687451196954583
Gemma4-E4B,native_thinking,37,3,7,centroid_nearest_squared,33.99921798706055,higher,33.99921798706055
Gemma4-E4B,native_thinking,37,3,7,fisher_nearest,0.02967175291812648,higher,0.02967175291812648
Gemma4-E4B,native_thinking,37,3,7,min_bhattacharyya,1.0900815725326538,higher,1.0900815725326538
Gemma4-E4B,native_thinking,37,3,7,mean_bhattacharyya,5.9059864150153265,higher,5.9059864150153265
Gemma4-E4B,native_thinking,37,3,7,nc2_class_cosine_deviation,0.5577181139845907,lower,-0.5577181139845907
Gemma4-E4B,native_thinking,37,4,7,logistic_precision,0.2222222222222222,higher,0.2222222222222222
Gemma4-E4B,native_thinking,37,4,7,logistic_recall,0.2857142857142857,higher,0.2857142857142857
Gemma4-E4B,native_thinking,37,4,7,logistic_f1,0.25,higher,0.25
Gemma4-E4B,native_thinking,37,4,7,ncc_recall,0.2857142857142857,higher,0.2857142857142857
Gemma4-E4B,native_thinking,37,4,7,silhouette_cosine,-0.1717223823070526,higher,-0.1717223823070526
Gemma4-E4B,native_thinking,37,4,7,within_trace,1123.145751953125,lower,-1123.145751953125
Gemma4-E4B,native_thinking,37,4,7,class_nc1_ratio,4.9853048303867915,lower,-4.9853048303867915
Gemma4-E4B,native_thinking,37,4,7,centroid_nearest_squared,33.99921798706055,higher,33.99921798706055
Gemma4-E4B,native_thinking,37,4,7,fisher_nearest,0.030271421075970487,higher,0.030271421075970487
Gemma4-E4B,native_thinking,37,4,7,min_bhattacharyya,1.0900815725326538,higher,1.0900815725326538
Gemma4-E4B,native_thinking,37,4,7,mean_bhattacharyya,6.0319494936201306,higher,6.0319494936201306
Gemma4-E4B,native_thinking,37,4,7,nc2_class_cosine_deviation,0.5227634353034291,lower,-0.5227634353034291
Gemma4-E4B,native_thinking,37,5,7,logistic_precision,0.5,higher,0.5
Gemma4-E4B,native_thinking,37,5,7,logistic_recall,0.42857142857142855,higher,0.42857142857142855
Gemma4-E4B,native_thinking,37,5,7,logistic_f1,0.46153846153846156,higher,0.46153846153846156
Gemma4-E4B,native_thinking,37,5,7,ncc_recall,0.42857142857142855,higher,0.42857142857142855
Gemma4-E4B,native_thinking,37,5,7,silhouette_cosine,-0.21092994511127472,higher,-0.21092994511127472
Gemma4-E4B,native_thinking,37,5,7,within_trace,1254.1221923828125,lower,-1254.1221923828125
Gemma4-E4B,native_thinking,37,5,7,class_nc1_ratio,8.678891258161919,lower,-8.678891258161919
Gemma4-E4B,native_thinking,37,5,7,centroid_nearest_squared,35.624366760253906,higher,35.624366760253906
Gemma4-E4B,native_thinking,37,5,7,fisher_nearest,0.028405818010897463,higher,0.028405818010897463
Gemma4-E4B,native_thinking,37,5,7,min_bhattacharyya,1.353252500295639,higher,1.353252500295639
Gemma4-E4B,native_thinking,37,5,7,mean_bhattacharyya,5.046151926120122,higher,5.046151926120122
Gemma4-E4B,native_thinking,37,5,7,nc2_class_cosine_deviation,0.5185924924818086,lower,-0.5185924924818086
Gemma4-E4B,native_thinking,37,6,7,logistic_precision,0.5,higher,0.5
Gemma4-E4B,native_thinking,37,6,7,logistic_recall,0.42857142857142855,higher,0.42857142857142855
Gemma4-E4B,native_thinking,37,6,7,logistic_f1,0.46153846153846156,higher,0.46153846153846156
Gemma4-E4B,native_thinking,37,6,7,ncc_recall,0.14285714285714285,higher,0.14285714285714285
Gemma4-E4B,native_thinking,37,6,7,silhouette_cosine,-0.22084665298461914,higher,-0.22084665298461914
Gemma4-E4B,native_thinking,37,6,7,within_trace,1230.112060546875,lower,-1230.112060546875
Gemma4-E4B,native_thinking,37,6,7,class_nc1_ratio,8.3772268805887,lower,-8.3772268805887
Gemma4-E4B,native_thinking,37,6,7,centroid_nearest_squared,35.624366760253906,higher,35.624366760253906
Gemma4-E4B,native_thinking,37,6,7,fisher_nearest,0.028960261347585083,higher,0.028960261347585083
Gemma4-E4B,native_thinking,37,6,7,min_bhattacharyya,1.353252500295639,higher,1.353252500295639
Gemma4-E4B,native_thinking,37,6,7,mean_bhattacharyya,5.026025080018574,higher,5.026025080018574
Gemma4-E4B,native_thinking,37,6,7,nc2_class_cosine_deviation,0.5056852455492373,lower,-0.5056852455492373
Gemma4-E4B,native_thinking,37,7,7,logistic_precision,0.2,higher,0.2
Gemma4-E4B,native_thinking,37,7,7,logistic_recall,0.14285714285714285,higher,0.14285714285714285
Gemma4-E4B,native_thinking,37,7,7,logistic_f1,0.16666666666666666,higher,0.16666666666666666
Gemma4-E4B,native_thinking,37,7,7,ncc_recall,0.14285714285714285,higher,0.14285714285714285
Gemma4-E4B,native_thinking,37,7,7,silhouette_cosine,-0.18775466084480286,higher,-0.18775466084480286
Gemma4-E4B,native_thinking,37,7,7,within_trace,1254.7464599609375,lower,-1254.7464599609375
Gemma4-E4B,native_thinking,37,7,7,class_nc1_ratio,4.378284638491879,lower,-4.378284638491879
Gemma4-E4B,native_thinking,37,7,7,centroid_nearest_squared,159.76690673828125,higher,159.76690673828125
Gemma4-E4B,native_thinking,37,7,7,fisher_nearest,0.1273300318721402,higher,0.1273300318721402
Gemma4-E4B,native_thinking,37,7,7,min_bhattacharyya,1.839406967163086,higher,1.839406967163086
Gemma4-E4B,native_thinking,37,7,7,mean_bhattacharyya,4.976101219654083,higher,4.976101219654083
Gemma4-E4B,native_thinking,37,7,7,nc2_class_cosine_deviation,0.37981944209263646,lower,-0.37981944209263646
Gemma4-E4B,native_thinking,37,8,7,logistic_precision,0.4444444444444444,higher,0.4444444444444444
Gemma4-E4B,native_thinking,37,8,7,logistic_recall,0.5714285714285714,higher,0.5714285714285714
Gemma4-E4B,native_thinking,37,8,7,logistic_f1,0.5,higher,0.5
Gemma4-E4B,native_thinking,37,8,7,ncc_recall,0.14285714285714285,higher,0.14285714285714285
Gemma4-E4B,native_thinking,37,8,7,silhouette_cosine,-0.27498170733451843,higher,-0.27498170733451843
Gemma4-E4B,native_thinking,37,8,7,within_trace,1887.6824951171875,lower,-1887.6824951171875
Gemma4-E4B,native_thinking,37,8,7,class_nc1_ratio,5.154508352041675,lower,-5.154508352041675
Gemma4-E4B,native_thinking,37,8,7,centroid_nearest_squared,121.89436340332031,higher,121.89436340332031
Gemma4-E4B,native_thinking,37,8,7,fisher_nearest,0.06457355181214047,higher,0.06457355181214047
Gemma4-E4B,native_thinking,37,8,7,min_bhattacharyya,1.2777222692966461,higher,1.2777222692966461
Gemma4-E4B,native_thinking,37,8,7,mean_bhattacharyya,5.0822712282339735,higher,5.0822712282339735
Gemma4-E4B,native_thinking,37,8,7,nc2_class_cosine_deviation,0.42280542776908403,lower,-0.42280542776908403
Gemma4-E4B,native_thinking,37,9,5,logistic_precision,0.6666666666666666,higher,0.6666666666666666
Gemma4-E4B,native_thinking,37,9,5,logistic_recall,0.4,higher,0.4
Gemma4-E4B,native_thinking,37,9,5,logistic_f1,0.5,higher,0.5
Gemma4-E4B,native_thinking,37,9,5,ncc_recall,0.6,higher,0.6
Gemma4-E4B,native_thinking,37,9,5,silhouette_cosine,-0.3147706687450409,higher,-0.3147706687450409
Gemma4-E4B,native_thinking,37,9,5,within_trace,2070.70556640625,lower,-2070.70556640625
Gemma4-E4B,native_thinking,37,9,5,class_nc1_ratio,4.751323400489648,lower,-4.751323400489648
Gemma4-E4B,native_thinking,37,9,5,centroid_nearest_squared,121.89436340332031,higher,121.89436340332031
Gemma4-E4B,native_thinking,37,9,5,fisher_nearest,0.058866101188335705,higher,0.058866101188335705
Gemma4-E4B,native_thinking,37,9,5,min_bhattacharyya,1.2777222692966461,higher,1.2777222692966461
Gemma4-E4B,native_thinking,37,9,5,mean_bhattacharyya,6.200704710351096,higher,6.200704710351096
Gemma4-E4B,native_thinking,37,9,5,nc2_class_cosine_deviation,0.49882108892923527,lower,-0.49882108892923527
Gemma4-E4B,native_thinking,37,10,3,logistic_precision,0.42857142857142855,higher,0.42857142857142855
Gemma4-E4B,native_thinking,37,10,3,logistic_recall,1.0,higher,1.0
Gemma4-E4B,native_thinking,37,10,3,logistic_f1,0.6,higher,0.6
Gemma4-E4B,native_thinking,37,10,3,ncc_recall,0.6666666666666666,higher,0.6666666666666666
Gemma4-E4B,native_thinking,37,10,3,silhouette_cosine,0.11798667907714844,higher,0.11798667907714844
Gemma4-E4B,native_thinking,37,10,3,within_trace,1647.05712890625,lower,-1647.05712890625
Gemma4-E4B,native_thinking,37,10,3,class_nc1_ratio,0.9030750895793817,lower,-0.9030750895793817
Gemma4-E4B,native_thinking,37,10,3,centroid_nearest_squared,1478.38623046875,higher,1478.38623046875
Gemma4-E4B,native_thinking,37,10,3,fisher_nearest,0.8975925634410094,higher,0.8975925634410094
Gemma4-E4B,native_thinking,37,10,3,min_bhattacharyya,3.381962299346924,higher,3.381962299346924
Gemma4-E4B,native_thinking,37,10,3,mean_bhattacharyya,8.09140231874254,higher,8.09140231874254
Gemma4-E4B,native_thinking,37,10,3,nc2_class_cosine_deviation,0.39952688691792665,lower,-0.39952688691792665
Gemma4-E4B,non_thinking,38,1,10,logistic_precision,0.9090909090909091,higher,0.9090909090909091
Gemma4-E4B,non_thinking,38,1,10,logistic_recall,1.0,higher,1.0
Gemma4-E4B,non_thinking,38,1,10,logistic_f1,0.9523809523809523,higher,0.9523809523809523
Gemma4-E4B,non_thinking,38,1,10,ncc_recall,1.0,higher,1.0
Gemma4-E4B,non_thinking,38,1,10,silhouette_cosine,0.8467088937759399,higher,0.8467088937759399
Gemma4-E4B,non_thinking,38,1,10,within_trace,603.5914306640625,lower,-603.5914306640625
Gemma4-E4B,non_thinking,38,1,10,class_nc1_ratio,0.1657154322485811,lower,-0.1657154322485811
Gemma4-E4B,non_thinking,38,1,10,centroid_nearest_squared,3817.808349609375,higher,3817.808349609375
Gemma4-E4B,non_thinking,38,1,10,fisher_nearest,6.32515333328884,higher,6.32515333328884
Gemma4-E4B,non_thinking,38,1,10,min_bhattacharyya,54.6214485168457,higher,54.6214485168457
Gemma4-E4B,non_thinking,38,1,10,mean_bhattacharyya,75.08336851331923,higher,75.08336851331923
Gemma4-E4B,non_thinking,38,1,10,nc2_class_cosine_deviation,0.48681558567432703,lower,-0.48681558567432703
Gemma4-E4B,non_thinking,38,2,10,logistic_precision,0.4,higher,0.4
Gemma4-E4B,non_thinking,38,2,10,logistic_recall,0.6,higher,0.6
Gemma4-E4B,non_thinking,38,2,10,logistic_f1,0.48,higher,0.48
Gemma4-E4B,non_thinking,38,2,10,ncc_recall,0.6,higher,0.6
Gemma4-E4B,non_thinking,38,2,10,silhouette_cosine,0.05296932905912399,higher,0.05296932905912399
Gemma4-E4B,non_thinking,38,2,10,within_trace,766.1680908203125,lower,-766.1680908203125
Gemma4-E4B,non_thinking,38,2,10,class_nc1_ratio,2.9864467034626507,lower,-2.9864467034626507
Gemma4-E4B,non_thinking,38,2,10,centroid_nearest_squared,201.96978759765625,higher,201.96978759765625
Gemma4-E4B,non_thinking,38,2,10,fisher_nearest,0.2636102834580509,higher,0.2636102834580509
Gemma4-E4B,non_thinking,38,2,10,min_bhattacharyya,3.50032114982605,higher,3.50032114982605
Gemma4-E4B,non_thinking,38,2,10,mean_bhattacharyya,12.206658522288004,higher,12.206658522288004
Gemma4-E4B,non_thinking,38,2,10,nc2_class_cosine_deviation,0.3280064613546854,lower,-0.3280064613546854
Gemma4-E4B,non_thinking,38,3,10,logistic_precision,0.25,higher,0.25
Gemma4-E4B,non_thinking,38,3,10,logistic_recall,0.4,higher,0.4
Gemma4-E4B,non_thinking,38,3,10,logistic_f1,0.3076923076923077,higher,0.3076923076923077
Gemma4-E4B,non_thinking,38,3,10,ncc_recall,0.2,higher,0.2
Gemma4-E4B,non_thinking,38,3,10,silhouette_cosine,-0.18526719510555267,higher,-0.18526719510555267
Gemma4-E4B,non_thinking,38,3,10,within_trace,1017.3060913085938,lower,-1017.3060913085938
Gemma4-E4B,non_thinking,38,3,10,class_nc1_ratio,9.203251923623306,lower,-9.203251923623306
Gemma4-E4B,non_thinking,38,3,10,centroid_nearest_squared,123.93070983886719,higher,123.93070983886719
Gemma4-E4B,non_thinking,38,3,10,fisher_nearest,0.12182243957612708,higher,0.12182243957612708
Gemma4-E4B,non_thinking,38,3,10,min_bhattacharyya,2.6849364042282104,higher,2.6849364042282104
Gemma4-E4B,non_thinking,38,3,10,mean_bhattacharyya,11.427111360761854,higher,11.427111360761854
Gemma4-E4B,non_thinking,38,3,10,nc2_class_cosine_deviation,0.24692052041674842,lower,-0.24692052041674842
Gemma4-E4B,non_thinking,38,4,10,logistic_precision,0.2222222222222222,higher,0.2222222222222222
Gemma4-E4B,non_thinking,38,4,10,logistic_recall,0.2,higher,0.2
Gemma4-E4B,non_thinking,38,4,10,logistic_f1,0.21052631578947367,higher,0.21052631578947367
Gemma4-E4B,non_thinking,38,4,10,ncc_recall,0.2,higher,0.2
Gemma4-E4B,non_thinking,38,4,10,silhouette_cosine,-0.22971563041210175,higher,-0.22971563041210175
Gemma4-E4B,non_thinking,38,4,10,within_trace,1039.9561767578125,lower,-1039.9561767578125
Gemma4-E4B,non_thinking,38,4,10,class_nc1_ratio,15.279260035217671,lower,-15.279260035217671
Gemma4-E4B,non_thinking,38,4,10,centroid_nearest_squared,118.82010650634766,higher,118.82010650634766
Gemma4-E4B,non_thinking,38,4,10,fisher_nearest,0.11425491685311541,higher,0.11425491685311541
Gemma4-E4B,non_thinking,38,4,10,min_bhattacharyya,2.6849364042282104,higher,2.6849364042282104
Gemma4-E4B,non_thinking,38,4,10,mean_bhattacharyya,9.958711776468489,higher,9.958711776468489
Gemma4-E4B,non_thinking,38,4,10,nc2_class_cosine_deviation,0.3684128375700963,lower,-0.3684128375700963
Gemma4-E4B,non_thinking,38,5,10,logistic_precision,0.5,higher,0.5
Gemma4-E4B,non_thinking,38,5,10,logistic_recall,0.2,higher,0.2
Gemma4-E4B,non_thinking,38,5,10,logistic_f1,0.2857142857142857,higher,0.2857142857142857
Gemma4-E4B,non_thinking,38,5,10,ncc_recall,0.1,higher,0.1
Gemma4-E4B,non_thinking,38,5,10,silhouette_cosine,-0.16725781559944153,higher,-0.16725781559944153
Gemma4-E4B,non_thinking,38,5,10,within_trace,874.2685546875,lower,-874.2685546875
Gemma4-E4B,non_thinking,38,5,10,class_nc1_ratio,7.9927050691984265,lower,-7.9927050691984265
Gemma4-E4B,non_thinking,38,5,10,centroid_nearest_squared,80.63963317871094,higher,80.63963317871094
Gemma4-E4B,non_thinking,38,5,10,fisher_nearest,0.09223668487943605,higher,0.09223668487943605
Gemma4-E4B,non_thinking,38,5,10,min_bhattacharyya,3.272163450717926,higher,3.272163450717926
Gemma4-E4B,non_thinking,38,5,10,mean_bhattacharyya,12.291973676946428,higher,12.291973676946428
Gemma4-E4B,non_thinking,38,5,10,nc2_class_cosine_deviation,0.539788675862422,lower,-0.539788675862422
Gemma4-E4B,non_thinking,38,6,10,logistic_precision,0.23076923076923078,higher,0.23076923076923078
Gemma4-E4B,non_thinking,38,6,10,logistic_recall,0.3,higher,0.3
Gemma4-E4B,non_thinking,38,6,10,logistic_f1,0.2608695652173913,higher,0.2608695652173913
Gemma4-E4B,non_thinking,38,6,10,ncc_recall,0.2,higher,0.2
Gemma4-E4B,non_thinking,38,6,10,silhouette_cosine,-0.20365531742572784,higher,-0.20365531742572784
Gemma4-E4B,non_thinking,38,6,10,within_trace,1127.9349365234375,lower,-1127.9349365234375
Gemma4-E4B,non_thinking,38,6,10,class_nc1_ratio,6.813605490403744,lower,-6.813605490403744
Gemma4-E4B,non_thinking,38,6,10,centroid_nearest_squared,176.97149658203125,higher,176.97149658203125
Gemma4-E4B,non_thinking,38,6,10,fisher_nearest,0.15689867460573506,higher,0.15689867460573506
Gemma4-E4B,non_thinking,38,6,10,min_bhattacharyya,3.2391672134399414,higher,3.2391672134399414
Gemma4-E4B,non_thinking,38,6,10,mean_bhattacharyya,11.143156343036228,higher,11.143156343036228
Gemma4-E4B,non_thinking,38,6,10,nc2_class_cosine_deviation,0.25187248454923616,lower,-0.25187248454923616
Gemma4-E4B,non_thinking,38,7,10,logistic_precision,0.2,higher,0.2
Gemma4-E4B,non_thinking,38,7,10,logistic_recall,0.3,higher,0.3
Gemma4-E4B,non_thinking,38,7,10,logistic_f1,0.24,higher,0.24
Gemma4-E4B,non_thinking,38,7,10,ncc_recall,0.0,higher,0.0
Gemma4-E4B,non_thinking,38,7,10,silhouette_cosine,-0.20005042850971222,higher,-0.20005042850971222
Gemma4-E4B,non_thinking,38,7,10,within_trace,716.5935668945312,lower,-716.5935668945312
Gemma4-E4B,non_thinking,38,7,10,class_nc1_ratio,6.378049268318329,lower,-6.378049268318329
Gemma4-E4B,non_thinking,38,7,10,centroid_nearest_squared,100.389892578125,higher,100.389892578125
Gemma4-E4B,non_thinking,38,7,10,fisher_nearest,0.14009320933926336,higher,0.14009320933926336
Gemma4-E4B,non_thinking,38,7,10,min_bhattacharyya,3.088141083717346,higher,3.088141083717346
Gemma4-E4B,non_thinking,38,7,10,mean_bhattacharyya,9.806171311272514,higher,9.806171311272514
Gemma4-E4B,non_thinking,38,7,10,nc2_class_cosine_deviation,0.527651007965575,lower,-0.527651007965575
Gemma4-E4B,non_thinking,38,8,10,logistic_precision,0.0,higher,0.0
Gemma4-E4B,non_thinking,38,8,10,logistic_recall,0.0,higher,0.0
Gemma4-E4B,non_thinking,38,8,10,logistic_f1,0.0,higher,0.0
Gemma4-E4B,non_thinking,38,8,10,ncc_recall,0.0,higher,0.0
Gemma4-E4B,non_thinking,38,8,10,silhouette_cosine,-0.13905414938926697,higher,-0.13905414938926697
Gemma4-E4B,non_thinking,38,8,10,within_trace,742.8703002929688,lower,-742.8703002929688
Gemma4-E4B,non_thinking,38,8,10,class_nc1_ratio,4.493995708750478,lower,-4.493995708750478
Gemma4-E4B,non_thinking,38,8,10,centroid_nearest_squared,70.51536560058594,higher,70.51536560058594
Gemma4-E4B,non_thinking,38,8,10,fisher_nearest,0.09492284934904048,higher,0.09492284934904048
Gemma4-E4B,non_thinking,38,8,10,min_bhattacharyya,3.088141083717346,higher,3.088141083717346
Gemma4-E4B,non_thinking,38,8,10,mean_bhattacharyya,13.40750155184004,higher,13.40750155184004
Gemma4-E4B,non_thinking,38,8,10,nc2_class_cosine_deviation,0.547120736658941,lower,-0.547120736658941
Gemma4-E4B,non_thinking,38,9,10,logistic_precision,0.23076923076923078,higher,0.23076923076923078
Gemma4-E4B,non_thinking,38,9,10,logistic_recall,0.3,higher,0.3
Gemma4-E4B,non_thinking,38,9,10,logistic_f1,0.2608695652173913,higher,0.2608695652173913
Gemma4-E4B,non_thinking,38,9,10,ncc_recall,0.0,higher,0.0
Gemma4-E4B,non_thinking,38,9,10,silhouette_cosine,-0.09615729004144669,higher,-0.09615729004144669
Gemma4-E4B,non_thinking,38,9,10,within_trace,548.8871459960938,lower,-548.8871459960938
Gemma4-E4B,non_thinking,38,9,10,class_nc1_ratio,2.6030546366734484,lower,-2.6030546366734484
Gemma4-E4B,non_thinking,38,9,10,centroid_nearest_squared,72.92884826660156,higher,72.92884826660156
Gemma4-E4B,non_thinking,38,9,10,fisher_nearest,0.1328667446461218,higher,0.1328667446461218
Gemma4-E4B,non_thinking,38,9,10,min_bhattacharyya,4.338961124420166,higher,4.338961124420166
Gemma4-E4B,non_thinking,38,9,10,mean_bhattacharyya,19.250100321239895,higher,19.250100321239895
Gemma4-E4B,non_thinking,38,9,10,nc2_class_cosine_deviation,0.5797019720445444,lower,-0.5797019720445444
Gemma4-E4B,non_thinking,38,10,10,logistic_precision,0.3333333333333333,higher,0.3333333333333333
Gemma4-E4B,non_thinking,38,10,10,logistic_recall,0.1,higher,0.1
Gemma4-E4B,non_thinking,38,10,10,logistic_f1,0.15384615384615385,higher,0.15384615384615385
Gemma4-E4B,non_thinking,38,10,10,ncc_recall,0.0,higher,0.0
Gemma4-E4B,non_thinking,38,10,10,silhouette_cosine,-0.11792965233325958,higher,-0.11792965233325958
Gemma4-E4B,non_thinking,38,10,10,within_trace,619.2061767578125,lower,-619.2061767578125
Gemma4-E4B,non_thinking,38,10,10,class_nc1_ratio,3.1576783278591583,lower,-3.1576783278591583
Gemma4-E4B,non_thinking,38,10,10,centroid_nearest_squared,70.51536560058594,higher,70.51536560058594
Gemma4-E4B,non_thinking,38,10,10,fisher_nearest,0.11388026839429659,higher,0.11388026839429659
Gemma4-E4B,non_thinking,38,10,10,min_bhattacharyya,3.513058066368103,higher,3.513058066368103
Gemma4-E4B,non_thinking,38,10,10,mean_bhattacharyya,15.634549299875895,higher,15.634549299875895
Gemma4-E4B,non_thinking,38,10,10,nc2_class_cosine_deviation,0.5681467242079017,lower,-0.5681467242079017
Gemma4-E4B,native_thinking,38,1,10,logistic_precision,1.0,higher,1.0
Gemma4-E4B,native_thinking,38,1,10,logistic_recall,0.7,higher,0.7
Gemma4-E4B,native_thinking,38,1,10,logistic_f1,0.8235294117647058,higher,0.8235294117647058
Gemma4-E4B,native_thinking,38,1,10,ncc_recall,0.6,higher,0.6
Gemma4-E4B,native_thinking,38,1,10,silhouette_cosine,0.006395998410880566,higher,0.006395998410880566
Gemma4-E4B,native_thinking,38,1,10,within_trace,2227.31201171875,lower,-2227.31201171875
Gemma4-E4B,native_thinking,38,1,10,class_nc1_ratio,2.7115429932399473,lower,-2.7115429932399473
Gemma4-E4B,native_thinking,38,1,10,centroid_nearest_squared,1186.0345458984375,higher,1186.0345458984375
Gemma4-E4B,native_thinking,38,1,10,fisher_nearest,0.5324959142043194,higher,0.5324959142043194
Gemma4-E4B,native_thinking,38,1,10,min_bhattacharyya,4.631898880004883,higher,4.631898880004883
Gemma4-E4B,native_thinking,38,1,10,mean_bhattacharyya,10.881192525227865,higher,10.881192525227865
Gemma4-E4B,native_thinking,38,1,10,nc2_class_cosine_deviation,0.3470910651448332,lower,-0.3470910651448332
Gemma4-E4B,native_thinking,38,2,7,logistic_precision,0.8333333333333334,higher,0.8333333333333334
Gemma4-E4B,native_thinking,38,2,7,logistic_recall,0.7142857142857143,higher,0.7142857142857143
Gemma4-E4B,native_thinking,38,2,7,logistic_f1,0.7692307692307693,higher,0.7692307692307693
Gemma4-E4B,native_thinking,38,2,7,ncc_recall,0.7142857142857143,higher,0.7142857142857143
Gemma4-E4B,native_thinking,38,2,7,silhouette_cosine,-0.14361384510993958,higher,-0.14361384510993958
Gemma4-E4B,native_thinking,38,2,7,within_trace,1178.7431640625,lower,-1178.7431640625
Gemma4-E4B,native_thinking,38,2,7,class_nc1_ratio,4.20137975283376,lower,-4.20137975283376
Gemma4-E4B,native_thinking,38,2,7,centroid_nearest_squared,78.18807983398438,higher,78.18807983398438
Gemma4-E4B,native_thinking,38,2,7,fisher_nearest,0.0663317355449271,higher,0.0663317355449271
Gemma4-E4B,native_thinking,38,2,7,min_bhattacharyya,1.9484907388687134,higher,1.9484907388687134
Gemma4-E4B,native_thinking,38,2,7,mean_bhattacharyya,6.827515800793965,higher,6.827515800793965
Gemma4-E4B,native_thinking,38,2,7,nc2_class_cosine_deviation,0.4947624000502222,lower,-0.4947624000502222
Gemma4-E4B,native_thinking,38,3,7,logistic_precision,0.6,higher,0.6
Gemma4-E4B,native_thinking,38,3,7,logistic_recall,0.8571428571428571,higher,0.8571428571428571
Gemma4-E4B,native_thinking,38,3,7,logistic_f1,0.7058823529411765,higher,0.7058823529411765
Gemma4-E4B,native_thinking,38,3,7,ncc_recall,0.14285714285714285,higher,0.14285714285714285
Gemma4-E4B,native_thinking,38,3,7,silhouette_cosine,-0.19566591084003448,higher,-0.19566591084003448
Gemma4-E4B,native_thinking,38,3,7,within_trace,1087.65283203125,lower,-1087.65283203125
Gemma4-E4B,native_thinking,38,3,7,class_nc1_ratio,5.351487968314912,lower,-5.351487968314912
Gemma4-E4B,native_thinking,38,3,7,centroid_nearest_squared,31.933937072753906,higher,31.933937072753906
Gemma4-E4B,native_thinking,38,3,7,fisher_nearest,0.029360413665374792,higher,0.029360413665374792
Gemma4-E4B,native_thinking,38,3,7,min_bhattacharyya,1.0762330293655396,higher,1.0762330293655396
Gemma4-E4B,native_thinking,38,3,7,mean_bhattacharyya,5.971630811691284,higher,5.971630811691284
Gemma4-E4B,native_thinking,38,3,7,nc2_class_cosine_deviation,0.5610478993183301,lower,-0.5610478993183301
Gemma4-E4B,native_thinking,38,4,7,logistic_precision,0.4,higher,0.4
Gemma4-E4B,native_thinking,38,4,7,logistic_recall,0.2857142857142857,higher,0.2857142857142857
Gemma4-E4B,native_thinking,38,4,7,logistic_f1,0.3333333333333333,higher,0.3333333333333333
Gemma4-E4B,native_thinking,38,4,7,ncc_recall,0.2857142857142857,higher,0.2857142857142857
Gemma4-E4B,native_thinking,38,4,7,silhouette_cosine,-0.16723033785820007,higher,-0.16723033785820007
Gemma4-E4B,native_thinking,38,4,7,within_trace,1058.591552734375,lower,-1058.591552734375
Gemma4-E4B,native_thinking,38,4,7,class_nc1_ratio,4.7766527316452985,lower,-4.7766527316452985
Gemma4-E4B,native_thinking,38,4,7,centroid_nearest_squared,31.933937072753906,higher,31.933937072753906
Gemma4-E4B,native_thinking,38,4,7,fisher_nearest,0.03016643859500631,higher,0.03016643859500631
Gemma4-E4B,native_thinking,38,4,7,min_bhattacharyya,1.0762330293655396,higher,1.0762330293655396
Gemma4-E4B,native_thinking,38,4,7,mean_bhattacharyya,6.1472399433453875,higher,6.1472399433453875
Gemma4-E4B,native_thinking,38,4,7,nc2_class_cosine_deviation,0.532521606411463,lower,-0.532521606411463
Gemma4-E4B,native_thinking,38,5,7,logistic_precision,0.6,higher,0.6
Gemma4-E4B,native_thinking,38,5,7,logistic_recall,0.42857142857142855,higher,0.42857142857142855
Gemma4-E4B,native_thinking,38,5,7,logistic_f1,0.5,higher,0.5
Gemma4-E4B,native_thinking,38,5,7,ncc_recall,0.2857142857142857,higher,0.2857142857142857
Gemma4-E4B,native_thinking,38,5,7,silhouette_cosine,-0.2208094745874405,higher,-0.2208094745874405
Gemma4-E4B,native_thinking,38,5,7,within_trace,1260.626220703125,lower,-1260.626220703125
Gemma4-E4B,native_thinking,38,5,7,class_nc1_ratio,9.007768215515956,lower,-9.007768215515956
Gemma4-E4B,native_thinking,38,5,7,centroid_nearest_squared,36.9257698059082,higher,36.9257698059082
Gemma4-E4B,native_thinking,38,5,7,fisher_nearest,0.029291608566822083,higher,0.029291608566822083
Gemma4-E4B,native_thinking,38,5,7,min_bhattacharyya,1.3832802176475525,higher,1.3832802176475525
Gemma4-E4B,native_thinking,38,5,7,mean_bhattacharyya,4.946344296137492,higher,4.946344296137492
Gemma4-E4B,native_thinking,38,5,7,nc2_class_cosine_deviation,0.5199217240751526,lower,-0.5199217240751526
Gemma4-E4B,native_thinking,38,6,7,logistic_precision,0.375,higher,0.375
Gemma4-E4B,native_thinking,38,6,7,logistic_recall,0.42857142857142855,higher,0.42857142857142855
Gemma4-E4B,native_thinking,38,6,7,logistic_f1,0.4,higher,0.4
Gemma4-E4B,native_thinking,38,6,7,ncc_recall,0.14285714285714285,higher,0.14285714285714285
Gemma4-E4B,native_thinking,38,6,7,silhouette_cosine,-0.2188347727060318,higher,-0.2188347727060318
Gemma4-E4B,native_thinking,38,6,7,within_trace,1212.27783203125,lower,-1212.27783203125
Gemma4-E4B,native_thinking,38,6,7,class_nc1_ratio,8.278649900270318,lower,-8.278649900270318
Gemma4-E4B,native_thinking,38,6,7,centroid_nearest_squared,36.9257698059082,higher,36.9257698059082
Gemma4-E4B,native_thinking,38,6,7,fisher_nearest,0.03045982433254321,higher,0.03045982433254321
Gemma4-E4B,native_thinking,38,6,7,min_bhattacharyya,1.3832802176475525,higher,1.3832802176475525
Gemma4-E4B,native_thinking,38,6,7,mean_bhattacharyya,4.959277523888482,higher,4.959277523888482
Gemma4-E4B,native_thinking,38,6,7,nc2_class_cosine_deviation,0.49895398475137764,lower,-0.49895398475137764
Gemma4-E4B,native_thinking,38,7,7,logistic_precision,0.2,higher,0.2
Gemma4-E4B,native_thinking,38,7,7,logistic_recall,0.14285714285714285,higher,0.14285714285714285
Gemma4-E4B,native_thinking,38,7,7,logistic_f1,0.16666666666666666,higher,0.16666666666666666
Gemma4-E4B,native_thinking,38,7,7,ncc_recall,0.14285714285714285,higher,0.14285714285714285
Gemma4-E4B,native_thinking,38,7,7,silhouette_cosine,-0.19333860278129578,higher,-0.19333860278129578
Gemma4-E4B,native_thinking,38,7,7,within_trace,1256.047607421875,lower,-1256.047607421875
Gemma4-E4B,native_thinking,38,7,7,class_nc1_ratio,4.40352124655027,lower,-4.40352124655027
Gemma4-E4B,native_thinking,38,7,7,centroid_nearest_squared,166.32672119140625,higher,166.32672119140625
Gemma4-E4B,native_thinking,38,7,7,fisher_nearest,0.13242071415812287,higher,0.13242071415812287
Gemma4-E4B,native_thinking,38,7,7,min_bhattacharyya,1.900141179561615,higher,1.900141179561615
Gemma4-E4B,native_thinking,38,7,7,mean_bhattacharyya,4.9097028440899315,higher,4.9097028440899315
Gemma4-E4B,native_thinking,38,7,7,nc2_class_cosine_deviation,0.3755746940035879,lower,-0.3755746940035879
Gemma4-E4B,native_thinking,38,8,7,logistic_precision,0.3333333333333333,higher,0.3333333333333333
Gemma4-E4B,native_thinking,38,8,7,logistic_recall,0.5714285714285714,higher,0.5714285714285714
Gemma4-E4B,native_thinking,38,8,7,logistic_f1,0.42105263157894735,higher,0.42105263157894735
Gemma4-E4B,native_thinking,38,8,7,ncc_recall,0.14285714285714285,higher,0.14285714285714285
Gemma4-E4B,native_thinking,38,8,7,silhouette_cosine,-0.273826539516449,higher,-0.273826539516449
Gemma4-E4B,native_thinking,38,8,7,within_trace,1775.4005126953125,lower,-1775.4005126953125
Gemma4-E4B,native_thinking,38,8,7,class_nc1_ratio,5.122125559780899,lower,-5.122125559780899
Gemma4-E4B,native_thinking,38,8,7,centroid_nearest_squared,115.55644226074219,higher,115.55644226074219
Gemma4-E4B,native_thinking,38,8,7,fisher_nearest,0.06508753457849967,higher,0.06508753457849967
Gemma4-E4B,native_thinking,38,8,7,min_bhattacharyya,1.3117416501045227,higher,1.3117416501045227
Gemma4-E4B,native_thinking,38,8,7,mean_bhattacharyya,4.993113007810381,higher,4.993113007810381
Gemma4-E4B,native_thinking,38,8,7,nc2_class_cosine_deviation,0.42408247485204975,lower,-0.42408247485204975
Gemma4-E4B,native_thinking,38,9,5,logistic_precision,0.5,higher,0.5
Gemma4-E4B,native_thinking,38,9,5,logistic_recall,0.2,higher,0.2
Gemma4-E4B,native_thinking,38,9,5,logistic_f1,0.2857142857142857,higher,0.2857142857142857
Gemma4-E4B,native_thinking,38,9,5,ncc_recall,0.6,higher,0.6
Gemma4-E4B,native_thinking,38,9,5,silhouette_cosine,-0.3174601197242737,higher,-0.3174601197242737
Gemma4-E4B,native_thinking,38,9,5,within_trace,1960.0072021484375,lower,-1960.0072021484375
Gemma4-E4B,native_thinking,38,9,5,class_nc1_ratio,4.546367231246912,lower,-4.546367231246912
Gemma4-E4B,native_thinking,38,9,5,centroid_nearest_squared,115.55644226074219,higher,115.55644226074219
Gemma4-E4B,native_thinking,38,9,5,fisher_nearest,0.05895715185846074,higher,0.05895715185846074
Gemma4-E4B,native_thinking,38,9,5,min_bhattacharyya,1.3117416501045227,higher,1.3117416501045227
Gemma4-E4B,native_thinking,38,9,5,mean_bhattacharyya,6.1514045927259655,higher,6.1514045927259655
Gemma4-E4B,native_thinking,38,9,5,nc2_class_cosine_deviation,0.5155456489250985,lower,-0.5155456489250985
Gemma4-E4B,native_thinking,38,10,3,logistic_precision,0.42857142857142855,higher,0.42857142857142855
Gemma4-E4B,native_thinking,38,10,3,logistic_recall,1.0,higher,1.0
Gemma4-E4B,native_thinking,38,10,3,logistic_f1,0.6,higher,0.6
Gemma4-E4B,native_thinking,38,10,3,ncc_recall,0.6666666666666666,higher,0.6666666666666666
Gemma4-E4B,native_thinking,38,10,3,silhouette_cosine,0.12217151373624802,higher,0.12217151373624802
Gemma4-E4B,native_thinking,38,10,3,within_trace,1583.6058349609375,lower,-1583.6058349609375
Gemma4-E4B,native_thinking,38,10,3,class_nc1_ratio,0.9198181444755029,lower,-0.9198181444755029
Gemma4-E4B,native_thinking,38,10,3,centroid_nearest_squared,1335.2607421875,higher,1335.2607421875
Gemma4-E4B,native_thinking,38,10,3,fisher_nearest,0.8431774578681296,higher,0.8431774578681296
Gemma4-E4B,native_thinking,38,10,3,min_bhattacharyya,3.2553913593292236,higher,3.2553913593292236
Gemma4-E4B,native_thinking,38,10,3,mean_bhattacharyya,8.00269767973158,higher,8.00269767973158
Gemma4-E4B,native_thinking,38,10,3,nc2_class_cosine_deviation,0.40115064824068986,lower,-0.40115064824068986
Gemma4-E4B,non_thinking,39,1,10,logistic_precision,1.0,higher,1.0
Gemma4-E4B,non_thinking,39,1,10,logistic_recall,1.0,higher,1.0
Gemma4-E4B,non_thinking,39,1,10,logistic_f1,1.0,higher,1.0
Gemma4-E4B,non_thinking,39,1,10,ncc_recall,1.0,higher,1.0
Gemma4-E4B,non_thinking,39,1,10,silhouette_cosine,0.8258811235427856,higher,0.8258811235427856
Gemma4-E4B,non_thinking,39,1,10,within_trace,746.6143798828125,lower,-746.6143798828125
Gemma4-E4B,non_thinking,39,1,10,class_nc1_ratio,0.19356424520318435,lower,-0.19356424520318435
Gemma4-E4B,non_thinking,39,1,10,centroid_nearest_squared,4117.3505859375,higher,4117.3505859375
Gemma4-E4B,non_thinking,39,1,10,fisher_nearest,5.514694997682409,higher,5.514694997682409
Gemma4-E4B,non_thinking,39,1,10,min_bhattacharyya,52.52696228027344,higher,52.52696228027344
Gemma4-E4B,non_thinking,39,1,10,mean_bhattacharyya,71.22037548489041,higher,71.22037548489041
Gemma4-E4B,non_thinking,39,1,10,nc2_class_cosine_deviation,0.4945728581308539,lower,-0.4945728581308539
Gemma4-E4B,non_thinking,39,2,10,logistic_precision,0.36363636363636365,higher,0.36363636363636365
Gemma4-E4B,non_thinking,39,2,10,logistic_recall,0.4,higher,0.4
Gemma4-E4B,non_thinking,39,2,10,logistic_f1,0.38095238095238093,higher,0.38095238095238093
Gemma4-E4B,non_thinking,39,2,10,ncc_recall,0.7,higher,0.7
Gemma4-E4B,non_thinking,39,2,10,silhouette_cosine,0.06259539723396301,higher,0.06259539723396301
Gemma4-E4B,non_thinking,39,2,10,within_trace,774.9212646484375,lower,-774.9212646484375
Gemma4-E4B,non_thinking,39,2,10,class_nc1_ratio,2.9809360484496294,lower,-2.9809360484496294
Gemma4-E4B,non_thinking,39,2,10,centroid_nearest_squared,206.3953094482422,higher,206.3953094482422
Gemma4-E4B,non_thinking,39,2,10,fisher_nearest,0.2663435872312507,higher,0.2663435872312507
Gemma4-E4B,non_thinking,39,2,10,min_bhattacharyya,3.3919988870620728,higher,3.3919988870620728
Gemma4-E4B,non_thinking,39,2,10,mean_bhattacharyya,12.022924727863735,higher,12.022924727863735
Gemma4-E4B,non_thinking,39,2,10,nc2_class_cosine_deviation,0.3244761886467861,lower,-0.3244761886467861
Gemma4-E4B,non_thinking,39,3,10,logistic_precision,0.25,higher,0.25
Gemma4-E4B,non_thinking,39,3,10,logistic_recall,0.4,higher,0.4
Gemma4-E4B,non_thinking,39,3,10,logistic_f1,0.3076923076923077,higher,0.3076923076923077
Gemma4-E4B,non_thinking,39,3,10,ncc_recall,0.3,higher,0.3
Gemma4-E4B,non_thinking,39,3,10,silhouette_cosine,-0.18948496878147125,higher,-0.18948496878147125
Gemma4-E4B,non_thinking,39,3,10,within_trace,975.637939453125,lower,-975.637939453125
Gemma4-E4B,non_thinking,39,3,10,class_nc1_ratio,9.001345390669798,lower,-9.001345390669798
Gemma4-E4B,non_thinking,39,3,10,centroid_nearest_squared,116.17452239990234,higher,116.17452239990234
Gemma4-E4B,non_thinking,39,3,10,fisher_nearest,0.1190754456156366,higher,0.1190754456156366
Gemma4-E4B,non_thinking,39,3,10,min_bhattacharyya,2.6377729177474976,higher,2.6377729177474976
Gemma4-E4B,non_thinking,39,3,10,mean_bhattacharyya,10.953611572583517,higher,10.953611572583517
Gemma4-E4B,non_thinking,39,3,10,nc2_class_cosine_deviation,0.2850043729959447,lower,-0.2850043729959447
Gemma4-E4B,non_thinking,39,4,10,logistic_precision,0.2,higher,0.2
Gemma4-E4B,non_thinking,39,4,10,logistic_recall,0.2,higher,0.2
Gemma4-E4B,non_thinking,39,4,10,logistic_f1,0.2,higher,0.2
Gemma4-E4B,non_thinking,39,4,10,ncc_recall,0.0,higher,0.0
Gemma4-E4B,non_thinking,39,4,10,silhouette_cosine,-0.23404797911643982,higher,-0.23404797911643982
Gemma4-E4B,non_thinking,39,4,10,within_trace,1028.49951171875,lower,-1028.49951171875
Gemma4-E4B,non_thinking,39,4,10,class_nc1_ratio,14.884542543454486,lower,-14.884542543454486
Gemma4-E4B,non_thinking,39,4,10,centroid_nearest_squared,113.3065185546875,higher,113.3065185546875
Gemma4-E4B,non_thinking,39,4,10,fisher_nearest,0.11016681803313477,higher,0.11016681803313477
Gemma4-E4B,non_thinking,39,4,10,min_bhattacharyya,2.6377729177474976,higher,2.6377729177474976
Gemma4-E4B,non_thinking,39,4,10,mean_bhattacharyya,9.770143522156609,higher,9.770143522156609
Gemma4-E4B,non_thinking,39,4,10,nc2_class_cosine_deviation,0.3805528053163011,lower,-0.3805528053163011
Gemma4-E4B,non_thinking,39,5,10,logistic_precision,0.4,higher,0.4
Gemma4-E4B,non_thinking,39,5,10,logistic_recall,0.2,higher,0.2
Gemma4-E4B,non_thinking,39,5,10,logistic_f1,0.26666666666666666,higher,0.26666666666666666
Gemma4-E4B,non_thinking,39,5,10,ncc_recall,0.2,higher,0.2
Gemma4-E4B,non_thinking,39,5,10,silhouette_cosine,-0.16813649237155914,higher,-0.16813649237155914
Gemma4-E4B,non_thinking,39,5,10,within_trace,837.6213989257812,lower,-837.6213989257812
Gemma4-E4B,non_thinking,39,5,10,class_nc1_ratio,7.590290551967892,lower,-7.590290551967892
Gemma4-E4B,non_thinking,39,5,10,centroid_nearest_squared,72.89295959472656,higher,72.89295959472656
Gemma4-E4B,non_thinking,39,5,10,fisher_nearest,0.08702375522904394,higher,0.08702375522904394
Gemma4-E4B,non_thinking,39,5,10,min_bhattacharyya,3.26977276802063,higher,3.26977276802063
Gemma4-E4B,non_thinking,39,5,10,mean_bhattacharyya,11.67395129468706,higher,11.67395129468706
Gemma4-E4B,non_thinking,39,5,10,nc2_class_cosine_deviation,0.5609689412385593,lower,-0.5609689412385593
Gemma4-E4B,non_thinking,39,6,10,logistic_precision,0.1,higher,0.1
Gemma4-E4B,non_thinking,39,6,10,logistic_recall,0.1,higher,0.1
Gemma4-E4B,non_thinking,39,6,10,logistic_f1,0.1,higher,0.1
Gemma4-E4B,non_thinking,39,6,10,ncc_recall,0.2,higher,0.2
Gemma4-E4B,non_thinking,39,6,10,silhouette_cosine,-0.18849754333496094,higher,-0.18849754333496094
Gemma4-E4B,non_thinking,39,6,10,within_trace,1083.497802734375,lower,-1083.497802734375
Gemma4-E4B,non_thinking,39,6,10,class_nc1_ratio,6.2756591283996315,lower,-6.2756591283996315
Gemma4-E4B,non_thinking,39,6,10,centroid_nearest_squared,182.44927978515625,higher,182.44927978515625
Gemma4-E4B,non_thinking,39,6,10,fisher_nearest,0.16838915531228318,higher,0.16838915531228318
Gemma4-E4B,non_thinking,39,6,10,min_bhattacharyya,3.2992855310440063,higher,3.2992855310440063
Gemma4-E4B,non_thinking,39,6,10,mean_bhattacharyya,11.133686237865025,higher,11.133686237865025
Gemma4-E4B,non_thinking,39,6,10,nc2_class_cosine_deviation,0.285539279151478,lower,-0.285539279151478
Gemma4-E4B,non_thinking,39,7,10,logistic_precision,0.09090909090909091,higher,0.09090909090909091
Gemma4-E4B,non_thinking,39,7,10,logistic_recall,0.1,higher,0.1
Gemma4-E4B,non_thinking,39,7,10,logistic_f1,0.09523809523809523,higher,0.09523809523809523
Gemma4-E4B,non_thinking,39,7,10,ncc_recall,0.0,higher,0.0
Gemma4-E4B,non_thinking,39,7,10,silhouette_cosine,-0.19299720227718353,higher,-0.19299720227718353
Gemma4-E4B,non_thinking,39,7,10,within_trace,698.345703125,lower,-698.345703125
Gemma4-E4B,non_thinking,39,7,10,class_nc1_ratio,6.155380872007363,lower,-6.155380872007363
Gemma4-E4B,non_thinking,39,7,10,centroid_nearest_squared,92.47358703613281,higher,92.47358703613281
Gemma4-E4B,non_thinking,39,7,10,fisher_nearest,0.13241806546861584,higher,0.13241806546861584
Gemma4-E4B,non_thinking,39,7,10,min_bhattacharyya,2.976656198501587,higher,2.976656198501587
Gemma4-E4B,non_thinking,39,7,10,mean_bhattacharyya,9.576170722643534,higher,9.576170722643534
Gemma4-E4B,non_thinking,39,7,10,nc2_class_cosine_deviation,0.5397793575661418,lower,-0.5397793575661418
Gemma4-E4B,non_thinking,39,8,10,logistic_precision,0.0,higher,0.0
Gemma4-E4B,non_thinking,39,8,10,logistic_recall,0.0,higher,0.0
Gemma4-E4B,non_thinking,39,8,10,logistic_f1,0.0,higher,0.0
Gemma4-E4B,non_thinking,39,8,10,ncc_recall,0.0,higher,0.0
Gemma4-E4B,non_thinking,39,8,10,silhouette_cosine,-0.14439623057842255,higher,-0.14439623057842255
Gemma4-E4B,non_thinking,39,8,10,within_trace,732.8203125,lower,-732.8203125
Gemma4-E4B,non_thinking,39,8,10,class_nc1_ratio,4.603718464648527,lower,-4.603718464648527
Gemma4-E4B,non_thinking,39,8,10,centroid_nearest_squared,63.071136474609375,higher,63.071136474609375
Gemma4-E4B,non_thinking,39,8,10,fisher_nearest,0.08606630493011802,higher,0.08606630493011802
Gemma4-E4B,non_thinking,39,8,10,min_bhattacharyya,2.976656198501587,higher,2.976656198501587
Gemma4-E4B,non_thinking,39,8,10,mean_bhattacharyya,12.886121286286247,higher,12.886121286286247
Gemma4-E4B,non_thinking,39,8,10,nc2_class_cosine_deviation,0.5635498062144091,lower,-0.5635498062144091
Gemma4-E4B,non_thinking,39,9,10,logistic_precision,0.0625,higher,0.0625
Gemma4-E4B,non_thinking,39,9,10,logistic_recall,0.1,higher,0.1
Gemma4-E4B,non_thinking,39,9,10,logistic_f1,0.07692307692307693,higher,0.07692307692307693
Gemma4-E4B,non_thinking,39,9,10,ncc_recall,0.1,higher,0.1
Gemma4-E4B,non_thinking,39,9,10,silhouette_cosine,-0.09625972807407379,higher,-0.09625972807407379
Gemma4-E4B,non_thinking,39,9,10,within_trace,533.5252685546875,lower,-533.5252685546875
Gemma4-E4B,non_thinking,39,9,10,class_nc1_ratio,2.5144565135281427,lower,-2.5144565135281427
Gemma4-E4B,non_thinking,39,9,10,centroid_nearest_squared,69.53807067871094,higher,69.53807067871094
Gemma4-E4B,non_thinking,39,9,10,fisher_nearest,0.13033697704157218,higher,0.13033697704157218
Gemma4-E4B,non_thinking,39,9,10,min_bhattacharyya,4.288339614868164,higher,4.288339614868164
Gemma4-E4B,non_thinking,39,9,10,mean_bhattacharyya,18.152346544795567,higher,18.152346544795567
Gemma4-E4B,non_thinking,39,9,10,nc2_class_cosine_deviation,0.5854855630500817,lower,-0.5854855630500817
Gemma4-E4B,non_thinking,39,10,10,logistic_precision,0.2,higher,0.2
Gemma4-E4B,non_thinking,39,10,10,logistic_recall,0.1,higher,0.1
Gemma4-E4B,non_thinking,39,10,10,logistic_f1,0.13333333333333333,higher,0.13333333333333333
Gemma4-E4B,non_thinking,39,10,10,ncc_recall,0.0,higher,0.0
Gemma4-E4B,non_thinking,39,10,10,silhouette_cosine,-0.12377599626779556,higher,-0.12377599626779556
Gemma4-E4B,non_thinking,39,10,10,within_trace,592.014892578125,lower,-592.014892578125
Gemma4-E4B,non_thinking,39,10,10,class_nc1_ratio,3.1246581093316865,lower,-3.1246581093316865
Gemma4-E4B,non_thinking,39,10,10,centroid_nearest_squared,63.071136474609375,higher,63.071136474609375
Gemma4-E4B,non_thinking,39,10,10,fisher_nearest,0.10653640181236863,higher,0.10653640181236863
Gemma4-E4B,non_thinking,39,10,10,min_bhattacharyya,3.4913415908813477,higher,3.4913415908813477
Gemma4-E4B,non_thinking,39,10,10,mean_bhattacharyya,15.000640047921074,higher,15.000640047921074
Gemma4-E4B,non_thinking,39,10,10,nc2_class_cosine_deviation,0.5732823895451463,lower,-0.5732823895451463
Gemma4-E4B,native_thinking,39,1,10,logistic_precision,1.0,higher,1.0
Gemma4-E4B,native_thinking,39,1,10,logistic_recall,0.7,higher,0.7
Gemma4-E4B,native_thinking,39,1,10,logistic_f1,0.8235294117647058,higher,0.8235294117647058
Gemma4-E4B,native_thinking,39,1,10,ncc_recall,0.7,higher,0.7
Gemma4-E4B,native_thinking,39,1,10,silhouette_cosine,0.017270982265472412,higher,0.017270982265472412
Gemma4-E4B,native_thinking,39,1,10,within_trace,2159.339599609375,lower,-2159.339599609375
Gemma4-E4B,native_thinking,39,1,10,class_nc1_ratio,2.6603483043234757,lower,-2.6603483043234757
Gemma4-E4B,native_thinking,39,1,10,centroid_nearest_squared,1119.8211669921875,higher,1119.8211669921875
Gemma4-E4B,native_thinking,39,1,10,fisher_nearest,0.5185942809527336,higher,0.5185942809527336
Gemma4-E4B,native_thinking,39,1,10,min_bhattacharyya,4.871534824371338,higher,4.871534824371338
Gemma4-E4B,native_thinking,39,1,10,mean_bhattacharyya,11.38168387942844,higher,11.38168387942844
Gemma4-E4B,native_thinking,39,1,10,nc2_class_cosine_deviation,0.353829711307714,lower,-0.353829711307714
Gemma4-E4B,native_thinking,39,2,7,logistic_precision,0.8571428571428571,higher,0.8571428571428571
Gemma4-E4B,native_thinking,39,2,7,logistic_recall,0.8571428571428571,higher,0.8571428571428571
Gemma4-E4B,native_thinking,39,2,7,logistic_f1,0.8571428571428571,higher,0.8571428571428571
Gemma4-E4B,native_thinking,39,2,7,ncc_recall,0.7142857142857143,higher,0.7142857142857143
Gemma4-E4B,native_thinking,39,2,7,silhouette_cosine,-0.14201490581035614,higher,-0.14201490581035614
Gemma4-E4B,native_thinking,39,2,7,within_trace,1121.94482421875,lower,-1121.94482421875
Gemma4-E4B,native_thinking,39,2,7,class_nc1_ratio,4.283351231297525,lower,-4.283351231297525
Gemma4-E4B,native_thinking,39,2,7,centroid_nearest_squared,66.76665496826172,higher,66.76665496826172
Gemma4-E4B,native_thinking,39,2,7,fisher_nearest,0.05950974907768188,higher,0.05950974907768188
Gemma4-E4B,native_thinking,39,2,7,min_bhattacharyya,1.8028598427772522,higher,1.8028598427772522
Gemma4-E4B,native_thinking,39,2,7,mean_bhattacharyya,6.862617777453528,higher,6.862617777453528
Gemma4-E4B,native_thinking,39,2,7,nc2_class_cosine_deviation,0.5082125374932348,lower,-0.5082125374932348
Gemma4-E4B,native_thinking,39,3,7,logistic_precision,0.625,higher,0.625
Gemma4-E4B,native_thinking,39,3,7,logistic_recall,0.7142857142857143,higher,0.7142857142857143
Gemma4-E4B,native_thinking,39,3,7,logistic_f1,0.6666666666666666,higher,0.6666666666666666
Gemma4-E4B,native_thinking,39,3,7,ncc_recall,0.14285714285714285,higher,0.14285714285714285
Gemma4-E4B,native_thinking,39,3,7,silhouette_cosine,-0.19352854788303375,higher,-0.19352854788303375
Gemma4-E4B,native_thinking,39,3,7,within_trace,1027.061279296875,lower,-1027.061279296875
Gemma4-E4B,native_thinking,39,3,7,class_nc1_ratio,5.35247480859872,lower,-5.35247480859872
Gemma4-E4B,native_thinking,39,3,7,centroid_nearest_squared,29.548973083496094,higher,29.548973083496094
Gemma4-E4B,native_thinking,39,3,7,fisher_nearest,0.028770409009796657,higher,0.028770409009796657
Gemma4-E4B,native_thinking,39,3,7,min_bhattacharyya,1.0901194512844086,higher,1.0901194512844086
Gemma4-E4B,native_thinking,39,3,7,mean_bhattacharyya,6.167228582832548,higher,6.167228582832548
Gemma4-E4B,native_thinking,39,3,7,nc2_class_cosine_deviation,0.5622574547190725,lower,-0.5622574547190725
Gemma4-E4B,native_thinking,39,4,7,logistic_precision,0.3333333333333333,higher,0.3333333333333333
Gemma4-E4B,native_thinking,39,4,7,logistic_recall,0.42857142857142855,higher,0.42857142857142855
Gemma4-E4B,native_thinking,39,4,7,logistic_f1,0.375,higher,0.375
Gemma4-E4B,native_thinking,39,4,7,ncc_recall,0.2857142857142857,higher,0.2857142857142857
Gemma4-E4B,native_thinking,39,4,7,silhouette_cosine,-0.16364260017871857,higher,-0.16364260017871857
Gemma4-E4B,native_thinking,39,4,7,within_trace,1005.41259765625,lower,-1005.41259765625
Gemma4-E4B,native_thinking,39,4,7,class_nc1_ratio,4.811056530863289,lower,-4.811056530863289
Gemma4-E4B,native_thinking,39,4,7,centroid_nearest_squared,29.548973083496094,higher,29.548973083496094
Gemma4-E4B,native_thinking,39,4,7,fisher_nearest,0.02938989739374528,higher,0.02938989739374528
Gemma4-E4B,native_thinking,39,4,7,min_bhattacharyya,1.0901194512844086,higher,1.0901194512844086
Gemma4-E4B,native_thinking,39,4,7,mean_bhattacharyya,6.304313570261002,higher,6.304313570261002
Gemma4-E4B,native_thinking,39,4,7,nc2_class_cosine_deviation,0.5318937277720299,lower,-0.5318937277720299
Gemma4-E4B,native_thinking,39,5,7,logistic_precision,0.5,higher,0.5
Gemma4-E4B,native_thinking,39,5,7,logistic_recall,0.42857142857142855,higher,0.42857142857142855
Gemma4-E4B,native_thinking,39,5,7,logistic_f1,0.46153846153846156,higher,0.46153846153846156
Gemma4-E4B,native_thinking,39,5,7,ncc_recall,0.14285714285714285,higher,0.14285714285714285
Gemma4-E4B,native_thinking,39,5,7,silhouette_cosine,-0.22280894219875336,higher,-0.22280894219875336
Gemma4-E4B,native_thinking,39,5,7,within_trace,1229.68359375,lower,-1229.68359375
Gemma4-E4B,native_thinking,39,5,7,class_nc1_ratio,9.322210992316482,lower,-9.322210992316482
Gemma4-E4B,native_thinking,39,5,7,centroid_nearest_squared,37.245033264160156,higher,37.245033264160156
Gemma4-E4B,native_thinking,39,5,7,fisher_nearest,0.030288306238663402,higher,0.030288306238663402
Gemma4-E4B,native_thinking,39,5,7,min_bhattacharyya,1.4391168653964996,higher,1.4391168653964996
Gemma4-E4B,native_thinking,39,5,7,mean_bhattacharyya,4.928257707092497,higher,4.928257707092497
Gemma4-E4B,native_thinking,39,5,7,nc2_class_cosine_deviation,0.524649488337246,lower,-0.524649488337246
Gemma4-E4B,native_thinking,39,6,7,logistic_precision,0.2,higher,0.2
Gemma4-E4B,native_thinking,39,6,7,logistic_recall,0.14285714285714285,higher,0.14285714285714285
Gemma4-E4B,native_thinking,39,6,7,logistic_f1,0.16666666666666666,higher,0.16666666666666666
Gemma4-E4B,native_thinking,39,6,7,ncc_recall,0.2857142857142857,higher,0.2857142857142857
Gemma4-E4B,native_thinking,39,6,7,silhouette_cosine,-0.20847466588020325,higher,-0.20847466588020325
Gemma4-E4B,native_thinking,39,6,7,within_trace,1147.8460693359375,lower,-1147.8460693359375
Gemma4-E4B,native_thinking,39,6,7,class_nc1_ratio,7.612559782639195,lower,-7.612559782639195
Gemma4-E4B,native_thinking,39,6,7,centroid_nearest_squared,37.245033264160156,higher,37.245033264160156
Gemma4-E4B,native_thinking,39,6,7,fisher_nearest,0.032447759555170576,higher,0.032447759555170576
Gemma4-E4B,native_thinking,39,6,7,min_bhattacharyya,1.4391168653964996,higher,1.4391168653964996
Gemma4-E4B,native_thinking,39,6,7,mean_bhattacharyya,5.093433330456416,higher,5.093433330456416
Gemma4-E4B,native_thinking,39,6,7,nc2_class_cosine_deviation,0.5096707831562302,lower,-0.5096707831562302
Gemma4-E4B,native_thinking,39,7,7,logistic_precision,0.0,higher,0.0
Gemma4-E4B,native_thinking,39,7,7,logistic_recall,0.0,higher,0.0
Gemma4-E4B,native_thinking,39,7,7,logistic_f1,0.0,higher,0.0
Gemma4-E4B,native_thinking,39,7,7,ncc_recall,0.2857142857142857,higher,0.2857142857142857
Gemma4-E4B,native_thinking,39,7,7,silhouette_cosine,-0.18781724572181702,higher,-0.18781724572181702
Gemma4-E4B,native_thinking,39,7,7,within_trace,1210.7681884765625,lower,-1210.7681884765625
Gemma4-E4B,native_thinking,39,7,7,class_nc1_ratio,4.219973889150949,lower,-4.219973889150949
Gemma4-E4B,native_thinking,39,7,7,centroid_nearest_squared,170.853759765625,higher,170.853759765625
Gemma4-E4B,native_thinking,39,7,7,fisher_nearest,0.14111186715319976,higher,0.14111186715319976
Gemma4-E4B,native_thinking,39,7,7,min_bhattacharyya,1.9760427474975586,higher,1.9760427474975586
Gemma4-E4B,native_thinking,39,7,7,mean_bhattacharyya,4.954802268081242,higher,4.954802268081242
Gemma4-E4B,native_thinking,39,7,7,nc2_class_cosine_deviation,0.3664867837487915,lower,-0.3664867837487915
Gemma4-E4B,native_thinking,39,8,7,logistic_precision,0.2727272727272727,higher,0.2727272727272727
Gemma4-E4B,native_thinking,39,8,7,logistic_recall,0.42857142857142855,higher,0.42857142857142855
Gemma4-E4B,native_thinking,39,8,7,logistic_f1,0.3333333333333333,higher,0.3333333333333333
Gemma4-E4B,native_thinking,39,8,7,ncc_recall,0.14285714285714285,higher,0.14285714285714285
Gemma4-E4B,native_thinking,39,8,7,silhouette_cosine,-0.27316734194755554,higher,-0.27316734194755554
Gemma4-E4B,native_thinking,39,8,7,within_trace,1724.7672119140625,lower,-1724.7672119140625
Gemma4-E4B,native_thinking,39,8,7,class_nc1_ratio,5.324244698582193,lower,-5.324244698582193
Gemma4-E4B,native_thinking,39,8,7,centroid_nearest_squared,116.80856323242188,higher,116.80856323242188
Gemma4-E4B,native_thinking,39,8,7,fisher_nearest,0.06772424848150577,higher,0.06772424848150577
Gemma4-E4B,native_thinking,39,8,7,min_bhattacharyya,1.410695493221283,higher,1.410695493221283
Gemma4-E4B,native_thinking,39,8,7,mean_bhattacharyya,5.062342478169335,higher,5.062342478169335
Gemma4-E4B,native_thinking,39,8,7,nc2_class_cosine_deviation,0.4202143676854946,lower,-0.4202143676854946
Gemma4-E4B,native_thinking,39,9,5,logistic_precision,0.25,higher,0.25
Gemma4-E4B,native_thinking,39,9,5,logistic_recall,0.2,higher,0.2
Gemma4-E4B,native_thinking,39,9,5,logistic_f1,0.2222222222222222,higher,0.2222222222222222
Gemma4-E4B,native_thinking,39,9,5,ncc_recall,0.4,higher,0.4
Gemma4-E4B,native_thinking,39,9,5,silhouette_cosine,-0.3180132508277893,higher,-0.3180132508277893
Gemma4-E4B,native_thinking,39,9,5,within_trace,1895.46240234375,lower,-1895.46240234375
Gemma4-E4B,native_thinking,39,9,5,class_nc1_ratio,4.711430411985756,lower,-4.711430411985756
Gemma4-E4B,native_thinking,39,9,5,centroid_nearest_squared,116.80856323242188,higher,116.80856323242188
Gemma4-E4B,native_thinking,39,9,5,fisher_nearest,0.06162536544538548,higher,0.06162536544538548
Gemma4-E4B,native_thinking,39,9,5,min_bhattacharyya,1.410695493221283,higher,1.410695493221283
Gemma4-E4B,native_thinking,39,9,5,mean_bhattacharyya,6.2396520309978065,higher,6.2396520309978065
Gemma4-E4B,native_thinking,39,9,5,nc2_class_cosine_deviation,0.5179103406859034,lower,-0.5179103406859034
Gemma4-E4B,native_thinking,39,10,3,logistic_precision,0.375,higher,0.375
Gemma4-E4B,native_thinking,39,10,3,logistic_recall,1.0,higher,1.0
Gemma4-E4B,native_thinking,39,10,3,logistic_f1,0.5454545454545454,higher,0.5454545454545454
Gemma4-E4B,native_thinking,39,10,3,ncc_recall,0.6666666666666666,higher,0.6666666666666666
Gemma4-E4B,native_thinking,39,10,3,silhouette_cosine,0.12920984625816345,higher,0.12920984625816345
Gemma4-E4B,native_thinking,39,10,3,within_trace,1532.7247314453125,lower,-1532.7247314453125
Gemma4-E4B,native_thinking,39,10,3,class_nc1_ratio,0.8989245971690398,lower,-0.8989245971690398
Gemma4-E4B,native_thinking,39,10,3,centroid_nearest_squared,1335.04638671875,higher,1335.04638671875
Gemma4-E4B,native_thinking,39,10,3,fisher_nearest,0.8710281496272603,higher,0.8710281496272603
Gemma4-E4B,native_thinking,39,10,3,min_bhattacharyya,3.250035047531128,higher,3.250035047531128
Gemma4-E4B,native_thinking,39,10,3,mean_bhattacharyya,8.150587850146824,higher,8.150587850146824
Gemma4-E4B,native_thinking,39,10,3,nc2_class_cosine_deviation,0.3946731134697243,lower,-0.3946731134697243
Gemma4-E4B,non_thinking,40,1,10,logistic_precision,0.9090909090909091,higher,0.9090909090909091
Gemma4-E4B,non_thinking,40,1,10,logistic_recall,1.0,higher,1.0
Gemma4-E4B,non_thinking,40,1,10,logistic_f1,0.9523809523809523,higher,0.9523809523809523
Gemma4-E4B,non_thinking,40,1,10,ncc_recall,1.0,higher,1.0
Gemma4-E4B,non_thinking,40,1,10,silhouette_cosine,0.8286594152450562,higher,0.8286594152450562
Gemma4-E4B,non_thinking,40,1,10,within_trace,765.0870361328125,lower,-765.0870361328125
Gemma4-E4B,non_thinking,40,1,10,class_nc1_ratio,0.18513846196103872,lower,-0.18513846196103872
Gemma4-E4B,non_thinking,40,1,10,centroid_nearest_squared,4420.3525390625,higher,4420.3525390625
Gemma4-E4B,non_thinking,40,1,10,fisher_nearest,5.777581282000921,higher,5.777581282000921
Gemma4-E4B,non_thinking,40,1,10,min_bhattacharyya,52.33278274536133,higher,52.33278274536133
Gemma4-E4B,non_thinking,40,1,10,mean_bhattacharyya,74.09985563490126,higher,74.09985563490126
Gemma4-E4B,non_thinking,40,1,10,nc2_class_cosine_deviation,0.5073101427636028,lower,-0.5073101427636028
Gemma4-E4B,non_thinking,40,2,10,logistic_precision,0.3888888888888889,higher,0.3888888888888889
Gemma4-E4B,non_thinking,40,2,10,logistic_recall,0.7,higher,0.7
Gemma4-E4B,non_thinking,40,2,10,logistic_f1,0.5,higher,0.5
Gemma4-E4B,non_thinking,40,2,10,ncc_recall,0.6,higher,0.6
Gemma4-E4B,non_thinking,40,2,10,silhouette_cosine,0.04289507120847702,higher,0.04289507120847702
Gemma4-E4B,non_thinking,40,2,10,within_trace,788.6922607421875,lower,-788.6922607421875
Gemma4-E4B,non_thinking,40,2,10,class_nc1_ratio,3.260555670496597,lower,-3.260555670496597
Gemma4-E4B,non_thinking,40,2,10,centroid_nearest_squared,213.0858154296875,higher,213.0858154296875
Gemma4-E4B,non_thinking,40,2,10,fisher_nearest,0.27017612069524577,higher,0.27017612069524577
Gemma4-E4B,non_thinking,40,2,10,min_bhattacharyya,3.3314636945724487,higher,3.3314636945724487
Gemma4-E4B,non_thinking,40,2,10,mean_bhattacharyya,12.167006055514017,higher,12.167006055514017
Gemma4-E4B,non_thinking,40,2,10,nc2_class_cosine_deviation,0.2940181892043279,lower,-0.2940181892043279
Gemma4-E4B,non_thinking,40,3,10,logistic_precision,0.2857142857142857,higher,0.2857142857142857
Gemma4-E4B,non_thinking,40,3,10,logistic_recall,0.2,higher,0.2
Gemma4-E4B,non_thinking,40,3,10,logistic_f1,0.23529411764705882,higher,0.23529411764705882
Gemma4-E4B,non_thinking,40,3,10,ncc_recall,0.2,higher,0.2
Gemma4-E4B,non_thinking,40,3,10,silhouette_cosine,-0.1760040819644928,higher,-0.1760040819644928
Gemma4-E4B,non_thinking,40,3,10,within_trace,933.4359741210938,lower,-933.4359741210938
Gemma4-E4B,non_thinking,40,3,10,class_nc1_ratio,8.291966562922473,lower,-8.291966562922473
Gemma4-E4B,non_thinking,40,3,10,centroid_nearest_squared,111.72750854492188,higher,111.72750854492188
Gemma4-E4B,non_thinking,40,3,10,fisher_nearest,0.11969488175139431,higher,0.11969488175139431
Gemma4-E4B,non_thinking,40,3,10,min_bhattacharyya,2.5214404463768005,higher,2.5214404463768005
Gemma4-E4B,non_thinking,40,3,10,mean_bhattacharyya,11.063196215364668,higher,11.063196215364668
Gemma4-E4B,non_thinking,40,3,10,nc2_class_cosine_deviation,0.34306880022272657,lower,-0.34306880022272657
Gemma4-E4B,non_thinking,40,4,10,logistic_precision,0.2222222222222222,higher,0.2222222222222222
Gemma4-E4B,non_thinking,40,4,10,logistic_recall,0.2,higher,0.2
Gemma4-E4B,non_thinking,40,4,10,logistic_f1,0.21052631578947367,higher,0.21052631578947367
Gemma4-E4B,non_thinking,40,4,10,ncc_recall,0.1,higher,0.1
Gemma4-E4B,non_thinking,40,4,10,silhouette_cosine,-0.22945371270179749,higher,-0.22945371270179749
Gemma4-E4B,non_thinking,40,4,10,within_trace,995.9942016601562,lower,-995.9942016601562
Gemma4-E4B,non_thinking,40,4,10,class_nc1_ratio,14.33736529257765,lower,-14.33736529257765
Gemma4-E4B,non_thinking,40,4,10,centroid_nearest_squared,111.72750854492188,higher,111.72750854492188
Gemma4-E4B,non_thinking,40,4,10,fisher_nearest,0.11217686645031744,higher,0.11217686645031744
Gemma4-E4B,non_thinking,40,4,10,min_bhattacharyya,2.5214404463768005,higher,2.5214404463768005
Gemma4-E4B,non_thinking,40,4,10,mean_bhattacharyya,9.590467194716135,higher,9.590467194716135
Gemma4-E4B,non_thinking,40,4,10,nc2_class_cosine_deviation,0.38567404798519467,lower,-0.38567404798519467
Gemma4-E4B,non_thinking,40,5,10,logistic_precision,0.4,higher,0.4
Gemma4-E4B,non_thinking,40,5,10,logistic_recall,0.2,higher,0.2
Gemma4-E4B,non_thinking,40,5,10,logistic_f1,0.26666666666666666,higher,0.26666666666666666
Gemma4-E4B,non_thinking,40,5,10,ncc_recall,0.2,higher,0.2
Gemma4-E4B,non_thinking,40,5,10,silhouette_cosine,-0.16383813321590424,higher,-0.16383813321590424
Gemma4-E4B,non_thinking,40,5,10,within_trace,800.42041015625,lower,-800.42041015625
Gemma4-E4B,non_thinking,40,5,10,class_nc1_ratio,7.355186747646872,lower,-7.355186747646872
Gemma4-E4B,non_thinking,40,5,10,centroid_nearest_squared,76.01130676269531,higher,76.01130676269531
Gemma4-E4B,non_thinking,40,5,10,fisher_nearest,0.09496422854566783,higher,0.09496422854566783
Gemma4-E4B,non_thinking,40,5,10,min_bhattacharyya,3.1523818969726562,higher,3.1523818969726562
Gemma4-E4B,non_thinking,40,5,10,mean_bhattacharyya,12.027821898460388,higher,12.027821898460388
Gemma4-E4B,non_thinking,40,5,10,nc2_class_cosine_deviation,0.5733730962247024,lower,-0.5733730962247024
Gemma4-E4B,non_thinking,40,6,10,logistic_precision,0.0,higher,0.0
Gemma4-E4B,non_thinking,40,6,10,logistic_recall,0.0,higher,0.0
Gemma4-E4B,non_thinking,40,6,10,logistic_f1,0.0,higher,0.0
Gemma4-E4B,non_thinking,40,6,10,ncc_recall,0.2,higher,0.2
Gemma4-E4B,non_thinking,40,6,10,silhouette_cosine,-0.1764354407787323,higher,-0.1764354407787323
Gemma4-E4B,non_thinking,40,6,10,within_trace,1021.4721069335938,lower,-1021.4721069335938
Gemma4-E4B,non_thinking,40,6,10,class_nc1_ratio,5.913764878792351,lower,-5.913764878792351
Gemma4-E4B,non_thinking,40,6,10,centroid_nearest_squared,174.91912841796875,higher,174.91912841796875
Gemma4-E4B,non_thinking,40,6,10,fisher_nearest,0.17124219763872642,higher,0.17124219763872642
Gemma4-E4B,non_thinking,40,6,10,min_bhattacharyya,3.3010274171829224,higher,3.3010274171829224
Gemma4-E4B,non_thinking,40,6,10,mean_bhattacharyya,11.422513749864367,higher,11.422513749864367
Gemma4-E4B,non_thinking,40,6,10,nc2_class_cosine_deviation,0.32588170818340634,lower,-0.32588170818340634
Gemma4-E4B,non_thinking,40,7,10,logistic_precision,0.1,higher,0.1
Gemma4-E4B,non_thinking,40,7,10,logistic_recall,0.1,higher,0.1
Gemma4-E4B,non_thinking,40,7,10,logistic_f1,0.1,higher,0.1
Gemma4-E4B,non_thinking,40,7,10,ncc_recall,0.0,higher,0.0
Gemma4-E4B,non_thinking,40,7,10,silhouette_cosine,-0.17958329617977142,higher,-0.17958329617977142
Gemma4-E4B,non_thinking,40,7,10,within_trace,683.12109375,lower,-683.12109375
Gemma4-E4B,non_thinking,40,7,10,class_nc1_ratio,5.618237779453108,lower,-5.618237779453108
Gemma4-E4B,non_thinking,40,7,10,centroid_nearest_squared,96.22772216796875,higher,96.22772216796875
Gemma4-E4B,non_thinking,40,7,10,fisher_nearest,0.1408648086677074,higher,0.1408648086677074
Gemma4-E4B,non_thinking,40,7,10,min_bhattacharyya,2.8492424488067627,higher,2.8492424488067627
Gemma4-E4B,non_thinking,40,7,10,mean_bhattacharyya,10.075702481799656,higher,10.075702481799656
Gemma4-E4B,non_thinking,40,7,10,nc2_class_cosine_deviation,0.5368949741493036,lower,-0.5368949741493036
Gemma4-E4B,non_thinking,40,8,10,logistic_precision,0.0,higher,0.0
Gemma4-E4B,non_thinking,40,8,10,logistic_recall,0.0,higher,0.0
Gemma4-E4B,non_thinking,40,8,10,logistic_f1,0.0,higher,0.0
Gemma4-E4B,non_thinking,40,8,10,ncc_recall,0.0,higher,0.0
Gemma4-E4B,non_thinking,40,8,10,silhouette_cosine,-0.1407591849565506,higher,-0.1407591849565506
Gemma4-E4B,non_thinking,40,8,10,within_trace,731.89599609375,lower,-731.89599609375
Gemma4-E4B,non_thinking,40,8,10,class_nc1_ratio,4.7982510453707485,lower,-4.7982510453707485
Gemma4-E4B,non_thinking,40,8,10,centroid_nearest_squared,69.22724151611328,higher,69.22724151611328
Gemma4-E4B,non_thinking,40,8,10,fisher_nearest,0.09458617328908824,higher,0.09458617328908824
Gemma4-E4B,non_thinking,40,8,10,min_bhattacharyya,2.8492424488067627,higher,2.8492424488067627
Gemma4-E4B,non_thinking,40,8,10,mean_bhattacharyya,12.815199070506626,higher,12.815199070506626
Gemma4-E4B,non_thinking,40,8,10,nc2_class_cosine_deviation,0.5746185700466603,lower,-0.5746185700466603
Gemma4-E4B,non_thinking,40,9,10,logistic_precision,0.19230769230769232,higher,0.19230769230769232
Gemma4-E4B,non_thinking,40,9,10,logistic_recall,0.5,higher,0.5
Gemma4-E4B,non_thinking,40,9,10,logistic_f1,0.2777777777777778,higher,0.2777777777777778
Gemma4-E4B,non_thinking,40,9,10,ncc_recall,0.1,higher,0.1
Gemma4-E4B,non_thinking,40,9,10,silhouette_cosine,-0.09508438408374786,higher,-0.09508438408374786
Gemma4-E4B,non_thinking,40,9,10,within_trace,539.1138916015625,lower,-539.1138916015625
Gemma4-E4B,non_thinking,40,9,10,class_nc1_ratio,2.5545165680605626,lower,-2.5545165680605626
Gemma4-E4B,non_thinking,40,9,10,centroid_nearest_squared,69.23580932617188,higher,69.23580932617188
Gemma4-E4B,non_thinking,40,9,10,fisher_nearest,0.12842519995263132,higher,0.12842519995263132
Gemma4-E4B,non_thinking,40,9,10,min_bhattacharyya,4.072994828224182,higher,4.072994828224182
Gemma4-E4B,non_thinking,40,9,10,mean_bhattacharyya,18.152825858857895,higher,18.152825858857895
Gemma4-E4B,non_thinking,40,9,10,nc2_class_cosine_deviation,0.5971717672583498,lower,-0.5971717672583498
Gemma4-E4B,non_thinking,40,10,10,logistic_precision,0.25,higher,0.25
Gemma4-E4B,non_thinking,40,10,10,logistic_recall,0.1,higher,0.1
Gemma4-E4B,non_thinking,40,10,10,logistic_f1,0.14285714285714285,higher,0.14285714285714285
Gemma4-E4B,non_thinking,40,10,10,ncc_recall,0.0,higher,0.0
Gemma4-E4B,non_thinking,40,10,10,silhouette_cosine,-0.11307252943515778,higher,-0.11307252943515778
Gemma4-E4B,non_thinking,40,10,10,within_trace,599.848388671875,lower,-599.848388671875
Gemma4-E4B,non_thinking,40,10,10,class_nc1_ratio,3.1108881102714157,lower,-3.1108881102714157
Gemma4-E4B,non_thinking,40,10,10,centroid_nearest_squared,69.22724151611328,higher,69.22724151611328
Gemma4-E4B,non_thinking,40,10,10,fisher_nearest,0.11540789776794999,higher,0.11540789776794999
Gemma4-E4B,non_thinking,40,10,10,min_bhattacharyya,3.786165237426758,higher,3.786165237426758
Gemma4-E4B,non_thinking,40,10,10,mean_bhattacharyya,15.539762377738953,higher,15.539762377738953
Gemma4-E4B,non_thinking,40,10,10,nc2_class_cosine_deviation,0.5778600345423192,lower,-0.5778600345423192
Gemma4-E4B,native_thinking,40,1,10,logistic_precision,1.0,higher,1.0
Gemma4-E4B,native_thinking,40,1,10,logistic_recall,0.7,higher,0.7
Gemma4-E4B,native_thinking,40,1,10,logistic_f1,0.8235294117647058,higher,0.8235294117647058
Gemma4-E4B,native_thinking,40,1,10,ncc_recall,0.6,higher,0.6
Gemma4-E4B,native_thinking,40,1,10,silhouette_cosine,-0.0007790023228153586,higher,-0.0007790023228153586
Gemma4-E4B,native_thinking,40,1,10,within_trace,1990.91845703125,lower,-1990.91845703125
Gemma4-E4B,native_thinking,40,1,10,class_nc1_ratio,2.5756768964580576,lower,-2.5756768964580576
Gemma4-E4B,native_thinking,40,1,10,centroid_nearest_squared,1091.82763671875,higher,1091.82763671875
Gemma4-E4B,native_thinking,40,1,10,fisher_nearest,0.5484039955844422,higher,0.5484039955844422
Gemma4-E4B,native_thinking,40,1,10,min_bhattacharyya,5.121918678283691,higher,5.121918678283691
Gemma4-E4B,native_thinking,40,1,10,mean_bhattacharyya,11.213081200917562,higher,11.213081200917562
Gemma4-E4B,native_thinking,40,1,10,nc2_class_cosine_deviation,0.3504424174258738,lower,-0.3504424174258738
Gemma4-E4B,native_thinking,40,2,7,logistic_precision,0.8571428571428571,higher,0.8571428571428571
Gemma4-E4B,native_thinking,40,2,7,logistic_recall,0.8571428571428571,higher,0.8571428571428571
Gemma4-E4B,native_thinking,40,2,7,logistic_f1,0.8571428571428571,higher,0.8571428571428571
Gemma4-E4B,native_thinking,40,2,7,ncc_recall,0.7142857142857143,higher,0.7142857142857143
Gemma4-E4B,native_thinking,40,2,7,silhouette_cosine,-0.15239317715168,higher,-0.15239317715168
Gemma4-E4B,native_thinking,40,2,7,within_trace,1114.647705078125,lower,-1114.647705078125
Gemma4-E4B,native_thinking,40,2,7,class_nc1_ratio,4.128930546313116,lower,-4.128930546313116
Gemma4-E4B,native_thinking,40,2,7,centroid_nearest_squared,60.75832748413086,higher,60.75832748413086
Gemma4-E4B,native_thinking,40,2,7,fisher_nearest,0.05450899616742345,higher,0.05450899616742345
Gemma4-E4B,native_thinking,40,2,7,min_bhattacharyya,1.7419872879981995,higher,1.7419872879981995
Gemma4-E4B,native_thinking,40,2,7,mean_bhattacharyya,6.684078408612145,higher,6.684078408612145
Gemma4-E4B,native_thinking,40,2,7,nc2_class_cosine_deviation,0.5264376129633115,lower,-0.5264376129633115
Gemma4-E4B,native_thinking,40,3,7,logistic_precision,0.6666666666666666,higher,0.6666666666666666
Gemma4-E4B,native_thinking,40,3,7,logistic_recall,0.5714285714285714,higher,0.5714285714285714
Gemma4-E4B,native_thinking,40,3,7,logistic_f1,0.6153846153846154,higher,0.6153846153846154
Gemma4-E4B,native_thinking,40,3,7,ncc_recall,0.0,higher,0.0
Gemma4-E4B,native_thinking,40,3,7,silhouette_cosine,-0.1944178193807602,higher,-0.1944178193807602
Gemma4-E4B,native_thinking,40,3,7,within_trace,1036.9697265625,lower,-1036.9697265625
Gemma4-E4B,native_thinking,40,3,7,class_nc1_ratio,5.2232631567141246,lower,-5.2232631567141246
Gemma4-E4B,native_thinking,40,3,7,centroid_nearest_squared,32.799251556396484,higher,32.799251556396484
Gemma4-E4B,native_thinking,40,3,7,fisher_nearest,0.03162990270229419,higher,0.03162990270229419
Gemma4-E4B,native_thinking,40,3,7,min_bhattacharyya,1.1402912139892578,higher,1.1402912139892578
Gemma4-E4B,native_thinking,40,3,7,mean_bhattacharyya,6.011326213677724,higher,6.011326213677724
Gemma4-E4B,native_thinking,40,3,7,nc2_class_cosine_deviation,0.5708818080616587,lower,-0.5708818080616587
Gemma4-E4B,native_thinking,40,4,7,logistic_precision,0.5714285714285714,higher,0.5714285714285714
Gemma4-E4B,native_thinking,40,4,7,logistic_recall,0.5714285714285714,higher,0.5714285714285714
Gemma4-E4B,native_thinking,40,4,7,logistic_f1,0.5714285714285714,higher,0.5714285714285714
Gemma4-E4B,native_thinking,40,4,7,ncc_recall,0.0,higher,0.0
Gemma4-E4B,native_thinking,40,4,7,silhouette_cosine,-0.17052841186523438,higher,-0.17052841186523438
Gemma4-E4B,native_thinking,40,4,7,within_trace,1016.6029052734375,lower,-1016.6029052734375
Gemma4-E4B,native_thinking,40,4,7,class_nc1_ratio,4.967293727958336,lower,-4.967293727958336
Gemma4-E4B,native_thinking,40,4,7,centroid_nearest_squared,32.799251556396484,higher,32.799251556396484
Gemma4-E4B,native_thinking,40,4,7,fisher_nearest,0.03226358235477835,higher,0.03226358235477835
Gemma4-E4B,native_thinking,40,4,7,min_bhattacharyya,1.1402912139892578,higher,1.1402912139892578
Gemma4-E4B,native_thinking,40,4,7,mean_bhattacharyya,6.173048310809666,higher,6.173048310809666
Gemma4-E4B,native_thinking,40,4,7,nc2_class_cosine_deviation,0.5471158566666239,lower,-0.5471158566666239
Gemma4-E4B,native_thinking,40,5,7,logistic_precision,0.6,higher,0.6
Gemma4-E4B,native_thinking,40,5,7,logistic_recall,0.42857142857142855,higher,0.42857142857142855
Gemma4-E4B,native_thinking,40,5,7,logistic_f1,0.5,higher,0.5
Gemma4-E4B,native_thinking,40,5,7,ncc_recall,0.14285714285714285,higher,0.14285714285714285
Gemma4-E4B,native_thinking,40,5,7,silhouette_cosine,-0.23245017230510712,higher,-0.23245017230510712
Gemma4-E4B,native_thinking,40,5,7,within_trace,1221.3583984375,lower,-1221.3583984375
Gemma4-E4B,native_thinking,40,5,7,class_nc1_ratio,9.379974242078607,lower,-9.379974242078607
Gemma4-E4B,native_thinking,40,5,7,centroid_nearest_squared,37.62755584716797,higher,37.62755584716797
Gemma4-E4B,native_thinking,40,5,7,fisher_nearest,0.03080795603919816,higher,0.03080795603919816
Gemma4-E4B,native_thinking,40,5,7,min_bhattacharyya,1.4360123872756958,higher,1.4360123872756958
Gemma4-E4B,native_thinking,40,5,7,mean_bhattacharyya,4.842543363571167,higher,4.842543363571167
Gemma4-E4B,native_thinking,40,5,7,nc2_class_cosine_deviation,0.5413016121328613,lower,-0.5413016121328613
Gemma4-E4B,native_thinking,40,6,7,logistic_precision,0.2857142857142857,higher,0.2857142857142857
Gemma4-E4B,native_thinking,40,6,7,logistic_recall,0.2857142857142857,higher,0.2857142857142857
Gemma4-E4B,native_thinking,40,6,7,logistic_f1,0.2857142857142857,higher,0.2857142857142857
Gemma4-E4B,native_thinking,40,6,7,ncc_recall,0.14285714285714285,higher,0.14285714285714285
Gemma4-E4B,native_thinking,40,6,7,silhouette_cosine,-0.20713843405246735,higher,-0.20713843405246735
Gemma4-E4B,native_thinking,40,6,7,within_trace,1169.31396484375,lower,-1169.31396484375
Gemma4-E4B,native_thinking,40,6,7,class_nc1_ratio,7.410565057077776,lower,-7.410565057077776
Gemma4-E4B,native_thinking,40,6,7,centroid_nearest_squared,37.62755584716797,higher,37.62755584716797
Gemma4-E4B,native_thinking,40,6,7,fisher_nearest,0.032179172556274026,higher,0.032179172556274026
Gemma4-E4B,native_thinking,40,6,7,min_bhattacharyya,1.4360123872756958,higher,1.4360123872756958
Gemma4-E4B,native_thinking,40,6,7,mean_bhattacharyya,5.028816726472643,higher,5.028816726472643
Gemma4-E4B,native_thinking,40,6,7,nc2_class_cosine_deviation,0.5229551633934917,lower,-0.5229551633934917
Gemma4-E4B,native_thinking,40,7,7,logistic_precision,0.2,higher,0.2
Gemma4-E4B,native_thinking,40,7,7,logistic_recall,0.14285714285714285,higher,0.14285714285714285
Gemma4-E4B,native_thinking,40,7,7,logistic_f1,0.16666666666666666,higher,0.16666666666666666
Gemma4-E4B,native_thinking,40,7,7,ncc_recall,0.14285714285714285,higher,0.14285714285714285
Gemma4-E4B,native_thinking,40,7,7,silhouette_cosine,-0.20587830245494843,higher,-0.20587830245494843
Gemma4-E4B,native_thinking,40,7,7,within_trace,1230.0054931640625,lower,-1230.0054931640625
Gemma4-E4B,native_thinking,40,7,7,class_nc1_ratio,4.388458926466569,lower,-4.388458926466569
Gemma4-E4B,native_thinking,40,7,7,centroid_nearest_squared,182.49984741210938,higher,182.49984741210938
Gemma4-E4B,native_thinking,40,7,7,fisher_nearest,0.14837319705186625,higher,0.14837319705186625
Gemma4-E4B,native_thinking,40,7,7,min_bhattacharyya,2.0857187509536743,higher,2.0857187509536743
Gemma4-E4B,native_thinking,40,7,7,mean_bhattacharyya,4.807386981116401,higher,4.807386981116401
Gemma4-E4B,native_thinking,40,7,7,nc2_class_cosine_deviation,0.3549001838689969,lower,-0.3549001838689969
Gemma4-E4B,native_thinking,40,8,7,logistic_precision,0.2857142857142857,higher,0.2857142857142857
Gemma4-E4B,native_thinking,40,8,7,logistic_recall,0.5714285714285714,higher,0.5714285714285714
Gemma4-E4B,native_thinking,40,8,7,logistic_f1,0.38095238095238093,higher,0.38095238095238093
Gemma4-E4B,native_thinking,40,8,7,ncc_recall,0.14285714285714285,higher,0.14285714285714285
Gemma4-E4B,native_thinking,40,8,7,silhouette_cosine,-0.27932336926460266,higher,-0.27932336926460266
Gemma4-E4B,native_thinking,40,8,7,within_trace,1653.1461181640625,lower,-1653.1461181640625
Gemma4-E4B,native_thinking,40,8,7,class_nc1_ratio,4.989598198093794,lower,-4.989598198093794
Gemma4-E4B,native_thinking,40,8,7,centroid_nearest_squared,121.33952331542969,higher,121.33952331542969
Gemma4-E4B,native_thinking,40,8,7,fisher_nearest,0.07339915206659768,higher,0.07339915206659768
Gemma4-E4B,native_thinking,40,8,7,min_bhattacharyya,1.3810065984725952,higher,1.3810065984725952
Gemma4-E4B,native_thinking,40,8,7,mean_bhattacharyya,5.001064075364007,higher,5.001064075364007
Gemma4-E4B,native_thinking,40,8,7,nc2_class_cosine_deviation,0.4386343370985102,lower,-0.4386343370985102
Gemma4-E4B,native_thinking,40,9,5,logistic_precision,0.5,higher,0.5
Gemma4-E4B,native_thinking,40,9,5,logistic_recall,0.2,higher,0.2
Gemma4-E4B,native_thinking,40,9,5,logistic_f1,0.2857142857142857,higher,0.2857142857142857
Gemma4-E4B,native_thinking,40,9,5,ncc_recall,0.4,higher,0.4
Gemma4-E4B,native_thinking,40,9,5,silhouette_cosine,-0.3161145746707916,higher,-0.3161145746707916
Gemma4-E4B,native_thinking,40,9,5,within_trace,1752.9090576171875,lower,-1752.9090576171875
Gemma4-E4B,native_thinking,40,9,5,class_nc1_ratio,4.0597477022106165,lower,-4.0597477022106165
Gemma4-E4B,native_thinking,40,9,5,centroid_nearest_squared,121.33952331542969,higher,121.33952331542969
Gemma4-E4B,native_thinking,40,9,5,fisher_nearest,0.06922180177468662,higher,0.06922180177468662
Gemma4-E4B,native_thinking,40,9,5,min_bhattacharyya,1.3810065984725952,higher,1.3810065984725952
Gemma4-E4B,native_thinking,40,9,5,mean_bhattacharyya,6.029228356149462,higher,6.029228356149462
Gemma4-E4B,native_thinking,40,9,5,nc2_class_cosine_deviation,0.5331141461192827,lower,-0.5331141461192827
Gemma4-E4B,native_thinking,40,10,3,logistic_precision,0.42857142857142855,higher,0.42857142857142855
Gemma4-E4B,native_thinking,40,10,3,logistic_recall,1.0,higher,1.0
Gemma4-E4B,native_thinking,40,10,3,logistic_f1,0.6,higher,0.6
Gemma4-E4B,native_thinking,40,10,3,ncc_recall,0.6666666666666666,higher,0.6666666666666666
Gemma4-E4B,native_thinking,40,10,3,silhouette_cosine,0.1385214477777481,higher,0.1385214477777481
Gemma4-E4B,native_thinking,40,10,3,within_trace,1446.830322265625,lower,-1446.830322265625
Gemma4-E4B,native_thinking,40,10,3,class_nc1_ratio,0.8401834166502488,lower,-0.8401834166502488
Gemma4-E4B,native_thinking,40,10,3,centroid_nearest_squared,1283.465087890625,higher,1283.465087890625
Gemma4-E4B,native_thinking,40,10,3,fisher_nearest,0.8870874961210499,higher,0.8870874961210499
Gemma4-E4B,native_thinking,40,10,3,min_bhattacharyya,3.1737709045410156,higher,3.1737709045410156
Gemma4-E4B,native_thinking,40,10,3,mean_bhattacharyya,7.943050861358643,higher,7.943050861358643
Gemma4-E4B,native_thinking,40,10,3,nc2_class_cosine_deviation,0.4187380649425365,lower,-0.4187380649425365
Gemma4-E4B,non_thinking,41,1,10,logistic_precision,0.9090909090909091,higher,0.9090909090909091
Gemma4-E4B,non_thinking,41,1,10,logistic_recall,1.0,higher,1.0
Gemma4-E4B,non_thinking,41,1,10,logistic_f1,0.9523809523809523,higher,0.9523809523809523
Gemma4-E4B,non_thinking,41,1,10,ncc_recall,1.0,higher,1.0
Gemma4-E4B,non_thinking,41,1,10,silhouette_cosine,0.847453773021698,higher,0.847453773021698
Gemma4-E4B,non_thinking,41,1,10,within_trace,714.7338256835938,lower,-714.7338256835938
Gemma4-E4B,non_thinking,41,1,10,class_nc1_ratio,0.16305003391828612,lower,-0.16305003391828612
Gemma4-E4B,non_thinking,41,1,10,centroid_nearest_squared,4819.14990234375,higher,4819.14990234375
Gemma4-E4B,non_thinking,41,1,10,fisher_nearest,6.742579865636784,higher,6.742579865636784
Gemma4-E4B,non_thinking,41,1,10,min_bhattacharyya,47.257118225097656,higher,47.257118225097656
Gemma4-E4B,non_thinking,41,1,10,mean_bhattacharyya,68.30673175387912,higher,68.30673175387912
Gemma4-E4B,non_thinking,41,1,10,nc2_class_cosine_deviation,0.5261497100194296,lower,-0.5261497100194296
Gemma4-E4B,non_thinking,41,2,10,logistic_precision,0.46153846153846156,higher,0.46153846153846156
Gemma4-E4B,non_thinking,41,2,10,logistic_recall,0.6,higher,0.6
Gemma4-E4B,non_thinking,41,2,10,logistic_f1,0.5217391304347826,higher,0.5217391304347826
Gemma4-E4B,non_thinking,41,2,10,ncc_recall,0.5,higher,0.5
Gemma4-E4B,non_thinking,41,2,10,silhouette_cosine,0.04147448390722275,higher,0.04147448390722275
Gemma4-E4B,non_thinking,41,2,10,within_trace,662.114990234375,lower,-662.114990234375
Gemma4-E4B,non_thinking,41,2,10,class_nc1_ratio,3.2667518533958195,lower,-3.2667518533958195
Gemma4-E4B,non_thinking,41,2,10,centroid_nearest_squared,156.837158203125,higher,156.837158203125
Gemma4-E4B,non_thinking,41,2,10,fisher_nearest,0.236872991121388,higher,0.236872991121388
Gemma4-E4B,non_thinking,41,2,10,min_bhattacharyya,2.6865473985671997,higher,2.6865473985671997
Gemma4-E4B,non_thinking,41,2,10,mean_bhattacharyya,10.94608528084225,higher,10.94608528084225
Gemma4-E4B,non_thinking,41,2,10,nc2_class_cosine_deviation,0.277661657443753,lower,-0.277661657443753
Gemma4-E4B,non_thinking,41,3,10,logistic_precision,0.5,higher,0.5
Gemma4-E4B,non_thinking,41,3,10,logistic_recall,0.5,higher,0.5
Gemma4-E4B,non_thinking,41,3,10,logistic_f1,0.5,higher,0.5
Gemma4-E4B,non_thinking,41,3,10,ncc_recall,0.3,higher,0.3
Gemma4-E4B,non_thinking,41,3,10,silhouette_cosine,-0.1528872549533844,higher,-0.1528872549533844
Gemma4-E4B,non_thinking,41,3,10,within_trace,714.2556762695312,lower,-714.2556762695312
Gemma4-E4B,non_thinking,41,3,10,class_nc1_ratio,6.4557718987935235,lower,-6.4557718987935235
Gemma4-E4B,non_thinking,41,3,10,centroid_nearest_squared,102.77715301513672,higher,102.77715301513672
Gemma4-E4B,non_thinking,41,3,10,fisher_nearest,0.14389406543036387,higher,0.14389406543036387
Gemma4-E4B,non_thinking,41,3,10,min_bhattacharyya,2.4918030500411987,higher,2.4918030500411987
Gemma4-E4B,non_thinking,41,3,10,mean_bhattacharyya,10.406876073943245,higher,10.406876073943245
Gemma4-E4B,non_thinking,41,3,10,nc2_class_cosine_deviation,0.4001254706103125,lower,-0.4001254706103125
Gemma4-E4B,non_thinking,41,4,10,logistic_precision,0.14285714285714285,higher,0.14285714285714285
Gemma4-E4B,non_thinking,41,4,10,logistic_recall,0.1,higher,0.1
Gemma4-E4B,non_thinking,41,4,10,logistic_f1,0.11764705882352941,higher,0.11764705882352941
Gemma4-E4B,non_thinking,41,4,10,ncc_recall,0.0,higher,0.0
Gemma4-E4B,non_thinking,41,4,10,silhouette_cosine,-0.22325578331947327,higher,-0.22325578331947327
Gemma4-E4B,non_thinking,41,4,10,within_trace,855.6282958984375,lower,-855.6282958984375
Gemma4-E4B,non_thinking,41,4,10,class_nc1_ratio,12.583244073272887,lower,-12.583244073272887
Gemma4-E4B,non_thinking,41,4,10,centroid_nearest_squared,102.77715301513672,higher,102.77715301513672
Gemma4-E4B,non_thinking,41,4,10,fisher_nearest,0.12011892723488928,higher,0.12011892723488928
Gemma4-E4B,non_thinking,41,4,10,min_bhattacharyya,2.4918030500411987,higher,2.4918030500411987
Gemma4-E4B,non_thinking,41,4,10,mean_bhattacharyya,9.19101201163398,higher,9.19101201163398
Gemma4-E4B,non_thinking,41,4,10,nc2_class_cosine_deviation,0.4047565909079564,lower,-0.4047565909079564
Gemma4-E4B,non_thinking,41,5,10,logistic_precision,0.0,higher,0.0
Gemma4-E4B,non_thinking,41,5,10,logistic_recall,0.0,higher,0.0
Gemma4-E4B,non_thinking,41,5,10,logistic_f1,0.0,higher,0.0
Gemma4-E4B,non_thinking,41,5,10,ncc_recall,0.2,higher,0.2
Gemma4-E4B,non_thinking,41,5,10,silhouette_cosine,-0.1468808799982071,higher,-0.1468808799982071
Gemma4-E4B,non_thinking,41,5,10,within_trace,656.6177978515625,lower,-656.6177978515625
Gemma4-E4B,non_thinking,41,5,10,class_nc1_ratio,5.947117875569838,lower,-5.947117875569838
Gemma4-E4B,non_thinking,41,5,10,centroid_nearest_squared,69.4171371459961,higher,69.4171371459961
Gemma4-E4B,non_thinking,41,5,10,fisher_nearest,0.1057192439393621,higher,0.1057192439393621
Gemma4-E4B,non_thinking,41,5,10,min_bhattacharyya,3.086910128593445,higher,3.086910128593445
Gemma4-E4B,non_thinking,41,5,10,mean_bhattacharyya,10.998189992374844,higher,10.998189992374844
Gemma4-E4B,non_thinking,41,5,10,nc2_class_cosine_deviation,0.5968887097673652,lower,-0.5968887097673652
Gemma4-E4B,non_thinking,41,6,10,logistic_precision,0.2857142857142857,higher,0.2857142857142857
Gemma4-E4B,non_thinking,41,6,10,logistic_recall,0.2,higher,0.2
Gemma4-E4B,non_thinking,41,6,10,logistic_f1,0.23529411764705882,higher,0.23529411764705882
Gemma4-E4B,non_thinking,41,6,10,ncc_recall,0.1,higher,0.1
Gemma4-E4B,non_thinking,41,6,10,silhouette_cosine,-0.18656383454799652,higher,-0.18656383454799652
Gemma4-E4B,non_thinking,41,6,10,within_trace,884.3634033203125,lower,-884.3634033203125
Gemma4-E4B,non_thinking,41,6,10,class_nc1_ratio,5.9528197776371305,lower,-5.9528197776371305
Gemma4-E4B,non_thinking,41,6,10,centroid_nearest_squared,140.85374450683594,higher,140.85374450683594
Gemma4-E4B,non_thinking,41,6,10,fisher_nearest,0.15927134024090697,higher,0.15927134024090697
Gemma4-E4B,non_thinking,41,6,10,min_bhattacharyya,3.1103856563568115,higher,3.1103856563568115
Gemma4-E4B,non_thinking,41,6,10,mean_bhattacharyya,10.883681151602003,higher,10.883681151602003
Gemma4-E4B,non_thinking,41,6,10,nc2_class_cosine_deviation,0.4203772099665654,lower,-0.4203772099665654
Gemma4-E4B,non_thinking,41,7,10,logistic_precision,0.3333333333333333,higher,0.3333333333333333
Gemma4-E4B,non_thinking,41,7,10,logistic_recall,0.3,higher,0.3
Gemma4-E4B,non_thinking,41,7,10,logistic_f1,0.3157894736842105,higher,0.3157894736842105
Gemma4-E4B,non_thinking,41,7,10,ncc_recall,0.0,higher,0.0
Gemma4-E4B,non_thinking,41,7,10,silhouette_cosine,-0.17192783951759338,higher,-0.17192783951759338
Gemma4-E4B,non_thinking,41,7,10,within_trace,582.3775024414062,lower,-582.3775024414062
Gemma4-E4B,non_thinking,41,7,10,class_nc1_ratio,4.98621643614287,lower,-4.98621643614287
Gemma4-E4B,non_thinking,41,7,10,centroid_nearest_squared,63.98276138305664,higher,63.98276138305664
Gemma4-E4B,non_thinking,41,7,10,fisher_nearest,0.10986475458758647,higher,0.10986475458758647
Gemma4-E4B,non_thinking,41,7,10,min_bhattacharyya,2.7155150175094604,higher,2.7155150175094604
Gemma4-E4B,non_thinking,41,7,10,mean_bhattacharyya,10.072725454966227,higher,10.072725454966227
Gemma4-E4B,non_thinking,41,7,10,nc2_class_cosine_deviation,0.5658632760614525,lower,-0.5658632760614525
Gemma4-E4B,non_thinking,41,8,10,logistic_precision,0.16666666666666666,higher,0.16666666666666666
Gemma4-E4B,non_thinking,41,8,10,logistic_recall,0.1,higher,0.1
Gemma4-E4B,non_thinking,41,8,10,logistic_f1,0.125,higher,0.125
Gemma4-E4B,non_thinking,41,8,10,ncc_recall,0.0,higher,0.0
Gemma4-E4B,non_thinking,41,8,10,silhouette_cosine,-0.14459951221942902,higher,-0.14459951221942902
Gemma4-E4B,non_thinking,41,8,10,within_trace,607.1952514648438,lower,-607.1952514648438
Gemma4-E4B,non_thinking,41,8,10,class_nc1_ratio,4.479844992109734,lower,-4.479844992109734
Gemma4-E4B,non_thinking,41,8,10,centroid_nearest_squared,50.11809539794922,higher,50.11809539794922
Gemma4-E4B,non_thinking,41,8,10,fisher_nearest,0.08254032829973643,higher,0.08254032829973643
Gemma4-E4B,non_thinking,41,8,10,min_bhattacharyya,2.7155150175094604,higher,2.7155150175094604
Gemma4-E4B,non_thinking,41,8,10,mean_bhattacharyya,12.083875841564602,higher,12.083875841564602
Gemma4-E4B,non_thinking,41,8,10,nc2_class_cosine_deviation,0.6119831721355885,lower,-0.6119831721355885
Gemma4-E4B,non_thinking,41,9,10,logistic_precision,0.17857142857142858,higher,0.17857142857142858
Gemma4-E4B,non_thinking,41,9,10,logistic_recall,0.5,higher,0.5
Gemma4-E4B,non_thinking,41,9,10,logistic_f1,0.2631578947368421,higher,0.2631578947368421
Gemma4-E4B,non_thinking,41,9,10,ncc_recall,0.0,higher,0.0
Gemma4-E4B,non_thinking,41,9,10,silhouette_cosine,-0.08293594419956207,higher,-0.08293594419956207
Gemma4-E4B,non_thinking,41,9,10,within_trace,473.61083984375,lower,-473.61083984375
Gemma4-E4B,non_thinking,41,9,10,class_nc1_ratio,2.4561805780371815,lower,-2.4561805780371815
Gemma4-E4B,non_thinking,41,9,10,centroid_nearest_squared,52.12752914428711,higher,52.12752914428711
Gemma4-E4B,non_thinking,41,9,10,fisher_nearest,0.11006405419581321,higher,0.11006405419581321
Gemma4-E4B,non_thinking,41,9,10,min_bhattacharyya,3.7123109102249146,higher,3.7123109102249146
Gemma4-E4B,non_thinking,41,9,10,mean_bhattacharyya,16.67697348859575,higher,16.67697348859575
Gemma4-E4B,non_thinking,41,9,10,nc2_class_cosine_deviation,0.6133775275982456,lower,-0.6133775275982456
Gemma4-E4B,non_thinking,41,10,10,logistic_precision,0.16666666666666666,higher,0.16666666666666666
Gemma4-E4B,non_thinking,41,10,10,logistic_recall,0.1,higher,0.1
Gemma4-E4B,non_thinking,41,10,10,logistic_f1,0.125,higher,0.125
Gemma4-E4B,non_thinking,41,10,10,ncc_recall,0.0,higher,0.0
Gemma4-E4B,non_thinking,41,10,10,silhouette_cosine,-0.08125914633274078,higher,-0.08125914633274078
Gemma4-E4B,non_thinking,41,10,10,within_trace,481.79656982421875,lower,-481.79656982421875
Gemma4-E4B,non_thinking,41,10,10,class_nc1_ratio,2.818146284148034,lower,-2.818146284148034
Gemma4-E4B,non_thinking,41,10,10,centroid_nearest_squared,50.11809539794922,higher,50.11809539794922
Gemma4-E4B,non_thinking,41,10,10,fisher_nearest,0.10402335453785935,higher,0.10402335453785935
Gemma4-E4B,non_thinking,41,10,10,min_bhattacharyya,3.9695708751678467,higher,3.9695708751678467
Gemma4-E4B,non_thinking,41,10,10,mean_bhattacharyya,15.619475616349114,higher,15.619475616349114
Gemma4-E4B,non_thinking,41,10,10,nc2_class_cosine_deviation,0.5995719833874408,lower,-0.5995719833874408
Gemma4-E4B,native_thinking,41,1,10,logistic_precision,1.0,higher,1.0
Gemma4-E4B,native_thinking,41,1,10,logistic_recall,0.7,higher,0.7
Gemma4-E4B,native_thinking,41,1,10,logistic_f1,0.8235294117647058,higher,0.8235294117647058
Gemma4-E4B,native_thinking,41,1,10,ncc_recall,0.7,higher,0.7
Gemma4-E4B,native_thinking,41,1,10,silhouette_cosine,-0.03351425379514694,higher,-0.03351425379514694
Gemma4-E4B,native_thinking,41,1,10,within_trace,1842.5611572265625,lower,-1842.5611572265625
Gemma4-E4B,native_thinking,41,1,10,class_nc1_ratio,2.7555405927594574,lower,-2.7555405927594574
Gemma4-E4B,native_thinking,41,1,10,centroid_nearest_squared,932.0123901367188,higher,932.0123901367188
Gemma4-E4B,native_thinking,41,1,10,fisher_nearest,0.5058243990878387,higher,0.5058243990878387
Gemma4-E4B,native_thinking,41,1,10,min_bhattacharyya,4.9349894523620605,higher,4.9349894523620605
Gemma4-E4B,native_thinking,41,1,10,mean_bhattacharyya,10.48441571659512,higher,10.48441571659512
Gemma4-E4B,native_thinking,41,1,10,nc2_class_cosine_deviation,0.37408490341018746,lower,-0.37408490341018746
Gemma4-E4B,native_thinking,41,2,7,logistic_precision,0.8333333333333334,higher,0.8333333333333334
Gemma4-E4B,native_thinking,41,2,7,logistic_recall,0.7142857142857143,higher,0.7142857142857143
Gemma4-E4B,native_thinking,41,2,7,logistic_f1,0.7692307692307693,higher,0.7692307692307693
Gemma4-E4B,native_thinking,41,2,7,ncc_recall,0.7142857142857143,higher,0.7142857142857143
Gemma4-E4B,native_thinking,41,2,7,silhouette_cosine,-0.16969013214111328,higher,-0.16969013214111328
Gemma4-E4B,native_thinking,41,2,7,within_trace,1153.3629150390625,lower,-1153.3629150390625
Gemma4-E4B,native_thinking,41,2,7,class_nc1_ratio,4.558154344817645,lower,-4.558154344817645
Gemma4-E4B,native_thinking,41,2,7,centroid_nearest_squared,54.98493576049805,higher,54.98493576049805
Gemma4-E4B,native_thinking,41,2,7,fisher_nearest,0.04767357701858811,higher,0.04767357701858811
Gemma4-E4B,native_thinking,41,2,7,min_bhattacharyya,1.6330823302268982,higher,1.6330823302268982
Gemma4-E4B,native_thinking,41,2,7,mean_bhattacharyya,6.318780799706777,higher,6.318780799706777
Gemma4-E4B,native_thinking,41,2,7,nc2_class_cosine_deviation,0.5451639278987308,lower,-0.5451639278987308
Gemma4-E4B,native_thinking,41,3,7,logistic_precision,0.6666666666666666,higher,0.6666666666666666
Gemma4-E4B,native_thinking,41,3,7,logistic_recall,0.5714285714285714,higher,0.5714285714285714
Gemma4-E4B,native_thinking,41,3,7,logistic_f1,0.6153846153846154,higher,0.6153846153846154
Gemma4-E4B,native_thinking,41,3,7,ncc_recall,0.14285714285714285,higher,0.14285714285714285
Gemma4-E4B,native_thinking,41,3,7,silhouette_cosine,-0.1984839141368866,higher,-0.1984839141368866
Gemma4-E4B,native_thinking,41,3,7,within_trace,1072.8583984375,lower,-1072.8583984375
Gemma4-E4B,native_thinking,41,3,7,class_nc1_ratio,5.627174870769369,lower,-5.627174870769369
Gemma4-E4B,native_thinking,41,3,7,centroid_nearest_squared,22.146902084350586,higher,22.146902084350586
Gemma4-E4B,native_thinking,41,3,7,fisher_nearest,0.02064289389597463,higher,0.02064289389597463
Gemma4-E4B,native_thinking,41,3,7,min_bhattacharyya,0.8838757276535034,higher,0.8838757276535034
Gemma4-E4B,native_thinking,41,3,7,mean_bhattacharyya,5.757570313082801,higher,5.757570313082801
Gemma4-E4B,native_thinking,41,3,7,nc2_class_cosine_deviation,0.6017472869084206,lower,-0.6017472869084206
Gemma4-E4B,native_thinking,41,4,7,logistic_precision,0.25,higher,0.25
Gemma4-E4B,native_thinking,41,4,7,logistic_recall,0.42857142857142855,higher,0.42857142857142855
Gemma4-E4B,native_thinking,41,4,7,logistic_f1,0.3157894736842105,higher,0.3157894736842105
Gemma4-E4B,native_thinking,41,4,7,ncc_recall,0.0,higher,0.0
Gemma4-E4B,native_thinking,41,4,7,silhouette_cosine,-0.1857937127351761,higher,-0.1857937127351761
Gemma4-E4B,native_thinking,41,4,7,within_trace,1088.8433837890625,lower,-1088.8433837890625
Gemma4-E4B,native_thinking,41,4,7,class_nc1_ratio,5.455320485298595,lower,-5.455320485298595
Gemma4-E4B,native_thinking,41,4,7,centroid_nearest_squared,22.146902084350586,higher,22.146902084350586
Gemma4-E4B,native_thinking,41,4,7,fisher_nearest,0.020339841720194554,higher,0.020339841720194554
Gemma4-E4B,native_thinking,41,4,7,min_bhattacharyya,0.8838757276535034,higher,0.8838757276535034
Gemma4-E4B,native_thinking,41,4,7,mean_bhattacharyya,5.763289365503523,higher,5.763289365503523
Gemma4-E4B,native_thinking,41,4,7,nc2_class_cosine_deviation,0.5829869402043614,lower,-0.5829869402043614
Gemma4-E4B,native_thinking,41,5,7,logistic_precision,0.5,higher,0.5
Gemma4-E4B,native_thinking,41,5,7,logistic_recall,0.42857142857142855,higher,0.42857142857142855
Gemma4-E4B,native_thinking,41,5,7,logistic_f1,0.46153846153846156,higher,0.46153846153846156
Gemma4-E4B,native_thinking,41,5,7,ncc_recall,0.14285714285714285,higher,0.14285714285714285
Gemma4-E4B,native_thinking,41,5,7,silhouette_cosine,-0.23421171307563782,higher,-0.23421171307563782
Gemma4-E4B,native_thinking,41,5,7,within_trace,1264.544921875,lower,-1264.544921875
Gemma4-E4B,native_thinking,41,5,7,class_nc1_ratio,10.03267705246356,lower,-10.03267705246356
Gemma4-E4B,native_thinking,41,5,7,centroid_nearest_squared,28.629640579223633,higher,28.629640579223633
Gemma4-E4B,native_thinking,41,5,7,fisher_nearest,0.022640271677160446,higher,0.022640271677160446
Gemma4-E4B,native_thinking,41,5,7,min_bhattacharyya,1.3406700491905212,higher,1.3406700491905212
Gemma4-E4B,native_thinking,41,5,7,mean_bhattacharyya,4.7023177478048535,higher,4.7023177478048535
Gemma4-E4B,native_thinking,41,5,7,nc2_class_cosine_deviation,0.5829892828140729,lower,-0.5829892828140729
Gemma4-E4B,native_thinking,41,6,7,logistic_precision,0.375,higher,0.375
Gemma4-E4B,native_thinking,41,6,7,logistic_recall,0.42857142857142855,higher,0.42857142857142855
Gemma4-E4B,native_thinking,41,6,7,logistic_f1,0.4,higher,0.4
Gemma4-E4B,native_thinking,41,6,7,ncc_recall,0.0,higher,0.0
Gemma4-E4B,native_thinking,41,6,7,silhouette_cosine,-0.21208027005195618,higher,-0.21208027005195618
Gemma4-E4B,native_thinking,41,6,7,within_trace,1231.26513671875,lower,-1231.26513671875
Gemma4-E4B,native_thinking,41,6,7,class_nc1_ratio,8.036904736245976,lower,-8.036904736245976
Gemma4-E4B,native_thinking,41,6,7,centroid_nearest_squared,28.629640579223633,higher,28.629640579223633
Gemma4-E4B,native_thinking,41,6,7,fisher_nearest,0.02325221410517637,higher,0.02325221410517637
Gemma4-E4B,native_thinking,41,6,7,min_bhattacharyya,1.3406700491905212,higher,1.3406700491905212
Gemma4-E4B,native_thinking,41,6,7,mean_bhattacharyya,4.861775994300842,higher,4.861775994300842
Gemma4-E4B,native_thinking,41,6,7,nc2_class_cosine_deviation,0.5683812903769223,lower,-0.5683812903769223
Gemma4-E4B,native_thinking,41,7,7,logistic_precision,0.6666666666666666,higher,0.6666666666666666
Gemma4-E4B,native_thinking,41,7,7,logistic_recall,0.2857142857142857,higher,0.2857142857142857
Gemma4-E4B,native_thinking,41,7,7,logistic_f1,0.4,higher,0.4
Gemma4-E4B,native_thinking,41,7,7,ncc_recall,0.14285714285714285,higher,0.14285714285714285
Gemma4-E4B,native_thinking,41,7,7,silhouette_cosine,-0.20981881022453308,higher,-0.20981881022453308
Gemma4-E4B,native_thinking,41,7,7,within_trace,1284.5723876953125,lower,-1284.5723876953125
Gemma4-E4B,native_thinking,41,7,7,class_nc1_ratio,4.835160080054335,lower,-4.835160080054335
Gemma4-E4B,native_thinking,41,7,7,centroid_nearest_squared,182.85195922851562,higher,182.85195922851562
Gemma4-E4B,native_thinking,41,7,7,fisher_nearest,0.1423446128688594,higher,0.1423446128688594
Gemma4-E4B,native_thinking,41,7,7,min_bhattacharyya,2.059900462627411,higher,2.059900462627411
Gemma4-E4B,native_thinking,41,7,7,mean_bhattacharyya,4.640062537458208,higher,4.640062537458208
Gemma4-E4B,native_thinking,41,7,7,nc2_class_cosine_deviation,0.3374248661192847,lower,-0.3374248661192847
Gemma4-E4B,native_thinking,41,8,7,logistic_precision,0.3333333333333333,higher,0.3333333333333333
Gemma4-E4B,native_thinking,41,8,7,logistic_recall,0.42857142857142855,higher,0.42857142857142855
Gemma4-E4B,native_thinking,41,8,7,logistic_f1,0.375,higher,0.375
Gemma4-E4B,native_thinking,41,8,7,ncc_recall,0.14285714285714285,higher,0.14285714285714285
Gemma4-E4B,native_thinking,41,8,7,silhouette_cosine,-0.2817259132862091,higher,-0.2817259132862091
Gemma4-E4B,native_thinking,41,8,7,within_trace,1781.1968994140625,lower,-1781.1968994140625
Gemma4-E4B,native_thinking,41,8,7,class_nc1_ratio,5.576886075385827,lower,-5.576886075385827
Gemma4-E4B,native_thinking,41,8,7,centroid_nearest_squared,130.2306671142578,higher,130.2306671142578
Gemma4-E4B,native_thinking,41,8,7,fisher_nearest,0.07311413306249193,higher,0.07311413306249193
Gemma4-E4B,native_thinking,41,8,7,min_bhattacharyya,1.4131117463111877,higher,1.4131117463111877
Gemma4-E4B,native_thinking,41,8,7,mean_bhattacharyya,4.987372424867418,higher,4.987372424867418
Gemma4-E4B,native_thinking,41,8,7,nc2_class_cosine_deviation,0.4523187644871664,lower,-0.4523187644871664
Gemma4-E4B,native_thinking,41,9,5,logistic_precision,0.25,higher,0.25
Gemma4-E4B,native_thinking,41,9,5,logistic_recall,0.2,higher,0.2
Gemma4-E4B,native_thinking,41,9,5,logistic_f1,0.2222222222222222,higher,0.2222222222222222
Gemma4-E4B,native_thinking,41,9,5,ncc_recall,0.4,higher,0.4
Gemma4-E4B,native_thinking,41,9,5,silhouette_cosine,-0.3423641324043274,higher,-0.3423641324043274
Gemma4-E4B,native_thinking,41,9,5,within_trace,1866.841552734375,lower,-1866.841552734375
Gemma4-E4B,native_thinking,41,9,5,class_nc1_ratio,4.44079769660454,lower,-4.44079769660454
Gemma4-E4B,native_thinking,41,9,5,centroid_nearest_squared,130.2306671142578,higher,130.2306671142578
Gemma4-E4B,native_thinking,41,9,5,fisher_nearest,0.06975989307903936,higher,0.06975989307903936
Gemma4-E4B,native_thinking,41,9,5,min_bhattacharyya,1.4131117463111877,higher,1.4131117463111877
Gemma4-E4B,native_thinking,41,9,5,mean_bhattacharyya,5.906033390098148,higher,5.906033390098148
Gemma4-E4B,native_thinking,41,9,5,nc2_class_cosine_deviation,0.5547131971444613,lower,-0.5547131971444613
Gemma4-E4B,native_thinking,41,10,3,logistic_precision,0.3333333333333333,higher,0.3333333333333333
Gemma4-E4B,native_thinking,41,10,3,logistic_recall,0.6666666666666666,higher,0.6666666666666666
Gemma4-E4B,native_thinking,41,10,3,logistic_f1,0.4444444444444444,higher,0.4444444444444444
Gemma4-E4B,native_thinking,41,10,3,ncc_recall,0.6666666666666666,higher,0.6666666666666666
Gemma4-E4B,native_thinking,41,10,3,silhouette_cosine,0.1363716870546341,higher,0.1363716870546341
Gemma4-E4B,native_thinking,41,10,3,within_trace,1443.8311767578125,lower,-1443.8311767578125
Gemma4-E4B,native_thinking,41,10,3,class_nc1_ratio,0.7841284097714842,lower,-0.7841284097714842
Gemma4-E4B,native_thinking,41,10,3,centroid_nearest_squared,1294.2159423828125,higher,1294.2159423828125
Gemma4-E4B,native_thinking,41,10,3,fisher_nearest,0.8963762268169276,higher,0.8963762268169276
Gemma4-E4B,native_thinking,41,10,3,min_bhattacharyya,3.145939588546753,higher,3.145939588546753
Gemma4-E4B,native_thinking,41,10,3,mean_bhattacharyya,7.633798493279351,higher,7.633798493279351
Gemma4-E4B,native_thinking,41,10,3,nc2_class_cosine_deviation,0.4700036424177664,lower,-0.4700036424177664
