model_label,role,layer,rows,seeds,fold,algorithm,rows_train,rows_test,r2,mae,pearson_r
Qwen3-8B,prompt_running,0,300,30,discovery_to_confirmation,ridge,200,100,0.7494736909866333,1.1817454099655151,0.8715258634898112
Qwen3-8B,prompt_running,0,300,30,discovery_to_confirmation,knn5_distance,200,100,0.21420673633311904,2.1436464778653286,0.5298413520492868
Qwen3-8B,prompt_running,1,300,30,discovery_to_confirmation,ridge,200,100,0.8391969799995422,0.8673759698867798,0.928115702297763
Qwen3-8B,prompt_running,1,300,30,discovery_to_confirmation,knn5_distance,200,100,0.4292773608808963,1.766413304591797,0.7433978599117677
Qwen3-8B,prompt_running,2,300,30,discovery_to_confirmation,ridge,200,100,0.8655535578727722,0.8398765325546265,0.938397000170064
Qwen3-8B,prompt_running,2,300,30,discovery_to_confirmation,knn5_distance,200,100,0.15289824631758908,2.0806111310239634,0.7281126991641355
Qwen3-8B,prompt_running,3,300,30,discovery_to_confirmation,ridge,200,100,0.9150121212005615,0.6703548431396484,0.9587528586310599
Qwen3-8B,prompt_running,3,300,30,discovery_to_confirmation,knn5_distance,200,100,0.2906227205204067,1.949823342509335,0.7686831716050059
Qwen3-8B,prompt_running,4,300,30,discovery_to_confirmation,ridge,200,100,0.8994515538215637,0.7592615485191345,0.9542698859036806
Qwen3-8B,prompt_running,4,300,30,discovery_to_confirmation,knn5_distance,200,100,0.5746961755194677,1.4694289990832416,0.8018194571402748
Qwen3-8B,prompt_running,5,300,30,discovery_to_confirmation,ridge,200,100,0.9077913761138916,0.7282567620277405,0.9562672590074909
Qwen3-8B,prompt_running,5,300,30,discovery_to_confirmation,knn5_distance,200,100,0.5054921284876495,1.582140201568528,0.8066836610780412
Qwen3-8B,prompt_running,6,300,30,discovery_to_confirmation,ridge,200,100,0.9303032159805298,0.605417788028717,0.9657607231056189
Qwen3-8B,prompt_running,6,300,30,discovery_to_confirmation,knn5_distance,200,100,0.5445261447916598,1.4770985915801662,0.8504357411624768
Qwen3-8B,prompt_running,7,300,30,discovery_to_confirmation,ridge,200,100,0.9532570242881775,0.5174793601036072,0.9778664703551893
Qwen3-8B,prompt_running,7,300,30,discovery_to_confirmation,knn5_distance,200,100,0.7722658038603459,1.0555439503663495,0.8804962655271719
Qwen3-8B,prompt_running,8,300,30,discovery_to_confirmation,ridge,200,100,0.9448117613792419,0.5605708956718445,0.9742930520892736
Qwen3-8B,prompt_running,8,300,30,discovery_to_confirmation,knn5_distance,200,100,0.7114871020155733,1.2466457673420945,0.8524496630053093
Qwen3-8B,prompt_running,9,300,30,discovery_to_confirmation,ridge,200,100,0.9322343468666077,0.6148832440376282,0.9656169307826679
Qwen3-8B,prompt_running,9,300,30,discovery_to_confirmation,knn5_distance,200,100,0.7576695582581822,1.0273087944992858,0.8719363602553433
Qwen3-8B,prompt_running,10,300,30,discovery_to_confirmation,ridge,200,100,0.9554998278617859,0.4873800575733185,0.9775792595480676
Qwen3-8B,prompt_running,10,300,30,discovery_to_confirmation,knn5_distance,200,100,0.8150198805346731,0.9397430997026899,0.9054301552332078
Qwen3-8B,prompt_running,11,300,30,discovery_to_confirmation,ridge,200,100,0.9574517011642456,0.4593721032142639,0.9789979115251071
Qwen3-8B,prompt_running,11,300,30,discovery_to_confirmation,knn5_distance,200,100,0.8164885689415516,0.9107682013169937,0.9045981494377308
Qwen3-8B,prompt_running,12,300,30,discovery_to_confirmation,ridge,200,100,0.9574502110481262,0.45674052834510803,0.978973208865279
Qwen3-8B,prompt_running,12,300,30,discovery_to_confirmation,knn5_distance,200,100,0.7726747798713542,0.9581856226184071,0.8792638809981622
Qwen3-8B,prompt_running,13,300,30,discovery_to_confirmation,ridge,200,100,0.9601405262947083,0.42763495445251465,0.9819916822746787
Qwen3-8B,prompt_running,13,300,30,discovery_to_confirmation,knn5_distance,200,100,0.7980132756458296,0.9515702533658299,0.8990072618595623
Qwen3-8B,prompt_running,14,300,30,discovery_to_confirmation,ridge,200,100,0.9472446441650391,0.5066521167755127,0.9739226852318864
Qwen3-8B,prompt_running,14,300,30,discovery_to_confirmation,knn5_distance,200,100,0.7618506669562786,1.0070456165921882,0.8791005316765848
Qwen3-8B,prompt_running,15,300,30,discovery_to_confirmation,ridge,200,100,0.9451540112495422,0.5149242877960205,0.9749205946177715
Qwen3-8B,prompt_running,15,300,30,discovery_to_confirmation,knn5_distance,200,100,0.8062722153391089,0.9722236309476002,0.9052935474958832
Qwen3-8B,prompt_running,16,300,30,discovery_to_confirmation,ridge,200,100,0.9448227286338806,0.5351579785346985,0.9733598535146234
Qwen3-8B,prompt_running,16,300,30,discovery_to_confirmation,knn5_distance,200,100,0.7489101019316815,1.0735522825599233,0.8859556322870218
Qwen3-8B,prompt_running,17,300,30,discovery_to_confirmation,ridge,200,100,0.9345563650131226,0.5848963260650635,0.9697213628043984
Qwen3-8B,prompt_running,17,300,30,discovery_to_confirmation,knn5_distance,200,100,0.7771625145976881,1.0086917083599856,0.8940871781397577
Qwen3-8B,prompt_running,18,300,30,discovery_to_confirmation,ridge,200,100,0.9368036985397339,0.5805864930152893,0.9692760328939267
Qwen3-8B,prompt_running,18,300,30,discovery_to_confirmation,knn5_distance,200,100,0.7922777770276315,0.9838874505639725,0.8963355295981585
Qwen3-8B,prompt_running,19,300,30,discovery_to_confirmation,ridge,200,100,0.9409587383270264,0.5431879162788391,0.9702587329020551
Qwen3-8B,prompt_running,19,300,30,discovery_to_confirmation,knn5_distance,200,100,0.8139494307978012,0.9011763009651931,0.904678027191247
Qwen3-8B,prompt_running,20,300,30,discovery_to_confirmation,ridge,200,100,0.9015321135520935,0.7273090481758118,0.9529209239240922
Qwen3-8B,prompt_running,20,300,30,discovery_to_confirmation,knn5_distance,200,100,0.6177086524928672,1.2280379428646209,0.8070006510161006
Qwen3-8B,prompt_running,21,300,30,discovery_to_confirmation,ridge,200,100,0.9064080715179443,0.6761860847473145,0.9549430457722488
Qwen3-8B,prompt_running,21,300,30,discovery_to_confirmation,knn5_distance,200,100,0.7550494556062189,1.019266876374089,0.8714055635435987
Qwen3-8B,prompt_running,22,300,30,discovery_to_confirmation,ridge,200,100,0.8446996212005615,0.847006618976593,0.9205679463568811
Qwen3-8B,prompt_running,22,300,30,discovery_to_confirmation,knn5_distance,200,100,0.4848162204319243,1.5144790535345205,0.7624759513601619
Qwen3-8B,prompt_running,23,300,30,discovery_to_confirmation,ridge,200,100,0.7698922157287598,1.0933358669281006,0.8802828402748752
Qwen3-8B,prompt_running,23,300,30,discovery_to_confirmation,knn5_distance,200,100,0.14525852696610952,2.003757821503772,0.5936901421881595
Qwen3-8B,prompt_running,24,300,30,discovery_to_confirmation,ridge,200,100,0.7689490914344788,1.118211030960083,0.8783225538652429
Qwen3-8B,prompt_running,24,300,30,discovery_to_confirmation,knn5_distance,200,100,0.385234120807298,1.6850563708104134,0.6931224853959037
Qwen3-8B,prompt_running,25,300,30,discovery_to_confirmation,ridge,200,100,0.7398374080657959,1.1960844993591309,0.8615089209736205
Qwen3-8B,prompt_running,25,300,30,discovery_to_confirmation,knn5_distance,200,100,0.34083042667208174,1.7197836966971778,0.6574429815541767
Qwen3-8B,prompt_running,26,300,30,discovery_to_confirmation,ridge,200,100,0.7327685356140137,1.2240198850631714,0.8571460717173863
Qwen3-8B,prompt_running,26,300,30,discovery_to_confirmation,knn5_distance,200,100,0.4223268228311968,1.6648157792706388,0.701480326066045
Qwen3-8B,prompt_running,27,300,30,discovery_to_confirmation,ridge,200,100,0.7220239639282227,1.256068229675293,0.8505581881938343
Qwen3-8B,prompt_running,27,300,30,discovery_to_confirmation,knn5_distance,200,100,0.502873591354543,1.5112107098534215,0.7405520845213195
Qwen3-8B,prompt_running,28,300,30,discovery_to_confirmation,ridge,200,100,0.6949300765991211,1.319791555404663,0.8355517933558945
Qwen3-8B,prompt_running,28,300,30,discovery_to_confirmation,knn5_distance,200,100,0.4999544076675556,1.5512323076051342,0.7392736007978378
Qwen3-8B,prompt_running,29,300,30,discovery_to_confirmation,ridge,200,100,0.684561014175415,1.333044171333313,0.8311418664344806
Qwen3-8B,prompt_running,29,300,30,discovery_to_confirmation,knn5_distance,200,100,0.5280880667401591,1.4857031775451583,0.760768215888562
Qwen3-8B,prompt_running,30,300,30,discovery_to_confirmation,ridge,200,100,0.6457382440567017,1.4134384393692017,0.8118007926294747
Qwen3-8B,prompt_running,30,300,30,discovery_to_confirmation,knn5_distance,200,100,0.508709697219055,1.5357585117353851,0.729148121476915
Qwen3-8B,prompt_running,31,300,30,discovery_to_confirmation,ridge,200,100,0.6151531934738159,1.4682724475860596,0.7946968836545937
Qwen3-8B,prompt_running,31,300,30,discovery_to_confirmation,knn5_distance,200,100,0.470324586881401,1.6258520724142884,0.7175470611295518
Qwen3-8B,prompt_running,32,300,30,discovery_to_confirmation,ridge,200,100,0.6271558403968811,1.4364429712295532,0.8023884627623673
Qwen3-8B,prompt_running,32,300,30,discovery_to_confirmation,knn5_distance,200,100,0.46818100194674006,1.6351620014621935,0.7187744794479595
Qwen3-8B,prompt_running,33,300,30,discovery_to_confirmation,ridge,200,100,0.6176958680152893,1.475041151046753,0.7975916969781308
Qwen3-8B,prompt_running,33,300,30,discovery_to_confirmation,knn5_distance,200,100,0.45411401160817777,1.633449280317195,0.7121182215838678
Qwen3-8B,prompt_running,34,300,30,discovery_to_confirmation,ridge,200,100,0.6070525646209717,1.51601243019104,0.7920213857520692
Qwen3-8B,prompt_running,34,300,30,discovery_to_confirmation,knn5_distance,200,100,0.3702704403672259,1.7428474802904084,0.6367542784451888
Qwen3-8B,prompt_running,35,300,30,discovery_to_confirmation,ridge,200,100,0.5853099822998047,1.5402392148971558,0.7776526352166853
Qwen3-8B,prompt_running,35,300,30,discovery_to_confirmation,knn5_distance,200,100,0.2563595928353003,1.918129651322635,0.568210758693936
Qwen3-8B,answer_query,0,200,20,group_fold_0,ridge,160,40,-9.79028606414795,8.065104484558105,0.20409224192792913
Qwen3-8B,answer_query,0,200,20,group_fold_0,knn5_distance,160,40,-0.322589309714856,2.718477933124271,0.07964097998600365
Qwen3-8B,answer_query,0,200,20,group_fold_1,ridge,160,40,-9.530885696411133,8.580545425415039,0.1730983510311156
Qwen3-8B,answer_query,0,200,20,group_fold_1,knn5_distance,160,40,-0.033468336928243136,2.3862462961404374,0.26004212757300393
Qwen3-8B,answer_query,0,200,20,group_fold_2,ridge,160,40,-2.8454575538635254,4.622176647186279,0.33496259426893876
Qwen3-8B,answer_query,0,200,20,group_fold_2,knn5_distance,160,40,-0.25103830241103675,2.5502378526306275,0.20289164595943793
Qwen3-8B,answer_query,0,200,20,group_fold_3,ridge,160,40,-19.692419052124023,10.38017463684082,0.33713674477376493
Qwen3-8B,answer_query,0,200,20,group_fold_3,knn5_distance,160,40,-0.5806047875767193,2.9529454150750176,0.06313735386086244
Qwen3-8B,answer_query,0,200,20,group_fold_4,ridge,160,40,-24.647438049316406,10.329530715942383,0.11658204967898739
Qwen3-8B,answer_query,0,200,20,group_fold_4,knn5_distance,160,40,-0.3501940181467975,2.7216079218825207,0.04869678248166395
Qwen3-8B,answer_query,1,200,20,group_fold_0,ridge,160,40,-2.7632787227630615,3.8945045471191406,0.4624757942864878
Qwen3-8B,answer_query,1,200,20,group_fold_0,knn5_distance,160,40,0.07177744257621332,2.2493147507966964,0.37784119420367945
Qwen3-8B,answer_query,1,200,20,group_fold_1,ridge,160,40,0.05944991111755371,2.600395679473877,0.7239011615496428
Qwen3-8B,answer_query,1,200,20,group_fold_1,knn5_distance,160,40,-0.051880736154379825,2.520114170766199,0.055523583211099306
Qwen3-8B,answer_query,1,200,20,group_fold_2,ridge,160,40,-0.8864779472351074,3.2945854663848877,0.5634327367189456
Qwen3-8B,answer_query,1,200,20,group_fold_2,knn5_distance,160,40,-0.1845829579503666,2.593525793066036,0.16206193147539913
Qwen3-8B,answer_query,1,200,20,group_fold_3,ridge,160,40,-3.7147884368896484,5.512419700622559,0.43448592563238503
Qwen3-8B,answer_query,1,200,20,group_fold_3,knn5_distance,160,40,-0.06862843618470227,2.400972945130338,0.2315645402717193
Qwen3-8B,answer_query,1,200,20,group_fold_4,ridge,160,40,-4.6109137535095215,5.224367618560791,0.3480012373830596
Qwen3-8B,answer_query,1,200,20,group_fold_4,knn5_distance,160,40,0.07289147569543719,2.337631026195936,0.3454739915898849
Qwen3-8B,answer_query,2,200,20,group_fold_0,ridge,160,40,0.6425107717514038,1.197475790977478,0.8744258189344727
Qwen3-8B,answer_query,2,200,20,group_fold_0,knn5_distance,160,40,-0.18459466581403228,2.5883068297715455,0.2216063228609681
Qwen3-8B,answer_query,2,200,20,group_fold_1,ridge,160,40,-0.001292586326599121,2.4545249938964844,0.6975663003266597
Qwen3-8B,answer_query,2,200,20,group_fold_1,knn5_distance,160,40,0.2844129330704077,2.1322667637465003,0.5620346705326549
Qwen3-8B,answer_query,2,200,20,group_fold_2,ridge,160,40,0.8532946705818176,0.8992002606391907,0.9307576318279148
Qwen3-8B,answer_query,2,200,20,group_fold_2,knn5_distance,160,40,0.15328943689905006,2.184213123611889,0.463087250273643
Qwen3-8B,answer_query,2,200,20,group_fold_3,ridge,160,40,0.414819598197937,1.7522242069244385,0.7762644912150831
Qwen3-8B,answer_query,2,200,20,group_fold_3,knn5_distance,160,40,-0.12473801493385128,2.5578566915562435,0.14738054944835527
Qwen3-8B,answer_query,2,200,20,group_fold_4,ridge,160,40,-2.7565369606018066,4.667747974395752,0.5119557982559482
Qwen3-8B,answer_query,2,200,20,group_fold_4,knn5_distance,160,40,-0.02671478737027999,2.4169624942418224,0.6206099403711591
Qwen3-8B,answer_query,3,200,20,group_fold_0,ridge,160,40,-0.7200971841812134,2.630214214324951,0.6816856699889668
Qwen3-8B,answer_query,3,200,20,group_fold_0,knn5_distance,160,40,0.23272729438580098,2.1063934097234176,0.5912850642276348
Qwen3-8B,answer_query,3,200,20,group_fold_1,ridge,160,40,0.4941343069076538,1.7944889068603516,0.792282182303656
Qwen3-8B,answer_query,3,200,20,group_fold_1,knn5_distance,160,40,0.20873542421797153,2.098558592738872,0.48322865473205784
Qwen3-8B,answer_query,3,200,20,group_fold_2,ridge,160,40,0.7468354105949402,1.1437127590179443,0.9026502727228207
Qwen3-8B,answer_query,3,200,20,group_fold_2,knn5_distance,160,40,0.04983328828131495,2.388533481522105,0.26321841734816004
Qwen3-8B,answer_query,3,200,20,group_fold_3,ridge,160,40,0.6307123899459839,1.3629732131958008,0.920876149599779
Qwen3-8B,answer_query,3,200,20,group_fold_3,knn5_distance,160,40,0.27209717388321786,2.0419055290520243,0.5876970398140402
Qwen3-8B,answer_query,3,200,20,group_fold_4,ridge,160,40,-4.005545616149902,5.145050048828125,0.48953354294667906
Qwen3-8B,answer_query,3,200,20,group_fold_4,knn5_distance,160,40,-0.0672717235370055,2.3813136357736204,0.44032318818858684
Qwen3-8B,answer_query,4,200,20,group_fold_0,ridge,160,40,0.877522885799408,0.8698910474777222,0.9426425902480531
Qwen3-8B,answer_query,4,200,20,group_fold_0,knn5_distance,160,40,0.3587217659843316,1.937962539148404,0.6995699699091367
Qwen3-8B,answer_query,4,200,20,group_fold_1,ridge,160,40,-0.39292263984680176,2.987346649169922,0.619041491854533
Qwen3-8B,answer_query,4,200,20,group_fold_1,knn5_distance,160,40,0.004264649085101713,2.3940777720144326,0.37521964936799057
Qwen3-8B,answer_query,4,200,20,group_fold_2,ridge,160,40,0.8732184767723083,0.9102361798286438,0.9405534868913401
Qwen3-8B,answer_query,4,200,20,group_fold_2,knn5_distance,160,40,0.1364922350861193,2.2248344675365512,0.42404429003923905
Qwen3-8B,answer_query,4,200,20,group_fold_3,ridge,160,40,0.8004195094108582,1.1356369256973267,0.9085262964027934
Qwen3-8B,answer_query,4,200,20,group_fold_3,knn5_distance,160,40,0.2665614715107526,2.080015736623094,0.5267187962597809
Qwen3-8B,answer_query,4,200,20,group_fold_4,ridge,160,40,-0.21455872058868408,2.776643753051758,0.695362835108886
Qwen3-8B,answer_query,4,200,20,group_fold_4,knn5_distance,160,40,-0.15272650094827167,2.5673814097316927,0.25927216515888285
Qwen3-8B,answer_query,5,200,20,group_fold_0,ridge,160,40,0.8998109698295593,0.708473801612854,0.9595700032802705
Qwen3-8B,answer_query,5,200,20,group_fold_0,knn5_distance,160,40,0.36861263169346603,1.8308146727688182,0.6167891201426945
Qwen3-8B,answer_query,5,200,20,group_fold_1,ridge,160,40,0.7496283054351807,1.265345811843872,0.8964199483511149
Qwen3-8B,answer_query,5,200,20,group_fold_1,knn5_distance,160,40,0.15962453912651042,2.2146803212049964,0.41692510066399724
Qwen3-8B,answer_query,5,200,20,group_fold_2,ridge,160,40,0.901813805103302,0.713135302066803,0.9578622913278256
Qwen3-8B,answer_query,5,200,20,group_fold_2,knn5_distance,160,40,0.21140351773485555,2.1137208898147857,0.4648547745555358
Qwen3-8B,answer_query,5,200,20,group_fold_3,ridge,160,40,0.6565712094306946,1.4811065196990967,0.8652023952029003
Qwen3-8B,answer_query,5,200,20,group_fold_3,knn5_distance,160,40,0.2469131718289782,2.120079920536882,0.5319201773154008
Qwen3-8B,answer_query,5,200,20,group_fold_4,ridge,160,40,-0.08939099311828613,2.834934711456299,0.7198632190700345
Qwen3-8B,answer_query,5,200,20,group_fold_4,knn5_distance,160,40,0.023723544860954626,2.4855475947621324,0.44948545359468145
Qwen3-8B,answer_query,6,200,20,group_fold_0,ridge,160,40,0.8307180404663086,0.9725593328475952,0.9652952615825457
Qwen3-8B,answer_query,6,200,20,group_fold_0,knn5_distance,160,40,0.37280218628406414,1.8287562518001892,0.6816891379292553
Qwen3-8B,answer_query,6,200,20,group_fold_1,ridge,160,40,0.73069167137146,1.37850022315979,0.8871433477441528
Qwen3-8B,answer_query,6,200,20,group_fold_1,knn5_distance,160,40,0.20065113444400517,2.1378257973051027,0.47396423039178104
Qwen3-8B,answer_query,6,200,20,group_fold_2,ridge,160,40,0.9218976497650146,0.6351229548454285,0.9618590292884663
Qwen3-8B,answer_query,6,200,20,group_fold_2,knn5_distance,160,40,0.45259713594309925,1.6982749475712804,0.7121491196202008
Qwen3-8B,answer_query,6,200,20,group_fold_3,ridge,160,40,0.7893995046615601,1.1398227214813232,0.9088711905561409
Qwen3-8B,answer_query,6,200,20,group_fold_3,knn5_distance,160,40,0.19065212246248409,2.157679354723295,0.61831144897932
Qwen3-8B,answer_query,6,200,20,group_fold_4,ridge,160,40,0.5451997518539429,1.801361083984375,0.8494294878090636
Qwen3-8B,answer_query,6,200,20,group_fold_4,knn5_distance,160,40,0.004911111188320105,2.37619913242515,0.26554766583135303
Qwen3-8B,answer_query,7,200,20,group_fold_0,ridge,160,40,0.5769888162612915,1.3230537176132202,0.8176093441807787
Qwen3-8B,answer_query,7,200,20,group_fold_0,knn5_distance,160,40,0.29821743699463954,2.01771693273953,0.5496188742508822
Qwen3-8B,answer_query,7,200,20,group_fold_1,ridge,160,40,0.12519603967666626,2.6112377643585205,0.7484986582652612
Qwen3-8B,answer_query,7,200,20,group_fold_1,knn5_distance,160,40,0.30751003616772765,2.14292417216251,0.6191740752528476
Qwen3-8B,answer_query,7,200,20,group_fold_2,ridge,160,40,0.624209463596344,1.1410712003707886,0.8764845838068875
Qwen3-8B,answer_query,7,200,20,group_fold_2,knn5_distance,160,40,0.20671992071586653,2.0212816447620945,0.5583677665887945
Qwen3-8B,answer_query,7,200,20,group_fold_3,ridge,160,40,0.7222126722335815,1.3957407474517822,0.8763632266808031
Qwen3-8B,answer_query,7,200,20,group_fold_3,knn5_distance,160,40,0.12072427599978441,2.3553712767278703,0.37700403600125165
Qwen3-8B,answer_query,7,200,20,group_fold_4,ridge,160,40,0.36528682708740234,1.9774726629257202,0.7858409908413677
Qwen3-8B,answer_query,7,200,20,group_fold_4,knn5_distance,160,40,0.10184269435490279,2.267755908006849,0.3477159063654083
Qwen3-8B,answer_query,8,200,20,group_fold_0,ridge,160,40,0.7277265787124634,1.2213521003723145,0.9239391170332338
Qwen3-8B,answer_query,8,200,20,group_fold_0,knn5_distance,160,40,0.28770377137568237,2.043094066715069,0.5858095584499401
Qwen3-8B,answer_query,8,200,20,group_fold_1,ridge,160,40,0.4487321376800537,2.0641391277313232,0.8117562817459624
Qwen3-8B,answer_query,8,200,20,group_fold_1,knn5_distance,160,40,0.3147483549198512,1.9130931780718434,0.5613364231110185
Qwen3-8B,answer_query,8,200,20,group_fold_2,ridge,160,40,0.7969038486480713,0.9916166067123413,0.9218617825206585
Qwen3-8B,answer_query,8,200,20,group_fold_2,knn5_distance,160,40,0.048459179452995715,2.266707581744982,0.32817278289422835
Qwen3-8B,answer_query,8,200,20,group_fold_3,ridge,160,40,0.7533813118934631,1.1926366090774536,0.8895719483662897
Qwen3-8B,answer_query,8,200,20,group_fold_3,knn5_distance,160,40,0.3409789640929818,1.9176698116790483,0.63386520646151
Qwen3-8B,answer_query,8,200,20,group_fold_4,ridge,160,40,0.2347753643989563,2.290330171585083,0.7181595140625299
Qwen3-8B,answer_query,8,200,20,group_fold_4,knn5_distance,160,40,0.13957388945426152,2.1651159077779836,0.4538958245734629
Qwen3-8B,answer_query,9,200,20,group_fold_0,ridge,160,40,0.9283667206764221,0.6585850119590759,0.9745464910613869
Qwen3-8B,answer_query,9,200,20,group_fold_0,knn5_distance,160,40,0.20489292706205364,2.0906634134791497,0.46531215634623563
Qwen3-8B,answer_query,9,200,20,group_fold_1,ridge,160,40,0.6638810634613037,1.5391499996185303,0.8710690210965852
Qwen3-8B,answer_query,9,200,20,group_fold_1,knn5_distance,160,40,0.1530790363800375,2.116698038063412,0.5222842761843336
Qwen3-8B,answer_query,9,200,20,group_fold_2,ridge,160,40,0.8917914628982544,0.7889593839645386,0.9525350336256261
Qwen3-8B,answer_query,9,200,20,group_fold_2,knn5_distance,160,40,0.24358949738475388,2.040219014336999,0.5004201970548224
Qwen3-8B,answer_query,9,200,20,group_fold_3,ridge,160,40,0.8185785412788391,1.0168015956878662,0.9099506960183293
Qwen3-8B,answer_query,9,200,20,group_fold_3,knn5_distance,160,40,0.3332686202172709,1.9878243186928752,0.5869063702562967
Qwen3-8B,answer_query,9,200,20,group_fold_4,ridge,160,40,0.017211735248565674,2.4506678581237793,0.7085008589932498
Qwen3-8B,answer_query,9,200,20,group_fold_4,knn5_distance,160,40,0.15241574676962444,2.225637681569652,0.3969266275047701
Qwen3-8B,answer_query,10,200,20,group_fold_0,ridge,160,40,0.8837549090385437,0.8417811393737793,0.9445801542637584
Qwen3-8B,answer_query,10,200,20,group_fold_0,knn5_distance,160,40,0.3914237245002189,1.8468465445447262,0.6967171400714557
Qwen3-8B,answer_query,10,200,20,group_fold_1,ridge,160,40,0.5956088304519653,1.6656200885772705,0.8514215074986466
Qwen3-8B,answer_query,10,200,20,group_fold_1,knn5_distance,160,40,0.4184295634209211,1.78094130144767,0.6914848273812051
Qwen3-8B,answer_query,10,200,20,group_fold_2,ridge,160,40,0.8831861615180969,0.8056133389472961,0.9544505172065632
Qwen3-8B,answer_query,10,200,20,group_fold_2,knn5_distance,160,40,0.15985047229081295,2.1279019570166775,0.5505561217440709
Qwen3-8B,answer_query,10,200,20,group_fold_3,ridge,160,40,0.7039797306060791,1.3315454721450806,0.860337128337842
Qwen3-8B,answer_query,10,200,20,group_fold_3,knn5_distance,160,40,0.3446328344217835,1.9739922823986098,0.6363010258212642
Qwen3-8B,answer_query,10,200,20,group_fold_4,ridge,160,40,-0.11690175533294678,2.7527642250061035,0.6949741528152249
Qwen3-8B,answer_query,10,200,20,group_fold_4,knn5_distance,160,40,0.2520386425596616,2.1121604086184997,0.5027456593655899
Qwen3-8B,answer_query,11,200,20,group_fold_0,ridge,160,40,0.8333054780960083,0.9625390768051147,0.9146418011401396
Qwen3-8B,answer_query,11,200,20,group_fold_0,knn5_distance,160,40,0.15822273051660918,2.1306031793817084,0.4466490527220608
Qwen3-8B,answer_query,11,200,20,group_fold_1,ridge,160,40,0.5682133436203003,1.5448616743087769,0.8397276731003981
Qwen3-8B,answer_query,11,200,20,group_fold_1,knn5_distance,160,40,0.3560011395799425,1.7606380205131054,0.6126831473489305
Qwen3-8B,answer_query,11,200,20,group_fold_2,ridge,160,40,0.8333733677864075,0.9864257574081421,0.9335182989866628
Qwen3-8B,answer_query,11,200,20,group_fold_2,knn5_distance,160,40,0.09690357821809881,2.247162281769537,0.4634809711929366
Qwen3-8B,answer_query,11,200,20,group_fold_3,ridge,160,40,0.6676976680755615,1.4023714065551758,0.8530472110064227
Qwen3-8B,answer_query,11,200,20,group_fold_3,knn5_distance,160,40,0.33244936091595556,2.0062842931310185,0.5916848078604731
Qwen3-8B,answer_query,11,200,20,group_fold_4,ridge,160,40,-0.34254932403564453,2.925673246383667,0.6580301366046287
Qwen3-8B,answer_query,11,200,20,group_fold_4,knn5_distance,160,40,0.2895508078728094,2.0769475598603253,0.5505727776249425
Qwen3-8B,answer_query,12,200,20,group_fold_0,ridge,160,40,0.8052442073822021,1.0597676038742065,0.9025074015748071
Qwen3-8B,answer_query,12,200,20,group_fold_0,knn5_distance,160,40,0.3124827805643501,1.98329931648365,0.5600873654899412
Qwen3-8B,answer_query,12,200,20,group_fold_1,ridge,160,40,0.4987756013870239,1.8137603998184204,0.8457839755257024
Qwen3-8B,answer_query,12,200,20,group_fold_1,knn5_distance,160,40,0.32963037478227464,1.8455364502123994,0.5746282882720856
Qwen3-8B,answer_query,12,200,20,group_fold_2,ridge,160,40,0.8796238303184509,0.798725426197052,0.949663543657697
Qwen3-8B,answer_query,12,200,20,group_fold_2,knn5_distance,160,40,0.2513221597610025,2.0754400556947523,0.5979437095229609
Qwen3-8B,answer_query,12,200,20,group_fold_3,ridge,160,40,0.7001950740814209,1.4689178466796875,0.8738267414398659
Qwen3-8B,answer_query,12,200,20,group_fold_3,knn5_distance,160,40,0.30473568108616245,2.0836721804779272,0.6716900475491918
Qwen3-8B,answer_query,12,200,20,group_fold_4,ridge,160,40,0.03170645236968994,2.4708824157714844,0.7406255654497351
Qwen3-8B,answer_query,12,200,20,group_fold_4,knn5_distance,160,40,0.07234286816334046,2.199638198064503,0.33732016624845207
Qwen3-8B,answer_query,13,200,20,group_fold_0,ridge,160,40,0.8413417339324951,0.9682794809341431,0.9215461467665766
Qwen3-8B,answer_query,13,200,20,group_fold_0,knn5_distance,160,40,0.2494603676197139,2.131481357464971,0.5108364058048417
Qwen3-8B,answer_query,13,200,20,group_fold_1,ridge,160,40,0.6964685916900635,1.394432544708252,0.8987232298451096
Qwen3-8B,answer_query,13,200,20,group_fold_1,knn5_distance,160,40,0.3092188224239122,1.9663618780630394,0.5659125781905767
Qwen3-8B,answer_query,13,200,20,group_fold_2,ridge,160,40,0.8558409214019775,0.9178450703620911,0.9532955015367326
Qwen3-8B,answer_query,13,200,20,group_fold_2,knn5_distance,160,40,0.3345131791546544,1.7775996471295208,0.6529712951291231
Qwen3-8B,answer_query,13,200,20,group_fold_3,ridge,160,40,0.8431553244590759,1.0062698125839233,0.939193044441813
Qwen3-8B,answer_query,13,200,20,group_fold_3,knn5_distance,160,40,0.32692941055176294,1.8612145275739291,0.6599895216181375
Qwen3-8B,answer_query,13,200,20,group_fold_4,ridge,160,40,0.3864367604255676,1.8724822998046875,0.8122918317621903
Qwen3-8B,answer_query,13,200,20,group_fold_4,knn5_distance,160,40,0.2569447711949858,2.0945178240903126,0.5319965388174225
Qwen3-8B,answer_query,14,200,20,group_fold_0,ridge,160,40,0.819028377532959,1.126650094985962,0.9262249465317159
Qwen3-8B,answer_query,14,200,20,group_fold_0,knn5_distance,160,40,0.12678094659490524,2.2778000828074267,0.368229279669698
Qwen3-8B,answer_query,14,200,20,group_fold_1,ridge,160,40,0.7224429845809937,1.4074878692626953,0.8863067710815858
Qwen3-8B,answer_query,14,200,20,group_fold_1,knn5_distance,160,40,0.24659793215863812,2.103945967491854,0.5233296317455609
Qwen3-8B,answer_query,14,200,20,group_fold_2,ridge,160,40,0.8829749822616577,0.8826904296875,0.9773720789430559
Qwen3-8B,answer_query,14,200,20,group_fold_2,knn5_distance,160,40,0.2884702237400779,1.87946931619311,0.5537056895451966
Qwen3-8B,answer_query,14,200,20,group_fold_3,ridge,160,40,0.9123252034187317,0.7329885363578796,0.9711517047211911
Qwen3-8B,answer_query,14,200,20,group_fold_3,knn5_distance,160,40,0.4565180982059469,1.7638014805701108,0.726882131169698
Qwen3-8B,answer_query,14,200,20,group_fold_4,ridge,160,40,0.37181878089904785,2.0232129096984863,0.7861424935948512
Qwen3-8B,answer_query,14,200,20,group_fold_4,knn5_distance,160,40,0.07933497450220794,2.288562013845103,0.36088106144908694
Qwen3-8B,answer_query,15,200,20,group_fold_0,ridge,160,40,0.892419695854187,0.8234580755233765,0.9515703772839834
Qwen3-8B,answer_query,15,200,20,group_fold_0,knn5_distance,160,40,0.2369208290445639,2.0985508894797884,0.48770737683937454
Qwen3-8B,answer_query,15,200,20,group_fold_1,ridge,160,40,0.8163037300109863,1.047360897064209,0.9241252082272406
Qwen3-8B,answer_query,15,200,20,group_fold_1,knn5_distance,160,40,0.47415744858439346,1.7722777329512485,0.7681723915865035
Qwen3-8B,answer_query,15,200,20,group_fold_2,ridge,160,40,0.8011177778244019,1.0388442277908325,0.9437845791015771
Qwen3-8B,answer_query,15,200,20,group_fold_2,knn5_distance,160,40,0.5602218740837047,1.605040707998091,0.7742110622697032
Qwen3-8B,answer_query,15,200,20,group_fold_3,ridge,160,40,0.9162651300430298,0.6758937835693359,0.9597147828284924
Qwen3-8B,answer_query,15,200,20,group_fold_3,knn5_distance,160,40,0.5428996485102318,1.597806466721512,0.7550247592727425
Qwen3-8B,answer_query,15,200,20,group_fold_4,ridge,160,40,0.489205539226532,1.8181015253067017,0.8135236999628159
Qwen3-8B,answer_query,15,200,20,group_fold_4,knn5_distance,160,40,0.07660312816787207,2.3108157943286054,0.3675440281149948
Qwen3-8B,answer_query,16,200,20,group_fold_0,ridge,160,40,0.8773943185806274,0.8687311410903931,0.9399156731835793
Qwen3-8B,answer_query,16,200,20,group_fold_0,knn5_distance,160,40,0.23464028074466947,2.2001078295320324,0.4871213965357568
Qwen3-8B,answer_query,16,200,20,group_fold_1,ridge,160,40,0.8332163095474243,0.9264310598373413,0.9404403987165457
Qwen3-8B,answer_query,16,200,20,group_fold_1,knn5_distance,160,40,0.2407568541647822,2.0907070980513502,0.5326646990453381
Qwen3-8B,answer_query,16,200,20,group_fold_2,ridge,160,40,0.8138465881347656,0.9714072942733765,0.9425875069412549
Qwen3-8B,answer_query,16,200,20,group_fold_2,knn5_distance,160,40,0.5129387307315674,1.676153400065327,0.7496232366262285
Qwen3-8B,answer_query,16,200,20,group_fold_3,ridge,160,40,0.9539510011672974,0.4838234782218933,0.9779395572543994
Qwen3-8B,answer_query,16,200,20,group_fold_3,knn5_distance,160,40,0.3641103319572919,1.9856430355304813,0.6586987382303451
Qwen3-8B,answer_query,16,200,20,group_fold_4,ridge,160,40,0.4063895344734192,1.9217197895050049,0.8053727502979664
Qwen3-8B,answer_query,16,200,20,group_fold_4,knn5_distance,160,40,0.13302267600302486,2.1874825432969516,0.4080192884221264
Qwen3-8B,answer_query,17,200,20,group_fold_0,ridge,160,40,0.8736849427223206,0.9282739758491516,0.9402245024245379
Qwen3-8B,answer_query,17,200,20,group_fold_0,knn5_distance,160,40,0.1503911180156403,2.23163113552013,0.41051513731223677
Qwen3-8B,answer_query,17,200,20,group_fold_1,ridge,160,40,0.925739049911499,0.6197589635848999,0.9635933087582099
Qwen3-8B,answer_query,17,200,20,group_fold_1,knn5_distance,160,40,0.18404991302146323,2.28534206012045,0.4894493681580263
Qwen3-8B,answer_query,17,200,20,group_fold_2,ridge,160,40,0.816226601600647,0.915719211101532,0.9419234157778844
Qwen3-8B,answer_query,17,200,20,group_fold_2,knn5_distance,160,40,0.6911076001435883,1.3873516095567386,0.8826228489027718
Qwen3-8B,answer_query,17,200,20,group_fold_3,ridge,160,40,0.9688026905059814,0.40150731801986694,0.9851844617501511
Qwen3-8B,answer_query,17,200,20,group_fold_3,knn5_distance,160,40,0.4956747552510591,1.7442329741667506,0.7333664131655467
Qwen3-8B,answer_query,17,200,20,group_fold_4,ridge,160,40,0.5912759900093079,1.569448709487915,0.8354402180807698
Qwen3-8B,answer_query,17,200,20,group_fold_4,knn5_distance,160,40,-0.008612626194019146,2.3566643874201167,0.3327605118485587
Qwen3-8B,answer_query,18,200,20,group_fold_0,ridge,160,40,0.8775094747543335,0.8783615231513977,0.9401845768356312
Qwen3-8B,answer_query,18,200,20,group_fold_0,knn5_distance,160,40,0.2275595293816508,2.113490767316575,0.4829048506938597
Qwen3-8B,answer_query,18,200,20,group_fold_1,ridge,160,40,0.8304687738418579,0.9995483160018921,0.9239974723404101
Qwen3-8B,answer_query,18,200,20,group_fold_1,knn5_distance,160,40,0.3236916159173362,1.9827065633046221,0.6413490513036127
Qwen3-8B,answer_query,18,200,20,group_fold_2,ridge,160,40,0.8778764009475708,0.8241325616836548,0.9568984466510594
Qwen3-8B,answer_query,18,200,20,group_fold_2,knn5_distance,160,40,0.6361200796737063,1.4657095274388,0.8391669344542132
Qwen3-8B,answer_query,18,200,20,group_fold_3,ridge,160,40,0.9442015290260315,0.5595942139625549,0.9723445252932478
Qwen3-8B,answer_query,18,200,20,group_fold_3,knn5_distance,160,40,0.6668807454636385,1.3868233627797493,0.8478196565305819
Qwen3-8B,answer_query,18,200,20,group_fold_4,ridge,160,40,0.7232707738876343,1.3079060316085815,0.884184858553041
Qwen3-8B,answer_query,18,200,20,group_fold_4,knn5_distance,160,40,0.24902635160594488,2.1156412878085815,0.5225081992805354
Qwen3-8B,answer_query,19,200,20,group_fold_0,ridge,160,40,0.9435663223266602,0.5574549436569214,0.973761756803668
Qwen3-8B,answer_query,19,200,20,group_fold_0,knn5_distance,160,40,0.5956443630649619,1.5753394809272736,0.8442710022333373
Qwen3-8B,answer_query,19,200,20,group_fold_1,ridge,160,40,0.9120842218399048,0.6579979658126831,0.9673944766116543
Qwen3-8B,answer_query,19,200,20,group_fold_1,knn5_distance,160,40,0.48401671030761306,1.6865407907959011,0.7899625314614953
Qwen3-8B,answer_query,19,200,20,group_fold_2,ridge,160,40,0.9387509226799011,0.5648099780082703,0.9725639611948483
Qwen3-8B,answer_query,19,200,20,group_fold_2,knn5_distance,160,40,0.4481407160003127,1.6944991671725274,0.6800845702127178
Qwen3-8B,answer_query,19,200,20,group_fold_3,ridge,160,40,0.9309255480766296,0.6635165214538574,0.9654683085528584
Qwen3-8B,answer_query,19,200,20,group_fold_3,knn5_distance,160,40,0.5410317276911826,1.6398455145048345,0.7691020608536158
Qwen3-8B,answer_query,19,200,20,group_fold_4,ridge,160,40,0.9610393047332764,0.4617632031440735,0.9830094554847605
Qwen3-8B,answer_query,19,200,20,group_fold_4,knn5_distance,160,40,0.3953618087160261,1.7331435937403092,0.6552561374308905
Qwen3-8B,answer_query,20,200,20,group_fold_0,ridge,160,40,0.9512491822242737,0.4976443350315094,0.9841032739643871
Qwen3-8B,answer_query,20,200,20,group_fold_0,knn5_distance,160,40,0.5410295303334052,1.5279759757187992,0.8423699961761455
Qwen3-8B,answer_query,20,200,20,group_fold_1,ridge,160,40,0.954214334487915,0.46167367696762085,0.978591248627942
Qwen3-8B,answer_query,20,200,20,group_fold_1,knn5_distance,160,40,0.4241616486635754,1.8244256789848698,0.7614936475997379
Qwen3-8B,answer_query,20,200,20,group_fold_2,ridge,160,40,0.9382604360580444,0.5721564292907715,0.9721330627218132
Qwen3-8B,answer_query,20,200,20,group_fold_2,knn5_distance,160,40,0.4444777988814579,1.6253666250663823,0.7559938939652281
Qwen3-8B,answer_query,20,200,20,group_fold_3,ridge,160,40,0.980567991733551,0.33967891335487366,0.9916194377442229
Qwen3-8B,answer_query,20,200,20,group_fold_3,knn5_distance,160,40,0.6890404275290316,1.2662499489135914,0.8376384735384376
Qwen3-8B,answer_query,20,200,20,group_fold_4,ridge,160,40,0.9260298013687134,0.6184333562850952,0.9623673077880086
Qwen3-8B,answer_query,20,200,20,group_fold_4,knn5_distance,160,40,0.2315305047717846,2.0961277075971787,0.4934524731521699
Qwen3-8B,answer_query,21,200,20,group_fold_0,ridge,160,40,0.8325160145759583,0.8466099500656128,0.9505571096066201
Qwen3-8B,answer_query,21,200,20,group_fold_0,knn5_distance,160,40,0.7072897327667915,1.1091045061693028,0.8775961388096911
Qwen3-8B,answer_query,21,200,20,group_fold_1,ridge,160,40,0.8904761075973511,0.7159953713417053,0.9581117954629093
Qwen3-8B,answer_query,21,200,20,group_fold_1,knn5_distance,160,40,0.6025744242549247,1.3699626409194567,0.8416750924632217
Qwen3-8B,answer_query,21,200,20,group_fold_2,ridge,160,40,0.9413785338401794,0.5712097883224487,0.9801559463246692
Qwen3-8B,answer_query,21,200,20,group_fold_2,knn5_distance,160,40,0.27063991555644273,1.9585224466587525,0.7372848038003805
Qwen3-8B,answer_query,21,200,20,group_fold_3,ridge,160,40,0.9366191625595093,0.6123124957084656,0.9692490173195437
Qwen3-8B,answer_query,21,200,20,group_fold_3,knn5_distance,160,40,0.5038973938905253,1.6893014197052636,0.7257862784252546
Qwen3-8B,answer_query,21,200,20,group_fold_4,ridge,160,40,0.8985402584075928,0.7018090486526489,0.95814855784668
Qwen3-8B,answer_query,21,200,20,group_fold_4,knn5_distance,160,40,0.5422167871878403,1.4252545469105986,0.8081667668783189
Qwen3-8B,answer_query,22,200,20,group_fold_0,ridge,160,40,0.8497793674468994,0.7038977742195129,0.9535053318032469
Qwen3-8B,answer_query,22,200,20,group_fold_0,knn5_distance,160,40,0.8182340965466508,0.9044662817123923,0.9310153368371957
Qwen3-8B,answer_query,22,200,20,group_fold_1,ridge,160,40,0.8529261946678162,0.825722336769104,0.9442495901534612
Qwen3-8B,answer_query,22,200,20,group_fold_1,knn5_distance,160,40,0.5462740910051929,1.3618585016407827,0.758663929739758
Qwen3-8B,answer_query,22,200,20,group_fold_2,ridge,160,40,0.9498002529144287,0.5386989712715149,0.9890551287297729
Qwen3-8B,answer_query,22,200,20,group_fold_2,knn5_distance,160,40,0.34025178147294455,1.6192027110172282,0.7183122580918232
Qwen3-8B,answer_query,22,200,20,group_fold_3,ridge,160,40,0.9330713748931885,0.623420238494873,0.9663393599820194
Qwen3-8B,answer_query,22,200,20,group_fold_3,knn5_distance,160,40,0.44719470433459807,1.732020260203879,0.6798456208453203
Qwen3-8B,answer_query,22,200,20,group_fold_4,ridge,160,40,0.9680438041687012,0.389160692691803,0.985306213666353
Qwen3-8B,answer_query,22,200,20,group_fold_4,knn5_distance,160,40,0.4619887666407019,1.6581849620661473,0.7854914373057064
Qwen3-8B,answer_query,23,200,20,group_fold_0,ridge,160,40,0.7156671285629272,0.9659711122512817,0.9185188294156692
Qwen3-8B,answer_query,23,200,20,group_fold_0,knn5_distance,160,40,0.6974603353314777,1.1309159363433545,0.8757189282287117
Qwen3-8B,answer_query,23,200,20,group_fold_1,ridge,160,40,0.9047911763191223,0.750515878200531,0.9530277144519205
Qwen3-8B,answer_query,23,200,20,group_fold_1,knn5_distance,160,40,0.6207365020469306,1.3417738900618363,0.830643329251672
Qwen3-8B,answer_query,23,200,20,group_fold_2,ridge,160,40,0.9588855504989624,0.4564826488494873,0.9800721077865087
Qwen3-8B,answer_query,23,200,20,group_fold_2,knn5_distance,160,40,0.6903332767227575,1.262605201333142,0.9073356857576571
Qwen3-8B,answer_query,23,200,20,group_fold_3,ridge,160,40,0.942319393157959,0.6081160306930542,0.9714467228899184
Qwen3-8B,answer_query,23,200,20,group_fold_3,knn5_distance,160,40,0.7106117909827719,1.0953849583079438,0.8495355105759401
Qwen3-8B,answer_query,23,200,20,group_fold_4,ridge,160,40,0.8643388152122498,0.7547157406806946,0.9382062861053518
Qwen3-8B,answer_query,23,200,20,group_fold_4,knn5_distance,160,40,0.4859368671590678,1.5787566097218013,0.703816458807323
Qwen3-8B,answer_query,24,200,20,group_fold_0,ridge,160,40,0.6472293138504028,0.9842925071716309,0.9107611643065114
Qwen3-8B,answer_query,24,200,20,group_fold_0,knn5_distance,160,40,0.706020410652294,1.1596837538486784,0.8855024063060122
Qwen3-8B,answer_query,24,200,20,group_fold_1,ridge,160,40,0.9030324220657349,0.7600874900817871,0.9515455306378341
Qwen3-8B,answer_query,24,200,20,group_fold_1,knn5_distance,160,40,0.6086982936804147,1.3217197384454842,0.8110060468019926
Qwen3-8B,answer_query,24,200,20,group_fold_2,ridge,160,40,0.9423226118087769,0.4649948179721832,0.9733538510909872
Qwen3-8B,answer_query,24,200,20,group_fold_2,knn5_distance,160,40,0.7712480749655347,1.0660542896788532,0.9164271264104489
Qwen3-8B,answer_query,24,200,20,group_fold_3,ridge,160,40,0.9491768479347229,0.5714570879936218,0.9771485756730689
Qwen3-8B,answer_query,24,200,20,group_fold_3,knn5_distance,160,40,0.8270706811353007,0.9026259781938741,0.9243731121932944
Qwen3-8B,answer_query,24,200,20,group_fold_4,ridge,160,40,0.7937588691711426,0.9786394238471985,0.911640909098469
Qwen3-8B,answer_query,24,200,20,group_fold_4,knn5_distance,160,40,0.5208699850388854,1.4557587434216182,0.7404404167236327
Qwen3-8B,answer_query,25,200,20,group_fold_0,ridge,160,40,0.6071399450302124,1.0775392055511475,0.8972390417535918
Qwen3-8B,answer_query,25,200,20,group_fold_0,knn5_distance,160,40,0.6714027649301569,1.24329991862477,0.8764323352844225
Qwen3-8B,answer_query,25,200,20,group_fold_1,ridge,160,40,0.8862602114677429,0.8491857647895813,0.944122534429397
Qwen3-8B,answer_query,25,200,20,group_fold_1,knn5_distance,160,40,0.7318673687179229,1.0650214260423945,0.8883186688729341
Qwen3-8B,answer_query,25,200,20,group_fold_2,ridge,160,40,0.9138725996017456,0.6006011962890625,0.9574143221797249
Qwen3-8B,answer_query,25,200,20,group_fold_2,knn5_distance,160,40,0.7147276161306788,1.2338130843873212,0.8831538108816781
Qwen3-8B,answer_query,25,200,20,group_fold_3,ridge,160,40,0.9328129291534424,0.6727874875068665,0.9688377170198432
Qwen3-8B,answer_query,25,200,20,group_fold_3,knn5_distance,160,40,0.7743670163559124,0.9634144018032927,0.8990507339968239
Qwen3-8B,answer_query,25,200,20,group_fold_4,ridge,160,40,0.780852198600769,0.9450384378433228,0.9073831061666877
Qwen3-8B,answer_query,25,200,20,group_fold_4,knn5_distance,160,40,0.31708426701699755,1.7216857566802612,0.6263531923472578
Qwen3-8B,answer_query,26,200,20,group_fold_0,ridge,160,40,0.69846510887146,1.0550216436386108,0.9224311535980481
Qwen3-8B,answer_query,26,200,20,group_fold_0,knn5_distance,160,40,0.7471379452053941,0.9918719910720283,0.9010558191063207
Qwen3-8B,answer_query,26,200,20,group_fold_1,ridge,160,40,0.8723834753036499,0.9075471758842468,0.9366976775455224
Qwen3-8B,answer_query,26,200,20,group_fold_1,knn5_distance,160,40,0.8176544759109069,0.9105605969245051,0.9233707454008402
Qwen3-8B,answer_query,26,200,20,group_fold_2,ridge,160,40,0.9286127090454102,0.5518578290939331,0.972562928467804
Qwen3-8B,answer_query,26,200,20,group_fold_2,knn5_distance,160,40,0.9186060066057811,0.6207886503213491,0.9637344609695226
Qwen3-8B,answer_query,26,200,20,group_fold_3,ridge,160,40,0.9134869575500488,0.7148915529251099,0.9588781563034856
Qwen3-8B,answer_query,26,200,20,group_fold_3,knn5_distance,160,40,0.8155597451467477,0.9247929690143183,0.9107879115813168
Qwen3-8B,answer_query,26,200,20,group_fold_4,ridge,160,40,0.905044674873352,0.6642611026763916,0.9548744165631862
Qwen3-8B,answer_query,26,200,20,group_fold_4,knn5_distance,160,40,0.5093758124853347,1.3737782121628623,0.7458830938887842
Qwen3-8B,answer_query,27,200,20,group_fold_0,ridge,160,40,0.7239686250686646,1.0138403177261353,0.9293748696478962
Qwen3-8B,answer_query,27,200,20,group_fold_0,knn5_distance,160,40,0.7854513632055671,0.9400123509752449,0.9169936827910063
Qwen3-8B,answer_query,27,200,20,group_fold_1,ridge,160,40,0.8859745860099792,0.8441163301467896,0.9445564341970843
Qwen3-8B,answer_query,27,200,20,group_fold_1,knn5_distance,160,40,0.8085391476199166,0.928777612211898,0.9147572520487166
Qwen3-8B,answer_query,27,200,20,group_fold_2,ridge,160,40,0.9435330033302307,0.4997391700744629,0.9755198682044903
Qwen3-8B,answer_query,27,200,20,group_fold_2,knn5_distance,160,40,0.8892576677739373,0.7338020450095002,0.950659235743464
Qwen3-8B,answer_query,27,200,20,group_fold_3,ridge,160,40,0.9145563840866089,0.7354598045349121,0.9612235433789765
Qwen3-8B,answer_query,27,200,20,group_fold_3,knn5_distance,160,40,0.8636491419059535,0.799306405452595,0.9412147529516394
Qwen3-8B,answer_query,27,200,20,group_fold_4,ridge,160,40,0.9170070886611938,0.6111038327217102,0.9635841807929747
Qwen3-8B,answer_query,27,200,20,group_fold_4,knn5_distance,160,40,0.5751685916310789,1.3446893858311033,0.7836907745269053
Qwen3-8B,answer_query,28,200,20,group_fold_0,ridge,160,40,0.7714632749557495,0.9028635025024414,0.944328765111937
Qwen3-8B,answer_query,28,200,20,group_fold_0,knn5_distance,160,40,0.7733751458522224,0.8629235350375699,0.9138990479272966
Qwen3-8B,answer_query,28,200,20,group_fold_1,ridge,160,40,0.8757182359695435,0.8378353118896484,0.9379985033974259
Qwen3-8B,answer_query,28,200,20,group_fold_1,knn5_distance,160,40,0.7099008384998503,1.1296226687816389,0.8738404277210601
Qwen3-8B,answer_query,28,200,20,group_fold_2,ridge,160,40,0.9135699272155762,0.5846561789512634,0.9625120125509625
Qwen3-8B,answer_query,28,200,20,group_fold_2,knn5_distance,160,40,0.9286967894749035,0.5924152043740784,0.9661766668778852
Qwen3-8B,answer_query,28,200,20,group_fold_3,ridge,160,40,0.8948578238487244,0.7579062581062317,0.9498156222555566
Qwen3-8B,answer_query,28,200,20,group_fold_3,knn5_distance,160,40,0.8638007049954652,0.8111325617340406,0.9395198969273233
Qwen3-8B,answer_query,28,200,20,group_fold_4,ridge,160,40,0.9206656217575073,0.617120087146759,0.9636702651129556
Qwen3-8B,answer_query,28,200,20,group_fold_4,knn5_distance,160,40,0.6561968071173376,1.1844681446053236,0.81912818585584
Qwen3-8B,answer_query,29,200,20,group_fold_0,ridge,160,40,0.8045104742050171,0.7892730832099915,0.9578630612015349
Qwen3-8B,answer_query,29,200,20,group_fold_0,knn5_distance,160,40,0.8427208388206584,0.8202157711886635,0.9442927923602566
Qwen3-8B,answer_query,29,200,20,group_fold_1,ridge,160,40,0.9001604914665222,0.7118886113166809,0.9510781214336828
Qwen3-8B,answer_query,29,200,20,group_fold_1,knn5_distance,160,40,0.8224537386014056,0.8502780368716681,0.9138280101611018
Qwen3-8B,answer_query,29,200,20,group_fold_2,ridge,160,40,0.9379671812057495,0.48589926958084106,0.9780316232463191
Qwen3-8B,answer_query,29,200,20,group_fold_2,knn5_distance,160,40,0.9629743635348843,0.4164162195369535,0.981846645820231
Qwen3-8B,answer_query,29,200,20,group_fold_3,ridge,160,40,0.877588152885437,0.7915776371955872,0.9390149770881286
Qwen3-8B,answer_query,29,200,20,group_fold_3,knn5_distance,160,40,0.8912876584714804,0.7277971711856007,0.9463289967583997
Qwen3-8B,answer_query,29,200,20,group_fold_4,ridge,160,40,0.9356225728988647,0.5317288637161255,0.971508115193389
Qwen3-8B,answer_query,29,200,20,group_fold_4,knn5_distance,160,40,0.8340662586558177,0.8672348475517829,0.9190652026210131
Qwen3-8B,answer_query,30,200,20,group_fold_0,ridge,160,40,0.8696792125701904,0.6500449180603027,0.9703968322001943
Qwen3-8B,answer_query,30,200,20,group_fold_0,knn5_distance,160,40,0.873160955891116,0.7179007899213085,0.9513717379251828
Qwen3-8B,answer_query,30,200,20,group_fold_1,ridge,160,40,0.901268482208252,0.7059712409973145,0.952257072684746
Qwen3-8B,answer_query,30,200,20,group_fold_1,knn5_distance,160,40,0.8572576885441325,0.8008800896190774,0.9368681259883895
Qwen3-8B,answer_query,30,200,20,group_fold_2,ridge,160,40,0.9325850605964661,0.527970552444458,0.9711759733361806
Qwen3-8B,answer_query,30,200,20,group_fold_2,knn5_distance,160,40,0.8998297518860372,0.6452976539490104,0.9495709515911959
Qwen3-8B,answer_query,30,200,20,group_fold_3,ridge,160,40,0.8784289360046387,0.7885233163833618,0.9399378157271072
Qwen3-8B,answer_query,30,200,20,group_fold_3,knn5_distance,160,40,0.8899713681565301,0.6765094304855882,0.9445894687647951
Qwen3-8B,answer_query,30,200,20,group_fold_4,ridge,160,40,0.9511028528213501,0.4597660005092621,0.9796667850281914
Qwen3-8B,answer_query,30,200,20,group_fold_4,knn5_distance,160,40,0.7390642704604358,1.0125997204863388,0.8705230186540223
Qwen3-8B,answer_query,31,200,20,group_fold_0,ridge,160,40,0.8665005564689636,0.6537957787513733,0.9676137244227203
Qwen3-8B,answer_query,31,200,20,group_fold_0,knn5_distance,160,40,0.8841153064857421,0.686620568783661,0.9539811683685748
Qwen3-8B,answer_query,31,200,20,group_fold_1,ridge,160,40,0.9040718674659729,0.6848809123039246,0.9534596283114779
Qwen3-8B,answer_query,31,200,20,group_fold_1,knn5_distance,160,40,0.8409827626988379,0.8222603949579883,0.9239977007473298
Qwen3-8B,answer_query,31,200,20,group_fold_2,ridge,160,40,0.9310118556022644,0.5431787967681885,0.9705967442358918
Qwen3-8B,answer_query,31,200,20,group_fold_2,knn5_distance,160,40,0.9314065518643471,0.5727856328903516,0.9658830702394259
Qwen3-8B,answer_query,31,200,20,group_fold_3,ridge,160,40,0.890392005443573,0.7483532428741455,0.9459872262059691
Qwen3-8B,answer_query,31,200,20,group_fold_3,knn5_distance,160,40,0.9091396232835174,0.5774651458829035,0.9535615503854666
Qwen3-8B,answer_query,31,200,20,group_fold_4,ridge,160,40,0.9522698521614075,0.47762322425842285,0.9809225216314466
Qwen3-8B,answer_query,31,200,20,group_fold_4,knn5_distance,160,40,0.8107025920831463,0.8387684756631814,0.9060743280523957
Qwen3-8B,answer_query,32,200,20,group_fold_0,ridge,160,40,0.8640020489692688,0.6566517949104309,0.965635874892922
Qwen3-8B,answer_query,32,200,20,group_fold_0,knn5_distance,160,40,0.8802085986008968,0.6865264015776391,0.9585867911374595
Qwen3-8B,answer_query,32,200,20,group_fold_1,ridge,160,40,0.9053801894187927,0.6715244054794312,0.9525967895690867
Qwen3-8B,answer_query,32,200,20,group_fold_1,knn5_distance,160,40,0.8889287550534555,0.6721296948566563,0.9441872736140856
Qwen3-8B,answer_query,32,200,20,group_fold_2,ridge,160,40,0.9300887584686279,0.5386385321617126,0.9680528882365947
Qwen3-8B,answer_query,32,200,20,group_fold_2,knn5_distance,160,40,0.9095671592727287,0.6313228715116657,0.9586066060434233
Qwen3-8B,answer_query,32,200,20,group_fold_3,ridge,160,40,0.8889195322990417,0.7551199197769165,0.9468527439339912
Qwen3-8B,answer_query,32,200,20,group_fold_3,knn5_distance,160,40,0.8561132292949527,0.7600813810973793,0.9358043262768164
Qwen3-8B,answer_query,32,200,20,group_fold_4,ridge,160,40,0.9382754564285278,0.5331045389175415,0.9767006981518292
Qwen3-8B,answer_query,32,200,20,group_fold_4,knn5_distance,160,40,0.8396222049803316,0.8573885586862371,0.9201725678270206
Qwen3-8B,answer_query,33,200,20,group_fold_0,ridge,160,40,0.8467849493026733,0.7236520648002625,0.9652404718819689
Qwen3-8B,answer_query,33,200,20,group_fold_0,knn5_distance,160,40,0.8735983303915713,0.7358667909624681,0.9623282093197918
Qwen3-8B,answer_query,33,200,20,group_fold_1,ridge,160,40,0.9099147915840149,0.6498550176620483,0.9548934430084887
Qwen3-8B,answer_query,33,200,20,group_fold_1,knn5_distance,160,40,0.879824195199085,0.7419048543293278,0.9399679834086918
Qwen3-8B,answer_query,33,200,20,group_fold_2,ridge,160,40,0.9346827268600464,0.5073832273483276,0.9706021192617639
Qwen3-8B,answer_query,33,200,20,group_fold_2,knn5_distance,160,40,0.9298661159495121,0.5472096063314138,0.9660981127512677
Qwen3-8B,answer_query,33,200,20,group_fold_3,ridge,160,40,0.887588381767273,0.7661415934562683,0.9465074462458155
Qwen3-8B,answer_query,33,200,20,group_fold_3,knn5_distance,160,40,0.8591279365933618,0.768292459803463,0.9339282695956015
Qwen3-8B,answer_query,33,200,20,group_fold_4,ridge,160,40,0.9247134923934937,0.5779600143432617,0.973637608691121
Qwen3-8B,answer_query,33,200,20,group_fold_4,knn5_distance,160,40,0.8728969098874618,0.7314008556326863,0.9358000291149128
Qwen3-8B,answer_query,34,200,20,group_fold_0,ridge,160,40,0.8327580094337463,0.7264147996902466,0.9591766225250444
Qwen3-8B,answer_query,34,200,20,group_fold_0,knn5_distance,160,40,0.8653945175998102,0.7032421107758781,0.9543047054344779
Qwen3-8B,answer_query,34,200,20,group_fold_1,ridge,160,40,0.9075803160667419,0.6672473549842834,0.9536472091323196
Qwen3-8B,answer_query,34,200,20,group_fold_1,knn5_distance,160,40,0.8676840412865784,0.7397785768992712,0.9335634946690525
Qwen3-8B,answer_query,34,200,20,group_fold_2,ridge,160,40,0.9407695531845093,0.4836960732936859,0.9738399015335187
Qwen3-8B,answer_query,34,200,20,group_fold_2,knn5_distance,160,40,0.9095780226902122,0.5895193108711558,0.956606572610661
Qwen3-8B,answer_query,34,200,20,group_fold_3,ridge,160,40,0.8839078545570374,0.793718159198761,0.945293651829005
Qwen3-8B,answer_query,34,200,20,group_fold_3,knn5_distance,160,40,0.8447521485052735,0.7971813065983215,0.9315442741860418
Qwen3-8B,answer_query,34,200,20,group_fold_4,ridge,160,40,0.9046134352684021,0.6491973996162415,0.9630925792875773
Qwen3-8B,answer_query,34,200,20,group_fold_4,knn5_distance,160,40,0.7291336324623561,0.9796720709079689,0.8625016746270134
Qwen3-8B,answer_query,35,200,20,group_fold_0,ridge,160,40,0.8705049157142639,0.6888304948806763,0.9706955933409832
Qwen3-8B,answer_query,35,200,20,group_fold_0,knn5_distance,160,40,0.8645493106607083,0.7366176357257093,0.9534579666964913
Qwen3-8B,answer_query,35,200,20,group_fold_1,ridge,160,40,0.9021568894386292,0.7222645282745361,0.9512000813930506
Qwen3-8B,answer_query,35,200,20,group_fold_1,knn5_distance,160,40,0.8678587749155817,0.7333494931896924,0.933278689908144
Qwen3-8B,answer_query,35,200,20,group_fold_2,ridge,160,40,0.9545351266860962,0.3968965411186218,0.9832100375084
Qwen3-8B,answer_query,35,200,20,group_fold_2,knn5_distance,160,40,0.9304498404402809,0.4981105450472828,0.9648276508631771
Qwen3-8B,answer_query,35,200,20,group_fold_3,ridge,160,40,0.8993357419967651,0.7508153319358826,0.9513086103446892
Qwen3-8B,answer_query,35,200,20,group_fold_3,knn5_distance,160,40,0.8940751949155115,0.6676819220829003,0.9472469800275962
Qwen3-8B,answer_query,35,200,20,group_fold_4,ridge,160,40,0.9456449151039124,0.5160085558891296,0.9761346449716084
Qwen3-8B,answer_query,35,200,20,group_fold_4,knn5_distance,160,40,0.8476130640221127,0.8018226580759276,0.9239078634631218
Gemma4-E4B,prompt_running,0,300,30,discovery_to_confirmation,ridge,200,100,0.024839460849761963,2.3651626110076904,0.2678122415705242
Gemma4-E4B,prompt_running,0,300,30,discovery_to_confirmation,knn5_distance,200,100,-0.2686145526897925,2.693099760196501,-0.004253084685897083
Gemma4-E4B,prompt_running,1,300,30,discovery_to_confirmation,ridge,200,100,0.08547306060791016,2.3346097469329834,0.3325458846771986
Gemma4-E4B,prompt_running,1,300,30,discovery_to_confirmation,knn5_distance,200,100,-0.20066373270883653,2.657924800480117,0.050964711327180154
Gemma4-E4B,prompt_running,2,300,30,discovery_to_confirmation,ridge,200,100,0.014066874980926514,2.400712490081787,0.2245737602371303
Gemma4-E4B,prompt_running,2,300,30,discovery_to_confirmation,knn5_distance,200,100,-0.23470800517034185,2.7010011486506715,0.055222724204239425
Gemma4-E4B,prompt_running,3,300,30,discovery_to_confirmation,ridge,200,100,0.10852521657943726,2.2701287269592285,0.3696914215031144
Gemma4-E4B,prompt_running,3,300,30,discovery_to_confirmation,knn5_distance,200,100,0.0680099892304683,2.3076934381253436,0.3098224226758155
Gemma4-E4B,prompt_running,4,300,30,discovery_to_confirmation,ridge,200,100,0.19598692655563354,2.0977513790130615,0.4933866944614558
Gemma4-E4B,prompt_running,4,300,30,discovery_to_confirmation,knn5_distance,200,100,0.1194857523431112,2.236702659871908,0.36855555303977805
Gemma4-E4B,prompt_running,5,300,30,discovery_to_confirmation,ridge,200,100,0.7918161749839783,1.0536353588104248,0.8938930885537001
Gemma4-E4B,prompt_running,5,300,30,discovery_to_confirmation,knn5_distance,200,100,0.27120868166154277,1.9241043780488858,0.752054126470598
Gemma4-E4B,prompt_running,6,300,30,discovery_to_confirmation,ridge,200,100,0.7804460525512695,1.0890169143676758,0.8850042367011681
Gemma4-E4B,prompt_running,6,300,30,discovery_to_confirmation,knn5_distance,200,100,0.2578842554613411,2.0089632930962646,0.7557472469717481
Gemma4-E4B,prompt_running,7,300,30,discovery_to_confirmation,ridge,200,100,0.7182621359825134,1.2344741821289062,0.8509758686240895
Gemma4-E4B,prompt_running,7,300,30,discovery_to_confirmation,knn5_distance,200,100,0.3829836299975594,1.7610014852729514,0.730909561047165
Gemma4-E4B,prompt_running,8,300,30,discovery_to_confirmation,ridge,200,100,0.5914545655250549,1.4734277725219727,0.7713211950473674
Gemma4-E4B,prompt_running,8,300,30,discovery_to_confirmation,knn5_distance,200,100,0.2847960538748173,2.0055704137919452,0.6542276483539642
Gemma4-E4B,prompt_running,9,300,30,discovery_to_confirmation,ridge,200,100,0.7194881439208984,1.248538613319397,0.8484631378327977
Gemma4-E4B,prompt_running,9,300,30,discovery_to_confirmation,knn5_distance,200,100,0.373735099556581,1.840026199076865,0.6806378971375701
Gemma4-E4B,prompt_running,10,300,30,discovery_to_confirmation,ridge,200,100,0.7813552618026733,1.1137080192565918,0.8862798241123255
Gemma4-E4B,prompt_running,10,300,30,discovery_to_confirmation,knn5_distance,200,100,0.4804540470694275,1.6964575692206316,0.7175449488321456
Gemma4-E4B,prompt_running,11,300,30,discovery_to_confirmation,ridge,200,100,0.8567773103713989,0.8591480851173401,0.9325501363551403
Gemma4-E4B,prompt_running,11,300,30,discovery_to_confirmation,knn5_distance,200,100,0.427938645137664,1.6672976550514098,0.743507264709258
Gemma4-E4B,prompt_running,12,300,30,discovery_to_confirmation,ridge,200,100,0.8502401113510132,0.8779172301292419,0.9257312904699243
Gemma4-E4B,prompt_running,12,300,30,discovery_to_confirmation,knn5_distance,200,100,0.5302829213652941,1.5076142689223366,0.7871631666944807
Gemma4-E4B,prompt_running,13,300,30,discovery_to_confirmation,ridge,200,100,0.8381535410881042,0.9271450042724609,0.917311456369519
Gemma4-E4B,prompt_running,13,300,30,discovery_to_confirmation,knn5_distance,200,100,0.5825424668558508,1.4531263113089243,0.8091801372825348
Gemma4-E4B,prompt_running,14,300,30,discovery_to_confirmation,ridge,200,100,0.8242456912994385,0.9533334970474243,0.9140125943079703
Gemma4-E4B,prompt_running,14,300,30,discovery_to_confirmation,knn5_distance,200,100,0.6920453287726651,1.2187986467458998,0.8493162974780121
Gemma4-E4B,prompt_running,15,300,30,discovery_to_confirmation,ridge,200,100,0.8275551795959473,0.9244555830955505,0.9136469176072997
Gemma4-E4B,prompt_running,15,300,30,discovery_to_confirmation,knn5_distance,200,100,0.6885930076734459,1.260290976539111,0.832388244927049
Gemma4-E4B,prompt_running,16,300,30,discovery_to_confirmation,ridge,200,100,0.83352130651474,0.9290434122085571,0.9141313092796387
Gemma4-E4B,prompt_running,16,300,30,discovery_to_confirmation,knn5_distance,200,100,0.7189105052171413,1.1968180400935071,0.8576393487175826
Gemma4-E4B,prompt_running,17,300,30,discovery_to_confirmation,ridge,200,100,0.7759568095207214,1.0287460088729858,0.8811515354799738
Gemma4-E4B,prompt_running,17,300,30,discovery_to_confirmation,knn5_distance,200,100,0.6801238124219335,1.2713472338452825,0.8510680446669121
Gemma4-E4B,prompt_running,18,300,30,discovery_to_confirmation,ridge,200,100,0.8048213720321655,0.9647018313407898,0.8982535259987907
Gemma4-E4B,prompt_running,18,300,30,discovery_to_confirmation,knn5_distance,200,100,0.6476495809746339,1.3361991738714643,0.8296554808742997
Gemma4-E4B,prompt_running,19,300,30,discovery_to_confirmation,ridge,200,100,0.8344529867172241,0.9146134853363037,0.9144155041830724
Gemma4-E4B,prompt_running,19,300,30,discovery_to_confirmation,knn5_distance,200,100,0.6116474051055454,1.420328872381461,0.8080516304220772
Gemma4-E4B,prompt_running,20,300,30,discovery_to_confirmation,ridge,200,100,0.8459003567695618,0.8977729082107544,0.9214223079722598
Gemma4-E4B,prompt_running,20,300,30,discovery_to_confirmation,knn5_distance,200,100,0.6256255102305219,1.3640102548461612,0.8310425104936706
Gemma4-E4B,prompt_running,21,300,30,discovery_to_confirmation,ridge,200,100,0.8423572778701782,0.9485242366790771,0.9178790619740177
Gemma4-E4B,prompt_running,21,300,30,discovery_to_confirmation,knn5_distance,200,100,0.638614915136952,1.345125456033112,0.8437544517163816
Gemma4-E4B,prompt_running,22,300,30,discovery_to_confirmation,ridge,200,100,0.8342087268829346,0.968112587928772,0.9137269747929371
Gemma4-E4B,prompt_running,22,300,30,discovery_to_confirmation,knn5_distance,200,100,0.7284898303124527,1.1854134694747902,0.8569743148205485
Gemma4-E4B,prompt_running,23,300,30,discovery_to_confirmation,ridge,200,100,0.7427107095718384,1.1266043186187744,0.8643229282367293
Gemma4-E4B,prompt_running,23,300,30,discovery_to_confirmation,knn5_distance,200,100,0.528111795164194,1.541980777790705,0.7526369574670242
Gemma4-E4B,prompt_running,24,300,30,discovery_to_confirmation,ridge,200,100,0.759951114654541,1.0913234949111938,0.8722206918245878
Gemma4-E4B,prompt_running,24,300,30,discovery_to_confirmation,knn5_distance,200,100,0.6120036604745432,1.3554682617467555,0.785534047872168
Gemma4-E4B,prompt_running,25,300,30,discovery_to_confirmation,ridge,200,100,0.6947876214981079,1.273940086364746,0.8339050807484603
Gemma4-E4B,prompt_running,25,300,30,discovery_to_confirmation,knn5_distance,200,100,0.5889940299457733,1.4129563992986274,0.7675846043322081
Gemma4-E4B,prompt_running,26,300,30,discovery_to_confirmation,ridge,200,100,0.6562202572822571,1.3570446968078613,0.8105242153877379
Gemma4-E4B,prompt_running,26,300,30,discovery_to_confirmation,knn5_distance,200,100,0.5535391111661067,1.5448125679388625,0.7446315826699662
Gemma4-E4B,prompt_running,27,300,30,discovery_to_confirmation,ridge,200,100,0.6485354900360107,1.382203221321106,0.8057174814412273
Gemma4-E4B,prompt_running,27,300,30,discovery_to_confirmation,knn5_distance,200,100,0.553108108476899,1.5144071794546163,0.7452449607824717
Gemma4-E4B,prompt_running,28,300,30,discovery_to_confirmation,ridge,200,100,0.6430740356445312,1.371401071548462,0.8026670608667372
Gemma4-E4B,prompt_running,28,300,30,discovery_to_confirmation,knn5_distance,200,100,0.4827083040007841,1.5726409725203823,0.7021298836445682
Gemma4-E4B,prompt_running,29,300,30,discovery_to_confirmation,ridge,200,100,0.5724599361419678,1.5239150524139404,0.7582751717586146
Gemma4-E4B,prompt_running,29,300,30,discovery_to_confirmation,knn5_distance,200,100,0.45035024131227086,1.6020726403726664,0.6781665758147707
Gemma4-E4B,prompt_running,30,300,30,discovery_to_confirmation,ridge,200,100,0.6483855247497559,1.3487759828567505,0.8064782845961301
Gemma4-E4B,prompt_running,30,300,30,discovery_to_confirmation,knn5_distance,200,100,0.34469482893423187,1.7332792411669533,0.623286821196643
Gemma4-E4B,prompt_running,31,300,30,discovery_to_confirmation,ridge,200,100,0.6549312472343445,1.3867110013961792,0.811700972017134
Gemma4-E4B,prompt_running,31,300,30,discovery_to_confirmation,knn5_distance,200,100,0.4608758146001264,1.630954555068073,0.6936367829968905
Gemma4-E4B,prompt_running,32,300,30,discovery_to_confirmation,ridge,200,100,0.6415528059005737,1.4156582355499268,0.805049523608032
Gemma4-E4B,prompt_running,32,300,30,discovery_to_confirmation,knn5_distance,200,100,0.45175650107478893,1.6359132104630616,0.697824142518397
Gemma4-E4B,prompt_running,33,300,30,discovery_to_confirmation,ridge,200,100,0.6674123406410217,1.3245331048965454,0.8264556944213822
Gemma4-E4B,prompt_running,33,300,30,discovery_to_confirmation,knn5_distance,200,100,0.379517297897495,1.7720858313742054,0.6369495456290857
Gemma4-E4B,prompt_running,34,300,30,discovery_to_confirmation,ridge,200,100,0.6645769476890564,1.3291823863983154,0.8241193171715884
Gemma4-E4B,prompt_running,34,300,30,discovery_to_confirmation,knn5_distance,200,100,0.4651044506504709,1.6005027363895648,0.701402380334262
Gemma4-E4B,prompt_running,35,300,30,discovery_to_confirmation,ridge,200,100,0.6749029159545898,1.280657172203064,0.8351993800136476
Gemma4-E4B,prompt_running,35,300,30,discovery_to_confirmation,knn5_distance,200,100,0.48435354169522915,1.5880245282958287,0.7172096160115082
Gemma4-E4B,prompt_running,36,300,30,discovery_to_confirmation,ridge,200,100,0.6596627831459045,1.3123936653137207,0.8289902196377008
Gemma4-E4B,prompt_running,36,300,30,discovery_to_confirmation,knn5_distance,200,100,0.492858512882727,1.5991625312826432,0.7191751237645683
Gemma4-E4B,prompt_running,37,300,30,discovery_to_confirmation,ridge,200,100,0.6357254981994629,1.3553751707077026,0.8141916088523
Gemma4-E4B,prompt_running,37,300,30,discovery_to_confirmation,knn5_distance,200,100,0.5005680087223039,1.5732016324322873,0.7186303863012363
Gemma4-E4B,prompt_running,38,300,30,discovery_to_confirmation,ridge,200,100,0.6154974102973938,1.3938461542129517,0.7992123094175884
Gemma4-E4B,prompt_running,38,300,30,discovery_to_confirmation,knn5_distance,200,100,0.4999931393171254,1.5922944482749344,0.7215896890368099
Gemma4-E4B,prompt_running,39,300,30,discovery_to_confirmation,ridge,200,100,0.6102932691574097,1.4114733934402466,0.7968819987433317
Gemma4-E4B,prompt_running,39,300,30,discovery_to_confirmation,knn5_distance,200,100,0.46687322154077615,1.683438234232025,0.6967112957968725
Gemma4-E4B,prompt_running,40,300,30,discovery_to_confirmation,ridge,200,100,0.6641534566879272,1.3249478340148926,0.8266166184691165
Gemma4-E4B,prompt_running,40,300,30,discovery_to_confirmation,knn5_distance,200,100,0.48398901149460627,1.6409500775048438,0.7077655837946382
Gemma4-E4B,prompt_running,41,300,30,discovery_to_confirmation,ridge,200,100,0.6440170407295227,1.3805934190750122,0.8068355786923468
Gemma4-E4B,prompt_running,41,300,30,discovery_to_confirmation,knn5_distance,200,100,0.429709884702585,1.706067340579381,0.670620524551932
Gemma4-E4B,answer_query,0,200,20,group_fold_0,ridge,160,40,-5.807846546173096,5.980977535247803,0.021405738350335456
Gemma4-E4B,answer_query,0,200,20,group_fold_0,knn5_distance,160,40,-0.3822725499870985,2.799624782167773,-0.003306866294798344
Gemma4-E4B,answer_query,0,200,20,group_fold_1,ridge,160,40,-4.287004470825195,5.62191915512085,-0.012846999073344648
Gemma4-E4B,answer_query,0,200,20,group_fold_1,knn5_distance,160,40,-0.2719121706762806,2.7878734869932766,-0.03880488755135401
Gemma4-E4B,answer_query,0,200,20,group_fold_2,ridge,160,40,-0.43921732902526855,2.866654872894287,-0.06098964380752142
Gemma4-E4B,answer_query,0,200,20,group_fold_2,knn5_distance,160,40,0.00287516496071627,2.4884420047839084,0.16680130481674094
Gemma4-E4B,answer_query,0,200,20,group_fold_3,ridge,160,40,-3.356360912322998,5.140669822692871,0.018361640171623048
Gemma4-E4B,answer_query,0,200,20,group_fold_3,knn5_distance,160,40,-0.3036149102304644,2.747934675973341,-0.14568389735870085
Gemma4-E4B,answer_query,0,200,20,group_fold_4,ridge,160,40,-4.219396591186523,5.761420249938965,-0.024936037108613328
Gemma4-E4B,answer_query,0,200,20,group_fold_4,knn5_distance,160,40,-0.641433766341607,3.0810642265946755,-0.14177315263794682
Gemma4-E4B,answer_query,1,200,20,group_fold_0,ridge,160,40,-1.9027175903320312,3.8959617614746094,0.12489259647555262
Gemma4-E4B,answer_query,1,200,20,group_fold_0,knn5_distance,160,40,-0.11699017412846469,2.517300493075914,0.14228204306581463
Gemma4-E4B,answer_query,1,200,20,group_fold_1,ridge,160,40,-1.1439642906188965,3.477607250213623,0.14178352605810185
Gemma4-E4B,answer_query,1,200,20,group_fold_1,knn5_distance,160,40,-0.1008203207716154,2.5911486340909304,0.03286888033407925
Gemma4-E4B,answer_query,1,200,20,group_fold_2,ridge,160,40,-0.06533515453338623,2.4528849124908447,0.27395896860189267
Gemma4-E4B,answer_query,1,200,20,group_fold_2,knn5_distance,160,40,-0.23462728493417107,2.5948871886051528,0.01746977853172968
Gemma4-E4B,answer_query,1,200,20,group_fold_3,ridge,160,40,-10.933213233947754,7.641781806945801,-0.042293625176055914
Gemma4-E4B,answer_query,1,200,20,group_fold_3,knn5_distance,160,40,-0.5407690841092923,3.0326847817277534,-0.4335698461195284
Gemma4-E4B,answer_query,1,200,20,group_fold_4,ridge,160,40,-0.9302361011505127,3.31245493888855,-0.012535633988422577
Gemma4-E4B,answer_query,1,200,20,group_fold_4,knn5_distance,160,40,-0.21859093263398566,2.606836305630133,-0.023214293871162694
Gemma4-E4B,answer_query,2,200,20,group_fold_0,ridge,160,40,-1.785590410232544,4.024179935455322,0.031396751893855414
Gemma4-E4B,answer_query,2,200,20,group_fold_0,knn5_distance,160,40,-0.37940847616936346,2.908808668464375,-0.09240894308633596
Gemma4-E4B,answer_query,2,200,20,group_fold_1,ridge,160,40,-0.8084598779678345,3.1336257457733154,-0.05514447387019501
Gemma4-E4B,answer_query,2,200,20,group_fold_1,knn5_distance,160,40,-0.32637741791803876,2.7580550847433156,-0.03898110353150938
Gemma4-E4B,answer_query,2,200,20,group_fold_2,ridge,160,40,-0.8352828025817871,3.269294023513794,0.07294378297405832
Gemma4-E4B,answer_query,2,200,20,group_fold_2,knn5_distance,160,40,-0.25728082376649786,2.7099738793540165,0.0531970523590557
Gemma4-E4B,answer_query,2,200,20,group_fold_3,ridge,160,40,-0.3940848112106323,2.85041880607605,-0.06840840869300789
Gemma4-E4B,answer_query,2,200,20,group_fold_3,knn5_distance,160,40,-0.3208051968727721,2.7984817990575586,-0.14808230069434003
Gemma4-E4B,answer_query,2,200,20,group_fold_4,ridge,160,40,-1.0006020069122314,3.3245155811309814,0.017260600405211466
Gemma4-E4B,answer_query,2,200,20,group_fold_4,knn5_distance,160,40,-0.3022932233032056,2.729944879568324,-0.056853330829022934
Gemma4-E4B,answer_query,3,200,20,group_fold_0,ridge,160,40,-2.0138113498687744,4.238959789276123,0.03620568865339383
Gemma4-E4B,answer_query,3,200,20,group_fold_0,knn5_distance,160,40,-0.20329634016366116,2.6570001875841824,-0.12335081830540828
Gemma4-E4B,answer_query,3,200,20,group_fold_1,ridge,160,40,-1.5026588439941406,3.701810121536255,-0.018887771461194525
Gemma4-E4B,answer_query,3,200,20,group_fold_1,knn5_distance,160,40,-0.3428045285656538,2.765715590993888,-0.07210605812864425
Gemma4-E4B,answer_query,3,200,20,group_fold_2,ridge,160,40,-1.7933173179626465,3.859950542449951,0.0469550579017939
Gemma4-E4B,answer_query,3,200,20,group_fold_2,knn5_distance,160,40,-0.39760068925922876,2.8056091398819416,-0.06542908698071762
Gemma4-E4B,answer_query,3,200,20,group_fold_3,ridge,160,40,-2.4180054664611816,4.419114112854004,0.019827347975745375
Gemma4-E4B,answer_query,3,200,20,group_fold_3,knn5_distance,160,40,-0.3625339267242669,2.885678626261239,-0.09534500917096592
Gemma4-E4B,answer_query,3,200,20,group_fold_4,ridge,160,40,-1.7997667789459229,3.861801862716675,-0.010415568344010764
Gemma4-E4B,answer_query,3,200,20,group_fold_4,knn5_distance,160,40,-0.1537517157026178,2.655779211489846,0.02366909475065654
Gemma4-E4B,answer_query,4,200,20,group_fold_0,ridge,160,40,-0.3866894245147705,2.7715630531311035,0.1410763985808869
Gemma4-E4B,answer_query,4,200,20,group_fold_0,knn5_distance,160,40,-0.5984632894904838,2.9718858992899526,-0.016840530846932635
Gemma4-E4B,answer_query,4,200,20,group_fold_1,ridge,160,40,-1.6313235759735107,3.8859589099884033,0.040260010546003894
Gemma4-E4B,answer_query,4,200,20,group_fold_1,knn5_distance,160,40,-0.158886038996348,2.5958586378434543,0.0871485157171551
Gemma4-E4B,answer_query,4,200,20,group_fold_2,ridge,160,40,-2.8148508071899414,4.577108860015869,0.0515145057495896
Gemma4-E4B,answer_query,4,200,20,group_fold_2,knn5_distance,160,40,-0.38190660672584675,2.889967171302012,-0.17094958457437093
Gemma4-E4B,answer_query,4,200,20,group_fold_3,ridge,160,40,-1.2452728748321533,3.6218483448028564,0.06821411960655925
Gemma4-E4B,answer_query,4,200,20,group_fold_3,knn5_distance,160,40,-0.12638276438310458,2.59939014553434,0.09829648884961908
Gemma4-E4B,answer_query,4,200,20,group_fold_4,ridge,160,40,-0.8403767347335815,3.1761677265167236,-0.04980495841007065
Gemma4-E4B,answer_query,4,200,20,group_fold_4,knn5_distance,160,40,-0.20928690500062075,2.7153806172305694,0.016805345173838845
Gemma4-E4B,answer_query,5,200,20,group_fold_0,ridge,160,40,0.8136618733406067,1.0080130100250244,0.9158212182001545
Gemma4-E4B,answer_query,5,200,20,group_fold_0,knn5_distance,160,40,0.20721404220567363,2.11821704835845,0.5276627555524882
Gemma4-E4B,answer_query,5,200,20,group_fold_1,ridge,160,40,-0.4597362279891968,2.6320528984069824,0.6346489613698136
Gemma4-E4B,answer_query,5,200,20,group_fold_1,knn5_distance,160,40,0.1441062593617587,2.3040897831186564,0.3976651332819682
Gemma4-E4B,answer_query,5,200,20,group_fold_2,ridge,160,40,0.22531986236572266,2.090933084487915,0.7652269484783405
Gemma4-E4B,answer_query,5,200,20,group_fold_2,knn5_distance,160,40,0.25615605701273103,2.164468433417035,0.5768412618759171
Gemma4-E4B,answer_query,5,200,20,group_fold_3,ridge,160,40,0.41755884885787964,1.7732267379760742,0.7839644898460333
Gemma4-E4B,answer_query,5,200,20,group_fold_3,knn5_distance,160,40,0.17522736623709845,2.1363081016381558,0.42052140134923566
Gemma4-E4B,answer_query,5,200,20,group_fold_4,ridge,160,40,0.45033884048461914,1.7673546075820923,0.7563190456831563
Gemma4-E4B,answer_query,5,200,20,group_fold_4,knn5_distance,160,40,0.29973940479370975,2.0730881770560714,0.7239840010669046
Gemma4-E4B,answer_query,6,200,20,group_fold_0,ridge,160,40,0.4326855540275574,1.795436143875122,0.8155096755860116
Gemma4-E4B,answer_query,6,200,20,group_fold_0,knn5_distance,160,40,-0.06034609623100162,2.4650420813577867,0.1990659781680412
Gemma4-E4B,answer_query,6,200,20,group_fold_1,ridge,160,40,-0.015300869941711426,2.5568175315856934,0.7185284492815922
Gemma4-E4B,answer_query,6,200,20,group_fold_1,knn5_distance,160,40,0.22585226858476737,2.125533629215055,0.4820687158489631
Gemma4-E4B,answer_query,6,200,20,group_fold_2,ridge,160,40,0.9148498773574829,0.6628812551498413,0.9708752936115295
Gemma4-E4B,answer_query,6,200,20,group_fold_2,knn5_distance,160,40,0.19651227484966383,2.2117075332772753,0.46086430667200257
Gemma4-E4B,answer_query,6,200,20,group_fold_3,ridge,160,40,0.5463553667068481,1.718296766281128,0.8081593516182548
Gemma4-E4B,answer_query,6,200,20,group_fold_3,knn5_distance,160,40,-0.07530693751282524,2.56934706344843,0.10351734379932127
Gemma4-E4B,answer_query,6,200,20,group_fold_4,ridge,160,40,0.0268135666847229,2.6161162853240967,0.6347579249801061
Gemma4-E4B,answer_query,6,200,20,group_fold_4,knn5_distance,160,40,-0.2119053321326787,2.702493233604092,0.21308177226741123
Gemma4-E4B,answer_query,7,200,20,group_fold_0,ridge,160,40,0.4709715247154236,1.5443930625915527,0.811886803308785
Gemma4-E4B,answer_query,7,200,20,group_fold_0,knn5_distance,160,40,0.07336804990438373,2.285581064859256,0.5057416655699456
Gemma4-E4B,answer_query,7,200,20,group_fold_1,ridge,160,40,-0.06795692443847656,2.593198776245117,0.7441071408401434
Gemma4-E4B,answer_query,7,200,20,group_fold_1,knn5_distance,160,40,0.16245830618509216,2.1886060375175935,0.413078744916303
Gemma4-E4B,answer_query,7,200,20,group_fold_2,ridge,160,40,0.8573702573776245,0.8357329368591309,0.944154340469541
Gemma4-E4B,answer_query,7,200,20,group_fold_2,knn5_distance,160,40,0.19241378302382506,2.101760027804334,0.4513868607087588
Gemma4-E4B,answer_query,7,200,20,group_fold_3,ridge,160,40,-0.22215652465820312,2.8028178215026855,0.6273198049753135
Gemma4-E4B,answer_query,7,200,20,group_fold_3,knn5_distance,160,40,0.02902407067698365,2.3337508094849175,0.31485000145637915
Gemma4-E4B,answer_query,7,200,20,group_fold_4,ridge,160,40,0.4842735528945923,1.755423903465271,0.7469593664391593
Gemma4-E4B,answer_query,7,200,20,group_fold_4,knn5_distance,160,40,0.01238979005031493,2.3421596829424707,0.19799777014137412
Gemma4-E4B,answer_query,8,200,20,group_fold_0,ridge,160,40,-0.13052833080291748,2.6514506340026855,0.8496236771608284
Gemma4-E4B,answer_query,8,200,20,group_fold_0,knn5_distance,160,40,0.26582728206875894,2.0545296333375527,0.5668628109445666
Gemma4-E4B,answer_query,8,200,20,group_fold_1,ridge,160,40,0.5630956888198853,1.3401861190795898,0.8487751276744746
Gemma4-E4B,answer_query,8,200,20,group_fold_1,knn5_distance,160,40,0.17177489708304605,2.2222576482304652,0.4213307694632425
Gemma4-E4B,answer_query,8,200,20,group_fold_2,ridge,160,40,0.688941240310669,1.336364507675171,0.890499317255568
Gemma4-E4B,answer_query,8,200,20,group_fold_2,knn5_distance,160,40,0.37598110399380835,1.9360803227575984,0.7304327417296503
Gemma4-E4B,answer_query,8,200,20,group_fold_3,ridge,160,40,-0.5158747434616089,3.407675266265869,0.6701981164173376
Gemma4-E4B,answer_query,8,200,20,group_fold_3,knn5_distance,160,40,0.07058414729001361,2.271614548297446,0.3689670197605035
Gemma4-E4B,answer_query,8,200,20,group_fold_4,ridge,160,40,0.04781216382980347,2.372563123703003,0.6332926474501401
Gemma4-E4B,answer_query,8,200,20,group_fold_4,knn5_distance,160,40,0.09827206154342238,2.2109668552734645,0.3438072851340204
Gemma4-E4B,answer_query,9,200,20,group_fold_0,ridge,160,40,0.689638078212738,1.2396562099456787,0.8974739173192245
Gemma4-E4B,answer_query,9,200,20,group_fold_0,knn5_distance,160,40,0.25772355090878374,1.9740104530149978,0.5150879339568057
Gemma4-E4B,answer_query,9,200,20,group_fold_1,ridge,160,40,0.7115452289581299,1.3294563293457031,0.8885227097520906
Gemma4-E4B,answer_query,9,200,20,group_fold_1,knn5_distance,160,40,0.18648128524435892,2.293625853874352,0.4422385025282477
Gemma4-E4B,answer_query,9,200,20,group_fold_2,ridge,160,40,0.13385581970214844,2.267967939376831,0.8872276472625267
Gemma4-E4B,answer_query,9,200,20,group_fold_2,knn5_distance,160,40,0.16157201654000086,2.1966341726493637,0.4361444924674347
Gemma4-E4B,answer_query,9,200,20,group_fold_3,ridge,160,40,-0.9635560512542725,3.46118426322937,0.7287085377015303
Gemma4-E4B,answer_query,9,200,20,group_fold_3,knn5_distance,160,40,-0.12465842719313014,2.5775876128786526,0.25365683561985497
Gemma4-E4B,answer_query,9,200,20,group_fold_4,ridge,160,40,0.1643669605255127,2.196901798248291,0.6259777800259534
Gemma4-E4B,answer_query,9,200,20,group_fold_4,knn5_distance,160,40,0.09830927292030345,2.252688270620792,0.45132238698466537
Gemma4-E4B,answer_query,10,200,20,group_fold_0,ridge,160,40,0.6637527346611023,1.2234702110290527,0.8604733066178776
Gemma4-E4B,answer_query,10,200,20,group_fold_0,knn5_distance,160,40,0.467281279206912,1.7098697715472266,0.7329266067879597
Gemma4-E4B,answer_query,10,200,20,group_fold_1,ridge,160,40,0.5636444091796875,1.5934746265411377,0.9231997858705783
Gemma4-E4B,answer_query,10,200,20,group_fold_1,knn5_distance,160,40,0.2938399937409989,2.031871529065414,0.5509011177107577
Gemma4-E4B,answer_query,10,200,20,group_fold_2,ridge,160,40,0.41894859075546265,1.7893199920654297,0.8929317612451687
Gemma4-E4B,answer_query,10,200,20,group_fold_2,knn5_distance,160,40,0.25243520205787184,2.03330081588778,0.5726527623298835
Gemma4-E4B,answer_query,10,200,20,group_fold_3,ridge,160,40,0.4623798131942749,1.7150681018829346,0.8750750149896585
Gemma4-E4B,answer_query,10,200,20,group_fold_3,knn5_distance,160,40,0.05462122642422307,2.398306663834713,0.3127817435076042
Gemma4-E4B,answer_query,10,200,20,group_fold_4,ridge,160,40,0.45570528507232666,1.8257232904434204,0.8060598903684366
Gemma4-E4B,answer_query,10,200,20,group_fold_4,knn5_distance,160,40,0.19543644256001003,2.1934858214635544,0.4428777846173215
Gemma4-E4B,answer_query,11,200,20,group_fold_0,ridge,160,40,0.6745915412902832,1.3168209791183472,0.8943276945265834
Gemma4-E4B,answer_query,11,200,20,group_fold_0,knn5_distance,160,40,0.4130972743968957,1.8619782744660462,0.6800641797207841
Gemma4-E4B,answer_query,11,200,20,group_fold_1,ridge,160,40,0.6931562423706055,1.3182722330093384,0.894089000164839
Gemma4-E4B,answer_query,11,200,20,group_fold_1,knn5_distance,160,40,0.09498458752667915,2.21674652530152,0.5034978157047185
Gemma4-E4B,answer_query,11,200,20,group_fold_2,ridge,160,40,0.3161658048629761,2.134178638458252,0.7736246478355195
Gemma4-E4B,answer_query,11,200,20,group_fold_2,knn5_distance,160,40,0.2658344088179241,2.0055833181344402,0.580647675238784
Gemma4-E4B,answer_query,11,200,20,group_fold_3,ridge,160,40,0.6772067546844482,1.4149283170700073,0.8337720653885908
Gemma4-E4B,answer_query,11,200,20,group_fold_3,knn5_distance,160,40,0.013926999287778186,2.4239232856306407,0.25550993552893564
Gemma4-E4B,answer_query,11,200,20,group_fold_4,ridge,160,40,0.8048312067985535,1.041905164718628,0.8999215398735544
Gemma4-E4B,answer_query,11,200,20,group_fold_4,knn5_distance,160,40,0.10944312209711937,2.2787653274922617,0.34127552002854544
Gemma4-E4B,answer_query,12,200,20,group_fold_0,ridge,160,40,0.32547420263290405,1.7654212713241577,0.8316502975448676
Gemma4-E4B,answer_query,12,200,20,group_fold_0,knn5_distance,160,40,0.11260162641528815,2.2247631284586418,0.3956229708581059
Gemma4-E4B,answer_query,12,200,20,group_fold_1,ridge,160,40,0.17649304866790771,2.0902340412139893,0.7494031662711846
Gemma4-E4B,answer_query,12,200,20,group_fold_1,knn5_distance,160,40,-0.06334551028625035,2.4020559833556314,0.36260715008945105
Gemma4-E4B,answer_query,12,200,20,group_fold_2,ridge,160,40,-0.21480512619018555,2.502519130706787,0.6778059032331718
Gemma4-E4B,answer_query,12,200,20,group_fold_2,knn5_distance,160,40,0.26295699794952565,2.04989508882083,0.5216697028600887
Gemma4-E4B,answer_query,12,200,20,group_fold_3,ridge,160,40,-0.38742268085479736,2.8094420433044434,0.6099453131776358
Gemma4-E4B,answer_query,12,200,20,group_fold_3,knn5_distance,160,40,0.08646208493575325,2.260489824149002,0.36399232321016106
Gemma4-E4B,answer_query,12,200,20,group_fold_4,ridge,160,40,0.7512264251708984,1.2414146661758423,0.8943979639840864
Gemma4-E4B,answer_query,12,200,20,group_fold_4,knn5_distance,160,40,0.1271821539552458,2.271623832504268,0.3813808879057041
Gemma4-E4B,answer_query,13,200,20,group_fold_0,ridge,160,40,0.4171323776245117,1.9331457614898682,0.8688530590595198
Gemma4-E4B,answer_query,13,200,20,group_fold_0,knn5_distance,160,40,0.14969796005393476,2.187753868433088,0.44697570133302145
Gemma4-E4B,answer_query,13,200,20,group_fold_1,ridge,160,40,0.3851708769798279,1.870218276977539,0.7893138563921118
Gemma4-E4B,answer_query,13,200,20,group_fold_1,knn5_distance,160,40,0.24107395906261908,2.069455766118982,0.6064763876020669
Gemma4-E4B,answer_query,13,200,20,group_fold_2,ridge,160,40,-0.026102662086486816,2.1993374824523926,0.7399391387855628
Gemma4-E4B,answer_query,13,200,20,group_fold_2,knn5_distance,160,40,0.11985973030012242,2.1542492752824844,0.4801384088843689
Gemma4-E4B,answer_query,13,200,20,group_fold_3,ridge,160,40,-0.6380974054336548,2.993863582611084,0.6119604993823708
Gemma4-E4B,answer_query,13,200,20,group_fold_3,knn5_distance,160,40,0.1285554740642314,2.2770598110230273,0.3614832665180837
Gemma4-E4B,answer_query,13,200,20,group_fold_4,ridge,160,40,0.694374680519104,1.3470288515090942,0.8559327147769209
Gemma4-E4B,answer_query,13,200,20,group_fold_4,knn5_distance,160,40,0.06795393052416343,2.3570058050314464,0.4276181462806875
Gemma4-E4B,answer_query,14,200,20,group_fold_0,ridge,160,40,0.30596500635147095,2.117393970489502,0.8917689498728403
Gemma4-E4B,answer_query,14,200,20,group_fold_0,knn5_distance,160,40,0.49622901112501117,1.7516347868973887,0.7334838586201908
Gemma4-E4B,answer_query,14,200,20,group_fold_1,ridge,160,40,0.6097337603569031,1.6062653064727783,0.839097965747181
Gemma4-E4B,answer_query,14,200,20,group_fold_1,knn5_distance,160,40,0.1941184318779564,2.109576837220704,0.5410731292877078
Gemma4-E4B,answer_query,14,200,20,group_fold_2,ridge,160,40,0.2964913845062256,1.6156209707260132,0.8100831721055439
Gemma4-E4B,answer_query,14,200,20,group_fold_2,knn5_distance,160,40,0.2649998810778976,2.0342945053109616,0.6450326208033195
Gemma4-E4B,answer_query,14,200,20,group_fold_3,ridge,160,40,-0.27055418491363525,2.891284227371216,0.6441908815877633
Gemma4-E4B,answer_query,14,200,20,group_fold_3,knn5_distance,160,40,0.11118002902474156,2.3173282532139337,0.37531357904493756
Gemma4-E4B,answer_query,14,200,20,group_fold_4,ridge,160,40,0.67649245262146,1.3970825672149658,0.9505502631249849
Gemma4-E4B,answer_query,14,200,20,group_fold_4,knn5_distance,160,40,0.27200304755911286,2.073741864427407,0.5226496865510065
Gemma4-E4B,answer_query,15,200,20,group_fold_0,ridge,160,40,0.3403276205062866,2.0313527584075928,0.8091506955500107
Gemma4-E4B,answer_query,15,200,20,group_fold_0,knn5_distance,160,40,0.48075288874123845,1.6690480516864183,0.7017844446319516
Gemma4-E4B,answer_query,15,200,20,group_fold_1,ridge,160,40,0.7011435627937317,1.4162737131118774,0.8597141298409317
Gemma4-E4B,answer_query,15,200,20,group_fold_1,knn5_distance,160,40,0.024345019030387327,2.262825236193753,0.4107593521808945
Gemma4-E4B,answer_query,15,200,20,group_fold_2,ridge,160,40,0.7431377172470093,1.2688062191009521,0.9352536012451405
Gemma4-E4B,answer_query,15,200,20,group_fold_2,knn5_distance,160,40,0.36260034525660556,1.8416475370812122,0.6241057067042721
Gemma4-E4B,answer_query,15,200,20,group_fold_3,ridge,160,40,0.2029603123664856,2.351736545562744,0.7132206835947495
Gemma4-E4B,answer_query,15,200,20,group_fold_3,knn5_distance,160,40,-0.004970908875058466,2.2707728423094897,0.31840066003792666
Gemma4-E4B,answer_query,15,200,20,group_fold_4,ridge,160,40,0.5035607814788818,1.4878610372543335,0.8535803329432539
Gemma4-E4B,answer_query,15,200,20,group_fold_4,knn5_distance,160,40,0.3098310009150276,1.9559407122633314,0.5628654158720003
Gemma4-E4B,answer_query,16,200,20,group_fold_0,ridge,160,40,0.29070615768432617,2.156914234161377,0.8838462887089595
Gemma4-E4B,answer_query,16,200,20,group_fold_0,knn5_distance,160,40,0.30802445045422977,1.9874358349795074,0.5894003965674944
Gemma4-E4B,answer_query,16,200,20,group_fold_1,ridge,160,40,0.5255168080329895,1.6721826791763306,0.7973250552016405
Gemma4-E4B,answer_query,16,200,20,group_fold_1,knn5_distance,160,40,0.18185716613121228,2.188979430831876,0.49738472267962186
Gemma4-E4B,answer_query,16,200,20,group_fold_2,ridge,160,40,0.8749938011169434,0.8422032594680786,0.9525404310337444
Gemma4-E4B,answer_query,16,200,20,group_fold_2,knn5_distance,160,40,0.19822635003014422,2.0929966096552626,0.46985476418094685
Gemma4-E4B,answer_query,16,200,20,group_fold_3,ridge,160,40,0.5605945587158203,1.5472371578216553,0.8470536796490626
Gemma4-E4B,answer_query,16,200,20,group_fold_3,knn5_distance,160,40,0.17872684979098385,2.2055853027970294,0.44514664951878824
Gemma4-E4B,answer_query,16,200,20,group_fold_4,ridge,160,40,0.6205747127532959,1.5026140213012695,0.9450610569707468
Gemma4-E4B,answer_query,16,200,20,group_fold_4,knn5_distance,160,40,0.3446094753097684,1.9108333913375772,0.6444529690679298
Gemma4-E4B,answer_query,17,200,20,group_fold_0,ridge,160,40,0.8914300203323364,0.7995790243148804,0.945564995572393
Gemma4-E4B,answer_query,17,200,20,group_fold_0,knn5_distance,160,40,0.29321760549409215,2.1040535989102205,0.557453099503384
Gemma4-E4B,answer_query,17,200,20,group_fold_1,ridge,160,40,0.9315706491470337,0.5817257165908813,0.971785019906431
Gemma4-E4B,answer_query,17,200,20,group_fold_1,knn5_distance,160,40,0.4661862469035324,1.696061554406517,0.6973158848835994
Gemma4-E4B,answer_query,17,200,20,group_fold_2,ridge,160,40,0.7635359168052673,1.2468438148498535,0.9127782424091413
Gemma4-E4B,answer_query,17,200,20,group_fold_2,knn5_distance,160,40,0.2721209274606925,2.0169001640257145,0.6176823217371561
Gemma4-E4B,answer_query,17,200,20,group_fold_3,ridge,160,40,0.927363395690918,0.6797382235527039,0.9758731650540338
Gemma4-E4B,answer_query,17,200,20,group_fold_3,knn5_distance,160,40,0.274122458367129,2.038248009748283,0.5439715225211146
Gemma4-E4B,answer_query,17,200,20,group_fold_4,ridge,160,40,0.7661908268928528,1.1705656051635742,0.9402279519396448
Gemma4-E4B,answer_query,17,200,20,group_fold_4,knn5_distance,160,40,0.39299749125589534,1.8137762558469137,0.7470201795152098
Gemma4-E4B,answer_query,18,200,20,group_fold_0,ridge,160,40,0.8283608555793762,1.0223147869110107,0.9140980372186644
Gemma4-E4B,answer_query,18,200,20,group_fold_0,knn5_distance,160,40,0.12531687356520427,2.312778576371279,0.3696843230119561
Gemma4-E4B,answer_query,18,200,20,group_fold_1,ridge,160,40,0.7968529462814331,1.102173089981079,0.9113506664298762
Gemma4-E4B,answer_query,18,200,20,group_fold_1,knn5_distance,160,40,0.061884383918827446,2.156882805551598,0.3854195361319137
Gemma4-E4B,answer_query,18,200,20,group_fold_2,ridge,160,40,0.28355199098587036,1.9485546350479126,0.8127234238632061
Gemma4-E4B,answer_query,18,200,20,group_fold_2,knn5_distance,160,40,0.5036552176486129,1.6431065000094303,0.740969647476188
Gemma4-E4B,answer_query,18,200,20,group_fold_3,ridge,160,40,0.8393646478652954,0.8453387022018433,0.9330524539298526
Gemma4-E4B,answer_query,18,200,20,group_fold_3,knn5_distance,160,40,0.16902753488647848,2.1673430648874437,0.4445676469601924
Gemma4-E4B,answer_query,18,200,20,group_fold_4,ridge,160,40,0.6955685615539551,1.3637149333953857,0.8886916835123473
Gemma4-E4B,answer_query,18,200,20,group_fold_4,knn5_distance,160,40,0.2807503116018135,1.997183880493779,0.5491787758565458
Gemma4-E4B,answer_query,19,200,20,group_fold_0,ridge,160,40,0.8815029859542847,0.8121742010116577,0.9432634155492621
Gemma4-E4B,answer_query,19,200,20,group_fold_0,knn5_distance,160,40,0.44283417335998065,1.713892804210501,0.6924130734268602
Gemma4-E4B,answer_query,19,200,20,group_fold_1,ridge,160,40,0.872631847858429,0.855700671672821,0.9342999037172555
Gemma4-E4B,answer_query,19,200,20,group_fold_1,knn5_distance,160,40,0.35722179731493975,1.792912388046279,0.6168482196420709
Gemma4-E4B,answer_query,19,200,20,group_fold_2,ridge,160,40,0.6450031995773315,1.299362063407898,0.8612057013085533
Gemma4-E4B,answer_query,19,200,20,group_fold_2,knn5_distance,160,40,0.3831020773666963,1.847494386338925,0.7326799755115969
Gemma4-E4B,answer_query,19,200,20,group_fold_3,ridge,160,40,0.9068472981452942,0.7174565196037292,0.9636106893116725
Gemma4-E4B,answer_query,19,200,20,group_fold_3,knn5_distance,160,40,0.20286815368004973,2.118154232239695,0.45585300948371954
Gemma4-E4B,answer_query,19,200,20,group_fold_4,ridge,160,40,0.7297090291976929,1.1646111011505127,0.9057989780405866
Gemma4-E4B,answer_query,19,200,20,group_fold_4,knn5_distance,160,40,0.24315261891370932,2.110238114544581,0.5760514038351541
Gemma4-E4B,answer_query,20,200,20,group_fold_0,ridge,160,40,0.8576175570487976,0.9247434735298157,0.9315524533303735
Gemma4-E4B,answer_query,20,200,20,group_fold_0,knn5_distance,160,40,0.17063234879169265,2.177307335928645,0.46338983709014026
Gemma4-E4B,answer_query,20,200,20,group_fold_1,ridge,160,40,0.6775599718093872,1.3335169553756714,0.8568611802370922
Gemma4-E4B,answer_query,20,200,20,group_fold_1,knn5_distance,160,40,0.21269748780088782,2.1209303656227187,0.6452735470171047
Gemma4-E4B,answer_query,20,200,20,group_fold_2,ridge,160,40,0.820769727230072,0.998377799987793,0.9172732665899017
Gemma4-E4B,answer_query,20,200,20,group_fold_2,knn5_distance,160,40,0.21653456174844565,2.037368685917135,0.5132242547232627
Gemma4-E4B,answer_query,20,200,20,group_fold_3,ridge,160,40,0.8299804925918579,0.8513558506965637,0.9295988030569062
Gemma4-E4B,answer_query,20,200,20,group_fold_3,knn5_distance,160,40,0.31859866459410824,1.9411856871171327,0.6102443861761828
Gemma4-E4B,answer_query,20,200,20,group_fold_4,ridge,160,40,0.5715551376342773,1.5519298315048218,0.8439647595902613
Gemma4-E4B,answer_query,20,200,20,group_fold_4,knn5_distance,160,40,0.31236405286121804,1.9529810432148693,0.5613294956157294
Gemma4-E4B,answer_query,21,200,20,group_fold_0,ridge,160,40,0.7953020334243774,1.1616733074188232,0.9074936601451982
Gemma4-E4B,answer_query,21,200,20,group_fold_0,knn5_distance,160,40,0.17902889185180104,2.126083320767631,0.5477876044182927
Gemma4-E4B,answer_query,21,200,20,group_fold_1,ridge,160,40,0.7911452651023865,1.073716640472412,0.9054401794988967
Gemma4-E4B,answer_query,21,200,20,group_fold_1,knn5_distance,160,40,0.4713621374715342,1.677586145383156,0.7486116804643672
Gemma4-E4B,answer_query,21,200,20,group_fold_2,ridge,160,40,0.9078189730644226,0.7049132585525513,0.9565244095140022
Gemma4-E4B,answer_query,21,200,20,group_fold_2,knn5_distance,160,40,0.40306178754513344,1.594925250856762,0.7054810884931146
Gemma4-E4B,answer_query,21,200,20,group_fold_3,ridge,160,40,0.8583097457885742,0.8815069198608398,0.9456307645759556
Gemma4-E4B,answer_query,21,200,20,group_fold_3,knn5_distance,160,40,0.1122738578490281,2.1831295743756263,0.4366895135768839
Gemma4-E4B,answer_query,21,200,20,group_fold_4,ridge,160,40,0.6325504183769226,1.438310146331787,0.8677929280095342
Gemma4-E4B,answer_query,21,200,20,group_fold_4,knn5_distance,160,40,-0.016593066835796977,2.4491046413671773,0.4616126371860436
Gemma4-E4B,answer_query,22,200,20,group_fold_0,ridge,160,40,0.7312450408935547,1.3064122200012207,0.9040726034772029
Gemma4-E4B,answer_query,22,200,20,group_fold_0,knn5_distance,160,40,0.3229951765218264,1.8646946109942246,0.6816317695705226
Gemma4-E4B,answer_query,22,200,20,group_fold_1,ridge,160,40,0.775714099407196,1.1499993801116943,0.8932922044394243
Gemma4-E4B,answer_query,22,200,20,group_fold_1,knn5_distance,160,40,0.36528857383716773,1.9113708270563172,0.7376052278203531
Gemma4-E4B,answer_query,22,200,20,group_fold_2,ridge,160,40,0.9086127281188965,0.7203105688095093,0.9577043954835274
Gemma4-E4B,answer_query,22,200,20,group_fold_2,knn5_distance,160,40,0.3306933742497432,1.5984773083421562,0.6305085934262817
Gemma4-E4B,answer_query,22,200,20,group_fold_3,ridge,160,40,0.81071937084198,1.0376383066177368,0.9334768869642257
Gemma4-E4B,answer_query,22,200,20,group_fold_3,knn5_distance,160,40,0.19294098010665095,2.0640283965713713,0.5618817468794854
Gemma4-E4B,answer_query,22,200,20,group_fold_4,ridge,160,40,0.7250354290008545,1.1523956060409546,0.8875743520117573
Gemma4-E4B,answer_query,22,200,20,group_fold_4,knn5_distance,160,40,0.3743946778414964,1.8763615481957885,0.7513825245280765
Gemma4-E4B,answer_query,23,200,20,group_fold_0,ridge,160,40,0.8802772760391235,0.8837536573410034,0.9525801535174538
Gemma4-E4B,answer_query,23,200,20,group_fold_0,knn5_distance,160,40,0.3327189681610577,1.8232667304788759,0.6405168564828656
Gemma4-E4B,answer_query,23,200,20,group_fold_1,ridge,160,40,0.918712854385376,0.6646124124526978,0.9597808276408384
Gemma4-E4B,answer_query,23,200,20,group_fold_1,knn5_distance,160,40,0.3226155654557108,1.7514685590898413,0.6265279545612069
Gemma4-E4B,answer_query,23,200,20,group_fold_2,ridge,160,40,0.8730597496032715,0.8931681513786316,0.9419026470488556
Gemma4-E4B,answer_query,23,200,20,group_fold_2,knn5_distance,160,40,0.38831510950955095,1.654864297105893,0.643117171462819
Gemma4-E4B,answer_query,23,200,20,group_fold_3,ridge,160,40,0.7992587685585022,0.9654049873352051,0.9392037913385376
Gemma4-E4B,answer_query,23,200,20,group_fold_3,knn5_distance,160,40,0.5515320321738839,1.4384282243925792,0.7798340882747055
Gemma4-E4B,answer_query,23,200,20,group_fold_4,ridge,160,40,0.8643026351928711,0.9134855270385742,0.944407266996503
Gemma4-E4B,answer_query,23,200,20,group_fold_4,knn5_distance,160,40,0.38656565855548963,1.8115438520462448,0.7869975455603037
Gemma4-E4B,answer_query,24,200,20,group_fold_0,ridge,160,40,0.8607524037361145,0.8646360635757446,0.9342628392096819
Gemma4-E4B,answer_query,24,200,20,group_fold_0,knn5_distance,160,40,0.32504686467142085,1.7112712621109654,0.6983474661813678
Gemma4-E4B,answer_query,24,200,20,group_fold_1,ridge,160,40,0.891168475151062,0.7230992317199707,0.945157142031212
Gemma4-E4B,answer_query,24,200,20,group_fold_1,knn5_distance,160,40,0.31138572274588994,1.7885985157532638,0.7232432856795482
Gemma4-E4B,answer_query,24,200,20,group_fold_2,ridge,160,40,0.8933233022689819,0.7542730569839478,0.9490110145989926
Gemma4-E4B,answer_query,24,200,20,group_fold_2,knn5_distance,160,40,0.16999297943030833,2.181483947013549,0.6960669065314895
Gemma4-E4B,answer_query,24,200,20,group_fold_3,ridge,160,40,0.730247974395752,1.154639482498169,0.8994414039356744
Gemma4-E4B,answer_query,24,200,20,group_fold_3,knn5_distance,160,40,0.15925807185996887,2.062686162428407,0.6184128830245701
Gemma4-E4B,answer_query,24,200,20,group_fold_4,ridge,160,40,0.7311296463012695,1.1907224655151367,0.9042238185049656
Gemma4-E4B,answer_query,24,200,20,group_fold_4,knn5_distance,160,40,-0.18367220528798223,2.4031694255756846,0.4488326799264261
Gemma4-E4B,answer_query,25,200,20,group_fold_0,ridge,160,40,0.8626896142959595,0.8805748224258423,0.9335920939775009
Gemma4-E4B,answer_query,25,200,20,group_fold_0,knn5_distance,160,40,0.5237253442715242,1.472730718017533,0.7521379585489125
Gemma4-E4B,answer_query,25,200,20,group_fold_1,ridge,160,40,0.834942638874054,0.8976722955703735,0.9146444398319722
Gemma4-E4B,answer_query,25,200,20,group_fold_1,knn5_distance,160,40,0.378561111687981,1.7167014548261061,0.6219576516053225
Gemma4-E4B,answer_query,25,200,20,group_fold_2,ridge,160,40,0.8623380064964294,0.7694716453552246,0.9429256447144542
Gemma4-E4B,answer_query,25,200,20,group_fold_2,knn5_distance,160,40,0.5492923919144308,1.5449059311240279,0.8334363725888649
Gemma4-E4B,answer_query,25,200,20,group_fold_3,ridge,160,40,0.8528779745101929,0.9009033441543579,0.9511355999229074
Gemma4-E4B,answer_query,25,200,20,group_fold_3,knn5_distance,160,40,0.20791877595423025,2.0679643440721427,0.7114482098352803
Gemma4-E4B,answer_query,25,200,20,group_fold_4,ridge,160,40,0.7934083938598633,1.0301679372787476,0.9147651748187899
Gemma4-E4B,answer_query,25,200,20,group_fold_4,knn5_distance,160,40,0.1854738936230943,1.882273770796464,0.606826528226716
Gemma4-E4B,answer_query,26,200,20,group_fold_0,ridge,160,40,0.8432055115699768,0.9412038922309875,0.9305543288797185
Gemma4-E4B,answer_query,26,200,20,group_fold_0,knn5_distance,160,40,0.5459321319934728,1.5914902987756994,0.7588664659018792
Gemma4-E4B,answer_query,26,200,20,group_fold_1,ridge,160,40,0.7967139482498169,1.0522029399871826,0.8981469995009013
Gemma4-E4B,answer_query,26,200,20,group_fold_1,knn5_distance,160,40,0.5036005004332134,1.6302618417113848,0.7104412186824993
Gemma4-E4B,answer_query,26,200,20,group_fold_2,ridge,160,40,0.858986496925354,0.7703106999397278,0.9461579302206784
Gemma4-E4B,answer_query,26,200,20,group_fold_2,knn5_distance,160,40,0.40855607128814464,1.7515411258085734,0.7287541376032839
Gemma4-E4B,answer_query,26,200,20,group_fold_3,ridge,160,40,0.8116134405136108,1.052236557006836,0.9383014150884532
Gemma4-E4B,answer_query,26,200,20,group_fold_3,knn5_distance,160,40,0.3553976044464937,1.8417206223807014,0.7413157905647476
Gemma4-E4B,answer_query,26,200,20,group_fold_4,ridge,160,40,0.7211199998855591,1.1463861465454102,0.8875751174845683
Gemma4-E4B,answer_query,26,200,20,group_fold_4,knn5_distance,160,40,0.2457597751946924,1.8995954786043412,0.593631057869836
Gemma4-E4B,answer_query,27,200,20,group_fold_0,ridge,160,40,0.8532813787460327,0.8784225583076477,0.9403017636877057
Gemma4-E4B,answer_query,27,200,20,group_fold_0,knn5_distance,160,40,0.6468594211504755,1.3736020808021243,0.8106588987723566
Gemma4-E4B,answer_query,27,200,20,group_fold_1,ridge,160,40,0.7037820816040039,1.282431960105896,0.8607584435377726
Gemma4-E4B,answer_query,27,200,20,group_fold_1,knn5_distance,160,40,0.48314397903116124,1.6352509804794153,0.7244317960632348
Gemma4-E4B,answer_query,27,200,20,group_fold_2,ridge,160,40,0.8155563473701477,0.9028869867324829,0.9329154428026409
Gemma4-E4B,answer_query,27,200,20,group_fold_2,knn5_distance,160,40,0.3630212846305554,1.7110907952274061,0.7701940212990983
Gemma4-E4B,answer_query,27,200,20,group_fold_3,ridge,160,40,0.873944878578186,0.8583844900131226,0.9478448383898276
Gemma4-E4B,answer_query,27,200,20,group_fold_3,knn5_distance,160,40,0.4374996682702824,1.833638334053063,0.7786283112916335
Gemma4-E4B,answer_query,27,200,20,group_fold_4,ridge,160,40,0.7122811079025269,1.1751171350479126,0.8824594518022569
Gemma4-E4B,answer_query,27,200,20,group_fold_4,knn5_distance,160,40,0.28924891170157174,1.8116066873259378,0.6002209022748385
Gemma4-E4B,answer_query,28,200,20,group_fold_0,ridge,160,40,0.8450596332550049,0.8962482213973999,0.9452952185603463
Gemma4-E4B,answer_query,28,200,20,group_fold_0,knn5_distance,160,40,0.5449049552202005,1.660796374066385,0.7456721881914389
Gemma4-E4B,answer_query,28,200,20,group_fold_1,ridge,160,40,0.7067661285400391,1.2344582080841064,0.8570408563705345
Gemma4-E4B,answer_query,28,200,20,group_fold_1,knn5_distance,160,40,0.41816208260812593,1.6364806569757437,0.7138884736170896
Gemma4-E4B,answer_query,28,200,20,group_fold_2,ridge,160,40,0.8085554242134094,0.8692728877067566,0.9262673043535274
Gemma4-E4B,answer_query,28,200,20,group_fold_2,knn5_distance,160,40,0.5496113914588905,1.4219982976223213,0.849415094546768
Gemma4-E4B,answer_query,28,200,20,group_fold_3,ridge,160,40,0.9023939371109009,0.702928364276886,0.9578724212117725
Gemma4-E4B,answer_query,28,200,20,group_fold_3,knn5_distance,160,40,0.47444603547679376,1.5871888138847854,0.8157328892381188
Gemma4-E4B,answer_query,28,200,20,group_fold_4,ridge,160,40,0.5431998372077942,1.414921760559082,0.8447612560883879
Gemma4-E4B,answer_query,28,200,20,group_fold_4,knn5_distance,160,40,0.20288349200331324,1.9337056762405898,0.5787937099138327
Gemma4-E4B,answer_query,29,200,20,group_fold_0,ridge,160,40,0.8845885396003723,0.8325521349906921,0.9444259611484711
Gemma4-E4B,answer_query,29,200,20,group_fold_0,knn5_distance,160,40,0.42913616995522785,1.676833382570819,0.7126213188900596
Gemma4-E4B,answer_query,29,200,20,group_fold_1,ridge,160,40,0.9238110184669495,0.6401263475418091,0.9619487977633213
Gemma4-E4B,answer_query,29,200,20,group_fold_1,knn5_distance,160,40,0.6232366845925784,1.3764049279468218,0.8771639200369443
Gemma4-E4B,answer_query,29,200,20,group_fold_2,ridge,160,40,0.6384682059288025,1.2324482202529907,0.8845249064252745
Gemma4-E4B,answer_query,29,200,20,group_fold_2,knn5_distance,160,40,0.23301029528483508,1.8880719310485705,0.7468630344142189
Gemma4-E4B,answer_query,29,200,20,group_fold_3,ridge,160,40,0.8802981972694397,0.7619367241859436,0.9391125268675609
Gemma4-E4B,answer_query,29,200,20,group_fold_3,knn5_distance,160,40,0.3967093793140509,1.6860422629833862,0.7482003673387434
Gemma4-E4B,answer_query,29,200,20,group_fold_4,ridge,160,40,0.8816444277763367,0.7657087445259094,0.9524739744578172
Gemma4-E4B,answer_query,29,200,20,group_fold_4,knn5_distance,160,40,0.34538120063832356,1.8302738053490155,0.7786988632093285
Gemma4-E4B,answer_query,30,200,20,group_fold_0,ridge,160,40,0.8367629647254944,0.9450446963310242,0.9313971692823655
Gemma4-E4B,answer_query,30,200,20,group_fold_0,knn5_distance,160,40,0.5036672939816881,1.514520267743232,0.7456811279381947
Gemma4-E4B,answer_query,30,200,20,group_fold_1,ridge,160,40,0.9312405586242676,0.5647112131118774,0.9659396252534953
Gemma4-E4B,answer_query,30,200,20,group_fold_1,knn5_distance,160,40,0.6213517394688709,1.3496313083027083,0.8462349968869107
Gemma4-E4B,answer_query,30,200,20,group_fold_2,ridge,160,40,0.7223516702651978,1.1193196773529053,0.8952654804634352
Gemma4-E4B,answer_query,30,200,20,group_fold_2,knn5_distance,160,40,0.2395269835952447,1.8860005685320318,0.74457540082508
Gemma4-E4B,answer_query,30,200,20,group_fold_3,ridge,160,40,0.9064539670944214,0.6363751292228699,0.9534590167505398
Gemma4-E4B,answer_query,30,200,20,group_fold_3,knn5_distance,160,40,0.39414227802695756,1.6451283542411956,0.7120478515424966
Gemma4-E4B,answer_query,30,200,20,group_fold_4,ridge,160,40,0.8470467925071716,0.9333431124687195,0.944491859645645
Gemma4-E4B,answer_query,30,200,20,group_fold_4,knn5_distance,160,40,0.39943089716890856,1.7124712787440732,0.8133696282216253
Gemma4-E4B,answer_query,31,200,20,group_fold_0,ridge,160,40,0.8401876091957092,0.9520317316055298,0.937617754304251
Gemma4-E4B,answer_query,31,200,20,group_fold_0,knn5_distance,160,40,0.534436773760285,1.4236809767116676,0.7980759803125055
Gemma4-E4B,answer_query,31,200,20,group_fold_1,ridge,160,40,0.9183178544044495,0.5946401357650757,0.9651139595076219
Gemma4-E4B,answer_query,31,200,20,group_fold_1,knn5_distance,160,40,0.6463619890200789,1.197387558107018,0.8460675495876566
Gemma4-E4B,answer_query,31,200,20,group_fold_2,ridge,160,40,0.7481242418289185,1.0841561555862427,0.9092032854779619
Gemma4-E4B,answer_query,31,200,20,group_fold_2,knn5_distance,160,40,0.1426613676962587,1.985327479748887,0.7210219404904309
Gemma4-E4B,answer_query,31,200,20,group_fold_3,ridge,160,40,0.904248833656311,0.6450944542884827,0.9518836313850987
Gemma4-E4B,answer_query,31,200,20,group_fold_3,knn5_distance,160,40,0.5044462479911618,1.4768318668329248,0.7458520988046193
Gemma4-E4B,answer_query,31,200,20,group_fold_4,ridge,160,40,0.8699855208396912,0.8887141942977905,0.9515029956237702
Gemma4-E4B,answer_query,31,200,20,group_fold_4,knn5_distance,160,40,0.35965275502215965,1.864718195932835,0.8600051251638638
Gemma4-E4B,answer_query,32,200,20,group_fold_0,ridge,160,40,0.8518290519714355,0.9083153605461121,0.932723119513194
Gemma4-E4B,answer_query,32,200,20,group_fold_0,knn5_distance,160,40,0.4078227898187663,1.6202767266183393,0.7301016391086785
Gemma4-E4B,answer_query,32,200,20,group_fold_1,ridge,160,40,0.898734450340271,0.6641672253608704,0.9575642639908089
Gemma4-E4B,answer_query,32,200,20,group_fold_1,knn5_distance,160,40,0.6574588206878917,1.2742784215309275,0.8326819228385032
Gemma4-E4B,answer_query,32,200,20,group_fold_2,ridge,160,40,0.7735407948493958,1.061122179031372,0.9152495460322535
Gemma4-E4B,answer_query,32,200,20,group_fold_2,knn5_distance,160,40,0.15869694539772727,1.959789979083931,0.7030481667472259
Gemma4-E4B,answer_query,32,200,20,group_fold_3,ridge,160,40,0.9062769412994385,0.6387883424758911,0.9521321176773894
Gemma4-E4B,answer_query,32,200,20,group_fold_3,knn5_distance,160,40,0.4764648245077172,1.4716224590672808,0.7520923783243598
Gemma4-E4B,answer_query,32,200,20,group_fold_4,ridge,160,40,0.8782200217247009,0.865129292011261,0.9564836072531762
Gemma4-E4B,answer_query,32,200,20,group_fold_4,knn5_distance,160,40,0.6053843507884882,1.3496577835596633,0.8731964510411439
Gemma4-E4B,answer_query,33,200,20,group_fold_0,ridge,160,40,0.863314151763916,0.8510812520980835,0.9366379675789538
Gemma4-E4B,answer_query,33,200,20,group_fold_0,knn5_distance,160,40,0.4310859714754498,1.554138308902188,0.7939235003696139
Gemma4-E4B,answer_query,33,200,20,group_fold_1,ridge,160,40,0.9076789021492004,0.6175860166549683,0.9608855903832245
Gemma4-E4B,answer_query,33,200,20,group_fold_1,knn5_distance,160,40,0.7047837494242755,1.1311903232890939,0.8558245846278099
Gemma4-E4B,answer_query,33,200,20,group_fold_2,ridge,160,40,0.8122934103012085,0.958809494972229,0.9293560505313023
Gemma4-E4B,answer_query,33,200,20,group_fold_2,knn5_distance,160,40,0.35216560912930217,1.744460201116674,0.7864692422405372
Gemma4-E4B,answer_query,33,200,20,group_fold_3,ridge,160,40,0.908924400806427,0.6299872398376465,0.9533810004800023
Gemma4-E4B,answer_query,33,200,20,group_fold_3,knn5_distance,160,40,0.611459742300912,1.2680541949366624,0.812057909653664
Gemma4-E4B,answer_query,33,200,20,group_fold_4,ridge,160,40,0.8830893039703369,0.8279914855957031,0.9561754231924381
Gemma4-E4B,answer_query,33,200,20,group_fold_4,knn5_distance,160,40,0.5026284637229259,1.5529899887454894,0.8587181480604424
Gemma4-E4B,answer_query,34,200,20,group_fold_0,ridge,160,40,0.8757818341255188,0.7954679727554321,0.9415992215911512
Gemma4-E4B,answer_query,34,200,20,group_fold_0,knn5_distance,160,40,0.36431445314983835,1.5003046136796363,0.7303171697920153
Gemma4-E4B,answer_query,34,200,20,group_fold_1,ridge,160,40,0.9165722131729126,0.5969551801681519,0.9633332438852344
Gemma4-E4B,answer_query,34,200,20,group_fold_1,knn5_distance,160,40,0.7570442880168584,1.0281687589714206,0.8868585693575426
Gemma4-E4B,answer_query,34,200,20,group_fold_2,ridge,160,40,0.8170275688171387,0.9447776675224304,0.9304854919312844
Gemma4-E4B,answer_query,34,200,20,group_fold_2,knn5_distance,160,40,0.5095529926645683,1.4911263046354013,0.835317374639845
Gemma4-E4B,answer_query,34,200,20,group_fold_3,ridge,160,40,0.9153659343719482,0.6054034233093262,0.956839465168881
Gemma4-E4B,answer_query,34,200,20,group_fold_3,knn5_distance,160,40,0.6120030366933291,1.2357825609799538,0.8237702634531943
Gemma4-E4B,answer_query,34,200,20,group_fold_4,ridge,160,40,0.8889029026031494,0.7977785468101501,0.9572904131612393
Gemma4-E4B,answer_query,34,200,20,group_fold_4,knn5_distance,160,40,0.5924994216800608,1.3412336981165982,0.8915372321628998
Gemma4-E4B,answer_query,35,200,20,group_fold_0,ridge,160,40,0.8568384647369385,0.8449991941452026,0.9308365826930154
Gemma4-E4B,answer_query,35,200,20,group_fold_0,knn5_distance,160,40,0.7508380497184601,1.0387930723687409,0.9067759558503845
Gemma4-E4B,answer_query,35,200,20,group_fold_1,ridge,160,40,0.9286420941352844,0.5747402906417847,0.9658971636221582
Gemma4-E4B,answer_query,35,200,20,group_fold_1,knn5_distance,160,40,0.9168794061901416,0.5874392533358757,0.9611384499959095
Gemma4-E4B,answer_query,35,200,20,group_fold_2,ridge,160,40,0.8169211745262146,0.9232109189033508,0.9277938042847849
Gemma4-E4B,answer_query,35,200,20,group_fold_2,knn5_distance,160,40,0.627652111022842,1.3601146945359333,0.8827119084439348
Gemma4-E4B,answer_query,35,200,20,group_fold_3,ridge,160,40,0.9239140748977661,0.5760399103164673,0.9615643221132534
Gemma4-E4B,answer_query,35,200,20,group_fold_3,knn5_distance,160,40,0.7493097129149238,1.060638954332995,0.877188032395379
Gemma4-E4B,answer_query,35,200,20,group_fold_4,ridge,160,40,0.8926225304603577,0.7887393832206726,0.9571164367715186
Gemma4-E4B,answer_query,35,200,20,group_fold_4,knn5_distance,160,40,0.6295580198565494,1.3361573701596847,0.8811123761164468
Gemma4-E4B,answer_query,36,200,20,group_fold_0,ridge,160,40,0.8626288175582886,0.813956618309021,0.9343996320883534
Gemma4-E4B,answer_query,36,200,20,group_fold_0,knn5_distance,160,40,0.8009066298879483,0.9560742082496171,0.911608562966121
Gemma4-E4B,answer_query,36,200,20,group_fold_1,ridge,160,40,0.9329708814620972,0.5522027015686035,0.967258753682773
Gemma4-E4B,answer_query,36,200,20,group_fold_1,knn5_distance,160,40,0.9084099106700777,0.6206575305466313,0.9554135459323887
Gemma4-E4B,answer_query,36,200,20,group_fold_2,ridge,160,40,0.8319882154464722,0.8945032358169556,0.9304999561076954
Gemma4-E4B,answer_query,36,200,20,group_fold_2,knn5_distance,160,40,0.6503708523902124,1.235886415087239,0.8852340807978696
Gemma4-E4B,answer_query,36,200,20,group_fold_3,ridge,160,40,0.9363754987716675,0.5176843404769897,0.9681426485752503
Gemma4-E4B,answer_query,36,200,20,group_fold_3,knn5_distance,160,40,0.7724380471999194,0.8938442947387578,0.8917646348404569
Gemma4-E4B,answer_query,36,200,20,group_fold_4,ridge,160,40,0.895863950252533,0.7474114894866943,0.9582897364841068
Gemma4-E4B,answer_query,36,200,20,group_fold_4,knn5_distance,160,40,0.6956866800777513,1.1662182063224236,0.9100353688214764
Gemma4-E4B,answer_query,37,200,20,group_fold_0,ridge,160,40,0.8659372329711914,0.792351484298706,0.937240785615856
Gemma4-E4B,answer_query,37,200,20,group_fold_0,knn5_distance,160,40,0.7946882074585789,0.9839118443730157,0.8963356864612434
Gemma4-E4B,answer_query,37,200,20,group_fold_1,ridge,160,40,0.9241310358047485,0.609481930732727,0.9658702676133637
Gemma4-E4B,answer_query,37,200,20,group_fold_1,knn5_distance,160,40,0.8412271886255914,0.8291968457838209,0.9222177382689873
Gemma4-E4B,answer_query,37,200,20,group_fold_2,ridge,160,40,0.8186404705047607,0.8969928026199341,0.9295436702222036
Gemma4-E4B,answer_query,37,200,20,group_fold_2,knn5_distance,160,40,0.7541220686327303,1.02321202851451,0.9155872844054391
Gemma4-E4B,answer_query,37,200,20,group_fold_3,ridge,160,40,0.9355382919311523,0.5288177728652954,0.9674399903403708
Gemma4-E4B,answer_query,37,200,20,group_fold_3,knn5_distance,160,40,0.7586604113863613,0.9640046267625213,0.8808554076432464
Gemma4-E4B,answer_query,37,200,20,group_fold_4,ridge,160,40,0.8824391961097717,0.7709359526634216,0.9559845334613739
Gemma4-E4B,answer_query,37,200,20,group_fold_4,knn5_distance,160,40,0.7139216346248944,1.1317016179022175,0.8914972879781552
Gemma4-E4B,answer_query,38,200,20,group_fold_0,ridge,160,40,0.869831383228302,0.7554293870925903,0.9389976020117401
Gemma4-E4B,answer_query,38,200,20,group_fold_0,knn5_distance,160,40,0.6780639204797767,1.0459122253027187,0.8370500371218031
Gemma4-E4B,answer_query,38,200,20,group_fold_1,ridge,160,40,0.9335420727729797,0.5507651567459106,0.9716766117365263
Gemma4-E4B,answer_query,38,200,20,group_fold_1,knn5_distance,160,40,0.6896401530915703,1.0872774130923901,0.8592001051673284
Gemma4-E4B,answer_query,38,200,20,group_fold_2,ridge,160,40,0.8147155046463013,0.8843676447868347,0.9341650189874997
Gemma4-E4B,answer_query,38,200,20,group_fold_2,knn5_distance,160,40,0.7821196921525408,0.9425052119775635,0.917032432798972
Gemma4-E4B,answer_query,38,200,20,group_fold_3,ridge,160,40,0.9162444472312927,0.5956165194511414,0.9576954849694207
Gemma4-E4B,answer_query,38,200,20,group_fold_3,knn5_distance,160,40,0.788964880514502,0.9347471791520974,0.9083307851029858
Gemma4-E4B,answer_query,38,200,20,group_fold_4,ridge,160,40,0.9018206596374512,0.6714181900024414,0.96301247097013
Gemma4-E4B,answer_query,38,200,20,group_fold_4,knn5_distance,160,40,0.7354500293122377,1.112852936180168,0.8829342852434825
Gemma4-E4B,answer_query,39,200,20,group_fold_0,ridge,160,40,0.8701928853988647,0.744311511516571,0.9402030868073773
Gemma4-E4B,answer_query,39,200,20,group_fold_0,knn5_distance,160,40,0.7743695590441539,0.8751464548843121,0.897472486911582
Gemma4-E4B,answer_query,39,200,20,group_fold_1,ridge,160,40,0.9403472542762756,0.5009255409240723,0.9748575816891478
Gemma4-E4B,answer_query,39,200,20,group_fold_1,knn5_distance,160,40,0.606873474320974,1.2183466920962602,0.8261198765313607
Gemma4-E4B,answer_query,39,200,20,group_fold_2,ridge,160,40,0.8344296813011169,0.8325441479682922,0.9375716092017035
Gemma4-E4B,answer_query,39,200,20,group_fold_2,knn5_distance,160,40,0.7839982829366332,0.9265662683347443,0.9199704300860057
Gemma4-E4B,answer_query,39,200,20,group_fold_3,ridge,160,40,0.9065919518470764,0.6480454206466675,0.9527400962384487
Gemma4-E4B,answer_query,39,200,20,group_fold_3,knn5_distance,160,40,0.7544193170051187,0.9666430014113873,0.8781471354970107
Gemma4-E4B,answer_query,39,200,20,group_fold_4,ridge,160,40,0.8767057657241821,0.7437494397163391,0.964509975542435
Gemma4-E4B,answer_query,39,200,20,group_fold_4,knn5_distance,160,40,0.8575335242434545,0.7998398428144795,0.949987796044258
Gemma4-E4B,answer_query,40,200,20,group_fold_0,ridge,160,40,0.8635480403900146,0.7975062727928162,0.9355742379473602
Gemma4-E4B,answer_query,40,200,20,group_fold_0,knn5_distance,160,40,0.761909010839922,0.9364399130341227,0.8960853734168435
Gemma4-E4B,answer_query,40,200,20,group_fold_1,ridge,160,40,0.9206628203392029,0.604584813117981,0.9692401293310365
Gemma4-E4B,answer_query,40,200,20,group_fold_1,knn5_distance,160,40,0.6891376241503098,1.0301643514641476,0.8696269955921807
Gemma4-E4B,answer_query,40,200,20,group_fold_2,ridge,160,40,0.8289521932601929,0.8388202786445618,0.9349423326320041
Gemma4-E4B,answer_query,40,200,20,group_fold_2,knn5_distance,160,40,0.7936523941463374,0.8825325998661213,0.9200414701493324
Gemma4-E4B,answer_query,40,200,20,group_fold_3,ridge,160,40,0.909530520439148,0.6336158514022827,0.9547221565873164
Gemma4-E4B,answer_query,40,200,20,group_fold_3,knn5_distance,160,40,0.8077264346708821,0.9141240655506184,0.9144712344206598
Gemma4-E4B,answer_query,40,200,20,group_fold_4,ridge,160,40,0.8497313857078552,0.8478971719741821,0.9583485904065108
Gemma4-E4B,answer_query,40,200,20,group_fold_4,knn5_distance,160,40,0.8096070136508614,0.9380696151692585,0.9314925401710703
Gemma4-E4B,answer_query,41,200,20,group_fold_0,ridge,160,40,0.8281660079956055,0.916581928730011,0.9150193677621993
Gemma4-E4B,answer_query,41,200,20,group_fold_0,knn5_distance,160,40,0.6842580822357345,1.0304623192666011,0.87330471323277
Gemma4-E4B,answer_query,41,200,20,group_fold_1,ridge,160,40,0.9282596707344055,0.6109862923622131,0.9711828827311775
Gemma4-E4B,answer_query,41,200,20,group_fold_1,knn5_distance,160,40,0.7464283748888201,0.9583740214257,0.9060598700102249
Gemma4-E4B,answer_query,41,200,20,group_fold_2,ridge,160,40,0.8420917987823486,0.7771332859992981,0.9424219082666607
Gemma4-E4B,answer_query,41,200,20,group_fold_2,knn5_distance,160,40,0.8679587344284717,0.7007454443425527,0.945666084871027
Gemma4-E4B,answer_query,41,200,20,group_fold_3,ridge,160,40,0.9293776750564575,0.5644873380661011,0.965256579314745
Gemma4-E4B,answer_query,41,200,20,group_fold_3,knn5_distance,160,40,0.8307593227276487,0.7916138463325806,0.9129481470896645
Gemma4-E4B,answer_query,41,200,20,group_fold_4,ridge,160,40,0.829541802406311,0.9097089767456055,0.9497288865897897
Gemma4-E4B,answer_query,41,200,20,group_fold_4,knn5_distance,160,40,0.8686099293758661,0.7805140174444333,0.9466546445076074
