family,model,mode,target,N,L,observed,prediction,parsed_n,candidate,residual
Direct,GLM-4-9B-0414,direct,absolute_error,1,2000,0.0,-1.6214575592976126,10,N_lnL_interaction,1.6214575592976126
Direct,GLM-4-9B-0414,direct,absolute_error,1,3000,0.0,-1.5721936908924057,10,N_lnL_interaction,1.5721936908924057
Direct,GLM-4-9B-0414,direct,absolute_error,1,5000,0.0,-1.5101285567933644,10,N_lnL_interaction,1.5101285567933644
Direct,GLM-4-9B-0414,direct,absolute_error,1,10000,0.0,-1.4259114174990106,10,N_lnL_interaction,1.4259114174990106
Direct,GLM-4-9B-0414,direct,absolute_error,1,20000,0.3,-1.3416942782046568,10,N_lnL_interaction,1.6416942782046569
Direct,GLM-4-9B-0414,direct,absolute_error,2,2000,0.0,-0.8269231903925209,10,N_lnL_interaction,0.8269231903925209
Direct,GLM-4-9B-0414,direct,absolute_error,2,3000,0.0,-0.7781763373813373,10,N_lnL_interaction,0.7781763373813373
Direct,GLM-4-9B-0414,direct,absolute_error,2,5000,0.0,-0.7167625656458313,10,N_lnL_interaction,0.7167625656458313
Direct,GLM-4-9B-0414,direct,absolute_error,2,10000,0.3,-0.6334292700053628,10,N_lnL_interaction,0.9334292700053628
Direct,GLM-4-9B-0414,direct,absolute_error,2,20000,0.3,-0.5500959743648943,10,N_lnL_interaction,0.8500959743648944
Direct,GLM-4-9B-0414,direct,absolute_error,3,2000,0.1,-0.0323888214874283,10,N_lnL_interaction,0.1323888214874283
Direct,GLM-4-9B-0414,direct,absolute_error,3,3000,0.2,0.01584101612973221,10,N_lnL_interaction,0.1841589838702678
Direct,GLM-4-9B-0414,direct,absolute_error,3,5000,0.5,0.07660342550170256,10,N_lnL_interaction,0.42339657449829743
Direct,GLM-4-9B-0414,direct,absolute_error,3,10000,0.4,0.15905287748828617,10,N_lnL_interaction,0.24094712251171385
Direct,GLM-4-9B-0414,direct,absolute_error,3,20000,0.5,0.24150232947486944,10,N_lnL_interaction,0.25849767052513056
Direct,GLM-4-9B-0414,direct,absolute_error,4,2000,0.4,0.762145547417664,10,N_lnL_interaction,-0.362145547417664
Direct,GLM-4-9B-0414,direct,absolute_error,4,3000,0.7,0.8098583696408014,10,N_lnL_interaction,-0.10985836964080142
Direct,GLM-4-9B-0414,direct,absolute_error,4,5000,1.0,0.8699694166492364,10,N_lnL_interaction,0.13003058335076356
Direct,GLM-4-9B-0414,direct,absolute_error,4,10000,1.0,0.9515350249819348,10,N_lnL_interaction,0.04846497501806524
Direct,GLM-4-9B-0414,direct,absolute_error,4,20000,0.5,1.0331006333146329,10,N_lnL_interaction,-0.5331006333146329
Direct,GLM-4-9B-0414,direct,absolute_error,5,2000,0.8,1.5566799163227558,10,N_lnL_interaction,-0.7566799163227558
Direct,GLM-4-9B-0414,direct,absolute_error,5,3000,1.1,1.60387572315187,10,N_lnL_interaction,-0.50387572315187
Direct,GLM-4-9B-0414,direct,absolute_error,5,5000,1.3,1.6633354077967695,10,N_lnL_interaction,-0.3633354077967694
Direct,GLM-4-9B-0414,direct,absolute_error,5,10000,1.4,1.7440171724755824,10,N_lnL_interaction,-0.3440171724755825
Direct,GLM-4-9B-0414,direct,absolute_error,5,20000,1.0,1.8246989371543958,10,N_lnL_interaction,-0.8246989371543958
Direct,GLM-4-9B-0414,direct,absolute_error,6,2000,1.3,2.351214285227848,10,N_lnL_interaction,-1.051214285227848
Direct,GLM-4-9B-0414,direct,absolute_error,6,3000,1.7,2.3978930766629394,10,N_lnL_interaction,-0.6978930766629394
Direct,GLM-4-9B-0414,direct,absolute_error,6,5000,2.0,2.456701398944303,10,N_lnL_interaction,-0.45670139894430317
Direct,GLM-4-9B-0414,direct,absolute_error,6,10000,2.5,2.5364993199692316,10,N_lnL_interaction,-0.036499319969231614
Direct,GLM-4-9B-0414,direct,absolute_error,6,20000,1.6,2.616297240994159,10,N_lnL_interaction,-1.016297240994159
Direct,GLM-4-9B-0414,direct,absolute_error,8,2000,2.7,3.9402830230380324,10,N_lnL_interaction,-1.2402830230380322
Direct,GLM-4-9B-0414,direct,absolute_error,8,3000,3.1,3.985927783685077,10,N_lnL_interaction,-0.885927783685077
Direct,GLM-4-9B-0414,direct,absolute_error,8,5000,3.6,4.04343338123937,10,N_lnL_interaction,-0.44343338123937004
Direct,GLM-4-9B-0414,direct,absolute_error,8,10000,3.7,4.121463614956528,10,N_lnL_interaction,-0.4214636149565276
Direct,GLM-4-9B-0414,direct,absolute_error,8,20000,3.1,4.1994938486736855,10,N_lnL_interaction,-1.0994938486736854
Direct,GLM-4-9B-0414,direct,absolute_error,10,2000,4.3,5.529351760848217,10,N_lnL_interaction,-1.2293517608482167
Direct,GLM-4-9B-0414,direct,absolute_error,10,3000,4.4,5.573962490707215,10,N_lnL_interaction,-1.1739624907072148
Direct,GLM-4-9B-0414,direct,absolute_error,10,5000,5.0,5.630165363534437,10,N_lnL_interaction,-0.6301653635344371
Direct,GLM-4-9B-0414,direct,absolute_error,10,10000,5.5,5.706427909943825,10,N_lnL_interaction,-0.20642790994382487
Direct,GLM-4-9B-0414,direct,absolute_error,10,20000,4.3,5.782690456353212,10,N_lnL_interaction,-1.482690456353212
Direct,GLM-4-9B-0414,direct,absolute_error,20,2000,13.0,13.47469544989914,10,N_lnL_interaction,-0.4746954498991407
Direct,GLM-4-9B-0414,direct,absolute_error,20,3000,13.2,13.514136025817908,10,N_lnL_interaction,-0.3141360258179091
Direct,GLM-4-9B-0414,direct,absolute_error,20,5000,13.8,13.563825275009773,10,N_lnL_interaction,0.23617472499022796
Direct,GLM-4-9B-0414,direct,absolute_error,20,10000,14.4,13.63124938488031,10,N_lnL_interaction,0.768750615119691
Direct,GLM-4-9B-0414,direct,absolute_error,20,20000,11.5,13.698673494750846,10,N_lnL_interaction,-2.198673494750846
Direct,GLM-4-9B-0414,direct,absolute_error,30,2000,21.3,21.420039138950063,10,N_lnL_interaction,-0.12003913895006235
Direct,GLM-4-9B-0414,direct,absolute_error,30,3000,22.5,21.4543095609286,10,N_lnL_interaction,1.0456904390714001
Direct,GLM-4-9B-0414,direct,absolute_error,30,5000,22.8,21.497485186485108,10,N_lnL_interaction,1.3025148135148932
Direct,GLM-4-9B-0414,direct,absolute_error,30,10000,23.4,21.556070859816792,10,N_lnL_interaction,1.8439291401832065
Direct,GLM-4-9B-0414,direct,absolute_error,30,20000,22.1,21.61465653314848,10,N_lnL_interaction,0.4853434668515213
Direct,Gemma4-12B,direct,absolute_error,1,2000,0.0,-0.5736396816318697,10,N_lnL_interaction,0.5736396816318697
Direct,Gemma4-12B,direct,absolute_error,1,3000,0.0,-0.6456047198806101,10,N_lnL_interaction,0.6456047198806101
Direct,Gemma4-12B,direct,absolute_error,1,5000,0.0,-0.7362699456118197,10,N_lnL_interaction,0.7362699456118197
Direct,Gemma4-12B,direct,absolute_error,1,10000,0.0,-0.8592949910805803,10,N_lnL_interaction,0.8592949910805803
Direct,Gemma4-12B,direct,absolute_error,1,20000,0.0,-0.982320036549341,10,N_lnL_interaction,0.982320036549341
Direct,Gemma4-12B,direct,absolute_error,2,2000,0.0,-0.36442098760246056,10,N_lnL_interaction,0.36442098760246056
Direct,Gemma4-12B,direct,absolute_error,2,3000,0.0,-0.38614776249980215,10,N_lnL_interaction,0.38614776249980215
Direct,Gemma4-12B,direct,absolute_error,2,5000,0.0,-0.41352026168016787,10,N_lnL_interaction,0.41352026168016787
Direct,Gemma4-12B,direct,absolute_error,2,10000,0.1,-0.4506624286918243,10,N_lnL_interaction,0.5506624286918244
Direct,Gemma4-12B,direct,absolute_error,2,20000,0.1,-0.4878045957034809,10,N_lnL_interaction,0.5878045957034809
Direct,Gemma4-12B,direct,absolute_error,3,2000,0.0,-0.15520229357305157,10,N_lnL_interaction,0.15520229357305157
Direct,Gemma4-12B,direct,absolute_error,3,3000,0.0,-0.12669080511899417,10,N_lnL_interaction,0.12669080511899417
Direct,Gemma4-12B,direct,absolute_error,3,5000,0.0,-0.0907705777485162,10,N_lnL_interaction,0.0907705777485162
Direct,Gemma4-12B,direct,absolute_error,3,10000,0.0,-0.042029866303068285,10,N_lnL_interaction,0.042029866303068285
Direct,Gemma4-12B,direct,absolute_error,3,20000,0.0,0.006710845142379696,10,N_lnL_interaction,-0.006710845142379696
Direct,Gemma4-12B,direct,absolute_error,4,2000,0.1,0.054016400456357604,10,N_lnL_interaction,0.0459835995436424
Direct,Gemma4-12B,direct,absolute_error,4,3000,0.0,0.1327661522618137,10,N_lnL_interaction,-0.1327661522618137
Direct,Gemma4-12B,direct,absolute_error,4,5000,0.1,0.23197910618313583,10,N_lnL_interaction,-0.13197910618313582
Direct,Gemma4-12B,direct,absolute_error,4,10000,0.1,0.3666026960856879,10,N_lnL_interaction,-0.2666026960856879
Direct,Gemma4-12B,direct,absolute_error,4,20000,0.0,0.5012262859882402,10,N_lnL_interaction,-0.5012262859882402
Direct,Gemma4-12B,direct,absolute_error,5,2000,0.2,0.26323509448576643,10,N_lnL_interaction,-0.06323509448576642
Direct,Gemma4-12B,direct,absolute_error,5,3000,0.1,0.39222310964262147,10,N_lnL_interaction,-0.29222310964262144
Direct,Gemma4-12B,direct,absolute_error,5,5000,0.4,0.5547287901147875,10,N_lnL_interaction,-0.15472879011478746
Direct,Gemma4-12B,direct,absolute_error,5,10000,0.8,0.7752352584744442,10,N_lnL_interaction,0.024764741525555856
Direct,Gemma4-12B,direct,absolute_error,5,20000,0.8,0.9957417268341004,10,N_lnL_interaction,-0.1957417268341004
Direct,Gemma4-12B,direct,absolute_error,6,2000,0.4,0.4724537885151756,10,N_lnL_interaction,-0.07245378851517559
Direct,Gemma4-12B,direct,absolute_error,6,3000,0.4,0.6516800670234294,10,N_lnL_interaction,-0.2516800670234294
Direct,Gemma4-12B,direct,absolute_error,6,5000,0.6,0.8774784740464392,10,N_lnL_interaction,-0.2774784740464392
Direct,Gemma4-12B,direct,absolute_error,6,10000,0.8,1.1838678208632003,10,N_lnL_interaction,-0.38386782086320026
Direct,Gemma4-12B,direct,absolute_error,6,20000,1.3,1.490257167679961,10,N_lnL_interaction,-0.19025716767996093
Direct,Gemma4-12B,direct,absolute_error,8,2000,0.5,0.8908911765739937,10,N_lnL_interaction,-0.39089117657399375
Direct,Gemma4-12B,direct,absolute_error,8,3000,0.6,1.170593981785045,10,N_lnL_interaction,-0.5705939817850451
Direct,Gemma4-12B,direct,absolute_error,8,5000,0.8,1.5229778419097428,10,N_lnL_interaction,-0.7229778419097428
Direct,Gemma4-12B,direct,absolute_error,8,10000,1.4,2.0011329456407125,10,N_lnL_interaction,-0.6011329456407126
Direct,Gemma4-12B,direct,absolute_error,8,20000,2.1,2.4792880493716813,10,N_lnL_interaction,-0.37928804937168126
Direct,Gemma4-12B,direct,absolute_error,10,2000,1.2,1.3093285646328117,10,N_lnL_interaction,-0.10932856463281171
Direct,Gemma4-12B,direct,absolute_error,10,3000,1.1,1.689507896546661,10,N_lnL_interaction,-0.5895078965466609
Direct,Gemma4-12B,direct,absolute_error,10,5000,1.4,2.1684772097730467,10,N_lnL_interaction,-0.7684772097730468
Direct,Gemma4-12B,direct,absolute_error,10,10000,2.1,2.818398070418225,10,N_lnL_interaction,-0.7183980704182251
Direct,Gemma4-12B,direct,absolute_error,10,20000,2.9,3.468318931063402,10,N_lnL_interaction,-0.568318931063402
Direct,Gemma4-12B,direct,absolute_error,20,2000,3.2,3.401515504926902,10,N_lnL_interaction,-0.20151550492690173
Direct,Gemma4-12B,direct,absolute_error,20,3000,4.0,4.28407747035474,10,N_lnL_interaction,-0.28407747035473996
Direct,Gemma4-12B,direct,absolute_error,20,5000,5.2,5.395974049089565,10,N_lnL_interaction,-0.19597404908956495
Direct,Gemma4-12B,direct,absolute_error,20,10000,7.1,6.904723694305787,10,N_lnL_interaction,0.19527630569421284
Direct,Gemma4-12B,direct,absolute_error,20,20000,8.8,8.413473339522005,10,N_lnL_interaction,0.3865266604779958
Direct,Gemma4-12B,direct,absolute_error,30,2000,6.3,5.493702445220992,10,N_lnL_interaction,0.8062975547790074
Direct,Gemma4-12B,direct,absolute_error,30,3000,6.7,6.878647044162818,10,N_lnL_interaction,-0.17864704416281807
Direct,Gemma4-12B,direct,absolute_error,30,5000,9.2,8.623470888406084,10,N_lnL_interaction,0.5765291115939153
Direct,Gemma4-12B,direct,absolute_error,30,10000,11.6,10.991049318193348,10,N_lnL_interaction,0.6089506818066521
Direct,Gemma4-12B,direct,absolute_error,30,20000,13.4,13.358627747980611,10,N_lnL_interaction,0.04137225201938932
Direct,Gemma4-E4B,direct,absolute_error,1,2000,0.0,0.01862060856755971,9,N_lnL_interaction,-0.01862060856755971
Direct,Gemma4-E4B,direct,absolute_error,1,3000,0.0,-0.14769475932269183,8,N_lnL_interaction,0.14769475932269183
Direct,Gemma4-E4B,direct,absolute_error,1,5000,0.0,-0.36439607307389266,9,N_lnL_interaction,0.36439607307389266
Direct,Gemma4-E4B,direct,absolute_error,1,10000,0.2,-0.6515220788796402,10,N_lnL_interaction,0.8515220788796403
Direct,Gemma4-E4B,direct,absolute_error,1,20000,0.125,-0.9414573861473228,8,N_lnL_interaction,1.0664573861473228
Direct,Gemma4-E4B,direct,absolute_error,2,2000,0.0,0.1749598281319058,2,N_lnL_interaction,-0.1749598281319058
Direct,Gemma4-E4B,direct,absolute_error,2,3000,0.0,0.054467609584585186,4,N_lnL_interaction,-0.054467609584585186
Direct,Gemma4-E4B,direct,absolute_error,2,5000,0.2857142857142857,-0.07001807258638548,7,N_lnL_interaction,0.3557323583006712
Direct,Gemma4-E4B,direct,absolute_error,2,10000,0.4444444444444444,-0.23437042108889042,9,N_lnL_interaction,0.6788148655333348
Direct,Gemma4-E4B,direct,absolute_error,2,20000,0.4444444444444444,-0.3977041282749199,9,N_lnL_interaction,0.8421485727193643
Direct,Gemma4-E4B,direct,absolute_error,3,2000,0.0,0.23945933132159425,3,N_lnL_interaction,-0.23945933132159425
Direct,Gemma4-E4B,direct,absolute_error,3,3000,0.2857142857142857,0.24562107047018872,7,N_lnL_interaction,0.04009321524409698
Direct,Gemma4-E4B,direct,absolute_error,3,5000,0.0,0.22980114421885203,6,N_lnL_interaction,-0.22980114421885203
Direct,Gemma4-E4B,direct,absolute_error,3,10000,0.0,0.18720809159424145,8,N_lnL_interaction,-0.18720809159424145
Direct,Gemma4-E4B,direct,absolute_error,3,20000,0.25,0.15034739653462442,8,N_lnL_interaction,0.09965260346537558
Direct,Gemma4-E4B,direct,absolute_error,4,2000,0.3333333333333333,0.3796565191494207,3,N_lnL_interaction,-0.04632318581608741
Direct,Gemma4-E4B,direct,absolute_error,4,3000,0.2,0.45881599901056325,5,N_lnL_interaction,-0.25881599901056324
Direct,Gemma4-E4B,direct,absolute_error,4,5000,0.2,0.5158827604485536,5,N_lnL_interaction,-0.3158827604485536
Direct,Gemma4-E4B,direct,absolute_error,4,10000,0.375,0.606533047298783,8,N_lnL_interaction,-0.231533047298783
Direct,Gemma4-E4B,direct,absolute_error,4,20000,0.25,0.6962497878755979,8,N_lnL_interaction,-0.4462497878755979
Direct,Gemma4-E4B,direct,absolute_error,5,2000,1.0,0.5033013417260037,2,N_lnL_interaction,0.4966986582739963
Direct,Gemma4-E4B,direct,absolute_error,5,3000,0.3333333333333333,0.6590063508433097,3,N_lnL_interaction,-0.3256730175099764
Direct,Gemma4-E4B,direct,absolute_error,5,5000,0.5,0.8091640982032584,6,N_lnL_interaction,-0.3091640982032584
Direct,Gemma4-E4B,direct,absolute_error,5,10000,1.0,1.029049277144235,9,N_lnL_interaction,-0.029049277144234997
Direct,Gemma4-E4B,direct,absolute_error,5,20000,0.7777777777777778,1.246832402173344,9,N_lnL_interaction,-0.4690546243955661
Direct,Gemma4-E4B,direct,absolute_error,6,2000,1.0,0.6295536427168569,2,N_lnL_interaction,0.3704463572831431
Direct,Gemma4-E4B,direct,absolute_error,6,3000,1.0,0.8563853768273584,2,N_lnL_interaction,0.14361462317264162
Direct,Gemma4-E4B,direct,absolute_error,6,5000,0.6666666666666666,1.1029333346869126,6,N_lnL_interaction,-0.43626666802024594
Direct,Gemma4-E4B,direct,absolute_error,6,10000,1.375,1.4451829587078655,8,N_lnL_interaction,-0.0701829587078655
Direct,Gemma4-E4B,direct,absolute_error,6,20000,1.2222222222222223,1.7926143304918571,9,N_lnL_interaction,-0.5703921082696348
Direct,Gemma4-E4B,direct,absolute_error,8,2000,2.0,0.8581927191124139,1,N_lnL_interaction,1.141807280887586
Direct,Gemma4-E4B,direct,absolute_error,8,3000,1.3333333333333333,1.2552078333247174,3,N_lnL_interaction,0.07812550000861584
Direct,Gemma4-E4B,direct,absolute_error,8,5000,1.3333333333333333,1.6790250250807812,3,N_lnL_interaction,-0.34569169174744796
Direct,Gemma4-E4B,direct,absolute_error,8,10000,2.0,2.287463091548902,9,N_lnL_interaction,-0.28746309154890204
Direct,Gemma4-E4B,direct,absolute_error,8,20000,1.8888888888888888,2.8841781871288834,9,N_lnL_interaction,-0.9952892982399946
Direct,Gemma4-E4B,direct,absolute_error,10,2000,0.6666666666666666,1.1920314103799623,3,N_lnL_interaction,-0.5253647437132957
Direct,Gemma4-E4B,direct,absolute_error,10,3000,1.8,1.654505439485387,5,N_lnL_interaction,0.14549456051461296
Direct,Gemma4-E4B,direct,absolute_error,10,5000,2.0,2.295489885408072,5,N_lnL_interaction,-0.2954898854080721
Direct,Gemma4-E4B,direct,absolute_error,10,10000,2.875,3.1225712912605643,8,N_lnL_interaction,-0.24757129126056432
Direct,Gemma4-E4B,direct,absolute_error,10,20000,3.4444444444444446,3.97574204376591,9,N_lnL_interaction,-0.5312975993214653
Direct,Gemma4-E4B,direct,absolute_error,20,2000,2.2,2.4058907067388353,5,N_lnL_interaction,-0.20589070673883514
Direct,Gemma4-E4B,direct,absolute_error,20,3000,3.375,3.653038235379892,8,N_lnL_interaction,-0.27803823537989203
Direct,Gemma4-E4B,direct,absolute_error,20,5000,4.888888888888889,5.214339067835082,9,N_lnL_interaction,-0.325450178946193
Direct,Gemma4-E4B,direct,absolute_error,20,10000,8.2,7.3257059665366615,10,N_lnL_interaction,0.8742940334633378
Direct,Gemma4-E4B,direct,absolute_error,20,20000,9.11111111111111,9.433561326951041,9,N_lnL_interaction,-0.3224502158399307
Direct,Gemma4-E4B,direct,absolute_error,30,2000,3.8333333333333335,3.612322184194543,6,N_lnL_interaction,0.2210111491387905
Direct,Gemma4-E4B,direct,absolute_error,30,3000,5.857142857142857,5.653792098815207,7,N_lnL_interaction,0.20335075832764993
Direct,Gemma4-E4B,direct,absolute_error,30,5000,7.888888888888889,8.147817366499034,9,N_lnL_interaction,-0.25892847761014437
Direct,Gemma4-E4B,direct,absolute_error,30,10000,12.3,11.524247043071556,10,N_lnL_interaction,0.7757529569284447
Direct,Gemma4-E4B,direct,absolute_error,30,20000,15.0,14.896119374532853,10,N_lnL_interaction,0.10388062546714671
Direct,Qwen3-1.7B,direct,absolute_error,1,2000,0.0,0.5872076266123627,10,N_lnL_interaction,-0.5872076266123627
Direct,Qwen3-1.7B,direct,absolute_error,1,3000,1.3,1.4210192774253791,10,N_lnL_interaction,-0.1210192774253791
Direct,Qwen3-1.7B,direct,absolute_error,1,5000,0.0,2.4714977233198785,10,N_lnL_interaction,-2.4714977233198785
Direct,Qwen3-1.7B,direct,absolute_error,1,10000,1.4,3.8969081552451272,10,N_lnL_interaction,-2.4969081552451273
Direct,Qwen3-1.7B,direct,absolute_error,1,20000,6.2,5.322318587170374,10,N_lnL_interaction,0.8776814128296264
Direct,Qwen3-1.7B,direct,absolute_error,2,2000,0.5,0.8223010518305246,10,N_lnL_interaction,-0.3223010518305246
Direct,Qwen3-1.7B,direct,absolute_error,2,3000,0.8,1.7268647214974053,10,N_lnL_interaction,-0.9268647214974053
Direct,Qwen3-1.7B,direct,absolute_error,2,5000,3.7,2.8664801694199227,10,N_lnL_interaction,0.8335198305800775
Direct,Qwen3-1.7B,direct,absolute_error,2,10000,1.6,4.412841976461762,10,N_lnL_interaction,-2.8128419764617623
Direct,Qwen3-1.7B,direct,absolute_error,2,20000,16.8,5.959203783503601,10,N_lnL_interaction,10.8407962164964
Direct,Qwen3-1.7B,direct,absolute_error,3,2000,1.4,1.0573944770486865,10,N_lnL_interaction,0.3426055229513134
Direct,Qwen3-1.7B,direct,absolute_error,3,3000,2.1,2.0327101655694313,10,N_lnL_interaction,0.0672898344305688
Direct,Qwen3-1.7B,direct,absolute_error,3,5000,3.6,3.2614626155199664,10,N_lnL_interaction,0.3385373844800337
Direct,Qwen3-1.7B,direct,absolute_error,3,10000,5.3,4.928775797678399,10,N_lnL_interaction,0.371224202321601
Direct,Qwen3-1.7B,direct,absolute_error,3,20000,7.2,6.5960889798368285,10,N_lnL_interaction,0.6039110201631717
Direct,Qwen3-1.7B,direct,absolute_error,4,2000,2.7,1.2924879022668485,10,N_lnL_interaction,1.4075120977331517
Direct,Qwen3-1.7B,direct,absolute_error,4,3000,2.6,2.3385556096414573,10,N_lnL_interaction,0.26144439035854283
Direct,Qwen3-1.7B,direct,absolute_error,4,5000,4.1,3.656445061620012,10,N_lnL_interaction,0.4435549383799877
Direct,Qwen3-1.7B,direct,absolute_error,4,10000,7.6,5.444709618895034,10,N_lnL_interaction,2.1552903811049653
Direct,Qwen3-1.7B,direct,absolute_error,4,20000,7.6,7.232974176170056,10,N_lnL_interaction,0.36702582382994375
Direct,Qwen3-1.7B,direct,absolute_error,5,2000,2.9,1.52758132748501,10,N_lnL_interaction,1.3724186725149898
Direct,Qwen3-1.7B,direct,absolute_error,5,3000,2.3,2.6444010537134828,10,N_lnL_interaction,-0.34440105371348295
Direct,Qwen3-1.7B,direct,absolute_error,5,5000,4.5,4.051427507720055,10,N_lnL_interaction,0.4485724922799452
Direct,Qwen3-1.7B,direct,absolute_error,5,10000,7.2,5.96064344011167,10,N_lnL_interaction,1.2393565598883303
Direct,Qwen3-1.7B,direct,absolute_error,5,20000,7.3,7.869859372503282,10,N_lnL_interaction,-0.5698593725032826
Direct,Qwen3-1.7B,direct,absolute_error,6,2000,3.4,1.7626747527031725,10,N_lnL_interaction,1.6373252472968274
Direct,Qwen3-1.7B,direct,absolute_error,6,3000,3.5,2.9502464977855087,10,N_lnL_interaction,0.5497535022144913
Direct,Qwen3-1.7B,direct,absolute_error,6,5000,4.0,4.446409953820099,10,N_lnL_interaction,-0.4464099538200994
Direct,Qwen3-1.7B,direct,absolute_error,6,10000,8.0,6.476577261328306,10,N_lnL_interaction,1.5234227386716936
Direct,Qwen3-1.7B,direct,absolute_error,6,20000,6.3,8.50674456883651,10,N_lnL_interaction,-2.20674456883651
Direct,Qwen3-1.7B,direct,absolute_error,8,2000,2.4,2.2328616031394963,10,N_lnL_interaction,0.16713839686050358
Direct,Qwen3-1.7B,direct,absolute_error,8,3000,3.5,3.5619373859295607,10,N_lnL_interaction,-0.06193738592956066
Direct,Qwen3-1.7B,direct,absolute_error,8,5000,3.6,5.236374846020189,10,N_lnL_interaction,-1.6363748460201886
Direct,Qwen3-1.7B,direct,absolute_error,8,10000,4.9,7.508444903761578,10,N_lnL_interaction,-2.608444903761578
Direct,Qwen3-1.7B,direct,absolute_error,8,20000,5.5,9.780514961502965,10,N_lnL_interaction,-4.2805149615029645
Direct,Qwen3-1.7B,direct,absolute_error,10,2000,3.0,2.70304845357582,10,N_lnL_interaction,0.2969515464241801
Direct,Qwen3-1.7B,direct,absolute_error,10,3000,2.6,4.173628274073613,10,N_lnL_interaction,-1.5736282740736125
Direct,Qwen3-1.7B,direct,absolute_error,10,5000,2.7,6.026339738220278,10,N_lnL_interaction,-3.3263397382202777
Direct,Qwen3-1.7B,direct,absolute_error,10,10000,11.8,8.54031254619485,10,N_lnL_interaction,3.2596874538051512
Direct,Qwen3-1.7B,direct,absolute_error,10,20000,1.4,11.05428535416942,10,N_lnL_interaction,-9.654285354169419
Direct,Qwen3-1.7B,direct,absolute_error,20,2000,7.1,5.05398270575744,10,N_lnL_interaction,2.04601729424256
Direct,Qwen3-1.7B,direct,absolute_error,20,3000,7.3,7.232082714793871,10,N_lnL_interaction,0.0679172852061285
Direct,Qwen3-1.7B,direct,absolute_error,20,5000,8.5,9.976164199220722,10,N_lnL_interaction,-1.4761641992207224
Direct,Qwen3-1.7B,direct,absolute_error,20,10000,15.8,13.69965075836121,10,N_lnL_interaction,2.1003492416387903
Direct,Qwen3-1.7B,direct,absolute_error,20,20000,23.2,17.42313731750169,10,N_lnL_interaction,5.776862682498308
Direct,Qwen3-1.7B,direct,absolute_error,30,2000,7.8,7.404916957939058,10,N_lnL_interaction,0.3950830420609419
Direct,Qwen3-1.7B,direct,absolute_error,30,3000,8.8,10.29053715551413,10,N_lnL_interaction,-1.4905371555141294
Direct,Qwen3-1.7B,direct,absolute_error,30,5000,13.1,13.925988660221165,10,N_lnL_interaction,-0.8259886602211655
Direct,Qwen3-1.7B,direct,absolute_error,30,10000,19.7,18.85898897052757,10,N_lnL_interaction,0.8410110294724298
Direct,Qwen3-1.7B,direct,absolute_error,30,20000,23.4,23.791989280833967,10,N_lnL_interaction,-0.3919892808339682
Direct,Qwen3-32B,direct,absolute_error,1,2000,0.0,-0.5677609281561105,10,N_lnL_interaction,0.5677609281561105
Direct,Qwen3-32B,direct,absolute_error,1,3000,0.0,-0.5889606493496526,10,N_lnL_interaction,0.5889606493496526
Direct,Qwen3-32B,direct,absolute_error,1,5000,0.0,-0.6156691393918277,10,N_lnL_interaction,0.6156691393918277
Direct,Qwen3-32B,direct,absolute_error,1,10000,0.0,-0.6519103021456908,10,N_lnL_interaction,0.6519103021456908
Direct,Qwen3-32B,direct,absolute_error,1,20000,0.0,-0.6881514648995539,10,N_lnL_interaction,0.6881514648995539
Direct,Qwen3-32B,direct,absolute_error,2,2000,0.0,-0.3302091508072745,10,N_lnL_interaction,0.3302091508072745
Direct,Qwen3-32B,direct,absolute_error,2,3000,0.0,-0.33660942351703005,10,N_lnL_interaction,0.33660942351703005
Direct,Qwen3-32B,direct,absolute_error,2,5000,0.0,-0.34467281351990353,10,N_lnL_interaction,0.34467281351990353
Direct,Qwen3-32B,direct,absolute_error,2,10000,0.0,-0.3556141519849594,10,N_lnL_interaction,0.3556141519849594
Direct,Qwen3-32B,direct,absolute_error,2,20000,0.0,-0.36655549045001523,10,N_lnL_interaction,0.36655549045001523
Direct,Qwen3-32B,direct,absolute_error,3,2000,0.0,-0.09265737345843852,10,N_lnL_interaction,0.09265737345843852
Direct,Qwen3-32B,direct,absolute_error,3,3000,0.0,-0.08425819768440745,10,N_lnL_interaction,0.08425819768440745
Direct,Qwen3-32B,direct,absolute_error,3,5000,0.0,-0.07367648764797943,10,N_lnL_interaction,0.07367648764797943
Direct,Qwen3-32B,direct,absolute_error,3,10000,0.0,-0.05931800182422784,10,N_lnL_interaction,0.05931800182422784
Direct,Qwen3-32B,direct,absolute_error,3,20000,0.6,-0.04495951600047625,10,N_lnL_interaction,0.6449595160004762
Direct,Qwen3-32B,direct,absolute_error,4,2000,0.0,0.1448944038903976,10,N_lnL_interaction,-0.1448944038903976
Direct,Qwen3-32B,direct,absolute_error,4,3000,0.0,0.16809302814821522,10,N_lnL_interaction,-0.16809302814821522
Direct,Qwen3-32B,direct,absolute_error,4,5000,0.1,0.1973198382239449,10,N_lnL_interaction,-0.09731983822394488
Direct,Qwen3-32B,direct,absolute_error,4,10000,0.0,0.23697814833650366,10,N_lnL_interaction,-0.23697814833650366
Direct,Qwen3-32B,direct,absolute_error,4,20000,0.3,0.2766364584490627,10,N_lnL_interaction,0.023363541550937283
Direct,Qwen3-32B,direct,absolute_error,5,2000,0.1,0.3824461812392334,10,N_lnL_interaction,-0.2824461812392334
Direct,Qwen3-32B,direct,absolute_error,5,3000,0.1,0.4204442539808377,10,N_lnL_interaction,-0.32044425398083765
Direct,Qwen3-32B,direct,absolute_error,5,5000,0.1,0.46831616409586874,10,N_lnL_interaction,-0.36831616409586876
Direct,Qwen3-32B,direct,absolute_error,5,10000,0.2,0.5332742984972352,10,N_lnL_interaction,-0.33327429849723517
Direct,Qwen3-32B,direct,absolute_error,5,20000,0.4,0.5982324328986013,10,N_lnL_interaction,-0.19823243289860126
Direct,Qwen3-32B,direct,absolute_error,6,2000,0.3,0.6199979585880696,10,N_lnL_interaction,-0.3199979585880696
Direct,Qwen3-32B,direct,absolute_error,6,3000,0.4,0.6727954798134603,10,N_lnL_interaction,-0.2727954798134603
Direct,Qwen3-32B,direct,absolute_error,6,5000,0.0,0.739312489967793,10,N_lnL_interaction,-0.739312489967793
Direct,Qwen3-32B,direct,absolute_error,6,10000,0.3,0.8295704486579666,10,N_lnL_interaction,-0.5295704486579667
Direct,Qwen3-32B,direct,absolute_error,6,20000,0.9,0.9198284073481403,10,N_lnL_interaction,-0.019828407348140287
Direct,Qwen3-32B,direct,absolute_error,8,2000,1.0,1.0951015132857416,10,N_lnL_interaction,-0.09510151328574157
Direct,Qwen3-32B,direct,absolute_error,8,3000,0.9,1.1774979314787055,10,N_lnL_interaction,-0.2774979314787055
Direct,Qwen3-32B,direct,absolute_error,8,5000,0.6,1.2813051417116412,10,N_lnL_interaction,-0.6813051417116412
Direct,Qwen3-32B,direct,absolute_error,8,10000,0.9,1.4221627489794297,10,N_lnL_interaction,-0.5221627489794297
Direct,Qwen3-32B,direct,absolute_error,8,20000,1.6,1.5630203562472178,10,N_lnL_interaction,0.03697964375278229
Direct,Qwen3-32B,direct,absolute_error,10,2000,1.8,1.5702050679834136,10,N_lnL_interaction,0.2297949320165864
Direct,Qwen3-32B,direct,absolute_error,10,3000,1.6,1.6822003831439507,10,N_lnL_interaction,-0.08220038314395062
Direct,Qwen3-32B,direct,absolute_error,10,5000,0.8,1.8232977934554895,10,N_lnL_interaction,-1.0232977934554894
Direct,Qwen3-32B,direct,absolute_error,10,10000,1.0,2.0147550493008928,10,N_lnL_interaction,-1.0147550493008928
Direct,Qwen3-32B,direct,absolute_error,10,20000,1.8,2.2062123051462956,10,N_lnL_interaction,-0.4062123051462956
Direct,Qwen3-32B,direct,absolute_error,20,2000,4.8,3.945722841471774,10,N_lnL_interaction,0.8542771585282258
Direct,Qwen3-32B,direct,absolute_error,20,3000,5.6,4.205712641470177,10,N_lnL_interaction,1.394287358529823
Direct,Qwen3-32B,direct,absolute_error,20,5000,4.1,4.533261052174732,10,N_lnL_interaction,-0.433261052174732
Direct,Qwen3-32B,direct,absolute_error,20,10000,4.5,4.977716550908207,10,N_lnL_interaction,-0.4777165509082071
Direct,Qwen3-32B,direct,absolute_error,20,20000,5.5,5.422172049641684,10,N_lnL_interaction,0.07782795035831569
Direct,Qwen3-32B,direct,absolute_error,30,2000,6.4,6.321240614960134,10,N_lnL_interaction,0.07875938503986646
Direct,Qwen3-32B,direct,absolute_error,30,3000,8.2,6.729224899796402,10,N_lnL_interaction,1.4707751002035971
Direct,Qwen3-32B,direct,absolute_error,30,5000,4.3,7.243224310893972,10,N_lnL_interaction,-2.9432243108939717
Direct,Qwen3-32B,direct,absolute_error,30,10000,8.6,7.940678052515523,10,N_lnL_interaction,0.6593219474844769
Direct,Qwen3-32B,direct,absolute_error,30,20000,10.0,8.638131794137072,10,N_lnL_interaction,1.361868205862928
Direct,Qwen3-4B,direct,absolute_error,1,2000,0.0,-0.10048963917529927,10,N_lnL_interaction,0.10048963917529927
Direct,Qwen3-4B,direct,absolute_error,1,3000,0.0,-0.13478107354121494,10,N_lnL_interaction,0.13478107354121494
Direct,Qwen3-4B,direct,absolute_error,1,5000,0.1,-0.17798317157507687,10,N_lnL_interaction,0.2779831715750769
Direct,Qwen3-4B,direct,absolute_error,1,10000,0.1,-0.23660476582024695,10,N_lnL_interaction,0.33660476582024695
Direct,Qwen3-4B,direct,absolute_error,1,20000,0.0,-0.29522636006541697,10,N_lnL_interaction,0.29522636006541697
Direct,Qwen3-4B,direct,absolute_error,2,2000,0.0,0.09918202317386503,9,N_lnL_interaction,-0.09918202317386503
Direct,Qwen3-4B,direct,absolute_error,2,3000,0.0,0.08262013043951393,10,N_lnL_interaction,-0.08262013043951393
Direct,Qwen3-4B,direct,absolute_error,2,5000,0.0,0.060459606172595715,10,N_lnL_interaction,-0.060459606172595715
Direct,Qwen3-4B,direct,absolute_error,2,10000,0.0,0.0303896484400501,10,N_lnL_interaction,-0.0303896484400501
Direct,Qwen3-4B,direct,absolute_error,2,20000,0.0,0.00031969070750452743,10,N_lnL_interaction,-0.00031969070750452743
Direct,Qwen3-4B,direct,absolute_error,3,2000,0.0,0.30068786944393255,9,N_lnL_interaction,-0.30068786944393255
Direct,Qwen3-4B,direct,absolute_error,3,3000,0.1,0.3000213344202427,10,N_lnL_interaction,-0.2000213344202427
Direct,Qwen3-4B,direct,absolute_error,3,5000,0.1,0.29890238392026836,10,N_lnL_interaction,-0.19890238392026835
Direct,Qwen3-4B,direct,absolute_error,3,10000,0.0,0.2973840627003471,10,N_lnL_interaction,-0.2973840627003471
Direct,Qwen3-4B,direct,absolute_error,3,20000,0.5,0.29586574148042605,10,N_lnL_interaction,0.20413425851957395
Direct,Qwen3-4B,direct,absolute_error,4,2000,0.3333333333333333,0.5021937157140002,9,N_lnL_interaction,-0.16886038238066686
Direct,Qwen3-4B,direct,absolute_error,4,3000,0.5,0.5174225384009715,10,N_lnL_interaction,-0.01742253840097152
Direct,Qwen3-4B,direct,absolute_error,4,5000,0.7,0.5373451616679411,10,N_lnL_interaction,0.16265483833205885
Direct,Qwen3-4B,direct,absolute_error,4,10000,0.7,0.5643784769606442,10,N_lnL_interaction,0.1356215230393557
Direct,Qwen3-4B,direct,absolute_error,4,20000,0.9,0.5914117922533475,10,N_lnL_interaction,0.3085882077466525
Direct,Qwen3-4B,direct,absolute_error,5,2000,0.875,0.7013307985788941,8,N_lnL_interaction,0.17366920142110587
Direct,Qwen3-4B,direct,absolute_error,5,3000,0.9,0.7348237423817005,10,N_lnL_interaction,0.16517625761829957
Direct,Qwen3-4B,direct,absolute_error,5,5000,1.2,0.7757879394156137,10,N_lnL_interaction,0.4242120605843862
Direct,Qwen3-4B,direct,absolute_error,5,10000,1.0,0.8313728912209413,10,N_lnL_interaction,0.16862710877905873
Direct,Qwen3-4B,direct,absolute_error,5,20000,0.9,0.886957843026269,10,N_lnL_interaction,0.013042156973731012
Direct,Qwen3-4B,direct,absolute_error,6,2000,0.7142857142857143,0.905232485302118,7,N_lnL_interaction,-0.19094677101640367
Direct,Qwen3-4B,direct,absolute_error,6,3000,0.8,0.9522249463624293,10,N_lnL_interaction,-0.15222494636242923
Direct,Qwen3-4B,direct,absolute_error,6,5000,1.0,1.0142307171632863,10,N_lnL_interaction,-0.014230717163286277
Direct,Qwen3-4B,direct,absolute_error,6,10000,1.0,1.0983673054812386,10,N_lnL_interaction,-0.09836730548123862
Direct,Qwen3-4B,direct,absolute_error,6,20000,1.0,1.1825038937991905,10,N_lnL_interaction,-0.18250389379919052
Direct,Qwen3-4B,direct,absolute_error,8,2000,1.2,1.3140480344681496,5,N_lnL_interaction,-0.1140480344681496
Direct,Qwen3-4B,direct,absolute_error,8,3000,1.2,1.387027354323887,10,N_lnL_interaction,-0.18702735432388695
Direct,Qwen3-4B,direct,absolute_error,8,5000,1.4,1.4911162726586316,10,N_lnL_interaction,-0.09111627265863165
Direct,Qwen3-4B,direct,absolute_error,8,10000,1.5,1.6323561340018327,10,N_lnL_interaction,-0.13235613400183266
Direct,Qwen3-4B,direct,absolute_error,8,20000,0.9,1.7735959953450338,10,N_lnL_interaction,-0.8735959953450337
Direct,Qwen3-4B,direct,absolute_error,10,2000,1.8333333333333333,1.6923526798047253,6,N_lnL_interaction,0.140980653528608
Direct,Qwen3-4B,direct,absolute_error,10,3000,2.2,1.8218297622853445,10,N_lnL_interaction,0.37817023771465563
Direct,Qwen3-4B,direct,absolute_error,10,5000,1.3,1.968001828153977,10,N_lnL_interaction,-0.668001828153977
Direct,Qwen3-4B,direct,absolute_error,10,10000,2.7,2.1663449625224267,10,N_lnL_interaction,0.5336550374775735
Direct,Qwen3-4B,direct,absolute_error,10,20000,1.7,2.3646880968908763,10,N_lnL_interaction,-0.6646880968908764
Direct,Qwen3-4B,direct,absolute_error,20,2000,4.333333333333333,3.819493930160482,3,N_lnL_interaction,0.513839403172851
Direct,Qwen3-4B,direct,absolute_error,20,3000,3.6,3.950604968842304,5,N_lnL_interaction,-0.35060496884230385
Direct,Qwen3-4B,direct,absolute_error,20,5000,5.714285714285714,4.356592136996127,7,N_lnL_interaction,1.357693577289587
Direct,Qwen3-4B,direct,absolute_error,20,10000,4.9,4.836289105125398,10,N_lnL_interaction,0.06371089487460235
Direct,Qwen3-4B,direct,absolute_error,20,20000,5.4,5.320148604620091,10,N_lnL_interaction,0.07985139537990893
Direct,Qwen3-4B,direct,absolute_error,30,3000,5.0,6.164494555280141,4,N_lnL_interaction,-1.1644945552801413
Direct,Qwen3-4B,direct,absolute_error,30,5000,9.0,6.7484419422452975,6,N_lnL_interaction,2.2515580577547025
Direct,Qwen3-4B,direct,absolute_error,30,10000,4.9,7.506233247728369,10,N_lnL_interaction,-2.606233247728369
Direct,Qwen3-4B,direct,absolute_error,30,20000,9.7,8.275609112349306,10,N_lnL_interaction,1.4243908876506932
Direct,Qwen3-8B,direct,absolute_error,1,2000,0.1,-0.28186881003425157,10,N_lnL_interaction,0.38186881003425155
Direct,Qwen3-8B,direct,absolute_error,1,3000,0.0,-0.2217374091734638,10,N_lnL_interaction,0.2217374091734638
Direct,Qwen3-8B,direct,absolute_error,1,5000,0.0,-0.14598080339311992,10,N_lnL_interaction,0.14598080339311992
Direct,Qwen3-8B,direct,absolute_error,1,10000,0.1,-0.043185494656822664,10,N_lnL_interaction,0.14318549465682268
Direct,Qwen3-8B,direct,absolute_error,1,20000,0.2,0.0596098140794745,10,N_lnL_interaction,0.14039018592052552
Direct,Qwen3-8B,direct,absolute_error,2,2000,0.0,-0.14337332651184545,10,N_lnL_interaction,0.14337332651184545
Direct,Qwen3-8B,direct,absolute_error,2,3000,0.0,-0.07489450385385289,10,N_lnL_interaction,0.07489450385385289
Direct,Qwen3-8B,direct,absolute_error,2,5000,0.0,0.011378609663224303,10,N_lnL_interaction,-0.011378609663224303
Direct,Qwen3-8B,direct,absolute_error,2,10000,0.0,0.12844393021551642,10,N_lnL_interaction,-0.12844393021551642
Direct,Qwen3-8B,direct,absolute_error,2,20000,0.0,0.2455092507678084,10,N_lnL_interaction,-0.2455092507678084
Direct,Qwen3-8B,direct,absolute_error,3,2000,0.0,-0.004877842989439418,10,N_lnL_interaction,0.004877842989439418
Direct,Qwen3-8B,direct,absolute_error,3,3000,0.0,0.0719484014657579,10,N_lnL_interaction,-0.0719484014657579
Direct,Qwen3-8B,direct,absolute_error,3,5000,0.1,0.16873802271956856,10,N_lnL_interaction,-0.06873802271956855
Direct,Qwen3-8B,direct,absolute_error,3,10000,0.1,0.3000733550878555,10,N_lnL_interaction,-0.20007335508785548
Direct,Qwen3-8B,direct,absolute_error,3,20000,0.2222222222222222,0.43219646547471324,9,N_lnL_interaction,-0.20997424325249103
Direct,Qwen3-8B,direct,absolute_error,4,2000,0.2,0.13361764053296663,10,N_lnL_interaction,0.06638235946703339
Direct,Qwen3-8B,direct,absolute_error,4,3000,0.3,0.21879130678536876,10,N_lnL_interaction,0.08120869321463123
Direct,Qwen3-8B,direct,absolute_error,4,5000,0.4,0.3260974357759128,10,N_lnL_interaction,0.0739025642240872
Direct,Qwen3-8B,direct,absolute_error,4,10000,0.2,0.4717027799601946,10,N_lnL_interaction,-0.2717027799601946
Direct,Qwen3-8B,direct,absolute_error,4,20000,0.5,0.6173081241444762,10,N_lnL_interaction,-0.11730812414447622
Direct,Qwen3-8B,direct,absolute_error,5,2000,0.6,0.27211312405537275,10,N_lnL_interaction,0.32788687594462723
Direct,Qwen3-8B,direct,absolute_error,5,3000,0.7,0.36563421210497965,10,N_lnL_interaction,0.3343657878950203
Direct,Qwen3-8B,direct,absolute_error,5,5000,0.8,0.4834568488322571,10,N_lnL_interaction,0.31654315116774295
Direct,Qwen3-8B,direct,absolute_error,5,10000,0.8,0.6433322048325337,10,N_lnL_interaction,0.15666779516746632
Direct,Qwen3-8B,direct,absolute_error,5,20000,1.0,0.8032075608328102,10,N_lnL_interaction,0.1967924391671898
Direct,Qwen3-8B,direct,absolute_error,6,2000,0.8,0.4106086075777788,10,N_lnL_interaction,0.38939139242222126
Direct,Qwen3-8B,direct,absolute_error,6,3000,0.4,0.5124771174245905,10,N_lnL_interaction,-0.11247711742459043
Direct,Qwen3-8B,direct,absolute_error,6,5000,0.6,0.6408162618886013,10,N_lnL_interaction,-0.040816261888601324
Direct,Qwen3-8B,direct,absolute_error,6,10000,0.7,0.8149616297048728,10,N_lnL_interaction,-0.11496162970487289
Direct,Qwen3-8B,direct,absolute_error,6,20000,1.5,0.9867348491068568,8,N_lnL_interaction,0.5132651508931432
Direct,Qwen3-8B,direct,absolute_error,8,2000,0.6,0.6875995746225909,10,N_lnL_interaction,-0.08759957462259094
Direct,Qwen3-8B,direct,absolute_error,8,3000,0.6,0.8061629280638123,10,N_lnL_interaction,-0.2061629280638123
Direct,Qwen3-8B,direct,absolute_error,8,5000,0.3,0.9555350880012898,10,N_lnL_interaction,-0.6555350880012898
Direct,Qwen3-8B,direct,absolute_error,8,10000,0.8,1.158220479449551,10,N_lnL_interaction,-0.35822047944955093
Direct,Qwen3-8B,direct,absolute_error,8,20000,1.75,1.357401748131155,8,N_lnL_interaction,0.3925982518688449
Direct,Qwen3-8B,direct,absolute_error,10,2000,0.8,0.964590541667403,10,N_lnL_interaction,-0.16459054166740295
Direct,Qwen3-8B,direct,absolute_error,10,3000,0.6,1.0998487387030338,10,N_lnL_interaction,-0.4998487387030338
Direct,Qwen3-8B,direct,absolute_error,10,5000,0.4,1.2702539141139784,10,N_lnL_interaction,-0.8702539141139783
Direct,Qwen3-8B,direct,absolute_error,10,10000,1.2,1.5014793291942292,10,N_lnL_interaction,-0.30147932919422926
Direct,Qwen3-8B,direct,absolute_error,10,20000,2.0,1.727281447303965,9,N_lnL_interaction,0.27271855269603495
Direct,Qwen3-8B,direct,absolute_error,20,2000,2.2,2.349545376891464,10,N_lnL_interaction,-0.14954537689146363
Direct,Qwen3-8B,direct,absolute_error,20,3000,1.5,2.5682777918991424,10,N_lnL_interaction,-1.0682777918991424
Direct,Qwen3-8B,direct,absolute_error,20,5000,2.1,2.843848044677421,10,N_lnL_interaction,-0.7438480446774207
Direct,Qwen3-8B,direct,absolute_error,20,10000,5.1,3.21777357791762,10,N_lnL_interaction,1.8822264220823794
Direct,Qwen3-8B,direct,absolute_error,20,20000,3.857142857142857,3.5752373159207984,7,N_lnL_interaction,0.2819055412220588
Direct,Qwen3-8B,direct,absolute_error,30,2000,5.2,3.734500212115524,10,N_lnL_interaction,1.4654997878844762
Direct,Qwen3-8B,direct,absolute_error,30,3000,3.3,4.036706845095251,10,N_lnL_interaction,-0.7367068450952514
Direct,Qwen3-8B,direct,absolute_error,30,5000,4.3,4.417442175240863,10,N_lnL_interaction,-0.1174421752408632
Direct,Qwen3-8B,direct,absolute_error,30,10000,5.6,4.9340678266410105,10,N_lnL_interaction,0.6659321733589891
Direct,Qwen3-8B,direct,absolute_error,30,20000,3.8,5.437647820003333,5,N_lnL_interaction,-1.637647820003333
Direct,GLM-4-9B-0414,direct,signed_error,1,2000,0.0,1.565820560577062,10,N_lnL_interaction,-1.565820560577062
Direct,GLM-4-9B-0414,direct,signed_error,1,3000,0.0,1.5733023454947193,10,N_lnL_interaction,-1.5733023454947193
Direct,GLM-4-9B-0414,direct,signed_error,1,5000,0.0,1.582728279739166,10,N_lnL_interaction,-1.582728279739166
Direct,GLM-4-9B-0414,direct,signed_error,1,10000,0.0,1.5955184755353637,10,N_lnL_interaction,-1.5955184755353637
Direct,GLM-4-9B-0414,direct,signed_error,1,20000,-0.3,1.6083086713315609,10,N_lnL_interaction,-1.908308671331561
Direct,GLM-4-9B-0414,direct,signed_error,2,2000,0.0,0.7734673968543788,10,N_lnL_interaction,-0.7734673968543788
Direct,GLM-4-9B-0414,direct,signed_error,2,3000,0.0,0.7791082362884907,10,N_lnL_interaction,-0.7791082362884907
Direct,GLM-4-9B-0414,direct,signed_error,2,5000,0.0,0.7862148535161443,10,N_lnL_interaction,-0.7862148535161443
Direct,GLM-4-9B-0414,direct,signed_error,2,10000,0.3,0.795857932221459,10,N_lnL_interaction,-0.49585793222145896
Direct,GLM-4-9B-0414,direct,signed_error,2,20000,0.3,0.8055010109267734,10,N_lnL_interaction,-0.5055010109267735
Direct,GLM-4-9B-0414,direct,signed_error,3,2000,-0.1,-0.018885766868305343,10,N_lnL_interaction,-0.08111423313169466
Direct,GLM-4-9B-0414,direct,signed_error,3,3000,-0.2,-0.01508587291773864,10,N_lnL_interaction,-0.18491412708226138
Direct,GLM-4-9B-0414,direct,signed_error,3,5000,-0.5,-0.01029857270687815,10,N_lnL_interaction,-0.4897014272931218
Direct,GLM-4-9B-0414,direct,signed_error,3,10000,-0.4,-0.0038026110924465504,10,N_lnL_interaction,-0.39619738890755346
Direct,GLM-4-9B-0414,direct,signed_error,3,20000,-0.1,0.0026933505219852273,10,N_lnL_interaction,-0.10269335052198524
Direct,GLM-4-9B-0414,direct,signed_error,4,2000,-0.4,-0.8112389305909897,10,N_lnL_interaction,0.4112389305909897
Direct,GLM-4-9B-0414,direct,signed_error,4,3000,-0.7,-0.809279982123968,10,N_lnL_interaction,0.10927998212396806
Direct,GLM-4-9B-0414,direct,signed_error,4,5000,-1.0,-0.8068119989299006,10,N_lnL_interaction,-0.19318800107009937
Direct,GLM-4-9B-0414,direct,signed_error,4,10000,-0.8,-0.8034631544063521,10,N_lnL_interaction,0.0034631544063520314
Direct,GLM-4-9B-0414,direct,signed_error,4,20000,-0.1,-0.8001143098828034,10,N_lnL_interaction,0.7001143098828034
Direct,GLM-4-9B-0414,direct,signed_error,5,2000,-0.8,-1.603592094313673,10,N_lnL_interaction,0.803592094313673
Direct,GLM-4-9B-0414,direct,signed_error,5,3000,-1.1,-1.6034740913301966,10,N_lnL_interaction,0.5034740913301965
Direct,GLM-4-9B-0414,direct,signed_error,5,5000,-1.3,-1.6033254251529225,10,N_lnL_interaction,0.3033254251529225
Direct,GLM-4-9B-0414,direct,signed_error,5,10000,-1.4,-1.6031236977202568,10,N_lnL_interaction,0.20312369772025685
Direct,GLM-4-9B-0414,direct,signed_error,5,20000,-0.8,-1.6029219702875905,10,N_lnL_interaction,0.8029219702875905
Direct,GLM-4-9B-0414,direct,signed_error,6,2000,-1.3,-2.3959452580363574,10,N_lnL_interaction,1.0959452580363573
Direct,GLM-4-9B-0414,direct,signed_error,6,3000,-1.7,-2.397668200536426,10,N_lnL_interaction,0.6976682005364261
Direct,GLM-4-9B-0414,direct,signed_error,6,5000,-2.0,-2.399838851375945,10,N_lnL_interaction,0.3998388513759452
Direct,GLM-4-9B-0414,direct,signed_error,6,10000,-2.5,-2.4027842410341624,10,N_lnL_interaction,-0.09721575896583756
Direct,GLM-4-9B-0414,direct,signed_error,6,20000,-1.6,-2.4057296306923797,10,N_lnL_interaction,0.8057296306923796
Direct,GLM-4-9B-0414,direct,signed_error,8,2000,-2.7,-3.980651585481725,10,N_lnL_interaction,1.2806515854817246
Direct,GLM-4-9B-0414,direct,signed_error,8,3000,-3.1,-3.986056418948884,10,N_lnL_interaction,0.886056418948884
Direct,GLM-4-9B-0414,direct,signed_error,8,5000,-3.6,-3.9928657038219897,10,N_lnL_interaction,0.3928657038219896
Direct,GLM-4-9B-0414,direct,signed_error,8,10000,-3.7,-4.0021053276619725,10,N_lnL_interaction,0.3021053276619723
Direct,GLM-4-9B-0414,direct,signed_error,8,20000,-2.5,-4.011344951501956,10,N_lnL_interaction,1.5113449515019557
Direct,GLM-4-9B-0414,direct,signed_error,10,2000,-4.3,-5.565357912927093,10,N_lnL_interaction,1.2653579129270929
Direct,GLM-4-9B-0414,direct,signed_error,10,3000,-4.4,-5.574444637361343,10,N_lnL_interaction,1.1744446373613426
Direct,GLM-4-9B-0414,direct,signed_error,10,5000,-5.0,-5.585892556268034,10,N_lnL_interaction,0.5858925562680337
Direct,GLM-4-9B-0414,direct,signed_error,10,10000,-5.5,-5.601426414289783,10,N_lnL_interaction,0.10142641428978294
Direct,GLM-4-9B-0414,direct,signed_error,10,20000,-4.3,-5.616960272311532,10,N_lnL_interaction,1.3169602723115323
Direct,GLM-4-9B-0414,direct,signed_error,20,2000,-13.0,-13.488889550153933,10,N_lnL_interaction,0.4888895501539334
Direct,GLM-4-9B-0414,direct,signed_error,20,3000,-13.2,-13.516385729423632,10,N_lnL_interaction,0.31638572942363297
Direct,GLM-4-9B-0414,direct,signed_error,20,5000,-13.8,-13.551026818498258,10,N_lnL_interaction,-0.24897318150174286
Direct,GLM-4-9B-0414,direct,signed_error,20,10000,-14.4,-13.598031847428837,10,N_lnL_interaction,-0.8019681525711633
Direct,GLM-4-9B-0414,direct,signed_error,20,20000,-11.5,-13.645036876359413,10,N_lnL_interaction,2.1450368763594128
Direct,GLM-4-9B-0414,direct,signed_error,30,2000,-21.3,-21.412421187380772,10,N_lnL_interaction,0.11242118738077167
Direct,GLM-4-9B-0414,direct,signed_error,30,3000,-22.5,-21.458326821485922,10,N_lnL_interaction,-1.0416731785140776
Direct,GLM-4-9B-0414,direct,signed_error,30,5000,-22.8,-21.51616108072848,10,N_lnL_interaction,-1.2838389192715205
Direct,GLM-4-9B-0414,direct,signed_error,30,10000,-23.4,-21.594637280567888,10,N_lnL_interaction,-1.805362719432111
Direct,GLM-4-9B-0414,direct,signed_error,30,20000,-22.1,-21.673113480407295,10,N_lnL_interaction,-0.4268865195927063
Direct,Gemma4-12B,direct,signed_error,1,2000,0.0,0.5807380116823191,10,N_lnL_interaction,-0.5807380116823191
Direct,Gemma4-12B,direct,signed_error,1,3000,0.0,0.6592958801905654,10,N_lnL_interaction,-0.6592958801905654
Direct,Gemma4-12B,direct,signed_error,1,5000,0.0,0.7582670897471376,10,N_lnL_interaction,-0.7582670897471376
Direct,Gemma4-12B,direct,signed_error,1,10000,0.0,0.892562652986487,10,N_lnL_interaction,-0.892562652986487
Direct,Gemma4-12B,direct,signed_error,1,20000,0.0,1.0268582162258366,10,N_lnL_interaction,-1.0268582162258366
Direct,Gemma4-12B,direct,signed_error,2,2000,0.0,0.37143839140227836,10,N_lnL_interaction,-0.37143839140227836
Direct,Gemma4-12B,direct,signed_error,2,3000,0.0,0.39939127630854465,10,N_lnL_interaction,-0.39939127630854465
Direct,Gemma4-12B,direct,signed_error,2,5000,0.0,0.43460774643818434,10,N_lnL_interaction,-0.43460774643818434
Direct,Gemma4-12B,direct,signed_error,2,10000,0.1,0.4823935188112941,10,N_lnL_interaction,-0.38239351881129413
Direct,Gemma4-12B,direct,signed_error,2,20000,0.1,0.5301792911844039,10,N_lnL_interaction,-0.4301792911844039
Direct,Gemma4-12B,direct,signed_error,3,2000,0.0,0.16213877112223787,10,N_lnL_interaction,-0.16213877112223787
Direct,Gemma4-12B,direct,signed_error,3,3000,0.0,0.1394866724265241,10,N_lnL_interaction,-0.1394866724265241
Direct,Gemma4-12B,direct,signed_error,3,5000,0.0,0.11094840312923127,10,N_lnL_interaction,-0.11094840312923127
Direct,Gemma4-12B,direct,signed_error,3,10000,0.0,0.07222438463610101,10,N_lnL_interaction,-0.07222438463610101
Direct,Gemma4-12B,direct,signed_error,3,20000,0.0,0.033500366142970674,10,N_lnL_interaction,-0.033500366142970674
Direct,Gemma4-12B,direct,signed_error,4,2000,-0.1,-0.04716084915780292,10,N_lnL_interaction,-0.052839150842197084
Direct,Gemma4-12B,direct,signed_error,4,3000,0.0,-0.12041793145549642,10,N_lnL_interaction,0.12041793145549642
Direct,Gemma4-12B,direct,signed_error,4,5000,-0.1,-0.21271094017972209,10,N_lnL_interaction,0.11271094017972208
Direct,Gemma4-12B,direct,signed_error,4,10000,-0.1,-0.3379447495390921,10,N_lnL_interaction,0.2379447495390921
Direct,Gemma4-12B,direct,signed_error,4,20000,0.0,-0.46317855889846227,10,N_lnL_interaction,0.46317855889846227
Direct,Gemma4-12B,direct,signed_error,5,2000,-0.2,-0.2564604694378434,10,N_lnL_interaction,0.056460469437843386
Direct,Gemma4-12B,direct,signed_error,5,3000,-0.1,-0.38032253533751686,10,N_lnL_interaction,0.28032253533751683
Direct,Gemma4-12B,direct,signed_error,5,5000,-0.4,-0.5363702834886752,10,N_lnL_interaction,0.1363702834886752
Direct,Gemma4-12B,direct,signed_error,5,10000,-0.8,-0.7481138837142853,10,N_lnL_interaction,-0.05188611628571471
Direct,Gemma4-12B,direct,signed_error,5,20000,-0.8,-0.959857483939895,10,N_lnL_interaction,0.15985748393989496
Direct,Gemma4-12B,direct,signed_error,6,2000,-0.4,-0.4657600897178842,10,N_lnL_interaction,0.06576008971788416
Direct,Gemma4-12B,direct,signed_error,6,3000,-0.4,-0.6402271392195373,10,N_lnL_interaction,0.2402271392195373
Direct,Gemma4-12B,direct,signed_error,6,5000,-0.2,-0.8600296267976283,10,N_lnL_interaction,0.6600296267976282
Direct,Gemma4-12B,direct,signed_error,6,10000,-0.8,-1.1582830178894783,10,N_lnL_interaction,0.35828301788947825
Direct,Gemma4-12B,direct,signed_error,6,20000,-1.3,-1.4565364089813282,10,N_lnL_interaction,0.15653640898132815
Direct,Gemma4-12B,direct,signed_error,8,2000,-0.5,-0.8843593302779652,10,N_lnL_interaction,0.3843593302779652
Direct,Gemma4-12B,direct,signed_error,8,3000,-0.6,-1.1600363469835784,10,N_lnL_interaction,0.5600363469835784
Direct,Gemma4-12B,direct,signed_error,8,5000,-0.8,-1.5073483134155348,10,N_lnL_interaction,0.7073483134155347
Direct,Gemma4-12B,direct,signed_error,8,10000,-1.4,-1.9786212862398647,10,N_lnL_interaction,0.5786212862398648
Direct,Gemma4-12B,direct,signed_error,8,20000,-2.1,-2.4498942590641937,10,N_lnL_interaction,0.3498942590641936
Direct,Gemma4-12B,direct,signed_error,10,2000,-1.2,-1.3029585708380467,10,N_lnL_interaction,0.10295857083804671
Direct,Gemma4-12B,direct,signed_error,10,3000,-1.1,-1.6798455547476194,10,N_lnL_interaction,0.5798455547476193
Direct,Gemma4-12B,direct,signed_error,10,5000,-1.4,-2.154667000033441,10,N_lnL_interaction,0.7546670000334412
Direct,Gemma4-12B,direct,signed_error,10,10000,-2.1,-2.798959554590251,10,N_lnL_interaction,0.6989595545902509
Direct,Gemma4-12B,direct,signed_error,10,20000,-2.9,-3.4432521091470596,10,N_lnL_interaction,0.5432521091470597
Direct,Gemma4-12B,direct,signed_error,20,2000,-3.2,-3.395954773638453,10,N_lnL_interaction,0.19595477363845282
Direct,Gemma4-12B,direct,signed_error,20,3000,-4.0,-4.278891593567825,10,N_lnL_interaction,0.2788915935678249
Direct,Gemma4-12B,direct,signed_error,20,5000,-5.2,-5.391260433122974,10,N_lnL_interaction,0.1912604331229737
Direct,Gemma4-12B,direct,signed_error,20,10000,-7.1,-6.900650896342182,10,N_lnL_interaction,-0.19934910365781722
Direct,Gemma4-12B,direct,signed_error,20,20000,-8.8,-8.410041359561388,10,N_lnL_interaction,-0.3899586404386124
Direct,Gemma4-12B,direct,signed_error,30,2000,-6.3,-5.4889509764388595,10,N_lnL_interaction,-0.8110490235611403
Direct,Gemma4-12B,direct,signed_error,30,3000,-6.7,-6.87793763238803,10,N_lnL_interaction,0.17793763238802995
Direct,Gemma4-12B,direct,signed_error,30,5000,-9.2,-8.627853866212506,10,N_lnL_interaction,-0.5721461337874931
Direct,Gemma4-12B,direct,signed_error,30,10000,-11.6,-11.002342238094112,10,N_lnL_interaction,-0.5976577619058876
Direct,Gemma4-12B,direct,signed_error,30,20000,-13.4,-13.376830609975718,10,N_lnL_interaction,-0.02316939002428242
Direct,Gemma4-E4B,direct,signed_error,1,2000,0.0,-0.10146519674597546,9,N_lnL_interaction,0.10146519674597546
Direct,Gemma4-E4B,direct,signed_error,1,3000,0.0,0.14317260773482293,8,N_lnL_interaction,-0.14317260773482293
Direct,Gemma4-E4B,direct,signed_error,1,5000,0.0,0.45711085426332027,9,N_lnL_interaction,-0.45711085426332027
Direct,Gemma4-E4B,direct,signed_error,1,10000,0.2,0.8766878204664087,10,N_lnL_interaction,-0.6766878204664086
Direct,Gemma4-E4B,direct,signed_error,1,20000,0.125,1.2982957606920298,8,N_lnL_interaction,-1.1732957606920298
Direct,Gemma4-E4B,direct,signed_error,2,2000,0.0,-0.2606907479363487,2,N_lnL_interaction,0.2606907479363487
Direct,Gemma4-E4B,direct,signed_error,2,3000,0.0,-0.01905289606677918,4,N_lnL_interaction,0.01905289606677918
Direct,Gemma4-E4B,direct,signed_error,2,5000,0.2857142857142857,0.170972895481065,7,N_lnL_interaction,0.11474139023322069
Direct,Gemma4-E4B,direct,signed_error,2,10000,0.4444444444444444,0.45205325328595397,9,N_lnL_interaction,-0.007608808841509551
Direct,Gemma4-E4B,direct,signed_error,2,20000,0.4444444444444444,0.7317118840980643,9,N_lnL_interaction,-0.2872674396536199
Direct,Gemma4-E4B,direct,signed_error,3,2000,0.0,-0.26867376548407124,3,N_lnL_interaction,0.26867376548407124
Direct,Gemma4-E4B,direct,signed_error,3,3000,0.0,-0.20654983266246882,7,N_lnL_interaction,0.20654983266246882
Direct,Gemma4-E4B,direct,signed_error,3,5000,0.0,-0.11530159962431401,6,N_lnL_interaction,0.11530159962431401
Direct,Gemma4-E4B,direct,signed_error,3,10000,0.0,0.02196710752987452,8,N_lnL_interaction,-0.02196710752987452
Direct,Gemma4-E4B,direct,signed_error,3,20000,0.25,0.1581295169286333,8,N_lnL_interaction,0.0918704830713667
Direct,Gemma4-E4B,direct,signed_error,4,2000,-0.3333333333333333,-0.3900465235778661,3,N_lnL_interaction,0.05671319024453281
Direct,Gemma4-E4B,direct,signed_error,4,3000,-0.2,-0.401462422730257,5,N_lnL_interaction,0.201462422730257
Direct,Gemma4-E4B,direct,signed_error,4,5000,-0.2,-0.3982322016084516,5,N_lnL_interaction,0.19823220160845156
Direct,Gemma4-E4B,direct,signed_error,4,10000,-0.375,-0.40517462610751964,8,N_lnL_interaction,0.030174626107519642
Direct,Gemma4-E4B,direct,signed_error,4,20000,0.0,-0.411953604953065,8,N_lnL_interaction,0.411953604953065
Direct,Gemma4-E4B,direct,signed_error,5,2000,-1.0,-0.47196874259339494,2,N_lnL_interaction,-0.5280312574066051
Direct,Gemma4-E4B,direct,signed_error,5,3000,-0.3333333333333333,-0.5811337040447332,3,N_lnL_interaction,0.24780037071139988
Direct,Gemma4-E4B,direct,signed_error,5,5000,-0.5,-0.6829444340611278,6,N_lnL_interaction,0.18294443406112781
Direct,Gemma4-E4B,direct,signed_error,5,10000,-1.0,-0.8356421744906678,9,N_lnL_interaction,-0.1643578255093322
Direct,Gemma4-E4B,direct,signed_error,5,20000,-0.5555555555555556,-0.9868328083493881,9,N_lnL_interaction,0.43127725279383256
Direct,Gemma4-E4B,direct,signed_error,6,2000,-1.0,-0.5698505373245755,2,N_lnL_interaction,-0.43014946267542453
Direct,Gemma4-E4B,direct,signed_error,6,3000,-1.0,-0.7643373445537873,2,N_lnL_interaction,-0.23566265544621268
Direct,Gemma4-E4B,direct,signed_error,6,5000,-0.6666666666666666,-0.9687567089008656,6,N_lnL_interaction,0.302090042234199
Direct,Gemma4-E4B,direct,signed_error,6,10000,-1.375,-1.2594580933823072,8,N_lnL_interaction,-0.11554190661769281
Direct,Gemma4-E4B,direct,signed_error,6,20000,-1.2222222222222223,-1.5568113955662755,9,N_lnL_interaction,0.33458917334405314
Direct,Gemma4-E4B,direct,signed_error,8,2000,-2.0,-0.7341763785624158,1,N_lnL_interaction,-1.2658236214375842
Direct,Gemma4-E4B,direct,signed_error,8,3000,-1.3333333333333333,-1.1174146136704695,3,N_lnL_interaction,-0.2159187196628638
Direct,Gemma4-E4B,direct,signed_error,8,5000,-1.3333333333333333,-1.5217074276352551,3,N_lnL_interaction,0.18837409430192187
Direct,Gemma4-E4B,direct,signed_error,8,10000,-2.0,-2.1173710452305325,9,N_lnL_interaction,0.11737104523053254
Direct,Gemma4-E4B,direct,signed_error,8,20000,-1.8888888888888888,-2.696768570000049,9,N_lnL_interaction,0.8078796811111602
Direct,Gemma4-E4B,direct,signed_error,10,2000,0.0,-1.0038331734114987,3,N_lnL_interaction,1.0038331734114987
Direct,Gemma4-E4B,direct,signed_error,10,3000,-1.8,-1.4799368033779607,5,N_lnL_interaction,-0.3200631966220393
Direct,Gemma4-E4B,direct,signed_error,10,5000,-2.0,-2.1275764274284725,5,N_lnL_interaction,0.12757642742847253
Direct,Gemma4-E4B,direct,signed_error,10,10000,-2.875,-2.963901698347103,8,N_lnL_interaction,0.08890169834710315
Direct,Gemma4-E4B,direct,signed_error,10,20000,-3.4444444444444446,-3.8367257444338225,9,N_lnL_interaction,0.3922812999893779
Direct,Gemma4-E4B,direct,signed_error,20,2000,-1.4,-1.9035116006397594,5,N_lnL_interaction,0.5035116006397595
Direct,Gemma4-E4B,direct,signed_error,20,3000,-3.375,-3.2652732994557905,8,N_lnL_interaction,-0.10972670054420952
Direct,Gemma4-E4B,direct,signed_error,20,5000,-4.888888888888889,-4.956307142590876,9,N_lnL_interaction,0.06741825370198651
Direct,Gemma4-E4B,direct,signed_error,20,10000,-8.2,-7.248642017086752,10,N_lnL_interaction,-0.9513579829132475
Direct,Gemma4-E4B,direct,signed_error,20,20000,-9.11111111111111,-9.536511616602692,9,N_lnL_interaction,0.4254005054915808
Direct,Gemma4-E4B,direct,signed_error,30,2000,-2.8333333333333335,-2.777578646447988,6,N_lnL_interaction,-0.05575468688534535
Direct,Gemma4-E4B,direct,signed_error,30,3000,-4.714285714285714,-5.061436659483879,7,N_lnL_interaction,0.34715094519816425
Direct,Gemma4-E4B,direct,signed_error,30,5000,-7.888888888888889,-7.804354834832954,9,N_lnL_interaction,-0.08453405405593539
Direct,Gemma4-E4B,direct,signed_error,30,10000,-12.3,-11.525131405272628,10,N_lnL_interaction,-0.7748685947273728
Direct,Gemma4-E4B,direct,signed_error,30,20000,-15.0,-15.243231396375966,10,N_lnL_interaction,0.24323139637596647
Direct,Qwen3-1.7B,direct,signed_error,1,2000,0.0,1.7365769562947997,10,N_lnL_interaction,-1.7365769562947997
Direct,Qwen3-1.7B,direct,signed_error,1,3000,1.3,2.967220203869108,10,N_lnL_interaction,-1.667220203869108
Direct,Qwen3-1.7B,direct,signed_error,1,5000,0.0,4.517647335586319,10,N_lnL_interaction,-4.517647335586319
Direct,Qwen3-1.7B,direct,signed_error,1,10000,1.4,6.621445862940023,10,N_lnL_interaction,-5.221445862940023
Direct,Qwen3-1.7B,direct,signed_error,1,20000,5.8,8.725244390293724,10,N_lnL_interaction,-2.9252443902937246
Direct,Qwen3-1.7B,direct,signed_error,2,2000,0.5,1.4059709485126528,10,N_lnL_interaction,-0.9059709485126528
Direct,Qwen3-1.7B,direct,signed_error,2,3000,0.6,2.6414272180838068,10,N_lnL_interaction,-2.0414272180838067
Direct,Qwen3-1.7B,direct,signed_error,2,5000,3.7,4.1979180403987355,10,N_lnL_interaction,-0.49791804039873533
Direct,Qwen3-1.7B,direct,signed_error,2,10000,1.2,6.309944483201569,10,N_lnL_interaction,-5.109944483201569
Direct,Qwen3-1.7B,direct,signed_error,2,20000,16.6,8.421970926004402,10,N_lnL_interaction,8.1780290739956
Direct,Qwen3-1.7B,direct,signed_error,3,2000,1.0,1.075364940730506,10,N_lnL_interaction,-0.07536494073050592
Direct,Qwen3-1.7B,direct,signed_error,3,3000,1.3,2.3156342322985055,10,N_lnL_interaction,-1.0156342322985055
Direct,Qwen3-1.7B,direct,signed_error,3,5000,3.0,3.878188745211152,10,N_lnL_interaction,-0.8781887452111521
Direct,Qwen3-1.7B,direct,signed_error,3,10000,4.9,5.998443103463116,10,N_lnL_interaction,-1.098443103463116
Direct,Qwen3-1.7B,direct,signed_error,3,20000,7.2,8.118697461715078,10,N_lnL_interaction,-0.9186974617150776
Direct,Qwen3-1.7B,direct,signed_error,4,2000,2.1,0.7447589329483592,10,N_lnL_interaction,1.355241067051641
Direct,Qwen3-1.7B,direct,signed_error,4,3000,2.2,1.989841246513204,10,N_lnL_interaction,0.21015875348679613
Direct,Qwen3-1.7B,direct,signed_error,4,5000,3.5,3.5584594500235682,10,N_lnL_interaction,-0.05845945002356823
Direct,Qwen3-1.7B,direct,signed_error,4,10000,7.6,5.686941723724663,10,N_lnL_interaction,1.9130582762753363
Direct,Qwen3-1.7B,direct,signed_error,4,20000,7.6,7.815423997425756,10,N_lnL_interaction,-0.21542399742575657
Direct,Qwen3-1.7B,direct,signed_error,5,2000,2.5,0.4141529251662126,10,N_lnL_interaction,2.0858470748337874
Direct,Qwen3-1.7B,direct,signed_error,5,3000,1.5,1.6640482607279032,10,N_lnL_interaction,-0.16404826072790324
Direct,Qwen3-1.7B,direct,signed_error,5,5000,4.5,3.2387301548359844,10,N_lnL_interaction,1.2612698451640156
Direct,Qwen3-1.7B,direct,signed_error,5,10000,7.2,5.37544034398621,10,N_lnL_interaction,1.8245596560137898
Direct,Qwen3-1.7B,direct,signed_error,5,20000,7.3,7.512150533136433,10,N_lnL_interaction,-0.21215053313643306
Direct,Qwen3-1.7B,direct,signed_error,6,2000,2.8,0.0835469173840657,10,N_lnL_interaction,2.716453082615934
Direct,Qwen3-1.7B,direct,signed_error,6,3000,2.9,1.3382552749426018,10,N_lnL_interaction,1.5617447250573981
Direct,Qwen3-1.7B,direct,signed_error,6,5000,4.0,2.919000859648401,10,N_lnL_interaction,1.080999140351599
Direct,Qwen3-1.7B,direct,signed_error,6,10000,8.0,5.063938964247757,10,N_lnL_interaction,2.9360610357522434
Direct,Qwen3-1.7B,direct,signed_error,6,20000,6.3,7.208877068847111,10,N_lnL_interaction,-0.9088770688471115
Direct,Qwen3-1.7B,direct,signed_error,8,2000,1.6,-0.5776650981802278,10,N_lnL_interaction,2.1776650981802277
Direct,Qwen3-1.7B,direct,signed_error,8,3000,2.1,0.6866693033719995,10,N_lnL_interaction,1.4133306966280006
Direct,Qwen3-1.7B,direct,signed_error,8,5000,2.6,2.279542269273234,10,N_lnL_interaction,0.320457730726766
Direct,Qwen3-1.7B,direct,signed_error,8,10000,4.9,4.440936204770852,10,N_lnL_interaction,0.45906379522914875
Direct,Qwen3-1.7B,direct,signed_error,8,20000,4.1,6.6023301402684655,10,N_lnL_interaction,-2.502330140268466
Direct,Qwen3-1.7B,direct,signed_error,10,2000,0.0,-1.2388771137445214,10,N_lnL_interaction,1.2388771137445214
Direct,Qwen3-1.7B,direct,signed_error,10,3000,-0.2,0.03508333180139707,10,N_lnL_interaction,-0.23508333180139707
Direct,Qwen3-1.7B,direct,signed_error,10,5000,0.3,1.6400836788980673,10,N_lnL_interaction,-1.3400836788980672
Direct,Qwen3-1.7B,direct,signed_error,10,10000,11.8,3.817933445293945,10,N_lnL_interaction,7.982066554706056
Direct,Qwen3-1.7B,direct,signed_error,10,20000,1.4,5.995783211689821,10,N_lnL_interaction,-4.59578321168982
Direct,Qwen3-1.7B,direct,signed_error,20,2000,-5.3,-4.544937191565989,10,N_lnL_interaction,-0.755062808434011
Direct,Qwen3-1.7B,direct,signed_error,20,3000,-6.3,-3.2228465260516153,10,N_lnL_interaction,-3.0771534739483846
Direct,Qwen3-1.7B,direct,signed_error,20,5000,-2.7,-1.5572092729777682,10,N_lnL_interaction,-1.142790727022232
Direct,Qwen3-1.7B,direct,signed_error,20,10000,8.8,0.7029196479094136,10,N_lnL_interaction,8.097080352090588
Direct,Qwen3-1.7B,direct,signed_error,20,20000,10.0,2.963048568796593,10,N_lnL_interaction,7.036951431203407
Direct,Qwen3-1.7B,direct,signed_error,30,2000,-7.8,-7.850997269387458,10,N_lnL_interaction,0.050997269387457855
Direct,Qwen3-1.7B,direct,signed_error,30,3000,-7.2,-6.480776383904628,10,N_lnL_interaction,-0.7192236160953724
Direct,Qwen3-1.7B,direct,signed_error,30,5000,-8.5,-4.754502224853604,10,N_lnL_interaction,-3.7454977751463963
Direct,Qwen3-1.7B,direct,signed_error,30,10000,0.1,-2.4120941494751174,10,N_lnL_interaction,2.5120941494751174
Direct,Qwen3-1.7B,direct,signed_error,30,20000,-8.2,-0.06968607409663372,10,N_lnL_interaction,-8.130313925903366
Direct,Qwen3-32B,direct,signed_error,1,2000,0.0,-0.5828366515552237,10,N_lnL_interaction,0.5828366515552237
Direct,Qwen3-32B,direct,signed_error,1,3000,0.0,-0.6063449251321076,10,N_lnL_interaction,0.6063449251321076
Direct,Qwen3-32B,direct,signed_error,1,5000,0.0,-0.6359618472135252,10,N_lnL_interaction,0.6359618472135252
Direct,Qwen3-32B,direct,signed_error,1,10000,0.0,-0.6761495063333868,10,N_lnL_interaction,0.6761495063333868
Direct,Qwen3-32B,direct,signed_error,1,20000,0.0,-0.7163371654532484,10,N_lnL_interaction,0.7163371654532484
Direct,Qwen3-32B,direct,signed_error,2,2000,0.0,-0.34533909418269115,10,N_lnL_interaction,0.34533909418269115
Direct,Qwen3-32B,direct,signed_error,2,3000,0.0,-0.35397614304889247,10,N_lnL_interaction,0.35397614304889247
Direct,Qwen3-32B,direct,signed_error,2,5000,0.0,-0.36485753773945023,10,N_lnL_interaction,0.36485753773945023
Direct,Qwen3-32B,direct,signed_error,2,10000,0.0,-0.37962267030017555,10,N_lnL_interaction,0.37962267030017555
Direct,Qwen3-32B,direct,signed_error,2,20000,0.0,-0.39438780286090097,10,N_lnL_interaction,0.39438780286090097
Direct,Qwen3-32B,direct,signed_error,3,2000,0.0,-0.10784153681015848,10,N_lnL_interaction,0.10784153681015848
Direct,Qwen3-32B,direct,signed_error,3,3000,0.0,-0.10160736096567739,10,N_lnL_interaction,0.10160736096567739
Direct,Qwen3-32B,direct,signed_error,3,5000,0.0,-0.09375322826537513,10,N_lnL_interaction,0.09375322826537513
Direct,Qwen3-32B,direct,signed_error,3,10000,0.0,-0.08309583426696414,10,N_lnL_interaction,0.08309583426696414
Direct,Qwen3-32B,direct,signed_error,3,20000,0.6,-0.07243844026855317,10,N_lnL_interaction,0.6724384402685532
Direct,Qwen3-32B,direct,signed_error,4,2000,0.0,0.12965602056237424,10,N_lnL_interaction,-0.12965602056237424
Direct,Qwen3-32B,direct,signed_error,4,3000,0.0,0.1507614211175377,10,N_lnL_interaction,-0.1507614211175377
Direct,Qwen3-32B,direct,signed_error,4,5000,0.1,0.1773510812087,10,N_lnL_interaction,-0.07735108120869999
Direct,Qwen3-32B,direct,signed_error,4,10000,0.0,0.21343100176624724,10,N_lnL_interaction,-0.21343100176624724
Direct,Qwen3-32B,direct,signed_error,4,20000,0.3,0.24951092232379452,10,N_lnL_interaction,0.050489077676205474
Direct,Qwen3-32B,direct,signed_error,5,2000,0.1,0.3671535779349067,10,N_lnL_interaction,-0.2671535779349067
Direct,Qwen3-32B,direct,signed_error,5,3000,0.1,0.40313020320075255,10,N_lnL_interaction,-0.30313020320075257
Direct,Qwen3-32B,direct,signed_error,5,5000,0.1,0.4484553906827749,10,N_lnL_interaction,-0.34845539068277487
Direct,Qwen3-32B,direct,signed_error,5,10000,0.2,0.5099578377994585,10,N_lnL_interaction,-0.30995783779945846
Direct,Qwen3-32B,direct,signed_error,5,20000,0.4,0.5714602849161421,10,N_lnL_interaction,-0.17146028491614207
Direct,Qwen3-32B,direct,signed_error,6,2000,0.3,0.6046511353074395,10,N_lnL_interaction,-0.30465113530743954
Direct,Qwen3-32B,direct,signed_error,6,3000,0.4,0.6554989852839677,10,N_lnL_interaction,-0.25549898528396764
Direct,Qwen3-32B,direct,signed_error,6,5000,0.0,0.71955970015685,10,N_lnL_interaction,-0.71955970015685
Direct,Qwen3-32B,direct,signed_error,6,10000,0.1,0.8064846738326701,10,N_lnL_interaction,-0.7064846738326701
Direct,Qwen3-32B,direct,signed_error,6,20000,0.9,0.8934096475084898,10,N_lnL_interaction,0.006590352491510187
Direct,Qwen3-32B,direct,signed_error,8,2000,1.0,1.0796462500525048,10,N_lnL_interaction,-0.07964625005250481
Direct,Qwen3-32B,direct,signed_error,8,3000,0.9,1.160236549450398,10,N_lnL_interaction,-0.26023654945039787
Direct,Qwen3-32B,direct,signed_error,8,5000,0.4,1.2617683191050002,10,N_lnL_interaction,-0.8617683191050002
Direct,Qwen3-32B,direct,signed_error,8,10000,0.7,1.3995383458990927,10,N_lnL_interaction,-0.6995383458990927
Direct,Qwen3-32B,direct,signed_error,8,20000,1.6,1.537308372693185,10,N_lnL_interaction,0.06269162730681499
Direct,Qwen3-32B,direct,signed_error,10,2000,1.8,1.55464136479757,10,N_lnL_interaction,0.24535863520242995
Direct,Qwen3-32B,direct,signed_error,10,3000,1.6,1.6649741136168277,10,N_lnL_interaction,-0.06497411361682759
Direct,Qwen3-32B,direct,signed_error,10,5000,0.4,1.8039769380531503,10,N_lnL_interaction,-1.4039769380531504
Direct,Qwen3-32B,direct,signed_error,10,10000,1.0,1.9925920179655154,10,N_lnL_interaction,-0.9925920179655154
Direct,Qwen3-32B,direct,signed_error,10,20000,1.8,2.18120709787788,10,N_lnL_interaction,-0.3812070978778801
Direct,Qwen3-32B,direct,signed_error,20,2000,4.8,3.929616938522897,10,N_lnL_interaction,0.8703830614771029
Direct,Qwen3-32B,direct,signed_error,20,3000,5.6,4.188661934448978,10,N_lnL_interaction,1.4113380655510213
Direct,Qwen3-32B,direct,signed_error,20,5000,4.1,4.515020032793901,10,N_lnL_interaction,-0.4150200327939011
Direct,Qwen3-32B,direct,signed_error,20,10000,4.5,4.95786037829763,10,N_lnL_interaction,-0.4578603782976298
Direct,Qwen3-32B,direct,signed_error,20,20000,5.5,5.400700723801357,10,N_lnL_interaction,0.09929927619864287
Direct,Qwen3-32B,direct,signed_error,30,2000,6.4,6.304592512248223,10,N_lnL_interaction,0.09540748775177743
Direct,Qwen3-32B,direct,signed_error,30,3000,8.2,6.712349755281129,10,N_lnL_interaction,1.4876502447188704
Direct,Qwen3-32B,direct,signed_error,30,5000,4.3,7.226063127534653,10,N_lnL_interaction,-2.926063127534653
Direct,Qwen3-32B,direct,signed_error,30,10000,8.6,7.923128738629742,10,N_lnL_interaction,0.6768712613702572
Direct,Qwen3-32B,direct,signed_error,30,20000,10.0,8.620194349724834,10,N_lnL_interaction,1.3798056502751663
Direct,Qwen3-4B,direct,signed_error,1,2000,0.0,0.15373382530037347,10,N_lnL_interaction,-0.15373382530037347
Direct,Qwen3-4B,direct,signed_error,1,3000,0.0,0.22985880325525487,10,N_lnL_interaction,-0.22985880325525487
Direct,Qwen3-4B,direct,signed_error,1,5000,0.1,0.325764933204175,10,N_lnL_interaction,-0.22576493320417498
Direct,Qwen3-4B,direct,signed_error,1,10000,0.1,0.45590144257192533,10,N_lnL_interaction,-0.35590144257192535
Direct,Qwen3-4B,direct,signed_error,1,20000,0.0,0.5860379519396756,10,N_lnL_interaction,-0.5860379519396756
Direct,Qwen3-4B,direct,signed_error,2,2000,0.0,0.004329483127054612,9,N_lnL_interaction,-0.004329483127054612
Direct,Qwen3-4B,direct,signed_error,2,3000,0.0,0.06247445325939518,10,N_lnL_interaction,-0.06247445325939518
Direct,Qwen3-4B,direct,signed_error,2,5000,0.0,0.13626085115416536,10,N_lnL_interaction,-0.13626085115416536
Direct,Qwen3-4B,direct,signed_error,2,10000,0.0,0.2363827543730685,10,N_lnL_interaction,-0.2363827543730685
Direct,Qwen3-4B,direct,signed_error,2,20000,0.0,0.33650465759197146,10,N_lnL_interaction,-0.33650465759197146
Direct,Qwen3-4B,direct,signed_error,3,2000,0.0,-0.1424695103371152,9,N_lnL_interaction,0.1424695103371152
Direct,Qwen3-4B,direct,signed_error,3,3000,-0.1,-0.10490989673646442,10,N_lnL_interaction,0.004909896736464414
Direct,Qwen3-4B,direct,signed_error,3,5000,-0.1,-0.053243230895844075,10,N_lnL_interaction,-0.04675676910415593
Direct,Qwen3-4B,direct,signed_error,3,10000,0.0,0.016864066174211757,10,N_lnL_interaction,-0.016864066174211757
Direct,Qwen3-4B,direct,signed_error,3,20000,-0.3,0.08697136324426746,10,N_lnL_interaction,-0.38697136324426745
Direct,Qwen3-4B,direct,signed_error,4,2000,-0.3333333333333333,-0.28926850380128505,9,N_lnL_interaction,-0.044064829532048266
Direct,Qwen3-4B,direct,signed_error,4,3000,-0.3,-0.27229424673232405,10,N_lnL_interaction,-0.027705753267675937
Direct,Qwen3-4B,direct,signed_error,4,5000,-0.7,-0.24274731294585358,10,N_lnL_interaction,-0.45725268705414635
Direct,Qwen3-4B,direct,signed_error,4,10000,-0.7,-0.20265462202464507,10,N_lnL_interaction,-0.4973453779753549
Direct,Qwen3-4B,direct,signed_error,4,20000,-0.1,-0.16256193110343653,10,N_lnL_interaction,0.06256193110343652
Direct,Qwen3-4B,direct,signed_error,5,2000,-0.375,-0.4281493420095849,8,N_lnL_interaction,0.05314934200958488
Direct,Qwen3-4B,direct,signed_error,5,3000,-0.5,-0.4396785967281837,10,N_lnL_interaction,-0.06032140327181629
Direct,Qwen3-4B,direct,signed_error,5,5000,-0.8,-0.43225139499586307,10,N_lnL_interaction,-0.367748605004137
Direct,Qwen3-4B,direct,signed_error,5,10000,-0.6,-0.4221733102235019,10,N_lnL_interaction,-0.17782668977649807
Direct,Qwen3-4B,direct,signed_error,5,20000,0.1,-0.4120952254511406,10,N_lnL_interaction,0.5120952254511406
Direct,Qwen3-4B,direct,signed_error,6,2000,0.14285714285714285,-0.5846801812232538,7,N_lnL_interaction,0.7275373240803966
Direct,Qwen3-4B,direct,signed_error,6,3000,-0.4,-0.6070629467240433,10,N_lnL_interaction,0.20706294672404324
Direct,Qwen3-4B,direct,signed_error,6,5000,-0.8,-0.6217554770458726,10,N_lnL_interaction,-0.1782445229541274
Direct,Qwen3-4B,direct,signed_error,6,10000,-0.6,-0.6416919984223586,10,N_lnL_interaction,0.0416919984223586
Direct,Qwen3-4B,direct,signed_error,6,20000,-0.6,-0.6616285197988446,10,N_lnL_interaction,0.06162851979884465
Direct,Qwen3-4B,direct,signed_error,8,2000,-0.8,-0.8656699126087443,5,N_lnL_interaction,0.06566991260874422
Direct,Qwen3-4B,direct,signed_error,8,3000,-0.4,-0.9418316467157626,10,N_lnL_interaction,0.5418316467157626
Direct,Qwen3-4B,direct,signed_error,8,5000,-0.8,-1.0007636411458916,10,N_lnL_interaction,0.2007636411458915
Direct,Qwen3-4B,direct,signed_error,8,10000,-0.7,-1.0807293748200721,10,N_lnL_interaction,0.3807293748200722
Direct,Qwen3-4B,direct,signed_error,8,20000,-0.9,-1.1606951084942527,10,N_lnL_interaction,0.2606951084942527
Direct,Qwen3-4B,direct,signed_error,10,2000,-1.8333333333333333,-1.1281599420721706,6,N_lnL_interaction,-0.7051733912611626
Direct,Qwen3-4B,direct,signed_error,10,3000,-0.8,-1.2766003467074818,10,N_lnL_interaction,0.47660034670748175
Direct,Qwen3-4B,direct,signed_error,10,5000,-1.3,-1.3797718052459105,10,N_lnL_interaction,0.07977180524591043
Direct,Qwen3-4B,direct,signed_error,10,10000,-0.5,-1.519766751217786,10,N_lnL_interaction,1.019766751217786
Direct,Qwen3-4B,direct,signed_error,10,20000,-0.9,-1.6597616971896607,10,N_lnL_interaction,0.7597616971896607
Direct,Qwen3-4B,direct,signed_error,20,2000,-4.333333333333333,-2.6790632618205117,3,N_lnL_interaction,-1.6542700715128213
Direct,Qwen3-4B,direct,signed_error,20,3000,-3.6,-2.774053621875898,5,N_lnL_interaction,-0.8259463781241019
Direct,Qwen3-4B,direct,signed_error,20,5000,-2.857142857142857,-3.2566375058221757,7,N_lnL_interaction,0.3994946486793185
Direct,Qwen3-4B,direct,signed_error,20,10000,-1.3,-3.7149536332063535,10,N_lnL_interaction,2.4149536332063537
Direct,Qwen3-4B,direct,signed_error,20,20000,-4.6,-4.155094640666701,10,N_lnL_interaction,-0.44490535933329856
Direct,Qwen3-4B,direct,signed_error,30,3000,-5.0,-4.405267788999723,4,N_lnL_interaction,-0.5947322110002773
Direct,Qwen3-4B,direct,signed_error,30,5000,-9.0,-5.021589718569177,6,N_lnL_interaction,-3.978410281430823
Direct,Qwen3-4B,direct,signed_error,30,10000,-2.3,-5.910140515194921,10,N_lnL_interaction,3.610140515194921
Direct,Qwen3-4B,direct,signed_error,30,20000,-9.7,-6.65042758414374,10,N_lnL_interaction,-3.049572415856259
Direct,Qwen3-8B,direct,signed_error,1,2000,0.1,0.33519883075053475,10,N_lnL_interaction,-0.23519883075053474
Direct,Qwen3-8B,direct,signed_error,1,3000,0.0,0.16060510588213378,10,N_lnL_interaction,-0.16060510588213378
Direct,Qwen3-8B,direct,signed_error,1,5000,0.0,-0.05935697378400745,10,N_lnL_interaction,0.05935697378400745
Direct,Qwen3-8B,direct,signed_error,1,10000,0.1,-0.35782691784564824,10,N_lnL_interaction,0.4578269178456482
Direct,Qwen3-8B,direct,signed_error,1,20000,0.2,-0.6562968619072886,10,N_lnL_interaction,0.8562968619072886
Direct,Qwen3-8B,direct,signed_error,2,2000,0.0,0.30068855780755765,10,N_lnL_interaction,-0.30068855780755765
Direct,Qwen3-8B,direct,signed_error,2,3000,0.0,0.13181650284010799,10,N_lnL_interaction,-0.13181650284010799
Direct,Qwen3-8B,direct,signed_error,2,5000,0.0,-0.08093712525353239,10,N_lnL_interaction,0.08093712525353239
Direct,Qwen3-8B,direct,signed_error,2,10000,0.0,-0.3696258100141112,10,N_lnL_interaction,0.3696258100141112
Direct,Qwen3-8B,direct,signed_error,2,20000,0.0,-0.6583144947746897,10,N_lnL_interaction,0.6583144947746897
Direct,Qwen3-8B,direct,signed_error,3,2000,0.0,0.26617828486458056,10,N_lnL_interaction,-0.26617828486458056
Direct,Qwen3-8B,direct,signed_error,3,3000,0.0,0.10302789979808216,10,N_lnL_interaction,-0.10302789979808216
Direct,Qwen3-8B,direct,signed_error,3,5000,-0.1,-0.10251727672305737,10,N_lnL_interaction,0.002517276723057363
Direct,Qwen3-8B,direct,signed_error,3,10000,-0.1,-0.3814247021825742,10,N_lnL_interaction,0.2814247021825742
Direct,Qwen3-8B,direct,signed_error,3,20000,-0.2222222222222222,-0.6611994936703487,9,N_lnL_interaction,0.4389772714481265
Direct,Qwen3-8B,direct,signed_error,4,2000,0.0,0.23166801192160347,10,N_lnL_interaction,-0.23166801192160347
Direct,Qwen3-8B,direct,signed_error,4,3000,-0.3,0.07423929675605634,10,N_lnL_interaction,-0.3742392967560563
Direct,Qwen3-8B,direct,signed_error,4,5000,-0.4,-0.12409742819258233,10,N_lnL_interaction,-0.2759025718074177
Direct,Qwen3-8B,direct,signed_error,4,10000,-0.2,-0.3932235943510372,10,N_lnL_interaction,0.1932235943510372
Direct,Qwen3-8B,direct,signed_error,4,20000,-0.5,-0.6623497605094918,10,N_lnL_interaction,0.1623497605094918
Direct,Qwen3-8B,direct,signed_error,5,2000,0.4,0.19715773897862637,10,N_lnL_interaction,0.20284226102137365
Direct,Qwen3-8B,direct,signed_error,5,3000,-0.5,0.04545069371403053,10,N_lnL_interaction,-0.5454506937140305
Direct,Qwen3-8B,direct,signed_error,5,5000,-0.6,-0.14567757966210731,10,N_lnL_interaction,-0.45432242033789266
Direct,Qwen3-8B,direct,signed_error,5,10000,-0.4,-0.4050224865195002,10,N_lnL_interaction,0.005022486519500158
Direct,Qwen3-8B,direct,signed_error,5,20000,-0.8,-0.6643673933768929,10,N_lnL_interaction,-0.13563260662310717
Direct,Qwen3-8B,direct,signed_error,6,2000,0.8,0.16264746603564928,10,N_lnL_interaction,0.6373525339643508
Direct,Qwen3-8B,direct,signed_error,6,3000,0.2,0.01666209067200471,10,N_lnL_interaction,0.1833379093279953
Direct,Qwen3-8B,direct,signed_error,6,5000,-0.4,-0.16725773113163228,10,N_lnL_interaction,-0.23274226886836774
Direct,Qwen3-8B,direct,signed_error,6,10000,-0.7,-0.4168213786879632,10,N_lnL_interaction,-0.28317862131203675
Direct,Qwen3-8B,direct,signed_error,6,20000,-1.5,-0.6630158990788071,8,N_lnL_interaction,-0.8369841009211929
Direct,Qwen3-8B,direct,signed_error,8,2000,0.6,0.09362692014969512,10,N_lnL_interaction,0.5063730798503049
Direct,Qwen3-8B,direct,signed_error,8,3000,0.2,-0.04091511541204691,10,N_lnL_interaction,0.2409151154120469
Direct,Qwen3-8B,direct,signed_error,8,5000,-0.3,-0.21041803407068219,10,N_lnL_interaction,-0.0895819659293178
Direct,Qwen3-8B,direct,signed_error,8,10000,-0.8,-0.4404191630248892,10,N_lnL_interaction,-0.35958083697511084
Direct,Qwen3-8B,direct,signed_error,8,20000,-1.75,-0.6745798655108272,8,N_lnL_interaction,-1.075420134489173
Direct,Qwen3-8B,direct,signed_error,10,2000,0.0,0.02460637426374095,10,N_lnL_interaction,-0.02460637426374095
Direct,Qwen3-8B,direct,signed_error,10,3000,-0.2,-0.09849232149609854,10,N_lnL_interaction,-0.10150767850390147
Direct,Qwen3-8B,direct,signed_error,10,5000,-0.4,-0.2535783370097321,10,N_lnL_interaction,-0.14642166299026793
Direct,Qwen3-8B,direct,signed_error,10,10000,-0.8,-0.4640169473618152,10,N_lnL_interaction,-0.33598305263818484
Direct,Qwen3-8B,direct,signed_error,10,20000,-2.0,-0.6769096319433331,9,N_lnL_interaction,-1.323090368056667
Direct,Qwen3-8B,direct,signed_error,20,2000,0.4,-0.3204963551660299,10,N_lnL_interaction,0.72049635516603
Direct,Qwen3-8B,direct,signed_error,20,3000,0.7,-0.3863783519163567,10,N_lnL_interaction,1.0863783519163568
Direct,Qwen3-8B,direct,signed_error,20,5000,-0.1,-0.46937985170498164,10,N_lnL_interaction,0.36937985170498167
Direct,Qwen3-8B,direct,signed_error,20,10000,3.3,-0.5820058690464451,10,N_lnL_interaction,3.882005869046445
Direct,Qwen3-8B,direct,signed_error,20,20000,-3.857142857142857,-0.743733373630377,7,N_lnL_interaction,-3.11340948351248
Direct,Qwen3-8B,direct,signed_error,30,2000,-4.0,-0.6655990845958009,10,N_lnL_interaction,-3.334400915404199
Direct,Qwen3-8B,direct,signed_error,30,3000,0.7,-0.6742643823366148,10,N_lnL_interaction,1.3742643823366147
Direct,Qwen3-8B,direct,signed_error,30,5000,-1.7,-0.6851813664002313,10,N_lnL_interaction,-1.0148186335997686
Direct,Qwen3-8B,direct,signed_error,30,10000,2.2,-0.699994790731075,10,N_lnL_interaction,2.8999947907310752
Direct,Qwen3-8B,direct,signed_error,30,20000,-3.8,-0.766322409082563,5,N_lnL_interaction,-3.0336775909174367
Enumerate,GLM-4-9B-0414,enumeration_bullet,absolute_error,1,2000,0.0,-0.4202560498601672,10,N_L_interaction,0.4202560498601672
Enumerate,GLM-4-9B-0414,enumeration_bullet,absolute_error,1,3000,0.0,-0.48118799705057125,10,N_L_interaction,0.48118799705057125
Enumerate,GLM-4-9B-0414,enumeration_bullet,absolute_error,1,5000,0.0,-0.6030518914313789,10,N_L_interaction,0.6030518914313789
Enumerate,GLM-4-9B-0414,enumeration_bullet,absolute_error,1,10000,0.0,-0.9077116273833987,10,N_L_interaction,0.9077116273833987
Enumerate,GLM-4-9B-0414,enumeration_bullet,absolute_error,1,20000,0.5714285714285714,-1.516042241868062,7,N_L_interaction,2.0874708132966333
Enumerate,GLM-4-9B-0414,enumeration_bullet,absolute_error,2,2000,0.0,-0.28279572261065394,10,N_L_interaction,0.28279572261065394
Enumerate,GLM-4-9B-0414,enumeration_bullet,absolute_error,2,3000,0.3,-0.31715947080815,10,N_L_interaction,0.61715947080815
Enumerate,GLM-4-9B-0414,enumeration_bullet,absolute_error,2,5000,0.0,-0.3858869672031419,10,N_L_interaction,0.3858869672031419
Enumerate,GLM-4-9B-0414,enumeration_bullet,absolute_error,2,10000,0.0,-0.557705708190622,10,N_L_interaction,0.557705708190622
Enumerate,GLM-4-9B-0414,enumeration_bullet,absolute_error,2,20000,0.3,-0.9013431901655821,10,N_L_interaction,1.201343190165582
Enumerate,GLM-4-9B-0414,enumeration_bullet,absolute_error,3,2000,0.0,-0.14533539536114057,10,N_L_interaction,0.14533539536114057
Enumerate,GLM-4-9B-0414,enumeration_bullet,absolute_error,3,3000,0.0,-0.15313094456572868,10,N_L_interaction,0.15313094456572868
Enumerate,GLM-4-9B-0414,enumeration_bullet,absolute_error,3,5000,0.0,-0.16872204297490484,10,N_L_interaction,0.16872204297490484
Enumerate,GLM-4-9B-0414,enumeration_bullet,absolute_error,3,10000,0.0,-0.2076997889978453,10,N_L_interaction,0.2076997889978453
Enumerate,GLM-4-9B-0414,enumeration_bullet,absolute_error,3,20000,0.1,-0.2856552810437264,10,N_L_interaction,0.3856552810437264
Enumerate,GLM-4-9B-0414,enumeration_bullet,absolute_error,4,2000,0.0,-0.007875068111627281,10,N_L_interaction,0.007875068111627281
Enumerate,GLM-4-9B-0414,enumeration_bullet,absolute_error,4,3000,0.0,0.010897581676692525,10,N_L_interaction,-0.010897581676692525
Enumerate,GLM-4-9B-0414,enumeration_bullet,absolute_error,4,5000,0.0,0.04844288125333216,10,N_L_interaction,-0.04844288125333216
Enumerate,GLM-4-9B-0414,enumeration_bullet,absolute_error,4,10000,0.2,0.14230613019493127,10,N_L_interaction,0.05769386980506874
Enumerate,GLM-4-9B-0414,enumeration_bullet,absolute_error,4,20000,0.0,0.3313174563479715,9,N_L_interaction,-0.3313174563479715
Enumerate,GLM-4-9B-0414,enumeration_bullet,absolute_error,5,2000,0.0,0.12958525913788616,10,N_L_interaction,-0.12958525913788616
Enumerate,GLM-4-9B-0414,enumeration_bullet,absolute_error,5,3000,0.0,0.17492610791911384,10,N_L_interaction,-0.17492610791911384
Enumerate,GLM-4-9B-0414,enumeration_bullet,absolute_error,5,5000,0.2,0.2656078054815693,10,N_L_interaction,-0.0656078054815693
Enumerate,GLM-4-9B-0414,enumeration_bullet,absolute_error,5,10000,0.7,0.4923120493877079,10,N_L_interaction,0.20768795061229206
Enumerate,GLM-4-9B-0414,enumeration_bullet,absolute_error,5,20000,0.25,0.9449635595976384,8,N_L_interaction,-0.6949635595976384
Enumerate,GLM-4-9B-0414,enumeration_bullet,absolute_error,6,2000,0.1,0.2670455863873994,10,N_L_interaction,-0.1670455863873994
Enumerate,GLM-4-9B-0414,enumeration_bullet,absolute_error,6,3000,0.0,0.33895463416153504,10,N_L_interaction,-0.33895463416153504
Enumerate,GLM-4-9B-0414,enumeration_bullet,absolute_error,6,5000,0.1,0.4827727297098064,10,N_L_interaction,-0.38277272970980636
Enumerate,GLM-4-9B-0414,enumeration_bullet,absolute_error,6,10000,0.4,0.8423179685804845,10,N_L_interaction,-0.44231796858048444
Enumerate,GLM-4-9B-0414,enumeration_bullet,absolute_error,6,20000,0.4444444444444444,1.5552109009849429,9,N_L_interaction,-1.1107664565404984
Enumerate,GLM-4-9B-0414,enumeration_bullet,absolute_error,8,2000,0.0,0.5419662408864261,10,N_L_interaction,-0.5419662408864261
Enumerate,GLM-4-9B-0414,enumeration_bullet,absolute_error,8,3000,0.0,0.6670116866463776,10,N_L_interaction,-0.6670116866463776
Enumerate,GLM-4-9B-0414,enumeration_bullet,absolute_error,8,5000,0.5,0.9171025781662806,10,N_L_interaction,-0.4171025781662806
Enumerate,GLM-4-9B-0414,enumeration_bullet,absolute_error,8,10000,1.6,1.5423298069660378,10,N_L_interaction,0.05767019303396226
Enumerate,GLM-4-9B-0414,enumeration_bullet,absolute_error,8,20000,1.7142857142857142,2.806891618594647,7,N_L_interaction,-1.0926059043089327
Enumerate,GLM-4-9B-0414,enumeration_bullet,absolute_error,10,2000,0.2,0.8168868953854528,10,N_L_interaction,-0.6168868953854527
Enumerate,GLM-4-9B-0414,enumeration_bullet,absolute_error,10,3000,0.8,0.9950687391312201,10,N_L_interaction,-0.19506873913122003
Enumerate,GLM-4-9B-0414,enumeration_bullet,absolute_error,10,5000,1.3,1.3514324266227546,10,N_L_interaction,-0.0514324266227546
Enumerate,GLM-4-9B-0414,enumeration_bullet,absolute_error,10,10000,2.2,2.242341645351591,10,N_L_interaction,-0.042341645351590795
Enumerate,GLM-4-9B-0414,enumeration_bullet,absolute_error,10,20000,1.5714285714285714,4.017428797385201,7,N_L_interaction,-2.44600022595663
Enumerate,GLM-4-9B-0414,enumeration_bullet,absolute_error,20,2000,0.8,2.1914901678805863,10,N_L_interaction,-1.3914901678805862
Enumerate,GLM-4-9B-0414,enumeration_bullet,absolute_error,20,3000,1.4,2.6353540015554326,10,N_L_interaction,-1.2353540015554327
Enumerate,GLM-4-9B-0414,enumeration_bullet,absolute_error,20,5000,3.4,3.5230816689051254,10,N_L_interaction,-0.12308166890512551
Enumerate,GLM-4-9B-0414,enumeration_bullet,absolute_error,20,10000,5.111111111111111,5.727012538660482,9,N_L_interaction,-0.615901427549371
Enumerate,GLM-4-9B-0414,enumeration_bullet,absolute_error,20,20000,8.6,10.23999313886502,5,N_L_interaction,-1.6399931388650195
Enumerate,GLM-4-9B-0414,enumeration_bullet,absolute_error,30,2000,4.0,3.5660934403757194,10,N_L_interaction,0.4339065596242806
Enumerate,GLM-4-9B-0414,enumeration_bullet,absolute_error,30,3000,4.2,4.275639263979645,10,N_L_interaction,-0.07563926397964504
Enumerate,GLM-4-9B-0414,enumeration_bullet,absolute_error,30,5000,6.2,5.694730911187496,10,N_L_interaction,0.5052690888125042
Enumerate,GLM-4-9B-0414,enumeration_bullet,absolute_error,30,10000,12.7,9.242460029207123,10,N_L_interaction,3.457539970792876
Enumerate,GLM-4-9B-0414,enumeration_bullet,absolute_error,30,20000,16.666666666666668,16.32835257744243,3,N_L_interaction,0.33831408922423734
Enumerate,GLM-4-9B-0414,enumeration_index,absolute_error,1,2000,0.0,-0.5483125019371897,10,N_L_interaction,0.5483125019371897
Enumerate,GLM-4-9B-0414,enumeration_index,absolute_error,1,3000,0.0,-0.3606803183739678,10,N_L_interaction,0.3606803183739678
Enumerate,GLM-4-9B-0414,enumeration_index,absolute_error,1,5000,0.0,0.014584048752475876,10,N_L_interaction,-0.014584048752475876
Enumerate,GLM-4-9B-0414,enumeration_index,absolute_error,1,10000,0.375,0.9374723237705983,8,N_L_interaction,-0.5624723237705983
Enumerate,GLM-4-9B-0414,enumeration_index,absolute_error,1,20000,30.0,2.7916077853348926,9,N_L_interaction,27.208392214665107
Enumerate,GLM-4-9B-0414,enumeration_index,absolute_error,2,2000,0.0,-0.5717281741271184,10,N_L_interaction,0.5717281741271184
Enumerate,GLM-4-9B-0414,enumeration_index,absolute_error,2,3000,0.3,-0.3407884233900898,10,N_L_interaction,0.6407884233900898
Enumerate,GLM-4-9B-0414,enumeration_index,absolute_error,2,5000,0.0,0.12109107808396753,10,N_L_interaction,-0.12109107808396753
Enumerate,GLM-4-9B-0414,enumeration_index,absolute_error,2,10000,0.3,1.275789831769111,10,N_L_interaction,-0.9757898317691109
Enumerate,GLM-4-9B-0414,enumeration_index,absolute_error,2,20000,1.5,3.585187339139398,10,N_L_interaction,-2.085187339139398
Enumerate,GLM-4-9B-0414,enumeration_index,absolute_error,3,2000,0.0,-0.5951438463170471,10,N_L_interaction,0.5951438463170471
Enumerate,GLM-4-9B-0414,enumeration_index,absolute_error,3,3000,0.0,-0.3208965284062116,10,N_L_interaction,0.3208965284062116
Enumerate,GLM-4-9B-0414,enumeration_index,absolute_error,3,5000,0.0,0.22759810741545944,10,N_L_interaction,-0.22759810741545944
Enumerate,GLM-4-9B-0414,enumeration_index,absolute_error,3,10000,0.0,1.598834696969637,10,N_L_interaction,-1.598834696969637
Enumerate,GLM-4-9B-0414,enumeration_index,absolute_error,3,20000,0.1,4.341307876077993,10,N_L_interaction,-4.241307876077993
Enumerate,GLM-4-9B-0414,enumeration_index,absolute_error,4,2000,0.0,-0.6185595185069757,10,N_L_interaction,0.6185595185069757
Enumerate,GLM-4-9B-0414,enumeration_index,absolute_error,4,3000,0.0,-0.30100463342233363,10,N_L_interaction,0.30100463342233363
Enumerate,GLM-4-9B-0414,enumeration_index,absolute_error,4,5000,0.0,0.3341051367469513,10,N_L_interaction,-0.3341051367469513
Enumerate,GLM-4-9B-0414,enumeration_index,absolute_error,4,10000,0.2222222222222222,1.9095673265018343,9,N_L_interaction,-1.6873451042796122
Enumerate,GLM-4-9B-0414,enumeration_index,absolute_error,4,20000,0.0,5.097428413016587,10,N_L_interaction,-5.097428413016587
Enumerate,GLM-4-9B-0414,enumeration_index,absolute_error,5,2000,0.0,-0.6419751906969046,10,N_L_interaction,0.6419751906969046
Enumerate,GLM-4-9B-0414,enumeration_index,absolute_error,5,3000,0.0,-0.2811127384384554,10,N_L_interaction,0.2811127384384554
Enumerate,GLM-4-9B-0414,enumeration_index,absolute_error,5,5000,0.0,0.44061216607844295,10,N_L_interaction,-0.44061216607844295
Enumerate,GLM-4-9B-0414,enumeration_index,absolute_error,5,10000,0.4444444444444444,2.2212070824628474,9,N_L_interaction,-1.776762638018403
Enumerate,GLM-4-9B-0414,enumeration_index,absolute_error,5,20000,15.8,5.853548949955181,10,N_L_interaction,9.94645105004482
Enumerate,GLM-4-9B-0414,enumeration_index,absolute_error,6,2000,0.1,-0.6653908628868334,10,N_L_interaction,0.7653908628868333
Enumerate,GLM-4-9B-0414,enumeration_index,absolute_error,6,3000,0.0,-0.26122084345457736,10,N_L_interaction,0.26122084345457736
Enumerate,GLM-4-9B-0414,enumeration_index,absolute_error,6,5000,0.3,0.5471191954099348,10,N_L_interaction,-0.24711919540993482
Enumerate,GLM-4-9B-0414,enumeration_index,absolute_error,6,10000,1.0,2.5410569238668694,9,N_L_interaction,-1.5410569238668694
Enumerate,GLM-4-9B-0414,enumeration_index,absolute_error,6,20000,0.8,6.609669486893776,10,N_L_interaction,-5.809669486893776
Enumerate,GLM-4-9B-0414,enumeration_index,absolute_error,8,2000,0.0,-0.7122222072666907,10,N_L_interaction,0.7122222072666907
Enumerate,GLM-4-9B-0414,enumeration_index,absolute_error,8,3000,0.0,-0.221437053486821,10,N_L_interaction,0.221437053486821
Enumerate,GLM-4-9B-0414,enumeration_index,absolute_error,8,5000,0.4,0.7601332540729184,10,N_L_interaction,-0.3601332540729184
Enumerate,GLM-4-9B-0414,enumeration_index,absolute_error,8,10000,1.3,3.214059022972267,10,N_L_interaction,-1.914059022972267
Enumerate,GLM-4-9B-0414,enumeration_index,absolute_error,8,20000,2.0,8.121910560770965,10,N_L_interaction,-6.121910560770965
Enumerate,GLM-4-9B-0414,enumeration_index,absolute_error,10,2000,0.3,-0.759053551646548,10,N_L_interaction,1.059053551646548
Enumerate,GLM-4-9B-0414,enumeration_index,absolute_error,10,3000,0.5,-0.1816532635190648,10,N_L_interaction,0.6816532635190649
Enumerate,GLM-4-9B-0414,enumeration_index,absolute_error,10,5000,0.3,0.973147312735902,10,N_L_interaction,-0.673147312735902
Enumerate,GLM-4-9B-0414,enumeration_index,absolute_error,10,10000,1.0,3.8204562894829572,9,N_L_interaction,-2.8204562894829572
Enumerate,GLM-4-9B-0414,enumeration_index,absolute_error,10,20000,4.0,9.634151634648152,10,N_L_interaction,-5.634151634648152
Enumerate,GLM-4-9B-0414,enumeration_index,absolute_error,20,2000,0.7,-0.993210273545835,10,N_L_interaction,1.693210273545835
Enumerate,GLM-4-9B-0414,enumeration_index,absolute_error,20,3000,1.1,0.017265686319716523,10,N_L_interaction,1.0827343136802836
Enumerate,GLM-4-9B-0414,enumeration_index,absolute_error,20,5000,1.8,2.03821760605082,10,N_L_interaction,-0.2382176060508201
Enumerate,GLM-4-9B-0414,enumeration_index,absolute_error,20,10000,2.9,7.090597405378579,10,N_L_interaction,-4.190597405378579
Enumerate,GLM-4-9B-0414,enumeration_index,absolute_error,20,20000,1.1428571428571428,17.55380000256218,7,N_L_interaction,-16.410942859705038
Enumerate,GLM-4-9B-0414,enumeration_index,absolute_error,30,2000,0.0,-1.2273669954451223,10,N_L_interaction,1.2273669954451223
Enumerate,GLM-4-9B-0414,enumeration_index,absolute_error,30,3000,0.9,0.21618463615849787,10,N_L_interaction,0.6838153638415021
Enumerate,GLM-4-9B-0414,enumeration_index,absolute_error,30,5000,3.9,3.1032878993657382,10,N_L_interaction,0.7967121006342617
Enumerate,GLM-4-9B-0414,enumeration_index,absolute_error,30,10000,6.0,10.321046057383839,10,N_L_interaction,-4.321046057383839
Enumerate,GLM-4-9B-0414,enumeration_index,absolute_error,30,20000,41.44444444444444,24.59706692081733,9,N_L_interaction,16.847377523627113
Enumerate,Gemma4-12B,enumeration_bullet,absolute_error,1,2000,0.0,-0.15601222279544097,10,N_L_interaction,0.15601222279544097
Enumerate,Gemma4-12B,enumeration_bullet,absolute_error,1,3000,0.0,-0.1570936828446737,10,N_L_interaction,0.1570936828446737
Enumerate,Gemma4-12B,enumeration_bullet,absolute_error,1,5000,0.0,-0.15925660294313915,10,N_L_interaction,0.15925660294313915
Enumerate,Gemma4-12B,enumeration_bullet,absolute_error,1,10000,0.0,-0.1646639031893028,10,N_L_interaction,0.1646639031893028
Enumerate,Gemma4-12B,enumeration_bullet,absolute_error,1,20000,0.0,-0.17547850368163004,10,N_L_interaction,0.17547850368163004
Enumerate,Gemma4-12B,enumeration_bullet,absolute_error,2,2000,0.0,-0.10934942836424473,10,N_L_interaction,0.10934942836424473
Enumerate,Gemma4-12B,enumeration_bullet,absolute_error,2,3000,0.0,-0.10710040514165493,10,N_L_interaction,0.10710040514165493
Enumerate,Gemma4-12B,enumeration_bullet,absolute_error,2,5000,0.0,-0.10260235869647541,10,N_L_interaction,0.10260235869647541
Enumerate,Gemma4-12B,enumeration_bullet,absolute_error,2,10000,0.0,-0.09135724258352644,10,N_L_interaction,0.09135724258352644
Enumerate,Gemma4-12B,enumeration_bullet,absolute_error,2,20000,0.0,-0.0688670103576286,10,N_L_interaction,0.0688670103576286
Enumerate,Gemma4-12B,enumeration_bullet,absolute_error,3,2000,0.0,-0.06268663393304842,10,N_L_interaction,0.06268663393304842
Enumerate,Gemma4-12B,enumeration_bullet,absolute_error,3,3000,0.0,-0.05710712743863614,10,N_L_interaction,0.05710712743863614
Enumerate,Gemma4-12B,enumeration_bullet,absolute_error,3,5000,0.0,-0.04594811444981157,10,N_L_interaction,0.04594811444981157
Enumerate,Gemma4-12B,enumeration_bullet,absolute_error,3,10000,0.0,-0.018050581977750058,10,N_L_interaction,0.018050581977750058
Enumerate,Gemma4-12B,enumeration_bullet,absolute_error,3,20000,0.0,0.03774448296637293,10,N_L_interaction,-0.03774448296637293
Enumerate,Gemma4-12B,enumeration_bullet,absolute_error,4,2000,0.0,-0.016023839501852172,10,N_L_interaction,0.016023839501852172
Enumerate,Gemma4-12B,enumeration_bullet,absolute_error,4,3000,0.0,-0.00711384973561735,10,N_L_interaction,0.00711384973561735
Enumerate,Gemma4-12B,enumeration_bullet,absolute_error,4,5000,0.0,0.010706129796852254,10,N_L_interaction,-0.010706129796852254
Enumerate,Gemma4-12B,enumeration_bullet,absolute_error,4,10000,0.0,0.055256078628026305,10,N_L_interaction,-0.055256078628026305
Enumerate,Gemma4-12B,enumeration_bullet,absolute_error,4,20000,0.1,0.14435597629037442,10,N_L_interaction,-0.04435597629037441
Enumerate,Gemma4-12B,enumeration_bullet,absolute_error,5,2000,0.0,0.03063895492934407,10,N_L_interaction,-0.03063895492934407
Enumerate,Gemma4-12B,enumeration_bullet,absolute_error,5,3000,0.0,0.04287942796740138,10,N_L_interaction,-0.04287942796740138
Enumerate,Gemma4-12B,enumeration_bullet,absolute_error,5,5000,0.0,0.06736037404351605,10,N_L_interaction,-0.06736037404351605
Enumerate,Gemma4-12B,enumeration_bullet,absolute_error,5,10000,0.0,0.12856273923380265,10,N_L_interaction,-0.12856273923380265
Enumerate,Gemma4-12B,enumeration_bullet,absolute_error,5,20000,0.2,0.2509674696143759,10,N_L_interaction,-0.05096746961437587
Enumerate,Gemma4-12B,enumeration_bullet,absolute_error,6,2000,0.0,0.07730174936054035,10,N_L_interaction,-0.07730174936054035
Enumerate,Gemma4-12B,enumeration_bullet,absolute_error,6,3000,0.0,0.0928727056704202,10,N_L_interaction,-0.0928727056704202
Enumerate,Gemma4-12B,enumeration_bullet,absolute_error,6,5000,0.1,0.12401461829017986,10,N_L_interaction,-0.024014618290179854
Enumerate,Gemma4-12B,enumeration_bullet,absolute_error,6,10000,0.1,0.20186939983957902,10,N_L_interaction,-0.10186939983957902
Enumerate,Gemma4-12B,enumeration_bullet,absolute_error,6,20000,0.4,0.3575789629383774,10,N_L_interaction,0.042421037061622646
Enumerate,Gemma4-12B,enumeration_bullet,absolute_error,8,2000,0.0,0.1706273382229329,10,N_L_interaction,-0.1706273382229329
Enumerate,Gemma4-12B,enumeration_bullet,absolute_error,8,3000,0.0,0.19285926107645776,10,N_L_interaction,-0.19285926107645776
Enumerate,Gemma4-12B,enumeration_bullet,absolute_error,8,5000,0.0,0.23732310678350746,10,N_L_interaction,-0.23732310678350746
Enumerate,Gemma4-12B,enumeration_bullet,absolute_error,8,10000,0.1,0.34848272105113176,10,N_L_interaction,-0.24848272105113176
Enumerate,Gemma4-12B,enumeration_bullet,absolute_error,8,20000,0.3,0.5708019495863803,10,N_L_interaction,-0.2708019495863803
Enumerate,Gemma4-12B,enumeration_bullet,absolute_error,10,2000,0.3,0.2639529270853254,10,N_L_interaction,0.03604707291467457
Enumerate,Gemma4-12B,enumeration_bullet,absolute_error,10,3000,0.1,0.2928458164824953,10,N_L_interaction,-0.1928458164824953
Enumerate,Gemma4-12B,enumeration_bullet,absolute_error,10,5000,0.4,0.3506315952768351,10,N_L_interaction,0.04936840472316495
Enumerate,Gemma4-12B,enumeration_bullet,absolute_error,10,10000,0.2,0.4950960422626845,10,N_L_interaction,-0.2950960422626845
Enumerate,Gemma4-12B,enumeration_bullet,absolute_error,10,20000,0.7,0.7840249362343833,10,N_L_interaction,-0.08402493623438334
Enumerate,Gemma4-12B,enumeration_bullet,absolute_error,20,2000,0.9,0.7305808713972881,10,N_L_interaction,0.1694191286027119
Enumerate,Gemma4-12B,enumeration_bullet,absolute_error,20,3000,1.0,0.7927785935126831,10,N_L_interaction,0.2072214064873169
Enumerate,Gemma4-12B,enumeration_bullet,absolute_error,20,5000,0.9,0.9171740377434732,10,N_L_interaction,-0.017174037743473147
Enumerate,Gemma4-12B,enumeration_bullet,absolute_error,20,10000,1.0,1.2281626483204482,10,N_L_interaction,-0.2281626483204482
Enumerate,Gemma4-12B,enumeration_bullet,absolute_error,20,20000,2.7,1.8501398694743982,10,N_L_interaction,0.8498601305256019
Enumerate,Gemma4-12B,enumeration_bullet,absolute_error,30,2000,1.1,1.1972088157092506,10,N_L_interaction,-0.09720881570925055
Enumerate,Gemma4-12B,enumeration_bullet,absolute_error,30,3000,1.4,1.292711370542871,10,N_L_interaction,0.10728862945712891
Enumerate,Gemma4-12B,enumeration_bullet,absolute_error,30,5000,1.7,1.4837164802101113,10,N_L_interaction,0.2162835197898887
Enumerate,Gemma4-12B,enumeration_bullet,absolute_error,30,10000,1.9,1.9612292543782117,10,N_L_interaction,-0.061229254378211806
Enumerate,Gemma4-12B,enumeration_bullet,absolute_error,30,20000,2.6,2.916254802714413,10,N_L_interaction,-0.316254802714413
Enumerate,Gemma4-12B,enumeration_index,absolute_error,1,2000,0.0,0.005851428818812324,10,N_L_interaction,-0.005851428818812324
Enumerate,Gemma4-12B,enumeration_index,absolute_error,1,3000,0.0,0.005522409059588346,10,N_L_interaction,-0.005522409059588346
Enumerate,Gemma4-12B,enumeration_index,absolute_error,1,5000,0.0,0.004864369541140423,10,N_L_interaction,-0.004864369541140423
Enumerate,Gemma4-12B,enumeration_index,absolute_error,1,10000,0.0,0.003219270745020617,10,N_L_interaction,-0.003219270745020617
Enumerate,Gemma4-12B,enumeration_index,absolute_error,1,20000,0.0,-7.092684721899944e-05,10,N_L_interaction,7.092684721899944e-05
Enumerate,Gemma4-12B,enumeration_index,absolute_error,2,2000,0.0,-0.00044958818414960605,10,N_L_interaction,0.00044958818414960605
Enumerate,Gemma4-12B,enumeration_index,absolute_error,2,3000,0.0,0.0018353313827853123,10,N_L_interaction,-0.0018353313827853123
Enumerate,Gemma4-12B,enumeration_index,absolute_error,2,5000,0.0,0.006405170516655125,10,N_L_interaction,-0.006405170516655125
Enumerate,Gemma4-12B,enumeration_index,absolute_error,2,10000,0.0,0.017829768351329708,10,N_L_interaction,-0.017829768351329708
Enumerate,Gemma4-12B,enumeration_index,absolute_error,2,20000,0.0,0.04067896402067886,10,N_L_interaction,-0.04067896402067886
Enumerate,Gemma4-12B,enumeration_index,absolute_error,3,2000,0.0,-0.0067506051871115465,10,N_L_interaction,0.0067506051871115465
Enumerate,Gemma4-12B,enumeration_index,absolute_error,3,3000,0.0,-0.001851746294017758,10,N_L_interaction,0.001851746294017758
Enumerate,Gemma4-12B,enumeration_index,absolute_error,3,5000,0.0,0.007945971492169805,10,N_L_interaction,-0.007945971492169805
Enumerate,Gemma4-12B,enumeration_index,absolute_error,3,10000,0.0,0.03244026595763879,10,N_L_interaction,-0.03244026595763879
Enumerate,Gemma4-12B,enumeration_index,absolute_error,3,20000,0.0,0.08142885488857672,10,N_L_interaction,-0.08142885488857672
Enumerate,Gemma4-12B,enumeration_index,absolute_error,4,2000,0.0,-0.013051622190073515,10,N_L_interaction,0.013051622190073515
Enumerate,Gemma4-12B,enumeration_index,absolute_error,4,3000,0.0,-0.00553882397082083,10,N_L_interaction,0.00553882397082083
Enumerate,Gemma4-12B,enumeration_index,absolute_error,4,5000,0.0,0.00948677246768451,10,N_L_interaction,-0.00948677246768451
Enumerate,Gemma4-12B,enumeration_index,absolute_error,4,10000,0.0,0.04705076356394786,10,N_L_interaction,-0.04705076356394786
Enumerate,Gemma4-12B,enumeration_index,absolute_error,4,20000,0.1,0.12217874575647458,10,N_L_interaction,-0.022178745756474577
Enumerate,Gemma4-12B,enumeration_index,absolute_error,5,2000,0.0,-0.019352639193035436,10,N_L_interaction,0.019352639193035436
Enumerate,Gemma4-12B,enumeration_index,absolute_error,5,3000,0.0,-0.009225901647623899,10,N_L_interaction,0.009225901647623899
Enumerate,Gemma4-12B,enumeration_index,absolute_error,5,5000,0.0,0.011027573443199223,10,N_L_interaction,-0.011027573443199223
Enumerate,Gemma4-12B,enumeration_index,absolute_error,5,10000,0.0,0.061661261170256956,10,N_L_interaction,-0.061661261170256956
Enumerate,Gemma4-12B,enumeration_index,absolute_error,5,20000,0.1,0.16292863662437246,10,N_L_interaction,-0.06292863662437245
Enumerate,Gemma4-12B,enumeration_index,absolute_error,6,2000,0.0,-0.025653656195997375,10,N_L_interaction,0.025653656195997375
Enumerate,Gemma4-12B,enumeration_index,absolute_error,6,3000,0.0,-0.012912979324426938,10,N_L_interaction,0.012912979324426938
Enumerate,Gemma4-12B,enumeration_index,absolute_error,6,5000,0.1,0.012568374418713908,10,N_L_interaction,0.0874316255812861
Enumerate,Gemma4-12B,enumeration_index,absolute_error,6,10000,0.0,0.07627175877656603,10,N_L_interaction,-0.07627175877656603
Enumerate,Gemma4-12B,enumeration_index,absolute_error,6,20000,0.4,0.20367852749227028,10,N_L_interaction,0.19632147250772974
Enumerate,Gemma4-12B,enumeration_index,absolute_error,8,2000,0.0,-0.038255690201921246,10,N_L_interaction,0.038255690201921246
Enumerate,Gemma4-12B,enumeration_index,absolute_error,8,3000,0.0,-0.020287134678033066,10,N_L_interaction,0.020287134678033066
Enumerate,Gemma4-12B,enumeration_index,absolute_error,8,5000,0.0,0.015649976369743284,10,N_L_interaction,-0.015649976369743284
Enumerate,Gemma4-12B,enumeration_index,absolute_error,8,10000,0.1,0.1054927539891842,10,N_L_interaction,-0.005492753989184196
Enumerate,Gemma4-12B,enumeration_index,absolute_error,8,20000,0.1,0.28517830922806603,10,N_L_interaction,-0.18517830922806602
Enumerate,Gemma4-12B,enumeration_index,absolute_error,10,2000,0.0,-0.05085772420784512,10,N_L_interaction,0.05085772420784512
Enumerate,Gemma4-12B,enumeration_index,absolute_error,10,3000,0.0,-0.027661290031639186,10,N_L_interaction,0.027661290031639186
Enumerate,Gemma4-12B,enumeration_index,absolute_error,10,5000,0.0,0.018731578320772678,10,N_L_interaction,-0.018731578320772678
Enumerate,Gemma4-12B,enumeration_index,absolute_error,10,10000,0.0,0.13471374920180237,10,N_L_interaction,-0.13471374920180237
Enumerate,Gemma4-12B,enumeration_index,absolute_error,10,20000,0.6,0.3666780909638617,10,N_L_interaction,0.23332190903613825
Enumerate,Gemma4-12B,enumeration_index,absolute_error,20,2000,0.0,-0.11386789423746453,10,N_L_interaction,0.11386789423746453
Enumerate,Gemma4-12B,enumeration_index,absolute_error,20,3000,0.0,-0.0645320667996698,10,N_L_interaction,0.0645320667996698
Enumerate,Gemma4-12B,enumeration_index,absolute_error,20,5000,0.0,0.034139588075919616,10,N_L_interaction,-0.034139588075919616
Enumerate,Gemma4-12B,enumeration_index,absolute_error,20,10000,0.0,0.28081872526489315,10,N_L_interaction,-0.28081872526489315
Enumerate,Gemma4-12B,enumeration_index,absolute_error,20,20000,1.3,0.7741769996428404,10,N_L_interaction,0.5258230003571597
Enumerate,Gemma4-12B,enumeration_index,absolute_error,30,2000,0.0,-0.1768780642670839,10,N_L_interaction,0.1768780642670839
Enumerate,Gemma4-12B,enumeration_index,absolute_error,30,3000,0.0,-0.10140284356770042,10,N_L_interaction,0.10140284356770042
Enumerate,Gemma4-12B,enumeration_index,absolute_error,30,5000,0.0,0.04954759783106655,10,N_L_interaction,-0.04954759783106655
Enumerate,Gemma4-12B,enumeration_index,absolute_error,30,10000,0.0,0.42692370132798396,10,N_L_interaction,-0.42692370132798396
Enumerate,Gemma4-12B,enumeration_index,absolute_error,30,20000,1.1,1.1816759083218187,10,N_L_interaction,-0.08167590832181859
Enumerate,Gemma4-E4B,enumeration_bullet,absolute_error,1,2000,0.0,-0.031251778282048406,10,N_L_interaction,0.031251778282048406
Enumerate,Gemma4-E4B,enumeration_bullet,absolute_error,1,3000,0.0,-0.03997332727244142,10,N_L_interaction,0.03997332727244142
Enumerate,Gemma4-E4B,enumeration_bullet,absolute_error,1,5000,0.0,-0.0574164252532273,10,N_L_interaction,0.0574164252532273
Enumerate,Gemma4-E4B,enumeration_bullet,absolute_error,1,10000,0.0,-0.10102417020519192,10,N_L_interaction,0.10102417020519192
Enumerate,Gemma4-E4B,enumeration_bullet,absolute_error,1,20000,0.0,-0.18823966010912122,10,N_L_interaction,0.18823966010912122
Enumerate,Gemma4-E4B,enumeration_bullet,absolute_error,2,2000,0.0,-0.028496646668132074,10,N_L_interaction,0.028496646668132074
Enumerate,Gemma4-E4B,enumeration_bullet,absolute_error,2,3000,0.0,-0.026336011429105875,10,N_L_interaction,0.026336011429105875
Enumerate,Gemma4-E4B,enumeration_bullet,absolute_error,2,5000,0.0,-0.02201474095105354,10,N_L_interaction,0.02201474095105354
Enumerate,Gemma4-E4B,enumeration_bullet,absolute_error,2,10000,0.0,-0.011211564755922476,10,N_L_interaction,0.011211564755922476
Enumerate,Gemma4-E4B,enumeration_bullet,absolute_error,2,20000,0.0,0.010394787634339615,10,N_L_interaction,-0.010394787634339615
Enumerate,Gemma4-E4B,enumeration_bullet,absolute_error,3,2000,0.0,-0.025741515054215756,10,N_L_interaction,0.025741515054215756
Enumerate,Gemma4-E4B,enumeration_bullet,absolute_error,3,3000,0.1,-0.012698695585770414,10,N_L_interaction,0.11269869558577042
Enumerate,Gemma4-E4B,enumeration_bullet,absolute_error,3,5000,0.1,0.013386943351120218,10,N_L_interaction,0.08661305664887979
Enumerate,Gemma4-E4B,enumeration_bullet,absolute_error,3,10000,0.0,0.07860104069334702,10,N_L_interaction,-0.07860104069334702
Enumerate,Gemma4-E4B,enumeration_bullet,absolute_error,3,20000,0.2,0.20902923537780044,10,N_L_interaction,-0.009029235377800426
Enumerate,Gemma4-E4B,enumeration_bullet,absolute_error,4,2000,0.0,-0.02298638344029953,10,N_L_interaction,0.02298638344029953
Enumerate,Gemma4-E4B,enumeration_bullet,absolute_error,4,3000,0.0,0.0009386202575649927,10,N_L_interaction,-0.0009386202575649927
Enumerate,Gemma4-E4B,enumeration_bullet,absolute_error,4,5000,0.1,0.048788627653293976,10,N_L_interaction,0.05121137234670603
Enumerate,Gemma4-E4B,enumeration_bullet,absolute_error,4,10000,0.0,0.1684136461426164,10,N_L_interaction,-0.1684136461426164
Enumerate,Gemma4-E4B,enumeration_bullet,absolute_error,4,20000,0.1,0.40766368312126133,10,N_L_interaction,-0.30766368312126136
Enumerate,Gemma4-E4B,enumeration_bullet,absolute_error,5,2000,0.0,-0.02023125182638318,10,N_L_interaction,0.02023125182638318
Enumerate,Gemma4-E4B,enumeration_bullet,absolute_error,5,3000,0.0,0.014575936100900456,10,N_L_interaction,-0.014575936100900456
Enumerate,Gemma4-E4B,enumeration_bullet,absolute_error,5,5000,0.2,0.08419031195546779,10,N_L_interaction,0.11580968804453222
Enumerate,Gemma4-E4B,enumeration_bullet,absolute_error,5,10000,0.3,0.2582262515918859,10,N_L_interaction,0.0417737484081141
Enumerate,Gemma4-E4B,enumeration_bullet,absolute_error,5,20000,0.3,0.6062981308647222,10,N_L_interaction,-0.3062981308647222
Enumerate,Gemma4-E4B,enumeration_bullet,absolute_error,6,2000,0.0,-0.017476120212466827,10,N_L_interaction,0.017476120212466827
Enumerate,Gemma4-E4B,enumeration_bullet,absolute_error,6,3000,0.0,0.028213251944235997,10,N_L_interaction,-0.028213251944235997
Enumerate,Gemma4-E4B,enumeration_bullet,absolute_error,6,5000,0.0,0.1195919962576415,10,N_L_interaction,-0.1195919962576415
Enumerate,Gemma4-E4B,enumeration_bullet,absolute_error,6,10000,0.3,0.34803885704115534,10,N_L_interaction,-0.04803885704115535
Enumerate,Gemma4-E4B,enumeration_bullet,absolute_error,6,20000,0.9,0.804932578608183,10,N_L_interaction,0.09506742139181701
Enumerate,Gemma4-E4B,enumeration_bullet,absolute_error,8,2000,0.0,-0.011965856984634126,10,N_L_interaction,0.011965856984634126
Enumerate,Gemma4-E4B,enumeration_bullet,absolute_error,8,3000,0.0,0.05548788363090693,10,N_L_interaction,-0.05548788363090693
Enumerate,Gemma4-E4B,enumeration_bullet,absolute_error,8,5000,0.6,0.19039536486198896,10,N_L_interaction,0.40960463513801104
Enumerate,Gemma4-E4B,enumeration_bullet,absolute_error,8,10000,0.7,0.5276640679396942,10,N_L_interaction,0.17233593206030573
Enumerate,Gemma4-E4B,enumeration_bullet,absolute_error,8,20000,1.0,1.2022014740951046,10,N_L_interaction,-0.20220147409510458
Enumerate,Gemma4-E4B,enumeration_bullet,absolute_error,10,2000,0.0,-0.006455593756801492,10,N_L_interaction,0.006455593756801492
Enumerate,Gemma4-E4B,enumeration_bullet,absolute_error,10,3000,0.0,0.08276251531757786,10,N_L_interaction,-0.08276251531757786
Enumerate,Gemma4-E4B,enumeration_bullet,absolute_error,10,5000,0.2,0.2611987334663365,10,N_L_interaction,-0.061198733466336475
Enumerate,Gemma4-E4B,enumeration_bullet,absolute_error,10,10000,0.0,0.707289278838233,10,N_L_interaction,-0.707289278838233
Enumerate,Gemma4-E4B,enumeration_bullet,absolute_error,10,20000,2.4,1.599470369582026,10,N_L_interaction,0.8005296304179739
Enumerate,Gemma4-E4B,enumeration_bullet,absolute_error,20,2000,0.0,0.021095722382361792,10,N_L_interaction,-0.021095722382361792
Enumerate,Gemma4-E4B,enumeration_bullet,absolute_error,20,3000,0.0,0.2191356737509325,10,N_L_interaction,-0.2191356737509325
Enumerate,Gemma4-E4B,enumeration_bullet,absolute_error,20,5000,0.2,0.615215576488074,10,N_L_interaction,-0.415215576488074
Enumerate,Gemma4-E4B,enumeration_bullet,absolute_error,20,10000,1.0,1.6054153333309273,10,N_L_interaction,-0.6054153333309273
Enumerate,Gemma4-E4B,enumeration_bullet,absolute_error,20,20000,4.0,3.5858148470166347,10,N_L_interaction,0.41418515298336533
Enumerate,Gemma4-E4B,enumeration_bullet,absolute_error,30,2000,0.4,0.048647038521525146,10,N_L_interaction,0.3513529614784749
Enumerate,Gemma4-E4B,enumeration_bullet,absolute_error,30,3000,0.8,0.3555088321842872,10,N_L_interaction,0.44449116781571285
Enumerate,Gemma4-E4B,enumeration_bullet,absolute_error,30,5000,0.7,0.9692324195098113,10,N_L_interaction,-0.26923241950981136
Enumerate,Gemma4-E4B,enumeration_bullet,absolute_error,30,10000,2.7,2.503541387823622,10,N_L_interaction,0.19645861217637828
Enumerate,Gemma4-E4B,enumeration_bullet,absolute_error,30,20000,5.4,5.572159324451242,10,N_L_interaction,-0.1721593244512416
Enumerate,Gemma4-E4B,enumeration_index,absolute_error,1,2000,0.0,-0.056374481246714715,10,N_L_interaction,0.056374481246714715
Enumerate,Gemma4-E4B,enumeration_index,absolute_error,1,3000,0.0,-0.021378612032069092,10,N_L_interaction,0.021378612032069092
Enumerate,Gemma4-E4B,enumeration_index,absolute_error,1,5000,0.0,0.04861312639722224,10,N_L_interaction,-0.04861312639722224
Enumerate,Gemma4-E4B,enumeration_index,absolute_error,1,10000,0.0,0.2235924724704505,10,N_L_interaction,-0.2235924724704505
Enumerate,Gemma4-E4B,enumeration_index,absolute_error,1,20000,1.8,0.5735511646169071,10,N_L_interaction,1.226448835383093
Enumerate,Gemma4-E4B,enumeration_index,absolute_error,2,2000,0.0,-0.06726657455075383,10,N_L_interaction,0.06726657455075383
Enumerate,Gemma4-E4B,enumeration_index,absolute_error,2,3000,0.0,-0.02728237615761132,10,N_L_interaction,0.02728237615761132
Enumerate,Gemma4-E4B,enumeration_index,absolute_error,2,5000,0.0,0.05268602062867363,10,N_L_interaction,-0.05268602062867363
Enumerate,Gemma4-E4B,enumeration_index,absolute_error,2,10000,0.0,0.2526070125943861,10,N_L_interaction,-0.2526070125943861
Enumerate,Gemma4-E4B,enumeration_index,absolute_error,2,20000,2.0,0.652448996525811,10,N_L_interaction,1.347551003474189
Enumerate,Gemma4-E4B,enumeration_index,absolute_error,3,2000,0.0,-0.07815866785479293,10,N_L_interaction,0.07815866785479293
Enumerate,Gemma4-E4B,enumeration_index,absolute_error,3,3000,0.1,-0.03318614028315363,10,N_L_interaction,0.13318614028315362
Enumerate,Gemma4-E4B,enumeration_index,absolute_error,3,5000,0.1,0.056758914860125007,10,N_L_interaction,0.043241085139875
Enumerate,Gemma4-E4B,enumeration_index,absolute_error,3,10000,0.0,0.2816215527183216,10,N_L_interaction,-0.2816215527183216
Enumerate,Gemma4-E4B,enumeration_index,absolute_error,3,20000,0.0,0.7313468284347149,10,N_L_interaction,-0.7313468284347149
Enumerate,Gemma4-E4B,enumeration_index,absolute_error,4,2000,0.0,-0.0890507611588321,10,N_L_interaction,0.0890507611588321
Enumerate,Gemma4-E4B,enumeration_index,absolute_error,4,3000,0.0,-0.03908990440869592,10,N_L_interaction,0.03908990440869592
Enumerate,Gemma4-E4B,enumeration_index,absolute_error,4,5000,0.1,0.06083180909157641,10,N_L_interaction,0.0391681909084236
Enumerate,Gemma4-E4B,enumeration_index,absolute_error,4,10000,0.1,0.3106360928422572,10,N_L_interaction,-0.21063609284225718
Enumerate,Gemma4-E4B,enumeration_index,absolute_error,4,20000,0.2,0.8102446603436189,10,N_L_interaction,-0.6102446603436189
Enumerate,Gemma4-E4B,enumeration_index,absolute_error,5,2000,0.0,-0.0999428544628712,10,N_L_interaction,0.0999428544628712
Enumerate,Gemma4-E4B,enumeration_index,absolute_error,5,3000,0.0,-0.04499366853423821,10,N_L_interaction,0.04499366853423821
Enumerate,Gemma4-E4B,enumeration_index,absolute_error,5,5000,0.2,0.06490470332302782,10,N_L_interaction,0.13509529667697218
Enumerate,Gemma4-E4B,enumeration_index,absolute_error,5,10000,0.1,0.33965063296619274,10,N_L_interaction,-0.23965063296619274
Enumerate,Gemma4-E4B,enumeration_index,absolute_error,5,20000,0.2,0.8891424922525226,10,N_L_interaction,-0.6891424922525227
Enumerate,Gemma4-E4B,enumeration_index,absolute_error,6,2000,0.0,-0.1108349477669103,10,N_L_interaction,0.1108349477669103
Enumerate,Gemma4-E4B,enumeration_index,absolute_error,6,3000,0.0,-0.05089743265978047,10,N_L_interaction,0.05089743265978047
Enumerate,Gemma4-E4B,enumeration_index,absolute_error,6,5000,0.0,0.06897759755447919,10,N_L_interaction,-0.06897759755447919
Enumerate,Gemma4-E4B,enumeration_index,absolute_error,6,10000,0.1,0.3686651730901283,10,N_L_interaction,-0.2686651730901283
Enumerate,Gemma4-E4B,enumeration_index,absolute_error,6,20000,0.7,0.9680403241614266,10,N_L_interaction,-0.26804032416142665
Enumerate,Gemma4-E4B,enumeration_index,absolute_error,8,2000,0.0,-0.13261913437498854,10,N_L_interaction,0.13261913437498854
Enumerate,Gemma4-E4B,enumeration_index,absolute_error,8,3000,0.0,-0.06270496091086504,10,N_L_interaction,0.06270496091086504
Enumerate,Gemma4-E4B,enumeration_index,absolute_error,8,5000,0.1,0.07712338601738193,10,N_L_interaction,0.022876613982618074
Enumerate,Gemma4-E4B,enumeration_index,absolute_error,8,10000,0.3,0.4266942533379994,10,N_L_interaction,-0.12669425333799939
Enumerate,Gemma4-E4B,enumeration_index,absolute_error,8,20000,0.8,1.1258359879792343,10,N_L_interaction,-0.3258359879792343
Enumerate,Gemma4-E4B,enumeration_index,absolute_error,10,2000,0.0,-0.15440332098306678,10,N_L_interaction,0.15440332098306678
Enumerate,Gemma4-E4B,enumeration_index,absolute_error,10,3000,0.0,-0.07451248916194961,10,N_L_interaction,0.07451248916194961
Enumerate,Gemma4-E4B,enumeration_index,absolute_error,10,5000,0.0,0.08526917448028472,10,N_L_interaction,-0.08526917448028472
Enumerate,Gemma4-E4B,enumeration_index,absolute_error,10,10000,0.0,0.48472333358587055,10,N_L_interaction,-0.48472333358587055
Enumerate,Gemma4-E4B,enumeration_index,absolute_error,10,20000,2.0,1.283631651797042,10,N_L_interaction,0.7163683482029579
Enumerate,Gemma4-E4B,enumeration_index,absolute_error,20,2000,0.0,-0.263324254023458,10,N_L_interaction,0.263324254023458
Enumerate,Gemma4-E4B,enumeration_index,absolute_error,20,3000,0.0,-0.13355013041737246,10,N_L_interaction,0.13355013041737246
Enumerate,Gemma4-E4B,enumeration_index,absolute_error,20,5000,0.0,0.12599811679479855,10,N_L_interaction,-0.12599811679479855
Enumerate,Gemma4-E4B,enumeration_index,absolute_error,20,10000,0.1,0.774868734825226,10,N_L_interaction,-0.674868734825226
Enumerate,Gemma4-E4B,enumeration_index,absolute_error,20,20000,2.5,2.0726099708860812,10,N_L_interaction,0.42739002911391877
Enumerate,Gemma4-E4B,enumeration_index,absolute_error,30,2000,0.0,-0.37224518706384907,10,N_L_interaction,0.37224518706384907
Enumerate,Gemma4-E4B,enumeration_index,absolute_error,30,3000,0.0,-0.19258777167279528,10,N_L_interaction,0.19258777167279528
Enumerate,Gemma4-E4B,enumeration_index,absolute_error,30,5000,0.0,0.16672705910931238,10,N_L_interaction,-0.16672705910931238
Enumerate,Gemma4-E4B,enumeration_index,absolute_error,30,10000,0.4,1.0650141360645815,10,N_L_interaction,-0.6650141360645815
Enumerate,Gemma4-E4B,enumeration_index,absolute_error,30,20000,3.3,2.8615882899751197,10,N_L_interaction,0.4384117100248801
Enumerate,Qwen3-1.7B,enumeration_bullet,absolute_error,1,2000,0.0,-2.0056835333522676,9,N_L_interaction,2.0056835333522676
Enumerate,Qwen3-1.7B,enumeration_bullet,absolute_error,1,3000,1.7,-2.047381394620205,10,N_L_interaction,3.747381394620205
Enumerate,Qwen3-1.7B,enumeration_bullet,absolute_error,1,5000,0.1111111111111111,-2.0739251849338465,9,N_L_interaction,2.1850362960449576
Enumerate,Qwen3-1.7B,enumeration_bullet,absolute_error,1,10000,0.125,-2.073417515572493,8,N_L_interaction,2.198417515572493
Enumerate,Qwen3-1.7B,enumeration_bullet,absolute_error,1,20000,0.0,-2.4299825225483254,2,N_L_interaction,2.4299825225483254
Enumerate,Qwen3-1.7B,enumeration_bullet,absolute_error,2,2000,0.0,-1.3512738996034066,8,N_L_interaction,1.3512738996034066
Enumerate,Qwen3-1.7B,enumeration_bullet,absolute_error,2,3000,0.6,-1.3811053881111555,10,N_L_interaction,1.9811053881111556
Enumerate,Qwen3-1.7B,enumeration_bullet,absolute_error,2,5000,0.16666666666666666,-1.3684643427187464,6,N_L_interaction,1.5351310093854131
Enumerate,Qwen3-1.7B,enumeration_bullet,absolute_error,2,10000,1.5,-1.530234300377413,4,N_L_interaction,3.030234300377413
Enumerate,Qwen3-1.7B,enumeration_bullet,absolute_error,2,20000,0.0,-1.655576904145075,2,N_L_interaction,1.655576904145075
Enumerate,Qwen3-1.7B,enumeration_bullet,absolute_error,3,2000,0.0,-0.707376395686584,7,N_L_interaction,0.707376395686584
Enumerate,Qwen3-1.7B,enumeration_bullet,absolute_error,3,3000,0.7,-0.7148293816021061,10,N_L_interaction,1.414829381602106
Enumerate,Qwen3-1.7B,enumeration_bullet,absolute_error,3,5000,0.0,-0.7256234729142682,4,N_L_interaction,0.7256234729142682
Enumerate,Qwen3-1.7B,enumeration_bullet,absolute_error,3,10000,0.0,-0.801012368031822,4,N_L_interaction,0.801012368031822
Enumerate,Qwen3-1.7B,enumeration_bullet,absolute_error,3,20000,1.0,-0.781486499857888,3,N_L_interaction,1.781486499857888
Enumerate,Qwen3-1.7B,enumeration_bullet,absolute_error,4,2000,0.0,-0.012076303568059011,9,N_L_interaction,0.012076303568059011
Enumerate,Qwen3-1.7B,enumeration_bullet,absolute_error,4,3000,0.1111111111111111,-0.0509224233052179,9,N_L_interaction,0.162033534416329
Enumerate,Qwen3-1.7B,enumeration_bullet,absolute_error,4,5000,1.3333333333333333,-0.06811868593874178,9,N_L_interaction,1.401452019272075
Enumerate,Qwen3-1.7B,enumeration_bullet,absolute_error,4,10000,0.16666666666666666,-0.08746163943172884,6,N_L_interaction,0.2541283060983955
Enumerate,Qwen3-1.7B,enumeration_bullet,absolute_error,4,20000,0.3333333333333333,-0.09055558567842237,3,N_L_interaction,0.4238889190117557
Enumerate,Qwen3-1.7B,enumeration_bullet,absolute_error,5,2000,0.0,0.6231964727748768,10,N_L_interaction,-0.6231964727748768
Enumerate,Qwen3-1.7B,enumeration_bullet,absolute_error,5,3000,1.2,0.6177226314159929,10,N_L_interaction,0.582277368584007
Enumerate,Qwen3-1.7B,enumeration_bullet,absolute_error,5,5000,0.0,0.6255571073507602,7,N_L_interaction,-0.6255571073507602
Enumerate,Qwen3-1.7B,enumeration_bullet,absolute_error,5,10000,0.2,0.578085655088838,5,N_L_interaction,-0.378085655088838
Enumerate,Qwen3-1.7B,enumeration_bullet,absolute_error,5,20000,0.6666666666666666,0.6136379499603523,3,N_L_interaction,0.05302871670631437
Enumerate,Qwen3-1.7B,enumeration_bullet,absolute_error,6,2000,0.6,1.2888288260476568,10,N_L_interaction,-0.6888288260476568
Enumerate,Qwen3-1.7B,enumeration_bullet,absolute_error,6,3000,0.4,1.2839986379250423,10,N_L_interaction,-0.8839986379250423
Enumerate,Qwen3-1.7B,enumeration_bullet,absolute_error,6,5000,0.6666666666666666,1.3030297202453112,6,N_L_interaction,-0.6363630535786445
Enumerate,Qwen3-1.7B,enumeration_bullet,absolute_error,6,10000,0.6666666666666666,1.2656313605304756,3,N_L_interaction,-0.598964693863809
Enumerate,Qwen3-1.7B,enumeration_bullet,absolute_error,6,20000,0.5,1.237318949541138,4,N_L_interaction,-0.7373189495411381
Enumerate,Qwen3-1.7B,enumeration_bullet,absolute_error,8,2000,0.4,2.6200935325932173,10,N_L_interaction,-2.2200935325932174
Enumerate,Qwen3-1.7B,enumeration_bullet,absolute_error,8,3000,0.2,2.6165506509431413,10,N_L_interaction,-2.416550650943141
Enumerate,Qwen3-1.7B,enumeration_bullet,absolute_error,8,5000,0.25,2.632648534568331,8,N_L_interaction,-2.382648534568331
Enumerate,Qwen3-1.7B,enumeration_bullet,absolute_error,8,10000,7.0,2.561155829769837,5,N_L_interaction,4.438844170230163
Enumerate,Qwen3-1.7B,enumeration_bullet,absolute_error,8,20000,1.0,2.585185923820655,4,N_L_interaction,-1.5851859238206552
Enumerate,Qwen3-1.7B,enumeration_bullet,absolute_error,10,2000,1.0,3.9716676955225085,9,N_L_interaction,-2.9716676955225085
Enumerate,Qwen3-1.7B,enumeration_bullet,absolute_error,10,3000,0.8888888888888888,3.969727833065631,9,N_L_interaction,-3.080838944176742
Enumerate,Qwen3-1.7B,enumeration_bullet,absolute_error,10,5000,0.6666666666666666,3.963195377886178,9,N_L_interaction,-3.2965287112195116
Enumerate,Qwen3-1.7B,enumeration_bullet,absolute_error,10,10000,1.1428571428571428,3.931104245317482,7,N_L_interaction,-2.788247102460339
Enumerate,Qwen3-1.7B,enumeration_bullet,absolute_error,10,20000,0.6666666666666666,3.9739368490968707,3,N_L_interaction,-3.307270182430204
Enumerate,Qwen3-1.7B,enumeration_bullet,absolute_error,20,2000,5.4,10.607681771866579,10,N_L_interaction,-5.207681771866579
Enumerate,Qwen3-1.7B,enumeration_bullet,absolute_error,20,3000,5.666666666666667,10.673118708654941,9,N_L_interaction,-5.0064520419882745
Enumerate,Qwen3-1.7B,enumeration_bullet,absolute_error,20,5000,10.285714285714286,10.739670733841987,7,N_L_interaction,-0.4539564481277001
Enumerate,Qwen3-1.7B,enumeration_bullet,absolute_error,20,10000,5.25,10.911367499711016,4,N_L_interaction,-5.661367499711016
Enumerate,Qwen3-1.7B,enumeration_bullet,absolute_error,20,20000,3.2,10.664075735921319,5,N_L_interaction,-7.464075735921319
Enumerate,Qwen3-1.7B,enumeration_bullet,absolute_error,30,2000,18.333333333333332,17.265853021228416,9,N_L_interaction,1.067480312104916
Enumerate,Qwen3-1.7B,enumeration_bullet,absolute_error,30,3000,23.77777777777778,17.284462550890687,9,N_L_interaction,6.493315226887091
Enumerate,Qwen3-1.7B,enumeration_bullet,absolute_error,30,5000,20.75,17.296625325977445,8,N_L_interaction,3.4533746740225553
Enumerate,Qwen3-1.7B,enumeration_bullet,absolute_error,30,10000,22.857142857142858,17.179497976335597,7,N_L_interaction,5.677644880807261
Enumerate,Qwen3-1.7B,enumeration_bullet,absolute_error,30,20000,20.0,17.27059654945374,6,N_L_interaction,2.729403450546261
Enumerate,Qwen3-1.7B,enumeration_index,absolute_error,1,2000,1.0,5.445967719307816,9,N_L_interaction,-4.445967719307816
Enumerate,Qwen3-1.7B,enumeration_index,absolute_error,1,3000,1.7777777777777777,8.813781513565909,9,N_L_interaction,-7.036003735788131
Enumerate,Qwen3-1.7B,enumeration_index,absolute_error,1,5000,0.0,15.483731891363721,7,N_L_interaction,-15.483731891363721
Enumerate,Qwen3-1.7B,enumeration_index,absolute_error,1,10000,42.42857142857143,32.31115639739482,7,N_L_interaction,10.117415031176613
Enumerate,Qwen3-1.7B,enumeration_index,absolute_error,1,20000,51.7,66.11659538293148,10,N_L_interaction,-14.416595382931476
Enumerate,Qwen3-1.7B,enumeration_index,absolute_error,2,2000,1.8,5.499782994332662,10,N_L_interaction,-3.6997829943326623
Enumerate,Qwen3-1.7B,enumeration_index,absolute_error,2,3000,1.8,8.747480118778403,10,N_L_interaction,-6.947480118778404
Enumerate,Qwen3-1.7B,enumeration_index,absolute_error,2,5000,3.7142857142857144,15.174008018347005,7,N_L_interaction,-11.459722304061291
Enumerate,Qwen3-1.7B,enumeration_index,absolute_error,2,10000,38.0,31.42259539121582,9,N_L_interaction,6.577404608784182
Enumerate,Qwen3-1.7B,enumeration_index,absolute_error,2,20000,56.875,63.90365650885405,8,N_L_interaction,-7.0286565088540485
Enumerate,Qwen3-1.7B,enumeration_index,absolute_error,3,2000,2.3333333333333335,4.291691145054892,3,N_L_interaction,-1.9583578117215583
Enumerate,Qwen3-1.7B,enumeration_index,absolute_error,3,3000,3.4,8.177007176760688,5,N_L_interaction,-4.777007176760687
Enumerate,Qwen3-1.7B,enumeration_index,absolute_error,3,5000,19.666666666666668,14.5442934253899,6,N_L_interaction,5.122373241276767
Enumerate,Qwen3-1.7B,enumeration_index,absolute_error,3,10000,59.875,30.291773426280404,8,N_L_interaction,29.583226573719596
Enumerate,Qwen3-1.7B,enumeration_index,absolute_error,3,20000,75.57142857142857,62.184358669012376,7,N_L_interaction,13.387069902416194
Enumerate,Qwen3-1.7B,enumeration_index,absolute_error,4,2000,0.2,5.211166268423728,5,N_L_interaction,-5.011166268423728
Enumerate,Qwen3-1.7B,enumeration_index,absolute_error,4,3000,10.4,7.937040089016589,5,N_L_interaction,2.462959910983411
Enumerate,Qwen3-1.7B,enumeration_index,absolute_error,4,5000,27.428571428571427,14.43785496928518,7,N_L_interaction,12.990716459286247
Enumerate,Qwen3-1.7B,enumeration_index,absolute_error,4,10000,53.55555555555556,29.618261419132548,9,N_L_interaction,23.93729413642301
Enumerate,Qwen3-1.7B,enumeration_index,absolute_error,4,20000,58.1,59.64180293720502,10,N_L_interaction,-1.54180293720502
Enumerate,Qwen3-1.7B,enumeration_index,absolute_error,5,2000,0.14285714285714285,5.302928092382118,7,N_L_interaction,-5.160070949524974
Enumerate,Qwen3-1.7B,enumeration_index,absolute_error,5,3000,19.0,7.673077841490072,5,N_L_interaction,11.326922158509927
Enumerate,Qwen3-1.7B,enumeration_index,absolute_error,5,5000,17.857142857142858,14.033974403043329,7,N_L_interaction,3.8231684540995285
Enumerate,Qwen3-1.7B,enumeration_index,absolute_error,5,10000,40.1,28.523392405277747,10,N_L_interaction,11.576607594722255
Enumerate,Qwen3-1.7B,enumeration_index,absolute_error,5,20000,57.3,57.48353878862954,10,N_L_interaction,-0.18353878862954076
Enumerate,Qwen3-1.7B,enumeration_index,absolute_error,6,2000,1.2857142857142858,4.950251906250627,7,N_L_interaction,-3.6645376205363416
Enumerate,Qwen3-1.7B,enumeration_index,absolute_error,6,3000,7.5,7.55593380223696,6,N_L_interaction,-0.055933802236959984
Enumerate,Qwen3-1.7B,enumeration_index,absolute_error,6,5000,15.571428571428571,13.443934697129356,7,N_L_interaction,2.1274938742992155
Enumerate,Qwen3-1.7B,enumeration_index,absolute_error,6,10000,33.55555555555556,27.474583327959806,9,N_L_interaction,6.080972227595751
Enumerate,Qwen3-1.7B,enumeration_index,absolute_error,6,20000,61.142857142857146,55.50406128824864,7,N_L_interaction,5.638795854608503
Enumerate,Qwen3-1.7B,enumeration_index,absolute_error,8,2000,1.25,5.9405859981390225,4,N_L_interaction,-4.6905859981390225
Enumerate,Qwen3-1.7B,enumeration_index,absolute_error,8,3000,0.8,7.209151005541509,5,N_L_interaction,-6.409151005541509
Enumerate,Qwen3-1.7B,enumeration_index,absolute_error,8,5000,19.285714285714285,12.731715679416487,7,N_L_interaction,6.553998606297798
Enumerate,Qwen3-1.7B,enumeration_index,absolute_error,8,10000,37.111111111111114,25.64351932162023,9,N_L_interaction,11.467591789490886
Enumerate,Qwen3-1.7B,enumeration_index,absolute_error,8,20000,50.5,51.092761564304624,8,N_L_interaction,-0.5927615643046238
Enumerate,Qwen3-1.7B,enumeration_index,absolute_error,10,2000,0.6,5.654405762637108,5,N_L_interaction,-5.054405762637108
Enumerate,Qwen3-1.7B,enumeration_index,absolute_error,10,3000,0.8,7.995207168910936,5,N_L_interaction,-7.195207168910936
Enumerate,Qwen3-1.7B,enumeration_index,absolute_error,10,5000,5.222222222222222,12.00260074606299,9,N_L_interaction,-6.780378523840768
Enumerate,Qwen3-1.7B,enumeration_index,absolute_error,10,10000,24.375,23.407880517241132,8,N_L_interaction,0.9671194827588678
Enumerate,Qwen3-1.7B,enumeration_index,absolute_error,10,20000,6.0,46.47749697817523,7,N_L_interaction,-40.47749697817523
Enumerate,Qwen3-1.7B,enumeration_index,absolute_error,20,2000,1.8,4.632736819914575,10,N_L_interaction,-2.832736819914575
Enumerate,Qwen3-1.7B,enumeration_index,absolute_error,20,3000,2.4,5.770339027696947,10,N_L_interaction,-3.370339027696947
Enumerate,Qwen3-1.7B,enumeration_index,absolute_error,20,5000,1.3,8.045543443261689,10,N_L_interaction,-6.745543443261689
Enumerate,Qwen3-1.7B,enumeration_index,absolute_error,20,10000,11.2,13.733554482173545,10,N_L_interaction,-2.533554482173546
Enumerate,Qwen3-1.7B,enumeration_index,absolute_error,20,20000,17.11111111111111,25.171576710054445,9,N_L_interaction,-8.060465598943335
Enumerate,Qwen3-1.7B,enumeration_index,absolute_error,30,2000,2.5,4.151044500793415,10,N_L_interaction,-1.6510445007934154
Enumerate,Qwen3-1.7B,enumeration_index,absolute_error,30,3000,2.1,4.116371754873915,10,N_L_interaction,-2.0163717548739153
Enumerate,Qwen3-1.7B,enumeration_index,absolute_error,30,5000,10.4,4.047026263034914,10,N_L_interaction,6.352973736965087
Enumerate,Qwen3-1.7B,enumeration_index,absolute_error,30,10000,13.0,3.8736625334374097,10,N_L_interaction,9.12633746656259
Enumerate,Qwen3-1.7B,enumeration_index,absolute_error,30,20000,9.222222222222221,3.3271565017752613,9,N_L_interaction,5.89506572044696
Enumerate,Qwen3-32B,enumeration_bullet,absolute_error,1,2000,0.0,-0.1366391160720616,10,N_L_interaction,0.1366391160720616
Enumerate,Qwen3-32B,enumeration_bullet,absolute_error,1,3000,0.0,-0.15165244642305215,10,N_L_interaction,0.15165244642305215
Enumerate,Qwen3-32B,enumeration_bullet,absolute_error,1,5000,0.0,-0.1816791071250332,10,N_L_interaction,0.1816791071250332
Enumerate,Qwen3-32B,enumeration_bullet,absolute_error,1,10000,0.0,-0.25674575887998585,10,N_L_interaction,0.25674575887998585
Enumerate,Qwen3-32B,enumeration_bullet,absolute_error,1,20000,0.0,-0.40687906238989113,10,N_L_interaction,0.40687906238989113
Enumerate,Qwen3-32B,enumeration_bullet,absolute_error,2,2000,0.0,-0.0987832762719748,10,N_L_interaction,0.0987832762719748
Enumerate,Qwen3-32B,enumeration_bullet,absolute_error,2,3000,0.0,-0.10992196603736788,10,N_L_interaction,0.10992196603736788
Enumerate,Qwen3-32B,enumeration_bullet,absolute_error,2,5000,0.0,-0.13219934556815405,10,N_L_interaction,0.13219934556815405
Enumerate,Qwen3-32B,enumeration_bullet,absolute_error,2,10000,0.0,-0.18789279439511947,10,N_L_interaction,0.18789279439511947
Enumerate,Qwen3-32B,enumeration_bullet,absolute_error,2,20000,0.0,-0.29927969204905025,10,N_L_interaction,0.29927969204905025
Enumerate,Qwen3-32B,enumeration_bullet,absolute_error,3,2000,0.0,-0.060927436471887995,10,N_L_interaction,0.060927436471887995
Enumerate,Qwen3-32B,enumeration_bullet,absolute_error,3,3000,0.0,-0.06819148565168362,10,N_L_interaction,0.06819148565168362
Enumerate,Qwen3-32B,enumeration_bullet,absolute_error,3,5000,0.0,-0.08271958401127491,10,N_L_interaction,0.08271958401127491
Enumerate,Qwen3-32B,enumeration_bullet,absolute_error,3,10000,0.0,-0.11903982991025304,10,N_L_interaction,0.11903982991025304
Enumerate,Qwen3-32B,enumeration_bullet,absolute_error,3,20000,0.0,-0.19168032170820934,10,N_L_interaction,0.19168032170820934
Enumerate,Qwen3-32B,enumeration_bullet,absolute_error,4,2000,0.0,-0.023071596671801208,10,N_L_interaction,0.023071596671801208
Enumerate,Qwen3-32B,enumeration_bullet,absolute_error,4,3000,0.0,-0.026461005265999364,10,N_L_interaction,0.026461005265999364
Enumerate,Qwen3-32B,enumeration_bullet,absolute_error,4,5000,0.0,-0.03323982245439573,10,N_L_interaction,0.03323982245439573
Enumerate,Qwen3-32B,enumeration_bullet,absolute_error,4,10000,0.0,-0.05018686542538664,10,N_L_interaction,0.05018686542538664
Enumerate,Qwen3-32B,enumeration_bullet,absolute_error,4,20000,0.0,-0.08408095136736843,10,N_L_interaction,0.08408095136736843
Enumerate,Qwen3-32B,enumeration_bullet,absolute_error,5,2000,0.0,0.014784243128285584,10,N_L_interaction,-0.014784243128285584
Enumerate,Qwen3-32B,enumeration_bullet,absolute_error,5,3000,0.0,0.01526947511968485,10,N_L_interaction,-0.01526947511968485
Enumerate,Qwen3-32B,enumeration_bullet,absolute_error,5,5000,0.0,0.016239939102483437,10,N_L_interaction,-0.016239939102483437
Enumerate,Qwen3-32B,enumeration_bullet,absolute_error,5,10000,0.0,0.018666099059479756,10,N_L_interaction,-0.018666099059479756
Enumerate,Qwen3-32B,enumeration_bullet,absolute_error,5,20000,0.0,0.02351841897347244,10,N_L_interaction,-0.02351841897347244
Enumerate,Qwen3-32B,enumeration_bullet,absolute_error,6,2000,0.0,0.05264008292837241,10,N_L_interaction,-0.05264008292837241
Enumerate,Qwen3-32B,enumeration_bullet,absolute_error,6,3000,0.0,0.05699995550536914,10,N_L_interaction,-0.05699995550536914
Enumerate,Qwen3-32B,enumeration_bullet,absolute_error,6,5000,0.0,0.06571970065936258,10,N_L_interaction,-0.06571970065936258
Enumerate,Qwen3-32B,enumeration_bullet,absolute_error,6,10000,0.0,0.08751906354434616,10,N_L_interaction,-0.08751906354434616
Enumerate,Qwen3-32B,enumeration_bullet,absolute_error,6,20000,0.0,0.13111778931431334,10,N_L_interaction,-0.13111778931431334
Enumerate,Qwen3-32B,enumeration_bullet,absolute_error,8,2000,0.0,0.12835176252854602,10,N_L_interaction,-0.12835176252854602
Enumerate,Qwen3-32B,enumeration_bullet,absolute_error,8,3000,0.0,0.14046091627673768,10,N_L_interaction,-0.14046091627673768
Enumerate,Qwen3-32B,enumeration_bullet,absolute_error,8,5000,0.0,0.1646792237731209,10,N_L_interaction,-0.1646792237731209
Enumerate,Qwen3-32B,enumeration_bullet,absolute_error,8,10000,0.0,0.22522499251407896,10,N_L_interaction,-0.22522499251407896
Enumerate,Qwen3-32B,enumeration_bullet,absolute_error,8,20000,0.0,0.3463165299959951,10,N_L_interaction,-0.3463165299959951
Enumerate,Qwen3-32B,enumeration_bullet,absolute_error,10,2000,0.0,0.2040634421287196,10,N_L_interaction,-0.2040634421287196
Enumerate,Qwen3-32B,enumeration_bullet,absolute_error,10,3000,0.0,0.22392187704810618,10,N_L_interaction,-0.22392187704810618
Enumerate,Qwen3-32B,enumeration_bullet,absolute_error,10,5000,0.1,0.26363874688687916,10,N_L_interaction,-0.16363874688687916
Enumerate,Qwen3-32B,enumeration_bullet,absolute_error,10,10000,0.0,0.3629309214838118,10,N_L_interaction,-0.3629309214838118
Enumerate,Qwen3-32B,enumeration_bullet,absolute_error,10,20000,0.1,0.5615152706776769,10,N_L_interaction,-0.46151527067767695
Enumerate,Qwen3-32B,enumeration_bullet,absolute_error,20,2000,0.3,0.5826218401295877,10,N_L_interaction,-0.28262184012958774
Enumerate,Qwen3-32B,enumeration_bullet,absolute_error,20,3000,0.6,0.6412266809049487,10,N_L_interaction,-0.04122668090494874
Enumerate,Qwen3-32B,enumeration_bullet,absolute_error,20,5000,0.7,0.7584363624556707,10,N_L_interaction,-0.05843636245567074
Enumerate,Qwen3-32B,enumeration_bullet,absolute_error,20,10000,0.8,1.0514605663324759,10,N_L_interaction,-0.2514605663324758
Enumerate,Qwen3-32B,enumeration_bullet,absolute_error,20,20000,0.9,1.6375089740860858,10,N_L_interaction,-0.7375089740860857
Enumerate,Qwen3-32B,enumeration_bullet,absolute_error,30,2000,0.9,0.9611802381304558,10,N_L_interaction,-0.06118023813045581
Enumerate,Qwen3-32B,enumeration_bullet,absolute_error,30,3000,0.9,1.0585314847617915,10,N_L_interaction,-0.15853148476179146
Enumerate,Qwen3-32B,enumeration_bullet,absolute_error,30,5000,2.1,1.2532339780244623,10,N_L_interaction,0.8467660219755377
Enumerate,Qwen3-32B,enumeration_bullet,absolute_error,30,10000,2.1,1.73999021118114,10,N_L_interaction,0.36000978881886003
Enumerate,Qwen3-32B,enumeration_bullet,absolute_error,30,20000,3.3,2.713502677494495,10,N_L_interaction,0.586497322505505
Enumerate,Qwen3-32B,enumeration_index,absolute_error,1,2000,0.0,-0.046581453435166016,10,N_L_interaction,0.046581453435166016
Enumerate,Qwen3-32B,enumeration_index,absolute_error,1,3000,0.0,-0.026489481829956037,10,N_L_interaction,0.026489481829956037
Enumerate,Qwen3-32B,enumeration_index,absolute_error,1,5000,0.0,0.013694461380463919,10,N_L_interaction,-0.013694461380463919
Enumerate,Qwen3-32B,enumeration_index,absolute_error,1,10000,0.0,0.1141543194065138,10,N_L_interaction,-0.1141543194065138
Enumerate,Qwen3-32B,enumeration_index,absolute_error,1,20000,0.0,0.31507403545861357,10,N_L_interaction,-0.31507403545861357
Enumerate,Qwen3-32B,enumeration_index,absolute_error,2,2000,0.0,-0.04531402987874621,10,N_L_interaction,0.04531402987874621
Enumerate,Qwen3-32B,enumeration_index,absolute_error,2,3000,0.0,-0.02539047646534658,10,N_L_interaction,0.02539047646534658
Enumerate,Qwen3-32B,enumeration_index,absolute_error,2,5000,0.0,0.01445663036145269,10,N_L_interaction,-0.01445663036145269
Enumerate,Qwen3-32B,enumeration_index,absolute_error,2,10000,0.0,0.11407439742845085,10,N_L_interaction,-0.11407439742845085
Enumerate,Qwen3-32B,enumeration_index,absolute_error,2,20000,0.0,0.3133099315624472,10,N_L_interaction,-0.3133099315624472
Enumerate,Qwen3-32B,enumeration_index,absolute_error,3,2000,0.0,-0.04404660632232642,10,N_L_interaction,0.04404660632232642
Enumerate,Qwen3-32B,enumeration_index,absolute_error,3,3000,0.0,-0.024291471100737125,10,N_L_interaction,0.024291471100737125
Enumerate,Qwen3-32B,enumeration_index,absolute_error,3,5000,0.0,0.01521879934244146,10,N_L_interaction,-0.01521879934244146
Enumerate,Qwen3-32B,enumeration_index,absolute_error,3,10000,0.0,0.11399447545038792,10,N_L_interaction,-0.11399447545038792
Enumerate,Qwen3-32B,enumeration_index,absolute_error,3,20000,0.0,0.31154582766628086,10,N_L_interaction,-0.31154582766628086
Enumerate,Qwen3-32B,enumeration_index,absolute_error,4,2000,0.0,-0.042779182765906615,10,N_L_interaction,0.042779182765906615
Enumerate,Qwen3-32B,enumeration_index,absolute_error,4,3000,0.0,-0.023192465736127665,10,N_L_interaction,0.023192465736127665
Enumerate,Qwen3-32B,enumeration_index,absolute_error,4,5000,0.0,0.015980968323430232,10,N_L_interaction,-0.015980968323430232
Enumerate,Qwen3-32B,enumeration_index,absolute_error,4,10000,0.0,0.11391455347232497,10,N_L_interaction,-0.11391455347232497
Enumerate,Qwen3-32B,enumeration_index,absolute_error,4,20000,2.8,0.3097817237701145,10,N_L_interaction,2.4902182762298852
Enumerate,Qwen3-32B,enumeration_index,absolute_error,5,2000,0.0,-0.04151175920948681,10,N_L_interaction,0.04151175920948681
Enumerate,Qwen3-32B,enumeration_index,absolute_error,5,3000,0.0,-0.02209346037151821,10,N_L_interaction,0.02209346037151821
Enumerate,Qwen3-32B,enumeration_index,absolute_error,5,5000,0.0,0.016743137304419002,10,N_L_interaction,-0.016743137304419002
Enumerate,Qwen3-32B,enumeration_index,absolute_error,5,10000,0.0,0.11383463149426203,10,N_L_interaction,-0.11383463149426203
Enumerate,Qwen3-32B,enumeration_index,absolute_error,5,20000,0.0,0.3080176198739481,10,N_L_interaction,-0.3080176198739481
Enumerate,Qwen3-32B,enumeration_index,absolute_error,6,2000,0.0,-0.04024433565306702,10,N_L_interaction,0.04024433565306702
Enumerate,Qwen3-32B,enumeration_index,absolute_error,6,3000,0.0,-0.020994455006908757,10,N_L_interaction,0.020994455006908757
Enumerate,Qwen3-32B,enumeration_index,absolute_error,6,5000,0.0,0.017505306285407772,10,N_L_interaction,-0.017505306285407772
Enumerate,Qwen3-32B,enumeration_index,absolute_error,6,10000,0.0,0.11375470951619908,10,N_L_interaction,-0.11375470951619908
Enumerate,Qwen3-32B,enumeration_index,absolute_error,6,20000,0.0,0.3062535159777817,10,N_L_interaction,-0.3062535159777817
Enumerate,Qwen3-32B,enumeration_index,absolute_error,8,2000,0.0,-0.03770948854022742,10,N_L_interaction,0.03770948854022742
Enumerate,Qwen3-32B,enumeration_index,absolute_error,8,3000,0.1,-0.018796444277689846,10,N_L_interaction,0.11879644427768984
Enumerate,Qwen3-32B,enumeration_index,absolute_error,8,5000,0.0,0.019029644247385315,10,N_L_interaction,-0.019029644247385315
Enumerate,Qwen3-32B,enumeration_index,absolute_error,8,10000,0.1,0.11359486556007321,10,N_L_interaction,-0.013594865560073208
Enumerate,Qwen3-32B,enumeration_index,absolute_error,8,20000,0.0,0.30272530818544896,10,N_L_interaction,-0.30272530818544896
Enumerate,Qwen3-32B,enumeration_index,absolute_error,10,2000,0.0,-0.03517464142738782,10,N_L_interaction,0.03517464142738782
Enumerate,Qwen3-32B,enumeration_index,absolute_error,10,3000,0.0,-0.01659843354847093,10,N_L_interaction,0.01659843354847093
Enumerate,Qwen3-32B,enumeration_index,absolute_error,10,5000,0.0,0.020553982209362855,10,N_L_interaction,-0.020553982209362855
Enumerate,Qwen3-32B,enumeration_index,absolute_error,10,10000,0.0,0.11343502160394732,10,N_L_interaction,-0.11343502160394732
Enumerate,Qwen3-32B,enumeration_index,absolute_error,10,20000,0.0,0.29919710039311626,10,N_L_interaction,-0.29919710039311626
Enumerate,Qwen3-32B,enumeration_index,absolute_error,20,2000,0.0,-0.022500405863189833,10,N_L_interaction,0.022500405863189833
Enumerate,Qwen3-32B,enumeration_index,absolute_error,20,3000,0.0,-0.0056083799023763665,10,N_L_interaction,0.0056083799023763665
Enumerate,Qwen3-32B,enumeration_index,absolute_error,20,5000,0.0,0.02817567201925057,10,N_L_interaction,-0.02817567201925057
Enumerate,Qwen3-32B,enumeration_index,absolute_error,20,10000,0.0,0.11263580182331792,10,N_L_interaction,-0.11263580182331792
Enumerate,Qwen3-32B,enumeration_index,absolute_error,20,20000,0.2,0.2815560614314526,10,N_L_interaction,-0.08155606143145261
Enumerate,Qwen3-32B,enumeration_index,absolute_error,30,2000,0.0,-0.009826170298991849,10,N_L_interaction,0.009826170298991849
Enumerate,Qwen3-32B,enumeration_index,absolute_error,30,3000,0.0,0.005381673743718193,10,N_L_interaction,-0.005381673743718193
Enumerate,Qwen3-32B,enumeration_index,absolute_error,30,5000,0.0,0.03579736182913828,10,N_L_interaction,-0.03579736182913828
Enumerate,Qwen3-32B,enumeration_index,absolute_error,30,10000,0.2,0.1118365820426885,10,N_L_interaction,0.08816341795731152
Enumerate,Qwen3-32B,enumeration_index,absolute_error,30,20000,0.4,0.26391502246978893,10,N_L_interaction,0.1360849775302111
Enumerate,Qwen3-4B,enumeration_bullet,absolute_error,1,2000,0.0,-0.06298185955905691,10,N_L_interaction,0.06298185955905691
Enumerate,Qwen3-4B,enumeration_bullet,absolute_error,1,3000,0.0,-0.07016610323856806,10,N_L_interaction,0.07016610323856806
Enumerate,Qwen3-4B,enumeration_bullet,absolute_error,1,5000,1.1111111111111112,-0.08802671240505626,9,N_L_interaction,1.1991378235161674
Enumerate,Qwen3-4B,enumeration_bullet,absolute_error,1,10000,0.0,-0.11546061268183444,9,N_L_interaction,0.11546061268183444
Enumerate,Qwen3-4B,enumeration_bullet,absolute_error,1,20000,0.0,-0.1910161557191286,8,N_L_interaction,0.1910161557191286
Enumerate,Qwen3-4B,enumeration_bullet,absolute_error,2,2000,0.0,-0.018097765763346735,10,N_L_interaction,0.018097765763346735
Enumerate,Qwen3-4B,enumeration_bullet,absolute_error,2,3000,0.1,-0.0225549475771483,10,N_L_interaction,0.1225549475771483
Enumerate,Qwen3-4B,enumeration_bullet,absolute_error,2,5000,0.0,-0.031469311204751396,10,N_L_interaction,0.031469311204751396
Enumerate,Qwen3-4B,enumeration_bullet,absolute_error,2,10000,0.0,-0.05375522027375921,10,N_L_interaction,0.05375522027375921
Enumerate,Qwen3-4B,enumeration_bullet,absolute_error,2,20000,0.0,-0.09832703841177484,10,N_L_interaction,0.09832703841177484
Enumerate,Qwen3-4B,enumeration_bullet,absolute_error,3,2000,0.2,0.026786328032363426,10,N_L_interaction,0.1732136719676366
Enumerate,Qwen3-4B,enumeration_bullet,absolute_error,3,3000,0.0,0.025056208084271468,10,N_L_interaction,-0.025056208084271468
Enumerate,Qwen3-4B,enumeration_bullet,absolute_error,3,5000,0.0,0.02159596818808753,10,N_L_interaction,-0.02159596818808753
Enumerate,Qwen3-4B,enumeration_bullet,absolute_error,3,10000,0.0,0.012945368447627652,10,N_L_interaction,-0.012945368447627652
Enumerate,Qwen3-4B,enumeration_bullet,absolute_error,3,20000,0.0,-0.004355831033292077,10,N_L_interaction,0.004355831033292077
Enumerate,Qwen3-4B,enumeration_bullet,absolute_error,4,2000,0.1,0.07167042182807361,10,N_L_interaction,0.028329578171926398
Enumerate,Qwen3-4B,enumeration_bullet,absolute_error,4,3000,0.2,0.07266736374569123,10,N_L_interaction,0.1273326362543088
Enumerate,Qwen3-4B,enumeration_bullet,absolute_error,4,5000,0.2,0.07466124758092645,10,N_L_interaction,0.12533875241907355
Enumerate,Qwen3-4B,enumeration_bullet,absolute_error,4,10000,0.1,0.07964595716901453,10,N_L_interaction,0.020354042830985478
Enumerate,Qwen3-4B,enumeration_bullet,absolute_error,4,20000,0.0,0.08961537634519068,10,N_L_interaction,-0.08961537634519068
Enumerate,Qwen3-4B,enumeration_bullet,absolute_error,5,2000,0.2,0.11655451562378376,10,N_L_interaction,0.08344548437621625
Enumerate,Qwen3-4B,enumeration_bullet,absolute_error,5,3000,0.0,0.12027851940711098,10,N_L_interaction,-0.12027851940711098
Enumerate,Qwen3-4B,enumeration_bullet,absolute_error,5,5000,0.4,0.12772652697376538,10,N_L_interaction,0.2722734730262346
Enumerate,Qwen3-4B,enumeration_bullet,absolute_error,5,10000,0.1,0.14634654589040139,10,N_L_interaction,-0.04634654589040138
Enumerate,Qwen3-4B,enumeration_bullet,absolute_error,5,20000,0.2,0.18358658372367342,10,N_L_interaction,0.016413416276326587
Enumerate,Qwen3-4B,enumeration_bullet,absolute_error,6,2000,0.0,0.16143860941949392,10,N_L_interaction,-0.16143860941949392
Enumerate,Qwen3-4B,enumeration_bullet,absolute_error,6,3000,0.0,0.16788967506853072,10,N_L_interaction,-0.16788967506853072
Enumerate,Qwen3-4B,enumeration_bullet,absolute_error,6,5000,0.0,0.1901706652435439,9,N_L_interaction,-0.1901706652435439
Enumerate,Qwen3-4B,enumeration_bullet,absolute_error,6,10000,0.3,0.21304713461178823,10,N_L_interaction,0.08695286538821176
Enumerate,Qwen3-4B,enumeration_bullet,absolute_error,6,20000,0.3,0.27755779110215617,10,N_L_interaction,0.02244220889784382
Enumerate,Qwen3-4B,enumeration_bullet,absolute_error,8,2000,0.0,0.2512067970109143,10,N_L_interaction,-0.2512067970109143
Enumerate,Qwen3-4B,enumeration_bullet,absolute_error,8,3000,0.0,0.26311198639137023,10,N_L_interaction,-0.26311198639137023
Enumerate,Qwen3-4B,enumeration_bullet,absolute_error,8,5000,0.4,0.2869223651522822,10,N_L_interaction,0.11307763484771782
Enumerate,Qwen3-4B,enumeration_bullet,absolute_error,8,10000,0.1111111111111111,0.34704787328132874,9,N_L_interaction,-0.23593676217021764
Enumerate,Qwen3-4B,enumeration_bullet,absolute_error,8,20000,0.1,0.46550020585912166,10,N_L_interaction,-0.3655002058591217
Enumerate,Qwen3-4B,enumeration_bullet,absolute_error,10,2000,0.0,0.3409749846023346,10,N_L_interaction,-0.3409749846023346
Enumerate,Qwen3-4B,enumeration_bullet,absolute_error,10,3000,0.2,0.35833429771420977,10,N_L_interaction,-0.15833429771420976
Enumerate,Qwen3-4B,enumeration_bullet,absolute_error,10,5000,0.1,0.39305292393796,10,N_L_interaction,-0.29305292393796
Enumerate,Qwen3-4B,enumeration_bullet,absolute_error,10,10000,0.2,0.47984948949733575,10,N_L_interaction,-0.27984948949733573
Enumerate,Qwen3-4B,enumeration_bullet,absolute_error,10,20000,0.4444444444444444,0.6609623508581787,9,N_L_interaction,-0.21651790641373425
Enumerate,Qwen3-4B,enumeration_bullet,absolute_error,20,2000,0.3,0.7898159225594362,10,N_L_interaction,-0.48981592255943623
Enumerate,Qwen3-4B,enumeration_bullet,absolute_error,20,3000,0.1111111111111111,0.8276393052223217,9,N_L_interaction,-0.7165281941112105
Enumerate,Qwen3-4B,enumeration_bullet,absolute_error,20,5000,0.8,0.9237057178663493,10,N_L_interaction,-0.12370571786634921
Enumerate,Qwen3-4B,enumeration_bullet,absolute_error,20,10000,1.1111111111111112,1.160252832121274,9,N_L_interaction,-0.04914172101016279
Enumerate,Qwen3-4B,enumeration_bullet,absolute_error,20,20000,2.0,1.5908984033101117,8,N_L_interaction,0.4091015966898883
Enumerate,Qwen3-4B,enumeration_bullet,absolute_error,30,2000,1.7,1.238656860516538,10,N_L_interaction,0.46134313948346195
Enumerate,Qwen3-4B,enumeration_bullet,absolute_error,30,3000,1.6,1.3105574109426048,10,N_L_interaction,0.2894425890573953
Enumerate,Qwen3-4B,enumeration_bullet,absolute_error,30,5000,1.5,1.4543585117947386,10,N_L_interaction,0.04564148820526137
Enumerate,Qwen3-4B,enumeration_bullet,absolute_error,30,10000,2.6,1.813861263925073,10,N_L_interaction,0.786138736074927
Enumerate,Qwen3-4B,enumeration_bullet,absolute_error,30,20000,2.125,2.567415195918164,8,N_L_interaction,-0.4424151959181639
Enumerate,Qwen3-4B,enumeration_index,absolute_error,1,2000,0.375,0.21032448499186987,8,N_L_interaction,0.16467551500813013
Enumerate,Qwen3-4B,enumeration_index,absolute_error,1,3000,0.0,0.17956573218173888,8,N_L_interaction,-0.17956573218173888
Enumerate,Qwen3-4B,enumeration_index,absolute_error,1,5000,1.0,0.1195436769398806,9,N_L_interaction,0.8804563230601195
Enumerate,Qwen3-4B,enumeration_index,absolute_error,1,10000,0.9,-0.03514314879539974,10,N_L_interaction,0.9351431487953997
Enumerate,Qwen3-4B,enumeration_index,absolute_error,1,20000,1.0,-0.3485799682747722,10,N_L_interaction,1.3485799682747723
Enumerate,Qwen3-4B,enumeration_index,absolute_error,2,2000,0.0,0.19277221890948543,10,N_L_interaction,-0.19277221890948543
Enumerate,Qwen3-4B,enumeration_index,absolute_error,2,3000,0.1,0.17507127751606608,10,N_L_interaction,-0.07507127751606607
Enumerate,Qwen3-4B,enumeration_index,absolute_error,2,5000,0.1,0.13966939472922757,10,N_L_interaction,-0.039669394729227564
Enumerate,Qwen3-4B,enumeration_index,absolute_error,2,10000,2.8,0.05116468776213108,10,N_L_interaction,2.7488353122378686
Enumerate,Qwen3-4B,enumeration_index,absolute_error,2,20000,1.8,-0.12584472617206183,10,N_L_interaction,1.925844726172062
Enumerate,Qwen3-4B,enumeration_index,absolute_error,3,2000,0.0,0.16993813103087257,10,N_L_interaction,-0.16993813103087257
Enumerate,Qwen3-4B,enumeration_index,absolute_error,3,3000,0.0,0.16587993019197128,10,N_L_interaction,-0.16587993019197128
Enumerate,Qwen3-4B,enumeration_index,absolute_error,3,5000,0.0,0.15776352851416858,10,N_L_interaction,-0.15776352851416858
Enumerate,Qwen3-4B,enumeration_index,absolute_error,3,10000,0.0,0.13747252431966192,10,N_L_interaction,-0.13747252431966192
Enumerate,Qwen3-4B,enumeration_index,absolute_error,3,20000,0.0,0.09689051593064854,10,N_L_interaction,-0.09689051593064854
Enumerate,Qwen3-4B,enumeration_index,absolute_error,4,2000,0.2,0.14710404315225983,10,N_L_interaction,0.05289595684774018
Enumerate,Qwen3-4B,enumeration_index,absolute_error,4,3000,0.0,0.15668858286787643,10,N_L_interaction,-0.15668858286787643
Enumerate,Qwen3-4B,enumeration_index,absolute_error,4,5000,0.0,0.17585766229910965,10,N_L_interaction,-0.17585766229910965
Enumerate,Qwen3-4B,enumeration_index,absolute_error,4,10000,0.0,0.22378036087719275,10,N_L_interaction,-0.22378036087719275
Enumerate,Qwen3-4B,enumeration_index,absolute_error,4,20000,0.0,0.3196257580333589,10,N_L_interaction,-0.3196257580333589
Enumerate,Qwen3-4B,enumeration_index,absolute_error,5,2000,0.0,0.12426995527364706,10,N_L_interaction,-0.12426995527364706
Enumerate,Qwen3-4B,enumeration_index,absolute_error,5,3000,0.0,0.1474972355437816,10,N_L_interaction,-0.1474972355437816
Enumerate,Qwen3-4B,enumeration_index,absolute_error,5,5000,0.1,0.1939517960840507,10,N_L_interaction,-0.09395179608405069
Enumerate,Qwen3-4B,enumeration_index,absolute_error,5,10000,0.0,0.3100881974347236,10,N_L_interaction,-0.3100881974347236
Enumerate,Qwen3-4B,enumeration_index,absolute_error,5,20000,0.0,0.5423610001360694,10,N_L_interaction,-0.5423610001360694
Enumerate,Qwen3-4B,enumeration_index,absolute_error,6,2000,0.0,0.10143586739503418,10,N_L_interaction,-0.10143586739503418
Enumerate,Qwen3-4B,enumeration_index,absolute_error,6,3000,0.0,0.13830588821968673,10,N_L_interaction,-0.13830588821968673
Enumerate,Qwen3-4B,enumeration_index,absolute_error,6,5000,0.1,0.2120459298689918,10,N_L_interaction,-0.11204592986899178
Enumerate,Qwen3-4B,enumeration_index,absolute_error,6,10000,0.1,0.3963960339922544,10,N_L_interaction,-0.29639603399225445
Enumerate,Qwen3-4B,enumeration_index,absolute_error,6,20000,0.0,0.7650962422387797,10,N_L_interaction,-0.7650962422387797
Enumerate,Qwen3-4B,enumeration_index,absolute_error,8,2000,0.0,0.05576769163780857,10,N_L_interaction,-0.05576769163780857
Enumerate,Qwen3-4B,enumeration_index,absolute_error,8,3000,0.0,0.11992319357149703,10,N_L_interaction,-0.11992319357149703
Enumerate,Qwen3-4B,enumeration_index,absolute_error,8,5000,0.3,0.24823419743887393,10,N_L_interaction,0.05176580256112606
Enumerate,Qwen3-4B,enumeration_index,absolute_error,8,10000,0.0,0.5690117071073161,10,N_L_interaction,-0.5690117071073161
Enumerate,Qwen3-4B,enumeration_index,absolute_error,8,20000,0.4,1.2105667264442004,10,N_L_interaction,-0.8105667264442004
Enumerate,Qwen3-4B,enumeration_index,absolute_error,10,2000,0.1,0.010099515880583004,10,N_L_interaction,0.089900484119417
Enumerate,Qwen3-4B,enumeration_index,absolute_error,10,3000,0.1,0.10154049892330734,10,N_L_interaction,-0.0015404989233073346
Enumerate,Qwen3-4B,enumeration_index,absolute_error,10,5000,0.1,0.284422465008756,10,N_L_interaction,-0.184422465008756
Enumerate,Qwen3-4B,enumeration_index,absolute_error,10,10000,0.2,0.7416273802223778,10,N_L_interaction,-0.5416273802223779
Enumerate,Qwen3-4B,enumeration_index,absolute_error,10,20000,0.3,1.6560372106496213,10,N_L_interaction,-1.3560372106496212
Enumerate,Qwen3-4B,enumeration_index,absolute_error,20,2000,0.0,-0.21824136290554502,10,N_L_interaction,0.21824136290554502
Enumerate,Qwen3-4B,enumeration_index,absolute_error,20,3000,0.0,0.00962702568235887,10,N_L_interaction,-0.00962702568235887
Enumerate,Qwen3-4B,enumeration_index,absolute_error,20,5000,0.5,0.4653638028581667,10,N_L_interaction,0.0346361971418333
Enumerate,Qwen3-4B,enumeration_index,absolute_error,20,10000,0.7,1.6047057457976863,10,N_L_interaction,-0.9047057457976864
Enumerate,Qwen3-4B,enumeration_index,absolute_error,20,20000,1.3,3.8833896316767254,10,N_L_interaction,-2.5833896316767255
Enumerate,Qwen3-4B,enumeration_index,absolute_error,30,2000,0.1,-0.44658224169167304,10,N_L_interaction,0.546582241691673
Enumerate,Qwen3-4B,enumeration_index,absolute_error,30,3000,0.3,-0.08228644755858962,10,N_L_interaction,0.3822864475585896
Enumerate,Qwen3-4B,enumeration_index,absolute_error,30,5000,0.3,0.6463051407075773,10,N_L_interaction,-0.3463051407075773
Enumerate,Qwen3-4B,enumeration_index,absolute_error,30,10000,2.4,2.467784111372995,10,N_L_interaction,-0.06778411137299489
Enumerate,Qwen3-4B,enumeration_index,absolute_error,30,20000,9.1,6.110742052703829,10,N_L_interaction,2.9892579472961707
Enumerate,Qwen3-8B,enumeration_bullet,absolute_error,1,2000,0.0,-0.11637654964578537,10,N_L_interaction,0.11637654964578537
Enumerate,Qwen3-8B,enumeration_bullet,absolute_error,1,3000,0.0,-0.14881337628868962,10,N_L_interaction,0.14881337628868962
Enumerate,Qwen3-8B,enumeration_bullet,absolute_error,1,5000,0.0,-0.21368702957449806,10,N_L_interaction,0.21368702957449806
Enumerate,Qwen3-8B,enumeration_bullet,absolute_error,1,10000,0.0,-0.3758711627890192,10,N_L_interaction,0.3758711627890192
Enumerate,Qwen3-8B,enumeration_bullet,absolute_error,1,20000,0.0,-0.7002394292180616,10,N_L_interaction,0.7002394292180616
Enumerate,Qwen3-8B,enumeration_bullet,absolute_error,2,2000,0.0,-0.08282754963255733,10,N_L_interaction,0.08282754963255733
Enumerate,Qwen3-8B,enumeration_bullet,absolute_error,2,3000,0.0,-0.10699516932612166,10,N_L_interaction,0.10699516932612166
Enumerate,Qwen3-8B,enumeration_bullet,absolute_error,2,5000,0.0,-0.1553304087132505,10,N_L_interaction,0.1553304087132505
Enumerate,Qwen3-8B,enumeration_bullet,absolute_error,2,10000,0.0,-0.27616850718107233,10,N_L_interaction,0.27616850718107233
Enumerate,Qwen3-8B,enumeration_bullet,absolute_error,2,20000,0.0,-0.517844704116716,10,N_L_interaction,0.517844704116716
Enumerate,Qwen3-8B,enumeration_bullet,absolute_error,3,2000,0.0,-0.04927854961932924,10,N_L_interaction,0.04927854961932924
Enumerate,Qwen3-8B,enumeration_bullet,absolute_error,3,3000,0.0,-0.06517696236355378,10,N_L_interaction,0.06517696236355378
Enumerate,Qwen3-8B,enumeration_bullet,absolute_error,3,5000,0.0,-0.09697378785200286,10,N_L_interaction,0.09697378785200286
Enumerate,Qwen3-8B,enumeration_bullet,absolute_error,3,10000,0.0,-0.1764658515731254,10,N_L_interaction,0.1764658515731254
Enumerate,Qwen3-8B,enumeration_bullet,absolute_error,3,20000,0.0,-0.3354499790153705,10,N_L_interaction,0.3354499790153705
Enumerate,Qwen3-8B,enumeration_bullet,absolute_error,4,2000,0.0,-0.01572954960610128,10,N_L_interaction,0.01572954960610128
Enumerate,Qwen3-8B,enumeration_bullet,absolute_error,4,3000,0.0,-0.023358755400985885,10,N_L_interaction,0.023358755400985885
Enumerate,Qwen3-8B,enumeration_bullet,absolute_error,4,5000,0.0,-0.03861716699075522,10,N_L_interaction,0.03861716699075522
Enumerate,Qwen3-8B,enumeration_bullet,absolute_error,4,10000,0.0,-0.07676319596517849,10,N_L_interaction,0.07676319596517849
Enumerate,Qwen3-8B,enumeration_bullet,absolute_error,4,20000,0.1,-0.153055253914025,10,N_L_interaction,0.253055253914025
Enumerate,Qwen3-8B,enumeration_bullet,absolute_error,5,2000,0.0,0.01781945040712678,10,N_L_interaction,-0.01781945040712678
Enumerate,Qwen3-8B,enumeration_bullet,absolute_error,5,3000,0.0,0.018459451561581974,10,N_L_interaction,-0.018459451561581974
Enumerate,Qwen3-8B,enumeration_bullet,absolute_error,5,5000,0.0,0.019739453870492436,10,N_L_interaction,-0.019739453870492436
Enumerate,Qwen3-8B,enumeration_bullet,absolute_error,5,10000,0.0,0.022939459642768445,10,N_L_interaction,-0.022939459642768445
Enumerate,Qwen3-8B,enumeration_bullet,absolute_error,5,20000,0.0,0.0293394711873205,10,N_L_interaction,-0.0293394711873205
Enumerate,Qwen3-8B,enumeration_bullet,absolute_error,6,2000,0.3,0.05136845042035483,10,N_L_interaction,0.24863154957964517
Enumerate,Qwen3-8B,enumeration_bullet,absolute_error,6,3000,0.0,0.06027765852414996,10,N_L_interaction,-0.06027765852414996
Enumerate,Qwen3-8B,enumeration_bullet,absolute_error,6,5000,0.0,0.07809607473174004,10,N_L_interaction,-0.07809607473174004
Enumerate,Qwen3-8B,enumeration_bullet,absolute_error,6,10000,0.0,0.12264211525071538,10,N_L_interaction,-0.12264211525071538
Enumerate,Qwen3-8B,enumeration_bullet,absolute_error,6,20000,0.0,0.211734196288666,10,N_L_interaction,-0.211734196288666
Enumerate,Qwen3-8B,enumeration_bullet,absolute_error,8,2000,0.4,0.11846645044681096,10,N_L_interaction,0.28153354955318904
Enumerate,Qwen3-8B,enumeration_bullet,absolute_error,8,3000,0.0,0.14391407244928575,10,N_L_interaction,-0.14391407244928575
Enumerate,Qwen3-8B,enumeration_bullet,absolute_error,8,5000,0.0,0.19480931645423527,10,N_L_interaction,-0.19480931645423527
Enumerate,Qwen3-8B,enumeration_bullet,absolute_error,8,10000,0.0,0.3220474264666092,10,N_L_interaction,-0.3220474264666092
Enumerate,Qwen3-8B,enumeration_bullet,absolute_error,8,20000,0.1,0.576523646491357,10,N_L_interaction,-0.47652364649135703
Enumerate,Qwen3-8B,enumeration_bullet,absolute_error,10,2000,0.0,0.18556445047326703,10,N_L_interaction,-0.18556445047326703
Enumerate,Qwen3-8B,enumeration_bullet,absolute_error,10,3000,0.0,0.22755048637442155,10,N_L_interaction,-0.22755048637442155
Enumerate,Qwen3-8B,enumeration_bullet,absolute_error,10,5000,0.0,0.3115225581767306,10,N_L_interaction,-0.3115225581767306
Enumerate,Qwen3-8B,enumeration_bullet,absolute_error,10,10000,0.1,0.521452737682503,10,N_L_interaction,-0.421452737682503
Enumerate,Qwen3-8B,enumeration_bullet,absolute_error,10,20000,0.2,0.9413130966940481,10,N_L_interaction,-0.741313096694048
Enumerate,Qwen3-8B,enumeration_bullet,absolute_error,20,2000,0.3,0.5210544506055476,10,N_L_interaction,-0.22105445060554757
Enumerate,Qwen3-8B,enumeration_bullet,absolute_error,20,3000,0.2,0.6457325560001006,10,N_L_interaction,-0.4457325560001006
Enumerate,Qwen3-8B,enumeration_bullet,absolute_error,20,5000,0.2,0.8950887667892069,10,N_L_interaction,-0.695088766789207
Enumerate,Qwen3-8B,enumeration_bullet,absolute_error,20,10000,0.1,1.5184792937619722,10,N_L_interaction,-1.4184792937619721
Enumerate,Qwen3-8B,enumeration_bullet,absolute_error,20,20000,1.3,2.7652603477075033,10,N_L_interaction,-1.4652603477075032
Enumerate,Qwen3-8B,enumeration_bullet,absolute_error,30,2000,1.0,0.8565444507378279,10,N_L_interaction,0.14345554926217208
Enumerate,Qwen3-8B,enumeration_bullet,absolute_error,30,3000,1.0,1.0639146256257797,10,N_L_interaction,-0.06391462562577965
Enumerate,Qwen3-8B,enumeration_bullet,absolute_error,30,5000,2.5,1.4786549754016831,10,N_L_interaction,1.0213450245983169
Enumerate,Qwen3-8B,enumeration_bullet,absolute_error,30,10000,3.7,2.5155058498414418,10,N_L_interaction,1.1844941501585584
Enumerate,Qwen3-8B,enumeration_bullet,absolute_error,30,20000,5.8,4.589207598720958,10,N_L_interaction,1.2107924012790416
Enumerate,Qwen3-8B,enumeration_index,absolute_error,1,2000,0.0,0.036036875226231675,10,N_L_interaction,-0.036036875226231675
Enumerate,Qwen3-8B,enumeration_index,absolute_error,1,3000,0.0,0.025568370811041387,10,N_L_interaction,-0.025568370811041387
Enumerate,Qwen3-8B,enumeration_index,absolute_error,1,5000,0.0,0.00463136198066084,10,N_L_interaction,-0.00463136198066084
Enumerate,Qwen3-8B,enumeration_index,absolute_error,1,10000,0.0,-0.04771116009529055,10,N_L_interaction,0.04771116009529055
Enumerate,Qwen3-8B,enumeration_index,absolute_error,1,20000,0.1,-0.1523962042471933,10,N_L_interaction,0.25239620424719333
Enumerate,Qwen3-8B,enumeration_index,absolute_error,2,2000,0.0,0.03208144682109961,10,N_L_interaction,-0.03208144682109961
Enumerate,Qwen3-8B,enumeration_index,absolute_error,2,3000,0.0,0.024482605605602455,10,N_L_interaction,-0.024482605605602455
Enumerate,Qwen3-8B,enumeration_index,absolute_error,2,5000,0.0,0.00928492317460809,10,N_L_interaction,-0.00928492317460809
Enumerate,Qwen3-8B,enumeration_index,absolute_error,2,10000,0.0,-0.028709282902877737,10,N_L_interaction,0.028709282902877737
Enumerate,Qwen3-8B,enumeration_index,absolute_error,2,20000,0.0,-0.1046976950578494,10,N_L_interaction,0.1046976950578494
Enumerate,Qwen3-8B,enumeration_index,absolute_error,3,2000,0.0,0.02812601841596753,10,N_L_interaction,-0.02812601841596753
Enumerate,Qwen3-8B,enumeration_index,absolute_error,3,3000,0.0,0.023396840400163477,10,N_L_interaction,-0.023396840400163477
Enumerate,Qwen3-8B,enumeration_index,absolute_error,3,5000,0.0,0.013938484368555343,10,N_L_interaction,-0.013938484368555343
Enumerate,Qwen3-8B,enumeration_index,absolute_error,3,10000,0.0,-0.009707405710464927,10,N_L_interaction,0.009707405710464927
Enumerate,Qwen3-8B,enumeration_index,absolute_error,3,20000,0.0,-0.05699918586850551,10,N_L_interaction,0.05699918586850551
Enumerate,Qwen3-8B,enumeration_index,absolute_error,4,2000,0.0,0.024170590010835418,10,N_L_interaction,-0.024170590010835418
Enumerate,Qwen3-8B,enumeration_index,absolute_error,4,3000,0.0,0.022311075194724493,10,N_L_interaction,-0.022311075194724493
Enumerate,Qwen3-8B,enumeration_index,absolute_error,4,5000,0.0,0.018592045562502598,10,N_L_interaction,-0.018592045562502598
Enumerate,Qwen3-8B,enumeration_index,absolute_error,4,10000,0.0,0.009294471481947859,10,N_L_interaction,-0.009294471481947859
Enumerate,Qwen3-8B,enumeration_index,absolute_error,4,20000,0.0,-0.009300676679161604,10,N_L_interaction,0.009300676679161604
Enumerate,Qwen3-8B,enumeration_index,absolute_error,5,2000,0.0,0.020215161605703358,10,N_L_interaction,-0.020215161605703358
Enumerate,Qwen3-8B,enumeration_index,absolute_error,5,3000,0.0,0.02122530998928553,10,N_L_interaction,-0.02122530998928553
Enumerate,Qwen3-8B,enumeration_index,absolute_error,5,5000,0.0,0.023245606756449873,10,N_L_interaction,-0.023245606756449873
Enumerate,Qwen3-8B,enumeration_index,absolute_error,5,10000,0.0,0.028296348674360677,10,N_L_interaction,-0.028296348674360677
Enumerate,Qwen3-8B,enumeration_index,absolute_error,5,20000,0.0,0.038397832510182306,10,N_L_interaction,-0.038397832510182306
Enumerate,Qwen3-8B,enumeration_index,absolute_error,6,2000,0.3,0.016259733200571273,10,N_L_interaction,0.2837402667994287
Enumerate,Qwen3-8B,enumeration_index,absolute_error,6,3000,0.0,0.020139544783846577,10,N_L_interaction,-0.020139544783846577
Enumerate,Qwen3-8B,enumeration_index,absolute_error,6,5000,0.0,0.027899167950397114,10,N_L_interaction,-0.027899167950397114
Enumerate,Qwen3-8B,enumeration_index,absolute_error,6,10000,0.0,0.04729822586677347,10,N_L_interaction,-0.04729822586677347
Enumerate,Qwen3-8B,enumeration_index,absolute_error,6,20000,0.0,0.08609634169952621,10,N_L_interaction,-0.08609634169952621
Enumerate,Qwen3-8B,enumeration_index,absolute_error,8,2000,0.3,0.008348876390307134,10,N_L_interaction,0.29165112360969286
Enumerate,Qwen3-8B,enumeration_index,absolute_error,8,3000,0.0,0.017968014372968643,10,N_L_interaction,-0.017968014372968643
Enumerate,Qwen3-8B,enumeration_index,absolute_error,8,5000,0.0,0.037206290338291606,10,N_L_interaction,-0.037206290338291606
Enumerate,Qwen3-8B,enumeration_index,absolute_error,8,10000,0.0,0.08530198025159907,10,N_L_interaction,-0.08530198025159907
Enumerate,Qwen3-8B,enumeration_index,absolute_error,8,20000,0.0,0.181493360078214,10,N_L_interaction,-0.181493360078214
Enumerate,Qwen3-8B,enumeration_index,absolute_error,10,2000,0.0,0.0004380195800429712,10,N_L_interaction,-0.0004380195800429712
Enumerate,Qwen3-8B,enumeration_index,absolute_error,10,3000,0.0,0.015796483962090706,10,N_L_interaction,-0.015796483962090706
Enumerate,Qwen3-8B,enumeration_index,absolute_error,10,5000,0.0,0.04651341272618612,10,N_L_interaction,-0.04651341272618612
Enumerate,Qwen3-8B,enumeration_index,absolute_error,10,10000,0.1,0.12330573463642469,10,N_L_interaction,-0.023305734636424685
Enumerate,Qwen3-8B,enumeration_index,absolute_error,10,20000,0.2,0.2768903784569018,10,N_L_interaction,-0.07689037845690178
Enumerate,Qwen3-8B,enumeration_index,absolute_error,20,2000,0.1,-0.03911626447127781,10,N_L_interaction,0.1391162644712778
Enumerate,Qwen3-8B,enumeration_index,absolute_error,20,3000,0.0,0.004938831907701016,10,N_L_interaction,-0.004938831907701016
Enumerate,Qwen3-8B,enumeration_index,absolute_error,20,5000,0.0,0.09304902466565865,10,N_L_interaction,-0.09304902466565865
Enumerate,Qwen3-8B,enumeration_index,absolute_error,20,10000,0.1,0.31332450656055266,10,N_L_interaction,-0.21332450656055266
Enumerate,Qwen3-8B,enumeration_index,absolute_error,20,20000,0.7,0.753875470350341,10,N_L_interaction,-0.053875470350341015
Enumerate,Qwen3-8B,enumeration_index,absolute_error,30,2000,0.2,-0.07867054852259855,10,N_L_interaction,0.27867054852259854
Enumerate,Qwen3-8B,enumeration_index,absolute_error,30,3000,0.0,-0.005918820146688647,10,N_L_interaction,0.005918820146688647
Enumerate,Qwen3-8B,enumeration_index,absolute_error,30,5000,0.0,0.13958463660513115,10,N_L_interaction,-0.13958463660513115
Enumerate,Qwen3-8B,enumeration_index,absolute_error,30,10000,0.2,0.5033432784846807,10,N_L_interaction,-0.30334327848468073
Enumerate,Qwen3-8B,enumeration_index,absolute_error,30,20000,1.6,1.2308605622437798,10,N_L_interaction,0.36913943775622027
Enumerate,GLM-4-9B-0414,enumeration_bullet,signed_error,1,2000,0.0,0.411117525847275,10,N_L_interaction,-0.411117525847275
Enumerate,GLM-4-9B-0414,enumeration_bullet,signed_error,1,3000,0.0,0.49020544047766823,10,N_L_interaction,-0.49020544047766823
Enumerate,GLM-4-9B-0414,enumeration_bullet,signed_error,1,5000,0.0,0.6483812697384546,10,N_L_interaction,-0.6483812697384546
Enumerate,GLM-4-9B-0414,enumeration_bullet,signed_error,1,10000,0.0,1.0438208428904208,10,N_L_interaction,-1.0438208428904208
Enumerate,GLM-4-9B-0414,enumeration_bullet,signed_error,1,20000,0.5714285714285714,1.8264492090344817,7,N_L_interaction,-1.2550206376059103
Enumerate,GLM-4-9B-0414,enumeration_bullet,signed_error,2,2000,0.0,0.2746265569151659,10,N_L_interaction,-0.2746265569151659
Enumerate,GLM-4-9B-0414,enumeration_bullet,signed_error,2,3000,0.3,0.3260131986859417,10,N_L_interaction,-0.026013198685941707
Enumerate,GLM-4-9B-0414,enumeration_bullet,signed_error,2,5000,0.0,0.428786482227493,10,N_L_interaction,-0.428786482227493
Enumerate,GLM-4-9B-0414,enumeration_bullet,signed_error,2,10000,0.0,0.6857196910813715,10,N_L_interaction,-0.6857196910813715
Enumerate,GLM-4-9B-0414,enumeration_bullet,signed_error,2,20000,0.3,1.1995861087891286,10,N_L_interaction,-0.8995861087891286
Enumerate,GLM-4-9B-0414,enumeration_bullet,signed_error,3,2000,0.0,0.1381355879830567,10,N_L_interaction,-0.1381355879830567
Enumerate,GLM-4-9B-0414,enumeration_bullet,signed_error,3,3000,0.0,0.16182095689421486,10,N_L_interaction,-0.16182095689421486
Enumerate,GLM-4-9B-0414,enumeration_bullet,signed_error,3,5000,0.0,0.20919169471653126,10,N_L_interaction,-0.20919169471653126
Enumerate,GLM-4-9B-0414,enumeration_bullet,signed_error,3,10000,0.0,0.3276185392723223,10,N_L_interaction,-0.3276185392723223
Enumerate,GLM-4-9B-0414,enumeration_bullet,signed_error,3,20000,0.1,0.5644722283839043,10,N_L_interaction,-0.46447222838390434
Enumerate,GLM-4-9B-0414,enumeration_bullet,signed_error,4,2000,0.0,0.0016446190509475267,10,N_L_interaction,-0.0016446190509475267
Enumerate,GLM-4-9B-0414,enumeration_bullet,signed_error,4,3000,0.0,-0.002371284897511794,10,N_L_interaction,0.002371284897511794
Enumerate,GLM-4-9B-0414,enumeration_bullet,signed_error,4,5000,0.0,-0.010403092794430458,10,N_L_interaction,0.010403092794430458
Enumerate,GLM-4-9B-0414,enumeration_bullet,signed_error,4,10000,-0.2,-0.03048261253672684,10,N_L_interaction,-0.16951738746327316
Enumerate,GLM-4-9B-0414,enumeration_bullet,signed_error,4,20000,0.0,-0.07109812434828791,9,N_L_interaction,0.07109812434828791
Enumerate,GLM-4-9B-0414,enumeration_bullet,signed_error,5,2000,0.0,-0.1348463498811617,10,N_L_interaction,0.1348463498811617
Enumerate,GLM-4-9B-0414,enumeration_bullet,signed_error,5,3000,0.0,-0.16656352668923852,10,N_L_interaction,0.16656352668923852
Enumerate,GLM-4-9B-0414,enumeration_bullet,signed_error,5,5000,-0.2,-0.22999788030539214,10,N_L_interaction,0.029997880305392133
Enumerate,GLM-4-9B-0414,enumeration_bullet,signed_error,5,10000,-0.5,-0.388583764345776,10,N_L_interaction,-0.11141623565422398
Enumerate,GLM-4-9B-0414,enumeration_bullet,signed_error,5,20000,-0.25,-0.7075239962584664,8,N_L_interaction,0.4575239962584664
Enumerate,GLM-4-9B-0414,enumeration_bullet,signed_error,6,2000,-0.1,-0.27133731881327083,10,N_L_interaction,0.17133731881327083
Enumerate,GLM-4-9B-0414,enumeration_bullet,signed_error,6,3000,0.0,-0.3307557684809652,10,N_L_interaction,0.3307557684809652
Enumerate,GLM-4-9B-0414,enumeration_bullet,signed_error,6,5000,-0.1,-0.4495926678163539,10,N_L_interaction,0.3495926678163539
Enumerate,GLM-4-9B-0414,enumeration_bullet,signed_error,6,10000,-0.4,-0.7466849161548252,10,N_L_interaction,0.3466849161548252
Enumerate,GLM-4-9B-0414,enumeration_bullet,signed_error,6,20000,-0.2222222222222222,-1.3368292520988225,9,N_L_interaction,1.1146070298766002
Enumerate,GLM-4-9B-0414,enumeration_bullet,signed_error,8,2000,0.0,-0.5443192566774893,10,N_L_interaction,0.5443192566774893
Enumerate,GLM-4-9B-0414,enumeration_bullet,signed_error,8,3000,0.0,-0.6591402520644186,10,N_L_interaction,0.6591402520644186
Enumerate,GLM-4-9B-0414,enumeration_bullet,signed_error,8,5000,-0.5,-0.8887822428382771,10,N_L_interaction,0.3887822428382771
Enumerate,GLM-4-9B-0414,enumeration_bullet,signed_error,8,10000,-1.6,-1.4628872197729237,10,N_L_interaction,-0.1371127802270764
Enumerate,GLM-4-9B-0414,enumeration_bullet,signed_error,8,20000,-1.7142857142857142,-2.6124873427357724,7,N_L_interaction,0.8982016284500582
Enumerate,GLM-4-9B-0414,enumeration_bullet,signed_error,10,2000,-0.2,-0.8173011945417075,10,N_L_interaction,0.6173011945417075
Enumerate,GLM-4-9B-0414,enumeration_bullet,signed_error,10,3000,-0.8,-0.9875247356478718,10,N_L_interaction,0.18752473564787175
Enumerate,GLM-4-9B-0414,enumeration_bullet,signed_error,10,5000,-1.3,-1.3279718178602005,10,N_L_interaction,0.02797181786020042
Enumerate,GLM-4-9B-0414,enumeration_bullet,signed_error,10,10000,-2.2,-2.179089523391022,10,N_L_interaction,-0.020910476608978268
Enumerate,GLM-4-9B-0414,enumeration_bullet,signed_error,10,20000,-1.5714285714285714,-3.877905129980661,7,N_L_interaction,2.30647655855209
Enumerate,GLM-4-9B-0414,enumeration_bullet,signed_error,20,2000,-0.8,-2.1822108838627994,10,N_L_interaction,1.3822108838627993
Enumerate,GLM-4-9B-0414,enumeration_bullet,signed_error,20,3000,-1.4,-2.6294471535651387,10,N_L_interaction,1.2294471535651388
Enumerate,GLM-4-9B-0414,enumeration_bullet,signed_error,20,5000,-3.4,-3.5239196929698173,10,N_L_interaction,0.12391969296981742
Enumerate,GLM-4-9B-0414,enumeration_bullet,signed_error,20,10000,-5.111111111111111,-5.744717393863496,9,N_L_interaction,0.6336062827523854
Enumerate,GLM-4-9B-0414,enumeration_bullet,signed_error,20,20000,-8.6,-10.294115488964707,5,N_L_interaction,1.694115488964707
Enumerate,GLM-4-9B-0414,enumeration_bullet,signed_error,30,2000,-4.0,-3.5471205731838915,10,N_L_interaction,-0.4528794268161085
Enumerate,GLM-4-9B-0414,enumeration_bullet,signed_error,30,3000,-4.2,-4.271369571482405,10,N_L_interaction,0.07136957148240519
Enumerate,GLM-4-9B-0414,enumeration_bullet,signed_error,30,5000,-6.2,-5.719867568079435,10,N_L_interaction,-0.4801324319205653
Enumerate,GLM-4-9B-0414,enumeration_bullet,signed_error,30,10000,-12.7,-9.341112559572005,10,N_L_interaction,-3.358887440427994
Enumerate,GLM-4-9B-0414,enumeration_bullet,signed_error,30,20000,-16.666666666666668,-16.618003390059943,3,N_L_interaction,-0.04866327660672454
Enumerate,GLM-4-9B-0414,enumeration_index,signed_error,1,2000,0.0,-0.18154742977680818,10,N_L_interaction,0.18154742977680818
Enumerate,GLM-4-9B-0414,enumeration_index,signed_error,1,3000,0.0,-0.012915130063118608,10,N_L_interaction,0.012915130063118608
Enumerate,GLM-4-9B-0414,enumeration_index,signed_error,1,5000,0.0,0.32434946936426007,10,N_L_interaction,-0.32434946936426007
Enumerate,GLM-4-9B-0414,enumeration_index,signed_error,1,10000,0.375,1.144830952933946,8,N_L_interaction,-0.769830952933946
Enumerate,GLM-4-9B-0414,enumeration_index,signed_error,1,20000,30.0,2.806819077007188,9,N_L_interaction,27.193180922992813
Enumerate,GLM-4-9B-0414,enumeration_index,signed_error,2,2000,0.0,-0.3620180251942217,10,N_L_interaction,0.3620180251942217
Enumerate,GLM-4-9B-0414,enumeration_index,signed_error,2,3000,0.3,-0.1523277198992477,10,N_L_interaction,0.4523277198992477
Enumerate,GLM-4-9B-0414,enumeration_index,signed_error,2,5000,0.0,0.26705289069070026,10,N_L_interaction,-0.26705289069070026
Enumerate,GLM-4-9B-0414,enumeration_index,signed_error,2,10000,0.3,1.3155044171655703,10,N_L_interaction,-1.0155044171655703
Enumerate,GLM-4-9B-0414,enumeration_index,signed_error,2,20000,1.5,3.4124074701153106,10,N_L_interaction,-1.9124074701153106
Enumerate,GLM-4-9B-0414,enumeration_index,signed_error,3,2000,0.0,-0.542488620611635,10,N_L_interaction,0.542488620611635
Enumerate,GLM-4-9B-0414,enumeration_index,signed_error,3,3000,0.0,-0.2917403097353765,10,N_L_interaction,0.2917403097353765
Enumerate,GLM-4-9B-0414,enumeration_index,signed_error,3,5000,0.0,0.20975631201714068,10,N_L_interaction,-0.20975631201714068
Enumerate,GLM-4-9B-0414,enumeration_index,signed_error,3,10000,0.0,1.4634978663984335,10,N_L_interaction,-1.4634978663984335
Enumerate,GLM-4-9B-0414,enumeration_index,signed_error,3,20000,-0.1,3.9709809751610186,10,N_L_interaction,-4.070980975161018
Enumerate,GLM-4-9B-0414,enumeration_index,signed_error,4,2000,0.0,-0.7229592160290486,10,N_L_interaction,0.7229592160290486
Enumerate,GLM-4-9B-0414,enumeration_index,signed_error,4,3000,0.0,-0.43115289957150554,10,N_L_interaction,0.43115289957150554
Enumerate,GLM-4-9B-0414,enumeration_index,signed_error,4,5000,0.0,0.15245973334358073,10,N_L_interaction,-0.15245973334358073
Enumerate,GLM-4-9B-0414,enumeration_index,signed_error,4,10000,-0.2222222222222222,1.59799477920244,9,N_L_interaction,-1.8202170014246621
Enumerate,GLM-4-9B-0414,enumeration_index,signed_error,4,20000,0.0,4.529554480206728,10,N_L_interaction,-4.529554480206728
Enumerate,GLM-4-9B-0414,enumeration_index,signed_error,5,2000,0.0,-0.9034298114464623,10,N_L_interaction,0.9034298114464623
Enumerate,GLM-4-9B-0414,enumeration_index,signed_error,5,3000,0.0,-0.5705654894076344,10,N_L_interaction,0.5705654894076344
Enumerate,GLM-4-9B-0414,enumeration_index,signed_error,5,5000,0.0,0.0951631546700209,10,N_L_interaction,-0.0951631546700209
Enumerate,GLM-4-9B-0414,enumeration_index,signed_error,5,10000,-0.4444444444444444,1.7368777126298187,9,N_L_interaction,-2.181322157074263
Enumerate,GLM-4-9B-0414,enumeration_index,signed_error,5,20000,15.2,5.088127985252436,10,N_L_interaction,10.111872014747563
Enumerate,GLM-4-9B-0414,enumeration_index,signed_error,6,2000,-0.1,-1.0839004068638756,10,N_L_interaction,0.9839004068638756
Enumerate,GLM-4-9B-0414,enumeration_index,signed_error,6,3000,0.0,-0.7099780792437633,10,N_L_interaction,0.7099780792437633
Enumerate,GLM-4-9B-0414,enumeration_index,signed_error,6,5000,-0.3,0.037866575996461115,10,N_L_interaction,-0.3378665759964611
Enumerate,GLM-4-9B-0414,enumeration_index,signed_error,6,10000,-1.0,1.8808780826365026,9,N_L_interaction,-2.8808780826365026
Enumerate,GLM-4-9B-0414,enumeration_index,signed_error,6,20000,0.4,5.6467014902981445,10,N_L_interaction,-5.246701490298144
Enumerate,GLM-4-9B-0414,enumeration_index,signed_error,8,2000,0.0,-1.4448415976987028,10,N_L_interaction,1.4448415976987028
Enumerate,GLM-4-9B-0414,enumeration_index,signed_error,8,3000,0.0,-0.9888032589160212,10,N_L_interaction,0.9888032589160212
Enumerate,GLM-4-9B-0414,enumeration_index,signed_error,8,5000,-0.4,-0.07672658135065845,10,N_L_interaction,-0.32327341864934156
Enumerate,GLM-4-9B-0414,enumeration_index,signed_error,8,10000,-1.3,2.2034651125627485,10,N_L_interaction,-3.5034651125627487
Enumerate,GLM-4-9B-0414,enumeration_index,signed_error,8,20000,0.8,6.763848500389562,10,N_L_interaction,-5.963848500389562
Enumerate,GLM-4-9B-0414,enumeration_index,signed_error,10,2000,-0.3,-1.8057827885335296,10,N_L_interaction,1.5057827885335295
Enumerate,GLM-4-9B-0414,enumeration_index,signed_error,10,3000,-0.5,-1.2676284385882792,10,N_L_interaction,0.7676284385882792
Enumerate,GLM-4-9B-0414,enumeration_index,signed_error,10,5000,-0.3,-0.19131973869777802,10,N_L_interaction,-0.10868026130222197
Enumerate,GLM-4-9B-0414,enumeration_index,signed_error,10,10000,-1.0,2.4568795626632394,9,N_L_interaction,-3.4568795626632394
Enumerate,GLM-4-9B-0414,enumeration_index,signed_error,10,20000,2.0,7.880995510480979,10,N_L_interaction,-5.880995510480979
Enumerate,GLM-4-9B-0414,enumeration_index,signed_error,20,2000,-0.7,-3.610488742707665,10,N_L_interaction,2.910488742707665
Enumerate,GLM-4-9B-0414,enumeration_index,signed_error,20,3000,-0.9,-2.661754336949568,10,N_L_interaction,1.761754336949568
Enumerate,GLM-4-9B-0414,enumeration_index,signed_error,20,5000,-1.8,-0.7642855254333762,10,N_L_interaction,-1.0357144745666238
Enumerate,GLM-4-9B-0414,enumeration_index,signed_error,20,10000,-2.9,3.979386503357104,10,N_L_interaction,-6.879386503357104
Enumerate,GLM-4-9B-0414,enumeration_index,signed_error,20,20000,-1.1428571428571428,13.849905610069644,7,N_L_interaction,-14.992762752926787
Enumerate,GLM-4-9B-0414,enumeration_index,signed_error,30,2000,0.0,-5.4151946968818,10,N_L_interaction,5.4151946968818
Enumerate,GLM-4-9B-0414,enumeration_index,signed_error,30,3000,-0.9,-4.055880235310857,10,N_L_interaction,3.1558802353108573
Enumerate,GLM-4-9B-0414,enumeration_index,signed_error,30,5000,-3.9,-1.337251312168974,10,N_L_interaction,-2.562748687831026
Enumerate,GLM-4-9B-0414,enumeration_index,signed_error,30,10000,-6.0,5.459320995685735,10,N_L_interaction,-11.459320995685735
Enumerate,GLM-4-9B-0414,enumeration_index,signed_error,30,20000,40.111111111111114,18.84653677262509,9,N_L_interaction,21.264574338486025
Enumerate,Gemma4-12B,enumeration_bullet,signed_error,1,2000,0.0,0.15601222279544097,10,N_L_interaction,-0.15601222279544097
Enumerate,Gemma4-12B,enumeration_bullet,signed_error,1,3000,0.0,0.1570936828446737,10,N_L_interaction,-0.1570936828446737
Enumerate,Gemma4-12B,enumeration_bullet,signed_error,1,5000,0.0,0.15925660294313915,10,N_L_interaction,-0.15925660294313915
Enumerate,Gemma4-12B,enumeration_bullet,signed_error,1,10000,0.0,0.1646639031893028,10,N_L_interaction,-0.1646639031893028
Enumerate,Gemma4-12B,enumeration_bullet,signed_error,1,20000,0.0,0.17547850368163004,10,N_L_interaction,-0.17547850368163004
Enumerate,Gemma4-12B,enumeration_bullet,signed_error,2,2000,0.0,0.10934942836424473,10,N_L_interaction,-0.10934942836424473
Enumerate,Gemma4-12B,enumeration_bullet,signed_error,2,3000,0.0,0.10710040514165493,10,N_L_interaction,-0.10710040514165493
Enumerate,Gemma4-12B,enumeration_bullet,signed_error,2,5000,0.0,0.10260235869647541,10,N_L_interaction,-0.10260235869647541
Enumerate,Gemma4-12B,enumeration_bullet,signed_error,2,10000,0.0,0.09135724258352644,10,N_L_interaction,-0.09135724258352644
Enumerate,Gemma4-12B,enumeration_bullet,signed_error,2,20000,0.0,0.0688670103576286,10,N_L_interaction,-0.0688670103576286
Enumerate,Gemma4-12B,enumeration_bullet,signed_error,3,2000,0.0,0.06268663393304842,10,N_L_interaction,-0.06268663393304842
Enumerate,Gemma4-12B,enumeration_bullet,signed_error,3,3000,0.0,0.05710712743863614,10,N_L_interaction,-0.05710712743863614
Enumerate,Gemma4-12B,enumeration_bullet,signed_error,3,5000,0.0,0.04594811444981157,10,N_L_interaction,-0.04594811444981157
Enumerate,Gemma4-12B,enumeration_bullet,signed_error,3,10000,0.0,0.018050581977750058,10,N_L_interaction,-0.018050581977750058
Enumerate,Gemma4-12B,enumeration_bullet,signed_error,3,20000,0.0,-0.03774448296637293,10,N_L_interaction,0.03774448296637293
Enumerate,Gemma4-12B,enumeration_bullet,signed_error,4,2000,0.0,0.016023839501852172,10,N_L_interaction,-0.016023839501852172
Enumerate,Gemma4-12B,enumeration_bullet,signed_error,4,3000,0.0,0.00711384973561735,10,N_L_interaction,-0.00711384973561735
Enumerate,Gemma4-12B,enumeration_bullet,signed_error,4,5000,0.0,-0.010706129796852254,10,N_L_interaction,0.010706129796852254
Enumerate,Gemma4-12B,enumeration_bullet,signed_error,4,10000,0.0,-0.055256078628026305,10,N_L_interaction,0.055256078628026305
Enumerate,Gemma4-12B,enumeration_bullet,signed_error,4,20000,-0.1,-0.14435597629037442,10,N_L_interaction,0.04435597629037441
Enumerate,Gemma4-12B,enumeration_bullet,signed_error,5,2000,0.0,-0.03063895492934407,10,N_L_interaction,0.03063895492934407
Enumerate,Gemma4-12B,enumeration_bullet,signed_error,5,3000,0.0,-0.04287942796740138,10,N_L_interaction,0.04287942796740138
Enumerate,Gemma4-12B,enumeration_bullet,signed_error,5,5000,0.0,-0.06736037404351605,10,N_L_interaction,0.06736037404351605
Enumerate,Gemma4-12B,enumeration_bullet,signed_error,5,10000,0.0,-0.12856273923380265,10,N_L_interaction,0.12856273923380265
Enumerate,Gemma4-12B,enumeration_bullet,signed_error,5,20000,-0.2,-0.2509674696143759,10,N_L_interaction,0.05096746961437587
Enumerate,Gemma4-12B,enumeration_bullet,signed_error,6,2000,0.0,-0.07730174936054035,10,N_L_interaction,0.07730174936054035
Enumerate,Gemma4-12B,enumeration_bullet,signed_error,6,3000,0.0,-0.0928727056704202,10,N_L_interaction,0.0928727056704202
Enumerate,Gemma4-12B,enumeration_bullet,signed_error,6,5000,-0.1,-0.12401461829017986,10,N_L_interaction,0.024014618290179854
Enumerate,Gemma4-12B,enumeration_bullet,signed_error,6,10000,-0.1,-0.20186939983957902,10,N_L_interaction,0.10186939983957902
Enumerate,Gemma4-12B,enumeration_bullet,signed_error,6,20000,-0.4,-0.3575789629383774,10,N_L_interaction,-0.042421037061622646
Enumerate,Gemma4-12B,enumeration_bullet,signed_error,8,2000,0.0,-0.1706273382229329,10,N_L_interaction,0.1706273382229329
Enumerate,Gemma4-12B,enumeration_bullet,signed_error,8,3000,0.0,-0.19285926107645776,10,N_L_interaction,0.19285926107645776
Enumerate,Gemma4-12B,enumeration_bullet,signed_error,8,5000,0.0,-0.23732310678350746,10,N_L_interaction,0.23732310678350746
Enumerate,Gemma4-12B,enumeration_bullet,signed_error,8,10000,-0.1,-0.34848272105113176,10,N_L_interaction,0.24848272105113176
Enumerate,Gemma4-12B,enumeration_bullet,signed_error,8,20000,-0.3,-0.5708019495863803,10,N_L_interaction,0.2708019495863803
Enumerate,Gemma4-12B,enumeration_bullet,signed_error,10,2000,-0.3,-0.2639529270853254,10,N_L_interaction,-0.03604707291467457
Enumerate,Gemma4-12B,enumeration_bullet,signed_error,10,3000,-0.1,-0.2928458164824953,10,N_L_interaction,0.1928458164824953
Enumerate,Gemma4-12B,enumeration_bullet,signed_error,10,5000,-0.4,-0.3506315952768351,10,N_L_interaction,-0.04936840472316495
Enumerate,Gemma4-12B,enumeration_bullet,signed_error,10,10000,-0.2,-0.4950960422626845,10,N_L_interaction,0.2950960422626845
Enumerate,Gemma4-12B,enumeration_bullet,signed_error,10,20000,-0.7,-0.7840249362343833,10,N_L_interaction,0.08402493623438334
Enumerate,Gemma4-12B,enumeration_bullet,signed_error,20,2000,-0.9,-0.7305808713972881,10,N_L_interaction,-0.1694191286027119
Enumerate,Gemma4-12B,enumeration_bullet,signed_error,20,3000,-1.0,-0.7927785935126831,10,N_L_interaction,-0.2072214064873169
Enumerate,Gemma4-12B,enumeration_bullet,signed_error,20,5000,-0.9,-0.9171740377434732,10,N_L_interaction,0.017174037743473147
Enumerate,Gemma4-12B,enumeration_bullet,signed_error,20,10000,-1.0,-1.2281626483204482,10,N_L_interaction,0.2281626483204482
Enumerate,Gemma4-12B,enumeration_bullet,signed_error,20,20000,-2.7,-1.8501398694743982,10,N_L_interaction,-0.8498601305256019
Enumerate,Gemma4-12B,enumeration_bullet,signed_error,30,2000,-1.1,-1.1972088157092506,10,N_L_interaction,0.09720881570925055
Enumerate,Gemma4-12B,enumeration_bullet,signed_error,30,3000,-1.4,-1.292711370542871,10,N_L_interaction,-0.10728862945712891
Enumerate,Gemma4-12B,enumeration_bullet,signed_error,30,5000,-1.7,-1.4837164802101113,10,N_L_interaction,-0.2162835197898887
Enumerate,Gemma4-12B,enumeration_bullet,signed_error,30,10000,-1.9,-1.9612292543782117,10,N_L_interaction,0.061229254378211806
Enumerate,Gemma4-12B,enumeration_bullet,signed_error,30,20000,-2.6,-2.916254802714413,10,N_L_interaction,0.316254802714413
Enumerate,Gemma4-12B,enumeration_index,signed_error,1,2000,0.0,-0.005851428818812324,10,N_L_interaction,0.005851428818812324
Enumerate,Gemma4-12B,enumeration_index,signed_error,1,3000,0.0,-0.005522409059588346,10,N_L_interaction,0.005522409059588346
Enumerate,Gemma4-12B,enumeration_index,signed_error,1,5000,0.0,-0.004864369541140423,10,N_L_interaction,0.004864369541140423
Enumerate,Gemma4-12B,enumeration_index,signed_error,1,10000,0.0,-0.003219270745020617,10,N_L_interaction,0.003219270745020617
Enumerate,Gemma4-12B,enumeration_index,signed_error,1,20000,0.0,7.092684721899944e-05,10,N_L_interaction,-7.092684721899944e-05
Enumerate,Gemma4-12B,enumeration_index,signed_error,2,2000,0.0,0.00044958818414960605,10,N_L_interaction,-0.00044958818414960605
Enumerate,Gemma4-12B,enumeration_index,signed_error,2,3000,0.0,-0.0018353313827853123,10,N_L_interaction,0.0018353313827853123
Enumerate,Gemma4-12B,enumeration_index,signed_error,2,5000,0.0,-0.006405170516655125,10,N_L_interaction,0.006405170516655125
Enumerate,Gemma4-12B,enumeration_index,signed_error,2,10000,0.0,-0.017829768351329708,10,N_L_interaction,0.017829768351329708
Enumerate,Gemma4-12B,enumeration_index,signed_error,2,20000,0.0,-0.04067896402067886,10,N_L_interaction,0.04067896402067886
Enumerate,Gemma4-12B,enumeration_index,signed_error,3,2000,0.0,0.0067506051871115465,10,N_L_interaction,-0.0067506051871115465
Enumerate,Gemma4-12B,enumeration_index,signed_error,3,3000,0.0,0.001851746294017758,10,N_L_interaction,-0.001851746294017758
Enumerate,Gemma4-12B,enumeration_index,signed_error,3,5000,0.0,-0.007945971492169805,10,N_L_interaction,0.007945971492169805
Enumerate,Gemma4-12B,enumeration_index,signed_error,3,10000,0.0,-0.03244026595763879,10,N_L_interaction,0.03244026595763879
Enumerate,Gemma4-12B,enumeration_index,signed_error,3,20000,0.0,-0.08142885488857672,10,N_L_interaction,0.08142885488857672
Enumerate,Gemma4-12B,enumeration_index,signed_error,4,2000,0.0,0.013051622190073515,10,N_L_interaction,-0.013051622190073515
Enumerate,Gemma4-12B,enumeration_index,signed_error,4,3000,0.0,0.00553882397082083,10,N_L_interaction,-0.00553882397082083
Enumerate,Gemma4-12B,enumeration_index,signed_error,4,5000,0.0,-0.00948677246768451,10,N_L_interaction,0.00948677246768451
Enumerate,Gemma4-12B,enumeration_index,signed_error,4,10000,0.0,-0.04705076356394786,10,N_L_interaction,0.04705076356394786
Enumerate,Gemma4-12B,enumeration_index,signed_error,4,20000,-0.1,-0.12217874575647458,10,N_L_interaction,0.022178745756474577
Enumerate,Gemma4-12B,enumeration_index,signed_error,5,2000,0.0,0.019352639193035436,10,N_L_interaction,-0.019352639193035436
Enumerate,Gemma4-12B,enumeration_index,signed_error,5,3000,0.0,0.009225901647623899,10,N_L_interaction,-0.009225901647623899
Enumerate,Gemma4-12B,enumeration_index,signed_error,5,5000,0.0,-0.011027573443199223,10,N_L_interaction,0.011027573443199223
Enumerate,Gemma4-12B,enumeration_index,signed_error,5,10000,0.0,-0.061661261170256956,10,N_L_interaction,0.061661261170256956
Enumerate,Gemma4-12B,enumeration_index,signed_error,5,20000,-0.1,-0.16292863662437246,10,N_L_interaction,0.06292863662437245
Enumerate,Gemma4-12B,enumeration_index,signed_error,6,2000,0.0,0.025653656195997375,10,N_L_interaction,-0.025653656195997375
Enumerate,Gemma4-12B,enumeration_index,signed_error,6,3000,0.0,0.012912979324426938,10,N_L_interaction,-0.012912979324426938
Enumerate,Gemma4-12B,enumeration_index,signed_error,6,5000,-0.1,-0.012568374418713908,10,N_L_interaction,-0.0874316255812861
Enumerate,Gemma4-12B,enumeration_index,signed_error,6,10000,0.0,-0.07627175877656603,10,N_L_interaction,0.07627175877656603
Enumerate,Gemma4-12B,enumeration_index,signed_error,6,20000,-0.4,-0.20367852749227028,10,N_L_interaction,-0.19632147250772974
Enumerate,Gemma4-12B,enumeration_index,signed_error,8,2000,0.0,0.038255690201921246,10,N_L_interaction,-0.038255690201921246
Enumerate,Gemma4-12B,enumeration_index,signed_error,8,3000,0.0,0.020287134678033066,10,N_L_interaction,-0.020287134678033066
Enumerate,Gemma4-12B,enumeration_index,signed_error,8,5000,0.0,-0.015649976369743284,10,N_L_interaction,0.015649976369743284
Enumerate,Gemma4-12B,enumeration_index,signed_error,8,10000,-0.1,-0.1054927539891842,10,N_L_interaction,0.005492753989184196
Enumerate,Gemma4-12B,enumeration_index,signed_error,8,20000,-0.1,-0.28517830922806603,10,N_L_interaction,0.18517830922806602
Enumerate,Gemma4-12B,enumeration_index,signed_error,10,2000,0.0,0.05085772420784512,10,N_L_interaction,-0.05085772420784512
Enumerate,Gemma4-12B,enumeration_index,signed_error,10,3000,0.0,0.027661290031639186,10,N_L_interaction,-0.027661290031639186
Enumerate,Gemma4-12B,enumeration_index,signed_error,10,5000,0.0,-0.018731578320772678,10,N_L_interaction,0.018731578320772678
Enumerate,Gemma4-12B,enumeration_index,signed_error,10,10000,0.0,-0.13471374920180237,10,N_L_interaction,0.13471374920180237
Enumerate,Gemma4-12B,enumeration_index,signed_error,10,20000,-0.6,-0.3666780909638617,10,N_L_interaction,-0.23332190903613825
Enumerate,Gemma4-12B,enumeration_index,signed_error,20,2000,0.0,0.11386789423746453,10,N_L_interaction,-0.11386789423746453
Enumerate,Gemma4-12B,enumeration_index,signed_error,20,3000,0.0,0.0645320667996698,10,N_L_interaction,-0.0645320667996698
Enumerate,Gemma4-12B,enumeration_index,signed_error,20,5000,0.0,-0.034139588075919616,10,N_L_interaction,0.034139588075919616
Enumerate,Gemma4-12B,enumeration_index,signed_error,20,10000,0.0,-0.28081872526489315,10,N_L_interaction,0.28081872526489315
Enumerate,Gemma4-12B,enumeration_index,signed_error,20,20000,-1.3,-0.7741769996428404,10,N_L_interaction,-0.5258230003571597
Enumerate,Gemma4-12B,enumeration_index,signed_error,30,2000,0.0,0.1768780642670839,10,N_L_interaction,-0.1768780642670839
Enumerate,Gemma4-12B,enumeration_index,signed_error,30,3000,0.0,0.10140284356770042,10,N_L_interaction,-0.10140284356770042
Enumerate,Gemma4-12B,enumeration_index,signed_error,30,5000,0.0,-0.04954759783106655,10,N_L_interaction,0.04954759783106655
Enumerate,Gemma4-12B,enumeration_index,signed_error,30,10000,0.0,-0.42692370132798396,10,N_L_interaction,0.42692370132798396
Enumerate,Gemma4-12B,enumeration_index,signed_error,30,20000,-1.1,-1.1816759083218187,10,N_L_interaction,0.08167590832181859
Enumerate,Gemma4-E4B,enumeration_bullet,signed_error,1,2000,0.0,-0.11542138219565612,10,N_L_interaction,0.11542138219565612
Enumerate,Gemma4-E4B,enumeration_bullet,signed_error,1,3000,0.0,-0.09963360475058569,10,N_L_interaction,0.09963360475058569
Enumerate,Gemma4-E4B,enumeration_bullet,signed_error,1,5000,0.0,-0.06805804986044492,10,N_L_interaction,0.06805804986044492
Enumerate,Gemma4-E4B,enumeration_bullet,signed_error,1,10000,0.0,0.01088083736490707,10,N_L_interaction,-0.01088083736490707
Enumerate,Gemma4-E4B,enumeration_bullet,signed_error,1,20000,0.0,0.1687586118156109,10,N_L_interaction,-0.1687586118156109
Enumerate,Gemma4-E4B,enumeration_bullet,signed_error,2,2000,0.0,-0.08394195976001986,10,N_L_interaction,0.08394195976001986
Enumerate,Gemma4-E4B,enumeration_bullet,signed_error,2,3000,0.0,-0.0806856742920865,10,N_L_interaction,0.0806856742920865
Enumerate,Gemma4-E4B,enumeration_bullet,signed_error,2,5000,0.0,-0.07417310335621957,10,N_L_interaction,0.07417310335621957
Enumerate,Gemma4-E4B,enumeration_bullet,signed_error,2,10000,0.0,-0.057891676016552616,10,N_L_interaction,0.057891676016552616
Enumerate,Gemma4-E4B,enumeration_bullet,signed_error,2,20000,0.0,-0.02532882133721858,10,N_L_interaction,0.02532882133721858
Enumerate,Gemma4-E4B,enumeration_bullet,signed_error,3,2000,0.0,-0.05246253732438355,10,N_L_interaction,0.05246253732438355
Enumerate,Gemma4-E4B,enumeration_bullet,signed_error,3,3000,-0.1,-0.06173774383358712,10,N_L_interaction,-0.038262256166412885
Enumerate,Gemma4-E4B,enumeration_bullet,signed_error,3,5000,-0.1,-0.08028815685199416,10,N_L_interaction,-0.01971184314800585
Enumerate,Gemma4-E4B,enumeration_bullet,signed_error,3,10000,0.0,-0.12666418939801222,10,N_L_interaction,0.12666418939801222
Enumerate,Gemma4-E4B,enumeration_bullet,signed_error,3,20000,-0.2,-0.21941625449004803,10,N_L_interaction,0.019416254490048024
Enumerate,Gemma4-E4B,enumeration_bullet,signed_error,4,2000,0.0,-0.0209831148887471,10,N_L_interaction,0.0209831148887471
Enumerate,Gemma4-E4B,enumeration_bullet,signed_error,4,3000,0.0,-0.042789813375087714,10,N_L_interaction,0.042789813375087714
Enumerate,Gemma4-E4B,enumeration_bullet,signed_error,4,5000,-0.1,-0.08640321034776888,10,N_L_interaction,-0.013596789652231128
Enumerate,Gemma4-E4B,enumeration_bullet,signed_error,4,10000,0.0,-0.19543670277947173,10,N_L_interaction,0.19543670277947173
Enumerate,Gemma4-E4B,enumeration_bullet,signed_error,4,20000,-0.1,-0.41350368764287754,10,N_L_interaction,0.3135036876428775
Enumerate,Gemma4-E4B,enumeration_bullet,signed_error,5,2000,0.0,0.010496307546889138,10,N_L_interaction,-0.010496307546889138
Enumerate,Gemma4-E4B,enumeration_bullet,signed_error,5,3000,0.0,-0.023841882916588387,10,N_L_interaction,0.023841882916588387
Enumerate,Gemma4-E4B,enumeration_bullet,signed_error,5,5000,-0.2,-0.09251826384354363,10,N_L_interaction,-0.10748173615645638
Enumerate,Gemma4-E4B,enumeration_bullet,signed_error,5,10000,-0.3,-0.2642092161609314,10,N_L_interaction,-0.035790783839068585
Enumerate,Gemma4-E4B,enumeration_bullet,signed_error,5,20000,-0.3,-0.607591120795707,10,N_L_interaction,0.307591120795707
Enumerate,Gemma4-E4B,enumeration_bullet,signed_error,6,2000,0.0,0.04197572998252545,10,N_L_interaction,-0.04197572998252545
Enumerate,Gemma4-E4B,enumeration_bullet,signed_error,6,3000,0.0,-0.004893952458089152,10,N_L_interaction,0.004893952458089152
Enumerate,Gemma4-E4B,enumeration_bullet,signed_error,6,5000,0.0,-0.09863331733931824,10,N_L_interaction,0.09863331733931824
Enumerate,Gemma4-E4B,enumeration_bullet,signed_error,6,10000,-0.3,-0.33298172954239097,10,N_L_interaction,0.03298172954239098
Enumerate,Gemma4-E4B,enumeration_bullet,signed_error,6,20000,-0.9,-0.8016785539485364,10,N_L_interaction,-0.09832144605146365
Enumerate,Gemma4-E4B,enumeration_bullet,signed_error,8,2000,0.0,0.10493457485379802,10,N_L_interaction,-0.10493457485379802
Enumerate,Gemma4-E4B,enumeration_bullet,signed_error,8,3000,0.0,0.03300190845890949,10,N_L_interaction,-0.03300190845890949
Enumerate,Gemma4-E4B,enumeration_bullet,signed_error,8,5000,-0.6,-0.11086342433086749,10,N_L_interaction,-0.4891365756691325
Enumerate,Gemma4-E4B,enumeration_bullet,signed_error,8,10000,-0.7,-0.4705267563053101,10,N_L_interaction,-0.22947324369468985
Enumerate,Gemma4-E4B,enumeration_bullet,signed_error,8,20000,-1.0,-1.1898534202541955,10,N_L_interaction,0.1898534202541955
Enumerate,Gemma4-E4B,enumeration_bullet,signed_error,10,2000,0.0,0.16789341972507063,10,N_L_interaction,-0.16789341972507063
Enumerate,Gemma4-E4B,enumeration_bullet,signed_error,10,3000,0.0,0.07089776937590811,10,N_L_interaction,-0.07089776937590811
Enumerate,Gemma4-E4B,enumeration_bullet,signed_error,10,5000,-0.2,-0.12309353132241681,10,N_L_interaction,-0.0769064686775832
Enumerate,Gemma4-E4B,enumeration_bullet,signed_error,10,10000,0.0,-0.6080717830682293,10,N_L_interaction,0.6080717830682293
Enumerate,Gemma4-E4B,enumeration_bullet,signed_error,10,20000,-2.4,-1.5780282865598543,10,N_L_interaction,-0.8219717134401456
Enumerate,Gemma4-E4B,enumeration_bullet,signed_error,20,2000,0.0,0.48268764408143383,10,N_L_interaction,-0.48268764408143383
Enumerate,Gemma4-E4B,enumeration_bullet,signed_error,20,3000,0.0,0.2603770739609014,10,N_L_interaction,-0.2603770739609014
Enumerate,Gemma4-E4B,enumeration_bullet,signed_error,20,5000,-0.2,-0.1842440662801633,10,N_L_interaction,-0.015755933719836718
Enumerate,Gemma4-E4B,enumeration_bullet,signed_error,20,10000,-1.0,-1.2957969168828252,10,N_L_interaction,0.29579691688282517
Enumerate,Gemma4-E4B,enumeration_bullet,signed_error,20,20000,-4.0,-3.5189026180881493,10,N_L_interaction,-0.4810973819118507
Enumerate,Gemma4-E4B,enumeration_bullet,signed_error,30,2000,0.4,0.7974818684377969,10,N_L_interaction,-0.39748186843779687
Enumerate,Gemma4-E4B,enumeration_bullet,signed_error,30,3000,0.4,0.44985637854589466,10,N_L_interaction,-0.04985637854589464
Enumerate,Gemma4-E4B,enumeration_bullet,signed_error,30,5000,0.7,-0.24539460123790974,10,N_L_interaction,0.9453946012379097
Enumerate,Gemma4-E4B,enumeration_bullet,signed_error,30,10000,-1.7,-1.9835220506974214,10,N_L_interaction,0.2835220506974214
Enumerate,Gemma4-E4B,enumeration_bullet,signed_error,30,20000,-5.4,-5.459776949616443,10,N_L_interaction,0.05977694961644264
Enumerate,Gemma4-E4B,enumeration_index,signed_error,1,2000,0.0,-0.11823428467665191,10,N_L_interaction,0.11823428467665191
Enumerate,Gemma4-E4B,enumeration_index,signed_error,1,3000,0.0,-0.07945180209269218,10,N_L_interaction,0.07945180209269218
Enumerate,Gemma4-E4B,enumeration_index,signed_error,1,5000,0.0,-0.0018868369247727278,10,N_L_interaction,0.0018868369247727278
Enumerate,Gemma4-E4B,enumeration_index,signed_error,1,10000,0.0,0.1920255759950259,10,N_L_interaction,-0.1920255759950259
Enumerate,Gemma4-E4B,enumeration_index,signed_error,1,20000,1.8,0.5798504018346231,10,N_L_interaction,1.220149598165377
Enumerate,Gemma4-E4B,enumeration_index,signed_error,2,2000,0.0,-0.09777262281420276,10,N_L_interaction,0.09777262281420276
Enumerate,Gemma4-E4B,enumeration_index,signed_error,2,3000,0.0,-0.06802194908130751,10,N_L_interaction,0.06802194908130751
Enumerate,Gemma4-E4B,enumeration_index,signed_error,2,5000,0.0,-0.008520601615516881,10,N_L_interaction,0.008520601615516881
Enumerate,Gemma4-E4B,enumeration_index,signed_error,2,10000,0.0,0.14023276704895943,10,N_L_interaction,-0.14023276704895943
Enumerate,Gemma4-E4B,enumeration_index,signed_error,2,20000,2.0,0.4377395043779121,10,N_L_interaction,1.562260495622088
Enumerate,Gemma4-E4B,enumeration_index,signed_error,3,2000,0.0,-0.07731096095175358,10,N_L_interaction,0.07731096095175358
Enumerate,Gemma4-E4B,enumeration_index,signed_error,3,3000,-0.1,-0.056592096069922736,10,N_L_interaction,-0.04340790393007727
Enumerate,Gemma4-E4B,enumeration_index,signed_error,3,5000,-0.1,-0.01515436630626105,10,N_L_interaction,-0.08484563369373896
Enumerate,Gemma4-E4B,enumeration_index,signed_error,3,10000,0.0,0.08843995810289297,10,N_L_interaction,-0.08843995810289297
Enumerate,Gemma4-E4B,enumeration_index,signed_error,3,20000,0.0,0.29562860692120113,10,N_L_interaction,-0.29562860692120113
Enumerate,Gemma4-E4B,enumeration_index,signed_error,4,2000,0.0,-0.05684929908930429,10,N_L_interaction,0.05684929908930429
Enumerate,Gemma4-E4B,enumeration_index,signed_error,4,3000,0.0,-0.04516224305853797,10,N_L_interaction,0.04516224305853797
Enumerate,Gemma4-E4B,enumeration_index,signed_error,4,5000,-0.1,-0.021788130997005238,10,N_L_interaction,-0.07821186900299476
Enumerate,Gemma4-E4B,enumeration_index,signed_error,4,10000,-0.1,0.036647149156826576,10,N_L_interaction,-0.13664714915682658
Enumerate,Gemma4-E4B,enumeration_index,signed_error,4,20000,-0.2,0.15351770946449017,10,N_L_interaction,-0.3535177094644902
Enumerate,Gemma4-E4B,enumeration_index,signed_error,5,2000,0.0,-0.036387637226855125,10,N_L_interaction,0.036387637226855125
Enumerate,Gemma4-E4B,enumeration_index,signed_error,5,3000,0.0,-0.03373239004715325,10,N_L_interaction,0.03373239004715325
Enumerate,Gemma4-E4B,enumeration_index,signed_error,5,5000,-0.2,-0.028421895687749492,10,N_L_interaction,-0.1715781043122505
Enumerate,Gemma4-E4B,enumeration_index,signed_error,5,10000,-0.1,-0.015145659789239896,10,N_L_interaction,-0.0848543402107601
Enumerate,Gemma4-E4B,enumeration_index,signed_error,5,20000,-0.2,0.011406812007779182,10,N_L_interaction,-0.2114068120077792
Enumerate,Gemma4-E4B,enumeration_index,signed_error,6,2000,0.0,-0.01592597536440595,10,N_L_interaction,0.01592597536440595
Enumerate,Gemma4-E4B,enumeration_index,signed_error,6,3000,0.0,-0.02230253703576855,10,N_L_interaction,0.02230253703576855
Enumerate,Gemma4-E4B,enumeration_index,signed_error,6,5000,0.0,-0.03505566037849363,10,N_L_interaction,0.03505566037849363
Enumerate,Gemma4-E4B,enumeration_index,signed_error,6,10000,-0.1,-0.06693846873530632,10,N_L_interaction,-0.03306153126469369
Enumerate,Gemma4-E4B,enumeration_index,signed_error,6,20000,-0.7,-0.13070408544893175,10,N_L_interaction,-0.5692959145510682
Enumerate,Gemma4-E4B,enumeration_index,signed_error,8,2000,0.0,0.024997348360492406,10,N_L_interaction,-0.024997348360492406
Enumerate,Gemma4-E4B,enumeration_index,signed_error,8,3000,0.0,0.0005571689870009333,10,N_L_interaction,-0.0005571689870009333
Enumerate,Gemma4-E4B,enumeration_index,signed_error,8,5000,-0.1,-0.04832318975998192,10,N_L_interaction,-0.051676810240018085
Enumerate,Gemma4-E4B,enumeration_index,signed_error,8,10000,-0.3,-0.17052408662743918,10,N_L_interaction,-0.1294759133725608
Enumerate,Gemma4-E4B,enumeration_index,signed_error,8,20000,-0.8,-0.4149258803623537,10,N_L_interaction,-0.3850741196376463
Enumerate,Gemma4-E4B,enumeration_index,signed_error,10,2000,0.0,0.0659206720853908,10,N_L_interaction,-0.0659206720853908
Enumerate,Gemma4-E4B,enumeration_index,signed_error,10,3000,0.0,0.023416875009770403,10,N_L_interaction,-0.023416875009770403
Enumerate,Gemma4-E4B,enumeration_index,signed_error,10,5000,0.0,-0.06159071914147028,10,N_L_interaction,0.06159071914147028
Enumerate,Gemma4-E4B,enumeration_index,signed_error,10,10000,0.0,-0.27410970451957206,10,N_L_interaction,0.27410970451957206
Enumerate,Gemma4-E4B,enumeration_index,signed_error,10,20000,-2.0,-0.6991476752757755,10,N_L_interaction,-1.3008523247242245
Enumerate,Gemma4-E4B,enumeration_index,signed_error,20,2000,0.0,0.27053729070988275,10,N_L_interaction,-0.27053729070988275
Enumerate,Gemma4-E4B,enumeration_index,signed_error,20,3000,0.0,0.13771540512361785,10,N_L_interaction,-0.13771540512361785
Enumerate,Gemma4-E4B,enumeration_index,signed_error,20,5000,0.0,-0.12792836604891195,10,N_L_interaction,0.12792836604891195
Enumerate,Gemma4-E4B,enumeration_index,signed_error,20,10000,-0.1,-0.7920377939802363,10,N_L_interaction,0.6920377939802363
Enumerate,Gemma4-E4B,enumeration_index,signed_error,20,20000,-2.5,-2.1202566498428856,10,N_L_interaction,-0.37974335015711436
Enumerate,Gemma4-E4B,enumeration_index,signed_error,30,2000,0.0,0.4751539093343746,10,N_L_interaction,-0.4751539093343746
Enumerate,Gemma4-E4B,enumeration_index,signed_error,30,3000,0.0,0.2520139352374652,10,N_L_interaction,-0.2520139352374652
Enumerate,Gemma4-E4B,enumeration_index,signed_error,30,5000,0.0,-0.19426601295635357,10,N_L_interaction,0.19426601295635357
Enumerate,Gemma4-E4B,enumeration_index,signed_error,30,10000,-0.4,-1.3099658834409007,10,N_L_interaction,0.9099658834409007
Enumerate,Gemma4-E4B,enumeration_index,signed_error,30,20000,-3.3,-3.541365624409994,10,N_L_interaction,0.24136562440999398
Enumerate,Qwen3-1.7B,enumeration_bullet,signed_error,1,2000,0.0,-2.24455220072632,9,N_L_interaction,2.24455220072632
Enumerate,Qwen3-1.7B,enumeration_bullet,signed_error,1,3000,1.7,-2.27889377993752,10,N_L_interaction,3.97889377993752
Enumerate,Qwen3-1.7B,enumeration_bullet,signed_error,1,5000,0.1111111111111111,-2.297193825468924,9,N_L_interaction,2.408304936580035
Enumerate,Qwen3-1.7B,enumeration_bullet,signed_error,1,10000,0.125,-2.2720809174286645,8,N_L_interaction,2.3970809174286645
Enumerate,Qwen3-1.7B,enumeration_bullet,signed_error,1,20000,0.0,-2.784053814990005,2,N_L_interaction,2.784053814990005
Enumerate,Qwen3-1.7B,enumeration_bullet,signed_error,2,2000,0.0,-1.5856163243333095,8,N_L_interaction,1.5856163243333095
Enumerate,Qwen3-1.7B,enumeration_bullet,signed_error,2,3000,0.6,-1.6151425746983978,10,N_L_interaction,2.215142574698398
Enumerate,Qwen3-1.7B,enumeration_bullet,signed_error,2,5000,0.16666666666666666,-1.6078365524068545,6,N_L_interaction,1.7745032190735213
Enumerate,Qwen3-1.7B,enumeration_bullet,signed_error,2,10000,1.5,-1.7920089470177838,4,N_L_interaction,3.292008947017784
Enumerate,Qwen3-1.7B,enumeration_bullet,signed_error,2,20000,0.0,-1.86322783369407,2,N_L_interaction,1.86322783369407
Enumerate,Qwen3-1.7B,enumeration_bullet,signed_error,3,2000,0.0,-0.938359669989975,7,N_L_interaction,0.938359669989975
Enumerate,Qwen3-1.7B,enumeration_bullet,signed_error,3,3000,0.7,-0.9513913694592759,10,N_L_interaction,1.651391369459276
Enumerate,Qwen3-1.7B,enumeration_bullet,signed_error,3,5000,0.0,-0.9787708706444935,4,N_L_interaction,0.9787708706444935
Enumerate,Qwen3-1.7B,enumeration_bullet,signed_error,3,10000,0.0,-1.0989193112888178,4,N_L_interaction,1.0989193112888178
Enumerate,Qwen3-1.7B,enumeration_bullet,signed_error,3,20000,1.0,-1.1243631915967554,3,N_L_interaction,2.124363191596755
Enumerate,Qwen3-1.7B,enumeration_bullet,signed_error,4,2000,0.0,-0.24355549661437395,9,N_L_interaction,0.24355549661437395
Enumerate,Qwen3-1.7B,enumeration_bullet,signed_error,4,3000,-0.1111111111111111,-0.2869722923795537,9,N_L_interaction,0.17586118126844258
Enumerate,Qwen3-1.7B,enumeration_bullet,signed_error,4,5000,1.3333333333333333,-0.3264302126972499,9,N_L_interaction,1.6597635460305833
Enumerate,Qwen3-1.7B,enumeration_bullet,signed_error,4,10000,-0.16666666666666666,-0.3946648334576761,6,N_L_interaction,0.22799816679100945
Enumerate,Qwen3-1.7B,enumeration_bullet,signed_error,4,20000,-0.3333333333333333,-0.5431893747431461,3,N_L_interaction,0.2098560414098128
Enumerate,Qwen3-1.7B,enumeration_bullet,signed_error,5,2000,0.0,0.3964949187912795,10,N_L_interaction,-0.3964949187912795
Enumerate,Qwen3-1.7B,enumeration_bullet,signed_error,5,3000,1.0,0.37611104101896814,10,N_L_interaction,0.6238889589810319
Enumerate,Qwen3-1.7B,enumeration_bullet,signed_error,5,5000,0.0,0.34957256307426354,7,N_L_interaction,-0.34957256307426354
Enumerate,Qwen3-1.7B,enumeration_bullet,signed_error,5,10000,-0.2,0.22054819848879514,5,N_L_interaction,-0.42054819848879516
Enumerate,Qwen3-1.7B,enumeration_bullet,signed_error,5,20000,-0.6666666666666666,0.14142910491116764,3,N_L_interaction,-0.8080957715778343
Enumerate,Qwen3-1.7B,enumeration_bullet,signed_error,6,2000,0.0,1.0645851348784254,10,N_L_interaction,-1.0645851348784254
Enumerate,Qwen3-1.7B,enumeration_bullet,signed_error,6,3000,0.0,1.0398622462580902,10,N_L_interaction,-1.0398622462580902
Enumerate,Qwen3-1.7B,enumeration_bullet,signed_error,6,5000,0.3333333333333333,1.0176967040862517,6,N_L_interaction,-0.6843633707529184
Enumerate,Qwen3-1.7B,enumeration_bullet,signed_error,6,10000,0.6666666666666666,0.8677683775173176,3,N_L_interaction,-0.20110171085065098
Enumerate,Qwen3-1.7B,enumeration_bullet,signed_error,6,20000,0.5,0.6957388194523185,4,N_L_interaction,-0.19573881945231852
Enumerate,Qwen3-1.7B,enumeration_bullet,signed_error,8,2000,-0.4,2.4007655670527175,10,N_L_interaction,-2.8007655670527174
Enumerate,Qwen3-1.7B,enumeration_bullet,signed_error,8,3000,-0.2,2.367364656736334,10,N_L_interaction,-2.567364656736334
Enumerate,Qwen3-1.7B,enumeration_bullet,signed_error,8,5000,-0.25,2.317931457596568,8,N_L_interaction,-2.567931457596568
Enumerate,Qwen3-1.7B,enumeration_bullet,signed_error,8,10000,6.6,2.085919593541208,5,N_L_interaction,4.514080406458792
Enumerate,Qwen3-1.7B,enumeration_bullet,signed_error,8,20000,0.0,1.814399500753016,4,N_L_interaction,-1.814399500753016
Enumerate,Qwen3-1.7B,enumeration_bullet,signed_error,10,2000,-0.3333333333333333,3.7635676071436146,9,N_L_interaction,-4.096900940476948
Enumerate,Qwen3-1.7B,enumeration_bullet,signed_error,10,3000,-0.4444444444444444,3.7169268578703276,9,N_L_interaction,-4.161371302314772
Enumerate,Qwen3-1.7B,enumeration_bullet,signed_error,10,5000,0.4444444444444444,3.628277467949028,9,N_L_interaction,-3.183833023504584
Enumerate,Qwen3-1.7B,enumeration_bullet,signed_error,10,10000,-0.5714285714285714,3.402834033919843,7,N_L_interaction,-3.9742626053484145
Enumerate,Qwen3-1.7B,enumeration_bullet,signed_error,10,20000,-0.6666666666666666,3.080208653485679,3,N_L_interaction,-3.7468753201523457
Enumerate,Qwen3-1.7B,enumeration_bullet,signed_error,20,2000,5.0,10.417848160098469,10,N_L_interaction,-5.417848160098469
Enumerate,Qwen3-1.7B,enumeration_bullet,signed_error,20,3000,5.666666666666667,10.394915606426828,9,N_L_interaction,-4.728248939760161
Enumerate,Qwen3-1.7B,enumeration_bullet,signed_error,20,5000,10.285714285714286,10.275333505910323,7,N_L_interaction,0.010380779803963236
Enumerate,Qwen3-1.7B,enumeration_bullet,signed_error,20,10000,5.25,10.035760849390627,4,N_L_interaction,-4.785760849390627
Enumerate,Qwen3-1.7B,enumeration_bullet,signed_error,20,20000,1.2,8.799979535720919,5,N_L_interaction,-7.5999795357209186
Enumerate,Qwen3-1.7B,enumeration_bullet,signed_error,30,2000,18.333333333333332,17.098415939022498,9,N_L_interaction,1.234917394310834
Enumerate,Qwen3-1.7B,enumeration_bullet,signed_error,30,3000,23.77777777777778,16.98193984539613,9,N_L_interaction,6.795837932381648
Enumerate,Qwen3-1.7B,enumeration_bullet,signed_error,30,5000,20.75,16.718376625569228,8,N_L_interaction,4.031623374430772
Enumerate,Qwen3-1.7B,enumeration_bullet,signed_error,30,10000,20.857142857142858,15.910870858308275,7,N_L_interaction,4.9462719988345825
Enumerate,Qwen3-1.7B,enumeration_bullet,signed_error,30,20000,17.666666666666668,14.67838216098904,6,N_L_interaction,2.988284505677628
Enumerate,Qwen3-1.7B,enumeration_index,signed_error,1,2000,1.0,5.705620123916242,9,N_L_interaction,-4.705620123916242
Enumerate,Qwen3-1.7B,enumeration_index,signed_error,1,3000,1.7777777777777777,9.169134597559935,9,N_L_interaction,-7.391356819782158
Enumerate,Qwen3-1.7B,enumeration_index,signed_error,1,5000,0.0,16.027314061806916,7,N_L_interaction,-16.027314061806916
Enumerate,Qwen3-1.7B,enumeration_index,signed_error,1,10000,42.42857142857143,33.33636315723046,7,N_L_interaction,9.092208271340972
Enumerate,Qwen3-1.7B,enumeration_index,signed_error,1,20000,51.7,68.09596832081604,10,N_L_interaction,-16.39596832081604
Enumerate,Qwen3-1.7B,enumeration_index,signed_error,2,2000,1.8,5.580471729428387,10,N_L_interaction,-3.7804717294283874
Enumerate,Qwen3-1.7B,enumeration_index,signed_error,2,3000,1.8,8.899702739281143,10,N_L_interaction,-7.099702739281143
Enumerate,Qwen3-1.7B,enumeration_index,signed_error,2,5000,3.7142857142857144,15.471406951897901,7,N_L_interaction,-11.757121237612186
Enumerate,Qwen3-1.7B,enumeration_index,signed_error,2,10000,38.0,32.081466254835384,9,N_L_interaction,5.918533745164616
Enumerate,Qwen3-1.7B,enumeration_index,signed_error,2,20000,56.875,65.27335559189345,8,N_L_interaction,-8.398355591893448
Enumerate,Qwen3-1.7B,enumeration_index,signed_error,3,2000,2.3333333333333335,4.193345655959014,3,N_L_interaction,-1.8600123226256806
Enumerate,Qwen3-1.7B,enumeration_index,signed_error,3,3000,3.4,8.128122353446287,5,N_L_interaction,-4.728122353446286
Enumerate,Qwen3-1.7B,enumeration_index,signed_error,3,5000,19.666666666666668,14.590556989780774,6,N_L_interaction,5.076109676885894
Enumerate,Qwen3-1.7B,enumeration_index,signed_error,3,10000,59.875,30.574034536111654,8,N_L_interaction,29.300965463888346
Enumerate,Qwen3-1.7B,enumeration_index,signed_error,3,20000,75.57142857142857,62.95544870901897,7,N_L_interaction,12.615979862409603
Enumerate,Qwen3-1.7B,enumeration_index,signed_error,4,2000,0.2,4.945050652244978,5,N_L_interaction,-4.745050652244978
Enumerate,Qwen3-1.7B,enumeration_index,signed_error,4,3000,10.4,7.685444557777091,5,N_L_interaction,2.7145554422229097
Enumerate,Qwen3-1.7B,enumeration_index,signed_error,4,5000,27.428571428571427,14.231328205087353,7,N_L_interaction,13.197243223484074
Enumerate,Qwen3-1.7B,enumeration_index,signed_error,4,10000,53.55555555555556,29.529478547157723,9,N_L_interaction,24.026077008397834
Enumerate,Qwen3-1.7B,enumeration_index,signed_error,4,20000,57.5,59.78795307870182,10,N_L_interaction,-2.2879530787018183
Enumerate,Qwen3-1.7B,enumeration_index,signed_error,5,2000,-0.14285714285714285,4.847026863684105,7,N_L_interaction,-4.989884006541248
Enumerate,Qwen3-1.7B,enumeration_index,signed_error,5,3000,19.0,7.212239540671584,5,N_L_interaction,11.787760459328416
Enumerate,Qwen3-1.7B,enumeration_index,signed_error,5,5000,17.857142857142858,13.578669881568862,7,N_L_interaction,4.278472975573996
Enumerate,Qwen3-1.7B,enumeration_index,signed_error,5,10000,39.9,28.063660817102537,10,N_L_interaction,11.836339182897461
Enumerate,Qwen3-1.7B,enumeration_index,signed_error,5,20000,57.3,57.018614664663744,10,N_L_interaction,0.2813853353362532
Enumerate,Qwen3-1.7B,enumeration_index,signed_error,6,2000,0.42857142857142855,4.3096141493859035,7,N_L_interaction,-3.881042720814475
Enumerate,Qwen3-1.7B,enumeration_index,signed_error,6,3000,7.166666666666667,6.892513417996871,6,N_L_interaction,0.27415324866979596
Enumerate,Qwen3-1.7B,enumeration_index,signed_error,6,5000,15.285714285714286,12.734734291450568,7,N_L_interaction,2.5509799942637184
Enumerate,Qwen3-1.7B,enumeration_index,signed_error,6,10000,33.55555555555556,26.64232124056948,9,N_L_interaction,6.913234314986077
Enumerate,Qwen3-1.7B,enumeration_index,signed_error,6,20000,61.142857142857146,54.44226924207742,7,N_L_interaction,6.700587900779723
Enumerate,Qwen3-1.7B,enumeration_index,signed_error,8,2000,-1.25,4.9634284906108475,4,N_L_interaction,-6.2134284906108475
Enumerate,Qwen3-1.7B,enumeration_index,signed_error,8,3000,-0.8,6.139395740639117,5,N_L_interaction,-6.9393957406391165
Enumerate,Qwen3-1.7B,enumeration_index,signed_error,8,5000,19.0,11.52649024937631,7,N_L_interaction,7.473509750623689
Enumerate,Qwen3-1.7B,enumeration_index,signed_error,8,10000,36.44444444444444,24.06478341943272,9,N_L_interaction,12.379661025011721
Enumerate,Qwen3-1.7B,enumeration_index,signed_error,8,20000,50.5,48.77085302534409,8,N_L_interaction,1.7291469746559116
Enumerate,Qwen3-1.7B,enumeration_index,signed_error,10,2000,-0.6,4.34500105892463,5,N_L_interaction,-4.94500105892463
Enumerate,Qwen3-1.7B,enumeration_index,signed_error,10,3000,-0.8,6.5277799054339765,5,N_L_interaction,-7.327779905433976
Enumerate,Qwen3-1.7B,enumeration_index,signed_error,10,5000,3.888888888888889,10.297718147932219,9,N_L_interaction,-6.40882925904333
Enumerate,Qwen3-1.7B,enumeration_index,signed_error,10,10000,23.125,21.091492276260226,8,N_L_interaction,2.033507723739774
Enumerate,Qwen3-1.7B,enumeration_index,signed_error,10,20000,5.428571428571429,42.92167977698495,7,N_L_interaction,-37.49310834841352
Enumerate,Qwen3-1.7B,enumeration_index,signed_error,20,2000,-1.8,1.495827787179556,10,N_L_interaction,-3.2958277871795563
Enumerate,Qwen3-1.7B,enumeration_index,signed_error,20,3000,-2.4,2.272645046452505,10,N_L_interaction,-4.672645046452505
Enumerate,Qwen3-1.7B,enumeration_index,signed_error,20,5000,-1.3,3.8262795649984005,10,N_L_interaction,-5.1262795649984
Enumerate,Qwen3-1.7B,enumeration_index,signed_error,20,10000,4.8,7.710365861363142,10,N_L_interaction,-2.9103658613631422
Enumerate,Qwen3-1.7B,enumeration_index,signed_error,20,20000,7.333333333333333,15.507882000794597,9,N_L_interaction,-8.174548667461263
Enumerate,Qwen3-1.7B,enumeration_index,signed_error,30,2000,-2.5,-0.7734188474031283,10,N_L_interaction,-1.7265811525968717
Enumerate,Qwen3-1.7B,enumeration_index,signed_error,30,3000,-2.1,-1.4090536717856272,10,N_L_interaction,-0.6909463282143729
Enumerate,Qwen3-1.7B,enumeration_index,signed_error,30,5000,3.6,-2.6803233205506265,10,N_L_interaction,6.280323320550627
Enumerate,Qwen3-1.7B,enumeration_index,signed_error,30,10000,1.0,-5.858497442463126,10,N_L_interaction,6.858497442463126
Enumerate,Qwen3-1.7B,enumeration_index,signed_error,30,20000,-7.0,-12.451652924061722,9,N_L_interaction,5.451652924061722
Enumerate,Qwen3-32B,enumeration_bullet,signed_error,1,2000,0.0,-0.06802060221679393,10,N_L_interaction,0.06802060221679393
Enumerate,Qwen3-32B,enumeration_bullet,signed_error,1,3000,0.0,-0.08499073429369515,10,N_L_interaction,0.08499073429369515
Enumerate,Qwen3-32B,enumeration_bullet,signed_error,1,5000,0.0,-0.11893099844749758,10,N_L_interaction,0.11893099844749758
Enumerate,Qwen3-32B,enumeration_bullet,signed_error,1,10000,0.0,-0.20378165883200366,10,N_L_interaction,0.20378165883200366
Enumerate,Qwen3-32B,enumeration_bullet,signed_error,1,20000,0.0,-0.3734829796010158,10,N_L_interaction,0.3734829796010158
Enumerate,Qwen3-32B,enumeration_bullet,signed_error,2,2000,0.0,-0.04618080934531492,10,N_L_interaction,0.04618080934531492
Enumerate,Qwen3-32B,enumeration_bullet,signed_error,2,3000,0.0,-0.058819569460327584,10,N_L_interaction,0.058819569460327584
Enumerate,Qwen3-32B,enumeration_bullet,signed_error,2,5000,0.0,-0.08409708969035296,10,N_L_interaction,0.08409708969035296
Enumerate,Qwen3-32B,enumeration_bullet,signed_error,2,10000,0.0,-0.14729089026541625,10,N_L_interaction,0.14729089026541625
Enumerate,Qwen3-32B,enumeration_bullet,signed_error,2,20000,0.0,-0.2736784914155429,10,N_L_interaction,0.2736784914155429
Enumerate,Qwen3-32B,enumeration_bullet,signed_error,3,2000,0.0,-0.0243410164738359,10,N_L_interaction,0.0243410164738359
Enumerate,Qwen3-32B,enumeration_bullet,signed_error,3,3000,0.0,-0.03264840462696002,10,N_L_interaction,0.03264840462696002
Enumerate,Qwen3-32B,enumeration_bullet,signed_error,3,5000,0.0,-0.04926318093320832,10,N_L_interaction,0.04926318093320832
Enumerate,Qwen3-32B,enumeration_bullet,signed_error,3,10000,0.0,-0.09080012169882887,10,N_L_interaction,0.09080012169882887
Enumerate,Qwen3-32B,enumeration_bullet,signed_error,3,20000,0.0,-0.17387400323007007,10,N_L_interaction,0.17387400323007007
Enumerate,Qwen3-32B,enumeration_bullet,signed_error,4,2000,0.0,-0.0025012236023569333,10,N_L_interaction,0.0025012236023569333
Enumerate,Qwen3-32B,enumeration_bullet,signed_error,4,3000,0.0,-0.006477239793592482,10,N_L_interaction,0.006477239793592482
Enumerate,Qwen3-32B,enumeration_bullet,signed_error,4,5000,0.0,-0.014429272176063638,10,N_L_interaction,0.014429272176063638
Enumerate,Qwen3-32B,enumeration_bullet,signed_error,4,10000,0.0,-0.0343093531322415,10,N_L_interaction,0.0343093531322415
Enumerate,Qwen3-32B,enumeration_bullet,signed_error,4,20000,0.0,-0.07406951504459723,10,N_L_interaction,0.07406951504459723
Enumerate,Qwen3-32B,enumeration_bullet,signed_error,5,2000,0.0,0.01933856926912208,10,N_L_interaction,-0.01933856926912208
Enumerate,Qwen3-32B,enumeration_bullet,signed_error,5,3000,0.0,0.019693925039775056,10,N_L_interaction,-0.019693925039775056
Enumerate,Qwen3-32B,enumeration_bullet,signed_error,5,5000,0.0,0.02040463658108102,10,N_L_interaction,-0.02040463658108102
Enumerate,Qwen3-32B,enumeration_bullet,signed_error,5,10000,0.0,0.022181415434345878,10,N_L_interaction,-0.022181415434345878
Enumerate,Qwen3-32B,enumeration_bullet,signed_error,5,20000,0.0,0.025734973140875604,10,N_L_interaction,-0.025734973140875604
Enumerate,Qwen3-32B,enumeration_bullet,signed_error,6,2000,0.0,0.04117836214060111,10,N_L_interaction,-0.04117836214060111
Enumerate,Qwen3-32B,enumeration_bullet,signed_error,6,3000,0.0,0.04586508987314267,10,N_L_interaction,-0.04586508987314267
Enumerate,Qwen3-32B,enumeration_bullet,signed_error,6,5000,0.0,0.05523854533822568,10,N_L_interaction,-0.05523854533822568
Enumerate,Qwen3-32B,enumeration_bullet,signed_error,6,10000,0.0,0.07867218400093326,10,N_L_interaction,-0.07867218400093326
Enumerate,Qwen3-32B,enumeration_bullet,signed_error,6,20000,0.0,0.12553946132634847,10,N_L_interaction,-0.12553946132634847
Enumerate,Qwen3-32B,enumeration_bullet,signed_error,8,2000,0.0,0.08485794788355913,10,N_L_interaction,-0.08485794788355913
Enumerate,Qwen3-32B,enumeration_bullet,signed_error,8,3000,0.0,0.09820741953987777,10,N_L_interaction,-0.09820741953987777
Enumerate,Qwen3-32B,enumeration_bullet,signed_error,8,5000,0.0,0.12490636285251495,10,N_L_interaction,-0.12490636285251495
Enumerate,Qwen3-32B,enumeration_bullet,signed_error,8,10000,0.0,0.19165372113410803,10,N_L_interaction,-0.19165372113410803
Enumerate,Qwen3-32B,enumeration_bullet,signed_error,8,20000,0.0,0.3251484376972941,10,N_L_interaction,-0.3251484376972941
Enumerate,Qwen3-32B,enumeration_bullet,signed_error,10,2000,0.0,0.12853753362651715,10,N_L_interaction,-0.12853753362651715
Enumerate,Qwen3-32B,enumeration_bullet,signed_error,10,3000,0.0,0.15054974920661288,10,N_L_interaction,-0.15054974920661288
Enumerate,Qwen3-32B,enumeration_bullet,signed_error,10,5000,0.1,0.19457418036680424,10,N_L_interaction,-0.09457418036680423
Enumerate,Qwen3-32B,enumeration_bullet,signed_error,10,10000,0.0,0.30463525826728277,10,N_L_interaction,-0.30463525826728277
Enumerate,Qwen3-32B,enumeration_bullet,signed_error,10,20000,0.1,0.5247574140682398,10,N_L_interaction,-0.42475741406823986
Enumerate,Qwen3-32B,enumeration_bullet,signed_error,20,2000,0.3,0.3469354623413073,10,N_L_interaction,-0.0469354623413073
Enumerate,Qwen3-32B,enumeration_bullet,signed_error,20,3000,0.6,0.4122613975402884,10,N_L_interaction,0.18773860245971158
Enumerate,Qwen3-32B,enumeration_bullet,signed_error,20,5000,0.7,0.5429132679382508,10,N_L_interaction,0.15708673206174917
Enumerate,Qwen3-32B,enumeration_bullet,signed_error,20,10000,0.8,0.8695429439331566,10,N_L_interaction,-0.06954294393315652
Enumerate,Qwen3-32B,enumeration_bullet,signed_error,20,20000,0.9,1.5228022959229683,10,N_L_interaction,-0.6228022959229683
Enumerate,Qwen3-32B,enumeration_bullet,signed_error,30,2000,0.3,0.5653333910560974,10,N_L_interaction,-0.2653333910560974
Enumerate,Qwen3-32B,enumeration_bullet,signed_error,30,3000,0.1,0.673973045873964,10,N_L_interaction,-0.573973045873964
Enumerate,Qwen3-32B,enumeration_bullet,signed_error,30,5000,1.7,0.8912523555096973,10,N_L_interaction,0.8087476444903027
Enumerate,Qwen3-32B,enumeration_bullet,signed_error,30,10000,1.9,1.4344506295990302,10,N_L_interaction,0.46554937040096966
Enumerate,Qwen3-32B,enumeration_bullet,signed_error,30,20000,2.9,2.5208471777776964,10,N_L_interaction,0.3791528222223035
Enumerate,Qwen3-32B,enumeration_index,signed_error,1,2000,0.0,-0.06339003392415028,10,N_L_interaction,0.06339003392415028
Enumerate,Qwen3-32B,enumeration_index,signed_error,1,3000,0.0,-0.03701517988457889,10,N_L_interaction,0.03701517988457889
Enumerate,Qwen3-32B,enumeration_index,signed_error,1,5000,0.0,0.01573452819456393,10,N_L_interaction,-0.01573452819456393
Enumerate,Qwen3-32B,enumeration_index,signed_error,1,10000,0.0,0.14760879839242094,10,N_L_interaction,-0.14760879839242094
Enumerate,Qwen3-32B,enumeration_index,signed_error,1,20000,0.0,0.41135733878813496,10,N_L_interaction,-0.41135733878813496
Enumerate,Qwen3-32B,enumeration_index,signed_error,2,2000,0.0,-0.059971715845260086,10,N_L_interaction,0.059971715845260086
Enumerate,Qwen3-32B,enumeration_index,signed_error,2,3000,0.0,-0.03540833444569947,10,N_L_interaction,0.03540833444569947
Enumerate,Qwen3-32B,enumeration_index,signed_error,2,5000,0.0,0.01371842835342181,10,N_L_interaction,-0.01371842835342181
Enumerate,Qwen3-32B,enumeration_index,signed_error,2,10000,0.0,0.13653533535122492,10,N_L_interaction,-0.13653533535122492
Enumerate,Qwen3-32B,enumeration_index,signed_error,2,20000,0.0,0.3821691493468312,10,N_L_interaction,-0.3821691493468312
Enumerate,Qwen3-32B,enumeration_index,signed_error,3,2000,0.0,-0.056553397766369876,10,N_L_interaction,0.056553397766369876
Enumerate,Qwen3-32B,enumeration_index,signed_error,3,3000,0.0,-0.03380148900682003,10,N_L_interaction,0.03380148900682003
Enumerate,Qwen3-32B,enumeration_index,signed_error,3,5000,0.0,0.011702328512279696,10,N_L_interaction,-0.011702328512279696
Enumerate,Qwen3-32B,enumeration_index,signed_error,3,10000,0.0,0.12546187231002892,10,N_L_interaction,-0.12546187231002892
Enumerate,Qwen3-32B,enumeration_index,signed_error,3,20000,0.0,0.35298095990552747,10,N_L_interaction,-0.35298095990552747
Enumerate,Qwen3-32B,enumeration_index,signed_error,4,2000,0.0,-0.053135079687479644,10,N_L_interaction,0.053135079687479644
Enumerate,Qwen3-32B,enumeration_index,signed_error,4,3000,0.0,-0.03219464356794059,10,N_L_interaction,0.03219464356794059
Enumerate,Qwen3-32B,enumeration_index,signed_error,4,5000,0.0,0.00968622867113757,10,N_L_interaction,-0.00968622867113757
Enumerate,Qwen3-32B,enumeration_index,signed_error,4,10000,0.0,0.11438840926883294,10,N_L_interaction,-0.11438840926883294
Enumerate,Qwen3-32B,enumeration_index,signed_error,4,20000,2.8,0.3237927704642237,10,N_L_interaction,2.476207229535776
Enumerate,Qwen3-32B,enumeration_index,signed_error,5,2000,0.0,-0.049716761608589455,10,N_L_interaction,0.049716761608589455
Enumerate,Qwen3-32B,enumeration_index,signed_error,5,3000,0.0,-0.03058779812906116,10,N_L_interaction,0.03058779812906116
Enumerate,Qwen3-32B,enumeration_index,signed_error,5,5000,0.0,0.0076701288299954404,10,N_L_interaction,-0.0076701288299954404
Enumerate,Qwen3-32B,enumeration_index,signed_error,5,10000,0.0,0.10331494622763696,10,N_L_interaction,-0.10331494622763696
Enumerate,Qwen3-32B,enumeration_index,signed_error,5,20000,0.0,0.29460458102292,10,N_L_interaction,-0.29460458102292
Enumerate,Qwen3-32B,enumeration_index,signed_error,6,2000,0.0,-0.046298443529699244,10,N_L_interaction,0.046298443529699244
Enumerate,Qwen3-32B,enumeration_index,signed_error,6,3000,0.0,-0.028980952690181742,10,N_L_interaction,0.028980952690181742
Enumerate,Qwen3-32B,enumeration_index,signed_error,6,5000,0.0,0.005654028988853322,10,N_L_interaction,-0.005654028988853322
Enumerate,Qwen3-32B,enumeration_index,signed_error,6,10000,0.0,0.09224148318644096,10,N_L_interaction,-0.09224148318644096
Enumerate,Qwen3-32B,enumeration_index,signed_error,6,20000,0.0,0.26541639158161623,10,N_L_interaction,-0.26541639158161623
Enumerate,Qwen3-32B,enumeration_index,signed_error,8,2000,0.0,-0.03946180737191883,10,N_L_interaction,0.03946180737191883
Enumerate,Qwen3-32B,enumeration_index,signed_error,8,3000,-0.1,-0.02576726181242287,10,N_L_interaction,-0.07423273818757714
Enumerate,Qwen3-32B,enumeration_index,signed_error,8,5000,0.0,0.0016218293065690902,10,N_L_interaction,-0.0016218293065690902
Enumerate,Qwen3-32B,enumeration_index,signed_error,8,10000,-0.1,0.07009455710404895,10,N_L_interaction,-0.17009455710404897
Enumerate,Qwen3-32B,enumeration_index,signed_error,8,20000,0.0,0.2070400126990087,10,N_L_interaction,-0.2070400126990087
Enumerate,Qwen3-32B,enumeration_index,signed_error,10,2000,0.0,-0.032625171214138424,10,N_L_interaction,0.032625171214138424
Enumerate,Qwen3-32B,enumeration_index,signed_error,10,3000,0.0,-0.022553570934664015,10,N_L_interaction,0.022553570934664015
Enumerate,Qwen3-32B,enumeration_index,signed_error,10,5000,0.0,-0.002410370375715153,10,N_L_interaction,0.002410370375715153
Enumerate,Qwen3-32B,enumeration_index,signed_error,10,10000,0.0,0.04794763102165696,10,N_L_interaction,-0.04794763102165696
Enumerate,Qwen3-32B,enumeration_index,signed_error,10,20000,0.0,0.1486636338164012,10,N_L_interaction,-0.1486636338164012
Enumerate,Qwen3-32B,enumeration_index,signed_error,20,2000,0.0,0.0015580095747636607,10,N_L_interaction,-0.0015580095747636607
Enumerate,Qwen3-32B,enumeration_index,signed_error,20,3000,0.0,-0.0064851165458696906,10,N_L_interaction,0.0064851165458696906
Enumerate,Qwen3-32B,enumeration_index,signed_error,20,5000,0.0,-0.022571368787136344,10,N_L_interaction,0.022571368787136344
Enumerate,Qwen3-32B,enumeration_index,signed_error,20,10000,0.0,-0.062786999390303,10,N_L_interaction,0.062786999390303
Enumerate,Qwen3-32B,enumeration_index,signed_error,20,20000,-0.2,-0.1432182605966364,10,N_L_interaction,-0.05678173940336362
Enumerate,Qwen3-32B,enumeration_index,signed_error,30,2000,0.0,0.03574119036366572,10,N_L_interaction,-0.03574119036366572
Enumerate,Qwen3-32B,enumeration_index,signed_error,30,3000,0.0,0.009583337842924622,10,N_L_interaction,-0.009583337842924622
Enumerate,Qwen3-32B,enumeration_index,signed_error,30,5000,0.0,-0.04273236719855754,10,N_L_interaction,0.04273236719855754
Enumerate,Qwen3-32B,enumeration_index,signed_error,30,10000,-0.2,-0.17352162980226302,10,N_L_interaction,-0.026478370197736995
Enumerate,Qwen3-32B,enumeration_index,signed_error,30,20000,-0.4,-0.4351001550096737,10,N_L_interaction,0.03510015500967367
Enumerate,Qwen3-4B,enumeration_bullet,signed_error,1,2000,0.0,0.19746205193563543,10,N_L_interaction,-0.19746205193563543
Enumerate,Qwen3-4B,enumeration_bullet,signed_error,1,3000,0.0,0.1861053843837191,10,N_L_interaction,-0.1861053843837191
Enumerate,Qwen3-4B,enumeration_bullet,signed_error,1,5000,1.1111111111111112,0.16587535216687127,9,N_L_interaction,0.94523575894424
Enumerate,Qwen3-4B,enumeration_bullet,signed_error,1,10000,0.0,0.10947549640608484,9,N_L_interaction,-0.10947549640608484
Enumerate,Qwen3-4B,enumeration_bullet,signed_error,1,20000,0.0,-0.007573881648733648,8,N_L_interaction,0.007573881648733648
Enumerate,Qwen3-4B,enumeration_bullet,signed_error,2,2000,0.0,0.18276045013570658,10,N_L_interaction,-0.18276045013570658
Enumerate,Qwen3-4B,enumeration_bullet,signed_error,2,3000,0.1,0.17103186078423765,10,N_L_interaction,-0.07103186078423765
Enumerate,Qwen3-4B,enumeration_bullet,signed_error,2,5000,0.0,0.14757468208129984,10,N_L_interaction,-0.14757468208129984
Enumerate,Qwen3-4B,enumeration_bullet,signed_error,2,10000,0.0,0.08893173532395526,10,N_L_interaction,-0.08893173532395526
Enumerate,Qwen3-4B,enumeration_bullet,signed_error,2,20000,0.0,-0.028354158190733884,10,N_L_interaction,0.028354158190733884
Enumerate,Qwen3-4B,enumeration_bullet,signed_error,3,2000,0.2,0.16805884833577772,10,N_L_interaction,0.03194115166422229
Enumerate,Qwen3-4B,enumeration_bullet,signed_error,3,3000,0.0,0.15595833718475624,10,N_L_interaction,-0.15595833718475624
Enumerate,Qwen3-4B,enumeration_bullet,signed_error,3,5000,0.0,0.1317573148827133,10,N_L_interaction,-0.1317573148827133
Enumerate,Qwen3-4B,enumeration_bullet,signed_error,3,10000,0.0,0.07125475912760591,10,N_L_interaction,-0.07125475912760591
Enumerate,Qwen3-4B,enumeration_bullet,signed_error,3,20000,0.0,-0.049750352382608866,10,N_L_interaction,0.049750352382608866
Enumerate,Qwen3-4B,enumeration_bullet,signed_error,4,2000,0.1,0.15335724653584887,10,N_L_interaction,-0.05335724653584886
Enumerate,Qwen3-4B,enumeration_bullet,signed_error,4,3000,0.2,0.14088481358527483,10,N_L_interaction,0.059115186414725185
Enumerate,Qwen3-4B,enumeration_bullet,signed_error,4,5000,0.2,0.11593994768412677,10,N_L_interaction,0.08406005231587324
Enumerate,Qwen3-4B,enumeration_bullet,signed_error,4,10000,0.1,0.053577782931256555,10,N_L_interaction,0.04642221706874345
Enumerate,Qwen3-4B,enumeration_bullet,signed_error,4,20000,0.0,-0.07114654657448384,10,N_L_interaction,0.07114654657448384
Enumerate,Qwen3-4B,enumeration_bullet,signed_error,5,2000,0.2,0.13865564473592001,10,N_L_interaction,0.06134435526408
Enumerate,Qwen3-4B,enumeration_bullet,signed_error,5,3000,0.0,0.1258112899857934,10,N_L_interaction,-0.1258112899857934
Enumerate,Qwen3-4B,enumeration_bullet,signed_error,5,5000,0.4,0.10012258048554021,10,N_L_interaction,0.2998774195144598
Enumerate,Qwen3-4B,enumeration_bullet,signed_error,5,10000,0.1,0.03590080673490721,10,N_L_interaction,0.0640991932650928
Enumerate,Qwen3-4B,enumeration_bullet,signed_error,5,20000,-0.2,-0.0925427407663588,10,N_L_interaction,-0.10745725923364122
Enumerate,Qwen3-4B,enumeration_bullet,signed_error,6,2000,0.0,0.12395404293599117,10,N_L_interaction,-0.12395404293599117
Enumerate,Qwen3-4B,enumeration_bullet,signed_error,6,3000,0.0,0.11073776638631201,10,N_L_interaction,-0.11073776638631201
Enumerate,Qwen3-4B,enumeration_bullet,signed_error,6,5000,0.0,0.09251583422106849,9,N_L_interaction,-0.09251583422106849
Enumerate,Qwen3-4B,enumeration_bullet,signed_error,6,10000,0.3,0.01822383053855786,10,N_L_interaction,0.2817761694614421
Enumerate,Qwen3-4B,enumeration_bullet,signed_error,6,20000,-0.3,-0.11393893495823378,10,N_L_interaction,-0.18606106504176623
Enumerate,Qwen3-4B,enumeration_bullet,signed_error,8,2000,0.0,0.09455083933613345,10,N_L_interaction,-0.09455083933613345
Enumerate,Qwen3-4B,enumeration_bullet,signed_error,8,3000,0.0,0.08059071918734917,10,N_L_interaction,-0.08059071918734917
Enumerate,Qwen3-4B,enumeration_bullet,signed_error,8,5000,0.4,0.05267047888978059,10,N_L_interaction,0.3473295211102194
Enumerate,Qwen3-4B,enumeration_bullet,signed_error,8,10000,0.1111111111111111,-0.019705745979789753,9,N_L_interaction,0.13081685709090085
Enumerate,Qwen3-4B,enumeration_bullet,signed_error,8,20000,0.1,-0.1567313233419837,10,N_L_interaction,0.2567313233419837
Enumerate,Qwen3-4B,enumeration_bullet,signed_error,10,2000,0.0,0.06514763573627574,10,N_L_interaction,-0.06514763573627574
Enumerate,Qwen3-4B,enumeration_bullet,signed_error,10,3000,0.0,0.05044367198838633,10,N_L_interaction,-0.05044367198838633
Enumerate,Qwen3-4B,enumeration_bullet,signed_error,10,5000,-0.1,0.02103574449260751,10,N_L_interaction,-0.12103574449260751
Enumerate,Qwen3-4B,enumeration_bullet,signed_error,10,10000,0.0,-0.05248407424683954,10,N_L_interaction,0.05248407424683954
Enumerate,Qwen3-4B,enumeration_bullet,signed_error,10,20000,-0.2222222222222222,-0.19521502097427892,9,N_L_interaction,-0.027007201247943285
Enumerate,Qwen3-4B,enumeration_bullet,signed_error,20,2000,0.1,-0.08186838226301282,10,N_L_interaction,0.18186838226301283
Enumerate,Qwen3-4B,enumeration_bullet,signed_error,20,3000,0.1111111111111111,-0.10024245010114329,9,N_L_interaction,0.2113535612122544
Enumerate,Qwen3-4B,enumeration_bullet,signed_error,20,5000,0.2,-0.1371379274932579,10,N_L_interaction,0.3371379274932579
Enumerate,Qwen3-4B,enumeration_bullet,signed_error,20,10000,-0.4444444444444444,-0.21399240621963297,9,N_L_interaction,-0.23045203822481145
Enumerate,Qwen3-4B,enumeration_bullet,signed_error,20,20000,-1.5,-0.4209363906442956,8,N_L_interaction,-1.0790636093557044
Enumerate,Qwen3-4B,enumeration_bullet,signed_error,30,2000,-1.7,-0.2288844002623014,10,N_L_interaction,-1.4711155997376986
Enumerate,Qwen3-4B,enumeration_bullet,signed_error,30,3000,-0.8,-0.25102680000124206,10,N_L_interaction,-0.5489731999987579
Enumerate,Qwen3-4B,enumeration_bullet,signed_error,30,5000,-0.3,-0.2953115994791234,10,N_L_interaction,-0.004688400520876601
Enumerate,Qwen3-4B,enumeration_bullet,signed_error,30,10000,2.6,-0.40602359817382655,10,N_L_interaction,3.006023598173827
Enumerate,Qwen3-4B,enumeration_bullet,signed_error,30,20000,-1.625,-0.5831324060846248,8,N_L_interaction,-1.0418675939153752
Enumerate,Qwen3-4B,enumeration_index,signed_error,1,2000,0.375,0.145600859562836,8,N_L_interaction,0.229399140437164
Enumerate,Qwen3-4B,enumeration_index,signed_error,1,3000,0.0,0.14174088827225795,8,N_L_interaction,-0.14174088827225795
Enumerate,Qwen3-4B,enumeration_index,signed_error,1,5000,1.0,0.13612748254009388,9,N_L_interaction,0.8638725174599061
Enumerate,Qwen3-4B,enumeration_index,signed_error,1,10000,0.9,0.11542300828951065,10,N_L_interaction,0.7845769917104893
Enumerate,Qwen3-4B,enumeration_index,signed_error,1,20000,1.0,0.0717518147115512,10,N_L_interaction,0.9282481852884488
Enumerate,Qwen3-4B,enumeration_index,signed_error,2,2000,0.0,0.14010186771323216,10,N_L_interaction,-0.14010186771323216
Enumerate,Qwen3-4B,enumeration_index,signed_error,2,3000,0.1,0.13991878534894725,10,N_L_interaction,-0.039918785348947244
Enumerate,Qwen3-4B,enumeration_index,signed_error,2,5000,0.1,0.1395526206203775,10,N_L_interaction,-0.03955262062037748
Enumerate,Qwen3-4B,enumeration_index,signed_error,2,10000,2.8,0.138637208798953,10,N_L_interaction,2.661362791201047
Enumerate,Qwen3-4B,enumeration_index,signed_error,2,20000,1.8,0.13680638515610405,10,N_L_interaction,1.663193614843896
Enumerate,Qwen3-4B,enumeration_index,signed_error,3,2000,0.0,0.1298437722745861,10,N_L_interaction,-0.1298437722745861
Enumerate,Qwen3-4B,enumeration_index,signed_error,3,3000,0.0,0.13384472690381227,10,N_L_interaction,-0.13384472690381227
Enumerate,Qwen3-4B,enumeration_index,signed_error,3,5000,0.0,0.1418466361622646,10,N_L_interaction,-0.1418466361622646
Enumerate,Qwen3-4B,enumeration_index,signed_error,3,10000,0.0,0.16185140930839534,10,N_L_interaction,-0.16185140930839534
Enumerate,Qwen3-4B,enumeration_index,signed_error,3,20000,0.0,0.2018609556006569,10,N_L_interaction,-0.2018609556006569
Enumerate,Qwen3-4B,enumeration_index,signed_error,4,2000,0.2,0.11958567683594008,10,N_L_interaction,0.08041432316405993
Enumerate,Qwen3-4B,enumeration_index,signed_error,4,3000,0.0,0.1277706684586773,10,N_L_interaction,-0.1277706684586773
Enumerate,Qwen3-4B,enumeration_index,signed_error,4,5000,0.0,0.1441406517041517,10,N_L_interaction,-0.1441406517041517
Enumerate,Qwen3-4B,enumeration_index,signed_error,4,10000,0.0,0.18506560981783768,10,N_L_interaction,-0.18506560981783768
Enumerate,Qwen3-4B,enumeration_index,signed_error,4,20000,0.0,0.2669155260452097,10,N_L_interaction,-0.2669155260452097
Enumerate,Qwen3-4B,enumeration_index,signed_error,5,2000,0.0,0.10932758139729407,10,N_L_interaction,-0.10932758139729407
Enumerate,Qwen3-4B,enumeration_index,signed_error,5,3000,0.0,0.1216966100135423,10,N_L_interaction,-0.1216966100135423
Enumerate,Qwen3-4B,enumeration_index,signed_error,5,5000,0.1,0.1464346672460388,10,N_L_interaction,-0.046434667246038785
Enumerate,Qwen3-4B,enumeration_index,signed_error,5,10000,0.0,0.20827981032728005,10,N_L_interaction,-0.20827981032728005
Enumerate,Qwen3-4B,enumeration_index,signed_error,5,20000,0.0,0.3319700964897625,10,N_L_interaction,-0.3319700964897625
Enumerate,Qwen3-4B,enumeration_index,signed_error,6,2000,0.0,0.09906948595864802,10,N_L_interaction,-0.09906948595864802
Enumerate,Qwen3-4B,enumeration_index,signed_error,6,3000,0.0,0.11562255156840733,10,N_L_interaction,-0.11562255156840733
Enumerate,Qwen3-4B,enumeration_index,signed_error,6,5000,-0.1,0.14872868278792592,10,N_L_interaction,-0.24872868278792593
Enumerate,Qwen3-4B,enumeration_index,signed_error,6,10000,-0.1,0.2314940108367224,10,N_L_interaction,-0.3314940108367224
Enumerate,Qwen3-4B,enumeration_index,signed_error,6,20000,0.0,0.3970246669343154,10,N_L_interaction,-0.3970246669343154
Enumerate,Qwen3-4B,enumeration_index,signed_error,8,2000,0.0,0.07855329508135597,10,N_L_interaction,-0.07855329508135597
Enumerate,Qwen3-4B,enumeration_index,signed_error,8,3000,0.0,0.10347443467813737,10,N_L_interaction,-0.10347443467813737
Enumerate,Qwen3-4B,enumeration_index,signed_error,8,5000,0.3,0.15331671387170015,10,N_L_interaction,0.14668328612829984
Enumerate,Qwen3-4B,enumeration_index,signed_error,8,10000,0.0,0.27792241185560707,10,N_L_interaction,-0.27792241185560707
Enumerate,Qwen3-4B,enumeration_index,signed_error,8,20000,-0.4,0.527133807823421,10,N_L_interaction,-0.927133807823421
Enumerate,Qwen3-4B,enumeration_index,signed_error,10,2000,-0.1,0.058037104204063904,10,N_L_interaction,-0.15803710420406392
Enumerate,Qwen3-4B,enumeration_index,signed_error,10,3000,-0.1,0.0913263177878674,10,N_L_interaction,-0.1913263177878674
Enumerate,Qwen3-4B,enumeration_index,signed_error,10,5000,-0.1,0.15790474495547438,10,N_L_interaction,-0.2579047449554744
Enumerate,Qwen3-4B,enumeration_index,signed_error,10,10000,-0.2,0.3243508128744918,10,N_L_interaction,-0.5243508128744918
Enumerate,Qwen3-4B,enumeration_index,signed_error,10,20000,-0.3,0.6572429487125266,10,N_L_interaction,-0.9572429487125267
Enumerate,Qwen3-4B,enumeration_index,signed_error,20,2000,0.0,-0.04454385018239638,10,N_L_interaction,0.04454385018239638
Enumerate,Qwen3-4B,enumeration_index,signed_error,20,3000,0.0,0.030585733336517575,10,N_L_interaction,-0.030585733336517575
Enumerate,Qwen3-4B,enumeration_index,signed_error,20,5000,0.5,0.1808449003743455,10,N_L_interaction,0.31915509962565447
Enumerate,Qwen3-4B,enumeration_index,signed_error,20,10000,-0.7,0.5564928179689154,10,N_L_interaction,-1.2564928179689154
Enumerate,Qwen3-4B,enumeration_index,signed_error,20,20000,-1.1,1.3077886531580547,10,N_L_interaction,-2.407788653158055
Enumerate,Qwen3-4B,enumeration_index,signed_error,30,2000,0.1,-0.14712480456885668,10,N_L_interaction,0.2471248045688567
Enumerate,Qwen3-4B,enumeration_index,signed_error,30,3000,0.3,-0.030154851114832237,10,N_L_interaction,0.3301548511148322
Enumerate,Qwen3-4B,enumeration_index,signed_error,30,5000,-0.1,0.20378505579321665,10,N_L_interaction,-0.3037850557932167
Enumerate,Qwen3-4B,enumeration_index,signed_error,30,10000,1.6,0.7886348230633388,10,N_L_interaction,0.8113651769366613
Enumerate,Qwen3-4B,enumeration_index,signed_error,30,20000,4.3,1.958334357603583,10,N_L_interaction,2.341665642396417
Enumerate,Qwen3-8B,enumeration_bullet,signed_error,1,2000,0.0,0.09302259244962009,10,N_L_interaction,-0.09302259244962009
Enumerate,Qwen3-8B,enumeration_bullet,signed_error,1,3000,0.0,0.12607128039915136,10,N_L_interaction,-0.12607128039915136
Enumerate,Qwen3-8B,enumeration_bullet,signed_error,1,5000,0.0,0.19216865629821375,10,N_L_interaction,-0.19216865629821375
Enumerate,Qwen3-8B,enumeration_bullet,signed_error,1,10000,0.0,0.3574120960458699,10,N_L_interaction,-0.3574120960458699
Enumerate,Qwen3-8B,enumeration_bullet,signed_error,1,20000,0.0,0.687898975541182,10,N_L_interaction,-0.687898975541182
Enumerate,Qwen3-8B,enumeration_bullet,signed_error,2,2000,0.0,0.08304992658385693,10,N_L_interaction,-0.08304992658385693
Enumerate,Qwen3-8B,enumeration_bullet,signed_error,2,3000,0.0,0.10650936010707421,10,N_L_interaction,-0.10650936010707421
Enumerate,Qwen3-8B,enumeration_bullet,signed_error,2,5000,0.0,0.15342822715350896,10,N_L_interaction,-0.15342822715350896
Enumerate,Qwen3-8B,enumeration_bullet,signed_error,2,10000,0.0,0.27072539476959556,10,N_L_interaction,-0.27072539476959556
Enumerate,Qwen3-8B,enumeration_bullet,signed_error,2,20000,0.0,0.5053197300017687,10,N_L_interaction,-0.5053197300017687
Enumerate,Qwen3-8B,enumeration_bullet,signed_error,3,2000,0.0,0.07307726071809374,10,N_L_interaction,-0.07307726071809374
Enumerate,Qwen3-8B,enumeration_bullet,signed_error,3,3000,0.0,0.0869474398149972,10,N_L_interaction,-0.0869474398149972
Enumerate,Qwen3-8B,enumeration_bullet,signed_error,3,5000,0.0,0.11468779800880416,10,N_L_interaction,-0.11468779800880416
Enumerate,Qwen3-8B,enumeration_bullet,signed_error,3,10000,0.0,0.18403869349332122,10,N_L_interaction,-0.18403869349332122
Enumerate,Qwen3-8B,enumeration_bullet,signed_error,3,20000,0.0,0.3227404844623555,10,N_L_interaction,-0.3227404844623555
Enumerate,Qwen3-8B,enumeration_bullet,signed_error,4,2000,0.0,0.06310459485233068,10,N_L_interaction,-0.06310459485233068
Enumerate,Qwen3-8B,enumeration_bullet,signed_error,4,3000,0.0,0.06738551952292018,10,N_L_interaction,-0.06738551952292018
Enumerate,Qwen3-8B,enumeration_bullet,signed_error,4,5000,0.0,0.07594736886409928,10,N_L_interaction,-0.07594736886409928
Enumerate,Qwen3-8B,enumeration_bullet,signed_error,4,10000,0.0,0.09735199221704695,10,N_L_interaction,-0.09735199221704695
Enumerate,Qwen3-8B,enumeration_bullet,signed_error,4,20000,-0.1,0.1401612389229423,10,N_L_interaction,-0.2401612389229423
Enumerate,Qwen3-8B,enumeration_bullet,signed_error,5,2000,0.0,0.053131928986567475,10,N_L_interaction,-0.053131928986567475
Enumerate,Qwen3-8B,enumeration_bullet,signed_error,5,3000,0.0,0.04782359923084315,10,N_L_interaction,-0.04782359923084315
Enumerate,Qwen3-8B,enumeration_bullet,signed_error,5,5000,0.0,0.03720693971939437,10,N_L_interaction,-0.03720693971939437
Enumerate,Qwen3-8B,enumeration_bullet,signed_error,5,10000,0.0,0.010665290940772629,10,N_L_interaction,-0.010665290940772629
Enumerate,Qwen3-8B,enumeration_bullet,signed_error,5,20000,0.0,-0.042418006616470924,10,N_L_interaction,0.042418006616470924
Enumerate,Qwen3-8B,enumeration_bullet,signed_error,6,2000,0.3,0.04315926312080434,10,N_L_interaction,0.2568407368791956
Enumerate,Qwen3-8B,enumeration_bullet,signed_error,6,3000,0.0,0.028261678938766004,10,N_L_interaction,-0.028261678938766004
Enumerate,Qwen3-8B,enumeration_bullet,signed_error,6,5000,0.0,-0.0015334894253104582,10,N_L_interaction,0.0015334894253104582
Enumerate,Qwen3-8B,enumeration_bullet,signed_error,6,10000,0.0,-0.07602141033550167,10,N_L_interaction,0.07602141033550167
Enumerate,Qwen3-8B,enumeration_bullet,signed_error,6,20000,0.0,-0.22499725215588412,10,N_L_interaction,0.22499725215588412
Enumerate,Qwen3-8B,enumeration_bullet,signed_error,8,2000,0.4,0.023213931389277943,10,N_L_interaction,0.37678606861072206
Enumerate,Qwen3-8B,enumeration_bullet,signed_error,8,3000,0.0,-0.010862161645388103,10,N_L_interaction,0.010862161645388103
Enumerate,Qwen3-8B,enumeration_bullet,signed_error,8,5000,0.0,-0.0790143477147201,10,N_L_interaction,0.0790143477147201
Enumerate,Qwen3-8B,enumeration_bullet,signed_error,8,10000,0.0,-0.24939481288805027,10,N_L_interaction,0.24939481288805027
Enumerate,Qwen3-8B,enumeration_bullet,signed_error,8,20000,-0.1,-0.5901557432347107,10,N_L_interaction,0.4901557432347107
Enumerate,Qwen3-8B,enumeration_bullet,signed_error,10,2000,0.0,0.003268599657751653,10,N_L_interaction,-0.003268599657751653
Enumerate,Qwen3-8B,enumeration_bullet,signed_error,10,3000,0.0,-0.04998600222954221,10,N_L_interaction,0.04998600222954221
Enumerate,Qwen3-8B,enumeration_bullet,signed_error,10,5000,0.0,-0.1564952060041298,10,N_L_interaction,0.1564952060041298
Enumerate,Qwen3-8B,enumeration_bullet,signed_error,10,10000,-0.1,-0.4227682154405989,10,N_L_interaction,0.32276821544059886
Enumerate,Qwen3-8B,enumeration_bullet,signed_error,10,20000,-0.2,-0.955314234313537,10,N_L_interaction,0.7553142343135371
Enumerate,Qwen3-8B,enumeration_bullet,signed_error,20,2000,0.3,-0.09645805899988,10,N_L_interaction,0.39645805899987996
Enumerate,Qwen3-8B,enumeration_bullet,signed_error,20,3000,0.2,-0.24560520515031276,10,N_L_interaction,0.44560520515031277
Enumerate,Qwen3-8B,enumeration_bullet,signed_error,20,5000,0.2,-0.5438994974511783,10,N_L_interaction,0.7438994974511783
Enumerate,Qwen3-8B,enumeration_bullet,signed_error,20,10000,0.1,-1.2896352282033419,10,N_L_interaction,1.389635228203342
Enumerate,Qwen3-8B,enumeration_bullet,signed_error,20,20000,-1.1,-2.7811066897076695,10,N_L_interaction,1.6811066897076694
Enumerate,Qwen3-8B,enumeration_bullet,signed_error,30,2000,0.0,-0.19618471765751166,10,N_L_interaction,0.19618471765751166
Enumerate,Qwen3-8B,enumeration_bullet,signed_error,30,3000,-1.0,-0.4412244080710833,10,N_L_interaction,-0.5587755919289167
Enumerate,Qwen3-8B,enumeration_bullet,signed_error,30,5000,-1.5,-0.9313037888982265,10,N_L_interaction,-0.5686962111017735
Enumerate,Qwen3-8B,enumeration_bullet,signed_error,30,10000,-3.7,-2.156502240966085,10,N_L_interaction,-1.5434977590339152
Enumerate,Qwen3-8B,enumeration_bullet,signed_error,30,20000,-5.8,-4.606899145101801,10,N_L_interaction,-1.1931008548981987
Enumerate,Qwen3-8B,enumeration_index,signed_error,1,2000,0.0,-0.0067345390175831575,10,N_L_interaction,0.0067345390175831575
Enumerate,Qwen3-8B,enumeration_index,signed_error,1,3000,0.0,0.003169725371920512,10,N_L_interaction,-0.003169725371920512
Enumerate,Qwen3-8B,enumeration_index,signed_error,1,5000,0.0,0.022978254150927805,10,N_L_interaction,-0.022978254150927805
Enumerate,Qwen3-8B,enumeration_index,signed_error,1,10000,0.0,0.07249957609844607,10,N_L_interaction,-0.07249957609844607
Enumerate,Qwen3-8B,enumeration_index,signed_error,1,20000,0.1,0.17154221999348257,10,N_L_interaction,-0.07154221999348256
Enumerate,Qwen3-8B,enumeration_index,signed_error,2,2000,0.0,0.0015015134187384483,10,N_L_interaction,-0.0015015134187384483
Enumerate,Qwen3-8B,enumeration_index,signed_error,2,3000,0.0,0.008119789167601163,10,N_L_interaction,-0.008119789167601163
Enumerate,Qwen3-8B,enumeration_index,signed_error,2,5000,0.0,0.02135634066532666,10,N_L_interaction,-0.02135634066532666
Enumerate,Qwen3-8B,enumeration_index,signed_error,2,10000,0.0,0.054447719409640306,10,N_L_interaction,-0.054447719409640306
Enumerate,Qwen3-8B,enumeration_index,signed_error,2,20000,0.0,0.12063047689826764,10,N_L_interaction,-0.12063047689826764
Enumerate,Qwen3-8B,enumeration_index,signed_error,3,2000,0.0,0.009737565855060054,10,N_L_interaction,-0.009737565855060054
Enumerate,Qwen3-8B,enumeration_index,signed_error,3,3000,0.0,0.013069852963281881,10,N_L_interaction,-0.013069852963281881
Enumerate,Qwen3-8B,enumeration_index,signed_error,3,5000,0.0,0.019734427179725535,10,N_L_interaction,-0.019734427179725535
Enumerate,Qwen3-8B,enumeration_index,signed_error,3,10000,0.0,0.03639586272083459,10,N_L_interaction,-0.03639586272083459
Enumerate,Qwen3-8B,enumeration_index,signed_error,3,20000,0.0,0.06971873380305274,10,N_L_interaction,-0.06971873380305274
Enumerate,Qwen3-8B,enumeration_index,signed_error,4,2000,0.0,0.0179736182913817,10,N_L_interaction,-0.0179736182913817
Enumerate,Qwen3-8B,enumeration_index,signed_error,4,3000,0.0,0.01801991675896259,10,N_L_interaction,-0.01801991675896259
Enumerate,Qwen3-8B,enumeration_index,signed_error,4,5000,0.0,0.01811251369412438,10,N_L_interaction,-0.01811251369412438
Enumerate,Qwen3-8B,enumeration_index,signed_error,4,10000,0.0,0.018344006032028872,10,N_L_interaction,-0.018344006032028872
Enumerate,Qwen3-8B,enumeration_index,signed_error,4,20000,0.0,0.01880699070783784,10,N_L_interaction,-0.01880699070783784
Enumerate,Qwen3-8B,enumeration_index,signed_error,5,2000,0.0,0.02620967072770331,10,N_L_interaction,-0.02620967072770331
Enumerate,Qwen3-8B,enumeration_index,signed_error,5,3000,0.0,0.02296998055464329,10,N_L_interaction,-0.02296998055464329
Enumerate,Qwen3-8B,enumeration_index,signed_error,5,5000,0.0,0.01649060020852322,10,N_L_interaction,-0.01649060020852322
Enumerate,Qwen3-8B,enumeration_index,signed_error,5,10000,0.0,0.0002921493432231262,10,N_L_interaction,-0.0002921493432231262
Enumerate,Qwen3-8B,enumeration_index,signed_error,5,20000,0.0,-0.032104752387377075,10,N_L_interaction,0.032104752387377075
Enumerate,Qwen3-8B,enumeration_index,signed_error,6,2000,0.3,0.03444572316402493,10,N_L_interaction,0.26555427683597504
Enumerate,Qwen3-8B,enumeration_index,signed_error,6,3000,0.0,0.02792004435032397,10,N_L_interaction,-0.02792004435032397
Enumerate,Qwen3-8B,enumeration_index,signed_error,6,5000,0.0,0.014868686722922094,10,N_L_interaction,-0.014868686722922094
Enumerate,Qwen3-8B,enumeration_index,signed_error,6,10000,0.0,-0.017759707345582597,10,N_L_interaction,0.017759707345582597
Enumerate,Qwen3-8B,enumeration_index,signed_error,6,20000,0.0,-0.08301649548259198,10,N_L_interaction,0.08301649548259198
Enumerate,Qwen3-8B,enumeration_index,signed_error,8,2000,0.3,0.050917828036668146,10,N_L_interaction,0.24908217196333185
Enumerate,Qwen3-8B,enumeration_index,signed_error,8,3000,0.0,0.037820171941685354,10,N_L_interaction,-0.037820171941685354
Enumerate,Qwen3-8B,enumeration_index,signed_error,8,5000,0.0,0.011624859751719828,10,N_L_interaction,-0.011624859751719828
Enumerate,Qwen3-8B,enumeration_index,signed_error,8,10000,0.0,-0.053863420723194055,10,N_L_interaction,0.053863420723194055
Enumerate,Qwen3-8B,enumeration_index,signed_error,8,20000,0.0,-0.1848399816730218,10,N_L_interaction,0.1848399816730218
Enumerate,Qwen3-8B,enumeration_index,signed_error,10,2000,0.0,0.06738993290931138,10,N_L_interaction,-0.06738993290931138
Enumerate,Qwen3-8B,enumeration_index,signed_error,10,3000,0.0,0.04772029953304676,10,N_L_interaction,-0.04772029953304676
Enumerate,Qwen3-8B,enumeration_index,signed_error,10,5000,0.0,0.00838103278051754,10,N_L_interaction,-0.00838103278051754
Enumerate,Qwen3-8B,enumeration_index,signed_error,10,10000,-0.1,-0.08996713410080551,10,N_L_interaction,-0.010032865899194499
Enumerate,Qwen3-8B,enumeration_index,signed_error,10,20000,-0.2,-0.2866634678634516,10,N_L_interaction,0.08666346786345158
Enumerate,Qwen3-8B,enumeration_index,signed_error,20,2000,0.1,0.14975045727252753,10,N_L_interaction,-0.049750457272527526
Enumerate,Qwen3-8B,enumeration_index,signed_error,20,3000,0.0,0.09722093748985375,10,N_L_interaction,-0.09722093748985375
Enumerate,Qwen3-8B,enumeration_index,signed_error,20,5000,0.0,-0.00783810207549384,10,N_L_interaction,0.00783810207549384
Enumerate,Qwen3-8B,enumeration_index,signed_error,20,10000,-0.1,-0.27048570098886277,10,N_L_interaction,0.17048570098886276
Enumerate,Qwen3-8B,enumeration_index,signed_error,20,20000,-0.7,-0.7957808988156007,10,N_L_interaction,0.0957808988156007
Enumerate,Qwen3-8B,enumeration_index,signed_error,30,2000,0.2,0.23211098163574367,10,N_L_interaction,-0.03211098163574366
Enumerate,Qwen3-8B,enumeration_index,signed_error,30,3000,0.0,0.1467215754466607,10,N_L_interaction,-0.1467215754466607
Enumerate,Qwen3-8B,enumeration_index,signed_error,30,5000,0.0,-0.024057236931505223,10,N_L_interaction,0.024057236931505223
Enumerate,Qwen3-8B,enumeration_index,signed_error,30,10000,-0.2,-0.4510042678769201,10,N_L_interaction,0.2510042678769201
Enumerate,Qwen3-8B,enumeration_index,signed_error,30,20000,-1.6,-1.3048983297677494,10,N_L_interaction,-0.29510167023225065
