model_label,mode_native,layer,occurrence,n_confirmation_class_native,metric,value_native,quality_direction_native,quality_value_native,mode_nonthinking,n_confirmation_class_nonthinking,value_nonthinking,quality_direction_nonthinking,quality_value_nonthinking,native_minus_nonthinking_quality
Qwen3-8B,native_thinking,0,1,10,logistic_precision,0.18181818181818182,higher,0.18181818181818182,non_thinking,10,0.75,higher,0.75,-0.5681818181818181
Qwen3-8B,native_thinking,0,1,10,logistic_recall,0.2,higher,0.2,non_thinking,10,0.9,higher,0.9,-0.7
Qwen3-8B,native_thinking,0,1,10,logistic_f1,0.19047619047619047,higher,0.19047619047619047,non_thinking,10,0.8181818181818182,higher,0.8181818181818182,-0.6277056277056278
Qwen3-8B,native_thinking,0,1,10,ncc_recall,0.5,higher,0.5,non_thinking,10,1.0,higher,1.0,-0.5
Qwen3-8B,native_thinking,0,1,10,silhouette_cosine,-0.24184784293174744,higher,-0.24184784293174744,non_thinking,10,0.19814732670783997,higher,0.19814732670783997,-0.4399951696395874
Qwen3-8B,native_thinking,0,1,10,within_trace,1229.802001953125,lower,-1229.802001953125,non_thinking,10,3207.710205078125,lower,-3207.710205078125,1977.908203125
Qwen3-8B,native_thinking,0,1,10,class_nc1_ratio,32.657129574739116,lower,-32.657129574739116,non_thinking,10,1.2570069987097339,lower,-1.2570069987097339,-31.400122576029382
Qwen3-8B,native_thinking,0,1,10,centroid_nearest_squared,31.28139305114746,higher,31.28139305114746,non_thinking,10,741.2882690429688,higher,741.2882690429688,-710.0068759918213
Qwen3-8B,native_thinking,0,1,10,fisher_nearest,0.02543612142561773,higher,0.02543612142561773,non_thinking,10,0.231095772887911,higher,0.231095772887911,-0.20565965146229326
Qwen3-8B,native_thinking,0,1,10,min_bhattacharyya,0.6357530802488327,higher,0.6357530802488327,non_thinking,10,0.9337714612483978,higher,0.9337714612483978,-0.2980183809995651
Qwen3-8B,native_thinking,0,1,10,mean_bhattacharyya,1.1472229916188452,higher,1.1472229916188452,non_thinking,10,4.41453496283955,higher,4.41453496283955,-3.267311971220705
Qwen3-8B,native_thinking,0,1,10,nc2_class_cosine_deviation,0.4354724673278354,lower,-0.4354724673278354,non_thinking,10,0.6122143892226395,lower,-0.6122143892226395,0.1767419218948041
Qwen3-8B,native_thinking,0,2,10,logistic_precision,0.23076923076923078,higher,0.23076923076923078,non_thinking,10,0.42857142857142855,higher,0.42857142857142855,-0.19780219780219777
Qwen3-8B,native_thinking,0,2,10,logistic_recall,0.3,higher,0.3,non_thinking,10,0.3,higher,0.3,0.0
Qwen3-8B,native_thinking,0,2,10,logistic_f1,0.2608695652173913,higher,0.2608695652173913,non_thinking,10,0.35294117647058826,higher,0.35294117647058826,-0.09207161125319696
Qwen3-8B,native_thinking,0,2,10,ncc_recall,0.0,higher,0.0,non_thinking,10,0.3,higher,0.3,-0.3
Qwen3-8B,native_thinking,0,2,10,silhouette_cosine,0.01190907321870327,higher,0.01190907321870327,non_thinking,10,-0.12620589137077332,higher,-0.12620589137077332,0.13811496458947659
Qwen3-8B,native_thinking,0,2,10,within_trace,673.8980102539062,lower,-673.8980102539062,non_thinking,10,4082.1611328125,lower,-4082.1611328125,3408.2631225585938
Qwen3-8B,native_thinking,0,2,10,class_nc1_ratio,4.555175619323755,lower,-4.555175619323755,non_thinking,10,2.8318717819395482,lower,-2.8318717819395482,-1.723303837384207
Qwen3-8B,native_thinking,0,2,10,centroid_nearest_squared,79.37004089355469,higher,79.37004089355469,non_thinking,10,730.5064086914062,higher,730.5064086914062,-651.1363677978516
Qwen3-8B,native_thinking,0,2,10,fisher_nearest,0.117777526696733,higher,0.117777526696733,non_thinking,10,0.1789509000072486,higher,0.1789509000072486,-0.06117337331051559
Qwen3-8B,native_thinking,0,2,10,min_bhattacharyya,0.7973779439926147,higher,0.7973779439926147,non_thinking,10,0.9027124643325806,higher,0.9027124643325806,-0.10533452033996582
Qwen3-8B,native_thinking,0,2,10,mean_bhattacharyya,2.000204583009084,higher,2.000204583009084,non_thinking,10,2.4665505588054657,higher,2.4665505588054657,-0.4663459757963815
Qwen3-8B,native_thinking,0,2,10,nc2_class_cosine_deviation,0.4078859727093835,lower,-0.4078859727093835,non_thinking,10,0.6475760198577686,lower,-0.6475760198577686,0.2396900471483851
Qwen3-8B,native_thinking,0,3,9,logistic_precision,0.23076923076923078,higher,0.23076923076923078,non_thinking,10,0.25,higher,0.25,-0.019230769230769218
Qwen3-8B,native_thinking,0,3,9,logistic_recall,0.3333333333333333,higher,0.3333333333333333,non_thinking,10,0.3,higher,0.3,0.033333333333333326
Qwen3-8B,native_thinking,0,3,9,logistic_f1,0.2727272727272727,higher,0.2727272727272727,non_thinking,10,0.2727272727272727,higher,0.2727272727272727,0.0
Qwen3-8B,native_thinking,0,3,9,ncc_recall,0.3333333333333333,higher,0.3333333333333333,non_thinking,10,0.2,higher,0.2,0.1333333333333333
Qwen3-8B,native_thinking,0,3,9,silhouette_cosine,-0.21268099546432495,higher,-0.21268099546432495,non_thinking,10,-0.13121965527534485,higher,-0.13121965527534485,-0.0814613401889801
Qwen3-8B,native_thinking,0,3,9,within_trace,2875.315673828125,lower,-2875.315673828125,non_thinking,10,3404.7412109375,lower,-3404.7412109375,529.425537109375
Qwen3-8B,native_thinking,0,3,9,class_nc1_ratio,10.178077294264702,lower,-10.178077294264702,non_thinking,10,8.007042293209361,lower,-8.007042293209361,-2.1710350010553405
Qwen3-8B,native_thinking,0,3,9,centroid_nearest_squared,182.84326171875,higher,182.84326171875,non_thinking,10,524.0820922851562,higher,524.0820922851562,-341.23883056640625
Qwen3-8B,native_thinking,0,3,9,fisher_nearest,0.06359067401991272,higher,0.06359067401991272,non_thinking,10,0.15392714447770012,higher,0.15392714447770012,-0.0903364704577874
Qwen3-8B,native_thinking,0,3,9,min_bhattacharyya,0.8449361249804497,higher,0.8449361249804497,non_thinking,10,0.9027124643325806,higher,0.9027124643325806,-0.05777633935213089
Qwen3-8B,native_thinking,0,3,9,mean_bhattacharyya,2.0236412659287453,higher,2.0236412659287453,non_thinking,10,1.814747366640303,higher,1.814747366640303,0.20889389928844238
Qwen3-8B,native_thinking,0,3,9,nc2_class_cosine_deviation,0.3798101375132431,lower,-0.3798101375132431,non_thinking,10,0.5357379473193927,lower,-0.5357379473193927,0.15592780980614962
Qwen3-8B,native_thinking,0,4,9,logistic_precision,0.2,higher,0.2,non_thinking,10,0.3,higher,0.3,-0.09999999999999998
Qwen3-8B,native_thinking,0,4,9,logistic_recall,0.1111111111111111,higher,0.1111111111111111,non_thinking,10,0.3,higher,0.3,-0.18888888888888888
Qwen3-8B,native_thinking,0,4,9,logistic_f1,0.14285714285714285,higher,0.14285714285714285,non_thinking,10,0.3,higher,0.3,-0.15714285714285714
Qwen3-8B,native_thinking,0,4,9,ncc_recall,0.0,higher,0.0,non_thinking,10,0.2,higher,0.2,-0.2
Qwen3-8B,native_thinking,0,4,9,silhouette_cosine,-0.2688713073730469,higher,-0.2688713073730469,non_thinking,10,-0.2011919915676117,higher,-0.2011919915676117,-0.06767931580543518
Qwen3-8B,native_thinking,0,4,9,within_trace,2300.71484375,lower,-2300.71484375,non_thinking,10,3489.717529296875,lower,-3489.717529296875,1189.002685546875
Qwen3-8B,native_thinking,0,4,9,class_nc1_ratio,24.290056060236513,lower,-24.290056060236513,non_thinking,10,29.850209296531155,lower,-29.850209296531155,5.560153236294642
Qwen3-8B,native_thinking,0,4,9,centroid_nearest_squared,136.57089233398438,higher,136.57089233398438,non_thinking,10,138.16664123535156,higher,138.16664123535156,-1.5957489013671875
Qwen3-8B,native_thinking,0,4,9,fisher_nearest,0.05936019959404601,higher,0.05936019959404601,non_thinking,10,0.0395924999875821,higher,0.0395924999875821,0.019767699606463907
Qwen3-8B,native_thinking,0,4,9,min_bhattacharyya,0.7207906991243362,higher,0.7207906991243362,non_thinking,10,0.5706138461828232,higher,0.5706138461828232,0.15017685294151306
Qwen3-8B,native_thinking,0,4,9,mean_bhattacharyya,1.4340407161249056,higher,1.4340407161249056,non_thinking,10,1.3787203811936908,higher,1.3787203811936908,0.0553203349312148
Qwen3-8B,native_thinking,0,4,9,nc2_class_cosine_deviation,0.45394227994076997,lower,-0.45394227994076997,non_thinking,10,0.12912518356317357,lower,-0.12912518356317357,-0.32481709637759637
Qwen3-8B,native_thinking,0,5,9,logistic_precision,0.2,higher,0.2,non_thinking,10,0.375,higher,0.375,-0.175
Qwen3-8B,native_thinking,0,5,9,logistic_recall,0.2222222222222222,higher,0.2222222222222222,non_thinking,10,0.3,higher,0.3,-0.07777777777777778
Qwen3-8B,native_thinking,0,5,9,logistic_f1,0.21052631578947367,higher,0.21052631578947367,non_thinking,10,0.3333333333333333,higher,0.3333333333333333,-0.12280701754385964
Qwen3-8B,native_thinking,0,5,9,ncc_recall,0.1111111111111111,higher,0.1111111111111111,non_thinking,10,0.2,higher,0.2,-0.0888888888888889
Qwen3-8B,native_thinking,0,5,9,silhouette_cosine,-0.19397535920143127,higher,-0.19397535920143127,non_thinking,10,-0.1873675286769867,higher,-0.1873675286769867,-0.00660783052444458
Qwen3-8B,native_thinking,0,5,9,within_trace,841.0108642578125,lower,-841.0108642578125,non_thinking,10,3558.919677734375,lower,-3558.919677734375,2717.9088134765625
Qwen3-8B,native_thinking,0,5,9,class_nc1_ratio,15.26409255186272,lower,-15.26409255186272,non_thinking,10,16.507194439854764,lower,-16.507194439854764,1.2431018879920437
Qwen3-8B,native_thinking,0,5,9,centroid_nearest_squared,31.28139305114746,higher,31.28139305114746,non_thinking,10,138.16664123535156,higher,138.16664123535156,-106.8852481842041
Qwen3-8B,native_thinking,0,5,9,fisher_nearest,0.037194992812314163,higher,0.037194992812314163,non_thinking,10,0.03882263544742574,higher,0.03882263544742574,-0.00162764263511158
Qwen3-8B,native_thinking,0,5,9,min_bhattacharyya,0.7973779439926147,higher,0.7973779439926147,non_thinking,10,0.5706138461828232,higher,0.5706138461828232,0.22676409780979156
Qwen3-8B,native_thinking,0,5,9,mean_bhattacharyya,1.645231283373303,higher,1.645231283373303,non_thinking,10,1.5493754314051733,higher,1.5493754314051733,0.09585585196812962
Qwen3-8B,native_thinking,0,5,9,nc2_class_cosine_deviation,0.4727897121582503,lower,-0.4727897121582503,non_thinking,10,0.4155994419146467,lower,-0.4155994419146467,-0.05719027024360357
Qwen3-8B,native_thinking,0,6,9,logistic_precision,0.25,higher,0.25,non_thinking,10,0.0,higher,0.0,0.25
Qwen3-8B,native_thinking,0,6,9,logistic_recall,0.1111111111111111,higher,0.1111111111111111,non_thinking,10,0.0,higher,0.0,0.1111111111111111
Qwen3-8B,native_thinking,0,6,9,logistic_f1,0.15384615384615385,higher,0.15384615384615385,non_thinking,10,0.0,higher,0.0,0.15384615384615385
Qwen3-8B,native_thinking,0,6,9,ncc_recall,0.0,higher,0.0,non_thinking,10,0.1,higher,0.1,-0.1
Qwen3-8B,native_thinking,0,6,9,silhouette_cosine,-0.2513637840747833,higher,-0.2513637840747833,non_thinking,10,-0.1775943785905838,higher,-0.1775943785905838,-0.07376940548419952
Qwen3-8B,native_thinking,0,6,9,within_trace,902.97705078125,lower,-902.97705078125,non_thinking,10,1888.1690673828125,lower,-1888.1690673828125,985.1920166015625
Qwen3-8B,native_thinking,0,6,9,class_nc1_ratio,37.05566490123593,lower,-37.05566490123593,non_thinking,10,7.260039858542442,lower,-7.260039858542442,-29.795625042693487
Qwen3-8B,native_thinking,0,6,9,centroid_nearest_squared,46.13071060180664,higher,46.13071060180664,non_thinking,10,147.97328186035156,higher,147.97328186035156,-101.84257125854492
Qwen3-8B,native_thinking,0,6,9,fisher_nearest,0.05108735660767308,higher,0.05108735660767308,non_thinking,10,0.07836866116309014,higher,0.07836866116309014,-0.027281304555417066
Qwen3-8B,native_thinking,0,6,9,min_bhattacharyya,0.6348424255847931,higher,0.6348424255847931,non_thinking,10,0.5054949373006821,higher,0.5054949373006821,0.12934748828411102
Qwen3-8B,native_thinking,0,6,9,mean_bhattacharyya,1.2922616634103987,higher,1.2922616634103987,non_thinking,10,1.584967378113005,higher,1.584967378113005,-0.2927057147026062
Qwen3-8B,native_thinking,0,6,9,nc2_class_cosine_deviation,0.22076248660407682,lower,-0.22076248660407682,non_thinking,10,0.6989279767429388,lower,-0.6989279767429388,0.478165490138862
Qwen3-8B,native_thinking,0,7,9,logistic_precision,0.16666666666666666,higher,0.16666666666666666,non_thinking,10,0.1,higher,0.1,0.06666666666666665
Qwen3-8B,native_thinking,0,7,9,logistic_recall,0.1111111111111111,higher,0.1111111111111111,non_thinking,10,0.1,higher,0.1,0.0111111111111111
Qwen3-8B,native_thinking,0,7,9,logistic_f1,0.13333333333333333,higher,0.13333333333333333,non_thinking,10,0.1,higher,0.1,0.033333333333333326
Qwen3-8B,native_thinking,0,7,9,ncc_recall,0.0,higher,0.0,non_thinking,10,0.1,higher,0.1,-0.1
Qwen3-8B,native_thinking,0,7,9,silhouette_cosine,-0.24180160462856293,higher,-0.24180160462856293,non_thinking,10,-0.19826026260852814,higher,-0.19826026260852814,-0.04354134202003479
Qwen3-8B,native_thinking,0,7,9,within_trace,2744.95361328125,lower,-2744.95361328125,non_thinking,10,1935.623779296875,lower,-1935.623779296875,-809.329833984375
Qwen3-8B,native_thinking,0,7,9,class_nc1_ratio,21.258138786128594,lower,-21.258138786128594,non_thinking,10,5.435970733078086,lower,-5.435970733078086,-15.822168053050508
Qwen3-8B,native_thinking,0,7,9,centroid_nearest_squared,150.9791259765625,higher,150.9791259765625,non_thinking,10,147.97328186035156,higher,147.97328186035156,3.0058441162109375
Qwen3-8B,native_thinking,0,7,9,fisher_nearest,0.055002432553344964,higher,0.055002432553344964,non_thinking,10,0.07644733622465807,higher,0.07644733622465807,-0.02144490367131311
Qwen3-8B,native_thinking,0,7,9,min_bhattacharyya,0.7207906991243362,higher,0.7207906991243362,non_thinking,10,0.5054949373006821,higher,0.5054949373006821,0.21529576182365417
Qwen3-8B,native_thinking,0,7,9,mean_bhattacharyya,2.04215630557802,higher,2.04215630557802,non_thinking,10,1.6238805039061441,higher,1.6238805039061441,0.41827580167187595
Qwen3-8B,native_thinking,0,7,9,nc2_class_cosine_deviation,0.2812752867186511,lower,-0.2812752867186511,non_thinking,10,0.6246294568718215,lower,-0.6246294568718215,0.3433541701531704
Qwen3-8B,native_thinking,0,8,9,logistic_precision,0.18181818181818182,higher,0.18181818181818182,non_thinking,10,0.16666666666666666,higher,0.16666666666666666,0.015151515151515166
Qwen3-8B,native_thinking,0,8,9,logistic_recall,0.2222222222222222,higher,0.2222222222222222,non_thinking,10,0.2,higher,0.2,0.0222222222222222
Qwen3-8B,native_thinking,0,8,9,logistic_f1,0.2,higher,0.2,non_thinking,10,0.18181818181818182,higher,0.18181818181818182,0.018181818181818188
Qwen3-8B,native_thinking,0,8,9,ncc_recall,0.3333333333333333,higher,0.3333333333333333,non_thinking,10,0.3,higher,0.3,0.033333333333333326
Qwen3-8B,native_thinking,0,8,9,silhouette_cosine,-0.21342481672763824,higher,-0.21342481672763824,non_thinking,10,-0.04340602830052376,higher,-0.04340602830052376,-0.1700187884271145
Qwen3-8B,native_thinking,0,8,9,within_trace,842.53076171875,lower,-842.53076171875,non_thinking,10,1668.0994873046875,lower,-1668.0994873046875,825.5687255859375
Qwen3-8B,native_thinking,0,8,9,class_nc1_ratio,13.206653460116364,lower,-13.206653460116364,non_thinking,10,3.2002694437435153,lower,-3.2002694437435153,-10.006384016372849
Qwen3-8B,native_thinking,0,8,9,centroid_nearest_squared,49.60028076171875,higher,49.60028076171875,non_thinking,10,262.0130615234375,higher,262.0130615234375,-212.41278076171875
Qwen3-8B,native_thinking,0,8,9,fisher_nearest,0.05887058730121014,higher,0.05887058730121014,non_thinking,10,0.15707280262210127,higher,0.15707280262210127,-0.09820221532089113
Qwen3-8B,native_thinking,0,8,9,min_bhattacharyya,0.6348424255847931,higher,0.6348424255847931,non_thinking,10,0.5493250489234924,higher,0.5493250489234924,0.08551737666130066
Qwen3-8B,native_thinking,0,8,9,mean_bhattacharyya,1.4429221815533109,higher,1.4429221815533109,non_thinking,10,2.015855688187811,higher,2.015855688187811,-0.5729335066345
Qwen3-8B,native_thinking,0,8,9,nc2_class_cosine_deviation,0.42524323290512883,lower,-0.42524323290512883,non_thinking,10,0.5645210593019002,lower,-0.5645210593019002,0.1392778263967714
Qwen3-8B,native_thinking,0,9,9,logistic_precision,0.07692307692307693,higher,0.07692307692307693,non_thinking,10,0.2222222222222222,higher,0.2222222222222222,-0.14529914529914528
Qwen3-8B,native_thinking,0,9,9,logistic_recall,0.1111111111111111,higher,0.1111111111111111,non_thinking,10,0.2,higher,0.2,-0.0888888888888889
Qwen3-8B,native_thinking,0,9,9,logistic_f1,0.09090909090909091,higher,0.09090909090909091,non_thinking,10,0.21052631578947367,higher,0.21052631578947367,-0.11961722488038276
Qwen3-8B,native_thinking,0,9,9,ncc_recall,0.0,higher,0.0,non_thinking,10,0.2,higher,0.2,-0.2
Qwen3-8B,native_thinking,0,9,9,silhouette_cosine,-0.25380226969718933,higher,-0.25380226969718933,non_thinking,10,-0.0904817059636116,higher,-0.0904817059636116,-0.16332056373357773
Qwen3-8B,native_thinking,0,9,9,within_trace,1461.997314453125,lower,-1461.997314453125,non_thinking,10,1439.559814453125,lower,-1439.559814453125,-22.4375
Qwen3-8B,native_thinking,0,9,9,class_nc1_ratio,28.13162660750775,lower,-28.13162660750775,non_thinking,10,2.5243512941078294,lower,-2.5243512941078294,-25.60727531339992
Qwen3-8B,native_thinking,0,9,9,centroid_nearest_squared,59.606910705566406,higher,59.606910705566406,non_thinking,10,193.335693359375,higher,193.335693359375,-133.7287826538086
Qwen3-8B,native_thinking,0,9,9,fisher_nearest,0.04077087564819706,higher,0.04077087564819706,non_thinking,10,0.13430195217891755,higher,0.13430195217891755,-0.09353107653072049
Qwen3-8B,native_thinking,0,9,9,min_bhattacharyya,0.6357530802488327,higher,0.6357530802488327,non_thinking,10,0.6164584308862686,higher,0.6164584308862686,0.019294649362564087
Qwen3-8B,native_thinking,0,9,9,mean_bhattacharyya,1.1253815467158954,higher,1.1253815467158954,non_thinking,10,2.079908534884453,higher,2.079908534884453,-0.9545269881685574
Qwen3-8B,native_thinking,0,9,9,nc2_class_cosine_deviation,0.23533245498015556,lower,-0.23533245498015556,non_thinking,10,0.6157381939299312,lower,-0.6157381939299312,0.3804057389497757
Qwen3-8B,native_thinking,0,10,9,logistic_precision,0.0,higher,0.0,non_thinking,10,0.35714285714285715,higher,0.35714285714285715,-0.35714285714285715
Qwen3-8B,native_thinking,0,10,9,logistic_recall,0.0,higher,0.0,non_thinking,10,0.5,higher,0.5,-0.5
Qwen3-8B,native_thinking,0,10,9,logistic_f1,0.0,higher,0.0,non_thinking,10,0.4166666666666667,higher,0.4166666666666667,-0.4166666666666667
Qwen3-8B,native_thinking,0,10,9,ncc_recall,0.0,higher,0.0,non_thinking,10,0.6,higher,0.6,-0.6
Qwen3-8B,native_thinking,0,10,9,silhouette_cosine,-0.2177082747220993,higher,-0.2177082747220993,non_thinking,10,-0.07724728435277939,higher,-0.07724728435277939,-0.14046099036931992
Qwen3-8B,native_thinking,0,10,9,within_trace,1746.15185546875,lower,-1746.15185546875,non_thinking,10,2314.996826171875,lower,-2314.996826171875,568.844970703125
Qwen3-8B,native_thinking,0,10,9,class_nc1_ratio,18.319291990229416,lower,-18.319291990229416,non_thinking,10,3.7410162032207688,lower,-3.7410162032207688,-14.578275787008648
Qwen3-8B,native_thinking,0,10,9,centroid_nearest_squared,109.29476928710938,higher,109.29476928710938,non_thinking,10,157.5056915283203,higher,157.5056915283203,-48.21092224121094
Qwen3-8B,native_thinking,0,10,9,fisher_nearest,0.06259178945107811,higher,0.06259178945107811,non_thinking,10,0.06803710905676483,higher,0.06803710905676483,-0.005445319605686713
Qwen3-8B,native_thinking,0,10,9,min_bhattacharyya,0.8118053078651428,higher,0.8118053078651428,non_thinking,10,0.6164584308862686,higher,0.6164584308862686,0.1953468769788742
Qwen3-8B,native_thinking,0,10,9,mean_bhattacharyya,1.3904452042447195,higher,1.3904452042447195,non_thinking,10,2.009505248732037,higher,2.009505248732037,-0.6190600444873176
Qwen3-8B,native_thinking,0,10,9,nc2_class_cosine_deviation,0.1713280654684813,lower,-0.1713280654684813,non_thinking,10,0.7109760947433519,lower,-0.7109760947433519,0.5396480292748705
Qwen3-8B,native_thinking,1,1,10,logistic_precision,0.26666666666666666,higher,0.26666666666666666,non_thinking,10,0.8181818181818182,higher,0.8181818181818182,-0.5515151515151515
Qwen3-8B,native_thinking,1,1,10,logistic_recall,0.4,higher,0.4,non_thinking,10,0.9,higher,0.9,-0.5
Qwen3-8B,native_thinking,1,1,10,logistic_f1,0.32,higher,0.32,non_thinking,10,0.8571428571428571,higher,0.8571428571428571,-0.5371428571428571
Qwen3-8B,native_thinking,1,1,10,ncc_recall,0.3,higher,0.3,non_thinking,10,1.0,higher,1.0,-0.7
Qwen3-8B,native_thinking,1,1,10,silhouette_cosine,-0.1577579379081726,higher,-0.1577579379081726,non_thinking,10,0.7938113808631897,higher,0.7938113808631897,-0.9515693187713623
Qwen3-8B,native_thinking,1,1,10,within_trace,2704.357421875,lower,-2704.357421875,non_thinking,10,1904.775390625,lower,-1904.775390625,-799.58203125
Qwen3-8B,native_thinking,1,1,10,class_nc1_ratio,13.386837426597738,lower,-13.386837426597738,non_thinking,10,0.17584009589070687,lower,-0.17584009589070687,-13.210997330707032
Qwen3-8B,native_thinking,1,1,10,centroid_nearest_squared,209.40756225585938,higher,209.40756225585938,non_thinking,10,6363.49951171875,higher,6363.49951171875,-6154.091949462891
Qwen3-8B,native_thinking,1,1,10,fisher_nearest,0.07743338974427122,higher,0.07743338974427122,non_thinking,10,3.3408135904311225,higher,3.3408135904311225,-3.2633802006868513
Qwen3-8B,native_thinking,1,1,10,min_bhattacharyya,1.264933779835701,higher,1.264933779835701,non_thinking,10,4.305382490158081,higher,4.305382490158081,-3.04044871032238
Qwen3-8B,native_thinking,1,1,10,mean_bhattacharyya,1.605662688612938,higher,1.605662688612938,non_thinking,10,20.84119380844964,higher,20.84119380844964,-19.2355311198367
Qwen3-8B,native_thinking,1,1,10,nc2_class_cosine_deviation,0.1834436099010485,lower,-0.1834436099010485,non_thinking,10,0.6812901213581178,lower,-0.6812901213581178,0.4978465114570694
Qwen3-8B,native_thinking,1,2,10,logistic_precision,0.5,higher,0.5,non_thinking,10,0.5384615384615384,higher,0.5384615384615384,-0.038461538461538436
Qwen3-8B,native_thinking,1,2,10,logistic_recall,0.1,higher,0.1,non_thinking,10,0.7,higher,0.7,-0.6
Qwen3-8B,native_thinking,1,2,10,logistic_f1,0.16666666666666666,higher,0.16666666666666666,non_thinking,10,0.6086956521739131,higher,0.6086956521739131,-0.44202898550724645
Qwen3-8B,native_thinking,1,2,10,ncc_recall,0.0,higher,0.0,non_thinking,10,0.6,higher,0.6,-0.6
Qwen3-8B,native_thinking,1,2,10,silhouette_cosine,-0.11019513756036758,higher,-0.11019513756036758,non_thinking,10,-0.3354071080684662,higher,-0.3354071080684662,0.2252119705080986
Qwen3-8B,native_thinking,1,2,10,within_trace,1093.8450927734375,lower,-1093.8450927734375,non_thinking,10,3731.734375,lower,-3731.734375,2637.8892822265625
Qwen3-8B,native_thinking,1,2,10,class_nc1_ratio,8.946182235482238,lower,-8.946182235482238,non_thinking,10,3.002571879732163,lower,-3.002571879732163,-5.943610355750075
Qwen3-8B,native_thinking,1,2,10,centroid_nearest_squared,94.72346496582031,higher,94.72346496582031,non_thinking,10,1758.0098876953125,higher,1758.0098876953125,-1663.2864227294922
Qwen3-8B,native_thinking,1,2,10,fisher_nearest,0.0865967819315709,higher,0.0865967819315709,non_thinking,10,0.4710972730194154,higher,0.4710972730194154,-0.3845004910878445
Qwen3-8B,native_thinking,1,2,10,min_bhattacharyya,1.1077089607715607,higher,1.1077089607715607,non_thinking,10,1.5156071186065674,higher,1.5156071186065674,-0.4078981578350067
Qwen3-8B,native_thinking,1,2,10,mean_bhattacharyya,1.716488790180948,higher,1.716488790180948,non_thinking,10,3.5887193944719105,higher,3.5887193944719105,-1.8722306042909624
Qwen3-8B,native_thinking,1,2,10,nc2_class_cosine_deviation,0.24717670421541474,lower,-0.24717670421541474,non_thinking,10,0.6263770656085309,lower,-0.6263770656085309,0.3792003613931162
Qwen3-8B,native_thinking,1,3,9,logistic_precision,0.2,higher,0.2,non_thinking,10,0.2,higher,0.2,0.0
Qwen3-8B,native_thinking,1,3,9,logistic_recall,0.2222222222222222,higher,0.2222222222222222,non_thinking,10,0.2,higher,0.2,0.0222222222222222
Qwen3-8B,native_thinking,1,3,9,logistic_f1,0.21052631578947367,higher,0.21052631578947367,non_thinking,10,0.2,higher,0.2,0.010526315789473661
Qwen3-8B,native_thinking,1,3,9,ncc_recall,0.3333333333333333,higher,0.3333333333333333,non_thinking,10,0.1,higher,0.1,0.2333333333333333
Qwen3-8B,native_thinking,1,3,9,silhouette_cosine,-0.17531929910182953,higher,-0.17531929910182953,non_thinking,10,-0.05555273965001106,higher,-0.05555273965001106,-0.11976655945181847
Qwen3-8B,native_thinking,1,3,9,within_trace,1983.6951904296875,lower,-1983.6951904296875,non_thinking,10,2783.164794921875,lower,-2783.164794921875,799.4696044921875
Qwen3-8B,native_thinking,1,3,9,class_nc1_ratio,11.039302395976295,lower,-11.039302395976295,non_thinking,10,5.096152903920658,lower,-5.096152903920658,-5.943149492055636
Qwen3-8B,native_thinking,1,3,9,centroid_nearest_squared,169.30294799804688,higher,169.30294799804688,non_thinking,10,287.4703674316406,higher,287.4703674316406,-118.16741943359375
Qwen3-8B,native_thinking,1,3,9,fisher_nearest,0.0853472594049967,higher,0.0853472594049967,non_thinking,10,0.10328902117336178,higher,0.10328902117336178,-0.01794176176836508
Qwen3-8B,native_thinking,1,3,9,min_bhattacharyya,0.7861596196889877,higher,0.7861596196889877,non_thinking,10,0.9938213229179382,higher,0.9938213229179382,-0.2076617032289505
Qwen3-8B,native_thinking,1,3,9,mean_bhattacharyya,1.4655785610278447,higher,1.4655785610278447,non_thinking,10,3.1925134460131326,higher,3.1925134460131326,-1.726934884985288
Qwen3-8B,native_thinking,1,3,9,nc2_class_cosine_deviation,0.23251432520739826,lower,-0.23251432520739826,non_thinking,10,0.2799032187020337,lower,-0.2799032187020337,0.04738889349463546
Qwen3-8B,native_thinking,1,4,9,logistic_precision,0.07692307692307693,higher,0.07692307692307693,non_thinking,10,0.25,higher,0.25,-0.17307692307692307
Qwen3-8B,native_thinking,1,4,9,logistic_recall,0.1111111111111111,higher,0.1111111111111111,non_thinking,10,0.2,higher,0.2,-0.0888888888888889
Qwen3-8B,native_thinking,1,4,9,logistic_f1,0.09090909090909091,higher,0.09090909090909091,non_thinking,10,0.2222222222222222,higher,0.2222222222222222,-0.1313131313131313
Qwen3-8B,native_thinking,1,4,9,ncc_recall,0.0,higher,0.0,non_thinking,10,0.4,higher,0.4,-0.4
Qwen3-8B,native_thinking,1,4,9,silhouette_cosine,-0.2154274433851242,higher,-0.2154274433851242,non_thinking,10,-0.194196417927742,higher,-0.194196417927742,-0.021231025457382202
Qwen3-8B,native_thinking,1,4,9,within_trace,2225.323486328125,lower,-2225.323486328125,non_thinking,10,2249.144775390625,lower,-2249.144775390625,23.8212890625
Qwen3-8B,native_thinking,1,4,9,class_nc1_ratio,27.02060474252738,lower,-27.02060474252738,non_thinking,10,5.5659554935008755,lower,-5.5659554935008755,-21.454649249026502
Qwen3-8B,native_thinking,1,4,9,centroid_nearest_squared,133.30242919921875,higher,133.30242919921875,non_thinking,10,132.10134887695312,higher,132.10134887695312,1.201080322265625
Qwen3-8B,native_thinking,1,4,9,fisher_nearest,0.05990249508361287,higher,0.05990249508361287,non_thinking,10,0.05873403540864111,higher,0.05873403540864111,0.0011684596749717557
Qwen3-8B,native_thinking,1,4,9,min_bhattacharyya,0.5773597881197929,higher,0.5773597881197929,non_thinking,10,0.6000258177518845,higher,0.6000258177518845,-0.022666029632091522
Qwen3-8B,native_thinking,1,4,9,mean_bhattacharyya,1.3576436423593097,higher,1.3576436423593097,non_thinking,10,3.58565297557248,higher,3.58565297557248,-2.2280093332131705
Qwen3-8B,native_thinking,1,4,9,nc2_class_cosine_deviation,0.3382877418656408,lower,-0.3382877418656408,non_thinking,10,0.6218809671240089,lower,-0.6218809671240089,0.28359322525836805
Qwen3-8B,native_thinking,1,5,9,logistic_precision,0.1111111111111111,higher,0.1111111111111111,non_thinking,10,0.2,higher,0.2,-0.0888888888888889
Qwen3-8B,native_thinking,1,5,9,logistic_recall,0.1111111111111111,higher,0.1111111111111111,non_thinking,10,0.2,higher,0.2,-0.0888888888888889
Qwen3-8B,native_thinking,1,5,9,logistic_f1,0.1111111111111111,higher,0.1111111111111111,non_thinking,10,0.2,higher,0.2,-0.0888888888888889
Qwen3-8B,native_thinking,1,5,9,ncc_recall,0.0,higher,0.0,non_thinking,10,0.1,higher,0.1,-0.1
Qwen3-8B,native_thinking,1,5,9,silhouette_cosine,-0.11920886486768723,higher,-0.11920886486768723,non_thinking,10,-0.32156574726104736,higher,-0.32156574726104736,0.20235688239336014
Qwen3-8B,native_thinking,1,5,9,within_trace,685.6497802734375,lower,-685.6497802734375,non_thinking,10,2935.340576171875,lower,-2935.340576171875,2249.6907958984375
Qwen3-8B,native_thinking,1,5,9,class_nc1_ratio,16.59853973017205,lower,-16.59853973017205,non_thinking,10,10.026028074045756,lower,-10.026028074045756,-6.572511656126293
Qwen3-8B,native_thinking,1,5,9,centroid_nearest_squared,26.418460845947266,higher,26.418460845947266,non_thinking,10,109.40986633300781,higher,109.40986633300781,-82.99140548706055
Qwen3-8B,native_thinking,1,5,9,fisher_nearest,0.03853054665227424,higher,0.03853054665227424,non_thinking,10,0.03727331241259054,higher,0.03727331241259054,0.0012572342396836994
Qwen3-8B,native_thinking,1,5,9,min_bhattacharyya,0.55978924036026,higher,0.55978924036026,non_thinking,10,0.6000258177518845,higher,0.6000258177518845,-0.04023657739162445
Qwen3-8B,native_thinking,1,5,9,mean_bhattacharyya,2.005169330371751,higher,2.005169330371751,non_thinking,10,2.596280910074711,higher,2.596280910074711,-0.59111157970296
Qwen3-8B,native_thinking,1,5,9,nc2_class_cosine_deviation,0.3526437651871899,lower,-0.3526437651871899,non_thinking,10,0.7254653411147035,lower,-0.7254653411147035,0.37282157592751364
Qwen3-8B,native_thinking,1,6,9,logistic_precision,0.09090909090909091,higher,0.09090909090909091,non_thinking,10,0.4,higher,0.4,-0.3090909090909091
Qwen3-8B,native_thinking,1,6,9,logistic_recall,0.1111111111111111,higher,0.1111111111111111,non_thinking,10,0.2,higher,0.2,-0.0888888888888889
Qwen3-8B,native_thinking,1,6,9,logistic_f1,0.1,higher,0.1,non_thinking,10,0.26666666666666666,higher,0.26666666666666666,-0.16666666666666666
Qwen3-8B,native_thinking,1,6,9,ncc_recall,0.0,higher,0.0,non_thinking,10,0.0,higher,0.0,0.0
Qwen3-8B,native_thinking,1,6,9,silhouette_cosine,-0.19216899573802948,higher,-0.19216899573802948,non_thinking,10,-0.2413157969713211,higher,-0.2413157969713211,0.049146801233291626
Qwen3-8B,native_thinking,1,6,9,within_trace,1060.542724609375,lower,-1060.542724609375,non_thinking,10,1262.0872802734375,lower,-1262.0872802734375,201.5445556640625
Qwen3-8B,native_thinking,1,6,9,class_nc1_ratio,21.97640453881209,lower,-21.97640453881209,non_thinking,10,4.711957903301084,lower,-4.711957903301084,-17.264446635511007
Qwen3-8B,native_thinking,1,6,9,centroid_nearest_squared,59.74816131591797,higher,59.74816131591797,non_thinking,10,72.12384033203125,higher,72.12384033203125,-12.375679016113281
Qwen3-8B,native_thinking,1,6,9,fisher_nearest,0.05633734495507924,higher,0.05633734495507924,non_thinking,10,0.05714647588905679,higher,0.05714647588905679,-0.0008091309339775463
Qwen3-8B,native_thinking,1,6,9,min_bhattacharyya,0.6530693024396896,higher,0.6530693024396896,non_thinking,10,0.4212503433227539,higher,0.4212503433227539,0.23181895911693573
Qwen3-8B,native_thinking,1,6,9,mean_bhattacharyya,1.4085219237539504,higher,1.4085219237539504,non_thinking,10,3.715946358939012,higher,3.715946358939012,-2.3074244351850615
Qwen3-8B,native_thinking,1,6,9,nc2_class_cosine_deviation,0.19496442782290188,lower,-0.19496442782290188,non_thinking,10,0.818957476520244,lower,-0.818957476520244,0.6239930486973421
Qwen3-8B,native_thinking,1,7,9,logistic_precision,0.2222222222222222,higher,0.2222222222222222,non_thinking,10,0.5384615384615384,higher,0.5384615384615384,-0.3162393162393162
Qwen3-8B,native_thinking,1,7,9,logistic_recall,0.2222222222222222,higher,0.2222222222222222,non_thinking,10,0.7,higher,0.7,-0.47777777777777775
Qwen3-8B,native_thinking,1,7,9,logistic_f1,0.2222222222222222,higher,0.2222222222222222,non_thinking,10,0.6086956521739131,higher,0.6086956521739131,-0.38647342995169087
Qwen3-8B,native_thinking,1,7,9,ncc_recall,0.0,higher,0.0,non_thinking,10,0.3,higher,0.3,-0.3
Qwen3-8B,native_thinking,1,7,9,silhouette_cosine,-0.19464011490345,higher,-0.19464011490345,non_thinking,10,-0.23391897976398468,higher,-0.23391897976398468,0.03927886486053467
Qwen3-8B,native_thinking,1,7,9,within_trace,2690.1494140625,lower,-2690.1494140625,non_thinking,10,1240.5341796875,lower,-1240.5341796875,-1449.615234375
Qwen3-8B,native_thinking,1,7,9,class_nc1_ratio,15.832954615314943,lower,-15.832954615314943,non_thinking,10,2.9246554760432355,lower,-2.9246554760432355,-12.908299139271708
Qwen3-8B,native_thinking,1,7,9,centroid_nearest_squared,243.84774780273438,higher,243.84774780273438,non_thinking,10,72.12384033203125,higher,72.12384033203125,171.72390747070312
Qwen3-8B,native_thinking,1,7,9,fisher_nearest,0.09064468558067573,higher,0.09064468558067573,non_thinking,10,0.05813934151350815,higher,0.05813934151350815,0.03250534406716758
Qwen3-8B,native_thinking,1,7,9,min_bhattacharyya,0.8179574385285378,higher,0.8179574385285378,non_thinking,10,0.4212503433227539,higher,0.4212503433227539,0.39670709520578384
Qwen3-8B,native_thinking,1,7,9,mean_bhattacharyya,1.7456713111864195,higher,1.7456713111864195,non_thinking,10,3.902934945291943,higher,3.902934945291943,-2.1572636341055236
Qwen3-8B,native_thinking,1,7,9,nc2_class_cosine_deviation,0.14046954805100403,lower,-0.14046954805100403,non_thinking,10,0.752714142755226,lower,-0.752714142755226,0.6122445947042219
Qwen3-8B,native_thinking,1,8,9,logistic_precision,0.0,higher,0.0,non_thinking,10,0.5,higher,0.5,-0.5
Qwen3-8B,native_thinking,1,8,9,logistic_recall,0.0,higher,0.0,non_thinking,10,0.2,higher,0.2,-0.2
Qwen3-8B,native_thinking,1,8,9,logistic_f1,0.0,higher,0.0,non_thinking,10,0.2857142857142857,higher,0.2857142857142857,-0.2857142857142857
Qwen3-8B,native_thinking,1,8,9,ncc_recall,0.1111111111111111,higher,0.1111111111111111,non_thinking,10,0.2,higher,0.2,-0.0888888888888889
Qwen3-8B,native_thinking,1,8,9,silhouette_cosine,-0.1802489161491394,higher,-0.1802489161491394,non_thinking,10,-0.15808555483818054,higher,-0.15808555483818054,-0.022163361310958862
Qwen3-8B,native_thinking,1,8,9,within_trace,736.1279296875,lower,-736.1279296875,non_thinking,10,1277.049560546875,lower,-1277.049560546875,540.921630859375
Qwen3-8B,native_thinking,1,8,9,class_nc1_ratio,12.277303761047305,lower,-12.277303761047305,non_thinking,10,3.332978631884712,lower,-3.332978631884712,-8.944325129162593
Qwen3-8B,native_thinking,1,8,9,centroid_nearest_squared,26.418460845947266,higher,26.418460845947266,non_thinking,10,161.49462890625,higher,161.49462890625,-135.07616806030273
Qwen3-8B,native_thinking,1,8,9,fisher_nearest,0.03588840985446971,higher,0.03588840985446971,non_thinking,10,0.12645917112025992,higher,0.12645917112025992,-0.09057076126579021
Qwen3-8B,native_thinking,1,8,9,min_bhattacharyya,0.55978924036026,higher,0.55978924036026,non_thinking,10,0.6197724938392639,higher,0.6197724938392639,-0.059983253479003906
Qwen3-8B,native_thinking,1,8,9,mean_bhattacharyya,1.5541219810644786,higher,1.5541219810644786,non_thinking,10,4.332493252224392,higher,4.332493252224392,-2.778371271159913
Qwen3-8B,native_thinking,1,8,9,nc2_class_cosine_deviation,0.40051116472409093,lower,-0.40051116472409093,non_thinking,10,0.6027249235797812,lower,-0.6027249235797812,0.20221375885569032
Qwen3-8B,native_thinking,1,9,9,logistic_precision,0.1111111111111111,higher,0.1111111111111111,non_thinking,10,0.18181818181818182,higher,0.18181818181818182,-0.07070707070707072
Qwen3-8B,native_thinking,1,9,9,logistic_recall,0.1111111111111111,higher,0.1111111111111111,non_thinking,10,0.2,higher,0.2,-0.0888888888888889
Qwen3-8B,native_thinking,1,9,9,logistic_f1,0.1111111111111111,higher,0.1111111111111111,non_thinking,10,0.19047619047619047,higher,0.19047619047619047,-0.07936507936507936
Qwen3-8B,native_thinking,1,9,9,ncc_recall,0.0,higher,0.0,non_thinking,10,0.2,higher,0.2,-0.2
Qwen3-8B,native_thinking,1,9,9,silhouette_cosine,-0.19244985282421112,higher,-0.19244985282421112,non_thinking,10,-0.1194259375333786,higher,-0.1194259375333786,-0.07302391529083252
Qwen3-8B,native_thinking,1,9,9,within_trace,2148.009521484375,lower,-2148.009521484375,non_thinking,10,815.6181030273438,lower,-815.6181030273438,-1332.3914184570312
Qwen3-8B,native_thinking,1,9,9,class_nc1_ratio,16.871112141330848,lower,-16.871112141330848,non_thinking,10,1.1286726934689266,lower,-1.1286726934689266,-15.742439447861921
Qwen3-8B,native_thinking,1,9,9,centroid_nearest_squared,133.30242919921875,higher,133.30242919921875,non_thinking,10,62.66887664794922,higher,62.66887664794922,70.63355255126953
Qwen3-8B,native_thinking,1,9,9,fisher_nearest,0.06205858394291499,higher,0.06205858394291499,non_thinking,10,0.07683605404948722,higher,0.07683605404948722,-0.014777470106572231
Qwen3-8B,native_thinking,1,9,9,min_bhattacharyya,0.5773597881197929,higher,0.5773597881197929,non_thinking,10,0.4655969589948654,higher,0.4655969589948654,0.11176282912492752
Qwen3-8B,native_thinking,1,9,9,mean_bhattacharyya,1.450274632208877,higher,1.450274632208877,non_thinking,10,5.3408616334199905,higher,5.3408616334199905,-3.8905870012111134
Qwen3-8B,native_thinking,1,9,9,nc2_class_cosine_deviation,0.24731678708835883,lower,-0.24731678708835883,non_thinking,10,0.7716946439978517,lower,-0.7716946439978517,0.5243778569094929
Qwen3-8B,native_thinking,1,10,9,logistic_precision,0.0,higher,0.0,non_thinking,10,0.4666666666666667,higher,0.4666666666666667,-0.4666666666666667
Qwen3-8B,native_thinking,1,10,9,logistic_recall,0.0,higher,0.0,non_thinking,10,0.7,higher,0.7,-0.7
Qwen3-8B,native_thinking,1,10,9,logistic_f1,0.0,higher,0.0,non_thinking,10,0.56,higher,0.56,-0.56
Qwen3-8B,native_thinking,1,10,9,ncc_recall,0.0,higher,0.0,non_thinking,10,0.5,higher,0.5,-0.5
Qwen3-8B,native_thinking,1,10,9,silhouette_cosine,-0.15578074753284454,higher,-0.15578074753284454,non_thinking,10,-0.10708276927471161,higher,-0.10708276927471161,-0.048697978258132935
Qwen3-8B,native_thinking,1,10,9,within_trace,2625.08935546875,lower,-2625.08935546875,non_thinking,10,1200.9857177734375,lower,-1200.9857177734375,-1424.1036376953125
Qwen3-8B,native_thinking,1,10,9,class_nc1_ratio,15.65855563246272,lower,-15.65855563246272,non_thinking,10,1.4923312086760376,lower,-1.4923312086760376,-14.166224423786682
Qwen3-8B,native_thinking,1,10,9,centroid_nearest_squared,197.58132934570312,higher,197.58132934570312,non_thinking,10,62.66887664794922,higher,62.66887664794922,134.9124526977539
Qwen3-8B,native_thinking,1,10,9,fisher_nearest,0.07526651576034521,higher,0.07526651576034521,non_thinking,10,0.05218120059257151,higher,0.05218120059257151,0.0230853151677737
Qwen3-8B,native_thinking,1,10,9,min_bhattacharyya,0.9210809618234634,higher,0.9210809618234634,non_thinking,10,0.4655969589948654,higher,0.4655969589948654,0.455484002828598
Qwen3-8B,native_thinking,1,10,9,mean_bhattacharyya,1.715559591849645,higher,1.715559591849645,non_thinking,10,5.104824845989545,higher,5.104824845989545,-3.3892652541399
Qwen3-8B,native_thinking,1,10,9,nc2_class_cosine_deviation,0.23444030627056403,lower,-0.23444030627056403,non_thinking,10,0.7698925820029812,lower,-0.7698925820029812,0.5354522757324172
Qwen3-8B,native_thinking,2,1,10,logistic_precision,0.8571428571428571,higher,0.8571428571428571,non_thinking,10,0.8333333333333334,higher,0.8333333333333334,0.023809523809523725
Qwen3-8B,native_thinking,2,1,10,logistic_recall,0.6,higher,0.6,non_thinking,10,1.0,higher,1.0,-0.4
Qwen3-8B,native_thinking,2,1,10,logistic_f1,0.7058823529411765,higher,0.7058823529411765,non_thinking,10,0.9090909090909091,higher,0.9090909090909091,-0.20320855614973254
Qwen3-8B,native_thinking,2,1,10,ncc_recall,0.1,higher,0.1,non_thinking,10,1.0,higher,1.0,-0.9
Qwen3-8B,native_thinking,2,1,10,silhouette_cosine,-0.11195681244134903,higher,-0.11195681244134903,non_thinking,10,0.9126497507095337,higher,0.9126497507095337,-1.0246065631508827
Qwen3-8B,native_thinking,2,1,10,within_trace,2547.77587890625,lower,-2547.77587890625,non_thinking,10,763.6988525390625,lower,-763.6988525390625,-1784.0770263671875
Qwen3-8B,native_thinking,2,1,10,class_nc1_ratio,11.390468526755784,lower,-11.390468526755784,non_thinking,10,0.08103402908133002,lower,-0.08103402908133002,-11.309434497674454
Qwen3-8B,native_thinking,2,1,10,centroid_nearest_squared,253.00283813476562,higher,253.00283813476562,non_thinking,10,6844.396484375,higher,6844.396484375,-6591.393646240234
Qwen3-8B,native_thinking,2,1,10,fisher_nearest,0.09930341213661963,higher,0.09930341213661963,non_thinking,10,8.962166777676172,higher,8.962166777676172,-8.862863365539553
Qwen3-8B,native_thinking,2,1,10,min_bhattacharyya,1.2890779376029968,higher,1.2890779376029968,non_thinking,10,12.250465393066406,higher,12.250465393066406,-10.96138745546341
Qwen3-8B,native_thinking,2,1,10,mean_bhattacharyya,1.5973062780168321,higher,1.5973062780168321,non_thinking,10,36.51632775200738,higher,36.51632775200738,-34.91902147399055
Qwen3-8B,native_thinking,2,1,10,nc2_class_cosine_deviation,0.1614459674851394,lower,-0.1614459674851394,non_thinking,10,0.6513220285191947,lower,-0.6513220285191947,0.48987606103405534
Qwen3-8B,native_thinking,2,2,10,logistic_precision,0.25,higher,0.25,non_thinking,10,0.8333333333333334,higher,0.8333333333333334,-0.5833333333333334
Qwen3-8B,native_thinking,2,2,10,logistic_recall,0.1,higher,0.1,non_thinking,10,0.5,higher,0.5,-0.4
Qwen3-8B,native_thinking,2,2,10,logistic_f1,0.14285714285714285,higher,0.14285714285714285,non_thinking,10,0.625,higher,0.625,-0.48214285714285715
Qwen3-8B,native_thinking,2,2,10,ncc_recall,0.2,higher,0.2,non_thinking,10,0.8,higher,0.8,-0.6000000000000001
Qwen3-8B,native_thinking,2,2,10,silhouette_cosine,-0.12292276322841644,higher,-0.12292276322841644,non_thinking,10,-0.18309937417507172,higher,-0.18309937417507172,0.06017661094665527
Qwen3-8B,native_thinking,2,2,10,within_trace,1045.678466796875,lower,-1045.678466796875,non_thinking,10,3450.837890625,lower,-3450.837890625,2405.159423828125
Qwen3-8B,native_thinking,2,2,10,class_nc1_ratio,10.220658043881393,lower,-10.220658043881393,non_thinking,10,4.159097340434548,lower,-4.159097340434548,-6.061560703446845
Qwen3-8B,native_thinking,2,2,10,centroid_nearest_squared,90.1373519897461,higher,90.1373519897461,non_thinking,10,979.1851196289062,higher,979.1851196289062,-889.0477676391602
Qwen3-8B,native_thinking,2,2,10,fisher_nearest,0.08619987391138986,higher,0.08619987391138986,non_thinking,10,0.283752859642897,higher,0.283752859642897,-0.19755298573150712
Qwen3-8B,native_thinking,2,2,10,min_bhattacharyya,0.9092873334884644,higher,0.9092873334884644,non_thinking,10,1.1111372113227844,higher,1.1111372113227844,-0.20184987783432007
Qwen3-8B,native_thinking,2,2,10,mean_bhattacharyya,1.4213641517692142,higher,1.4213641517692142,non_thinking,10,4.35854231648975,higher,4.35854231648975,-2.9371781647205357
Qwen3-8B,native_thinking,2,2,10,nc2_class_cosine_deviation,0.26846713995859944,lower,-0.26846713995859944,non_thinking,10,0.525099073479205,lower,-0.525099073479205,0.2566319335206056
Qwen3-8B,native_thinking,2,3,9,logistic_precision,0.17391304347826086,higher,0.17391304347826086,non_thinking,10,0.6363636363636364,higher,0.6363636363636364,-0.4624505928853755
Qwen3-8B,native_thinking,2,3,9,logistic_recall,0.4444444444444444,higher,0.4444444444444444,non_thinking,10,0.7,higher,0.7,-0.25555555555555554
Qwen3-8B,native_thinking,2,3,9,logistic_f1,0.25,higher,0.25,non_thinking,10,0.6666666666666666,higher,0.6666666666666666,-0.41666666666666663
Qwen3-8B,native_thinking,2,3,9,ncc_recall,0.3333333333333333,higher,0.3333333333333333,non_thinking,10,0.3,higher,0.3,0.033333333333333326
Qwen3-8B,native_thinking,2,3,9,silhouette_cosine,-0.15138213336467743,higher,-0.15138213336467743,non_thinking,10,-0.21229343116283417,higher,-0.21229343116283417,0.06091129779815674
Qwen3-8B,native_thinking,2,3,9,within_trace,1517.622802734375,lower,-1517.622802734375,non_thinking,10,2685.259521484375,lower,-2685.259521484375,1167.63671875
Qwen3-8B,native_thinking,2,3,9,class_nc1_ratio,10.563437602656693,lower,-10.563437602656693,non_thinking,10,9.557741816959407,lower,-9.557741816959407,-1.0056957856972861
Qwen3-8B,native_thinking,2,3,9,centroid_nearest_squared,78.02230834960938,higher,78.02230834960938,non_thinking,10,189.845947265625,higher,189.845947265625,-111.82363891601562
Qwen3-8B,native_thinking,2,3,9,fisher_nearest,0.051410869821560914,higher,0.051410869821560914,non_thinking,10,0.07069929209698166,higher,0.07069929209698166,-0.01928842227542074
Qwen3-8B,native_thinking,2,3,9,min_bhattacharyya,0.5478697866201401,higher,0.5478697866201401,non_thinking,10,0.5018872320652008,higher,0.5018872320652008,0.04598255455493927
Qwen3-8B,native_thinking,2,3,9,mean_bhattacharyya,1.1732769393258624,higher,1.1732769393258624,non_thinking,10,3.712065984805425,higher,3.712065984805425,-2.5387890454795627
Qwen3-8B,native_thinking,2,3,9,nc2_class_cosine_deviation,0.2810578026153423,lower,-0.2810578026153423,non_thinking,10,0.23208277704723088,lower,-0.23208277704723088,-0.048975025568111424
Qwen3-8B,native_thinking,2,4,9,logistic_precision,0.09090909090909091,higher,0.09090909090909091,non_thinking,10,0.7,higher,0.7,-0.609090909090909
Qwen3-8B,native_thinking,2,4,9,logistic_recall,0.1111111111111111,higher,0.1111111111111111,non_thinking,10,0.7,higher,0.7,-0.5888888888888888
Qwen3-8B,native_thinking,2,4,9,logistic_f1,0.1,higher,0.1,non_thinking,10,0.7,higher,0.7,-0.6
Qwen3-8B,native_thinking,2,4,9,ncc_recall,0.0,higher,0.0,non_thinking,10,0.3,higher,0.3,-0.3
Qwen3-8B,native_thinking,2,4,9,silhouette_cosine,-0.2008538544178009,higher,-0.2008538544178009,non_thinking,10,-0.19857260584831238,higher,-0.19857260584831238,-0.0022812485694885254
Qwen3-8B,native_thinking,2,4,9,within_trace,1700.3037109375,lower,-1700.3037109375,non_thinking,10,2459.385986328125,lower,-2459.385986328125,759.082275390625
Qwen3-8B,native_thinking,2,4,9,class_nc1_ratio,34.22490055971552,lower,-34.22490055971552,non_thinking,10,12.330706427915233,lower,-12.330706427915233,-21.89419413180029
Qwen3-8B,native_thinking,2,4,9,centroid_nearest_squared,78.02230834960938,higher,78.02230834960938,non_thinking,10,83.88296508789062,higher,83.88296508789062,-5.86065673828125
Qwen3-8B,native_thinking,2,4,9,fisher_nearest,0.04588727757736296,higher,0.04588727757736296,non_thinking,10,0.034107279440559995,higher,0.034107279440559995,0.011779998136802965
Qwen3-8B,native_thinking,2,4,9,min_bhattacharyya,0.5254521667957306,higher,0.5254521667957306,non_thinking,10,0.42349956929683685,higher,0.42349956929683685,0.10195259749889374
Qwen3-8B,native_thinking,2,4,9,mean_bhattacharyya,1.0288832444283698,higher,1.0288832444283698,non_thinking,10,4.187621442808045,higher,4.187621442808045,-3.158738198379676
Qwen3-8B,native_thinking,2,4,9,nc2_class_cosine_deviation,0.35555215685823816,lower,-0.35555215685823816,non_thinking,10,0.6194153945019215,lower,-0.6194153945019215,0.26386323764368336
Qwen3-8B,native_thinking,2,5,9,logistic_precision,0.2,higher,0.2,non_thinking,10,0.2857142857142857,higher,0.2857142857142857,-0.08571428571428569
Qwen3-8B,native_thinking,2,5,9,logistic_recall,0.1111111111111111,higher,0.1111111111111111,non_thinking,10,0.4,higher,0.4,-0.2888888888888889
Qwen3-8B,native_thinking,2,5,9,logistic_f1,0.14285714285714285,higher,0.14285714285714285,non_thinking,10,0.3333333333333333,higher,0.3333333333333333,-0.19047619047619047
Qwen3-8B,native_thinking,2,5,9,ncc_recall,0.0,higher,0.0,non_thinking,10,0.2,higher,0.2,-0.2
Qwen3-8B,native_thinking,2,5,9,silhouette_cosine,-0.11370870471000671,higher,-0.11370870471000671,non_thinking,10,-0.23600248992443085,higher,-0.23600248992443085,0.12229378521442413
Qwen3-8B,native_thinking,2,5,9,within_trace,736.8802490234375,lower,-736.8802490234375,non_thinking,10,2262.261962890625,lower,-2262.261962890625,1525.3817138671875
Qwen3-8B,native_thinking,2,5,9,class_nc1_ratio,20.298523354528573,lower,-20.298523354528573,non_thinking,10,9.793888068105428,lower,-9.793888068105428,-10.504635286423145
Qwen3-8B,native_thinking,2,5,9,centroid_nearest_squared,16.186878204345703,higher,16.186878204345703,non_thinking,10,79.1108169555664,higher,79.1108169555664,-62.9239387512207
Qwen3-8B,native_thinking,2,5,9,fisher_nearest,0.021966768991023476,higher,0.021966768991023476,non_thinking,10,0.034969786104913275,higher,0.034969786104913275,-0.013003017113889799
Qwen3-8B,native_thinking,2,5,9,min_bhattacharyya,0.3547677770256996,higher,0.3547677770256996,non_thinking,10,0.42349956929683685,higher,0.42349956929683685,-0.06873179227113724
Qwen3-8B,native_thinking,2,5,9,mean_bhattacharyya,1.5350513847337828,higher,1.5350513847337828,non_thinking,10,3.7895721561378903,higher,3.7895721561378903,-2.2545207714041076
Qwen3-8B,native_thinking,2,5,9,nc2_class_cosine_deviation,0.305556049041542,lower,-0.305556049041542,non_thinking,10,0.6954177058773277,lower,-0.6954177058773277,0.38986165683578566
Qwen3-8B,native_thinking,2,6,9,logistic_precision,0.1111111111111111,higher,0.1111111111111111,non_thinking,10,0.5,higher,0.5,-0.3888888888888889
Qwen3-8B,native_thinking,2,6,9,logistic_recall,0.1111111111111111,higher,0.1111111111111111,non_thinking,10,0.1,higher,0.1,0.0111111111111111
Qwen3-8B,native_thinking,2,6,9,logistic_f1,0.1111111111111111,higher,0.1111111111111111,non_thinking,10,0.16666666666666666,higher,0.16666666666666666,-0.05555555555555555
Qwen3-8B,native_thinking,2,6,9,ncc_recall,0.0,higher,0.0,non_thinking,10,0.0,higher,0.0,0.0
Qwen3-8B,native_thinking,2,6,9,silhouette_cosine,-0.18438102304935455,higher,-0.18438102304935455,non_thinking,10,-0.20703330636024475,higher,-0.20703330636024475,0.022652283310890198
Qwen3-8B,native_thinking,2,6,9,within_trace,2223.060791015625,lower,-2223.060791015625,non_thinking,10,1368.221435546875,lower,-1368.221435546875,-854.83935546875
Qwen3-8B,native_thinking,2,6,9,class_nc1_ratio,14.853657253167945,lower,-14.853657253167945,non_thinking,10,4.743558564170815,lower,-4.743558564170815,-10.11009868899713
Qwen3-8B,native_thinking,2,6,9,centroid_nearest_squared,166.43435668945312,higher,166.43435668945312,non_thinking,10,79.1108169555664,higher,79.1108169555664,87.32353973388672
Qwen3-8B,native_thinking,2,6,9,fisher_nearest,0.07486720892298052,higher,0.07486720892298052,non_thinking,10,0.05782018531521251,higher,0.05782018531521251,0.017047023607768004
Qwen3-8B,native_thinking,2,6,9,min_bhattacharyya,0.8764676153659821,higher,0.8764676153659821,non_thinking,10,0.5599658191204071,higher,0.5599658191204071,0.31650179624557495
Qwen3-8B,native_thinking,2,6,9,mean_bhattacharyya,1.3656506993704371,higher,1.3656506993704371,non_thinking,10,5.248039333356751,higher,5.248039333356751,-3.8823886339863143
Qwen3-8B,native_thinking,2,6,9,nc2_class_cosine_deviation,0.10547764893667197,lower,-0.10547764893667197,non_thinking,10,0.7038587571386201,lower,-0.7038587571386201,0.5983811082019481
Qwen3-8B,native_thinking,2,7,9,logistic_precision,0.0,higher,0.0,non_thinking,10,0.2727272727272727,higher,0.2727272727272727,-0.2727272727272727
Qwen3-8B,native_thinking,2,7,9,logistic_recall,0.0,higher,0.0,non_thinking,10,0.3,higher,0.3,-0.3
Qwen3-8B,native_thinking,2,7,9,logistic_f1,0.0,higher,0.0,non_thinking,10,0.2857142857142857,higher,0.2857142857142857,-0.2857142857142857
Qwen3-8B,native_thinking,2,7,9,ncc_recall,0.0,higher,0.0,non_thinking,10,0.4,higher,0.4,-0.4
Qwen3-8B,native_thinking,2,7,9,silhouette_cosine,-0.18101495504379272,higher,-0.18101495504379272,non_thinking,10,-0.1981278657913208,higher,-0.1981278657913208,0.017112910747528076
Qwen3-8B,native_thinking,2,7,9,within_trace,2330.2158203125,lower,-2330.2158203125,non_thinking,10,1485.100830078125,lower,-1485.100830078125,-845.114990234375
Qwen3-8B,native_thinking,2,7,9,class_nc1_ratio,16.822816862946677,lower,-16.822816862946677,non_thinking,10,4.538793623413485,lower,-4.538793623413485,-12.284023239533191
Qwen3-8B,native_thinking,2,7,9,centroid_nearest_squared,172.49789428710938,higher,172.49789428710938,non_thinking,10,82.75016021728516,higher,82.75016021728516,89.74773406982422
Qwen3-8B,native_thinking,2,7,9,fisher_nearest,0.07402657418400672,higher,0.07402657418400672,non_thinking,10,0.05572023026405016,higher,0.05572023026405016,0.018306343919956565
Qwen3-8B,native_thinking,2,7,9,min_bhattacharyya,0.7811748534440994,higher,0.7811748534440994,non_thinking,10,0.5599658191204071,higher,0.5599658191204071,0.22120903432369232
Qwen3-8B,native_thinking,2,7,9,mean_bhattacharyya,1.495874704586135,higher,1.495874704586135,non_thinking,10,6.819443576865726,higher,6.819443576865726,-5.3235688722795915
Qwen3-8B,native_thinking,2,7,9,nc2_class_cosine_deviation,0.13818800890887223,lower,-0.13818800890887223,non_thinking,10,0.7797298089221673,lower,-0.7797298089221673,0.6415418000132951
Qwen3-8B,native_thinking,2,8,9,logistic_precision,0.0,higher,0.0,non_thinking,10,0.0,higher,0.0,0.0
Qwen3-8B,native_thinking,2,8,9,logistic_recall,0.0,higher,0.0,non_thinking,10,0.0,higher,0.0,0.0
Qwen3-8B,native_thinking,2,8,9,logistic_f1,0.0,higher,0.0,non_thinking,10,0.0,higher,0.0,0.0
Qwen3-8B,native_thinking,2,8,9,ncc_recall,0.4444444444444444,higher,0.4444444444444444,non_thinking,10,0.3,higher,0.3,0.14444444444444443
Qwen3-8B,native_thinking,2,8,9,silhouette_cosine,-0.15841588377952576,higher,-0.15841588377952576,non_thinking,10,-0.07936020195484161,higher,-0.07936020195484161,-0.07905568182468414
Qwen3-8B,native_thinking,2,8,9,within_trace,754.9345703125,lower,-754.9345703125,non_thinking,10,1255.6934814453125,lower,-1255.6934814453125,500.7589111328125
Qwen3-8B,native_thinking,2,8,9,class_nc1_ratio,16.447339372667862,lower,-16.447339372667862,non_thinking,10,2.8349715126271593,lower,-2.8349715126271593,-13.612367860040703
Qwen3-8B,native_thinking,2,8,9,centroid_nearest_squared,16.186878204345703,higher,16.186878204345703,non_thinking,10,120.11831665039062,higher,120.11831665039062,-103.93143844604492
Qwen3-8B,native_thinking,2,8,9,fisher_nearest,0.021441431934485732,higher,0.021441431934485732,non_thinking,10,0.09565894736678378,higher,0.09565894736678378,-0.07421751543229804
Qwen3-8B,native_thinking,2,8,9,min_bhattacharyya,0.3547677770256996,higher,0.3547677770256996,non_thinking,10,0.5635165125131607,higher,0.5635165125131607,-0.2087487354874611
Qwen3-8B,native_thinking,2,8,9,mean_bhattacharyya,1.2961293566558096,higher,1.2961293566558096,non_thinking,10,6.715102402700318,higher,6.715102402700318,-5.418973046044509
Qwen3-8B,native_thinking,2,8,9,nc2_class_cosine_deviation,0.3533496600978168,lower,-0.3533496600978168,non_thinking,10,0.649359021473814,lower,-0.649359021473814,0.29600936137599715
Qwen3-8B,native_thinking,2,9,9,logistic_precision,0.1,higher,0.1,non_thinking,10,0.15789473684210525,higher,0.15789473684210525,-0.05789473684210525
Qwen3-8B,native_thinking,2,9,9,logistic_recall,0.1111111111111111,higher,0.1111111111111111,non_thinking,10,0.3,higher,0.3,-0.18888888888888888
Qwen3-8B,native_thinking,2,9,9,logistic_f1,0.10526315789473684,higher,0.10526315789473684,non_thinking,10,0.20689655172413793,higher,0.20689655172413793,-0.10163339382940109
Qwen3-8B,native_thinking,2,9,9,ncc_recall,0.0,higher,0.0,non_thinking,10,0.3,higher,0.3,-0.3
Qwen3-8B,native_thinking,2,9,9,silhouette_cosine,-0.1806860864162445,higher,-0.1806860864162445,non_thinking,10,-0.10069306194782257,higher,-0.10069306194782257,-0.07999302446842194
Qwen3-8B,native_thinking,2,9,9,within_trace,1558.2652587890625,lower,-1558.2652587890625,non_thinking,10,841.4815673828125,lower,-841.4815673828125,-716.78369140625
Qwen3-8B,native_thinking,2,9,9,class_nc1_ratio,21.426306282862633,lower,-21.426306282862633,non_thinking,10,1.4976562600582795,lower,-1.4976562600582795,-19.928650022804355
Qwen3-8B,native_thinking,2,9,9,centroid_nearest_squared,81.2958984375,higher,81.2958984375,non_thinking,10,15.623024940490723,higher,15.623024940490723,65.67287349700928
Qwen3-8B,native_thinking,2,9,9,fisher_nearest,0.052170770014262874,higher,0.052170770014262874,non_thinking,10,0.018566092884341683,higher,0.018566092884341683,0.03360467712992119
Qwen3-8B,native_thinking,2,9,9,min_bhattacharyya,0.5254521667957306,higher,0.5254521667957306,non_thinking,10,0.3596906326711178,higher,0.3596906326711178,0.1657615341246128
Qwen3-8B,native_thinking,2,9,9,mean_bhattacharyya,1.0431730581654444,higher,1.0431730581654444,non_thinking,10,7.5099470097985535,higher,7.5099470097985535,-6.466773951633109
Qwen3-8B,native_thinking,2,9,9,nc2_class_cosine_deviation,0.20064101892488975,lower,-0.20064101892488975,non_thinking,10,0.7649791956315806,lower,-0.7649791956315806,0.5643381767066908
Qwen3-8B,native_thinking,2,10,9,logistic_precision,0.0,higher,0.0,non_thinking,10,0.23076923076923078,higher,0.23076923076923078,-0.23076923076923078
Qwen3-8B,native_thinking,2,10,9,logistic_recall,0.0,higher,0.0,non_thinking,10,0.3,higher,0.3,-0.3
Qwen3-8B,native_thinking,2,10,9,logistic_f1,0.0,higher,0.0,non_thinking,10,0.2608695652173913,higher,0.2608695652173913,-0.2608695652173913
Qwen3-8B,native_thinking,2,10,9,ncc_recall,0.0,higher,0.0,non_thinking,10,0.3,higher,0.3,-0.3
Qwen3-8B,native_thinking,2,10,9,silhouette_cosine,-0.14793406426906586,higher,-0.14793406426906586,non_thinking,10,-0.10652901232242584,higher,-0.10652901232242584,-0.041405051946640015
Qwen3-8B,native_thinking,2,10,9,within_trace,2112.284423828125,lower,-2112.284423828125,non_thinking,10,999.0382080078125,lower,-999.0382080078125,-1113.2462158203125
Qwen3-8B,native_thinking,2,10,9,class_nc1_ratio,14.240132933735698,lower,-14.240132933735698,non_thinking,10,1.7179269327390043,lower,-1.7179269327390043,-12.522206000996693
Qwen3-8B,native_thinking,2,10,9,centroid_nearest_squared,130.0249786376953,higher,130.0249786376953,non_thinking,10,15.623024940490723,higher,15.623024940490723,114.40195369720459
Qwen3-8B,native_thinking,2,10,9,fisher_nearest,0.06155656746360373,higher,0.06155656746360373,non_thinking,10,0.01563806550666834,higher,0.01563806550666834,0.04591850195693539
Qwen3-8B,native_thinking,2,10,9,min_bhattacharyya,0.8829332739114761,higher,0.8829332739114761,non_thinking,10,0.3596906326711178,higher,0.3596906326711178,0.5232426412403584
Qwen3-8B,native_thinking,2,10,9,mean_bhattacharyya,1.4084883050786123,higher,1.4084883050786123,non_thinking,10,9.01228845740358,higher,9.01228845740358,-7.603800152324967
Qwen3-8B,native_thinking,2,10,9,nc2_class_cosine_deviation,0.22064497515007303,lower,-0.22064497515007303,non_thinking,10,0.761121028551349,lower,-0.761121028551349,0.540476053401276
Qwen3-8B,native_thinking,3,1,10,logistic_precision,0.8333333333333334,higher,0.8333333333333334,non_thinking,10,1.0,higher,1.0,-0.16666666666666663
Qwen3-8B,native_thinking,3,1,10,logistic_recall,0.5,higher,0.5,non_thinking,10,0.9,higher,0.9,-0.4
Qwen3-8B,native_thinking,3,1,10,logistic_f1,0.625,higher,0.625,non_thinking,10,0.9473684210526315,higher,0.9473684210526315,-0.3223684210526315
Qwen3-8B,native_thinking,3,1,10,ncc_recall,0.1,higher,0.1,non_thinking,10,1.0,higher,1.0,-0.9
Qwen3-8B,native_thinking,3,1,10,silhouette_cosine,-0.10359940677881241,higher,-0.10359940677881241,non_thinking,10,0.8941375017166138,higher,0.8941375017166138,-0.9977369084954262
Qwen3-8B,native_thinking,3,1,10,within_trace,2319.91845703125,lower,-2319.91845703125,non_thinking,10,706.973388671875,lower,-706.973388671875,-1612.945068359375
Qwen3-8B,native_thinking,3,1,10,class_nc1_ratio,13.887468145373894,lower,-13.887468145373894,non_thinking,10,0.062270505164941335,lower,-0.062270505164941335,-13.825197640208954
Qwen3-8B,native_thinking,3,1,10,centroid_nearest_squared,197.798828125,higher,197.798828125,non_thinking,10,7003.27783203125,higher,7003.27783203125,-6805.47900390625
Qwen3-8B,native_thinking,3,1,10,fisher_nearest,0.08526111231431768,higher,0.08526111231431768,non_thinking,10,9.905999213333411,higher,9.905999213333411,-9.820738101019094
Qwen3-8B,native_thinking,3,1,10,min_bhattacharyya,1.0837479829788208,higher,1.0837479829788208,non_thinking,10,14.6858549118042,higher,14.6858549118042,-13.602106928825378
Qwen3-8B,native_thinking,3,1,10,mean_bhattacharyya,1.3674227512545056,higher,1.3674227512545056,non_thinking,10,43.37305418650309,higher,43.37305418650309,-42.00563143524858
Qwen3-8B,native_thinking,3,1,10,nc2_class_cosine_deviation,0.17329229444357347,lower,-0.17329229444357347,non_thinking,10,0.711192837651865,lower,-0.711192837651865,0.5379005432082915
Qwen3-8B,native_thinking,3,2,10,logistic_precision,0.1111111111111111,higher,0.1111111111111111,non_thinking,10,0.9,higher,0.9,-0.788888888888889
Qwen3-8B,native_thinking,3,2,10,logistic_recall,0.1,higher,0.1,non_thinking,10,0.9,higher,0.9,-0.8
Qwen3-8B,native_thinking,3,2,10,logistic_f1,0.10526315789473684,higher,0.10526315789473684,non_thinking,10,0.9,higher,0.9,-0.7947368421052632
Qwen3-8B,native_thinking,3,2,10,ncc_recall,0.2,higher,0.2,non_thinking,10,0.8,higher,0.8,-0.6000000000000001
Qwen3-8B,native_thinking,3,2,10,silhouette_cosine,-0.12174934148788452,higher,-0.12174934148788452,non_thinking,10,-0.15347197651863098,higher,-0.15347197651863098,0.03172263503074646
Qwen3-8B,native_thinking,3,2,10,within_trace,981.73291015625,lower,-981.73291015625,non_thinking,10,2173.36328125,lower,-2173.36328125,1191.63037109375
Qwen3-8B,native_thinking,3,2,10,class_nc1_ratio,12.828077745123917,lower,-12.828077745123917,non_thinking,10,1.722174942674821,lower,-1.722174942674821,-11.105902802449096
Qwen3-8B,native_thinking,3,2,10,centroid_nearest_squared,58.4998779296875,higher,58.4998779296875,non_thinking,10,953.1179809570312,higher,953.1179809570312,-894.6181030273438
Qwen3-8B,native_thinking,3,2,10,fisher_nearest,0.05958838429932721,higher,0.05958838429932721,non_thinking,10,0.43854517520368236,higher,0.43854517520368236,-0.37895679090435513
Qwen3-8B,native_thinking,3,2,10,min_bhattacharyya,0.6375267505645752,higher,0.6375267505645752,non_thinking,10,1.2379666566848755,higher,1.2379666566848755,-0.6004399061203003
Qwen3-8B,native_thinking,3,2,10,mean_bhattacharyya,1.1066961619589064,higher,1.1066961619589064,non_thinking,10,5.832902047369215,higher,5.832902047369215,-4.726205885410309
Qwen3-8B,native_thinking,3,2,10,nc2_class_cosine_deviation,0.2427447542640162,lower,-0.2427447542640162,non_thinking,10,0.6699485179082847,lower,-0.6699485179082847,0.4272037636442685
Qwen3-8B,native_thinking,3,3,9,logistic_precision,0.21428571428571427,higher,0.21428571428571427,non_thinking,10,0.5833333333333334,higher,0.5833333333333334,-0.36904761904761907
Qwen3-8B,native_thinking,3,3,9,logistic_recall,0.3333333333333333,higher,0.3333333333333333,non_thinking,10,0.7,higher,0.7,-0.36666666666666664
Qwen3-8B,native_thinking,3,3,9,logistic_f1,0.2608695652173913,higher,0.2608695652173913,non_thinking,10,0.6363636363636364,higher,0.6363636363636364,-0.37549407114624506
Qwen3-8B,native_thinking,3,3,9,ncc_recall,0.3333333333333333,higher,0.3333333333333333,non_thinking,10,0.3,higher,0.3,0.033333333333333326
Qwen3-8B,native_thinking,3,3,9,silhouette_cosine,-0.11328395456075668,higher,-0.11328395456075668,non_thinking,10,-0.27886736392974854,higher,-0.27886736392974854,0.16558340936899185
Qwen3-8B,native_thinking,3,3,9,within_trace,1156.025634765625,lower,-1156.025634765625,non_thinking,10,2640.260009765625,lower,-2640.260009765625,1484.234375
Qwen3-8B,native_thinking,3,3,9,class_nc1_ratio,10.71034726327645,lower,-10.71034726327645,non_thinking,10,9.362693673051002,lower,-9.362693673051002,-1.3476535902254483
Qwen3-8B,native_thinking,3,3,9,centroid_nearest_squared,66.42288208007812,higher,66.42288208007812,non_thinking,10,296.440185546875,higher,296.440185546875,-230.01730346679688
Qwen3-8B,native_thinking,3,3,9,fisher_nearest,0.0574579664001524,higher,0.0574579664001524,non_thinking,10,0.11227689108285585,higher,0.11227689108285585,-0.054818924682703454
Qwen3-8B,native_thinking,3,3,9,min_bhattacharyya,0.6146659180521965,higher,0.6146659180521965,non_thinking,10,0.5937652587890625,higher,0.5937652587890625,0.020900659263134003
Qwen3-8B,native_thinking,3,3,9,mean_bhattacharyya,1.1256986574994192,higher,1.1256986574994192,non_thinking,10,4.856899168756273,higher,4.856899168756273,-3.731200511256854
Qwen3-8B,native_thinking,3,3,9,nc2_class_cosine_deviation,0.259971598048269,lower,-0.259971598048269,non_thinking,10,0.3475154813057111,lower,-0.3475154813057111,0.08754388325744206
Qwen3-8B,native_thinking,3,4,9,logistic_precision,0.0,higher,0.0,non_thinking,10,0.42857142857142855,higher,0.42857142857142855,-0.42857142857142855
Qwen3-8B,native_thinking,3,4,9,logistic_recall,0.0,higher,0.0,non_thinking,10,0.3,higher,0.3,-0.3
Qwen3-8B,native_thinking,3,4,9,logistic_f1,0.0,higher,0.0,non_thinking,10,0.35294117647058826,higher,0.35294117647058826,-0.35294117647058826
Qwen3-8B,native_thinking,3,4,9,ncc_recall,0.0,higher,0.0,non_thinking,10,0.1,higher,0.1,-0.1
Qwen3-8B,native_thinking,3,4,9,silhouette_cosine,-0.18008413910865784,higher,-0.18008413910865784,non_thinking,10,-0.19085831940174103,higher,-0.19085831940174103,0.010774180293083191
Qwen3-8B,native_thinking,3,4,9,within_trace,1362.1708984375,lower,-1362.1708984375,non_thinking,10,2391.211181640625,lower,-2391.211181640625,1029.040283203125
Qwen3-8B,native_thinking,3,4,9,class_nc1_ratio,40.65944459055379,lower,-40.65944459055379,non_thinking,10,9.701293990468443,lower,-9.701293990468443,-30.958150600085347
Qwen3-8B,native_thinking,3,4,9,centroid_nearest_squared,44.82099533081055,higher,44.82099533081055,non_thinking,10,97.70299530029297,higher,97.70299530029297,-52.88199996948242
Qwen3-8B,native_thinking,3,4,9,fisher_nearest,0.03290409109622235,higher,0.03290409109622235,non_thinking,10,0.04085920810777505,higher,0.04085920810777505,-0.007955117011552694
Qwen3-8B,native_thinking,3,4,9,min_bhattacharyya,0.3826250657439232,higher,0.3826250657439232,non_thinking,10,0.45349888503551483,higher,0.45349888503551483,-0.07087381929159164
Qwen3-8B,native_thinking,3,4,9,mean_bhattacharyya,0.7672464723388354,higher,0.7672464723388354,non_thinking,10,4.911793243553904,higher,4.911793243553904,-4.144546771215068
Qwen3-8B,native_thinking,3,4,9,nc2_class_cosine_deviation,0.3876574330123854,lower,-0.3876574330123854,non_thinking,10,0.5826506386568516,lower,-0.5826506386568516,0.1949932056444662
Qwen3-8B,native_thinking,3,5,9,logistic_precision,0.0,higher,0.0,non_thinking,10,0.25,higher,0.25,-0.25
Qwen3-8B,native_thinking,3,5,9,logistic_recall,0.0,higher,0.0,non_thinking,10,0.3,higher,0.3,-0.3
Qwen3-8B,native_thinking,3,5,9,logistic_f1,0.0,higher,0.0,non_thinking,10,0.2727272727272727,higher,0.2727272727272727,-0.2727272727272727
Qwen3-8B,native_thinking,3,5,9,ncc_recall,0.1111111111111111,higher,0.1111111111111111,non_thinking,10,0.2,higher,0.2,-0.0888888888888889
Qwen3-8B,native_thinking,3,5,9,silhouette_cosine,-0.1288856565952301,higher,-0.1288856565952301,non_thinking,10,-0.2762483060359955,higher,-0.2762483060359955,0.14736264944076538
Qwen3-8B,native_thinking,3,5,9,within_trace,762.0662841796875,lower,-762.0662841796875,non_thinking,10,2462.794677734375,lower,-2462.794677734375,1700.7283935546875
Qwen3-8B,native_thinking,3,5,9,class_nc1_ratio,33.10604748677975,lower,-33.10604748677975,non_thinking,10,9.533146736559354,lower,-9.533146736559354,-23.5729007502204
Qwen3-8B,native_thinking,3,5,9,centroid_nearest_squared,58.4998779296875,higher,58.4998779296875,non_thinking,10,97.70299530029297,higher,97.70299530029297,-39.20311737060547
Qwen3-8B,native_thinking,3,5,9,fisher_nearest,0.07676481579638264,higher,0.07676481579638264,non_thinking,10,0.039671595924583504,higher,0.039671595924583504,0.03709321987179914
Qwen3-8B,native_thinking,3,5,9,min_bhattacharyya,0.6375267505645752,higher,0.6375267505645752,non_thinking,10,0.45349888503551483,higher,0.45349888503551483,0.18402786552906036
Qwen3-8B,native_thinking,3,5,9,mean_bhattacharyya,1.1027608025405142,higher,1.1027608025405142,non_thinking,10,4.57768510778745,higher,4.57768510778745,-3.474924305246936
Qwen3-8B,native_thinking,3,5,9,nc2_class_cosine_deviation,0.29944031221079237,lower,-0.29944031221079237,non_thinking,10,0.7568898138440685,lower,-0.7568898138440685,0.45744950163327613
Qwen3-8B,native_thinking,3,6,9,logistic_precision,0.16666666666666666,higher,0.16666666666666666,non_thinking,10,0.14285714285714285,higher,0.14285714285714285,0.023809523809523808
Qwen3-8B,native_thinking,3,6,9,logistic_recall,0.1111111111111111,higher,0.1111111111111111,non_thinking,10,0.1,higher,0.1,0.0111111111111111
Qwen3-8B,native_thinking,3,6,9,logistic_f1,0.13333333333333333,higher,0.13333333333333333,non_thinking,10,0.11764705882352941,higher,0.11764705882352941,0.01568627450980392
Qwen3-8B,native_thinking,3,6,9,ncc_recall,0.0,higher,0.0,non_thinking,10,0.1,higher,0.1,-0.1
Qwen3-8B,native_thinking,3,6,9,silhouette_cosine,-0.15531213581562042,higher,-0.15531213581562042,non_thinking,10,-0.26835888624191284,higher,-0.26835888624191284,0.11304675042629242
Qwen3-8B,native_thinking,3,6,9,within_trace,1587.56103515625,lower,-1587.56103515625,non_thinking,10,2128.26171875,lower,-2128.26171875,540.70068359375
Qwen3-8B,native_thinking,3,6,9,class_nc1_ratio,18.103817920575818,lower,-18.103817920575818,non_thinking,10,6.301278969241068,lower,-6.301278969241068,-11.80253895133475
Qwen3-8B,native_thinking,3,6,9,centroid_nearest_squared,96.72225952148438,higher,96.72225952148438,non_thinking,10,54.32970428466797,higher,54.32970428466797,42.392555236816406
Qwen3-8B,native_thinking,3,6,9,fisher_nearest,0.060925065165740123,higher,0.060925065165740123,non_thinking,10,0.025527736464938926,higher,0.025527736464938926,0.0353973287008012
Qwen3-8B,native_thinking,3,6,9,min_bhattacharyya,0.6987862884998322,higher,0.6987862884998322,non_thinking,10,0.4659806564450264,higher,0.4659806564450264,0.23280563205480576
Qwen3-8B,native_thinking,3,6,9,mean_bhattacharyya,1.0179512211018138,higher,1.0179512211018138,non_thinking,10,5.824602271947596,higher,5.824602271947596,-4.806651050845781
Qwen3-8B,native_thinking,3,6,9,nc2_class_cosine_deviation,0.12236487732073408,lower,-0.12236487732073408,non_thinking,10,0.7943955880624277,lower,-0.7943955880624277,0.6720307107416936
Qwen3-8B,native_thinking,3,7,9,logistic_precision,0.25,higher,0.25,non_thinking,10,0.3076923076923077,higher,0.3076923076923077,-0.05769230769230771
Qwen3-8B,native_thinking,3,7,9,logistic_recall,0.3333333333333333,higher,0.3333333333333333,non_thinking,10,0.4,higher,0.4,-0.06666666666666671
Qwen3-8B,native_thinking,3,7,9,logistic_f1,0.2857142857142857,higher,0.2857142857142857,non_thinking,10,0.34782608695652173,higher,0.34782608695652173,-0.06211180124223603
Qwen3-8B,native_thinking,3,7,9,ncc_recall,0.0,higher,0.0,non_thinking,10,0.4,higher,0.4,-0.4
Qwen3-8B,native_thinking,3,7,9,silhouette_cosine,-0.15314218401908875,higher,-0.15314218401908875,non_thinking,10,-0.22797158360481262,higher,-0.22797158360481262,0.07482939958572388
Qwen3-8B,native_thinking,3,7,9,within_trace,1957.86767578125,lower,-1957.86767578125,non_thinking,10,1750.64453125,lower,-1750.64453125,-207.22314453125
Qwen3-8B,native_thinking,3,7,9,class_nc1_ratio,19.326370452879303,lower,-19.326370452879303,non_thinking,10,3.69845968892627,lower,-3.69845968892627,-15.627910763953032
Qwen3-8B,native_thinking,3,7,9,centroid_nearest_squared,140.516357421875,higher,140.516357421875,non_thinking,10,54.32970428466797,higher,54.32970428466797,86.18665313720703
Qwen3-8B,native_thinking,3,7,9,fisher_nearest,0.07177009925648045,higher,0.07177009925648045,non_thinking,10,0.031034115330012383,higher,0.031034115330012383,0.04073598392646807
Qwen3-8B,native_thinking,3,7,9,min_bhattacharyya,0.755039393901825,higher,0.755039393901825,non_thinking,10,0.4659806564450264,higher,0.4659806564450264,0.28905873745679855
Qwen3-8B,native_thinking,3,7,9,mean_bhattacharyya,1.1638545534676976,higher,1.1638545534676976,non_thinking,10,7.762084700167179,higher,7.762084700167179,-6.598230146699482
Qwen3-8B,native_thinking,3,7,9,nc2_class_cosine_deviation,0.14209977174062788,lower,-0.14209977174062788,non_thinking,10,0.8494235564161231,lower,-0.8494235564161231,0.7073237846754952
Qwen3-8B,native_thinking,3,8,9,logistic_precision,0.0,higher,0.0,non_thinking,10,0.21428571428571427,higher,0.21428571428571427,-0.21428571428571427
Qwen3-8B,native_thinking,3,8,9,logistic_recall,0.0,higher,0.0,non_thinking,10,0.3,higher,0.3,-0.3
Qwen3-8B,native_thinking,3,8,9,logistic_f1,0.0,higher,0.0,non_thinking,10,0.25,higher,0.25,-0.25
Qwen3-8B,native_thinking,3,8,9,ncc_recall,0.4444444444444444,higher,0.4444444444444444,non_thinking,10,0.4,higher,0.4,0.0444444444444444
Qwen3-8B,native_thinking,3,8,9,silhouette_cosine,-0.14022238552570343,higher,-0.14022238552570343,non_thinking,10,-0.11332273483276367,higher,-0.11332273483276367,-0.02689965069293976
Qwen3-8B,native_thinking,3,8,9,within_trace,1518.896240234375,lower,-1518.896240234375,non_thinking,10,1253.643798828125,lower,-1253.643798828125,-265.25244140625
Qwen3-8B,native_thinking,3,8,9,class_nc1_ratio,17.213991128241283,lower,-17.213991128241283,non_thinking,10,2.031120650340345,lower,-2.031120650340345,-15.182870477900938
Qwen3-8B,native_thinking,3,8,9,centroid_nearest_squared,81.63758850097656,higher,81.63758850097656,non_thinking,10,96.85957336425781,higher,96.85957336425781,-15.22198486328125
Qwen3-8B,native_thinking,3,8,9,fisher_nearest,0.05374796930722495,higher,0.05374796930722495,non_thinking,10,0.07726243567335453,higher,0.07726243567335453,-0.023514466366129576
Qwen3-8B,native_thinking,3,8,9,min_bhattacharyya,0.7321805059909821,higher,0.7321805059909821,non_thinking,10,0.49788719415664673,higher,0.49788719415664673,0.23429331183433533
Qwen3-8B,native_thinking,3,8,9,mean_bhattacharyya,1.0072386918796434,higher,1.0072386918796434,non_thinking,10,7.6315895600451364,higher,7.6315895600451364,-6.624350868165493
Qwen3-8B,native_thinking,3,8,9,nc2_class_cosine_deviation,0.18184040599491125,lower,-0.18184040599491125,non_thinking,10,0.7817604497626977,lower,-0.7817604497626977,0.5999200437677864
Qwen3-8B,native_thinking,3,9,9,logistic_precision,0.16666666666666666,higher,0.16666666666666666,non_thinking,10,0.42857142857142855,higher,0.42857142857142855,-0.26190476190476186
Qwen3-8B,native_thinking,3,9,9,logistic_recall,0.1111111111111111,higher,0.1111111111111111,non_thinking,10,0.3,higher,0.3,-0.18888888888888888
Qwen3-8B,native_thinking,3,9,9,logistic_f1,0.13333333333333333,higher,0.13333333333333333,non_thinking,10,0.35294117647058826,higher,0.35294117647058826,-0.21960784313725493
Qwen3-8B,native_thinking,3,9,9,ncc_recall,0.1111111111111111,higher,0.1111111111111111,non_thinking,10,0.3,higher,0.3,-0.18888888888888888
Qwen3-8B,native_thinking,3,9,9,silhouette_cosine,-0.1552920937538147,higher,-0.1552920937538147,non_thinking,10,-0.11359560489654541,higher,-0.11359560489654541,-0.04169648885726929
Qwen3-8B,native_thinking,3,9,9,within_trace,1331.3721923828125,lower,-1331.3721923828125,non_thinking,10,876.9686279296875,lower,-876.9686279296875,-454.403564453125
Qwen3-8B,native_thinking,3,9,9,class_nc1_ratio,28.468598494416476,lower,-28.468598494416476,non_thinking,10,1.1669966043861197,lower,-1.1669966043861197,-27.301601890030355
Qwen3-8B,native_thinking,3,9,9,centroid_nearest_squared,44.82099533081055,higher,44.82099533081055,non_thinking,10,31.41179656982422,higher,31.41179656982422,13.409198760986328
Qwen3-8B,native_thinking,3,9,9,fisher_nearest,0.03366526324287466,higher,0.03366526324287466,non_thinking,10,0.03581860920610117,higher,0.03581860920610117,-0.0021533459632265134
Qwen3-8B,native_thinking,3,9,9,min_bhattacharyya,0.3826250657439232,higher,0.3826250657439232,non_thinking,10,0.29375842213630676,higher,0.29375842213630676,0.08886664360761642
Qwen3-8B,native_thinking,3,9,9,mean_bhattacharyya,0.80678641051054,higher,0.80678641051054,non_thinking,10,9.281057660778364,higher,9.281057660778364,-8.474271250267824
Qwen3-8B,native_thinking,3,9,9,nc2_class_cosine_deviation,0.23019237494395103,lower,-0.23019237494395103,non_thinking,10,0.8472234529477579,lower,-0.8472234529477579,0.6170310780038069
Qwen3-8B,native_thinking,3,10,9,logistic_precision,0.3,higher,0.3,non_thinking,10,0.4444444444444444,higher,0.4444444444444444,-0.14444444444444443
Qwen3-8B,native_thinking,3,10,9,logistic_recall,0.3333333333333333,higher,0.3333333333333333,non_thinking,10,0.4,higher,0.4,-0.06666666666666671
Qwen3-8B,native_thinking,3,10,9,logistic_f1,0.3157894736842105,higher,0.3157894736842105,non_thinking,10,0.42105263157894735,higher,0.42105263157894735,-0.10526315789473684
Qwen3-8B,native_thinking,3,10,9,ncc_recall,0.1111111111111111,higher,0.1111111111111111,non_thinking,10,0.3,higher,0.3,-0.18888888888888888
Qwen3-8B,native_thinking,3,10,9,silhouette_cosine,-0.1364184021949768,higher,-0.1364184021949768,non_thinking,10,-0.08676363527774811,higher,-0.08676363527774811,-0.0496547669172287
Qwen3-8B,native_thinking,3,10,9,within_trace,1381.32763671875,lower,-1381.32763671875,non_thinking,10,884.092529296875,lower,-884.092529296875,-497.235107421875
Qwen3-8B,native_thinking,3,10,9,class_nc1_ratio,22.032328526782212,lower,-22.032328526782212,non_thinking,10,1.0149771929729339,lower,-1.0149771929729339,-21.017351333809277
Qwen3-8B,native_thinking,3,10,9,centroid_nearest_squared,48.287574768066406,higher,48.287574768066406,non_thinking,10,31.41179656982422,higher,31.41179656982422,16.875778198242188
Qwen3-8B,native_thinking,3,10,9,fisher_nearest,0.03495736527994927,higher,0.03495736527994927,non_thinking,10,0.03552998756228179,higher,0.03552998756228179,-0.0005726222823325203
Qwen3-8B,native_thinking,3,10,9,min_bhattacharyya,0.48282186686992645,higher,0.48282186686992645,non_thinking,10,0.29375842213630676,higher,0.29375842213630676,0.1890634447336197
Qwen3-8B,native_thinking,3,10,9,mean_bhattacharyya,0.9380443029933505,higher,0.9380443029933505,non_thinking,10,11.168351746267742,higher,11.168351746267742,-10.230307443274391
Qwen3-8B,native_thinking,3,10,9,nc2_class_cosine_deviation,0.32228113140588927,lower,-0.32228113140588927,non_thinking,10,0.8230201028011463,lower,-0.8230201028011463,0.500738971395257
Qwen3-8B,native_thinking,4,1,10,logistic_precision,0.75,higher,0.75,non_thinking,10,1.0,higher,1.0,-0.25
Qwen3-8B,native_thinking,4,1,10,logistic_recall,0.6,higher,0.6,non_thinking,10,1.0,higher,1.0,-0.4
Qwen3-8B,native_thinking,4,1,10,logistic_f1,0.6666666666666666,higher,0.6666666666666666,non_thinking,10,1.0,higher,1.0,-0.33333333333333337
Qwen3-8B,native_thinking,4,1,10,ncc_recall,0.3,higher,0.3,non_thinking,10,1.0,higher,1.0,-0.7
Qwen3-8B,native_thinking,4,1,10,silhouette_cosine,-0.07213078439235687,higher,-0.07213078439235687,non_thinking,10,0.8925585746765137,higher,0.8925585746765137,-0.9646893590688705
Qwen3-8B,native_thinking,4,1,10,within_trace,1531.2091064453125,lower,-1531.2091064453125,non_thinking,10,551.0960693359375,lower,-551.0960693359375,-980.113037109375
Qwen3-8B,native_thinking,4,1,10,class_nc1_ratio,11.103430860081415,lower,-11.103430860081415,non_thinking,10,0.05597255872262904,lower,-0.05597255872262904,-11.047458301358786
Qwen3-8B,native_thinking,4,1,10,centroid_nearest_squared,160.07235717773438,higher,160.07235717773438,non_thinking,10,5536.31982421875,higher,5536.31982421875,-5376.247467041016
Qwen3-8B,native_thinking,4,1,10,fisher_nearest,0.10453984142593094,higher,0.10453984142593094,non_thinking,10,10.046015807897037,higher,10.046015807897037,-9.941475966471106
Qwen3-8B,native_thinking,4,1,10,min_bhattacharyya,1.1257550418376923,higher,1.1257550418376923,non_thinking,10,12.507183074951172,higher,12.507183074951172,-11.38142803311348
Qwen3-8B,native_thinking,4,1,10,mean_bhattacharyya,1.2717902031209734,higher,1.2717902031209734,non_thinking,10,32.26992501152886,higher,32.26992501152886,-30.99813480840789
Qwen3-8B,native_thinking,4,1,10,nc2_class_cosine_deviation,0.17548799993079386,lower,-0.17548799993079386,non_thinking,10,0.6899010601602955,lower,-0.6899010601602955,0.5144130602295016
Qwen3-8B,native_thinking,4,2,10,logistic_precision,0.2857142857142857,higher,0.2857142857142857,non_thinking,10,0.7692307692307693,higher,0.7692307692307693,-0.4835164835164836
Qwen3-8B,native_thinking,4,2,10,logistic_recall,0.4,higher,0.4,non_thinking,10,1.0,higher,1.0,-0.6
Qwen3-8B,native_thinking,4,2,10,logistic_f1,0.3333333333333333,higher,0.3333333333333333,non_thinking,10,0.8695652173913043,higher,0.8695652173913043,-0.536231884057971
Qwen3-8B,native_thinking,4,2,10,ncc_recall,0.1,higher,0.1,non_thinking,10,0.8,higher,0.8,-0.7000000000000001
Qwen3-8B,native_thinking,4,2,10,silhouette_cosine,-0.12173318862915039,higher,-0.12173318862915039,non_thinking,10,-0.06496346741914749,higher,-0.06496346741914749,-0.0567697212100029
Qwen3-8B,native_thinking,4,2,10,within_trace,1067.827392578125,lower,-1067.827392578125,non_thinking,10,1700.470947265625,lower,-1700.470947265625,632.6435546875
Qwen3-8B,native_thinking,4,2,10,class_nc1_ratio,14.551332273320346,lower,-14.551332273320346,non_thinking,10,1.1075298584053348,lower,-1.1075298584053348,-13.443802414915012
Qwen3-8B,native_thinking,4,2,10,centroid_nearest_squared,66.71748352050781,higher,66.71748352050781,non_thinking,10,865.4140014648438,higher,865.4140014648438,-798.6965179443359
Qwen3-8B,native_thinking,4,2,10,fisher_nearest,0.062479651659270004,higher,0.062479651659270004,non_thinking,10,0.5089260730131487,higher,0.5089260730131487,-0.44644642135387874
Qwen3-8B,native_thinking,4,2,10,min_bhattacharyya,0.7179373204708099,higher,0.7179373204708099,non_thinking,10,1.0265371203422546,higher,1.0265371203422546,-0.3085997998714447
Qwen3-8B,native_thinking,4,2,10,mean_bhattacharyya,0.9966323524713516,higher,0.9966323524713516,non_thinking,10,5.577253679434459,higher,5.577253679434459,-4.580621326963107
Qwen3-8B,native_thinking,4,2,10,nc2_class_cosine_deviation,0.22453419146714385,lower,-0.22453419146714385,non_thinking,10,0.6748807294133269,lower,-0.6748807294133269,0.45034653794618307
Qwen3-8B,native_thinking,4,3,9,logistic_precision,0.45454545454545453,higher,0.45454545454545453,non_thinking,10,0.7,higher,0.7,-0.24545454545454543
Qwen3-8B,native_thinking,4,3,9,logistic_recall,0.5555555555555556,higher,0.5555555555555556,non_thinking,10,0.7,higher,0.7,-0.14444444444444438
Qwen3-8B,native_thinking,4,3,9,logistic_f1,0.5,higher,0.5,non_thinking,10,0.7,higher,0.7,-0.19999999999999996
Qwen3-8B,native_thinking,4,3,9,ncc_recall,0.4444444444444444,higher,0.4444444444444444,non_thinking,10,0.3,higher,0.3,0.14444444444444443
Qwen3-8B,native_thinking,4,3,9,silhouette_cosine,-0.10614759474992752,higher,-0.10614759474992752,non_thinking,10,-0.23835685849189758,higher,-0.23835685849189758,0.13220926374197006
Qwen3-8B,native_thinking,4,3,9,within_trace,931.0939331054688,lower,-931.0939331054688,non_thinking,10,2280.41357421875,lower,-2280.41357421875,1349.3196411132812
Qwen3-8B,native_thinking,4,3,9,class_nc1_ratio,14.793579238902481,lower,-14.793579238902481,non_thinking,10,6.972784202643352,lower,-6.972784202643352,-7.820795036259129
Qwen3-8B,native_thinking,4,3,9,centroid_nearest_squared,49.62278747558594,higher,49.62278747558594,non_thinking,10,265.8725280761719,higher,265.8725280761719,-216.24974060058594
Qwen3-8B,native_thinking,4,3,9,fisher_nearest,0.05329514639847295,higher,0.05329514639847295,non_thinking,10,0.11658960948224381,higher,0.11658960948224381,-0.06329446308377086
Qwen3-8B,native_thinking,4,3,9,min_bhattacharyya,0.6327894330024719,higher,0.6327894330024719,non_thinking,10,0.5072689652442932,higher,0.5072689652442932,0.1255204677581787
Qwen3-8B,native_thinking,4,3,9,mean_bhattacharyya,1.1358879622485902,higher,1.1358879622485902,non_thinking,10,3.716237942377726,higher,3.716237942377726,-2.580349980129136
Qwen3-8B,native_thinking,4,3,9,nc2_class_cosine_deviation,0.15112348864383904,lower,-0.15112348864383904,non_thinking,10,0.43222558673149275,lower,-0.43222558673149275,0.28110209808765374
Qwen3-8B,native_thinking,4,4,9,logistic_precision,0.0,higher,0.0,non_thinking,10,0.7,higher,0.7,-0.7
Qwen3-8B,native_thinking,4,4,9,logistic_recall,0.0,higher,0.0,non_thinking,10,0.7,higher,0.7,-0.7
Qwen3-8B,native_thinking,4,4,9,logistic_f1,0.0,higher,0.0,non_thinking,10,0.7,higher,0.7,-0.7
Qwen3-8B,native_thinking,4,4,9,ncc_recall,0.0,higher,0.0,non_thinking,10,0.1,higher,0.1,-0.1
Qwen3-8B,native_thinking,4,4,9,silhouette_cosine,-0.16934411227703094,higher,-0.16934411227703094,non_thinking,10,-0.18926918506622314,higher,-0.18926918506622314,0.0199250727891922
Qwen3-8B,native_thinking,4,4,9,within_trace,1158.7037353515625,lower,-1158.7037353515625,non_thinking,10,2331.35498046875,lower,-2331.35498046875,1172.6512451171875
Qwen3-8B,native_thinking,4,4,9,class_nc1_ratio,61.77537450867994,lower,-61.77537450867994,non_thinking,10,11.56944378031844,lower,-11.56944378031844,-50.205930728361494
Qwen3-8B,native_thinking,4,4,9,centroid_nearest_squared,22.767192840576172,higher,22.767192840576172,non_thinking,10,102.8433837890625,higher,102.8433837890625,-80.07619094848633
Qwen3-8B,native_thinking,4,4,9,fisher_nearest,0.019648847367932556,higher,0.019648847367932556,non_thinking,10,0.044113137917926364,higher,0.044113137917926364,-0.024464290549993807
Qwen3-8B,native_thinking,4,4,9,min_bhattacharyya,0.25279997289180756,higher,0.25279997289180756,non_thinking,10,0.37238213419914246,higher,0.37238213419914246,-0.1195821613073349
Qwen3-8B,native_thinking,4,4,9,mean_bhattacharyya,0.6582734237114588,higher,0.6582734237114588,non_thinking,10,4.213048918379678,higher,4.213048918379678,-3.554775494668219
Qwen3-8B,native_thinking,4,4,9,nc2_class_cosine_deviation,0.29844730374989686,lower,-0.29844730374989686,non_thinking,10,0.45647829145561025,lower,-0.45647829145561025,0.1580309877057134
Qwen3-8B,native_thinking,4,5,9,logistic_precision,0.0,higher,0.0,non_thinking,10,0.5714285714285714,higher,0.5714285714285714,-0.5714285714285714
Qwen3-8B,native_thinking,4,5,9,logistic_recall,0.0,higher,0.0,non_thinking,10,0.4,higher,0.4,-0.4
Qwen3-8B,native_thinking,4,5,9,logistic_f1,0.0,higher,0.0,non_thinking,10,0.47058823529411764,higher,0.47058823529411764,-0.47058823529411764
Qwen3-8B,native_thinking,4,5,9,ncc_recall,0.0,higher,0.0,non_thinking,10,0.4,higher,0.4,-0.4
Qwen3-8B,native_thinking,4,5,9,silhouette_cosine,-0.14068657159805298,higher,-0.14068657159805298,non_thinking,10,-0.2568541467189789,higher,-0.2568541467189789,0.1161675751209259
Qwen3-8B,native_thinking,4,5,9,within_trace,836.1229248046875,lower,-836.1229248046875,non_thinking,10,2118.89013671875,lower,-2118.89013671875,1282.7672119140625
Qwen3-8B,native_thinking,4,5,9,class_nc1_ratio,78.44252357169664,lower,-78.44252357169664,non_thinking,10,10.383722232666235,lower,-10.383722232666235,-68.05880133903041
Qwen3-8B,native_thinking,4,5,9,centroid_nearest_squared,38.1915168762207,higher,38.1915168762207,non_thinking,10,101.59086608886719,higher,101.59086608886719,-63.399349212646484
Qwen3-8B,native_thinking,4,5,9,fisher_nearest,0.04567691632799325,higher,0.04567691632799325,non_thinking,10,0.04794532020720422,higher,0.04794532020720422,-0.00226840387921097
Qwen3-8B,native_thinking,4,5,9,min_bhattacharyya,0.41363605111837387,higher,0.41363605111837387,non_thinking,10,0.37238213419914246,higher,0.37238213419914246,0.041253916919231415
Qwen3-8B,native_thinking,4,5,9,mean_bhattacharyya,0.8074527954061826,higher,0.8074527954061826,non_thinking,10,3.8261419451899,higher,3.8261419451899,-3.018689149783717
Qwen3-8B,native_thinking,4,5,9,nc2_class_cosine_deviation,0.28925077709150904,lower,-0.28925077709150904,non_thinking,10,0.6997597941461904,lower,-0.6997597941461904,0.41050901705468135
Qwen3-8B,native_thinking,4,6,9,logistic_precision,0.15384615384615385,higher,0.15384615384615385,non_thinking,10,0.75,higher,0.75,-0.5961538461538461
Qwen3-8B,native_thinking,4,6,9,logistic_recall,0.2222222222222222,higher,0.2222222222222222,non_thinking,10,0.6,higher,0.6,-0.37777777777777777
Qwen3-8B,native_thinking,4,6,9,logistic_f1,0.18181818181818182,higher,0.18181818181818182,non_thinking,10,0.6666666666666666,higher,0.6666666666666666,-0.4848484848484848
Qwen3-8B,native_thinking,4,6,9,ncc_recall,0.1111111111111111,higher,0.1111111111111111,non_thinking,10,0.1,higher,0.1,0.0111111111111111
Qwen3-8B,native_thinking,4,6,9,silhouette_cosine,-0.146542489528656,higher,-0.146542489528656,non_thinking,10,-0.2362934648990631,higher,-0.2362934648990631,0.0897509753704071
Qwen3-8B,native_thinking,4,6,9,within_trace,1390.4053955078125,lower,-1390.4053955078125,non_thinking,10,2002.6185302734375,lower,-2002.6185302734375,612.213134765625
Qwen3-8B,native_thinking,4,6,9,class_nc1_ratio,21.074712249111137,lower,-21.074712249111137,non_thinking,10,5.779512478941737,lower,-5.779512478941737,-15.2951997701694
Qwen3-8B,native_thinking,4,6,9,centroid_nearest_squared,61.874237060546875,higher,61.874237060546875,non_thinking,10,92.76844024658203,higher,92.76844024658203,-30.894203186035156
Qwen3-8B,native_thinking,4,6,9,fisher_nearest,0.044500860871550904,higher,0.044500860871550904,non_thinking,10,0.046323570287704986,higher,0.046323570287704986,-0.0018227094161540822
Qwen3-8B,native_thinking,4,6,9,min_bhattacharyya,0.5851948410272598,higher,0.5851948410272598,non_thinking,10,0.39874616265296936,higher,0.39874616265296936,0.18644867837429047
Qwen3-8B,native_thinking,4,6,9,mean_bhattacharyya,0.8736775865157446,higher,0.8736775865157446,non_thinking,10,4.148399977220429,higher,4.148399977220429,-3.2747223907046847
Qwen3-8B,native_thinking,4,6,9,nc2_class_cosine_deviation,0.14924535704891623,lower,-0.14924535704891623,non_thinking,10,0.7577355492998054,lower,-0.7577355492998054,0.6084901922508892
Qwen3-8B,native_thinking,4,7,9,logistic_precision,0.14285714285714285,higher,0.14285714285714285,non_thinking,10,0.29411764705882354,higher,0.29411764705882354,-0.1512605042016807
Qwen3-8B,native_thinking,4,7,9,logistic_recall,0.1111111111111111,higher,0.1111111111111111,non_thinking,10,0.5,higher,0.5,-0.3888888888888889
Qwen3-8B,native_thinking,4,7,9,logistic_f1,0.125,higher,0.125,non_thinking,10,0.37037037037037035,higher,0.37037037037037035,-0.24537037037037035
Qwen3-8B,native_thinking,4,7,9,ncc_recall,0.0,higher,0.0,non_thinking,10,0.2,higher,0.2,-0.2
Qwen3-8B,native_thinking,4,7,9,silhouette_cosine,-0.14897003769874573,higher,-0.14897003769874573,non_thinking,10,-0.2158481627702713,higher,-0.2158481627702713,0.06687812507152557
Qwen3-8B,native_thinking,4,7,9,within_trace,1908.542724609375,lower,-1908.542724609375,non_thinking,10,1814.8955078125,lower,-1814.8955078125,-93.647216796875
Qwen3-8B,native_thinking,4,7,9,class_nc1_ratio,18.480356932366412,lower,-18.480356932366412,non_thinking,10,3.954126098569306,lower,-3.954126098569306,-14.526230833797106
Qwen3-8B,native_thinking,4,7,9,centroid_nearest_squared,132.70286560058594,higher,132.70286560058594,non_thinking,10,92.76844024658203,higher,92.76844024658203,39.934425354003906
Qwen3-8B,native_thinking,4,7,9,fisher_nearest,0.06953099026260808,higher,0.06953099026260808,non_thinking,10,0.05111503105674451,higher,0.05111503105674451,0.018415959205863565
Qwen3-8B,native_thinking,4,7,9,min_bhattacharyya,0.776627853512764,higher,0.776627853512764,non_thinking,10,0.3136184513568878,higher,0.3136184513568878,0.46300940215587616
Qwen3-8B,native_thinking,4,7,9,mean_bhattacharyya,1.0801370276345148,higher,1.0801370276345148,non_thinking,10,5.497527629137039,higher,5.497527629137039,-4.417390601502524
Qwen3-8B,native_thinking,4,7,9,nc2_class_cosine_deviation,0.0851125782010732,lower,-0.0851125782010732,non_thinking,10,0.7912980770623244,lower,-0.7912980770623244,0.7061854988612511
Qwen3-8B,native_thinking,4,8,9,logistic_precision,0.1111111111111111,higher,0.1111111111111111,non_thinking,10,0.3333333333333333,higher,0.3333333333333333,-0.2222222222222222
Qwen3-8B,native_thinking,4,8,9,logistic_recall,0.1111111111111111,higher,0.1111111111111111,non_thinking,10,0.2,higher,0.2,-0.0888888888888889
Qwen3-8B,native_thinking,4,8,9,logistic_f1,0.1111111111111111,higher,0.1111111111111111,non_thinking,10,0.25,higher,0.25,-0.1388888888888889
Qwen3-8B,native_thinking,4,8,9,ncc_recall,0.5555555555555556,higher,0.5555555555555556,non_thinking,10,0.5,higher,0.5,0.05555555555555558
Qwen3-8B,native_thinking,4,8,9,silhouette_cosine,-0.13027310371398926,higher,-0.13027310371398926,non_thinking,10,-0.20671820640563965,higher,-0.20671820640563965,0.07644510269165039
Qwen3-8B,native_thinking,4,8,9,within_trace,1362.9873046875,lower,-1362.9873046875,non_thinking,10,1587.29736328125,lower,-1587.29736328125,224.31005859375
Qwen3-8B,native_thinking,4,8,9,class_nc1_ratio,20.653197806606595,lower,-20.653197806606595,non_thinking,10,2.787432518660943,lower,-2.787432518660943,-17.865765287945653
Qwen3-8B,native_thinking,4,8,9,centroid_nearest_squared,58.23307800292969,higher,58.23307800292969,non_thinking,10,110.73684692382812,higher,110.73684692382812,-52.50376892089844
Qwen3-8B,native_thinking,4,8,9,fisher_nearest,0.04272459310710977,higher,0.04272459310710977,non_thinking,10,0.06976439921434362,higher,0.06976439921434362,-0.027039806107233846
Qwen3-8B,native_thinking,4,8,9,min_bhattacharyya,0.6314772367477417,higher,0.6314772367477417,non_thinking,10,0.23115968704223633,higher,0.23115968704223633,0.40031754970550537
Qwen3-8B,native_thinking,4,8,9,mean_bhattacharyya,0.8429564833641052,higher,0.8429564833641052,non_thinking,10,4.936085358262062,higher,4.936085358262062,-4.093128874897957
Qwen3-8B,native_thinking,4,8,9,nc2_class_cosine_deviation,0.1576963457290405,lower,-0.1576963457290405,non_thinking,10,0.7946451361532565,lower,-0.7946451361532565,0.6369487904242159
Qwen3-8B,native_thinking,4,9,9,logistic_precision,0.14285714285714285,higher,0.14285714285714285,non_thinking,10,0.25,higher,0.25,-0.10714285714285715
Qwen3-8B,native_thinking,4,9,9,logistic_recall,0.1111111111111111,higher,0.1111111111111111,non_thinking,10,0.3,higher,0.3,-0.18888888888888888
Qwen3-8B,native_thinking,4,9,9,logistic_f1,0.125,higher,0.125,non_thinking,10,0.2727272727272727,higher,0.2727272727272727,-0.1477272727272727
Qwen3-8B,native_thinking,4,9,9,ncc_recall,0.1111111111111111,higher,0.1111111111111111,non_thinking,10,0.3,higher,0.3,-0.18888888888888888
Qwen3-8B,native_thinking,4,9,9,silhouette_cosine,-0.1475219428539276,higher,-0.1475219428539276,non_thinking,10,-0.1833813339471817,higher,-0.1833813339471817,0.03585939109325409
Qwen3-8B,native_thinking,4,9,9,within_trace,1189.969482421875,lower,-1189.969482421875,non_thinking,10,1191.162109375,lower,-1191.162109375,1.192626953125
Qwen3-8B,native_thinking,4,9,9,class_nc1_ratio,33.27252831792587,lower,-33.27252831792587,non_thinking,10,1.2250939258683096,lower,-1.2250939258683096,-32.04743439205756
Qwen3-8B,native_thinking,4,9,9,centroid_nearest_squared,22.767192840576172,higher,22.767192840576172,non_thinking,10,30.390140533447266,higher,30.390140533447266,-7.622947692871094
Qwen3-8B,native_thinking,4,9,9,fisher_nearest,0.019132585479620403,higher,0.019132585479620403,non_thinking,10,0.025513018164582905,higher,0.025513018164582905,-0.006380432684962502
Qwen3-8B,native_thinking,4,9,9,min_bhattacharyya,0.25279997289180756,higher,0.25279997289180756,non_thinking,10,0.23115968704223633,higher,0.23115968704223633,0.021640285849571228
Qwen3-8B,native_thinking,4,9,9,mean_bhattacharyya,0.7031812195976576,higher,0.7031812195976576,non_thinking,10,6.281503905024794,higher,6.281503905024794,-5.578322685427136
Qwen3-8B,native_thinking,4,9,9,nc2_class_cosine_deviation,0.22174764433760702,lower,-0.22174764433760702,non_thinking,10,0.7994845630945984,lower,-0.7994845630945984,0.5777369187569914
Qwen3-8B,native_thinking,4,10,9,logistic_precision,0.13333333333333333,higher,0.13333333333333333,non_thinking,10,0.2857142857142857,higher,0.2857142857142857,-0.15238095238095237
Qwen3-8B,native_thinking,4,10,9,logistic_recall,0.2222222222222222,higher,0.2222222222222222,non_thinking,10,0.2,higher,0.2,0.0222222222222222
Qwen3-8B,native_thinking,4,10,9,logistic_f1,0.16666666666666666,higher,0.16666666666666666,non_thinking,10,0.23529411764705882,higher,0.23529411764705882,-0.06862745098039216
Qwen3-8B,native_thinking,4,10,9,ncc_recall,0.1111111111111111,higher,0.1111111111111111,non_thinking,10,0.4,higher,0.4,-0.2888888888888889
Qwen3-8B,native_thinking,4,10,9,silhouette_cosine,-0.13536328077316284,higher,-0.13536328077316284,non_thinking,10,0.017805729061365128,higher,0.017805729061365128,-0.15316900983452797
Qwen3-8B,native_thinking,4,10,9,within_trace,1335.978759765625,lower,-1335.978759765625,non_thinking,10,979.2257690429688,lower,-979.2257690429688,-356.75299072265625
Qwen3-8B,native_thinking,4,10,9,class_nc1_ratio,21.396250232842657,lower,-21.396250232842657,non_thinking,10,0.8844495264568939,lower,-0.8844495264568939,-20.511800706385763
Qwen3-8B,native_thinking,4,10,9,centroid_nearest_squared,63.77531433105469,higher,63.77531433105469,non_thinking,10,30.390140533447266,higher,30.390140533447266,33.38517379760742
Qwen3-8B,native_thinking,4,10,9,fisher_nearest,0.04773677265815438,higher,0.04773677265815438,non_thinking,10,0.031034866007609872,higher,0.031034866007609872,0.01670190665054451
Qwen3-8B,native_thinking,4,10,9,min_bhattacharyya,0.46912992000579834,higher,0.46912992000579834,non_thinking,10,0.38399481028318405,higher,0.38399481028318405,0.08513510972261429
Qwen3-8B,native_thinking,4,10,9,mean_bhattacharyya,0.8402658949295679,higher,0.8402658949295679,non_thinking,10,9.895400008393658,higher,9.895400008393658,-9.05513411346409
Qwen3-8B,native_thinking,4,10,9,nc2_class_cosine_deviation,0.22328626334575224,lower,-0.22328626334575224,non_thinking,10,0.7854227743766926,lower,-0.7854227743766926,0.5621365110309404
Qwen3-8B,native_thinking,5,1,10,logistic_precision,0.8571428571428571,higher,0.8571428571428571,non_thinking,10,1.0,higher,1.0,-0.1428571428571429
Qwen3-8B,native_thinking,5,1,10,logistic_recall,0.6,higher,0.6,non_thinking,10,1.0,higher,1.0,-0.4
Qwen3-8B,native_thinking,5,1,10,logistic_f1,0.7058823529411765,higher,0.7058823529411765,non_thinking,10,1.0,higher,1.0,-0.2941176470588235
Qwen3-8B,native_thinking,5,1,10,ncc_recall,0.4,higher,0.4,non_thinking,10,1.0,higher,1.0,-0.6
Qwen3-8B,native_thinking,5,1,10,silhouette_cosine,-0.062029995024204254,higher,-0.062029995024204254,non_thinking,10,0.892245888710022,higher,0.892245888710022,-0.9542758837342262
Qwen3-8B,native_thinking,5,1,10,within_trace,1600.583984375,lower,-1600.583984375,non_thinking,10,602.33203125,lower,-602.33203125,-998.251953125
Qwen3-8B,native_thinking,5,1,10,class_nc1_ratio,8.668514780212547,lower,-8.668514780212547,non_thinking,10,0.05567467814683518,lower,-0.05567467814683518,-8.612840102065713
Qwen3-8B,native_thinking,5,1,10,centroid_nearest_squared,160.20248413085938,higher,160.20248413085938,non_thinking,10,6413.02197265625,higher,6413.02197265625,-6252.819488525391
Qwen3-8B,native_thinking,5,1,10,fisher_nearest,0.10009002070167261,higher,0.10009002070167261,non_thinking,10,10.646988106123985,higher,10.646988106123985,-10.546898085422312
Qwen3-8B,native_thinking,5,1,10,min_bhattacharyya,1.1074506640434265,higher,1.1074506640434265,non_thinking,10,15.318347930908203,higher,15.318347930908203,-14.210897266864777
Qwen3-8B,native_thinking,5,1,10,mean_bhattacharyya,1.3585234814220004,higher,1.3585234814220004,non_thinking,10,40.870993508232964,higher,40.870993508232964,-39.512470026810966
Qwen3-8B,native_thinking,5,1,10,nc2_class_cosine_deviation,0.27612912802048667,lower,-0.27612912802048667,non_thinking,10,0.6890777221616404,lower,-0.6890777221616404,0.41294859414115376
Qwen3-8B,native_thinking,5,2,10,logistic_precision,0.29411764705882354,higher,0.29411764705882354,non_thinking,10,0.75,higher,0.75,-0.45588235294117646
Qwen3-8B,native_thinking,5,2,10,logistic_recall,0.5,higher,0.5,non_thinking,10,0.9,higher,0.9,-0.4
Qwen3-8B,native_thinking,5,2,10,logistic_f1,0.37037037037037035,higher,0.37037037037037035,non_thinking,10,0.8181818181818182,higher,0.8181818181818182,-0.4478114478114479
Qwen3-8B,native_thinking,5,2,10,ncc_recall,0.5,higher,0.5,non_thinking,10,0.9,higher,0.9,-0.4
Qwen3-8B,native_thinking,5,2,10,silhouette_cosine,-0.12493523210287094,higher,-0.12493523210287094,non_thinking,10,0.020347217097878456,higher,0.020347217097878456,-0.1452824492007494
Qwen3-8B,native_thinking,5,2,10,within_trace,1022.3952026367188,lower,-1022.3952026367188,non_thinking,10,1454.41796875,lower,-1454.41796875,432.02276611328125
Qwen3-8B,native_thinking,5,2,10,class_nc1_ratio,14.323285780557233,lower,-14.323285780557233,non_thinking,10,0.8967677245176667,lower,-0.8967677245176667,-13.426518056039567
Qwen3-8B,native_thinking,5,2,10,centroid_nearest_squared,75.5262680053711,higher,75.5262680053711,non_thinking,10,917.6503295898438,higher,917.6503295898438,-842.1240615844727
Qwen3-8B,native_thinking,5,2,10,fisher_nearest,0.0738718920145475,higher,0.0738718920145475,non_thinking,10,0.6309399012572147,higher,0.6309399012572147,-0.5570680092426672
Qwen3-8B,native_thinking,5,2,10,min_bhattacharyya,0.6405233889818192,higher,0.6405233889818192,non_thinking,10,1.205665946006775,higher,1.205665946006775,-0.5651425570249557
Qwen3-8B,native_thinking,5,2,10,mean_bhattacharyya,0.924981512957149,higher,0.924981512957149,non_thinking,10,6.931073917282952,higher,6.931073917282952,-6.006092404325804
Qwen3-8B,native_thinking,5,2,10,nc2_class_cosine_deviation,0.2414966925610731,lower,-0.2414966925610731,non_thinking,10,0.6710308885868685,lower,-0.6710308885868685,0.42953419602579546
Qwen3-8B,native_thinking,5,3,9,logistic_precision,0.08333333333333333,higher,0.08333333333333333,non_thinking,10,0.6666666666666666,higher,0.6666666666666666,-0.5833333333333333
Qwen3-8B,native_thinking,5,3,9,logistic_recall,0.1111111111111111,higher,0.1111111111111111,non_thinking,10,0.6,higher,0.6,-0.4888888888888889
Qwen3-8B,native_thinking,5,3,9,logistic_f1,0.09523809523809523,higher,0.09523809523809523,non_thinking,10,0.631578947368421,higher,0.631578947368421,-0.5363408521303258
Qwen3-8B,native_thinking,5,3,9,ncc_recall,0.2222222222222222,higher,0.2222222222222222,non_thinking,10,0.5,higher,0.5,-0.2777777777777778
Qwen3-8B,native_thinking,5,3,9,silhouette_cosine,-0.10677429288625717,higher,-0.10677429288625717,non_thinking,10,-0.2573545575141907,higher,-0.2573545575141907,0.1505802646279335
Qwen3-8B,native_thinking,5,3,9,within_trace,908.53271484375,lower,-908.53271484375,non_thinking,10,1970.694580078125,lower,-1970.694580078125,1062.161865234375
Qwen3-8B,native_thinking,5,3,9,class_nc1_ratio,16.447497789796447,lower,-16.447497789796447,non_thinking,10,6.352902264797884,lower,-6.352902264797884,-10.094595524998564
Qwen3-8B,native_thinking,5,3,9,centroid_nearest_squared,39.39447021484375,higher,39.39447021484375,non_thinking,10,264.30755615234375,higher,264.30755615234375,-224.9130859375
Qwen3-8B,native_thinking,5,3,9,fisher_nearest,0.04336054120144571,higher,0.04336054120144571,non_thinking,10,0.1341189846586302,higher,0.1341189846586302,-0.09075844345718449
Qwen3-8B,native_thinking,5,3,9,min_bhattacharyya,0.5098244994878769,higher,0.5098244994878769,non_thinking,10,0.6383266448974609,higher,0.6383266448974609,-0.12850214540958405
Qwen3-8B,native_thinking,5,3,9,mean_bhattacharyya,1.0743547835283809,higher,1.0743547835283809,non_thinking,10,4.421438680754767,higher,4.421438680754767,-3.3470838972263866
Qwen3-8B,native_thinking,5,3,9,nc2_class_cosine_deviation,0.21348401894907892,lower,-0.21348401894907892,non_thinking,10,0.405912583992805,lower,-0.405912583992805,0.19242856504372607
Qwen3-8B,native_thinking,5,4,9,logistic_precision,0.14285714285714285,higher,0.14285714285714285,non_thinking,10,0.5714285714285714,higher,0.5714285714285714,-0.42857142857142855
Qwen3-8B,native_thinking,5,4,9,logistic_recall,0.1111111111111111,higher,0.1111111111111111,non_thinking,10,0.8,higher,0.8,-0.6888888888888889
Qwen3-8B,native_thinking,5,4,9,logistic_f1,0.125,higher,0.125,non_thinking,10,0.6666666666666666,higher,0.6666666666666666,-0.5416666666666666
Qwen3-8B,native_thinking,5,4,9,ncc_recall,0.1111111111111111,higher,0.1111111111111111,non_thinking,10,0.1,higher,0.1,0.0111111111111111
Qwen3-8B,native_thinking,5,4,9,silhouette_cosine,-0.16548140347003937,higher,-0.16548140347003937,non_thinking,10,-0.19518736004829407,higher,-0.19518736004829407,0.0297059565782547
Qwen3-8B,native_thinking,5,4,9,within_trace,1046.6055908203125,lower,-1046.6055908203125,non_thinking,10,2097.28564453125,lower,-2097.28564453125,1050.6800537109375
Qwen3-8B,native_thinking,5,4,9,class_nc1_ratio,65.93624789524088,lower,-65.93624789524088,non_thinking,10,9.958010029333181,lower,-9.958010029333181,-55.9782378659077
Qwen3-8B,native_thinking,5,4,9,centroid_nearest_squared,24.29664421081543,higher,24.29664421081543,non_thinking,10,99.48979187011719,higher,99.48979187011719,-75.19314765930176
Qwen3-8B,native_thinking,5,4,9,fisher_nearest,0.02321470898294372,higher,0.02321470898294372,non_thinking,10,0.0474374065972084,higher,0.0474374065972084,-0.024222697614264682
Qwen3-8B,native_thinking,5,4,9,min_bhattacharyya,0.2809232175350189,higher,0.2809232175350189,non_thinking,10,0.4102148115634918,higher,0.4102148115634918,-0.1292915940284729
Qwen3-8B,native_thinking,5,4,9,mean_bhattacharyya,0.6450286714567078,higher,0.6450286714567078,non_thinking,10,5.264286071062088,higher,5.264286071062088,-4.61925739960538
Qwen3-8B,native_thinking,5,4,9,nc2_class_cosine_deviation,0.25414015014690383,lower,-0.25414015014690383,non_thinking,10,0.4734909703702102,lower,-0.4734909703702102,0.21935082022330638
Qwen3-8B,native_thinking,5,5,9,logistic_precision,0.5,higher,0.5,non_thinking,10,0.6,higher,0.6,-0.09999999999999998
Qwen3-8B,native_thinking,5,5,9,logistic_recall,0.2222222222222222,higher,0.2222222222222222,non_thinking,10,0.3,higher,0.3,-0.07777777777777778
Qwen3-8B,native_thinking,5,5,9,logistic_f1,0.3076923076923077,higher,0.3076923076923077,non_thinking,10,0.4,higher,0.4,-0.09230769230769231
Qwen3-8B,native_thinking,5,5,9,ncc_recall,0.1111111111111111,higher,0.1111111111111111,non_thinking,10,0.5,higher,0.5,-0.3888888888888889
Qwen3-8B,native_thinking,5,5,9,silhouette_cosine,-0.14971734583377838,higher,-0.14971734583377838,non_thinking,10,-0.2797495722770691,higher,-0.2797495722770691,0.1300322264432907
Qwen3-8B,native_thinking,5,5,9,within_trace,926.8245239257812,lower,-926.8245239257812,non_thinking,10,1992.4365234375,lower,-1992.4365234375,1065.6119995117188
Qwen3-8B,native_thinking,5,5,9,class_nc1_ratio,114.43929729958519,lower,-114.43929729958519,non_thinking,10,9.704625319418772,lower,-9.704625319418772,-104.73467198016642
Qwen3-8B,native_thinking,5,5,9,centroid_nearest_squared,21.550691604614258,higher,21.550691604614258,non_thinking,10,90.23931884765625,higher,90.23931884765625,-68.68862724304199
Qwen3-8B,native_thinking,5,5,9,fisher_nearest,0.023252181020557462,higher,0.023252181020557462,non_thinking,10,0.0452909378974687,higher,0.0452909378974687,-0.022038756876911238
Qwen3-8B,native_thinking,5,5,9,min_bhattacharyya,0.32934102416038513,higher,0.32934102416038513,non_thinking,10,0.4102148115634918,higher,0.4102148115634918,-0.08087378740310669
Qwen3-8B,native_thinking,5,5,9,mean_bhattacharyya,0.7715050110386478,higher,0.7715050110386478,non_thinking,10,4.6228608472479715,higher,4.6228608472479715,-3.851355836209324
Qwen3-8B,native_thinking,5,5,9,nc2_class_cosine_deviation,0.26403045583010454,lower,-0.26403045583010454,non_thinking,10,0.7321931748294536,lower,-0.7321931748294536,0.468162718999349
Qwen3-8B,native_thinking,5,6,9,logistic_precision,0.15384615384615385,higher,0.15384615384615385,non_thinking,10,0.45454545454545453,higher,0.45454545454545453,-0.3006993006993007
Qwen3-8B,native_thinking,5,6,9,logistic_recall,0.2222222222222222,higher,0.2222222222222222,non_thinking,10,0.5,higher,0.5,-0.2777777777777778
Qwen3-8B,native_thinking,5,6,9,logistic_f1,0.18181818181818182,higher,0.18181818181818182,non_thinking,10,0.47619047619047616,higher,0.47619047619047616,-0.29437229437229434
Qwen3-8B,native_thinking,5,6,9,ncc_recall,0.1111111111111111,higher,0.1111111111111111,non_thinking,10,0.2,higher,0.2,-0.0888888888888889
Qwen3-8B,native_thinking,5,6,9,silhouette_cosine,-0.1517581343650818,higher,-0.1517581343650818,non_thinking,10,-0.2545453608036041,higher,-0.2545453608036041,0.10278722643852234
Qwen3-8B,native_thinking,5,6,9,within_trace,1122.7711181640625,lower,-1122.7711181640625,non_thinking,10,1692.819091796875,lower,-1692.819091796875,570.0479736328125
Qwen3-8B,native_thinking,5,6,9,class_nc1_ratio,41.96103313410976,lower,-41.96103313410976,non_thinking,10,5.352893633996177,lower,-5.352893633996177,-36.60813950011359
Qwen3-8B,native_thinking,5,6,9,centroid_nearest_squared,21.550691604614258,higher,21.550691604614258,non_thinking,10,80.0474853515625,higher,80.0474853515625,-58.49679374694824
Qwen3-8B,native_thinking,5,6,9,fisher_nearest,0.01919419840426035,higher,0.01919419840426035,non_thinking,10,0.047286497263328106,higher,0.047286497263328106,-0.028092298859067756
Qwen3-8B,native_thinking,5,6,9,min_bhattacharyya,0.3674398958683014,higher,0.3674398958683014,non_thinking,10,0.46290943026542664,higher,0.46290943026542664,-0.09546953439712524
Qwen3-8B,native_thinking,5,6,9,mean_bhattacharyya,0.7348656319081783,higher,0.7348656319081783,non_thinking,10,5.273577797744009,higher,5.273577797744009,-4.538712165835831
Qwen3-8B,native_thinking,5,6,9,nc2_class_cosine_deviation,0.23455616781189118,lower,-0.23455616781189118,non_thinking,10,0.7645914113080061,lower,-0.7645914113080061,0.530035243496115
Qwen3-8B,native_thinking,5,7,9,logistic_precision,0.15384615384615385,higher,0.15384615384615385,non_thinking,10,0.38461538461538464,higher,0.38461538461538464,-0.23076923076923078
Qwen3-8B,native_thinking,5,7,9,logistic_recall,0.2222222222222222,higher,0.2222222222222222,non_thinking,10,0.5,higher,0.5,-0.2777777777777778
Qwen3-8B,native_thinking,5,7,9,logistic_f1,0.18181818181818182,higher,0.18181818181818182,non_thinking,10,0.43478260869565216,higher,0.43478260869565216,-0.25296442687747034
Qwen3-8B,native_thinking,5,7,9,ncc_recall,0.1111111111111111,higher,0.1111111111111111,non_thinking,10,0.2,higher,0.2,-0.0888888888888889
Qwen3-8B,native_thinking,5,7,9,silhouette_cosine,-0.16143904626369476,higher,-0.16143904626369476,non_thinking,10,-0.26056915521621704,higher,-0.26056915521621704,0.09913010895252228
Qwen3-8B,native_thinking,5,7,9,within_trace,1824.833740234375,lower,-1824.833740234375,non_thinking,10,1467.979736328125,lower,-1467.979736328125,-356.85400390625
Qwen3-8B,native_thinking,5,7,9,class_nc1_ratio,19.734060690213212,lower,-19.734060690213212,non_thinking,10,3.2218622601303584,lower,-3.2218622601303584,-16.512198430082854
Qwen3-8B,native_thinking,5,7,9,centroid_nearest_squared,102.92037200927734,higher,102.92037200927734,non_thinking,10,80.0474853515625,higher,80.0474853515625,22.872886657714844
Qwen3-8B,native_thinking,5,7,9,fisher_nearest,0.05639986248613456,higher,0.05639986248613456,non_thinking,10,0.0545290124724652,higher,0.0545290124724652,0.0018708500136693576
Qwen3-8B,native_thinking,5,7,9,min_bhattacharyya,0.6816580817103386,higher,0.6816580817103386,non_thinking,10,0.39197640120983124,higher,0.39197640120983124,0.28968168050050735
Qwen3-8B,native_thinking,5,7,9,mean_bhattacharyya,1.011330289973153,higher,1.011330289973153,non_thinking,10,6.651374735765987,higher,6.651374735765987,-5.640044445792834
Qwen3-8B,native_thinking,5,7,9,nc2_class_cosine_deviation,0.0808598565650575,lower,-0.0808598565650575,non_thinking,10,0.8038592095728274,lower,-0.8038592095728274,0.72299935300777
Qwen3-8B,native_thinking,5,8,9,logistic_precision,0.0,higher,0.0,non_thinking,10,0.2222222222222222,higher,0.2222222222222222,-0.2222222222222222
Qwen3-8B,native_thinking,5,8,9,logistic_recall,0.0,higher,0.0,non_thinking,10,0.2,higher,0.2,-0.2
Qwen3-8B,native_thinking,5,8,9,logistic_f1,0.0,higher,0.0,non_thinking,10,0.21052631578947367,higher,0.21052631578947367,-0.21052631578947367
Qwen3-8B,native_thinking,5,8,9,ncc_recall,0.2222222222222222,higher,0.2222222222222222,non_thinking,10,0.2,higher,0.2,0.0222222222222222
Qwen3-8B,native_thinking,5,8,9,silhouette_cosine,-0.12213015556335449,higher,-0.12213015556335449,non_thinking,10,-0.2209033966064453,higher,-0.2209033966064453,0.09877324104309082
Qwen3-8B,native_thinking,5,8,9,within_trace,1273.382080078125,lower,-1273.382080078125,non_thinking,10,1231.9521484375,lower,-1231.9521484375,-41.429931640625
Qwen3-8B,native_thinking,5,8,9,class_nc1_ratio,20.731361237126137,lower,-20.731361237126137,non_thinking,10,1.9824854693684821,lower,-1.9824854693684821,-18.748875767757657
Qwen3-8B,native_thinking,5,8,9,centroid_nearest_squared,53.76231384277344,higher,53.76231384277344,non_thinking,10,99.38492584228516,higher,99.38492584228516,-45.62261199951172
Qwen3-8B,native_thinking,5,8,9,fisher_nearest,0.0422200961391533,higher,0.0422200961391533,non_thinking,10,0.08067271603717423,higher,0.08067271603717423,-0.03845261989802093
Qwen3-8B,native_thinking,5,8,9,min_bhattacharyya,0.5606017932295799,higher,0.5606017932295799,non_thinking,10,0.2425951510667801,higher,0.2425951510667801,0.31800664216279984
Qwen3-8B,native_thinking,5,8,9,mean_bhattacharyya,0.7991682324144576,higher,0.7991682324144576,non_thinking,10,6.491815646489461,higher,6.491815646489461,-5.692647414075004
Qwen3-8B,native_thinking,5,8,9,nc2_class_cosine_deviation,0.20025066359911436,lower,-0.20025066359911436,non_thinking,10,0.8014657983073482,lower,-0.8014657983073482,0.6012151347082338
Qwen3-8B,native_thinking,5,9,9,logistic_precision,0.14285714285714285,higher,0.14285714285714285,non_thinking,10,0.4444444444444444,higher,0.4444444444444444,-0.30158730158730157
Qwen3-8B,native_thinking,5,9,9,logistic_recall,0.1111111111111111,higher,0.1111111111111111,non_thinking,10,0.4,higher,0.4,-0.2888888888888889
Qwen3-8B,native_thinking,5,9,9,logistic_f1,0.125,higher,0.125,non_thinking,10,0.42105263157894735,higher,0.42105263157894735,-0.29605263157894735
Qwen3-8B,native_thinking,5,9,9,ncc_recall,0.0,higher,0.0,non_thinking,10,0.2,higher,0.2,-0.2
Qwen3-8B,native_thinking,5,9,9,silhouette_cosine,-0.14698606729507446,higher,-0.14698606729507446,non_thinking,10,-0.19412437081336975,higher,-0.19412437081336975,0.04713830351829529
Qwen3-8B,native_thinking,5,9,9,within_trace,1191.3885498046875,lower,-1191.3885498046875,non_thinking,10,918.756591796875,lower,-918.756591796875,-272.6319580078125
Qwen3-8B,native_thinking,5,9,9,class_nc1_ratio,25.785685095818337,lower,-25.785685095818337,non_thinking,10,0.9109988460610557,lower,-0.9109988460610557,-24.874686249757282
Qwen3-8B,native_thinking,5,9,9,centroid_nearest_squared,37.705623626708984,higher,37.705623626708984,non_thinking,10,35.45707321166992,higher,35.45707321166992,2.2485504150390625
Qwen3-8B,native_thinking,5,9,9,fisher_nearest,0.03164846903463218,higher,0.03164846903463218,non_thinking,10,0.03859245585637008,higher,0.03859245585637008,-0.006943986821737899
Qwen3-8B,native_thinking,5,9,9,min_bhattacharyya,0.2809232175350189,higher,0.2809232175350189,non_thinking,10,0.2425951510667801,higher,0.2425951510667801,0.03832806646823883
Qwen3-8B,native_thinking,5,9,9,mean_bhattacharyya,0.703843871752421,higher,0.703843871752421,non_thinking,10,8.213600426084465,higher,8.213600426084465,-7.509756554332044
Qwen3-8B,native_thinking,5,9,9,nc2_class_cosine_deviation,0.24948797549730464,lower,-0.24948797549730464,non_thinking,10,0.8161509390230532,lower,-0.8161509390230532,0.5666629635257486
Qwen3-8B,native_thinking,5,10,9,logistic_precision,0.2857142857142857,higher,0.2857142857142857,non_thinking,10,0.625,higher,0.625,-0.3392857142857143
Qwen3-8B,native_thinking,5,10,9,logistic_recall,0.2222222222222222,higher,0.2222222222222222,non_thinking,10,0.5,higher,0.5,-0.2777777777777778
Qwen3-8B,native_thinking,5,10,9,logistic_f1,0.25,higher,0.25,non_thinking,10,0.5555555555555556,higher,0.5555555555555556,-0.3055555555555556
Qwen3-8B,native_thinking,5,10,9,ncc_recall,0.3333333333333333,higher,0.3333333333333333,non_thinking,10,0.5,higher,0.5,-0.16666666666666669
Qwen3-8B,native_thinking,5,10,9,silhouette_cosine,-0.14615295827388763,higher,-0.14615295827388763,non_thinking,10,0.05522700026631355,higher,0.05522700026631355,-0.2013799585402012
Qwen3-8B,native_thinking,5,10,9,within_trace,1897.30078125,lower,-1897.30078125,non_thinking,10,715.77783203125,lower,-715.77783203125,-1181.52294921875
Qwen3-8B,native_thinking,5,10,9,class_nc1_ratio,14.905588308601487,lower,-14.905588308601487,non_thinking,10,0.6085370372211287,lower,-0.6085370372211287,-14.297051271380358
Qwen3-8B,native_thinking,5,10,9,centroid_nearest_squared,142.8797149658203,higher,142.8797149658203,non_thinking,10,35.45707321166992,higher,35.45707321166992,107.42264175415039
Qwen3-8B,native_thinking,5,10,9,fisher_nearest,0.07530683399164932,higher,0.07530683399164932,non_thinking,10,0.04953642265093495,higher,0.04953642265093495,0.025770411340714373
Qwen3-8B,native_thinking,5,10,9,min_bhattacharyya,0.8245041370391846,higher,0.8245041370391846,non_thinking,10,0.4502009227871895,higher,0.4502009227871895,0.3743032142519951
Qwen3-8B,native_thinking,5,10,9,mean_bhattacharyya,1.109807203213374,higher,1.109807203213374,non_thinking,10,12.519120170838303,higher,12.519120170838303,-11.40931296762493
Qwen3-8B,native_thinking,5,10,9,nc2_class_cosine_deviation,0.14562086462054724,lower,-0.14562086462054724,non_thinking,10,0.803850437755938,lower,-0.803850437755938,0.6582295731353908
Qwen3-8B,native_thinking,6,1,10,logistic_precision,0.6363636363636364,higher,0.6363636363636364,non_thinking,10,1.0,higher,1.0,-0.36363636363636365
Qwen3-8B,native_thinking,6,1,10,logistic_recall,0.7,higher,0.7,non_thinking,10,0.9,higher,0.9,-0.20000000000000007
Qwen3-8B,native_thinking,6,1,10,logistic_f1,0.6666666666666666,higher,0.6666666666666666,non_thinking,10,0.9473684210526315,higher,0.9473684210526315,-0.2807017543859649
Qwen3-8B,native_thinking,6,1,10,ncc_recall,0.7,higher,0.7,non_thinking,10,1.0,higher,1.0,-0.30000000000000004
Qwen3-8B,native_thinking,6,1,10,silhouette_cosine,-0.047296248376369476,higher,-0.047296248376369476,non_thinking,10,0.9084210395812988,higher,0.9084210395812988,-0.9557172879576683
Qwen3-8B,native_thinking,6,1,10,within_trace,1069.8385009765625,lower,-1069.8385009765625,non_thinking,10,488.7836608886719,lower,-488.7836608886719,-581.0548400878906
Qwen3-8B,native_thinking,6,1,10,class_nc1_ratio,6.5135936191185575,lower,-6.5135936191185575,non_thinking,10,0.045002152778525054,lower,-0.045002152778525054,-6.468591466340032
Qwen3-8B,native_thinking,6,1,10,centroid_nearest_squared,114.72118377685547,higher,114.72118377685547,non_thinking,10,6475.1025390625,higher,6475.1025390625,-6360.3813552856445
Qwen3-8B,native_thinking,6,1,10,fisher_nearest,0.10723224456040466,higher,0.10723224456040466,non_thinking,10,13.247379274687551,higher,13.247379274687551,-13.140147030127146
Qwen3-8B,native_thinking,6,1,10,min_bhattacharyya,0.6374505162239075,higher,0.6374505162239075,non_thinking,10,17.564916610717773,higher,17.564916610717773,-16.927466094493866
Qwen3-8B,native_thinking,6,1,10,mean_bhattacharyya,1.11695796251297,higher,1.11695796251297,non_thinking,10,44.44063758850098,higher,44.44063758850098,-43.32367962598801
Qwen3-8B,native_thinking,6,1,10,nc2_class_cosine_deviation,0.2961349135931627,lower,-0.2961349135931627,non_thinking,10,0.688085289924969,lower,-0.688085289924969,0.3919503763318063
Qwen3-8B,native_thinking,6,2,10,logistic_precision,0.5,higher,0.5,non_thinking,10,0.9090909090909091,higher,0.9090909090909091,-0.40909090909090906
Qwen3-8B,native_thinking,6,2,10,logistic_recall,0.5,higher,0.5,non_thinking,10,1.0,higher,1.0,-0.5
Qwen3-8B,native_thinking,6,2,10,logistic_f1,0.5,higher,0.5,non_thinking,10,0.9523809523809523,higher,0.9523809523809523,-0.45238095238095233
Qwen3-8B,native_thinking,6,2,10,ncc_recall,0.2,higher,0.2,non_thinking,10,1.0,higher,1.0,-0.8
Qwen3-8B,native_thinking,6,2,10,silhouette_cosine,-0.12769517302513123,higher,-0.12769517302513123,non_thinking,10,0.12891826033592224,higher,0.12891826033592224,-0.25661343336105347
Qwen3-8B,native_thinking,6,2,10,within_trace,1084.85595703125,lower,-1084.85595703125,non_thinking,10,1289.377197265625,lower,-1289.377197265625,204.521240234375
Qwen3-8B,native_thinking,6,2,10,class_nc1_ratio,15.802306573319157,lower,-15.802306573319157,non_thinking,10,0.6982515896178123,lower,-0.6982515896178123,-15.104054983701346
Qwen3-8B,native_thinking,6,2,10,centroid_nearest_squared,73.64534759521484,higher,73.64534759521484,non_thinking,10,1077.94384765625,higher,1077.94384765625,-1004.2985000610352
Qwen3-8B,native_thinking,6,2,10,fisher_nearest,0.06788490869953663,higher,0.06788490869953663,non_thinking,10,0.8360190097531114,higher,0.8360190097531114,-0.7681341010535747
Qwen3-8B,native_thinking,6,2,10,min_bhattacharyya,0.5923229455947876,higher,0.5923229455947876,non_thinking,10,1.656478762626648,higher,1.656478762626648,-1.0641558170318604
Qwen3-8B,native_thinking,6,2,10,mean_bhattacharyya,0.7978278862105476,higher,0.7978278862105476,non_thinking,10,8.439624137348599,higher,8.439624137348599,-7.641796251138051
Qwen3-8B,native_thinking,6,2,10,nc2_class_cosine_deviation,0.29406585755907455,lower,-0.29406585755907455,non_thinking,10,0.6706023046999802,lower,-0.6706023046999802,0.3765364471409056
Qwen3-8B,native_thinking,6,3,9,logistic_precision,0.2727272727272727,higher,0.2727272727272727,non_thinking,10,0.7777777777777778,higher,0.7777777777777778,-0.5050505050505051
Qwen3-8B,native_thinking,6,3,9,logistic_recall,0.3333333333333333,higher,0.3333333333333333,non_thinking,10,0.7,higher,0.7,-0.36666666666666664
Qwen3-8B,native_thinking,6,3,9,logistic_f1,0.3,higher,0.3,non_thinking,10,0.7368421052631579,higher,0.7368421052631579,-0.43684210526315786
Qwen3-8B,native_thinking,6,3,9,ncc_recall,0.3333333333333333,higher,0.3333333333333333,non_thinking,10,0.4,higher,0.4,-0.06666666666666671
Qwen3-8B,native_thinking,6,3,9,silhouette_cosine,-0.1133255586028099,higher,-0.1133255586028099,non_thinking,10,-0.26571252942085266,higher,-0.26571252942085266,0.15238697081804276
Qwen3-8B,native_thinking,6,3,9,within_trace,999.552490234375,lower,-999.552490234375,non_thinking,10,1910.6837158203125,lower,-1910.6837158203125,911.1312255859375
Qwen3-8B,native_thinking,6,3,9,class_nc1_ratio,19.745877196735496,lower,-19.745877196735496,non_thinking,10,6.408144190876392,lower,-6.408144190876392,-13.337733005859103
Qwen3-8B,native_thinking,6,3,9,centroid_nearest_squared,37.84547805786133,higher,37.84547805786133,non_thinking,10,264.193359375,higher,264.193359375,-226.34788131713867
Qwen3-8B,native_thinking,6,3,9,fisher_nearest,0.03786242186139452,higher,0.03786242186139452,non_thinking,10,0.13827163396406195,higher,0.13827163396406195,-0.10040921210266743
Qwen3-8B,native_thinking,6,3,9,min_bhattacharyya,0.3626876771450043,higher,0.3626876771450043,non_thinking,10,0.659969687461853,higher,0.659969687461853,-0.29728201031684875
Qwen3-8B,native_thinking,6,3,9,mean_bhattacharyya,0.8230186435911391,higher,0.8230186435911391,non_thinking,10,4.608858505884807,higher,4.608858505884807,-3.7858398622936678
Qwen3-8B,native_thinking,6,3,9,nc2_class_cosine_deviation,0.20530670556458241,lower,-0.20530670556458241,non_thinking,10,0.39205837424522566,lower,-0.39205837424522566,0.18675166868064325
Qwen3-8B,native_thinking,6,4,9,logistic_precision,0.25,higher,0.25,non_thinking,10,0.5333333333333333,higher,0.5333333333333333,-0.2833333333333333
Qwen3-8B,native_thinking,6,4,9,logistic_recall,0.2222222222222222,higher,0.2222222222222222,non_thinking,10,0.8,higher,0.8,-0.5777777777777778
Qwen3-8B,native_thinking,6,4,9,logistic_f1,0.23529411764705882,higher,0.23529411764705882,non_thinking,10,0.64,higher,0.64,-0.4047058823529412
Qwen3-8B,native_thinking,6,4,9,ncc_recall,0.1111111111111111,higher,0.1111111111111111,non_thinking,10,0.2,higher,0.2,-0.0888888888888889
Qwen3-8B,native_thinking,6,4,9,silhouette_cosine,-0.16255596280097961,higher,-0.16255596280097961,non_thinking,10,-0.21632857620716095,higher,-0.21632857620716095,0.053772613406181335
Qwen3-8B,native_thinking,6,4,9,within_trace,1052.018310546875,lower,-1052.018310546875,non_thinking,10,1974.326171875,lower,-1974.326171875,922.307861328125
Qwen3-8B,native_thinking,6,4,9,class_nc1_ratio,79.4959984449139,lower,-79.4959984449139,non_thinking,10,9.701215385668897,lower,-9.701215385668897,-69.79478305924499
Qwen3-8B,native_thinking,6,4,9,centroid_nearest_squared,23.793458938598633,higher,23.793458938598633,non_thinking,10,119.59712982177734,higher,119.59712982177734,-95.80367088317871
Qwen3-8B,native_thinking,6,4,9,fisher_nearest,0.022616962746808068,higher,0.022616962746808068,non_thinking,10,0.0605761760774295,higher,0.0605761760774295,-0.03795921333062144
Qwen3-8B,native_thinking,6,4,9,min_bhattacharyya,0.27577973157167435,higher,0.27577973157167435,non_thinking,10,0.4910145252943039,higher,0.4910145252943039,-0.21523479372262955
Qwen3-8B,native_thinking,6,4,9,mean_bhattacharyya,0.5296362969610426,higher,0.5296362969610426,non_thinking,10,5.591313764452934,higher,5.591313764452934,-5.061677467491892
Qwen3-8B,native_thinking,6,4,9,nc2_class_cosine_deviation,0.21732495449207448,lower,-0.21732495449207448,non_thinking,10,0.4885445638203326,lower,-0.4885445638203326,0.27121960932825817
Qwen3-8B,native_thinking,6,5,9,logistic_precision,0.0,higher,0.0,non_thinking,10,0.3333333333333333,higher,0.3333333333333333,-0.3333333333333333
Qwen3-8B,native_thinking,6,5,9,logistic_recall,0.0,higher,0.0,non_thinking,10,0.2,higher,0.2,-0.2
Qwen3-8B,native_thinking,6,5,9,logistic_f1,0.0,higher,0.0,non_thinking,10,0.25,higher,0.25,-0.25
Qwen3-8B,native_thinking,6,5,9,ncc_recall,0.0,higher,0.0,non_thinking,10,0.4,higher,0.4,-0.4
Qwen3-8B,native_thinking,6,5,9,silhouette_cosine,-0.15076082944869995,higher,-0.15076082944869995,non_thinking,10,-0.26400941610336304,higher,-0.26400941610336304,0.11324858665466309
Qwen3-8B,native_thinking,6,5,9,within_trace,947.4034423828125,lower,-947.4034423828125,non_thinking,10,1825.847412109375,lower,-1825.847412109375,878.4439697265625
Qwen3-8B,native_thinking,6,5,9,class_nc1_ratio,75.52992347095618,lower,-75.52992347095618,non_thinking,10,7.449084491150991,lower,-7.449084491150991,-68.08083897980518
Qwen3-8B,native_thinking,6,5,9,centroid_nearest_squared,23.793458938598633,higher,23.793458938598633,non_thinking,10,75.02507019042969,higher,75.02507019042969,-51.231611251831055
Qwen3-8B,native_thinking,6,5,9,fisher_nearest,0.025114389365902823,higher,0.025114389365902823,non_thinking,10,0.04109054770560171,higher,0.04109054770560171,-0.015976158339698884
Qwen3-8B,native_thinking,6,5,9,min_bhattacharyya,0.2922910824418068,higher,0.2922910824418068,non_thinking,10,0.4910145252943039,higher,0.4910145252943039,-0.1987234428524971
Qwen3-8B,native_thinking,6,5,9,mean_bhattacharyya,0.6677654228276677,higher,0.6677654228276677,non_thinking,10,5.524905886914995,higher,5.524905886914995,-4.857140464087328
Qwen3-8B,native_thinking,6,5,9,nc2_class_cosine_deviation,0.1627290055707649,lower,-0.1627290055707649,non_thinking,10,0.7438915210005678,lower,-0.7438915210005678,0.5811625154298029
Qwen3-8B,native_thinking,6,6,9,logistic_precision,0.25,higher,0.25,non_thinking,10,0.3076923076923077,higher,0.3076923076923077,-0.05769230769230771
Qwen3-8B,native_thinking,6,6,9,logistic_recall,0.3333333333333333,higher,0.3333333333333333,non_thinking,10,0.4,higher,0.4,-0.06666666666666671
Qwen3-8B,native_thinking,6,6,9,logistic_f1,0.2857142857142857,higher,0.2857142857142857,non_thinking,10,0.34782608695652173,higher,0.34782608695652173,-0.06211180124223603
Qwen3-8B,native_thinking,6,6,9,ncc_recall,0.4444444444444444,higher,0.4444444444444444,non_thinking,10,0.0,higher,0.0,0.4444444444444444
Qwen3-8B,native_thinking,6,6,9,silhouette_cosine,-0.1370747834444046,higher,-0.1370747834444046,non_thinking,10,-0.2523924708366394,higher,-0.2523924708366394,0.1153176873922348
Qwen3-8B,native_thinking,6,6,9,within_trace,1046.529541015625,lower,-1046.529541015625,non_thinking,10,1588.8262939453125,lower,-1588.8262939453125,542.2967529296875
Qwen3-8B,native_thinking,6,6,9,class_nc1_ratio,46.82302043875532,lower,-46.82302043875532,non_thinking,10,4.865251594383128,lower,-4.865251594383128,-41.9577688443722
Qwen3-8B,native_thinking,6,6,9,centroid_nearest_squared,26.662622451782227,higher,26.662622451782227,non_thinking,10,65.69189453125,higher,65.69189453125,-39.02927207946777
Qwen3-8B,native_thinking,6,6,9,fisher_nearest,0.025477180917326963,higher,0.025477180917326963,non_thinking,10,0.041346177855683904,higher,0.041346177855683904,-0.01586899693835694
Qwen3-8B,native_thinking,6,6,9,min_bhattacharyya,0.28586314618587494,higher,0.28586314618587494,non_thinking,10,0.4306267201900482,higher,0.4306267201900482,-0.14476357400417328
Qwen3-8B,native_thinking,6,6,9,mean_bhattacharyya,0.6625559156139692,higher,0.6625559156139692,non_thinking,10,5.731310743424627,higher,5.731310743424627,-5.0687548278106584
Qwen3-8B,native_thinking,6,6,9,nc2_class_cosine_deviation,0.2744981810898969,lower,-0.2744981810898969,non_thinking,10,0.773926780179695,lower,-0.773926780179695,0.4994285990897981
Qwen3-8B,native_thinking,6,7,9,logistic_precision,0.2222222222222222,higher,0.2222222222222222,non_thinking,10,0.36363636363636365,higher,0.36363636363636365,-0.14141414141414144
Qwen3-8B,native_thinking,6,7,9,logistic_recall,0.2222222222222222,higher,0.2222222222222222,non_thinking,10,0.4,higher,0.4,-0.1777777777777778
Qwen3-8B,native_thinking,6,7,9,logistic_f1,0.2222222222222222,higher,0.2222222222222222,non_thinking,10,0.38095238095238093,higher,0.38095238095238093,-0.15873015873015872
Qwen3-8B,native_thinking,6,7,9,ncc_recall,0.1111111111111111,higher,0.1111111111111111,non_thinking,10,0.2,higher,0.2,-0.0888888888888889
Qwen3-8B,native_thinking,6,7,9,silhouette_cosine,-0.15177464485168457,higher,-0.15177464485168457,non_thinking,10,-0.27479177713394165,higher,-0.27479177713394165,0.12301713228225708
Qwen3-8B,native_thinking,6,7,9,within_trace,1823.567138671875,lower,-1823.567138671875,non_thinking,10,1422.0723876953125,lower,-1422.0723876953125,-401.4947509765625
Qwen3-8B,native_thinking,6,7,9,class_nc1_ratio,21.102501406304793,lower,-21.102501406304793,non_thinking,10,3.1536856102417627,lower,-3.1536856102417627,-17.94881579606303
Qwen3-8B,native_thinking,6,7,9,centroid_nearest_squared,104.41893768310547,higher,104.41893768310547,non_thinking,10,65.69189453125,higher,65.69189453125,38.72704315185547
Qwen3-8B,native_thinking,6,7,9,fisher_nearest,0.057260813418229826,higher,0.057260813418229826,non_thinking,10,0.04619448004170437,higher,0.04619448004170437,0.011066333376525454
Qwen3-8B,native_thinking,6,7,9,min_bhattacharyya,0.6844446510076523,higher,0.6844446510076523,non_thinking,10,0.4306267201900482,higher,0.4306267201900482,0.25381793081760406
Qwen3-8B,native_thinking,6,7,9,mean_bhattacharyya,0.9490036012397872,higher,0.9490036012397872,non_thinking,10,7.08571015463935,higher,7.08571015463935,-6.136706553399563
Qwen3-8B,native_thinking,6,7,9,nc2_class_cosine_deviation,0.07374138316070591,lower,-0.07374138316070591,non_thinking,10,0.8135651835688839,lower,-0.8135651835688839,0.739823800408178
Qwen3-8B,native_thinking,6,8,9,logistic_precision,0.3,higher,0.3,non_thinking,10,0.25,higher,0.25,0.04999999999999999
Qwen3-8B,native_thinking,6,8,9,logistic_recall,0.3333333333333333,higher,0.3333333333333333,non_thinking,10,0.2,higher,0.2,0.1333333333333333
Qwen3-8B,native_thinking,6,8,9,logistic_f1,0.3157894736842105,higher,0.3157894736842105,non_thinking,10,0.2222222222222222,higher,0.2222222222222222,0.0935672514619883
Qwen3-8B,native_thinking,6,8,9,ncc_recall,0.1111111111111111,higher,0.1111111111111111,non_thinking,10,0.2,higher,0.2,-0.0888888888888889
Qwen3-8B,native_thinking,6,8,9,silhouette_cosine,-0.125709667801857,higher,-0.125709667801857,non_thinking,10,-0.2324438989162445,higher,-0.2324438989162445,0.10673423111438751
Qwen3-8B,native_thinking,6,8,9,within_trace,1231.8519287109375,lower,-1231.8519287109375,non_thinking,10,1130.40087890625,lower,-1130.40087890625,-101.4510498046875
Qwen3-8B,native_thinking,6,8,9,class_nc1_ratio,19.410402177972117,lower,-19.410402177972117,non_thinking,10,1.8233872639367035,lower,-1.8233872639367035,-17.587014914035414
Qwen3-8B,native_thinking,6,8,9,centroid_nearest_squared,59.263973236083984,higher,59.263973236083984,non_thinking,10,80.80233764648438,higher,80.80233764648438,-21.53836441040039
Qwen3-8B,native_thinking,6,8,9,fisher_nearest,0.04810965657057528,higher,0.04810965657057528,non_thinking,10,0.07148113483834767,higher,0.07148113483834767,-0.02337147826777239
Qwen3-8B,native_thinking,6,8,9,min_bhattacharyya,0.41828179359436035,higher,0.41828179359436035,non_thinking,10,0.24010839313268661,higher,0.24010839313268661,0.17817340046167374
Qwen3-8B,native_thinking,6,8,9,mean_bhattacharyya,0.6985227465629578,higher,0.6985227465629578,non_thinking,10,7.265569854941633,higher,7.265569854941633,-6.5670471083786754
Qwen3-8B,native_thinking,6,8,9,nc2_class_cosine_deviation,0.21630345008991383,lower,-0.21630345008991383,non_thinking,10,0.8078832913328101,lower,-0.8078832913328101,0.5915798412428963
Qwen3-8B,native_thinking,6,9,9,logistic_precision,0.14285714285714285,higher,0.14285714285714285,non_thinking,10,0.36363636363636365,higher,0.36363636363636365,-0.2207792207792208
Qwen3-8B,native_thinking,6,9,9,logistic_recall,0.1111111111111111,higher,0.1111111111111111,non_thinking,10,0.4,higher,0.4,-0.2888888888888889
Qwen3-8B,native_thinking,6,9,9,logistic_f1,0.125,higher,0.125,non_thinking,10,0.38095238095238093,higher,0.38095238095238093,-0.25595238095238093
Qwen3-8B,native_thinking,6,9,9,ncc_recall,0.0,higher,0.0,non_thinking,10,0.2,higher,0.2,-0.2
Qwen3-8B,native_thinking,6,9,9,silhouette_cosine,-0.14287644624710083,higher,-0.14287644624710083,non_thinking,10,-0.18571217358112335,higher,-0.18571217358112335,0.04283572733402252
Qwen3-8B,native_thinking,6,9,9,within_trace,1174.2947998046875,lower,-1174.2947998046875,non_thinking,10,874.944091796875,lower,-874.944091796875,-299.3507080078125
Qwen3-8B,native_thinking,6,9,9,class_nc1_ratio,31.709803715434333,lower,-31.709803715434333,non_thinking,10,0.88867243797401,lower,-0.88867243797401,-30.821131277460324
Qwen3-8B,native_thinking,6,9,9,centroid_nearest_squared,26.662622451782227,higher,26.662622451782227,non_thinking,10,35.695068359375,higher,35.695068359375,-9.032445907592773
Qwen3-8B,native_thinking,6,9,9,fisher_nearest,0.022705220576823504,higher,0.022705220576823504,non_thinking,10,0.04079697056536258,higher,0.04079697056536258,-0.018091749988539074
Qwen3-8B,native_thinking,6,9,9,min_bhattacharyya,0.27577973157167435,higher,0.27577973157167435,non_thinking,10,0.24010839313268661,higher,0.24010839313268661,0.03567133843898773
Qwen3-8B,native_thinking,6,9,9,mean_bhattacharyya,0.6151237131820785,higher,0.6151237131820785,non_thinking,10,9.16351041611698,higher,9.16351041611698,-8.5483867029349
Qwen3-8B,native_thinking,6,9,9,nc2_class_cosine_deviation,0.31282621097785457,lower,-0.31282621097785457,non_thinking,10,0.8258831324400726,lower,-0.8258831324400726,0.513056921462218
Qwen3-8B,native_thinking,6,10,9,logistic_precision,0.36363636363636365,higher,0.36363636363636365,non_thinking,10,0.8571428571428571,higher,0.8571428571428571,-0.49350649350649345
Qwen3-8B,native_thinking,6,10,9,logistic_recall,0.4444444444444444,higher,0.4444444444444444,non_thinking,10,0.6,higher,0.6,-0.15555555555555556
Qwen3-8B,native_thinking,6,10,9,logistic_f1,0.4,higher,0.4,non_thinking,10,0.7058823529411765,higher,0.7058823529411765,-0.3058823529411765
Qwen3-8B,native_thinking,6,10,9,ncc_recall,0.2222222222222222,higher,0.2222222222222222,non_thinking,10,0.5,higher,0.5,-0.2777777777777778
Qwen3-8B,native_thinking,6,10,9,silhouette_cosine,-0.1470709890127182,higher,-0.1470709890127182,non_thinking,10,0.047552045434713364,higher,0.047552045434713364,-0.19462303444743156
Qwen3-8B,native_thinking,6,10,9,within_trace,1830.5238037109375,lower,-1830.5238037109375,non_thinking,10,694.0196533203125,lower,-694.0196533203125,-1136.504150390625
Qwen3-8B,native_thinking,6,10,9,class_nc1_ratio,16.15340823910766,lower,-16.15340823910766,non_thinking,10,0.5976212412003171,lower,-0.5976212412003171,-15.555786997907342
Qwen3-8B,native_thinking,6,10,9,centroid_nearest_squared,90.00215148925781,higher,90.00215148925781,non_thinking,10,35.695068359375,higher,35.695068359375,54.30708312988281
Qwen3-8B,native_thinking,6,10,9,fisher_nearest,0.04916743027695163,higher,0.04916743027695163,non_thinking,10,0.05143235957166846,higher,0.05143235957166846,-0.002264929294716826
Qwen3-8B,native_thinking,6,10,9,min_bhattacharyya,0.7103251665830612,higher,0.7103251665830612,non_thinking,10,0.3560270816087723,higher,0.3560270816087723,0.35429808497428894
Qwen3-8B,native_thinking,6,10,9,mean_bhattacharyya,1.0003498560852475,higher,1.0003498560852475,non_thinking,10,13.102710970573956,higher,13.102710970573956,-12.102361114488708
Qwen3-8B,native_thinking,6,10,9,nc2_class_cosine_deviation,0.24176357967066175,lower,-0.24176357967066175,non_thinking,10,0.8098117002734432,lower,-0.8098117002734432,0.5680481206027814
Qwen3-8B,native_thinking,7,1,10,logistic_precision,0.8181818181818182,higher,0.8181818181818182,non_thinking,10,1.0,higher,1.0,-0.18181818181818177
Qwen3-8B,native_thinking,7,1,10,logistic_recall,0.9,higher,0.9,non_thinking,10,0.9,higher,0.9,0.0
Qwen3-8B,native_thinking,7,1,10,logistic_f1,0.8571428571428571,higher,0.8571428571428571,non_thinking,10,0.9473684210526315,higher,0.9473684210526315,-0.09022556390977443
Qwen3-8B,native_thinking,7,1,10,ncc_recall,0.8,higher,0.8,non_thinking,10,1.0,higher,1.0,-0.19999999999999996
Qwen3-8B,native_thinking,7,1,10,silhouette_cosine,0.04557158797979355,higher,0.04557158797979355,non_thinking,10,0.9365784525871277,higher,0.9365784525871277,-0.8910068646073341
Qwen3-8B,native_thinking,7,1,10,within_trace,1058.1614990234375,lower,-1058.1614990234375,non_thinking,10,281.45391845703125,lower,-281.45391845703125,-776.7075805664062
Qwen3-8B,native_thinking,7,1,10,class_nc1_ratio,3.941251774392091,lower,-3.941251774392091,non_thinking,10,0.027450770366257045,lower,-0.027450770366257045,-3.913801004025834
Qwen3-8B,native_thinking,7,1,10,centroid_nearest_squared,157.58724975585938,higher,157.58724975585938,non_thinking,10,6051.70849609375,higher,6051.70849609375,-5894.121246337891
Qwen3-8B,native_thinking,7,1,10,fisher_nearest,0.14892551836491352,higher,0.14892551836491352,non_thinking,10,21.501596173434148,higher,21.501596173434148,-21.352670655069236
Qwen3-8B,native_thinking,7,1,10,min_bhattacharyya,0.7766984701156616,higher,0.7766984701156616,non_thinking,10,25.56389808654785,higher,25.56389808654785,-24.78719961643219
Qwen3-8B,native_thinking,7,1,10,mean_bhattacharyya,1.4657205541928608,higher,1.4657205541928608,non_thinking,10,47.50132158067491,higher,47.50132158067491,-46.03560102648205
Qwen3-8B,native_thinking,7,1,10,nc2_class_cosine_deviation,0.3952292816966404,lower,-0.3952292816966404,non_thinking,10,0.674874234162731,lower,-0.674874234162731,0.27964495246609056
Qwen3-8B,native_thinking,7,2,10,logistic_precision,0.75,higher,0.75,non_thinking,10,0.7692307692307693,higher,0.7692307692307693,-0.019230769230769273
Qwen3-8B,native_thinking,7,2,10,logistic_recall,0.3,higher,0.3,non_thinking,10,1.0,higher,1.0,-0.7
Qwen3-8B,native_thinking,7,2,10,logistic_f1,0.42857142857142855,higher,0.42857142857142855,non_thinking,10,0.8695652173913043,higher,0.8695652173913043,-0.4409937888198758
Qwen3-8B,native_thinking,7,2,10,ncc_recall,0.4,higher,0.4,non_thinking,10,1.0,higher,1.0,-0.6
Qwen3-8B,native_thinking,7,2,10,silhouette_cosine,-0.14545206725597382,higher,-0.14545206725597382,non_thinking,10,0.25928133726119995,higher,0.25928133726119995,-0.40473340451717377
Qwen3-8B,native_thinking,7,2,10,within_trace,1176.6614990234375,lower,-1176.6614990234375,non_thinking,10,890.474853515625,lower,-890.474853515625,-286.1866455078125
Qwen3-8B,native_thinking,7,2,10,class_nc1_ratio,19.027774163321165,lower,-19.027774163321165,non_thinking,10,0.4896204402898581,lower,-0.4896204402898581,-18.538153723031307
Qwen3-8B,native_thinking,7,2,10,centroid_nearest_squared,73.41230010986328,higher,73.41230010986328,non_thinking,10,1023.544921875,higher,1023.544921875,-950.1326217651367
Qwen3-8B,native_thinking,7,2,10,fisher_nearest,0.06239033075424949,higher,0.06239033075424949,non_thinking,10,1.149437199527881,higher,1.149437199527881,-1.0870468687736314
Qwen3-8B,native_thinking,7,2,10,min_bhattacharyya,0.5073237419128418,higher,0.5073237419128418,non_thinking,10,2.057047724723816,higher,2.057047724723816,-1.5497239828109741
Qwen3-8B,native_thinking,7,2,10,mean_bhattacharyya,0.797846923271815,higher,0.797846923271815,non_thinking,10,10.500665439499748,higher,10.500665439499748,-9.702818516227934
Qwen3-8B,native_thinking,7,2,10,nc2_class_cosine_deviation,0.3199950163195162,lower,-0.3199950163195162,non_thinking,10,0.6593829884573265,lower,-0.6593829884573265,0.33938797213781025
Qwen3-8B,native_thinking,7,3,9,logistic_precision,0.46153846153846156,higher,0.46153846153846156,non_thinking,10,0.6666666666666666,higher,0.6666666666666666,-0.20512820512820507
Qwen3-8B,native_thinking,7,3,9,logistic_recall,0.6666666666666666,higher,0.6666666666666666,non_thinking,10,0.6,higher,0.6,0.06666666666666665
Qwen3-8B,native_thinking,7,3,9,logistic_f1,0.5454545454545454,higher,0.5454545454545454,non_thinking,10,0.631578947368421,higher,0.631578947368421,-0.0861244019138756
Qwen3-8B,native_thinking,7,3,9,ncc_recall,0.2222222222222222,higher,0.2222222222222222,non_thinking,10,0.4,higher,0.4,-0.1777777777777778
Qwen3-8B,native_thinking,7,3,9,silhouette_cosine,-0.10658039152622223,higher,-0.10658039152622223,non_thinking,10,-0.25556114315986633,higher,-0.25556114315986633,0.1489807516336441
Qwen3-8B,native_thinking,7,3,9,within_trace,1166.7406005859375,lower,-1166.7406005859375,non_thinking,10,1512.3720703125,lower,-1512.3720703125,345.6314697265625
Qwen3-8B,native_thinking,7,3,9,class_nc1_ratio,19.355247533566537,lower,-19.355247533566537,non_thinking,10,4.3789278700673036,lower,-4.3789278700673036,-14.976319663499233
Qwen3-8B,native_thinking,7,3,9,centroid_nearest_squared,63.36280822753906,higher,63.36280822753906,non_thinking,10,292.271240234375,higher,292.271240234375,-228.90843200683594
Qwen3-8B,native_thinking,7,3,9,fisher_nearest,0.054307536907276764,higher,0.054307536907276764,non_thinking,10,0.19325352932098466,higher,0.19325352932098466,-0.1389459924137079
Qwen3-8B,native_thinking,7,3,9,min_bhattacharyya,0.42467793822288513,higher,0.42467793822288513,non_thinking,10,0.7134013175964355,higher,0.7134013175964355,-0.2887233793735504
Qwen3-8B,native_thinking,7,3,9,mean_bhattacharyya,0.8507706456714206,higher,0.8507706456714206,non_thinking,10,5.298132406340705,higher,5.298132406340705,-4.447361760669285
Qwen3-8B,native_thinking,7,3,9,nc2_class_cosine_deviation,0.18023730740870958,lower,-0.18023730740870958,non_thinking,10,0.41419638720927415,lower,-0.41419638720927415,0.23395907980056457
Qwen3-8B,native_thinking,7,4,9,logistic_precision,0.1,higher,0.1,non_thinking,10,0.6666666666666666,higher,0.6666666666666666,-0.5666666666666667
Qwen3-8B,native_thinking,7,4,9,logistic_recall,0.1111111111111111,higher,0.1111111111111111,non_thinking,10,0.6,higher,0.6,-0.4888888888888889
Qwen3-8B,native_thinking,7,4,9,logistic_f1,0.10526315789473684,higher,0.10526315789473684,non_thinking,10,0.631578947368421,higher,0.631578947368421,-0.5263157894736842
Qwen3-8B,native_thinking,7,4,9,ncc_recall,0.2222222222222222,higher,0.2222222222222222,non_thinking,10,0.3,higher,0.3,-0.07777777777777778
Qwen3-8B,native_thinking,7,4,9,silhouette_cosine,-0.15395456552505493,higher,-0.15395456552505493,non_thinking,10,-0.18825915455818176,higher,-0.18825915455818176,0.03430458903312683
Qwen3-8B,native_thinking,7,4,9,within_trace,1176.125244140625,lower,-1176.125244140625,non_thinking,10,1738.7822265625,lower,-1738.7822265625,562.656982421875
Qwen3-8B,native_thinking,7,4,9,class_nc1_ratio,68.95205699494026,lower,-68.95205699494026,non_thinking,10,8.125983816854651,lower,-8.125983816854651,-60.826073178085615
Qwen3-8B,native_thinking,7,4,9,centroid_nearest_squared,23.76042938232422,higher,23.76042938232422,non_thinking,10,175.4423065185547,higher,175.4423065185547,-151.68187713623047
Qwen3-8B,native_thinking,7,4,9,fisher_nearest,0.02020229520682176,higher,0.02020229520682176,non_thinking,10,0.10089952832414029,higher,0.10089952832414029,-0.08069723311731852
Qwen3-8B,native_thinking,7,4,9,min_bhattacharyya,0.24978476017713547,higher,0.24978476017713547,non_thinking,10,0.7134013175964355,higher,0.7134013175964355,-0.4636165574193001
Qwen3-8B,native_thinking,7,4,9,mean_bhattacharyya,0.5532166734337807,higher,0.5532166734337807,non_thinking,10,5.816542072428597,higher,5.816542072428597,-5.263325398994817
Qwen3-8B,native_thinking,7,4,9,nc2_class_cosine_deviation,0.1949354109388811,lower,-0.1949354109388811,non_thinking,10,0.4131833300178434,lower,-0.4131833300178434,0.21824791907896232
Qwen3-8B,native_thinking,7,5,9,logistic_precision,0.0,higher,0.0,non_thinking,10,0.5454545454545454,higher,0.5454545454545454,-0.5454545454545454
Qwen3-8B,native_thinking,7,5,9,logistic_recall,0.0,higher,0.0,non_thinking,10,0.6,higher,0.6,-0.6
Qwen3-8B,native_thinking,7,5,9,logistic_f1,0.0,higher,0.0,non_thinking,10,0.5714285714285714,higher,0.5714285714285714,-0.5714285714285714
Qwen3-8B,native_thinking,7,5,9,ncc_recall,0.2222222222222222,higher,0.2222222222222222,non_thinking,10,0.4,higher,0.4,-0.1777777777777778
Qwen3-8B,native_thinking,7,5,9,silhouette_cosine,-0.1408177763223648,higher,-0.1408177763223648,non_thinking,10,-0.25064319372177124,higher,-0.25064319372177124,0.10982541739940643
Qwen3-8B,native_thinking,7,5,9,within_trace,1111.774169921875,lower,-1111.774169921875,non_thinking,10,1629.8682861328125,lower,-1629.8682861328125,518.0941162109375
Qwen3-8B,native_thinking,7,5,9,class_nc1_ratio,98.72527463151083,lower,-98.72527463151083,non_thinking,10,6.521219655341649,lower,-6.521219655341649,-92.20405497616918
Qwen3-8B,native_thinking,7,5,9,centroid_nearest_squared,23.76042938232422,higher,23.76042938232422,non_thinking,10,132.82260131835938,higher,132.82260131835938,-109.06217193603516
Qwen3-8B,native_thinking,7,5,9,fisher_nearest,0.021371632859570642,higher,0.021371632859570642,non_thinking,10,0.08149284359259942,higher,0.08149284359259942,-0.060121210733028785
Qwen3-8B,native_thinking,7,5,9,min_bhattacharyya,0.24978476017713547,higher,0.24978476017713547,non_thinking,10,0.690891683101654,higher,0.690891683101654,-0.4411069229245186
Qwen3-8B,native_thinking,7,5,9,mean_bhattacharyya,0.6624815339843432,higher,0.6624815339843432,non_thinking,10,6.482712080081304,higher,6.482712080081304,-5.82023054609696
Qwen3-8B,native_thinking,7,5,9,nc2_class_cosine_deviation,0.23340170057835405,lower,-0.23340170057835405,non_thinking,10,0.7164420598634967,lower,-0.7164420598634967,0.48304035928514266
Qwen3-8B,native_thinking,7,6,9,logistic_precision,0.25,higher,0.25,non_thinking,10,0.5714285714285714,higher,0.5714285714285714,-0.3214285714285714
Qwen3-8B,native_thinking,7,6,9,logistic_recall,0.5555555555555556,higher,0.5555555555555556,non_thinking,10,0.4,higher,0.4,0.15555555555555556
Qwen3-8B,native_thinking,7,6,9,logistic_f1,0.3448275862068966,higher,0.3448275862068966,non_thinking,10,0.47058823529411764,higher,0.47058823529411764,-0.12576064908722107
Qwen3-8B,native_thinking,7,6,9,ncc_recall,0.4444444444444444,higher,0.4444444444444444,non_thinking,10,0.2,higher,0.2,0.2444444444444444
Qwen3-8B,native_thinking,7,6,9,silhouette_cosine,-0.1333441436290741,higher,-0.1333441436290741,non_thinking,10,-0.2590595483779907,higher,-0.2590595483779907,0.12571540474891663
Qwen3-8B,native_thinking,7,6,9,within_trace,1202.673583984375,lower,-1202.673583984375,non_thinking,10,1459.55029296875,lower,-1459.55029296875,256.876708984375
Qwen3-8B,native_thinking,7,6,9,class_nc1_ratio,46.0286576371437,lower,-46.0286576371437,non_thinking,10,4.705144341908349,lower,-4.705144341908349,-41.32351329523535
Qwen3-8B,native_thinking,7,6,9,centroid_nearest_squared,28.52849006652832,higher,28.52849006652832,non_thinking,10,84.17475891113281,higher,84.17475891113281,-55.64626884460449
Qwen3-8B,native_thinking,7,6,9,fisher_nearest,0.023720891891559962,higher,0.023720891891559962,non_thinking,10,0.05767170841363741,higher,0.05767170841363741,-0.033950816522077445
Qwen3-8B,native_thinking,7,6,9,min_bhattacharyya,0.28290870785713196,higher,0.28290870785713196,non_thinking,10,0.46635913848876953,higher,0.46635913848876953,-0.18345043063163757
Qwen3-8B,native_thinking,7,6,9,mean_bhattacharyya,0.6672840317090353,higher,0.6672840317090353,non_thinking,10,6.628584543863933,higher,6.628584543863933,-5.961300512154898
Qwen3-8B,native_thinking,7,6,9,nc2_class_cosine_deviation,0.3681487241920866,lower,-0.3681487241920866,non_thinking,10,0.7348954898339731,lower,-0.7348954898339731,0.3667467656418865
Qwen3-8B,native_thinking,7,7,9,logistic_precision,0.2,higher,0.2,non_thinking,10,0.4,higher,0.4,-0.2
Qwen3-8B,native_thinking,7,7,9,logistic_recall,0.1111111111111111,higher,0.1111111111111111,non_thinking,10,0.6,higher,0.6,-0.4888888888888889
Qwen3-8B,native_thinking,7,7,9,logistic_f1,0.14285714285714285,higher,0.14285714285714285,non_thinking,10,0.48,higher,0.48,-0.33714285714285713
Qwen3-8B,native_thinking,7,7,9,ncc_recall,0.1111111111111111,higher,0.1111111111111111,non_thinking,10,0.1,higher,0.1,0.0111111111111111
Qwen3-8B,native_thinking,7,7,9,silhouette_cosine,-0.14000250399112701,higher,-0.14000250399112701,non_thinking,10,-0.20400722324848175,higher,-0.20400722324848175,0.06400471925735474
Qwen3-8B,native_thinking,7,7,9,within_trace,1810.0084228515625,lower,-1810.0084228515625,non_thinking,10,1323.478759765625,lower,-1323.478759765625,-486.5296630859375
Qwen3-8B,native_thinking,7,7,9,class_nc1_ratio,22.40620002543203,lower,-22.40620002543203,non_thinking,10,2.935068702995173,lower,-2.935068702995173,-19.471131322436857
Qwen3-8B,native_thinking,7,7,9,centroid_nearest_squared,90.88450622558594,higher,90.88450622558594,non_thinking,10,84.17475891113281,higher,84.17475891113281,6.709747314453125
Qwen3-8B,native_thinking,7,7,9,fisher_nearest,0.05021220071584126,higher,0.05021220071584126,non_thinking,10,0.0636011407739096,higher,0.0636011407739096,-0.013388940058068344
Qwen3-8B,native_thinking,7,7,9,min_bhattacharyya,0.5790639072656631,higher,0.5790639072656631,non_thinking,10,0.46635913848876953,higher,0.46635913848876953,0.11270476877689362
Qwen3-8B,native_thinking,7,7,9,mean_bhattacharyya,0.9180736897720231,higher,0.9180736897720231,non_thinking,10,7.60406760043568,higher,7.60406760043568,-6.685993910663657
Qwen3-8B,native_thinking,7,7,9,nc2_class_cosine_deviation,0.2126151663883601,lower,-0.2126151663883601,non_thinking,10,0.7541845131803443,lower,-0.7541845131803443,0.5415693467919842
Qwen3-8B,native_thinking,7,8,9,logistic_precision,0.16666666666666666,higher,0.16666666666666666,non_thinking,10,0.3333333333333333,higher,0.3333333333333333,-0.16666666666666666
Qwen3-8B,native_thinking,7,8,9,logistic_recall,0.2222222222222222,higher,0.2222222222222222,non_thinking,10,0.2,higher,0.2,0.0222222222222222
Qwen3-8B,native_thinking,7,8,9,logistic_f1,0.19047619047619047,higher,0.19047619047619047,non_thinking,10,0.25,higher,0.25,-0.059523809523809534
Qwen3-8B,native_thinking,7,8,9,ncc_recall,0.0,higher,0.0,non_thinking,10,0.3,higher,0.3,-0.3
Qwen3-8B,native_thinking,7,8,9,silhouette_cosine,-0.11652513593435287,higher,-0.11652513593435287,non_thinking,10,-0.2054227590560913,higher,-0.2054227590560913,0.08889762312173843
Qwen3-8B,native_thinking,7,8,9,within_trace,1370.821533203125,lower,-1370.821533203125,non_thinking,10,1068.797119140625,lower,-1068.797119140625,-302.0244140625
Qwen3-8B,native_thinking,7,8,9,class_nc1_ratio,18.92543001884569,lower,-18.92543001884569,non_thinking,10,1.6213377419097943,lower,-1.6213377419097943,-17.304092276935897
Qwen3-8B,native_thinking,7,8,9,centroid_nearest_squared,73.13031005859375,higher,73.13031005859375,non_thinking,10,97.18292236328125,higher,97.18292236328125,-24.0526123046875
Qwen3-8B,native_thinking,7,8,9,fisher_nearest,0.053347797862289256,higher,0.053347797862289256,non_thinking,10,0.09092738053169713,higher,0.09092738053169713,-0.03757958266940788
Qwen3-8B,native_thinking,7,8,9,min_bhattacharyya,0.4569975435733795,higher,0.4569975435733795,non_thinking,10,0.34001097083091736,higher,0.34001097083091736,0.11698657274246216
Qwen3-8B,native_thinking,7,8,9,mean_bhattacharyya,0.7461331403917737,higher,0.7461331403917737,non_thinking,10,8.680716362264421,higher,8.680716362264421,-7.934583221872648
Qwen3-8B,native_thinking,7,8,9,nc2_class_cosine_deviation,0.25670370185908714,lower,-0.25670370185908714,non_thinking,10,0.782958706771886,lower,-0.782958706771886,0.5262550049127988
Qwen3-8B,native_thinking,7,9,9,logistic_precision,0.14285714285714285,higher,0.14285714285714285,non_thinking,10,0.4444444444444444,higher,0.4444444444444444,-0.30158730158730157
Qwen3-8B,native_thinking,7,9,9,logistic_recall,0.1111111111111111,higher,0.1111111111111111,non_thinking,10,0.4,higher,0.4,-0.2888888888888889
Qwen3-8B,native_thinking,7,9,9,logistic_f1,0.125,higher,0.125,non_thinking,10,0.42105263157894735,higher,0.42105263157894735,-0.29605263157894735
Qwen3-8B,native_thinking,7,9,9,ncc_recall,0.1111111111111111,higher,0.1111111111111111,non_thinking,10,0.1,higher,0.1,0.0111111111111111
Qwen3-8B,native_thinking,7,9,9,silhouette_cosine,-0.13949383795261383,higher,-0.13949383795261383,non_thinking,10,-0.15718767046928406,higher,-0.15718767046928406,0.017693832516670227
Qwen3-8B,native_thinking,7,9,9,within_trace,1313.6409912109375,lower,-1313.6409912109375,non_thinking,10,904.3178100585938,lower,-904.3178100585938,-409.32318115234375
Qwen3-8B,native_thinking,7,9,9,class_nc1_ratio,31.226270176395918,lower,-31.226270176395918,non_thinking,10,0.9071205111251538,lower,-0.9071205111251538,-30.319149665270764
Qwen3-8B,native_thinking,7,9,9,centroid_nearest_squared,30.352298736572266,higher,30.352298736572266,non_thinking,10,34.57530212402344,higher,34.57530212402344,-4.223003387451172
Qwen3-8B,native_thinking,7,9,9,fisher_nearest,0.023105474737502657,higher,0.023105474737502657,non_thinking,10,0.038233574236233595,higher,0.038233574236233595,-0.015128099498730938
Qwen3-8B,native_thinking,7,9,9,min_bhattacharyya,0.28290870785713196,higher,0.28290870785713196,non_thinking,10,0.11816490441560745,higher,0.11816490441560745,0.1647438034415245
Qwen3-8B,native_thinking,7,9,9,mean_bhattacharyya,0.662505807975928,higher,0.662505807975928,non_thinking,10,10.089086238708761,higher,10.089086238708761,-9.426580430732834
Qwen3-8B,native_thinking,7,9,9,nc2_class_cosine_deviation,0.4001969071450057,lower,-0.4001969071450057,non_thinking,10,0.81168959096626,lower,-0.81168959096626,0.4114926838212543
Qwen3-8B,native_thinking,7,10,9,logistic_precision,0.3333333333333333,higher,0.3333333333333333,non_thinking,10,0.5833333333333334,higher,0.5833333333333334,-0.25000000000000006
Qwen3-8B,native_thinking,7,10,9,logistic_recall,0.2222222222222222,higher,0.2222222222222222,non_thinking,10,0.7,higher,0.7,-0.47777777777777775
Qwen3-8B,native_thinking,7,10,9,logistic_f1,0.26666666666666666,higher,0.26666666666666666,non_thinking,10,0.6363636363636364,higher,0.6363636363636364,-0.3696969696969697
Qwen3-8B,native_thinking,7,10,9,ncc_recall,0.3333333333333333,higher,0.3333333333333333,non_thinking,10,0.6,higher,0.6,-0.26666666666666666
Qwen3-8B,native_thinking,7,10,9,silhouette_cosine,-0.14736703038215637,higher,-0.14736703038215637,non_thinking,10,-0.012672247365117073,higher,-0.012672247365117073,-0.1346947830170393
Qwen3-8B,native_thinking,7,10,9,within_trace,1858.8792724609375,lower,-1858.8792724609375,non_thinking,10,832.19482421875,lower,-832.19482421875,-1026.6844482421875
Qwen3-8B,native_thinking,7,10,9,class_nc1_ratio,16.290019258489522,lower,-16.290019258489522,non_thinking,10,0.7013937089997774,lower,-0.7013937089997774,-15.588625549489745
Qwen3-8B,native_thinking,7,10,9,centroid_nearest_squared,94.39412689208984,higher,94.39412689208984,non_thinking,10,34.57530212402344,higher,34.57530212402344,59.818824768066406
Qwen3-8B,native_thinking,7,10,9,fisher_nearest,0.050780127731008116,higher,0.050780127731008116,non_thinking,10,0.04154712468499444,higher,0.04154712468499444,0.009233003046013676
Qwen3-8B,native_thinking,7,10,9,min_bhattacharyya,0.6432621106505394,higher,0.6432621106505394,non_thinking,10,0.11816490441560745,higher,0.11816490441560745,0.525097206234932
Qwen3-8B,native_thinking,7,10,9,mean_bhattacharyya,0.9586699141396416,higher,0.9586699141396416,non_thinking,10,11.219659680293667,higher,11.219659680293667,-10.260989766154026
Qwen3-8B,native_thinking,7,10,9,nc2_class_cosine_deviation,0.29720584211158163,lower,-0.29720584211158163,non_thinking,10,0.8010682816858645,lower,-0.8010682816858645,0.5038624395742829
Qwen3-8B,native_thinking,8,1,10,logistic_precision,1.0,higher,1.0,non_thinking,10,1.0,higher,1.0,0.0
Qwen3-8B,native_thinking,8,1,10,logistic_recall,1.0,higher,1.0,non_thinking,10,1.0,higher,1.0,0.0
Qwen3-8B,native_thinking,8,1,10,logistic_f1,1.0,higher,1.0,non_thinking,10,1.0,higher,1.0,0.0
Qwen3-8B,native_thinking,8,1,10,ncc_recall,1.0,higher,1.0,non_thinking,10,1.0,higher,1.0,0.0
Qwen3-8B,native_thinking,8,1,10,silhouette_cosine,0.08079931885004044,higher,0.08079931885004044,non_thinking,10,0.9398045539855957,higher,0.9398045539855957,-0.8590052351355553
Qwen3-8B,native_thinking,8,1,10,within_trace,1196.956787109375,lower,-1196.956787109375,non_thinking,10,315.29254150390625,lower,-315.29254150390625,-881.6642456054688
Qwen3-8B,native_thinking,8,1,10,class_nc1_ratio,3.4024961791684394,lower,-3.4024961791684394,non_thinking,10,0.027848917529461177,lower,-0.027848917529461177,-3.374647261638978
Qwen3-8B,native_thinking,8,1,10,centroid_nearest_squared,276.39349365234375,higher,276.39349365234375,non_thinking,10,6993.98388671875,higher,6993.98388671875,-6717.590393066406
Qwen3-8B,native_thinking,8,1,10,fisher_nearest,0.23091351052014844,higher,0.23091351052014844,non_thinking,10,22.182522470586573,higher,22.182522470586573,-21.951608960066423
Qwen3-8B,native_thinking,8,1,10,min_bhattacharyya,1.0528868436813354,higher,1.0528868436813354,non_thinking,10,26.182565689086914,higher,26.182565689086914,-25.12967884540558
Qwen3-8B,native_thinking,8,1,10,mean_bhattacharyya,1.8804797728856404,higher,1.8804797728856404,non_thinking,10,56.57800526089139,higher,56.57800526089139,-54.697525488005745
Qwen3-8B,native_thinking,8,1,10,nc2_class_cosine_deviation,0.3865001895407467,lower,-0.3865001895407467,non_thinking,10,0.6730783197246952,lower,-0.6730783197246952,0.2865781301839485
Qwen3-8B,native_thinking,8,2,10,logistic_precision,1.0,higher,1.0,non_thinking,10,1.0,higher,1.0,0.0
Qwen3-8B,native_thinking,8,2,10,logistic_recall,0.5,higher,0.5,non_thinking,10,1.0,higher,1.0,-0.5
Qwen3-8B,native_thinking,8,2,10,logistic_f1,0.6666666666666666,higher,0.6666666666666666,non_thinking,10,1.0,higher,1.0,-0.33333333333333337
Qwen3-8B,native_thinking,8,2,10,ncc_recall,0.5,higher,0.5,non_thinking,10,1.0,higher,1.0,-0.5
Qwen3-8B,native_thinking,8,2,10,silhouette_cosine,-0.12978604435920715,higher,-0.12978604435920715,non_thinking,10,0.34097450971603394,higher,0.34097450971603394,-0.4707605540752411
Qwen3-8B,native_thinking,8,2,10,within_trace,1526.5936279296875,lower,-1526.5936279296875,non_thinking,10,935.337646484375,lower,-935.337646484375,-591.2559814453125
Qwen3-8B,native_thinking,8,2,10,class_nc1_ratio,16.750845053427895,lower,-16.750845053427895,non_thinking,10,0.442553186133577,lower,-0.442553186133577,-16.30829186729432
Qwen3-8B,native_thinking,8,2,10,centroid_nearest_squared,122.77606964111328,higher,122.77606964111328,non_thinking,10,1187.575439453125,higher,1187.575439453125,-1064.7993698120117
Qwen3-8B,native_thinking,8,2,10,fisher_nearest,0.08042485399838716,higher,0.08042485399838716,non_thinking,10,1.2696756555419624,higher,1.2696756555419624,-1.1892508015435752
Qwen3-8B,native_thinking,8,2,10,min_bhattacharyya,0.6548181474208832,higher,0.6548181474208832,non_thinking,10,2.5496928691864014,higher,2.5496928691864014,-1.8948747217655182
Qwen3-8B,native_thinking,8,2,10,mean_bhattacharyya,0.9163468248314328,higher,0.9163468248314328,non_thinking,10,12.596350060568916,higher,12.596350060568916,-11.680003235737484
Qwen3-8B,native_thinking,8,2,10,nc2_class_cosine_deviation,0.29945821526609817,lower,-0.29945821526609817,non_thinking,10,0.6502653439471752,lower,-0.6502653439471752,0.350807128681077
Qwen3-8B,native_thinking,8,3,9,logistic_precision,0.5,higher,0.5,non_thinking,10,0.9,higher,0.9,-0.4
Qwen3-8B,native_thinking,8,3,9,logistic_recall,0.5555555555555556,higher,0.5555555555555556,non_thinking,10,0.9,higher,0.9,-0.34444444444444444
Qwen3-8B,native_thinking,8,3,9,logistic_f1,0.5263157894736842,higher,0.5263157894736842,non_thinking,10,0.9,higher,0.9,-0.37368421052631584
Qwen3-8B,native_thinking,8,3,9,ncc_recall,0.3333333333333333,higher,0.3333333333333333,non_thinking,10,0.5,higher,0.5,-0.16666666666666669
Qwen3-8B,native_thinking,8,3,9,silhouette_cosine,-0.09965264797210693,higher,-0.09965264797210693,non_thinking,10,-0.25426796078681946,higher,-0.25426796078681946,0.15461531281471252
Qwen3-8B,native_thinking,8,3,9,within_trace,1347.48828125,lower,-1347.48828125,non_thinking,10,1369.063720703125,lower,-1369.063720703125,21.575439453125
Qwen3-8B,native_thinking,8,3,9,class_nc1_ratio,14.693990284939666,lower,-14.693990284939666,non_thinking,10,3.613358849031623,lower,-3.613358849031623,-11.080631435908042
Qwen3-8B,native_thinking,8,3,9,centroid_nearest_squared,82.67161560058594,higher,82.67161560058594,non_thinking,10,330.9999084472656,higher,330.9999084472656,-248.3282928466797
Qwen3-8B,native_thinking,8,3,9,fisher_nearest,0.06135238187295808,higher,0.06135238187295808,non_thinking,10,0.2417710026508265,higher,0.2417710026508265,-0.1804186207778684
Qwen3-8B,native_thinking,8,3,9,min_bhattacharyya,0.4555880129337311,higher,0.4555880129337311,non_thinking,10,0.8530081510543823,higher,0.8530081510543823,-0.39742013812065125
Qwen3-8B,native_thinking,8,3,9,mean_bhattacharyya,0.9312534497843848,higher,0.9312534497843848,non_thinking,10,6.225870079464382,higher,6.225870079464382,-5.2946166296799975
Qwen3-8B,native_thinking,8,3,9,nc2_class_cosine_deviation,0.22596323437252896,lower,-0.22596323437252896,non_thinking,10,0.38693578716045546,lower,-0.38693578716045546,0.1609725527879265
Qwen3-8B,native_thinking,8,4,9,logistic_precision,0.125,higher,0.125,non_thinking,10,0.6666666666666666,higher,0.6666666666666666,-0.5416666666666666
Qwen3-8B,native_thinking,8,4,9,logistic_recall,0.1111111111111111,higher,0.1111111111111111,non_thinking,10,0.4,higher,0.4,-0.2888888888888889
Qwen3-8B,native_thinking,8,4,9,logistic_f1,0.11764705882352941,higher,0.11764705882352941,non_thinking,10,0.5,higher,0.5,-0.38235294117647056
Qwen3-8B,native_thinking,8,4,9,ncc_recall,0.0,higher,0.0,non_thinking,10,0.3,higher,0.3,-0.3
Qwen3-8B,native_thinking,8,4,9,silhouette_cosine,-0.15604786574840546,higher,-0.15604786574840546,non_thinking,10,-0.19175922870635986,higher,-0.19175922870635986,0.03571136295795441
Qwen3-8B,native_thinking,8,4,9,within_trace,1319.20703125,lower,-1319.20703125,non_thinking,10,1533.170654296875,lower,-1533.170654296875,213.963623046875
Qwen3-8B,native_thinking,8,4,9,class_nc1_ratio,77.2570662561252,lower,-77.2570662561252,non_thinking,10,6.907709599799827,lower,-6.907709599799827,-70.34935665632537
Qwen3-8B,native_thinking,8,4,9,centroid_nearest_squared,39.557861328125,higher,39.557861328125,non_thinking,10,155.60971069335938,higher,155.60971069335938,-116.05184936523438
Qwen3-8B,native_thinking,8,4,9,fisher_nearest,0.029986090424823152,higher,0.029986090424823152,non_thinking,10,0.10149536208330527,higher,0.10149536208330527,-0.07150927165848212
Qwen3-8B,native_thinking,8,4,9,min_bhattacharyya,0.2894084230065346,higher,0.2894084230065346,non_thinking,10,0.7344906330108643,higher,0.7344906330108643,-0.4450822100043297
Qwen3-8B,native_thinking,8,4,9,mean_bhattacharyya,0.582509980433517,higher,0.582509980433517,non_thinking,10,6.658148633109199,higher,6.658148633109199,-6.075638652675682
Qwen3-8B,native_thinking,8,4,9,nc2_class_cosine_deviation,0.30249605281853387,lower,-0.30249605281853387,non_thinking,10,0.4835811608735426,lower,-0.4835811608735426,0.18108510805500871
Qwen3-8B,native_thinking,8,5,9,logistic_precision,0.2,higher,0.2,non_thinking,10,0.42857142857142855,higher,0.42857142857142855,-0.22857142857142854
Qwen3-8B,native_thinking,8,5,9,logistic_recall,0.2222222222222222,higher,0.2222222222222222,non_thinking,10,0.6,higher,0.6,-0.37777777777777777
Qwen3-8B,native_thinking,8,5,9,logistic_f1,0.21052631578947367,higher,0.21052631578947367,non_thinking,10,0.5,higher,0.5,-0.2894736842105263
Qwen3-8B,native_thinking,8,5,9,ncc_recall,0.2222222222222222,higher,0.2222222222222222,non_thinking,10,0.4,higher,0.4,-0.1777777777777778
Qwen3-8B,native_thinking,8,5,9,silhouette_cosine,-0.12887102365493774,higher,-0.12887102365493774,non_thinking,10,-0.2627352476119995,higher,-0.2627352476119995,0.13386422395706177
Qwen3-8B,native_thinking,8,5,9,within_trace,1288.6959228515625,lower,-1288.6959228515625,non_thinking,10,1357.62841796875,lower,-1357.62841796875,68.9324951171875
Qwen3-8B,native_thinking,8,5,9,class_nc1_ratio,61.09193873291887,lower,-61.09193873291887,non_thinking,10,5.052170603330368,lower,-5.052170603330368,-56.0397681295885
Qwen3-8B,native_thinking,8,5,9,centroid_nearest_squared,27.51984405517578,higher,27.51984405517578,non_thinking,10,125.17047882080078,higher,125.17047882080078,-97.650634765625
Qwen3-8B,native_thinking,8,5,9,fisher_nearest,0.02135480028079955,higher,0.02135480028079955,non_thinking,10,0.09219789241601008,higher,0.09219789241601008,-0.07084309213521053
Qwen3-8B,native_thinking,8,5,9,min_bhattacharyya,0.21897940337657928,higher,0.21897940337657928,non_thinking,10,0.7256030440330505,higher,0.7256030440330505,-0.5066236406564713
Qwen3-8B,native_thinking,8,5,9,mean_bhattacharyya,0.6947448410921626,higher,0.6947448410921626,non_thinking,10,7.761763360765245,higher,7.761763360765245,-7.067018519673082
Qwen3-8B,native_thinking,8,5,9,nc2_class_cosine_deviation,0.27149606468500914,lower,-0.27149606468500914,non_thinking,10,0.7348309816953577,lower,-0.7348309816953577,0.4633349170103485
Qwen3-8B,native_thinking,8,6,9,logistic_precision,0.2857142857142857,higher,0.2857142857142857,non_thinking,10,0.5,higher,0.5,-0.2142857142857143
Qwen3-8B,native_thinking,8,6,9,logistic_recall,0.4444444444444444,higher,0.4444444444444444,non_thinking,10,0.4,higher,0.4,0.0444444444444444
Qwen3-8B,native_thinking,8,6,9,logistic_f1,0.34782608695652173,higher,0.34782608695652173,non_thinking,10,0.4444444444444444,higher,0.4444444444444444,-0.09661835748792269
Qwen3-8B,native_thinking,8,6,9,ncc_recall,0.3333333333333333,higher,0.3333333333333333,non_thinking,10,0.1,higher,0.1,0.2333333333333333
Qwen3-8B,native_thinking,8,6,9,silhouette_cosine,-0.12933000922203064,higher,-0.12933000922203064,non_thinking,10,-0.2870125472545624,higher,-0.2870125472545624,0.15768253803253174
Qwen3-8B,native_thinking,8,6,9,within_trace,1328.2095947265625,lower,-1328.2095947265625,non_thinking,10,1272.090576171875,lower,-1272.090576171875,-56.1190185546875
Qwen3-8B,native_thinking,8,6,9,class_nc1_ratio,32.10110966883972,lower,-32.10110966883972,non_thinking,10,4.161207964332532,lower,-4.161207964332532,-27.939901704507186
Qwen3-8B,native_thinking,8,6,9,centroid_nearest_squared,26.444787979125977,higher,26.444787979125977,non_thinking,10,86.61072540283203,higher,86.61072540283203,-60.165937423706055
Qwen3-8B,native_thinking,8,6,9,fisher_nearest,0.01991010160152483,higher,0.01991010160152483,non_thinking,10,0.06808534472715869,higher,0.06808534472715869,-0.04817524312563386
Qwen3-8B,native_thinking,8,6,9,min_bhattacharyya,0.22537826001644135,higher,0.22537826001644135,non_thinking,10,0.5218717604875565,higher,0.5218717604875565,-0.2964935004711151
Qwen3-8B,native_thinking,8,6,9,mean_bhattacharyya,0.7370039092169868,higher,0.7370039092169868,non_thinking,10,7.720761221316126,higher,7.720761221316126,-6.983757312099139
Qwen3-8B,native_thinking,8,6,9,nc2_class_cosine_deviation,0.3303447305052369,lower,-0.3303447305052369,non_thinking,10,0.7318628154419087,lower,-0.7318628154419087,0.4015180849366718
Qwen3-8B,native_thinking,8,7,9,logistic_precision,0.0,higher,0.0,non_thinking,10,0.3076923076923077,higher,0.3076923076923077,-0.3076923076923077
Qwen3-8B,native_thinking,8,7,9,logistic_recall,0.0,higher,0.0,non_thinking,10,0.4,higher,0.4,-0.4
Qwen3-8B,native_thinking,8,7,9,logistic_f1,0.0,higher,0.0,non_thinking,10,0.34782608695652173,higher,0.34782608695652173,-0.34782608695652173
Qwen3-8B,native_thinking,8,7,9,ncc_recall,0.1111111111111111,higher,0.1111111111111111,non_thinking,10,0.2,higher,0.2,-0.0888888888888889
Qwen3-8B,native_thinking,8,7,9,silhouette_cosine,-0.13555873930454254,higher,-0.13555873930454254,non_thinking,10,-0.20075300335884094,higher,-0.20075300335884094,0.0651942640542984
Qwen3-8B,native_thinking,8,7,9,within_trace,1773.9932861328125,lower,-1773.9932861328125,non_thinking,10,1111.30908203125,lower,-1111.30908203125,-662.6842041015625
Qwen3-8B,native_thinking,8,7,9,class_nc1_ratio,25.309402017195506,lower,-25.309402017195506,non_thinking,10,2.3772580437162336,lower,-2.3772580437162336,-22.93214397347927
Qwen3-8B,native_thinking,8,7,9,centroid_nearest_squared,62.51847839355469,higher,62.51847839355469,non_thinking,10,86.61072540283203,higher,86.61072540283203,-24.092247009277344
Qwen3-8B,native_thinking,8,7,9,fisher_nearest,0.035241665727969475,higher,0.035241665727969475,non_thinking,10,0.07793576674863936,higher,0.07793576674863936,-0.04269410102066989
Qwen3-8B,native_thinking,8,7,9,min_bhattacharyya,0.4852432608604431,higher,0.4852432608604431,non_thinking,10,0.5218717604875565,higher,0.5218717604875565,-0.03662849962711334
Qwen3-8B,native_thinking,8,7,9,mean_bhattacharyya,0.8809049071537124,higher,0.8809049071537124,non_thinking,10,9.252060736219088,higher,9.252060736219088,-8.371155829065374
Qwen3-8B,native_thinking,8,7,9,nc2_class_cosine_deviation,0.35851987423720183,lower,-0.35851987423720183,non_thinking,10,0.7593565406622711,lower,-0.7593565406622711,0.40083666642506927
Qwen3-8B,native_thinking,8,8,9,logistic_precision,0.14285714285714285,higher,0.14285714285714285,non_thinking,10,0.375,higher,0.375,-0.23214285714285715
Qwen3-8B,native_thinking,8,8,9,logistic_recall,0.1111111111111111,higher,0.1111111111111111,non_thinking,10,0.3,higher,0.3,-0.18888888888888888
Qwen3-8B,native_thinking,8,8,9,logistic_f1,0.125,higher,0.125,non_thinking,10,0.3333333333333333,higher,0.3333333333333333,-0.20833333333333331
Qwen3-8B,native_thinking,8,8,9,ncc_recall,0.0,higher,0.0,non_thinking,10,0.1,higher,0.1,-0.1
Qwen3-8B,native_thinking,8,8,9,silhouette_cosine,-0.10110150277614594,higher,-0.10110150277614594,non_thinking,10,-0.21307392418384552,higher,-0.21307392418384552,0.11197242140769958
Qwen3-8B,native_thinking,8,8,9,within_trace,1433.9869384765625,lower,-1433.9869384765625,non_thinking,10,900.0049438476562,lower,-900.0049438476562,-533.9819946289062
Qwen3-8B,native_thinking,8,8,9,class_nc1_ratio,16.148210873779117,lower,-16.148210873779117,non_thinking,10,1.256668141034927,lower,-1.256668141034927,-14.89154273274419
Qwen3-8B,native_thinking,8,8,9,centroid_nearest_squared,88.04826354980469,higher,88.04826354980469,non_thinking,10,90.23137664794922,higher,90.23137664794922,-2.1831130981445312
Qwen3-8B,native_thinking,8,8,9,fisher_nearest,0.06140102199490416,higher,0.06140102199490416,non_thinking,10,0.10025653443879601,higher,0.10025653443879601,-0.03885551244389185
Qwen3-8B,native_thinking,8,8,9,min_bhattacharyya,0.4489391893148422,higher,0.4489391893148422,non_thinking,10,0.34873828291893005,higher,0.34873828291893005,0.10020090639591217
Qwen3-8B,native_thinking,8,8,9,mean_bhattacharyya,0.8191987938351102,higher,0.8191987938351102,non_thinking,10,10.617474046018389,higher,10.617474046018389,-9.798275252183279
Qwen3-8B,native_thinking,8,8,9,nc2_class_cosine_deviation,0.24268652701083523,lower,-0.24268652701083523,non_thinking,10,0.8034834486466867,lower,-0.8034834486466867,0.5607969216358515
Qwen3-8B,native_thinking,8,9,9,logistic_precision,0.14285714285714285,higher,0.14285714285714285,non_thinking,10,0.5,higher,0.5,-0.35714285714285715
Qwen3-8B,native_thinking,8,9,9,logistic_recall,0.1111111111111111,higher,0.1111111111111111,non_thinking,10,0.5,higher,0.5,-0.3888888888888889
Qwen3-8B,native_thinking,8,9,9,logistic_f1,0.125,higher,0.125,non_thinking,10,0.5,higher,0.5,-0.375
Qwen3-8B,native_thinking,8,9,9,ncc_recall,0.1111111111111111,higher,0.1111111111111111,non_thinking,10,0.5,higher,0.5,-0.3888888888888889
Qwen3-8B,native_thinking,8,9,9,silhouette_cosine,-0.1338106095790863,higher,-0.1338106095790863,non_thinking,10,-0.14292402565479279,higher,-0.14292402565479279,0.009113416075706482
Qwen3-8B,native_thinking,8,9,9,within_trace,1384.16357421875,lower,-1384.16357421875,non_thinking,10,735.963134765625,lower,-735.963134765625,-648.200439453125
Qwen3-8B,native_thinking,8,9,9,class_nc1_ratio,28.379913811100543,lower,-28.379913811100543,non_thinking,10,0.6913514194704738,lower,-0.6913514194704738,-27.688562391630068
Qwen3-8B,native_thinking,8,9,9,centroid_nearest_squared,26.444787979125977,higher,26.444787979125977,non_thinking,10,36.405426025390625,higher,36.405426025390625,-9.960638046264648
Qwen3-8B,native_thinking,8,9,9,fisher_nearest,0.019105247726268156,higher,0.019105247726268156,non_thinking,10,0.049466371759210884,higher,0.049466371759210884,-0.030361124032942728
Qwen3-8B,native_thinking,8,9,9,min_bhattacharyya,0.21897940337657928,higher,0.21897940337657928,non_thinking,10,0.1433609575033188,higher,0.1433609575033188,0.0756184458732605
Qwen3-8B,native_thinking,8,9,9,mean_bhattacharyya,0.7245604255133204,higher,0.7245604255133204,non_thinking,10,12.76480560335848,higher,12.76480560335848,-12.04024517784516
Qwen3-8B,native_thinking,8,9,9,nc2_class_cosine_deviation,0.5122844731366193,lower,-0.5122844731366193,non_thinking,10,0.8196588578047577,lower,-0.8196588578047577,0.3073743846681384
Qwen3-8B,native_thinking,8,10,9,logistic_precision,0.3333333333333333,higher,0.3333333333333333,non_thinking,10,0.6363636363636364,higher,0.6363636363636364,-0.30303030303030304
Qwen3-8B,native_thinking,8,10,9,logistic_recall,0.4444444444444444,higher,0.4444444444444444,non_thinking,10,0.7,higher,0.7,-0.25555555555555554
Qwen3-8B,native_thinking,8,10,9,logistic_f1,0.38095238095238093,higher,0.38095238095238093,non_thinking,10,0.6666666666666666,higher,0.6666666666666666,-0.2857142857142857
Qwen3-8B,native_thinking,8,10,9,ncc_recall,0.3333333333333333,higher,0.3333333333333333,non_thinking,10,0.7,higher,0.7,-0.36666666666666664
Qwen3-8B,native_thinking,8,10,9,silhouette_cosine,-0.13317705690860748,higher,-0.13317705690860748,non_thinking,10,-0.022073745727539062,higher,-0.022073745727539062,-0.11110331118106842
Qwen3-8B,native_thinking,8,10,9,within_trace,2001.093505859375,lower,-2001.093505859375,non_thinking,10,708.0899047851562,lower,-708.0899047851562,-1293.0036010742188
Qwen3-8B,native_thinking,8,10,9,class_nc1_ratio,18.591064851079064,lower,-18.591064851079064,non_thinking,10,0.5405677250955818,lower,-0.5405677250955818,-18.050497125983483
Qwen3-8B,native_thinking,8,10,9,centroid_nearest_squared,111.1451644897461,higher,111.1451644897461,non_thinking,10,36.405426025390625,higher,36.405426025390625,74.73973846435547
Qwen3-8B,native_thinking,8,10,9,fisher_nearest,0.0555422143764414,higher,0.0555422143764414,non_thinking,10,0.05141356454790371,higher,0.05141356454790371,0.004128649828537688
Qwen3-8B,native_thinking,8,10,9,min_bhattacharyya,0.5614643543958664,higher,0.5614643543958664,non_thinking,10,0.1433609575033188,higher,0.1433609575033188,0.4181033968925476
Qwen3-8B,native_thinking,8,10,9,mean_bhattacharyya,0.974800040324529,higher,0.974800040324529,non_thinking,10,13.409768586357435,higher,13.409768586357435,-12.434968546032906
Qwen3-8B,native_thinking,8,10,9,nc2_class_cosine_deviation,0.26318356615525706,lower,-0.26318356615525706,non_thinking,10,0.8052454811555368,lower,-0.8052454811555368,0.5420619150002798
Qwen3-8B,native_thinking,9,1,10,logistic_precision,1.0,higher,1.0,non_thinking,10,0.8333333333333334,higher,0.8333333333333334,0.16666666666666663
Qwen3-8B,native_thinking,9,1,10,logistic_recall,1.0,higher,1.0,non_thinking,10,1.0,higher,1.0,0.0
Qwen3-8B,native_thinking,9,1,10,logistic_f1,1.0,higher,1.0,non_thinking,10,0.9090909090909091,higher,0.9090909090909091,0.09090909090909094
Qwen3-8B,native_thinking,9,1,10,ncc_recall,1.0,higher,1.0,non_thinking,10,1.0,higher,1.0,0.0
Qwen3-8B,native_thinking,9,1,10,silhouette_cosine,0.1481795608997345,higher,0.1481795608997345,non_thinking,10,0.9732829332351685,higher,0.9732829332351685,-0.825103372335434
Qwen3-8B,native_thinking,9,1,10,within_trace,1459.13232421875,lower,-1459.13232421875,non_thinking,10,121.74916076660156,lower,-121.74916076660156,-1337.3831634521484
Qwen3-8B,native_thinking,9,1,10,class_nc1_ratio,2.270553530873975,lower,-2.270553530873975,non_thinking,10,0.013230926089527412,lower,-0.013230926089527412,-2.2573226047844477
Qwen3-8B,native_thinking,9,1,10,centroid_nearest_squared,459.6640625,higher,459.6640625,non_thinking,10,5846.71875,higher,5846.71875,-5387.0546875
Qwen3-8B,native_thinking,9,1,10,fisher_nearest,0.3150256182187683,higher,0.3150256182187683,non_thinking,10,48.02266161988923,higher,48.02266161988923,-47.70763600167046
Qwen3-8B,native_thinking,9,1,10,min_bhattacharyya,1.2731386423110962,higher,1.2731386423110962,non_thinking,10,29.6086368560791,higher,29.6086368560791,-28.335498213768005
Qwen3-8B,native_thinking,9,1,10,mean_bhattacharyya,2.5538554588953652,higher,2.5538554588953652,non_thinking,10,57.249565336439346,higher,57.249565336439346,-54.69570987754398
Qwen3-8B,native_thinking,9,1,10,nc2_class_cosine_deviation,0.474439224946876,lower,-0.474439224946876,non_thinking,10,0.6321617799960537,lower,-0.6321617799960537,0.1577225550491777
Qwen3-8B,native_thinking,9,2,10,logistic_precision,1.0,higher,1.0,non_thinking,10,0.8888888888888888,higher,0.8888888888888888,0.11111111111111116
Qwen3-8B,native_thinking,9,2,10,logistic_recall,0.4,higher,0.4,non_thinking,10,0.8,higher,0.8,-0.4
Qwen3-8B,native_thinking,9,2,10,logistic_f1,0.5714285714285714,higher,0.5714285714285714,non_thinking,10,0.8421052631578947,higher,0.8421052631578947,-0.2706766917293233
Qwen3-8B,native_thinking,9,2,10,ncc_recall,0.5,higher,0.5,non_thinking,10,0.9,higher,0.9,-0.4
Qwen3-8B,native_thinking,9,2,10,silhouette_cosine,-0.08850052952766418,higher,-0.08850052952766418,non_thinking,10,0.3846615254878998,higher,0.3846615254878998,-0.47316205501556396
Qwen3-8B,native_thinking,9,2,10,within_trace,1620.1763916015625,lower,-1620.1763916015625,non_thinking,10,840.20361328125,lower,-840.20361328125,-779.9727783203125
Qwen3-8B,native_thinking,9,2,10,class_nc1_ratio,11.98469639651765,lower,-11.98469639651765,non_thinking,10,0.4057747328565382,lower,-0.4057747328565382,-11.578921663661113
Qwen3-8B,native_thinking,9,2,10,centroid_nearest_squared,187.43226623535156,higher,187.43226623535156,non_thinking,10,1053.0767822265625,higher,1053.0767822265625,-865.6445159912109
Qwen3-8B,native_thinking,9,2,10,fisher_nearest,0.1156863334183463,higher,0.1156863334183463,non_thinking,10,1.2533590258127767,higher,1.2533590258127767,-1.1376726923944305
Qwen3-8B,native_thinking,9,2,10,min_bhattacharyya,0.7180110216140747,higher,0.7180110216140747,non_thinking,10,2.343999147415161,higher,2.343999147415161,-1.6259881258010864
Qwen3-8B,native_thinking,9,2,10,mean_bhattacharyya,1.0521850387255351,higher,1.0521850387255351,non_thinking,10,11.902256780200535,higher,11.902256780200535,-10.850071741475
Qwen3-8B,native_thinking,9,2,10,nc2_class_cosine_deviation,0.40009355177114037,lower,-0.40009355177114037,non_thinking,10,0.6450432338924319,lower,-0.6450432338924319,0.24494968212129153
Qwen3-8B,native_thinking,9,3,9,logistic_precision,0.38461538461538464,higher,0.38461538461538464,non_thinking,10,0.6666666666666666,higher,0.6666666666666666,-0.282051282051282
Qwen3-8B,native_thinking,9,3,9,logistic_recall,0.5555555555555556,higher,0.5555555555555556,non_thinking,10,0.4,higher,0.4,0.15555555555555556
Qwen3-8B,native_thinking,9,3,9,logistic_f1,0.45454545454545453,higher,0.45454545454545453,non_thinking,10,0.5,higher,0.5,-0.04545454545454547
Qwen3-8B,native_thinking,9,3,9,ncc_recall,0.3333333333333333,higher,0.3333333333333333,non_thinking,10,0.4,higher,0.4,-0.06666666666666671
Qwen3-8B,native_thinking,9,3,9,silhouette_cosine,-0.10704316943883896,higher,-0.10704316943883896,non_thinking,10,-0.2620740830898285,higher,-0.2620740830898285,0.15503091365098953
Qwen3-8B,native_thinking,9,3,9,within_trace,1487.2274169921875,lower,-1487.2274169921875,non_thinking,10,1585.89306640625,lower,-1585.89306640625,98.6656494140625
Qwen3-8B,native_thinking,9,3,9,class_nc1_ratio,17.352467831919068,lower,-17.352467831919068,non_thinking,10,3.4597946428257695,lower,-3.4597946428257695,-13.892673189093298
Qwen3-8B,native_thinking,9,3,9,centroid_nearest_squared,70.42271423339844,higher,70.42271423339844,non_thinking,10,285.6822509765625,higher,285.6822509765625,-215.25953674316406
Qwen3-8B,native_thinking,9,3,9,fisher_nearest,0.047351678316839674,higher,0.047351678316839674,non_thinking,10,0.18013966832198808,higher,0.18013966832198808,-0.1327879900051484
Qwen3-8B,native_thinking,9,3,9,min_bhattacharyya,0.3576602637767792,higher,0.3576602637767792,non_thinking,10,0.6075195670127869,higher,0.6075195670127869,-0.2498593032360077
Qwen3-8B,native_thinking,9,3,9,mean_bhattacharyya,0.886080695523156,higher,0.886080695523156,non_thinking,10,6.0729891657829285,higher,6.0729891657829285,-5.186908470259772
Qwen3-8B,native_thinking,9,3,9,nc2_class_cosine_deviation,0.2763820409165396,lower,-0.2763820409165396,non_thinking,10,0.44116152045719415,lower,-0.44116152045719415,0.16477947954065453
Qwen3-8B,native_thinking,9,4,9,logistic_precision,0.25,higher,0.25,non_thinking,10,0.5,higher,0.5,-0.25
Qwen3-8B,native_thinking,9,4,9,logistic_recall,0.1111111111111111,higher,0.1111111111111111,non_thinking,10,0.5,higher,0.5,-0.3888888888888889
Qwen3-8B,native_thinking,9,4,9,logistic_f1,0.15384615384615385,higher,0.15384615384615385,non_thinking,10,0.5,higher,0.5,-0.34615384615384615
Qwen3-8B,native_thinking,9,4,9,ncc_recall,0.1111111111111111,higher,0.1111111111111111,non_thinking,10,0.2,higher,0.2,-0.0888888888888889
Qwen3-8B,native_thinking,9,4,9,silhouette_cosine,-0.15397629141807556,higher,-0.15397629141807556,non_thinking,10,-0.22664126753807068,higher,-0.22664126753807068,0.07266497611999512
Qwen3-8B,native_thinking,9,4,9,within_trace,1468.676025390625,lower,-1468.676025390625,non_thinking,10,1492.4501953125,lower,-1492.4501953125,23.774169921875
Qwen3-8B,native_thinking,9,4,9,class_nc1_ratio,45.5619772708381,lower,-45.5619772708381,non_thinking,10,6.743188306270243,lower,-6.743188306270243,-38.81878896456786
Qwen3-8B,native_thinking,9,4,9,centroid_nearest_squared,43.51483154296875,higher,43.51483154296875,non_thinking,10,165.53121948242188,higher,165.53121948242188,-122.01638793945312
Qwen3-8B,native_thinking,9,4,9,fisher_nearest,0.02962861161391606,higher,0.02962861161391606,non_thinking,10,0.11091239091416498,higher,0.11091239091416498,-0.08128377930024892
Qwen3-8B,native_thinking,9,4,9,min_bhattacharyya,0.24864477664232254,higher,0.24864477664232254,non_thinking,10,0.5029911398887634,higher,0.5029911398887634,-0.2543463632464409
Qwen3-8B,native_thinking,9,4,9,mean_bhattacharyya,0.6104381125834253,higher,0.6104381125834253,non_thinking,10,6.616549187236362,higher,6.616549187236362,-6.006111074652937
Qwen3-8B,native_thinking,9,4,9,nc2_class_cosine_deviation,0.3799353379894186,lower,-0.3799353379894186,non_thinking,10,0.39799002866134237,lower,-0.39799002866134237,0.01805469067192378
Qwen3-8B,native_thinking,9,5,9,logistic_precision,0.14285714285714285,higher,0.14285714285714285,non_thinking,10,0.45454545454545453,higher,0.45454545454545453,-0.3116883116883117
Qwen3-8B,native_thinking,9,5,9,logistic_recall,0.1111111111111111,higher,0.1111111111111111,non_thinking,10,0.5,higher,0.5,-0.3888888888888889
Qwen3-8B,native_thinking,9,5,9,logistic_f1,0.125,higher,0.125,non_thinking,10,0.47619047619047616,higher,0.47619047619047616,-0.35119047619047616
Qwen3-8B,native_thinking,9,5,9,ncc_recall,0.2222222222222222,higher,0.2222222222222222,non_thinking,10,0.3,higher,0.3,-0.07777777777777778
Qwen3-8B,native_thinking,9,5,9,silhouette_cosine,-0.12501218914985657,higher,-0.12501218914985657,non_thinking,10,-0.23355543613433838,higher,-0.23355543613433838,0.10854324698448181
Qwen3-8B,native_thinking,9,5,9,within_trace,1403.519287109375,lower,-1403.519287109375,non_thinking,10,1370.19287109375,lower,-1370.19287109375,-33.326416015625
Qwen3-8B,native_thinking,9,5,9,class_nc1_ratio,42.32832968327842,lower,-42.32832968327842,non_thinking,10,5.763146176679531,lower,-5.763146176679531,-36.565183506598885
Qwen3-8B,native_thinking,9,5,9,centroid_nearest_squared,43.89369583129883,higher,43.89369583129883,non_thinking,10,92.05657196044922,higher,92.05657196044922,-48.16287612915039
Qwen3-8B,native_thinking,9,5,9,fisher_nearest,0.03127402397276656,higher,0.03127402397276656,non_thinking,10,0.06718511962988502,higher,0.06718511962988502,-0.03591109565711846
Qwen3-8B,native_thinking,9,5,9,min_bhattacharyya,0.21132145822048187,higher,0.21132145822048187,non_thinking,10,0.5029911398887634,higher,0.5029911398887634,-0.29166968166828156
Qwen3-8B,native_thinking,9,5,9,mean_bhattacharyya,0.6984852908386124,higher,0.6984852908386124,non_thinking,10,7.384414656294717,higher,7.384414656294717,-6.685929365456104
Qwen3-8B,native_thinking,9,5,9,nc2_class_cosine_deviation,0.3203731308932658,lower,-0.3203731308932658,non_thinking,10,0.6818881473147574,lower,-0.6818881473147574,0.36151501642149164
Qwen3-8B,native_thinking,9,6,9,logistic_precision,0.4,higher,0.4,non_thinking,10,0.42857142857142855,higher,0.42857142857142855,-0.028571428571428525
Qwen3-8B,native_thinking,9,6,9,logistic_recall,0.4444444444444444,higher,0.4444444444444444,non_thinking,10,0.3,higher,0.3,0.14444444444444443
Qwen3-8B,native_thinking,9,6,9,logistic_f1,0.42105263157894735,higher,0.42105263157894735,non_thinking,10,0.35294117647058826,higher,0.35294117647058826,0.06811145510835909
Qwen3-8B,native_thinking,9,6,9,ncc_recall,0.2222222222222222,higher,0.2222222222222222,non_thinking,10,0.0,higher,0.0,0.2222222222222222
Qwen3-8B,native_thinking,9,6,9,silhouette_cosine,-0.13054996728897095,higher,-0.13054996728897095,non_thinking,10,-0.27928879857063293,higher,-0.27928879857063293,0.148738831281662
Qwen3-8B,native_thinking,9,6,9,within_trace,1408.18017578125,lower,-1408.18017578125,non_thinking,10,1309.396240234375,lower,-1309.396240234375,-98.783935546875
Qwen3-8B,native_thinking,9,6,9,class_nc1_ratio,27.11592588184899,lower,-27.11592588184899,non_thinking,10,5.221860606671316,lower,-5.221860606671316,-21.894065275177674
Qwen3-8B,native_thinking,9,6,9,centroid_nearest_squared,40.40888214111328,higher,40.40888214111328,non_thinking,10,70.55973052978516,higher,70.55973052978516,-30.150848388671875
Qwen3-8B,native_thinking,9,6,9,fisher_nearest,0.028695818075051848,higher,0.028695818075051848,non_thinking,10,0.053887225548436994,higher,0.053887225548436994,-0.025191407473385146
Qwen3-8B,native_thinking,9,6,9,min_bhattacharyya,0.22955413907766342,higher,0.22955413907766342,non_thinking,10,0.5374616086483002,higher,0.5374616086483002,-0.30790746957063675
Qwen3-8B,native_thinking,9,6,9,mean_bhattacharyya,0.7422745666570134,higher,0.7422745666570134,non_thinking,10,8.609877172443602,higher,8.609877172443602,-7.867602605786589
Qwen3-8B,native_thinking,9,6,9,nc2_class_cosine_deviation,0.484338576445517,lower,-0.484338576445517,non_thinking,10,0.6978120196748664,lower,-0.6978120196748664,0.2134734432293494
Qwen3-8B,native_thinking,9,7,9,logistic_precision,0.16666666666666666,higher,0.16666666666666666,non_thinking,10,0.46153846153846156,higher,0.46153846153846156,-0.29487179487179493
Qwen3-8B,native_thinking,9,7,9,logistic_recall,0.2222222222222222,higher,0.2222222222222222,non_thinking,10,0.6,higher,0.6,-0.37777777777777777
Qwen3-8B,native_thinking,9,7,9,logistic_f1,0.19047619047619047,higher,0.19047619047619047,non_thinking,10,0.5217391304347826,higher,0.5217391304347826,-0.33126293995859213
Qwen3-8B,native_thinking,9,7,9,ncc_recall,0.2222222222222222,higher,0.2222222222222222,non_thinking,10,0.2,higher,0.2,0.0222222222222222
Qwen3-8B,native_thinking,9,7,9,silhouette_cosine,-0.11936068534851074,higher,-0.11936068534851074,non_thinking,10,-0.22864305973052979,higher,-0.22864305973052979,0.10928237438201904
Qwen3-8B,native_thinking,9,7,9,within_trace,1692.530517578125,lower,-1692.530517578125,non_thinking,10,1161.3687744140625,lower,-1161.3687744140625,-531.1617431640625
Qwen3-8B,native_thinking,9,7,9,class_nc1_ratio,18.059900031093722,lower,-18.059900031093722,non_thinking,10,2.990433323658063,lower,-2.990433323658063,-15.069466707435659
Qwen3-8B,native_thinking,9,7,9,centroid_nearest_squared,37.75294494628906,higher,37.75294494628906,non_thinking,10,70.55973052978516,higher,70.55973052978516,-32.806785583496094
Qwen3-8B,native_thinking,9,7,9,fisher_nearest,0.022305621407825774,higher,0.022305621407825774,non_thinking,10,0.060755663562062086,higher,0.060755663562062086,-0.03845004215423631
Qwen3-8B,native_thinking,9,7,9,min_bhattacharyya,0.32777343690395355,higher,0.32777343690395355,non_thinking,10,0.5374616086483002,higher,0.5374616086483002,-0.20968817174434662
Qwen3-8B,native_thinking,9,7,9,mean_bhattacharyya,0.8327308297157288,higher,0.8327308297157288,non_thinking,10,8.638319830099741,higher,8.638319830099741,-7.805589000384012
Qwen3-8B,native_thinking,9,7,9,nc2_class_cosine_deviation,0.5043422982648568,lower,-0.5043422982648568,non_thinking,10,0.7115715598618544,lower,-0.7115715598618544,0.20722926159699762
Qwen3-8B,native_thinking,9,8,9,logistic_precision,0.17647058823529413,higher,0.17647058823529413,non_thinking,10,0.2857142857142857,higher,0.2857142857142857,-0.10924369747899157
Qwen3-8B,native_thinking,9,8,9,logistic_recall,0.3333333333333333,higher,0.3333333333333333,non_thinking,10,0.4,higher,0.4,-0.06666666666666671
Qwen3-8B,native_thinking,9,8,9,logistic_f1,0.23076923076923078,higher,0.23076923076923078,non_thinking,10,0.3333333333333333,higher,0.3333333333333333,-0.10256410256410253
Qwen3-8B,native_thinking,9,8,9,ncc_recall,0.1111111111111111,higher,0.1111111111111111,non_thinking,10,0.1,higher,0.1,0.0111111111111111
Qwen3-8B,native_thinking,9,8,9,silhouette_cosine,-0.10251574218273163,higher,-0.10251574218273163,non_thinking,10,-0.21478644013404846,higher,-0.21478644013404846,0.11227069795131683
Qwen3-8B,native_thinking,9,8,9,within_trace,1475.663818359375,lower,-1475.663818359375,non_thinking,10,1019.4588623046875,lower,-1019.4588623046875,-456.2049560546875
Qwen3-8B,native_thinking,9,8,9,class_nc1_ratio,15.158189938731407,lower,-15.158189938731407,non_thinking,10,1.4593981865109027,lower,-1.4593981865109027,-13.698791752220504
Qwen3-8B,native_thinking,9,8,9,centroid_nearest_squared,80.73043823242188,higher,80.73043823242188,non_thinking,10,86.48592376708984,higher,86.48592376708984,-5.755485534667969
Qwen3-8B,native_thinking,9,8,9,fisher_nearest,0.05470787941536507,higher,0.05470787941536507,non_thinking,10,0.08483512867951472,higher,0.08483512867951472,-0.03012724926414965
Qwen3-8B,native_thinking,9,8,9,min_bhattacharyya,0.3406689018011093,higher,0.3406689018011093,non_thinking,10,0.31741002202033997,higher,0.31741002202033997,0.023258879780769348
Qwen3-8B,native_thinking,9,8,9,mean_bhattacharyya,0.8091599941253662,higher,0.8091599941253662,non_thinking,10,10.988208903206719,higher,10.988208903206719,-10.179048909081352
Qwen3-8B,native_thinking,9,8,9,nc2_class_cosine_deviation,0.4757673984140525,lower,-0.4757673984140525,non_thinking,10,0.7505480751947121,lower,-0.7505480751947121,0.2747806767806596
Qwen3-8B,native_thinking,9,9,9,logistic_precision,0.2222222222222222,higher,0.2222222222222222,non_thinking,10,0.3333333333333333,higher,0.3333333333333333,-0.1111111111111111
Qwen3-8B,native_thinking,9,9,9,logistic_recall,0.2222222222222222,higher,0.2222222222222222,non_thinking,10,0.1,higher,0.1,0.1222222222222222
Qwen3-8B,native_thinking,9,9,9,logistic_f1,0.2222222222222222,higher,0.2222222222222222,non_thinking,10,0.15384615384615385,higher,0.15384615384615385,0.06837606837606836
Qwen3-8B,native_thinking,9,9,9,ncc_recall,0.2222222222222222,higher,0.2222222222222222,non_thinking,10,0.2,higher,0.2,0.0222222222222222
Qwen3-8B,native_thinking,9,9,9,silhouette_cosine,-0.13388293981552124,higher,-0.13388293981552124,non_thinking,10,-0.061519771814346313,higher,-0.061519771814346313,-0.07236316800117493
Qwen3-8B,native_thinking,9,9,9,within_trace,1463.93798828125,lower,-1463.93798828125,non_thinking,10,778.015380859375,lower,-778.015380859375,-685.922607421875
Qwen3-8B,native_thinking,9,9,9,class_nc1_ratio,26.418996764755367,lower,-26.418996764755367,non_thinking,10,0.7153944506540961,lower,-0.7153944506540961,-25.70360231410127
Qwen3-8B,native_thinking,9,9,9,centroid_nearest_squared,37.75294494628906,higher,37.75294494628906,non_thinking,10,31.28063201904297,higher,31.28063201904297,6.472312927246094
Qwen3-8B,native_thinking,9,9,9,fisher_nearest,0.025788623048585042,higher,0.025788623048585042,non_thinking,10,0.040205673035012775,higher,0.040205673035012775,-0.014417049986427732
Qwen3-8B,native_thinking,9,9,9,min_bhattacharyya,0.21132145822048187,higher,0.21132145822048187,non_thinking,10,0.2221771813929081,higher,0.2221771813929081,-0.010855723172426224
Qwen3-8B,native_thinking,9,9,9,mean_bhattacharyya,0.7493674440516366,higher,0.7493674440516366,non_thinking,10,12.969596843338675,higher,12.969596843338675,-12.220229399287039
Qwen3-8B,native_thinking,9,9,9,nc2_class_cosine_deviation,0.59950041991693,lower,-0.59950041991693,non_thinking,10,0.7633814817225493,lower,-0.7633814817225493,0.16388106180561923
Qwen3-8B,native_thinking,9,10,9,logistic_precision,0.6666666666666666,higher,0.6666666666666666,non_thinking,10,0.5333333333333333,higher,0.5333333333333333,0.1333333333333333
Qwen3-8B,native_thinking,9,10,9,logistic_recall,0.4444444444444444,higher,0.4444444444444444,non_thinking,10,0.8,higher,0.8,-0.3555555555555556
Qwen3-8B,native_thinking,9,10,9,logistic_f1,0.5333333333333333,higher,0.5333333333333333,non_thinking,10,0.64,higher,0.64,-0.10666666666666669
Qwen3-8B,native_thinking,9,10,9,ncc_recall,0.3333333333333333,higher,0.3333333333333333,non_thinking,10,0.4,higher,0.4,-0.06666666666666671
Qwen3-8B,native_thinking,9,10,9,silhouette_cosine,-0.1235700324177742,higher,-0.1235700324177742,non_thinking,10,-0.10726724565029144,higher,-0.10726724565029144,-0.016302786767482758
Qwen3-8B,native_thinking,9,10,9,within_trace,1748.9810791015625,lower,-1748.9810791015625,non_thinking,10,991.6943359375,lower,-991.6943359375,-757.2867431640625
Qwen3-8B,native_thinking,9,10,9,class_nc1_ratio,14.18189113047457,lower,-14.18189113047457,non_thinking,10,0.7712036468783715,lower,-0.7712036468783715,-13.410687483596199
Qwen3-8B,native_thinking,9,10,9,centroid_nearest_squared,77.05181884765625,higher,77.05181884765625,non_thinking,10,31.28063201904297,higher,31.28063201904297,45.77118682861328
Qwen3-8B,native_thinking,9,10,9,fisher_nearest,0.04405526152817911,higher,0.04405526152817911,non_thinking,10,0.03154261437771727,higher,0.03154261437771727,0.01251264715046184
Qwen3-8B,native_thinking,9,10,9,min_bhattacharyya,0.3656826913356781,higher,0.3656826913356781,non_thinking,10,0.2221771813929081,higher,0.2221771813929081,0.14350550994277
Qwen3-8B,native_thinking,9,10,9,mean_bhattacharyya,0.8918316670589976,higher,0.8918316670589976,non_thinking,10,12.031882690472735,higher,12.031882690472735,-11.140051023413736
Qwen3-8B,native_thinking,9,10,9,nc2_class_cosine_deviation,0.3963597987169101,lower,-0.3963597987169101,non_thinking,10,0.7468425984735843,lower,-0.7468425984735843,0.3504827997566742
Qwen3-8B,native_thinking,10,1,10,logistic_precision,0.9,higher,0.9,non_thinking,10,1.0,higher,1.0,-0.09999999999999998
Qwen3-8B,native_thinking,10,1,10,logistic_recall,0.9,higher,0.9,non_thinking,10,1.0,higher,1.0,-0.09999999999999998
Qwen3-8B,native_thinking,10,1,10,logistic_f1,0.9,higher,0.9,non_thinking,10,1.0,higher,1.0,-0.09999999999999998
Qwen3-8B,native_thinking,10,1,10,ncc_recall,1.0,higher,1.0,non_thinking,10,1.0,higher,1.0,0.0
Qwen3-8B,native_thinking,10,1,10,silhouette_cosine,0.1449117660522461,higher,0.1449117660522461,non_thinking,10,0.9730575680732727,higher,0.9730575680732727,-0.8281458020210266
Qwen3-8B,native_thinking,10,1,10,within_trace,1774.7801513671875,lower,-1774.7801513671875,non_thinking,10,127.08349609375,lower,-127.08349609375,-1647.6966552734375
Qwen3-8B,native_thinking,10,1,10,class_nc1_ratio,2.1726223132553253,lower,-2.1726223132553253,non_thinking,10,0.013190658302898206,lower,-0.013190658302898206,-2.159431654952427
Qwen3-8B,native_thinking,10,1,10,centroid_nearest_squared,577.5122680664062,higher,577.5122680664062,non_thinking,10,6207.990234375,higher,6207.990234375,-5630.477966308594
Qwen3-8B,native_thinking,10,1,10,fisher_nearest,0.3253993276978697,higher,0.3253993276978697,non_thinking,10,48.849696657663095,higher,48.849696657663095,-48.52429732996522
Qwen3-8B,native_thinking,10,1,10,min_bhattacharyya,1.4010264873504639,higher,1.4010264873504639,non_thinking,10,32.83479118347168,higher,32.83479118347168,-31.433764696121216
Qwen3-8B,native_thinking,10,1,10,mean_bhattacharyya,2.8102035257551403,higher,2.8102035257551403,non_thinking,10,64.16188536749945,higher,64.16188536749945,-61.35168184174431
Qwen3-8B,native_thinking,10,1,10,nc2_class_cosine_deviation,0.4894596286761908,lower,-0.4894596286761908,non_thinking,10,0.6229428082336614,lower,-0.6229428082336614,0.13348317955747063
Qwen3-8B,native_thinking,10,2,10,logistic_precision,0.8333333333333334,higher,0.8333333333333334,non_thinking,10,1.0,higher,1.0,-0.16666666666666663
Qwen3-8B,native_thinking,10,2,10,logistic_recall,0.5,higher,0.5,non_thinking,10,0.8,higher,0.8,-0.30000000000000004
Qwen3-8B,native_thinking,10,2,10,logistic_f1,0.625,higher,0.625,non_thinking,10,0.8888888888888888,higher,0.8888888888888888,-0.26388888888888884
Qwen3-8B,native_thinking,10,2,10,ncc_recall,0.7,higher,0.7,non_thinking,10,0.8,higher,0.8,-0.10000000000000009
Qwen3-8B,native_thinking,10,2,10,silhouette_cosine,-0.07923798263072968,higher,-0.07923798263072968,non_thinking,10,0.4277418255805969,higher,0.4277418255805969,-0.5069798082113266
Qwen3-8B,native_thinking,10,2,10,within_trace,1780.5528564453125,lower,-1780.5528564453125,non_thinking,10,825.20458984375,lower,-825.20458984375,-955.3482666015625
Qwen3-8B,native_thinking,10,2,10,class_nc1_ratio,9.507147437136766,lower,-9.507147437136766,non_thinking,10,0.3703060605406181,lower,-0.3703060605406181,-9.136841376596148
Qwen3-8B,native_thinking,10,2,10,centroid_nearest_squared,240.36734008789062,higher,240.36734008789062,non_thinking,10,1139.41162109375,higher,1139.41162109375,-899.0442810058594
Qwen3-8B,native_thinking,10,2,10,fisher_nearest,0.13499590265899708,higher,0.13499590265899708,non_thinking,10,1.3807625831425563,higher,1.3807625831425563,-1.2457666804835592
Qwen3-8B,native_thinking,10,2,10,min_bhattacharyya,0.8244575262069702,higher,0.8244575262069702,non_thinking,10,2.589354634284973,higher,2.589354634284973,-1.764897108078003
Qwen3-8B,native_thinking,10,2,10,mean_bhattacharyya,1.207369264629152,higher,1.207369264629152,non_thinking,10,13.576748543315464,higher,13.576748543315464,-12.369379278686312
Qwen3-8B,native_thinking,10,2,10,nc2_class_cosine_deviation,0.42392503994482533,lower,-0.42392503994482533,non_thinking,10,0.6363127838682244,lower,-0.6363127838682244,0.2123877439233991
Qwen3-8B,native_thinking,10,3,9,logistic_precision,0.375,higher,0.375,non_thinking,10,0.6666666666666666,higher,0.6666666666666666,-0.29166666666666663
Qwen3-8B,native_thinking,10,3,9,logistic_recall,0.6666666666666666,higher,0.6666666666666666,non_thinking,10,0.8,higher,0.8,-0.13333333333333341
Qwen3-8B,native_thinking,10,3,9,logistic_f1,0.48,higher,0.48,non_thinking,10,0.7272727272727273,higher,0.7272727272727273,-0.2472727272727273
Qwen3-8B,native_thinking,10,3,9,ncc_recall,0.4444444444444444,higher,0.4444444444444444,non_thinking,10,0.4,higher,0.4,0.0444444444444444
Qwen3-8B,native_thinking,10,3,9,silhouette_cosine,-0.09762945771217346,higher,-0.09762945771217346,non_thinking,10,-0.24023211002349854,higher,-0.24023211002349854,0.14260265231132507
Qwen3-8B,native_thinking,10,3,9,within_trace,1767.762451171875,lower,-1767.762451171875,non_thinking,10,1460.51513671875,lower,-1460.51513671875,-307.247314453125
Qwen3-8B,native_thinking,10,3,9,class_nc1_ratio,16.289544171788062,lower,-16.289544171788062,non_thinking,10,2.8484302176283083,lower,-2.8484302176283083,-13.441113954159754
Qwen3-8B,native_thinking,10,3,9,centroid_nearest_squared,67.48138427734375,higher,67.48138427734375,non_thinking,10,299.56195068359375,higher,299.56195068359375,-232.08056640625
Qwen3-8B,native_thinking,10,3,9,fisher_nearest,0.03817333275328332,higher,0.03817333275328332,non_thinking,10,0.2051070496650937,higher,0.2051070496650937,-0.16693371691181036
Qwen3-8B,native_thinking,10,3,9,min_bhattacharyya,0.3282483220100403,higher,0.3282483220100403,non_thinking,10,0.6087050437927246,higher,0.6087050437927246,-0.2804567217826843
Qwen3-8B,native_thinking,10,3,9,mean_bhattacharyya,0.94120744533009,higher,0.94120744533009,non_thinking,10,6.772283713022868,higher,6.772283713022868,-5.831076267692778
Qwen3-8B,native_thinking,10,3,9,nc2_class_cosine_deviation,0.274351959956097,lower,-0.274351959956097,non_thinking,10,0.448857813751624,lower,-0.448857813751624,0.17450585379552697
Qwen3-8B,native_thinking,10,4,9,logistic_precision,0.5,higher,0.5,non_thinking,10,0.6666666666666666,higher,0.6666666666666666,-0.16666666666666663
Qwen3-8B,native_thinking,10,4,9,logistic_recall,0.4444444444444444,higher,0.4444444444444444,non_thinking,10,0.6,higher,0.6,-0.15555555555555556
Qwen3-8B,native_thinking,10,4,9,logistic_f1,0.47058823529411764,higher,0.47058823529411764,non_thinking,10,0.631578947368421,higher,0.631578947368421,-0.16099071207430338
Qwen3-8B,native_thinking,10,4,9,ncc_recall,0.2222222222222222,higher,0.2222222222222222,non_thinking,10,0.4,higher,0.4,-0.1777777777777778
Qwen3-8B,native_thinking,10,4,9,silhouette_cosine,-0.14276069402694702,higher,-0.14276069402694702,non_thinking,10,-0.21323160827159882,higher,-0.21323160827159882,0.0704709142446518
Qwen3-8B,native_thinking,10,4,9,within_trace,1762.3741455078125,lower,-1762.3741455078125,non_thinking,10,1428.203369140625,lower,-1428.203369140625,-334.1707763671875
Qwen3-8B,native_thinking,10,4,9,class_nc1_ratio,33.68645486921473,lower,-33.68645486921473,non_thinking,10,5.602162442477652,lower,-5.602162442477652,-28.084292426737075
Qwen3-8B,native_thinking,10,4,9,centroid_nearest_squared,41.62319564819336,higher,41.62319564819336,non_thinking,10,159.4647216796875,higher,159.4647216796875,-117.84152603149414
Qwen3-8B,native_thinking,10,4,9,fisher_nearest,0.0236176839942236,higher,0.0236176839942236,non_thinking,10,0.11165407190968904,higher,0.11165407190968904,-0.08803638791546545
Qwen3-8B,native_thinking,10,4,9,min_bhattacharyya,0.217925027012825,higher,0.217925027012825,non_thinking,10,0.5487048625946045,higher,0.5487048625946045,-0.3307798355817795
Qwen3-8B,native_thinking,10,4,9,mean_bhattacharyya,0.6789396637015872,higher,0.6789396637015872,non_thinking,10,6.8121185302734375,higher,6.8121185302734375,-6.13317886657185
Qwen3-8B,native_thinking,10,4,9,nc2_class_cosine_deviation,0.38351252960202137,lower,-0.38351252960202137,non_thinking,10,0.3759110447617225,lower,-0.3759110447617225,-0.007601484840298878
Qwen3-8B,native_thinking,10,5,9,logistic_precision,0.42857142857142855,higher,0.42857142857142855,non_thinking,10,0.5833333333333334,higher,0.5833333333333334,-0.15476190476190482
Qwen3-8B,native_thinking,10,5,9,logistic_recall,0.3333333333333333,higher,0.3333333333333333,non_thinking,10,0.7,higher,0.7,-0.36666666666666664
Qwen3-8B,native_thinking,10,5,9,logistic_f1,0.375,higher,0.375,non_thinking,10,0.6363636363636364,higher,0.6363636363636364,-0.26136363636363635
Qwen3-8B,native_thinking,10,5,9,ncc_recall,0.2222222222222222,higher,0.2222222222222222,non_thinking,10,0.4,higher,0.4,-0.1777777777777778
Qwen3-8B,native_thinking,10,5,9,silhouette_cosine,-0.12654249370098114,higher,-0.12654249370098114,non_thinking,10,-0.2226622849702835,higher,-0.2226622849702835,0.09611979126930237
Qwen3-8B,native_thinking,10,5,9,within_trace,1624.9088134765625,lower,-1624.9088134765625,non_thinking,10,1303.908935546875,lower,-1303.908935546875,-320.9998779296875
Qwen3-8B,native_thinking,10,5,9,class_nc1_ratio,48.79898990049573,lower,-48.79898990049573,non_thinking,10,5.338759238688424,lower,-5.338759238688424,-43.4602306618073
Qwen3-8B,native_thinking,10,5,9,centroid_nearest_squared,32.734432220458984,higher,32.734432220458984,non_thinking,10,85.92350769042969,higher,85.92350769042969,-53.1890754699707
Qwen3-8B,native_thinking,10,5,9,fisher_nearest,0.02014539643638356,higher,0.02014539643638356,non_thinking,10,0.06589686238663005,higher,0.06589686238663005,-0.045751465950246484
Qwen3-8B,native_thinking,10,5,9,min_bhattacharyya,0.17220671474933624,higher,0.17220671474933624,non_thinking,10,0.5487048625946045,higher,0.5487048625946045,-0.37649814784526825
Qwen3-8B,native_thinking,10,5,9,mean_bhattacharyya,0.7150856256484985,higher,0.7150856256484985,non_thinking,10,8.102731274233925,higher,8.102731274233925,-7.387645648585426
Qwen3-8B,native_thinking,10,5,9,nc2_class_cosine_deviation,0.3958449396362276,lower,-0.3958449396362276,non_thinking,10,0.6793949148261252,lower,-0.6793949148261252,0.28354997518989766
Qwen3-8B,native_thinking,10,6,9,logistic_precision,0.4444444444444444,higher,0.4444444444444444,non_thinking,10,0.5714285714285714,higher,0.5714285714285714,-0.12698412698412698
Qwen3-8B,native_thinking,10,6,9,logistic_recall,0.4444444444444444,higher,0.4444444444444444,non_thinking,10,0.4,higher,0.4,0.0444444444444444
Qwen3-8B,native_thinking,10,6,9,logistic_f1,0.4444444444444444,higher,0.4444444444444444,non_thinking,10,0.47058823529411764,higher,0.47058823529411764,-0.02614379084967322
Qwen3-8B,native_thinking,10,6,9,ncc_recall,0.0,higher,0.0,non_thinking,10,0.0,higher,0.0,0.0
Qwen3-8B,native_thinking,10,6,9,silhouette_cosine,-0.13674873113632202,higher,-0.13674873113632202,non_thinking,10,-0.29716014862060547,higher,-0.29716014862060547,0.16041141748428345
Qwen3-8B,native_thinking,10,6,9,within_trace,1695.0179443359375,lower,-1695.0179443359375,non_thinking,10,1224.42529296875,lower,-1224.42529296875,-470.5926513671875
Qwen3-8B,native_thinking,10,6,9,class_nc1_ratio,33.41578050255073,lower,-33.41578050255073,non_thinking,10,4.450079235193888,lower,-4.450079235193888,-28.96570126735684
Qwen3-8B,native_thinking,10,6,9,centroid_nearest_squared,32.734432220458984,higher,32.734432220458984,non_thinking,10,71.19551086425781,higher,71.19551086425781,-38.46107864379883
Qwen3-8B,native_thinking,10,6,9,fisher_nearest,0.01931214494208995,higher,0.01931214494208995,non_thinking,10,0.05814606352310535,higher,0.05814606352310535,-0.0388339185810154
Qwen3-8B,native_thinking,10,6,9,min_bhattacharyya,0.17220671474933624,higher,0.17220671474933624,non_thinking,10,0.5044525861740112,higher,0.5044525861740112,-0.332245871424675
Qwen3-8B,native_thinking,10,6,9,mean_bhattacharyya,0.7172239869832993,higher,0.7172239869832993,non_thinking,10,9.250389503108131,higher,9.250389503108131,-8.533165516124832
Qwen3-8B,native_thinking,10,6,9,nc2_class_cosine_deviation,0.52674786452158,lower,-0.52674786452158,non_thinking,10,0.6847619436405323,lower,-0.6847619436405323,0.15801407911895238
Qwen3-8B,native_thinking,10,7,9,logistic_precision,0.0,higher,0.0,non_thinking,10,0.4166666666666667,higher,0.4166666666666667,-0.4166666666666667
Qwen3-8B,native_thinking,10,7,9,logistic_recall,0.0,higher,0.0,non_thinking,10,0.5,higher,0.5,-0.5
Qwen3-8B,native_thinking,10,7,9,logistic_f1,0.0,higher,0.0,non_thinking,10,0.45454545454545453,higher,0.45454545454545453,-0.45454545454545453
Qwen3-8B,native_thinking,10,7,9,ncc_recall,0.1111111111111111,higher,0.1111111111111111,non_thinking,10,0.2,higher,0.2,-0.0888888888888889
Qwen3-8B,native_thinking,10,7,9,silhouette_cosine,-0.1272483468055725,higher,-0.1272483468055725,non_thinking,10,-0.23412063717842102,higher,-0.23412063717842102,0.10687229037284851
Qwen3-8B,native_thinking,10,7,9,within_trace,1831.1634521484375,lower,-1831.1634521484375,non_thinking,10,1030.1510009765625,lower,-1030.1510009765625,-801.012451171875
Qwen3-8B,native_thinking,10,7,9,class_nc1_ratio,22.04724336405389,lower,-22.04724336405389,non_thinking,10,2.422866903405265,lower,-2.422866903405265,-19.624376460648627
Qwen3-8B,native_thinking,10,7,9,centroid_nearest_squared,43.99778747558594,higher,43.99778747558594,non_thinking,10,71.19551086425781,higher,71.19551086425781,-27.197723388671875
Qwen3-8B,native_thinking,10,7,9,fisher_nearest,0.024027231115805056,higher,0.024027231115805056,non_thinking,10,0.06911172322966817,higher,0.06911172322966817,-0.04508449211386312
Qwen3-8B,native_thinking,10,7,9,min_bhattacharyya,0.23569512367248535,higher,0.23569512367248535,non_thinking,10,0.5044525861740112,higher,0.5044525861740112,-0.2687574625015259
Qwen3-8B,native_thinking,10,7,9,mean_bhattacharyya,0.7900926768779755,higher,0.7900926768779755,non_thinking,10,10.108314560519325,higher,10.108314560519325,-9.31822188364135
Qwen3-8B,native_thinking,10,7,9,nc2_class_cosine_deviation,0.5436020167889419,lower,-0.5436020167889419,non_thinking,10,0.7166069569411102,lower,-0.7166069569411102,0.17300494015216827
Qwen3-8B,native_thinking,10,8,9,logistic_precision,0.09090909090909091,higher,0.09090909090909091,non_thinking,10,0.4,higher,0.4,-0.3090909090909091
Qwen3-8B,native_thinking,10,8,9,logistic_recall,0.1111111111111111,higher,0.1111111111111111,non_thinking,10,0.4,higher,0.4,-0.2888888888888889
Qwen3-8B,native_thinking,10,8,9,logistic_f1,0.1,higher,0.1,non_thinking,10,0.4,higher,0.4,-0.30000000000000004
Qwen3-8B,native_thinking,10,8,9,ncc_recall,0.2222222222222222,higher,0.2222222222222222,non_thinking,10,0.1,higher,0.1,0.1222222222222222
Qwen3-8B,native_thinking,10,8,9,silhouette_cosine,-0.09922157227993011,higher,-0.09922157227993011,non_thinking,10,-0.2367437332868576,higher,-0.2367437332868576,0.1375221610069275
Qwen3-8B,native_thinking,10,8,9,within_trace,1691.0296630859375,lower,-1691.0296630859375,non_thinking,10,944.9609985351562,lower,-944.9609985351562,-746.0686645507812
Qwen3-8B,native_thinking,10,8,9,class_nc1_ratio,16.196536363696815,lower,-16.196536363696815,non_thinking,10,1.2531187096213128,lower,-1.2531187096213128,-14.943417654075501
Qwen3-8B,native_thinking,10,8,9,centroid_nearest_squared,81.6960220336914,higher,81.6960220336914,non_thinking,10,93.14279174804688,higher,93.14279174804688,-11.446769714355469
Qwen3-8B,native_thinking,10,8,9,fisher_nearest,0.048311406841087236,higher,0.048311406841087236,non_thinking,10,0.09856786882467466,higher,0.09856786882467466,-0.05025646198358743
Qwen3-8B,native_thinking,10,8,9,min_bhattacharyya,0.3198406994342804,higher,0.3198406994342804,non_thinking,10,0.3782150596380234,higher,0.3782150596380234,-0.05837436020374298
Qwen3-8B,native_thinking,10,8,9,mean_bhattacharyya,0.8654639969269434,higher,0.8654639969269434,non_thinking,10,12.553648913900057,higher,12.553648913900057,-11.688184916973114
Qwen3-8B,native_thinking,10,8,9,nc2_class_cosine_deviation,0.5282198924939205,lower,-0.5282198924939205,non_thinking,10,0.7514207790847178,lower,-0.7514207790847178,0.2232008865907973
Qwen3-8B,native_thinking,10,9,9,logistic_precision,0.2222222222222222,higher,0.2222222222222222,non_thinking,10,0.5,higher,0.5,-0.2777777777777778
Qwen3-8B,native_thinking,10,9,9,logistic_recall,0.2222222222222222,higher,0.2222222222222222,non_thinking,10,0.3,higher,0.3,-0.07777777777777778
Qwen3-8B,native_thinking,10,9,9,logistic_f1,0.2222222222222222,higher,0.2222222222222222,non_thinking,10,0.375,higher,0.375,-0.1527777777777778
Qwen3-8B,native_thinking,10,9,9,ncc_recall,0.2222222222222222,higher,0.2222222222222222,non_thinking,10,0.2,higher,0.2,0.0222222222222222
Qwen3-8B,native_thinking,10,9,9,silhouette_cosine,-0.1290949434041977,higher,-0.1290949434041977,non_thinking,10,-0.05879994109272957,higher,-0.05879994109272957,-0.07029500231146812
Qwen3-8B,native_thinking,10,9,9,within_trace,1683.141357421875,lower,-1683.141357421875,non_thinking,10,653.9502563476562,lower,-653.9502563476562,-1029.1911010742188
Qwen3-8B,native_thinking,10,9,9,class_nc1_ratio,20.35124295672559,lower,-20.35124295672559,non_thinking,10,0.5596283167255534,lower,-0.5596283167255534,-19.791614640000034
Qwen3-8B,native_thinking,10,9,9,centroid_nearest_squared,43.99778747558594,higher,43.99778747558594,non_thinking,10,28.852752685546875,higher,28.852752685546875,15.145034790039062
Qwen3-8B,native_thinking,10,9,9,fisher_nearest,0.026140280661262373,higher,0.026140280661262373,non_thinking,10,0.0441207146957796,higher,0.0441207146957796,-0.017980434034517226
Qwen3-8B,native_thinking,10,9,9,min_bhattacharyya,0.23569512367248535,higher,0.23569512367248535,non_thinking,10,0.21836525946855545,higher,0.21836525946855545,0.0173298642039299
Qwen3-8B,native_thinking,10,9,9,mean_bhattacharyya,0.8118390788634618,higher,0.8118390788634618,non_thinking,10,15.518678432537449,higher,15.518678432537449,-14.706839353673987
Qwen3-8B,native_thinking,10,9,9,nc2_class_cosine_deviation,0.5673253831488115,lower,-0.5673253831488115,non_thinking,10,0.7456826357929796,lower,-0.7456826357929796,0.17835725264416802
Qwen3-8B,native_thinking,10,10,9,logistic_precision,0.7777777777777778,higher,0.7777777777777778,non_thinking,10,0.6428571428571429,higher,0.6428571428571429,0.13492063492063489
Qwen3-8B,native_thinking,10,10,9,logistic_recall,0.7777777777777778,higher,0.7777777777777778,non_thinking,10,0.9,higher,0.9,-0.12222222222222223
Qwen3-8B,native_thinking,10,10,9,logistic_f1,0.7777777777777778,higher,0.7777777777777778,non_thinking,10,0.75,higher,0.75,0.02777777777777779
Qwen3-8B,native_thinking,10,10,9,ncc_recall,0.4444444444444444,higher,0.4444444444444444,non_thinking,10,0.6,higher,0.6,-0.15555555555555556
Qwen3-8B,native_thinking,10,10,9,silhouette_cosine,-0.12694019079208374,higher,-0.12694019079208374,non_thinking,10,-0.10961196571588516,higher,-0.10961196571588516,-0.017328225076198578
Qwen3-8B,native_thinking,10,10,9,within_trace,1849.169677734375,lower,-1849.169677734375,non_thinking,10,829.6090087890625,lower,-829.6090087890625,-1019.5606689453125
Qwen3-8B,native_thinking,10,10,9,class_nc1_ratio,10.994585625177088,lower,-10.994585625177088,non_thinking,10,0.6079491306162756,lower,-0.6079491306162756,-10.386636494560811
Qwen3-8B,native_thinking,10,10,9,centroid_nearest_squared,64.05534362792969,higher,64.05534362792969,non_thinking,10,28.852752685546875,higher,28.852752685546875,35.20259094238281
Qwen3-8B,native_thinking,10,10,9,fisher_nearest,0.0346400573182722,higher,0.0346400573182722,non_thinking,10,0.03477873598270317,higher,0.03477873598270317,-0.00013867866443096483
Qwen3-8B,native_thinking,10,10,9,min_bhattacharyya,0.2906285375356674,higher,0.2906285375356674,non_thinking,10,0.21836525946855545,higher,0.21836525946855545,0.07226327806711197
Qwen3-8B,native_thinking,10,10,9,mean_bhattacharyya,0.9475117772817612,higher,0.9475117772817612,non_thinking,10,13.915731609695488,higher,13.915731609695488,-12.968219832413727
Qwen3-8B,native_thinking,10,10,9,nc2_class_cosine_deviation,0.4729892751316965,lower,-0.4729892751316965,non_thinking,10,0.7232170408522642,lower,-0.7232170408522642,0.25022776572056776
Qwen3-8B,native_thinking,11,1,10,logistic_precision,1.0,higher,1.0,non_thinking,10,1.0,higher,1.0,0.0
Qwen3-8B,native_thinking,11,1,10,logistic_recall,1.0,higher,1.0,non_thinking,10,1.0,higher,1.0,0.0
Qwen3-8B,native_thinking,11,1,10,logistic_f1,1.0,higher,1.0,non_thinking,10,1.0,higher,1.0,0.0
Qwen3-8B,native_thinking,11,1,10,ncc_recall,1.0,higher,1.0,non_thinking,10,1.0,higher,1.0,0.0
Qwen3-8B,native_thinking,11,1,10,silhouette_cosine,0.13088539242744446,higher,0.13088539242744446,non_thinking,10,0.974159836769104,higher,0.974159836769104,-0.8432744443416595
Qwen3-8B,native_thinking,11,1,10,within_trace,1875.517333984375,lower,-1875.517333984375,non_thinking,10,119.6783447265625,lower,-119.6783447265625,-1755.8389892578125
Qwen3-8B,native_thinking,11,1,10,class_nc1_ratio,2.1701103937765525,lower,-2.1701103937765525,non_thinking,10,0.012500002895442635,lower,-0.012500002895442635,-2.1576103908811097
Qwen3-8B,native_thinking,11,1,10,centroid_nearest_squared,619.1779174804688,higher,619.1779174804688,non_thinking,10,6274.6044921875,higher,6274.6044921875,-5655.426574707031
Qwen3-8B,native_thinking,11,1,10,fisher_nearest,0.33013713403814754,higher,0.33013713403814754,non_thinking,10,52.4289043813526,higher,52.4289043813526,-52.098767247314456
Qwen3-8B,native_thinking,11,1,10,min_bhattacharyya,1.497639775276184,higher,1.497639775276184,non_thinking,10,37.61950492858887,higher,37.61950492858887,-36.12186515331268
Qwen3-8B,native_thinking,11,1,10,mean_bhattacharyya,3.0336483584509955,higher,3.0336483584509955,non_thinking,10,68.56179894341363,higher,68.56179894341363,-65.52815058496265
Qwen3-8B,native_thinking,11,1,10,nc2_class_cosine_deviation,0.40875485957956603,lower,-0.40875485957956603,non_thinking,10,0.6031938771038879,lower,-0.6031938771038879,0.1944390175243219
Qwen3-8B,native_thinking,11,2,10,logistic_precision,0.9,higher,0.9,non_thinking,10,1.0,higher,1.0,-0.09999999999999998
Qwen3-8B,native_thinking,11,2,10,logistic_recall,0.9,higher,0.9,non_thinking,10,0.9,higher,0.9,0.0
Qwen3-8B,native_thinking,11,2,10,logistic_f1,0.9,higher,0.9,non_thinking,10,0.9473684210526315,higher,0.9473684210526315,-0.047368421052631504
Qwen3-8B,native_thinking,11,2,10,ncc_recall,0.8,higher,0.8,non_thinking,10,1.0,higher,1.0,-0.19999999999999996
Qwen3-8B,native_thinking,11,2,10,silhouette_cosine,-0.06610776484012604,higher,-0.06610776484012604,non_thinking,10,0.42450419068336487,higher,0.42450419068336487,-0.4906119555234909
Qwen3-8B,native_thinking,11,2,10,within_trace,1720.5794677734375,lower,-1720.5794677734375,non_thinking,10,852.5919189453125,lower,-852.5919189453125,-867.987548828125
Qwen3-8B,native_thinking,11,2,10,class_nc1_ratio,6.9994507509109525,lower,-6.9994507509109525,non_thinking,10,0.38011225055568376,lower,-0.38011225055568376,-6.619338500355269
Qwen3-8B,native_thinking,11,2,10,centroid_nearest_squared,260.68804931640625,higher,260.68804931640625,non_thinking,10,1174.1624755859375,higher,1174.1624755859375,-913.4744262695312
Qwen3-8B,native_thinking,11,2,10,fisher_nearest,0.15151177507293906,higher,0.15151177507293906,non_thinking,10,1.3771681967598515,higher,1.3771681967598515,-1.2256564216869124
Qwen3-8B,native_thinking,11,2,10,min_bhattacharyya,0.84283846616745,higher,0.84283846616745,non_thinking,10,2.996901273727417,higher,2.996901273727417,-2.154062807559967
Qwen3-8B,native_thinking,11,2,10,mean_bhattacharyya,1.4891407622231378,higher,1.4891407622231378,non_thinking,10,15.327455017301771,higher,15.327455017301771,-13.838314255078632
Qwen3-8B,native_thinking,11,2,10,nc2_class_cosine_deviation,0.45219139037308875,lower,-0.45219139037308875,non_thinking,10,0.6297555105001837,lower,-0.6297555105001837,0.177564120127095
Qwen3-8B,native_thinking,11,3,9,logistic_precision,0.6,higher,0.6,non_thinking,10,0.8,higher,0.8,-0.20000000000000007
Qwen3-8B,native_thinking,11,3,9,logistic_recall,0.6666666666666666,higher,0.6666666666666666,non_thinking,10,0.8,higher,0.8,-0.13333333333333341
Qwen3-8B,native_thinking,11,3,9,logistic_f1,0.631578947368421,higher,0.631578947368421,non_thinking,10,0.8,higher,0.8,-0.16842105263157903
Qwen3-8B,native_thinking,11,3,9,ncc_recall,0.4444444444444444,higher,0.4444444444444444,non_thinking,10,0.4,higher,0.4,0.0444444444444444
Qwen3-8B,native_thinking,11,3,9,silhouette_cosine,-0.07833322137594223,higher,-0.07833322137594223,non_thinking,10,-0.20282907783985138,higher,-0.20282907783985138,0.12449585646390915
Qwen3-8B,native_thinking,11,3,9,within_trace,1729.1494140625,lower,-1729.1494140625,non_thinking,10,1404.7049560546875,lower,-1404.7049560546875,-324.4444580078125
Qwen3-8B,native_thinking,11,3,9,class_nc1_ratio,12.18824570182934,lower,-12.18824570182934,non_thinking,10,2.3992724955918607,lower,-2.3992724955918607,-9.788973206237479
Qwen3-8B,native_thinking,11,3,9,centroid_nearest_squared,81.73054504394531,higher,81.73054504394531,non_thinking,10,288.3394775390625,higher,288.3394775390625,-206.6089324951172
Qwen3-8B,native_thinking,11,3,9,fisher_nearest,0.047266328970337994,higher,0.047266328970337994,non_thinking,10,0.2052669326012095,higher,0.2052669326012095,-0.1580006036308715
Qwen3-8B,native_thinking,11,3,9,min_bhattacharyya,0.3994902968406677,higher,0.3994902968406677,non_thinking,10,0.6712334454059601,higher,0.6712334454059601,-0.27174314856529236
Qwen3-8B,native_thinking,11,3,9,mean_bhattacharyya,1.1853210462464228,higher,1.1853210462464228,non_thinking,10,7.709381014108658,higher,7.709381014108658,-6.524059967862235
Qwen3-8B,native_thinking,11,3,9,nc2_class_cosine_deviation,0.3214876393178179,lower,-0.3214876393178179,non_thinking,10,0.4454957247700221,lower,-0.4454957247700221,0.12400808545220421
Qwen3-8B,native_thinking,11,4,9,logistic_precision,0.3333333333333333,higher,0.3333333333333333,non_thinking,10,0.7777777777777778,higher,0.7777777777777778,-0.4444444444444445
Qwen3-8B,native_thinking,11,4,9,logistic_recall,0.3333333333333333,higher,0.3333333333333333,non_thinking,10,0.7,higher,0.7,-0.36666666666666664
Qwen3-8B,native_thinking,11,4,9,logistic_f1,0.3333333333333333,higher,0.3333333333333333,non_thinking,10,0.7368421052631579,higher,0.7368421052631579,-0.40350877192982454
Qwen3-8B,native_thinking,11,4,9,ncc_recall,0.2222222222222222,higher,0.2222222222222222,non_thinking,10,0.4,higher,0.4,-0.1777777777777778
Qwen3-8B,native_thinking,11,4,9,silhouette_cosine,-0.13740043342113495,higher,-0.13740043342113495,non_thinking,10,-0.1922837495803833,higher,-0.1922837495803833,0.05488331615924835
Qwen3-8B,native_thinking,11,4,9,within_trace,1849.654541015625,lower,-1849.654541015625,non_thinking,10,1384.4105224609375,lower,-1384.4105224609375,-465.2440185546875
Qwen3-8B,native_thinking,11,4,9,class_nc1_ratio,20.537177749863915,lower,-20.537177749863915,non_thinking,10,4.895709644982394,lower,-4.895709644982394,-15.641468104881522
Qwen3-8B,native_thinking,11,4,9,centroid_nearest_squared,59.4919319152832,higher,59.4919319152832,non_thinking,10,185.3516082763672,higher,185.3516082763672,-125.85967636108398
Qwen3-8B,native_thinking,11,4,9,fisher_nearest,0.032163807130501695,higher,0.032163807130501695,non_thinking,10,0.13388485949014958,higher,0.13388485949014958,-0.10172105235964789
Qwen3-8B,native_thinking,11,4,9,min_bhattacharyya,0.3014105260372162,higher,0.3014105260372162,non_thinking,10,0.5451485812664032,higher,0.5451485812664032,-0.243738055229187
Qwen3-8B,native_thinking,11,4,9,mean_bhattacharyya,0.8848747412363688,higher,0.8848747412363688,non_thinking,10,7.230307247903612,higher,7.230307247903612,-6.345432506667243
Qwen3-8B,native_thinking,11,4,9,nc2_class_cosine_deviation,0.4212949415783823,lower,-0.4212949415783823,non_thinking,10,0.3496458072583249,lower,-0.3496458072583249,-0.07164913432005743
Qwen3-8B,native_thinking,11,5,9,logistic_precision,0.3333333333333333,higher,0.3333333333333333,non_thinking,10,0.5833333333333334,higher,0.5833333333333334,-0.25000000000000006
Qwen3-8B,native_thinking,11,5,9,logistic_recall,0.3333333333333333,higher,0.3333333333333333,non_thinking,10,0.7,higher,0.7,-0.36666666666666664
Qwen3-8B,native_thinking,11,5,9,logistic_f1,0.3333333333333333,higher,0.3333333333333333,non_thinking,10,0.6363636363636364,higher,0.6363636363636364,-0.30303030303030304
Qwen3-8B,native_thinking,11,5,9,ncc_recall,0.1111111111111111,higher,0.1111111111111111,non_thinking,10,0.3,higher,0.3,-0.18888888888888888
Qwen3-8B,native_thinking,11,5,9,silhouette_cosine,-0.12994267046451569,higher,-0.12994267046451569,non_thinking,10,-0.2179882973432541,higher,-0.2179882973432541,0.0880456268787384
Qwen3-8B,native_thinking,11,5,9,within_trace,1703.02294921875,lower,-1703.02294921875,non_thinking,10,1319.64111328125,lower,-1319.64111328125,-383.3818359375
Qwen3-8B,native_thinking,11,5,9,class_nc1_ratio,30.21025471984218,lower,-30.21025471984218,non_thinking,10,5.333411005764402,lower,-5.333411005764402,-24.87684371407778
Qwen3-8B,native_thinking,11,5,9,centroid_nearest_squared,21.56191635131836,higher,21.56191635131836,non_thinking,10,80.39878845214844,higher,80.39878845214844,-58.83687210083008
Qwen3-8B,native_thinking,11,5,9,fisher_nearest,0.012660966407534167,higher,0.012660966407534167,non_thinking,10,0.06092473752370381,higher,0.06092473752370381,-0.04826377111616964
Qwen3-8B,native_thinking,11,5,9,min_bhattacharyya,0.17520565167069435,higher,0.17520565167069435,non_thinking,10,0.5163455605506897,higher,0.5163455605506897,-0.34113990887999535
Qwen3-8B,native_thinking,11,5,9,mean_bhattacharyya,0.9104203056130145,higher,0.9104203056130145,non_thinking,10,8.346565183666018,higher,8.346565183666018,-7.436144878053003
Qwen3-8B,native_thinking,11,5,9,nc2_class_cosine_deviation,0.39551432817070575,lower,-0.39551432817070575,non_thinking,10,0.6640450254450609,lower,-0.6640450254450609,0.2685306972743552
Qwen3-8B,native_thinking,11,6,9,logistic_precision,0.75,higher,0.75,non_thinking,10,0.5555555555555556,higher,0.5555555555555556,0.19444444444444442
Qwen3-8B,native_thinking,11,6,9,logistic_recall,0.3333333333333333,higher,0.3333333333333333,non_thinking,10,0.5,higher,0.5,-0.16666666666666669
Qwen3-8B,native_thinking,11,6,9,logistic_f1,0.46153846153846156,higher,0.46153846153846156,non_thinking,10,0.5263157894736842,higher,0.5263157894736842,-0.06477732793522262
Qwen3-8B,native_thinking,11,6,9,ncc_recall,0.0,higher,0.0,non_thinking,10,0.0,higher,0.0,0.0
Qwen3-8B,native_thinking,11,6,9,silhouette_cosine,-0.12803596258163452,higher,-0.12803596258163452,non_thinking,10,-0.29031455516815186,higher,-0.29031455516815186,0.16227859258651733
Qwen3-8B,native_thinking,11,6,9,within_trace,1692.0589599609375,lower,-1692.0589599609375,non_thinking,10,1230.9361572265625,lower,-1230.9361572265625,-461.122802734375
Qwen3-8B,native_thinking,11,6,9,class_nc1_ratio,22.930184460879484,lower,-22.930184460879484,non_thinking,10,4.498500964875409,lower,-4.498500964875409,-18.431683496004077
Qwen3-8B,native_thinking,11,6,9,centroid_nearest_squared,21.56191635131836,higher,21.56191635131836,non_thinking,10,80.39878845214844,higher,80.39878845214844,-58.83687210083008
Qwen3-8B,native_thinking,11,6,9,fisher_nearest,0.012743005333464345,higher,0.012743005333464345,non_thinking,10,0.06531515706979958,higher,0.06531515706979958,-0.05257215173633524
Qwen3-8B,native_thinking,11,6,9,min_bhattacharyya,0.17520565167069435,higher,0.17520565167069435,non_thinking,10,0.5163455605506897,higher,0.5163455605506897,-0.34113990887999535
Qwen3-8B,native_thinking,11,6,9,mean_bhattacharyya,0.9504143268697791,higher,0.9504143268697791,non_thinking,10,9.223410639497969,higher,9.223410639497969,-8.27299631262819
Qwen3-8B,native_thinking,11,6,9,nc2_class_cosine_deviation,0.45801263223229743,lower,-0.45801263223229743,non_thinking,10,0.6534140595683345,lower,-0.6534140595683345,0.1954014273360371
Qwen3-8B,native_thinking,11,7,9,logistic_precision,0.25,higher,0.25,non_thinking,10,0.5555555555555556,higher,0.5555555555555556,-0.3055555555555556
Qwen3-8B,native_thinking,11,7,9,logistic_recall,0.2222222222222222,higher,0.2222222222222222,non_thinking,10,0.5,higher,0.5,-0.2777777777777778
Qwen3-8B,native_thinking,11,7,9,logistic_f1,0.23529411764705882,higher,0.23529411764705882,non_thinking,10,0.5263157894736842,higher,0.5263157894736842,-0.29102167182662536
Qwen3-8B,native_thinking,11,7,9,ncc_recall,0.0,higher,0.0,non_thinking,10,0.4,higher,0.4,-0.4
Qwen3-8B,native_thinking,11,7,9,silhouette_cosine,-0.12403415143489838,higher,-0.12403415143489838,non_thinking,10,-0.2212664783000946,higher,-0.2212664783000946,0.09723232686519623
Qwen3-8B,native_thinking,11,7,9,within_trace,1804.5108642578125,lower,-1804.5108642578125,non_thinking,10,1054.332763671875,lower,-1054.332763671875,-750.1781005859375
Qwen3-8B,native_thinking,11,7,9,class_nc1_ratio,16.783468638497055,lower,-16.783468638497055,non_thinking,10,2.345660940668243,lower,-2.345660940668243,-14.437807697828813
Qwen3-8B,native_thinking,11,7,9,centroid_nearest_squared,60.810245513916016,higher,60.810245513916016,non_thinking,10,83.40616607666016,higher,83.40616607666016,-22.59592056274414
Qwen3-8B,native_thinking,11,7,9,fisher_nearest,0.033699018785861956,higher,0.033699018785861956,non_thinking,10,0.07910800930266591,higher,0.07910800930266591,-0.04540899051680396
Qwen3-8B,native_thinking,11,7,9,min_bhattacharyya,0.277712881565094,higher,0.277712881565094,non_thinking,10,0.5416768193244934,higher,0.5416768193244934,-0.2639639377593994
Qwen3-8B,native_thinking,11,7,9,mean_bhattacharyya,0.983672461575932,higher,0.983672461575932,non_thinking,10,10.748584197627174,higher,10.748584197627174,-9.764911736051243
Qwen3-8B,native_thinking,11,7,9,nc2_class_cosine_deviation,0.5091760147500921,lower,-0.5091760147500921,non_thinking,10,0.7219863291139956,lower,-0.7219863291139956,0.21281031436390352
Qwen3-8B,native_thinking,11,8,9,logistic_precision,0.2777777777777778,higher,0.2777777777777778,non_thinking,10,0.4,higher,0.4,-0.12222222222222223
Qwen3-8B,native_thinking,11,8,9,logistic_recall,0.5555555555555556,higher,0.5555555555555556,non_thinking,10,0.4,higher,0.4,0.15555555555555556
Qwen3-8B,native_thinking,11,8,9,logistic_f1,0.37037037037037035,higher,0.37037037037037035,non_thinking,10,0.4,higher,0.4,-0.029629629629629672
Qwen3-8B,native_thinking,11,8,9,ncc_recall,0.3333333333333333,higher,0.3333333333333333,non_thinking,10,0.0,higher,0.0,0.3333333333333333
Qwen3-8B,native_thinking,11,8,9,silhouette_cosine,-0.11087976396083832,higher,-0.11087976396083832,non_thinking,10,-0.24972936511039734,higher,-0.24972936511039734,0.13884960114955902
Qwen3-8B,native_thinking,11,8,9,within_trace,1908.682373046875,lower,-1908.682373046875,non_thinking,10,965.706298828125,lower,-965.706298828125,-942.97607421875
Qwen3-8B,native_thinking,11,8,9,class_nc1_ratio,12.725989504423673,lower,-12.725989504423673,non_thinking,10,1.2653477756867815,lower,-1.2653477756867815,-11.460641728736892
Qwen3-8B,native_thinking,11,8,9,centroid_nearest_squared,94.53363037109375,higher,94.53363037109375,non_thinking,10,103.30372619628906,higher,103.30372619628906,-8.770095825195312
Qwen3-8B,native_thinking,11,8,9,fisher_nearest,0.04952821470247429,higher,0.04952821470247429,non_thinking,10,0.10697219881618988,higher,0.10697219881618988,-0.057443984113715596
Qwen3-8B,native_thinking,11,8,9,min_bhattacharyya,0.31877927482128143,higher,0.31877927482128143,non_thinking,10,0.4191739559173584,higher,0.4191739559173584,-0.10039468109607697
Qwen3-8B,native_thinking,11,8,9,mean_bhattacharyya,1.0527428289254506,higher,1.0527428289254506,non_thinking,10,12.998286833365759,higher,12.998286833365759,-11.945544004440308
Qwen3-8B,native_thinking,11,8,9,nc2_class_cosine_deviation,0.524217046705293,lower,-0.524217046705293,non_thinking,10,0.7306829325992753,lower,-0.7306829325992753,0.2064658858939823
Qwen3-8B,native_thinking,11,9,9,logistic_precision,0.3333333333333333,higher,0.3333333333333333,non_thinking,10,0.6666666666666666,higher,0.6666666666666666,-0.3333333333333333
Qwen3-8B,native_thinking,11,9,9,logistic_recall,0.3333333333333333,higher,0.3333333333333333,non_thinking,10,0.4,higher,0.4,-0.06666666666666671
Qwen3-8B,native_thinking,11,9,9,logistic_f1,0.3333333333333333,higher,0.3333333333333333,non_thinking,10,0.5,higher,0.5,-0.16666666666666669
Qwen3-8B,native_thinking,11,9,9,ncc_recall,0.5555555555555556,higher,0.5555555555555556,non_thinking,10,0.3,higher,0.3,0.2555555555555556
Qwen3-8B,native_thinking,11,9,9,silhouette_cosine,-0.1159989982843399,higher,-0.1159989982843399,non_thinking,10,0.003714605001732707,higher,0.003714605001732707,-0.11971360328607261
Qwen3-8B,native_thinking,11,9,9,within_trace,1823.1744384765625,lower,-1823.1744384765625,non_thinking,10,610.1113891601562,lower,-610.1113891601562,-1213.0630493164062
Qwen3-8B,native_thinking,11,9,9,class_nc1_ratio,9.94686346066731,lower,-9.94686346066731,non_thinking,10,0.50131909046999,lower,-0.50131909046999,-9.44554437019732
Qwen3-8B,native_thinking,11,9,9,centroid_nearest_squared,66.43443298339844,higher,66.43443298339844,non_thinking,10,64.40756225585938,higher,64.40756225585938,2.0268707275390625
Qwen3-8B,native_thinking,11,9,9,fisher_nearest,0.036438879122784755,higher,0.036438879122784755,non_thinking,10,0.10556689057143986,higher,0.10556689057143986,-0.0691280114486551
Qwen3-8B,native_thinking,11,9,9,min_bhattacharyya,0.2589205801486969,higher,0.2589205801486969,non_thinking,10,0.35256925225257874,higher,0.35256925225257874,-0.09364867210388184
Qwen3-8B,native_thinking,11,9,9,mean_bhattacharyya,1.1619880745808284,higher,1.1619880745808284,non_thinking,10,16.880531744824516,higher,16.880531744824516,-15.718543670243688
Qwen3-8B,native_thinking,11,9,9,nc2_class_cosine_deviation,0.47430565447351075,lower,-0.47430565447351075,non_thinking,10,0.7178547555281791,lower,-0.7178547555281791,0.24354910105466837
Qwen3-8B,native_thinking,11,10,9,logistic_precision,0.8,higher,0.8,non_thinking,10,0.5625,higher,0.5625,0.23750000000000004
Qwen3-8B,native_thinking,11,10,9,logistic_recall,0.4444444444444444,higher,0.4444444444444444,non_thinking,10,0.9,higher,0.9,-0.4555555555555556
Qwen3-8B,native_thinking,11,10,9,logistic_f1,0.5714285714285714,higher,0.5714285714285714,non_thinking,10,0.6923076923076923,higher,0.6923076923076923,-0.1208791208791209
Qwen3-8B,native_thinking,11,10,9,ncc_recall,0.4444444444444444,higher,0.4444444444444444,non_thinking,10,0.7,higher,0.7,-0.25555555555555554
Qwen3-8B,native_thinking,11,10,9,silhouette_cosine,-0.09482723474502563,higher,-0.09482723474502563,non_thinking,10,-0.10953117907047272,higher,-0.10953117907047272,0.014703944325447083
Qwen3-8B,native_thinking,11,10,9,within_trace,1910.7052001953125,lower,-1910.7052001953125,non_thinking,10,814.95166015625,lower,-814.95166015625,-1095.7535400390625
Qwen3-8B,native_thinking,11,10,9,class_nc1_ratio,6.001228742373406,lower,-6.001228742373406,non_thinking,10,0.5852816391076944,lower,-0.5852816391076944,-5.415947103265712
Qwen3-8B,native_thinking,11,10,9,centroid_nearest_squared,66.43443298339844,higher,66.43443298339844,non_thinking,10,64.40756225585938,higher,64.40756225585938,2.0268707275390625
Qwen3-8B,native_thinking,11,10,9,fisher_nearest,0.03476958820052801,higher,0.03476958820052801,non_thinking,10,0.07903237137219964,higher,0.07903237137219964,-0.04426278317167163
Qwen3-8B,native_thinking,11,10,9,min_bhattacharyya,0.2589205801486969,higher,0.2589205801486969,non_thinking,10,0.35256925225257874,higher,0.35256925225257874,-0.09364867210388184
Qwen3-8B,native_thinking,11,10,9,mean_bhattacharyya,1.3721513549486797,higher,1.3721513549486797,non_thinking,10,15.542712138758766,higher,15.542712138758766,-14.170560783810087
Qwen3-8B,native_thinking,11,10,9,nc2_class_cosine_deviation,0.4629923579869446,lower,-0.4629923579869446,non_thinking,10,0.6905301467136101,lower,-0.6905301467136101,0.22753778872666552
Qwen3-8B,native_thinking,12,1,10,logistic_precision,0.8333333333333334,higher,0.8333333333333334,non_thinking,10,1.0,higher,1.0,-0.16666666666666663
Qwen3-8B,native_thinking,12,1,10,logistic_recall,1.0,higher,1.0,non_thinking,10,1.0,higher,1.0,0.0
Qwen3-8B,native_thinking,12,1,10,logistic_f1,0.9090909090909091,higher,0.9090909090909091,non_thinking,10,1.0,higher,1.0,-0.09090909090909094
Qwen3-8B,native_thinking,12,1,10,ncc_recall,1.0,higher,1.0,non_thinking,10,1.0,higher,1.0,0.0
Qwen3-8B,native_thinking,12,1,10,silhouette_cosine,0.1495775580406189,higher,0.1495775580406189,non_thinking,10,0.9679376482963562,higher,0.9679376482963562,-0.8183600902557373
Qwen3-8B,native_thinking,12,1,10,within_trace,1802.041748046875,lower,-1802.041748046875,non_thinking,10,158.05889892578125,lower,-158.05889892578125,-1643.9828491210938
Qwen3-8B,native_thinking,12,1,10,class_nc1_ratio,2.047740873422862,lower,-2.047740873422862,non_thinking,10,0.01654537211859655,lower,-0.01654537211859655,-2.0311955013042655
Qwen3-8B,native_thinking,12,1,10,centroid_nearest_squared,664.4405517578125,higher,664.4405517578125,non_thinking,10,6538.85546875,higher,6538.85546875,-5874.4149169921875
Qwen3-8B,native_thinking,12,1,10,fisher_nearest,0.36871540433397826,higher,0.36871540433397826,non_thinking,10,41.36973946541542,higher,41.36973946541542,-41.001024061081445
Qwen3-8B,native_thinking,12,1,10,min_bhattacharyya,1.6143758296966553,higher,1.6143758296966553,non_thinking,10,40.5274658203125,higher,40.5274658203125,-38.913089990615845
Qwen3-8B,native_thinking,12,1,10,mean_bhattacharyya,2.9441343943277993,higher,2.9441343943277993,non_thinking,10,67.87821239895291,higher,67.87821239895291,-64.9340780046251
Qwen3-8B,native_thinking,12,1,10,nc2_class_cosine_deviation,0.42462647814349624,lower,-0.42462647814349624,non_thinking,10,0.5939446530868242,lower,-0.5939446530868242,0.16931817494332796
Qwen3-8B,native_thinking,12,2,10,logistic_precision,0.8888888888888888,higher,0.8888888888888888,non_thinking,10,1.0,higher,1.0,-0.11111111111111116
Qwen3-8B,native_thinking,12,2,10,logistic_recall,0.8,higher,0.8,non_thinking,10,0.9,higher,0.9,-0.09999999999999998
Qwen3-8B,native_thinking,12,2,10,logistic_f1,0.8421052631578947,higher,0.8421052631578947,non_thinking,10,0.9473684210526315,higher,0.9473684210526315,-0.10526315789473684
Qwen3-8B,native_thinking,12,2,10,ncc_recall,0.9,higher,0.9,non_thinking,10,1.0,higher,1.0,-0.09999999999999998
Qwen3-8B,native_thinking,12,2,10,silhouette_cosine,-0.03708452731370926,higher,-0.03708452731370926,non_thinking,10,0.4692606031894684,higher,0.4692606031894684,-0.5063451305031776
Qwen3-8B,native_thinking,12,2,10,within_trace,1732.5650634765625,lower,-1732.5650634765625,non_thinking,10,848.7354736328125,lower,-848.7354736328125,-883.82958984375
Qwen3-8B,native_thinking,12,2,10,class_nc1_ratio,5.634392866871227,lower,-5.634392866871227,non_thinking,10,0.36391988065166314,lower,-0.36391988065166314,-5.2704729862195645
Qwen3-8B,native_thinking,12,2,10,centroid_nearest_squared,394.82275390625,higher,394.82275390625,non_thinking,10,1217.0225830078125,higher,1217.0225830078125,-822.1998291015625
Qwen3-8B,native_thinking,12,2,10,fisher_nearest,0.22788336336068052,higher,0.22788336336068052,non_thinking,10,1.4339244921608303,higher,1.4339244921608303,-1.2060411288001498
Qwen3-8B,native_thinking,12,2,10,min_bhattacharyya,0.9927462935447693,higher,0.9927462935447693,non_thinking,10,3.3889095783233643,higher,3.3889095783233643,-2.396163284778595
Qwen3-8B,native_thinking,12,2,10,mean_bhattacharyya,1.6252738038698833,higher,1.6252738038698833,non_thinking,10,16.54256346490648,higher,16.54256346490648,-14.917289661036596
Qwen3-8B,native_thinking,12,2,10,nc2_class_cosine_deviation,0.3994609277557444,lower,-0.3994609277557444,non_thinking,10,0.6206775438730363,lower,-0.6206775438730363,0.22121661611729193
Qwen3-8B,native_thinking,12,3,9,logistic_precision,0.625,higher,0.625,non_thinking,10,0.8333333333333334,higher,0.8333333333333334,-0.20833333333333337
Qwen3-8B,native_thinking,12,3,9,logistic_recall,0.5555555555555556,higher,0.5555555555555556,non_thinking,10,1.0,higher,1.0,-0.4444444444444444
Qwen3-8B,native_thinking,12,3,9,logistic_f1,0.5882352941176471,higher,0.5882352941176471,non_thinking,10,0.9090909090909091,higher,0.9090909090909091,-0.320855614973262
Qwen3-8B,native_thinking,12,3,9,ncc_recall,0.5555555555555556,higher,0.5555555555555556,non_thinking,10,0.5,higher,0.5,0.05555555555555558
Qwen3-8B,native_thinking,12,3,9,silhouette_cosine,-0.09382501244544983,higher,-0.09382501244544983,non_thinking,10,-0.15707634389400482,higher,-0.15707634389400482,0.06325133144855499
Qwen3-8B,native_thinking,12,3,9,within_trace,1833.702392578125,lower,-1833.702392578125,non_thinking,10,1296.963134765625,lower,-1296.963134765625,-536.7392578125
Qwen3-8B,native_thinking,12,3,9,class_nc1_ratio,11.11770824312416,lower,-11.11770824312416,non_thinking,10,2.0592788752603584,lower,-2.0592788752603584,-9.058429367863802
Qwen3-8B,native_thinking,12,3,9,centroid_nearest_squared,111.58396911621094,higher,111.58396911621094,non_thinking,10,315.96551513671875,higher,315.96551513671875,-204.3815460205078
Qwen3-8B,native_thinking,12,3,9,fisher_nearest,0.06085173339351298,higher,0.06085173339351298,non_thinking,10,0.24361950364442478,higher,0.24361950364442478,-0.1827677702509118
Qwen3-8B,native_thinking,12,3,9,min_bhattacharyya,0.4222538322210312,higher,0.4222538322210312,non_thinking,10,0.9105923175811768,higher,0.9105923175811768,-0.48833848536014557
Qwen3-8B,native_thinking,12,3,9,mean_bhattacharyya,1.1544611834817462,higher,1.1544611834817462,non_thinking,10,8.76361216439141,higher,8.76361216439141,-7.609150980909664
Qwen3-8B,native_thinking,12,3,9,nc2_class_cosine_deviation,0.2852771996324997,lower,-0.2852771996324997,non_thinking,10,0.4463669166060878,lower,-0.4463669166060878,0.1610897169735881
Qwen3-8B,native_thinking,12,4,9,logistic_precision,0.38461538461538464,higher,0.38461538461538464,non_thinking,10,0.8571428571428571,higher,0.8571428571428571,-0.47252747252747246
Qwen3-8B,native_thinking,12,4,9,logistic_recall,0.5555555555555556,higher,0.5555555555555556,non_thinking,10,0.6,higher,0.6,-0.0444444444444444
Qwen3-8B,native_thinking,12,4,9,logistic_f1,0.45454545454545453,higher,0.45454545454545453,non_thinking,10,0.7058823529411765,higher,0.7058823529411765,-0.251336898395722
Qwen3-8B,native_thinking,12,4,9,ncc_recall,0.2222222222222222,higher,0.2222222222222222,non_thinking,10,0.4,higher,0.4,-0.1777777777777778
Qwen3-8B,native_thinking,12,4,9,silhouette_cosine,-0.13320356607437134,higher,-0.13320356607437134,non_thinking,10,-0.15233662724494934,higher,-0.15233662724494934,0.019133061170578003
Qwen3-8B,native_thinking,12,4,9,within_trace,1915.947021484375,lower,-1915.947021484375,non_thinking,10,1281.237060546875,lower,-1281.237060546875,-634.7099609375
Qwen3-8B,native_thinking,12,4,9,class_nc1_ratio,14.983847833220993,lower,-14.983847833220993,non_thinking,10,4.396255103990554,lower,-4.396255103990554,-10.58759272923044
Qwen3-8B,native_thinking,12,4,9,centroid_nearest_squared,111.58396911621094,higher,111.58396911621094,non_thinking,10,173.1279296875,higher,173.1279296875,-61.54396057128906
Qwen3-8B,native_thinking,12,4,9,fisher_nearest,0.05823959006432315,higher,0.05823959006432315,non_thinking,10,0.1351256024498723,higher,0.1351256024498723,-0.07688601238554914
Qwen3-8B,native_thinking,12,4,9,min_bhattacharyya,0.3137901723384857,higher,0.3137901723384857,non_thinking,10,0.5643231570720673,higher,0.5643231570720673,-0.25053298473358154
Qwen3-8B,native_thinking,12,4,9,mean_bhattacharyya,0.8960634685224957,higher,0.8960634685224957,non_thinking,10,8.087402784162098,higher,8.087402784162098,-7.191339315639603
Qwen3-8B,native_thinking,12,4,9,nc2_class_cosine_deviation,0.2950918522697908,lower,-0.2950918522697908,non_thinking,10,0.3478380057523832,lower,-0.3478380057523832,0.05274615348259243
Qwen3-8B,native_thinking,12,5,9,logistic_precision,0.2857142857142857,higher,0.2857142857142857,non_thinking,10,0.5454545454545454,higher,0.5454545454545454,-0.2597402597402597
Qwen3-8B,native_thinking,12,5,9,logistic_recall,0.2222222222222222,higher,0.2222222222222222,non_thinking,10,0.6,higher,0.6,-0.37777777777777777
Qwen3-8B,native_thinking,12,5,9,logistic_f1,0.25,higher,0.25,non_thinking,10,0.5714285714285714,higher,0.5714285714285714,-0.3214285714285714
Qwen3-8B,native_thinking,12,5,9,ncc_recall,0.1111111111111111,higher,0.1111111111111111,non_thinking,10,0.3,higher,0.3,-0.18888888888888888
Qwen3-8B,native_thinking,12,5,9,silhouette_cosine,-0.1456148624420166,higher,-0.1456148624420166,non_thinking,10,-0.2085130512714386,higher,-0.2085130512714386,0.062898188829422
Qwen3-8B,native_thinking,12,5,9,within_trace,1880.4639892578125,lower,-1880.4639892578125,non_thinking,10,1206.2713623046875,lower,-1206.2713623046875,-674.192626953125
Qwen3-8B,native_thinking,12,5,9,class_nc1_ratio,29.125679022663565,lower,-29.125679022663565,non_thinking,10,4.80404987065271,lower,-4.80404987065271,-24.321629152010857
Qwen3-8B,native_thinking,12,5,9,centroid_nearest_squared,27.9962100982666,higher,27.9962100982666,non_thinking,10,84.56038665771484,higher,84.56038665771484,-56.56417655944824
Qwen3-8B,native_thinking,12,5,9,fisher_nearest,0.014887926734144075,higher,0.014887926734144075,non_thinking,10,0.07010063348942877,higher,0.07010063348942877,-0.055212706755284696
Qwen3-8B,native_thinking,12,5,9,min_bhattacharyya,0.16973577439785004,higher,0.16973577439785004,non_thinking,10,0.5383061766624451,higher,0.5383061766624451,-0.36857040226459503
Qwen3-8B,native_thinking,12,5,9,mean_bhattacharyya,0.8431868536604775,higher,0.8431868536604775,non_thinking,10,8.870019412702984,higher,8.870019412702984,-8.026832559042507
Qwen3-8B,native_thinking,12,5,9,nc2_class_cosine_deviation,0.37218002088505914,lower,-0.37218002088505914,non_thinking,10,0.6673558374613892,lower,-0.6673558374613892,0.29517581657633
Qwen3-8B,native_thinking,12,6,9,logistic_precision,0.6,higher,0.6,non_thinking,10,0.5555555555555556,higher,0.5555555555555556,0.0444444444444444
Qwen3-8B,native_thinking,12,6,9,logistic_recall,0.3333333333333333,higher,0.3333333333333333,non_thinking,10,0.5,higher,0.5,-0.16666666666666669
Qwen3-8B,native_thinking,12,6,9,logistic_f1,0.42857142857142855,higher,0.42857142857142855,non_thinking,10,0.5263157894736842,higher,0.5263157894736842,-0.09774436090225563
Qwen3-8B,native_thinking,12,6,9,ncc_recall,0.1111111111111111,higher,0.1111111111111111,non_thinking,10,0.1,higher,0.1,0.0111111111111111
Qwen3-8B,native_thinking,12,6,9,silhouette_cosine,-0.12871819734573364,higher,-0.12871819734573364,non_thinking,10,-0.27158886194229126,higher,-0.27158886194229126,0.14287066459655762
Qwen3-8B,native_thinking,12,6,9,within_trace,1755.553466796875,lower,-1755.553466796875,non_thinking,10,1104.704833984375,lower,-1104.704833984375,-650.8486328125
Qwen3-8B,native_thinking,12,6,9,class_nc1_ratio,24.438299402040744,lower,-24.438299402040744,non_thinking,10,3.928135208710002,lower,-3.928135208710002,-20.51016419333074
Qwen3-8B,native_thinking,12,6,9,centroid_nearest_squared,27.9962100982666,higher,27.9962100982666,non_thinking,10,69.23363494873047,higher,69.23363494873047,-41.23742485046387
Qwen3-8B,native_thinking,12,6,9,fisher_nearest,0.015947227257821755,higher,0.015947227257821755,non_thinking,10,0.06267161400844355,higher,0.06267161400844355,-0.046724386750621794
Qwen3-8B,native_thinking,12,6,9,min_bhattacharyya,0.16973577439785004,higher,0.16973577439785004,non_thinking,10,0.4562723934650421,higher,0.4562723934650421,-0.2865366190671921
Qwen3-8B,native_thinking,12,6,9,mean_bhattacharyya,0.9053395092487335,higher,0.9053395092487335,non_thinking,10,9.529756178458532,higher,9.529756178458532,-8.624416669209799
Qwen3-8B,native_thinking,12,6,9,nc2_class_cosine_deviation,0.42023929990368125,lower,-0.42023929990368125,non_thinking,10,0.6640671960733555,lower,-0.6640671960733555,0.24382789616967426
Qwen3-8B,native_thinking,12,7,9,logistic_precision,0.4,higher,0.4,non_thinking,10,0.38461538461538464,higher,0.38461538461538464,0.015384615384615385
Qwen3-8B,native_thinking,12,7,9,logistic_recall,0.4444444444444444,higher,0.4444444444444444,non_thinking,10,0.5,higher,0.5,-0.05555555555555558
Qwen3-8B,native_thinking,12,7,9,logistic_f1,0.42105263157894735,higher,0.42105263157894735,non_thinking,10,0.43478260869565216,higher,0.43478260869565216,-0.013729977116704817
Qwen3-8B,native_thinking,12,7,9,ncc_recall,0.2222222222222222,higher,0.2222222222222222,non_thinking,10,0.4,higher,0.4,-0.1777777777777778
Qwen3-8B,native_thinking,12,7,9,silhouette_cosine,-0.12303781509399414,higher,-0.12303781509399414,non_thinking,10,-0.21792876720428467,higher,-0.21792876720428467,0.09489095211029053
Qwen3-8B,native_thinking,12,7,9,within_trace,1869.7509765625,lower,-1869.7509765625,non_thinking,10,1000.00439453125,lower,-1000.00439453125,-869.74658203125
Qwen3-8B,native_thinking,12,7,9,class_nc1_ratio,19.079443772382152,lower,-19.079443772382152,non_thinking,10,2.2466432374544394,lower,-2.2466432374544394,-16.832800534927713
Qwen3-8B,native_thinking,12,7,9,centroid_nearest_squared,52.0098762512207,higher,52.0098762512207,non_thinking,10,69.23363494873047,higher,69.23363494873047,-17.223758697509766
Qwen3-8B,native_thinking,12,7,9,fisher_nearest,0.027816472302017368,higher,0.027816472302017368,non_thinking,10,0.06923333070069516,higher,0.06923333070069516,-0.0414168583986778
Qwen3-8B,native_thinking,12,7,9,min_bhattacharyya,0.22990168631076813,higher,0.22990168631076813,non_thinking,10,0.4562723934650421,higher,0.4562723934650421,-0.226370707154274
Qwen3-8B,native_thinking,12,7,9,mean_bhattacharyya,0.9016135434309641,higher,0.9016135434309641,non_thinking,10,10.44286537501547,higher,10.44286537501547,-9.541251831584507
Qwen3-8B,native_thinking,12,7,9,nc2_class_cosine_deviation,0.49795761676850137,lower,-0.49795761676850137,non_thinking,10,0.725841247925052,lower,-0.725841247925052,0.22788363115655064
Qwen3-8B,native_thinking,12,8,9,logistic_precision,0.4166666666666667,higher,0.4166666666666667,non_thinking,10,0.4,higher,0.4,0.016666666666666663
Qwen3-8B,native_thinking,12,8,9,logistic_recall,0.5555555555555556,higher,0.5555555555555556,non_thinking,10,0.4,higher,0.4,0.15555555555555556
Qwen3-8B,native_thinking,12,8,9,logistic_f1,0.47619047619047616,higher,0.47619047619047616,non_thinking,10,0.4,higher,0.4,0.07619047619047614
Qwen3-8B,native_thinking,12,8,9,ncc_recall,0.2222222222222222,higher,0.2222222222222222,non_thinking,10,0.1,higher,0.1,0.1222222222222222
Qwen3-8B,native_thinking,12,8,9,silhouette_cosine,-0.10508598387241364,higher,-0.10508598387241364,non_thinking,10,-0.25867778062820435,higher,-0.25867778062820435,0.1535917967557907
Qwen3-8B,native_thinking,12,8,9,within_trace,1929.5792236328125,lower,-1929.5792236328125,non_thinking,10,911.7150268554688,lower,-911.7150268554688,-1017.8641967773438
Qwen3-8B,native_thinking,12,8,9,class_nc1_ratio,13.307070001555962,lower,-13.307070001555962,non_thinking,10,1.2053792883637828,lower,-1.2053792883637828,-12.101690713192179
Qwen3-8B,native_thinking,12,8,9,centroid_nearest_squared,98.97478485107422,higher,98.97478485107422,non_thinking,10,93.45946502685547,higher,93.45946502685547,5.51531982421875
Qwen3-8B,native_thinking,12,8,9,fisher_nearest,0.05129345488325414,higher,0.05129345488325414,non_thinking,10,0.10250951478687352,higher,0.10250951478687352,-0.05121605990361938
Qwen3-8B,native_thinking,12,8,9,min_bhattacharyya,0.3133791387081146,higher,0.3133791387081146,non_thinking,10,0.44222743809223175,higher,0.44222743809223175,-0.12884829938411713
Qwen3-8B,native_thinking,12,8,9,mean_bhattacharyya,1.0532234675354428,higher,1.0532234675354428,non_thinking,10,12.710009516941177,higher,12.710009516941177,-11.656786049405735
Qwen3-8B,native_thinking,12,8,9,nc2_class_cosine_deviation,0.5210206679723881,lower,-0.5210206679723881,non_thinking,10,0.7366564816415863,lower,-0.7366564816415863,0.21563581366919815
Qwen3-8B,native_thinking,12,9,9,logistic_precision,0.125,higher,0.125,non_thinking,10,1.0,higher,1.0,-0.875
Qwen3-8B,native_thinking,12,9,9,logistic_recall,0.1111111111111111,higher,0.1111111111111111,non_thinking,10,0.3,higher,0.3,-0.18888888888888888
Qwen3-8B,native_thinking,12,9,9,logistic_f1,0.11764705882352941,higher,0.11764705882352941,non_thinking,10,0.46153846153846156,higher,0.46153846153846156,-0.3438914027149321
Qwen3-8B,native_thinking,12,9,9,ncc_recall,0.1111111111111111,higher,0.1111111111111111,non_thinking,10,0.2,higher,0.2,-0.0888888888888889
Qwen3-8B,native_thinking,12,9,9,silhouette_cosine,-0.11333657801151276,higher,-0.11333657801151276,non_thinking,10,-0.03547685593366623,higher,-0.03547685593366623,-0.07785972207784653
Qwen3-8B,native_thinking,12,9,9,within_trace,1857.1630859375,lower,-1857.1630859375,non_thinking,10,571.0631103515625,lower,-571.0631103515625,-1286.0999755859375
Qwen3-8B,native_thinking,12,9,9,class_nc1_ratio,9.92913900439963,lower,-9.92913900439963,non_thinking,10,0.49023752553511785,lower,-0.49023752553511785,-9.438901478864512
Qwen3-8B,native_thinking,12,9,9,centroid_nearest_squared,76.10467529296875,higher,76.10467529296875,non_thinking,10,55.60033416748047,higher,55.60033416748047,20.50434112548828
Qwen3-8B,native_thinking,12,9,9,fisher_nearest,0.04097899418162888,higher,0.04097899418162888,non_thinking,10,0.09736285387660804,higher,0.09736285387660804,-0.05638385969497915
Qwen3-8B,native_thinking,12,9,9,min_bhattacharyya,0.27679353952407837,higher,0.27679353952407837,non_thinking,10,0.2907802313566208,higher,0.2907802313566208,-0.01398669183254242
Qwen3-8B,native_thinking,12,9,9,mean_bhattacharyya,1.1537539942397013,higher,1.1537539942397013,non_thinking,10,16.881240745385487,higher,16.881240745385487,-15.727486751145786
Qwen3-8B,native_thinking,12,9,9,nc2_class_cosine_deviation,0.5160577784717818,lower,-0.5160577784717818,non_thinking,10,0.7220043528963019,lower,-0.7220043528963019,0.20594657442452013
Qwen3-8B,native_thinking,12,10,9,logistic_precision,0.5,higher,0.5,non_thinking,10,0.5625,higher,0.5625,-0.0625
Qwen3-8B,native_thinking,12,10,9,logistic_recall,0.4444444444444444,higher,0.4444444444444444,non_thinking,10,0.9,higher,0.9,-0.4555555555555556
Qwen3-8B,native_thinking,12,10,9,logistic_f1,0.47058823529411764,higher,0.47058823529411764,non_thinking,10,0.6923076923076923,higher,0.6923076923076923,-0.22171945701357465
Qwen3-8B,native_thinking,12,10,9,ncc_recall,0.5555555555555556,higher,0.5555555555555556,non_thinking,10,0.7,higher,0.7,-0.14444444444444438
Qwen3-8B,native_thinking,12,10,9,silhouette_cosine,-0.09419632703065872,higher,-0.09419632703065872,non_thinking,10,-0.0829584151506424,higher,-0.0829584151506424,-0.011237911880016327
Qwen3-8B,native_thinking,12,10,9,within_trace,1937.30419921875,lower,-1937.30419921875,non_thinking,10,714.2824096679688,lower,-714.2824096679688,-1223.0217895507812
Qwen3-8B,native_thinking,12,10,9,class_nc1_ratio,6.728569165320183,lower,-6.728569165320183,non_thinking,10,0.5235747991259724,lower,-0.5235747991259724,-6.20499436619421
Qwen3-8B,native_thinking,12,10,9,centroid_nearest_squared,76.10467529296875,higher,76.10467529296875,non_thinking,10,55.60033416748047,higher,55.60033416748047,20.50434112548828
Qwen3-8B,native_thinking,12,10,9,fisher_nearest,0.0392838023701488,higher,0.0392838023701488,non_thinking,10,0.07784082796232664,higher,0.07784082796232664,-0.038557025592177836
Qwen3-8B,native_thinking,12,10,9,min_bhattacharyya,0.27679353952407837,higher,0.27679353952407837,non_thinking,10,0.2907802313566208,higher,0.2907802313566208,-0.01398669183254242
Qwen3-8B,native_thinking,12,10,9,mean_bhattacharyya,1.2777240077654521,higher,1.2777240077654521,non_thinking,10,15.624865146146881,higher,15.624865146146881,-14.34714113838143
Qwen3-8B,native_thinking,12,10,9,nc2_class_cosine_deviation,0.429604114021784,lower,-0.429604114021784,non_thinking,10,0.6867544772448364,lower,-0.6867544772448364,0.2571503632230524
Qwen3-8B,native_thinking,13,1,10,logistic_precision,0.9090909090909091,higher,0.9090909090909091,non_thinking,10,1.0,higher,1.0,-0.09090909090909094
Qwen3-8B,native_thinking,13,1,10,logistic_recall,1.0,higher,1.0,non_thinking,10,1.0,higher,1.0,0.0
Qwen3-8B,native_thinking,13,1,10,logistic_f1,0.9523809523809523,higher,0.9523809523809523,non_thinking,10,1.0,higher,1.0,-0.04761904761904767
Qwen3-8B,native_thinking,13,1,10,ncc_recall,1.0,higher,1.0,non_thinking,10,1.0,higher,1.0,0.0
Qwen3-8B,native_thinking,13,1,10,silhouette_cosine,0.24153706431388855,higher,0.24153706431388855,non_thinking,10,0.9689210057258606,higher,0.9689210057258606,-0.727383941411972
Qwen3-8B,native_thinking,13,1,10,within_trace,2015.2060546875,lower,-2015.2060546875,non_thinking,10,145.7796630859375,lower,-145.7796630859375,-1869.4263916015625
Qwen3-8B,native_thinking,13,1,10,class_nc1_ratio,1.4711955624480308,lower,-1.4711955624480308,non_thinking,10,0.015956782750323077,lower,-0.015956782750323077,-1.4552387796977078
Qwen3-8B,native_thinking,13,1,10,centroid_nearest_squared,1145.786376953125,higher,1145.786376953125,non_thinking,10,6679.68701171875,higher,6679.68701171875,-5533.900634765625
Qwen3-8B,native_thinking,13,1,10,fisher_nearest,0.5685703326902734,higher,0.5685703326902734,non_thinking,10,45.820431124066026,higher,45.820431124066026,-45.251860791375755
Qwen3-8B,native_thinking,13,1,10,min_bhattacharyya,2.3151201009750366,higher,2.3151201009750366,non_thinking,10,39.18240928649902,higher,39.18240928649902,-36.86728918552399
Qwen3-8B,native_thinking,13,1,10,mean_bhattacharyya,4.183893905745612,higher,4.183893905745612,non_thinking,10,67.0107479095459,higher,67.0107479095459,-62.826854003800285
Qwen3-8B,native_thinking,13,1,10,nc2_class_cosine_deviation,0.4073606305698185,lower,-0.4073606305698185,non_thinking,10,0.5790446628758937,lower,-0.5790446628758937,0.1716840323060752
Qwen3-8B,native_thinking,13,2,10,logistic_precision,1.0,higher,1.0,non_thinking,10,0.9090909090909091,higher,0.9090909090909091,0.09090909090909094
Qwen3-8B,native_thinking,13,2,10,logistic_recall,0.8,higher,0.8,non_thinking,10,1.0,higher,1.0,-0.19999999999999996
Qwen3-8B,native_thinking,13,2,10,logistic_f1,0.8888888888888888,higher,0.8888888888888888,non_thinking,10,0.9523809523809523,higher,0.9523809523809523,-0.06349206349206349
Qwen3-8B,native_thinking,13,2,10,ncc_recall,0.9,higher,0.9,non_thinking,10,0.8,higher,0.8,0.09999999999999998
Qwen3-8B,native_thinking,13,2,10,silhouette_cosine,-0.004385170992463827,higher,-0.004385170992463827,non_thinking,10,0.43412265181541443,higher,0.43412265181541443,-0.43850782280787826
Qwen3-8B,native_thinking,13,2,10,within_trace,1766.98388671875,lower,-1766.98388671875,non_thinking,10,914.1866455078125,lower,-914.1866455078125,-852.7972412109375
Qwen3-8B,native_thinking,13,2,10,class_nc1_ratio,4.3280449310312035,lower,-4.3280449310312035,non_thinking,10,0.4033354610532563,lower,-0.4033354610532563,-3.9247094699779472
Qwen3-8B,native_thinking,13,2,10,centroid_nearest_squared,391.0571594238281,higher,391.0571594238281,non_thinking,10,1104.7598876953125,higher,1104.7598876953125,-713.7027282714844
Qwen3-8B,native_thinking,13,2,10,fisher_nearest,0.2213133704065704,higher,0.2213133704065704,non_thinking,10,1.208462071858029,higher,1.208462071858029,-0.9871487014514586
Qwen3-8B,native_thinking,13,2,10,min_bhattacharyya,1.1567519307136536,higher,1.1567519307136536,non_thinking,10,3.3384106159210205,higher,3.3384106159210205,-2.181658685207367
Qwen3-8B,native_thinking,13,2,10,mean_bhattacharyya,2.064602315425873,higher,2.064602315425873,non_thinking,10,16.53433585166931,higher,16.53433585166931,-14.469733536243439
Qwen3-8B,native_thinking,13,2,10,nc2_class_cosine_deviation,0.44340991918687467,lower,-0.44340991918687467,non_thinking,10,0.6035637850010835,lower,-0.6035637850010835,0.16015386581420887
Qwen3-8B,native_thinking,13,3,9,logistic_precision,0.6666666666666666,higher,0.6666666666666666,non_thinking,10,0.7777777777777778,higher,0.7777777777777778,-0.11111111111111116
Qwen3-8B,native_thinking,13,3,9,logistic_recall,0.8888888888888888,higher,0.8888888888888888,non_thinking,10,0.7,higher,0.7,0.18888888888888888
Qwen3-8B,native_thinking,13,3,9,logistic_f1,0.7619047619047619,higher,0.7619047619047619,non_thinking,10,0.7368421052631579,higher,0.7368421052631579,0.02506265664160401
Qwen3-8B,native_thinking,13,3,9,ncc_recall,0.5555555555555556,higher,0.5555555555555556,non_thinking,10,0.6,higher,0.6,-0.0444444444444444
Qwen3-8B,native_thinking,13,3,9,silhouette_cosine,-0.07042881846427917,higher,-0.07042881846427917,non_thinking,10,-0.1712086796760559,higher,-0.1712086796760559,0.10077986121177673
Qwen3-8B,native_thinking,13,3,9,within_trace,1760.096435546875,lower,-1760.096435546875,non_thinking,10,1272.476806640625,lower,-1272.476806640625,-487.61962890625
Qwen3-8B,native_thinking,13,3,9,class_nc1_ratio,7.149897874901812,lower,-7.149897874901812,non_thinking,10,2.005555541243449,lower,-2.005555541243449,-5.144342333658363
Qwen3-8B,native_thinking,13,3,9,centroid_nearest_squared,93.39414978027344,higher,93.39414978027344,non_thinking,10,327.1464538574219,higher,327.1464538574219,-233.75230407714844
Qwen3-8B,native_thinking,13,3,9,fisher_nearest,0.053061950410265554,higher,0.053061950410265554,non_thinking,10,0.25709423712098756,higher,0.25709423712098756,-0.204032286710722
Qwen3-8B,native_thinking,13,3,9,min_bhattacharyya,0.38876859843730927,higher,0.38876859843730927,non_thinking,10,0.9731062054634094,higher,0.9731062054634094,-0.5843376070261002
Qwen3-8B,native_thinking,13,3,9,mean_bhattacharyya,1.5625010149346457,higher,1.5625010149346457,non_thinking,10,8.494137068589529,higher,8.494137068589529,-6.931636053654883
Qwen3-8B,native_thinking,13,3,9,nc2_class_cosine_deviation,0.4338132930620585,lower,-0.4338132930620585,non_thinking,10,0.46182808703110545,lower,-0.46182808703110545,0.028014793969046936
Qwen3-8B,native_thinking,13,4,9,logistic_precision,0.7142857142857143,higher,0.7142857142857143,non_thinking,10,0.6666666666666666,higher,0.6666666666666666,0.04761904761904767
Qwen3-8B,native_thinking,13,4,9,logistic_recall,0.5555555555555556,higher,0.5555555555555556,non_thinking,10,0.8,higher,0.8,-0.24444444444444446
Qwen3-8B,native_thinking,13,4,9,logistic_f1,0.625,higher,0.625,non_thinking,10,0.7272727272727273,higher,0.7272727272727273,-0.10227272727272729
Qwen3-8B,native_thinking,13,4,9,ncc_recall,0.3333333333333333,higher,0.3333333333333333,non_thinking,10,0.2,higher,0.2,0.1333333333333333
Qwen3-8B,native_thinking,13,4,9,silhouette_cosine,-0.13965530693531036,higher,-0.13965530693531036,non_thinking,10,-0.18265308439731598,higher,-0.18265308439731598,0.042997777462005615
Qwen3-8B,native_thinking,13,4,9,within_trace,1796.298095703125,lower,-1796.298095703125,non_thinking,10,1275.68115234375,lower,-1275.68115234375,-520.616943359375
Qwen3-8B,native_thinking,13,4,9,class_nc1_ratio,13.697581527628554,lower,-13.697581527628554,non_thinking,10,4.558426400615132,lower,-4.558426400615132,-9.13915512701342
Qwen3-8B,native_thinking,13,4,9,centroid_nearest_squared,65.53540802001953,higher,65.53540802001953,non_thinking,10,149.3883514404297,higher,149.3883514404297,-83.85294342041016
Qwen3-8B,native_thinking,13,4,9,fisher_nearest,0.036483592660252195,higher,0.036483592660252195,non_thinking,10,0.11710477274510592,higher,0.11710477274510592,-0.08062118008485372
Qwen3-8B,native_thinking,13,4,9,min_bhattacharyya,0.26060834527015686,higher,0.26060834527015686,non_thinking,10,0.5360268354415894,higher,0.5360268354415894,-0.2754184901714325
Qwen3-8B,native_thinking,13,4,9,mean_bhattacharyya,1.21167886753877,higher,1.21167886753877,non_thinking,10,7.735559854242537,higher,7.735559854242537,-6.523880986703767
Qwen3-8B,native_thinking,13,4,9,nc2_class_cosine_deviation,0.43602252103112366,lower,-0.43602252103112366,non_thinking,10,0.3529942053611632,lower,-0.3529942053611632,-0.08302831566996044
Qwen3-8B,native_thinking,13,5,9,logistic_precision,0.6,higher,0.6,non_thinking,10,0.7777777777777778,higher,0.7777777777777778,-0.1777777777777778
Qwen3-8B,native_thinking,13,5,9,logistic_recall,0.3333333333333333,higher,0.3333333333333333,non_thinking,10,0.7,higher,0.7,-0.36666666666666664
Qwen3-8B,native_thinking,13,5,9,logistic_f1,0.42857142857142855,higher,0.42857142857142855,non_thinking,10,0.7368421052631579,higher,0.7368421052631579,-0.3082706766917293
Qwen3-8B,native_thinking,13,5,9,ncc_recall,0.1111111111111111,higher,0.1111111111111111,non_thinking,10,0.3,higher,0.3,-0.18888888888888888
Qwen3-8B,native_thinking,13,5,9,silhouette_cosine,-0.12884773313999176,higher,-0.12884773313999176,non_thinking,10,-0.13532087206840515,higher,-0.13532087206840515,0.006473138928413391
Qwen3-8B,native_thinking,13,5,9,within_trace,1735.8126220703125,lower,-1735.8126220703125,non_thinking,10,1151.383056640625,lower,-1151.383056640625,-584.4295654296875
Qwen3-8B,native_thinking,13,5,9,class_nc1_ratio,15.89372048328612,lower,-15.89372048328612,non_thinking,10,4.33659456037223,lower,-4.33659456037223,-11.55712592291389
Qwen3-8B,native_thinking,13,5,9,centroid_nearest_squared,32.01311111450195,higher,32.01311111450195,non_thinking,10,90.89907836914062,higher,90.89907836914062,-58.88596725463867
Qwen3-8B,native_thinking,13,5,9,fisher_nearest,0.01844272285352998,higher,0.01844272285352998,non_thinking,10,0.07894772972806778,higher,0.07894772972806778,-0.0605050068745378
Qwen3-8B,native_thinking,13,5,9,min_bhattacharyya,0.18139320611953735,higher,0.18139320611953735,non_thinking,10,0.5360268354415894,higher,0.5360268354415894,-0.354633629322052
Qwen3-8B,native_thinking,13,5,9,mean_bhattacharyya,1.253391017516454,higher,1.253391017516454,non_thinking,10,8.827903694576687,higher,8.827903694576687,-7.574512677060233
Qwen3-8B,native_thinking,13,5,9,nc2_class_cosine_deviation,0.47430696163648445,lower,-0.47430696163648445,non_thinking,10,0.6361288299531113,lower,-0.6361288299531113,0.16182186831662682
Qwen3-8B,native_thinking,13,6,9,logistic_precision,0.25,higher,0.25,non_thinking,10,0.5555555555555556,higher,0.5555555555555556,-0.3055555555555556
Qwen3-8B,native_thinking,13,6,9,logistic_recall,0.3333333333333333,higher,0.3333333333333333,non_thinking,10,0.5,higher,0.5,-0.16666666666666669
Qwen3-8B,native_thinking,13,6,9,logistic_f1,0.2857142857142857,higher,0.2857142857142857,non_thinking,10,0.5263157894736842,higher,0.5263157894736842,-0.24060150375939848
Qwen3-8B,native_thinking,13,6,9,ncc_recall,0.2222222222222222,higher,0.2222222222222222,non_thinking,10,0.1,higher,0.1,0.1222222222222222
Qwen3-8B,native_thinking,13,6,9,silhouette_cosine,-0.12710677087306976,higher,-0.12710677087306976,non_thinking,10,-0.26300299167633057,higher,-0.26300299167633057,0.1358962208032608
Qwen3-8B,native_thinking,13,6,9,within_trace,1667.3487548828125,lower,-1667.3487548828125,non_thinking,10,1073.36474609375,lower,-1073.36474609375,-593.9840087890625
Qwen3-8B,native_thinking,13,6,9,class_nc1_ratio,15.121908037694794,lower,-15.121908037694794,non_thinking,10,4.104425636662023,lower,-4.104425636662023,-11.017482401032773
Qwen3-8B,native_thinking,13,6,9,centroid_nearest_squared,32.01311111450195,higher,32.01311111450195,non_thinking,10,72.06124114990234,higher,72.06124114990234,-40.04813003540039
Qwen3-8B,native_thinking,13,6,9,fisher_nearest,0.01920000900876431,higher,0.01920000900876431,non_thinking,10,0.06713583747943251,higher,0.06713583747943251,-0.0479358284706682
Qwen3-8B,native_thinking,13,6,9,min_bhattacharyya,0.18139320611953735,higher,0.18139320611953735,non_thinking,10,0.46439874172210693,higher,0.46439874172210693,-0.2830055356025696
Qwen3-8B,native_thinking,13,6,9,mean_bhattacharyya,1.2097619300087292,higher,1.2097619300087292,non_thinking,10,10.167788022094303,higher,10.167788022094303,-8.958026092085573
Qwen3-8B,native_thinking,13,6,9,nc2_class_cosine_deviation,0.5245695657752178,lower,-0.5245695657752178,non_thinking,10,0.6438796393297337,lower,-0.6438796393297337,0.11931007355451584
Qwen3-8B,native_thinking,13,7,9,logistic_precision,0.2,higher,0.2,non_thinking,10,0.5454545454545454,higher,0.5454545454545454,-0.3454545454545454
Qwen3-8B,native_thinking,13,7,9,logistic_recall,0.1111111111111111,higher,0.1111111111111111,non_thinking,10,0.6,higher,0.6,-0.4888888888888889
Qwen3-8B,native_thinking,13,7,9,logistic_f1,0.14285714285714285,higher,0.14285714285714285,non_thinking,10,0.5714285714285714,higher,0.5714285714285714,-0.42857142857142855
Qwen3-8B,native_thinking,13,7,9,ncc_recall,0.3333333333333333,higher,0.3333333333333333,non_thinking,10,0.2,higher,0.2,0.1333333333333333
Qwen3-8B,native_thinking,13,7,9,silhouette_cosine,-0.11772947758436203,higher,-0.11772947758436203,non_thinking,10,-0.20498692989349365,higher,-0.20498692989349365,0.08725745230913162
Qwen3-8B,native_thinking,13,7,9,within_trace,1662.068603515625,lower,-1662.068603515625,non_thinking,10,945.326904296875,lower,-945.326904296875,-716.74169921875
Qwen3-8B,native_thinking,13,7,9,class_nc1_ratio,13.051142950742147,lower,-13.051142950742147,non_thinking,10,2.2761643138273118,lower,-2.2761643138273118,-10.774978636914835
Qwen3-8B,native_thinking,13,7,9,centroid_nearest_squared,53.483070373535156,higher,53.483070373535156,non_thinking,10,72.06124114990234,higher,72.06124114990234,-18.578170776367188
Qwen3-8B,native_thinking,13,7,9,fisher_nearest,0.03217861781421489,higher,0.03217861781421489,non_thinking,10,0.07622891173662384,higher,0.07622891173662384,-0.04405029392240895
Qwen3-8B,native_thinking,13,7,9,min_bhattacharyya,0.21513257175683975,higher,0.21513257175683975,non_thinking,10,0.46439874172210693,higher,0.46439874172210693,-0.24926616996526718
Qwen3-8B,native_thinking,13,7,9,mean_bhattacharyya,1.2785311233666208,higher,1.2785311233666208,non_thinking,10,10.484122461742825,higher,10.484122461742825,-9.205591338376204
Qwen3-8B,native_thinking,13,7,9,nc2_class_cosine_deviation,0.5614124715880111,lower,-0.5614124715880111,non_thinking,10,0.7290611140154026,lower,-0.7290611140154026,0.16764864242739153
Qwen3-8B,native_thinking,13,8,9,logistic_precision,0.3333333333333333,higher,0.3333333333333333,non_thinking,10,0.5555555555555556,higher,0.5555555555555556,-0.22222222222222227
Qwen3-8B,native_thinking,13,8,9,logistic_recall,0.4444444444444444,higher,0.4444444444444444,non_thinking,10,0.5,higher,0.5,-0.05555555555555558
Qwen3-8B,native_thinking,13,8,9,logistic_f1,0.38095238095238093,higher,0.38095238095238093,non_thinking,10,0.5263157894736842,higher,0.5263157894736842,-0.14536340852130325
Qwen3-8B,native_thinking,13,8,9,ncc_recall,0.3333333333333333,higher,0.3333333333333333,non_thinking,10,0.1,higher,0.1,0.2333333333333333
Qwen3-8B,native_thinking,13,8,9,silhouette_cosine,-0.13283659517765045,higher,-0.13283659517765045,non_thinking,10,-0.24813219904899597,higher,-0.24813219904899597,0.11529560387134552
Qwen3-8B,native_thinking,13,8,9,within_trace,1780.4039306640625,lower,-1780.4039306640625,non_thinking,10,955.9776000976562,lower,-955.9776000976562,-824.4263305664062
Qwen3-8B,native_thinking,13,8,9,class_nc1_ratio,11.571633647058524,lower,-11.571633647058524,non_thinking,10,1.320360000492835,lower,-1.320360000492835,-10.25127364656569
Qwen3-8B,native_thinking,13,8,9,centroid_nearest_squared,55.54454803466797,higher,55.54454803466797,non_thinking,10,81.3432388305664,higher,81.3432388305664,-25.798690795898438
Qwen3-8B,native_thinking,13,8,9,fisher_nearest,0.031197722650472205,higher,0.031197722650472205,non_thinking,10,0.0850890636164037,higher,0.0850890636164037,-0.0538913409659315
Qwen3-8B,native_thinking,13,8,9,min_bhattacharyya,0.25149910151958466,higher,0.25149910151958466,non_thinking,10,0.3513193726539612,higher,0.3513193726539612,-0.09982027113437653
Qwen3-8B,native_thinking,13,8,9,mean_bhattacharyya,1.3561573988861508,higher,1.3561573988861508,non_thinking,10,12.003493977917564,higher,12.003493977917564,-10.647336579031414
Qwen3-8B,native_thinking,13,8,9,nc2_class_cosine_deviation,0.5623112040813323,lower,-0.5623112040813323,non_thinking,10,0.728558548760635,lower,-0.728558548760635,0.1662473446793027
Qwen3-8B,native_thinking,13,9,9,logistic_precision,0.14285714285714285,higher,0.14285714285714285,non_thinking,10,0.4444444444444444,higher,0.4444444444444444,-0.30158730158730157
Qwen3-8B,native_thinking,13,9,9,logistic_recall,0.1111111111111111,higher,0.1111111111111111,non_thinking,10,0.4,higher,0.4,-0.2888888888888889
Qwen3-8B,native_thinking,13,9,9,logistic_f1,0.125,higher,0.125,non_thinking,10,0.42105263157894735,higher,0.42105263157894735,-0.29605263157894735
Qwen3-8B,native_thinking,13,9,9,ncc_recall,0.4444444444444444,higher,0.4444444444444444,non_thinking,10,0.3,higher,0.3,0.14444444444444443
Qwen3-8B,native_thinking,13,9,9,silhouette_cosine,-0.09259966760873795,higher,-0.09259966760873795,non_thinking,10,-0.08271121233701706,higher,-0.08271121233701706,-0.009888455271720886
Qwen3-8B,native_thinking,13,9,9,within_trace,1595.4942626953125,lower,-1595.4942626953125,non_thinking,10,648.6005859375,lower,-648.6005859375,-946.8936767578125
Qwen3-8B,native_thinking,13,9,9,class_nc1_ratio,4.52925426043869,lower,-4.52925426043869,non_thinking,10,0.6050279161484394,lower,-0.6050279161484394,-3.9242263442902505
Qwen3-8B,native_thinking,13,9,9,centroid_nearest_squared,136.00521850585938,higher,136.00521850585938,non_thinking,10,68.30500793457031,higher,68.30500793457031,67.70021057128906
Qwen3-8B,native_thinking,13,9,9,fisher_nearest,0.08524331405372904,higher,0.08524331405372904,non_thinking,10,0.10531135712102528,higher,0.10531135712102528,-0.020068043067296246
Qwen3-8B,native_thinking,13,9,9,min_bhattacharyya,0.44517260789871216,higher,0.44517260789871216,non_thinking,10,0.3280872106552124,higher,0.3280872106552124,0.11708539724349976
Qwen3-8B,native_thinking,13,9,9,mean_bhattacharyya,1.8416672382089827,higher,1.8416672382089827,non_thinking,10,16.01510861847136,higher,16.01510861847136,-14.173441380262377
Qwen3-8B,native_thinking,13,9,9,nc2_class_cosine_deviation,0.5296195887121153,lower,-0.5296195887121153,non_thinking,10,0.7095580969327762,lower,-0.7095580969327762,0.17993850822066082
Qwen3-8B,native_thinking,13,10,9,logistic_precision,0.5384615384615384,higher,0.5384615384615384,non_thinking,10,0.7272727272727273,higher,0.7272727272727273,-0.18881118881118886
Qwen3-8B,native_thinking,13,10,9,logistic_recall,0.7777777777777778,higher,0.7777777777777778,non_thinking,10,0.8,higher,0.8,-0.022222222222222254
Qwen3-8B,native_thinking,13,10,9,logistic_f1,0.6363636363636364,higher,0.6363636363636364,non_thinking,10,0.7619047619047619,higher,0.7619047619047619,-0.1255411255411255
Qwen3-8B,native_thinking,13,10,9,ncc_recall,0.5555555555555556,higher,0.5555555555555556,non_thinking,10,0.7,higher,0.7,-0.14444444444444438
Qwen3-8B,native_thinking,13,10,9,silhouette_cosine,-0.06652965396642685,higher,-0.06652965396642685,non_thinking,10,-0.05195508152246475,higher,-0.05195508152246475,-0.014574572443962097
Qwen3-8B,native_thinking,13,10,9,within_trace,1804.4903564453125,lower,-1804.4903564453125,non_thinking,10,785.2269897460938,lower,-785.2269897460938,-1019.2633666992188
Qwen3-8B,native_thinking,13,10,9,class_nc1_ratio,2.9311020828359666,lower,-2.9311020828359666,non_thinking,10,0.5681115990508707,lower,-0.5681115990508707,-2.362990483785096
Qwen3-8B,native_thinking,13,10,9,centroid_nearest_squared,136.00521850585938,higher,136.00521850585938,non_thinking,10,68.30500793457031,higher,68.30500793457031,67.70021057128906
Qwen3-8B,native_thinking,13,10,9,fisher_nearest,0.07537043244374977,higher,0.07537043244374977,non_thinking,10,0.08698759572268015,higher,0.08698759572268015,-0.011617163278930379
Qwen3-8B,native_thinking,13,10,9,min_bhattacharyya,0.44517260789871216,higher,0.44517260789871216,non_thinking,10,0.3280872106552124,higher,0.3280872106552124,0.11708539724349976
Qwen3-8B,native_thinking,13,10,9,mean_bhattacharyya,2.035754634274377,higher,2.035754634274377,non_thinking,10,16.24198493030336,higher,16.24198493030336,-14.206230296028984
Qwen3-8B,native_thinking,13,10,9,nc2_class_cosine_deviation,0.480537493471746,lower,-0.480537493471746,non_thinking,10,0.6769370775163909,lower,-0.6769370775163909,0.19639958404464486
Qwen3-8B,native_thinking,14,1,10,logistic_precision,0.9090909090909091,higher,0.9090909090909091,non_thinking,10,1.0,higher,1.0,-0.09090909090909094
Qwen3-8B,native_thinking,14,1,10,logistic_recall,1.0,higher,1.0,non_thinking,10,1.0,higher,1.0,0.0
Qwen3-8B,native_thinking,14,1,10,logistic_f1,0.9523809523809523,higher,0.9523809523809523,non_thinking,10,1.0,higher,1.0,-0.04761904761904767
Qwen3-8B,native_thinking,14,1,10,ncc_recall,1.0,higher,1.0,non_thinking,10,1.0,higher,1.0,0.0
Qwen3-8B,native_thinking,14,1,10,silhouette_cosine,0.2267567217350006,higher,0.2267567217350006,non_thinking,10,0.966858983039856,higher,0.966858983039856,-0.7401022613048553
Qwen3-8B,native_thinking,14,1,10,within_trace,1950.87890625,lower,-1950.87890625,non_thinking,10,164.742431640625,lower,-164.742431640625,-1786.136474609375
Qwen3-8B,native_thinking,14,1,10,class_nc1_ratio,1.4457743551652529,lower,-1.4457743551652529,non_thinking,10,0.018625674641832915,lower,-0.018625674641832915,-1.42714868052342
Qwen3-8B,native_thinking,14,1,10,centroid_nearest_squared,1027.0177001953125,higher,1027.0177001953125,non_thinking,10,6939.5205078125,higher,6939.5205078125,-5912.5028076171875
Qwen3-8B,native_thinking,14,1,10,fisher_nearest,0.5264384667367472,higher,0.5264384667367472,non_thinking,10,42.12345561919722,higher,42.12345561919722,-41.597017152460474
Qwen3-8B,native_thinking,14,1,10,min_bhattacharyya,2.3727219104766846,higher,2.3727219104766846,non_thinking,10,35.21302604675293,higher,35.21302604675293,-32.840304136276245
Qwen3-8B,native_thinking,14,1,10,mean_bhattacharyya,4.866480244530572,higher,4.866480244530572,non_thinking,10,60.28036223517524,higher,60.28036223517524,-55.41388199064467
Qwen3-8B,native_thinking,14,1,10,nc2_class_cosine_deviation,0.42590156636764237,lower,-0.42590156636764237,non_thinking,10,0.5681138183967567,lower,-0.5681138183967567,0.1422122520291143
Qwen3-8B,native_thinking,14,2,10,logistic_precision,1.0,higher,1.0,non_thinking,10,1.0,higher,1.0,0.0
Qwen3-8B,native_thinking,14,2,10,logistic_recall,0.9,higher,0.9,non_thinking,10,1.0,higher,1.0,-0.09999999999999998
Qwen3-8B,native_thinking,14,2,10,logistic_f1,0.9473684210526315,higher,0.9473684210526315,non_thinking,10,1.0,higher,1.0,-0.052631578947368474
Qwen3-8B,native_thinking,14,2,10,ncc_recall,0.9,higher,0.9,non_thinking,10,1.0,higher,1.0,-0.09999999999999998
Qwen3-8B,native_thinking,14,2,10,silhouette_cosine,0.0012037918204441667,higher,0.0012037918204441667,non_thinking,10,0.49990350008010864,higher,0.49990350008010864,-0.4986997082596645
Qwen3-8B,native_thinking,14,2,10,within_trace,1796.04052734375,lower,-1796.04052734375,non_thinking,10,921.7576293945312,lower,-921.7576293945312,-874.2828979492188
Qwen3-8B,native_thinking,14,2,10,class_nc1_ratio,3.843463266773313,lower,-3.843463266773313,non_thinking,10,0.3920461702427486,lower,-0.3920461702427486,-3.4514170965305646
Qwen3-8B,native_thinking,14,2,10,centroid_nearest_squared,422.2305603027344,higher,422.2305603027344,non_thinking,10,1242.865966796875,higher,1242.865966796875,-820.6354064941406
Qwen3-8B,native_thinking,14,2,10,fisher_nearest,0.23508966188373895,higher,0.23508966188373895,non_thinking,10,1.3483652612816104,higher,1.3483652612816104,-1.1132755993978714
Qwen3-8B,native_thinking,14,2,10,min_bhattacharyya,1.3251906037330627,higher,1.3251906037330627,non_thinking,10,3.9336493015289307,higher,3.9336493015289307,-2.608458697795868
Qwen3-8B,native_thinking,14,2,10,mean_bhattacharyya,2.3987072772449918,higher,2.3987072772449918,non_thinking,10,16.852966864903767,higher,16.852966864903767,-14.454259587658775
Qwen3-8B,native_thinking,14,2,10,nc2_class_cosine_deviation,0.4706255705268295,lower,-0.4706255705268295,non_thinking,10,0.585584359312499,lower,-0.585584359312499,0.11495878878566945
Qwen3-8B,native_thinking,14,3,9,logistic_precision,0.8,higher,0.8,non_thinking,10,0.8181818181818182,higher,0.8181818181818182,-0.018181818181818188
Qwen3-8B,native_thinking,14,3,9,logistic_recall,0.8888888888888888,higher,0.8888888888888888,non_thinking,10,0.9,higher,0.9,-0.011111111111111183
Qwen3-8B,native_thinking,14,3,9,logistic_f1,0.8421052631578947,higher,0.8421052631578947,non_thinking,10,0.8571428571428571,higher,0.8571428571428571,-0.015037593984962405
Qwen3-8B,native_thinking,14,3,9,ncc_recall,0.5555555555555556,higher,0.5555555555555556,non_thinking,10,0.6,higher,0.6,-0.0444444444444444
Qwen3-8B,native_thinking,14,3,9,silhouette_cosine,-0.07688818126916885,higher,-0.07688818126916885,non_thinking,10,-0.17802897095680237,higher,-0.17802897095680237,0.10114078968763351
Qwen3-8B,native_thinking,14,3,9,within_trace,1665.120849609375,lower,-1665.120849609375,non_thinking,10,1304.6285400390625,lower,-1304.6285400390625,-360.4923095703125
Qwen3-8B,native_thinking,14,3,9,class_nc1_ratio,6.406258298490237,lower,-6.406258298490237,non_thinking,10,2.178214052004296,lower,-2.178214052004296,-4.228044246485942
Qwen3-8B,native_thinking,14,3,9,centroid_nearest_squared,117.07029724121094,higher,117.07029724121094,non_thinking,10,303.17852783203125,higher,303.17852783203125,-186.1082305908203
Qwen3-8B,native_thinking,14,3,9,fisher_nearest,0.07030738776027863,higher,0.07030738776027863,non_thinking,10,0.23238685842558193,higher,0.23238685842558193,-0.16207947066530332
Qwen3-8B,native_thinking,14,3,9,min_bhattacharyya,0.512350931763649,higher,0.512350931763649,non_thinking,10,0.9424405097961426,higher,0.9424405097961426,-0.4300895780324936
Qwen3-8B,native_thinking,14,3,9,mean_bhattacharyya,1.8638709667656157,higher,1.8638709667656157,non_thinking,10,7.624815649456448,higher,7.624815649456448,-5.760944682690832
Qwen3-8B,native_thinking,14,3,9,nc2_class_cosine_deviation,0.4468001546453178,lower,-0.4468001546453178,non_thinking,10,0.4453743266654604,lower,-0.4453743266654604,-0.001425827979857408
Qwen3-8B,native_thinking,14,4,9,logistic_precision,0.5454545454545454,higher,0.5454545454545454,non_thinking,10,0.8,higher,0.8,-0.25454545454545463
Qwen3-8B,native_thinking,14,4,9,logistic_recall,0.6666666666666666,higher,0.6666666666666666,non_thinking,10,0.8,higher,0.8,-0.13333333333333341
Qwen3-8B,native_thinking,14,4,9,logistic_f1,0.6,higher,0.6,non_thinking,10,0.8,higher,0.8,-0.20000000000000007
Qwen3-8B,native_thinking,14,4,9,ncc_recall,0.3333333333333333,higher,0.3333333333333333,non_thinking,10,0.3,higher,0.3,0.033333333333333326
Qwen3-8B,native_thinking,14,4,9,silhouette_cosine,-0.1343858242034912,higher,-0.1343858242034912,non_thinking,10,-0.17648623883724213,higher,-0.17648623883724213,0.042100414633750916
Qwen3-8B,native_thinking,14,4,9,within_trace,1715.851318359375,lower,-1715.851318359375,non_thinking,10,1390.70263671875,lower,-1390.70263671875,-325.148681640625
Qwen3-8B,native_thinking,14,4,9,class_nc1_ratio,10.495313111526801,lower,-10.495313111526801,non_thinking,10,5.262184909046804,lower,-5.262184909046804,-5.233128202479998
Qwen3-8B,native_thinking,14,4,9,centroid_nearest_squared,62.43013381958008,higher,62.43013381958008,non_thinking,10,168.20602416992188,higher,168.20602416992188,-105.7758903503418
Qwen3-8B,native_thinking,14,4,9,fisher_nearest,0.03638434936150129,higher,0.03638434936150129,non_thinking,10,0.12095038847901399,higher,0.12095038847901399,-0.0845660391175127
Qwen3-8B,native_thinking,14,4,9,min_bhattacharyya,0.2588164061307907,higher,0.2588164061307907,non_thinking,10,0.6434857845306396,higher,0.6434857845306396,-0.38466937839984894
Qwen3-8B,native_thinking,14,4,9,mean_bhattacharyya,1.49333922068278,higher,1.49333922068278,non_thinking,10,7.760649177763197,higher,7.760649177763197,-6.267309957080417
Qwen3-8B,native_thinking,14,4,9,nc2_class_cosine_deviation,0.5022427710118118,lower,-0.5022427710118118,non_thinking,10,0.3412337478388239,lower,-0.3412337478388239,-0.16100902317298793
Qwen3-8B,native_thinking,14,5,9,logistic_precision,0.5714285714285714,higher,0.5714285714285714,non_thinking,10,0.6666666666666666,higher,0.6666666666666666,-0.09523809523809523
Qwen3-8B,native_thinking,14,5,9,logistic_recall,0.4444444444444444,higher,0.4444444444444444,non_thinking,10,0.4,higher,0.4,0.0444444444444444
Qwen3-8B,native_thinking,14,5,9,logistic_f1,0.5,higher,0.5,non_thinking,10,0.5,higher,0.5,0.0
Qwen3-8B,native_thinking,14,5,9,ncc_recall,0.4444444444444444,higher,0.4444444444444444,non_thinking,10,0.3,higher,0.3,0.14444444444444443
Qwen3-8B,native_thinking,14,5,9,silhouette_cosine,-0.13654878735542297,higher,-0.13654878735542297,non_thinking,10,-0.16159336268901825,higher,-0.16159336268901825,0.025044575333595276
Qwen3-8B,native_thinking,14,5,9,within_trace,1631.590087890625,lower,-1631.590087890625,non_thinking,10,1190.6343994140625,lower,-1190.6343994140625,-440.9556884765625
Qwen3-8B,native_thinking,14,5,9,class_nc1_ratio,11.349228831871075,lower,-11.349228831871075,non_thinking,10,5.055107635698262,lower,-5.055107635698262,-6.294121196172814
Qwen3-8B,native_thinking,14,5,9,centroid_nearest_squared,33.659706115722656,higher,33.659706115722656,non_thinking,10,57.860984802246094,higher,57.860984802246094,-24.201278686523438
Qwen3-8B,native_thinking,14,5,9,fisher_nearest,0.020630001595093695,higher,0.020630001595093695,non_thinking,10,0.04859676894160018,higher,0.04859676894160018,-0.027966767346506483
Qwen3-8B,native_thinking,14,5,9,min_bhattacharyya,0.15896077454090118,higher,0.15896077454090118,non_thinking,10,0.5182418525218964,higher,0.5182418525218964,-0.3592810779809952
Qwen3-8B,native_thinking,14,5,9,mean_bhattacharyya,1.4955748087830014,higher,1.4955748087830014,non_thinking,10,8.143529388639662,higher,8.143529388639662,-6.647954579856661
Qwen3-8B,native_thinking,14,5,9,nc2_class_cosine_deviation,0.5355341061029905,lower,-0.5355341061029905,non_thinking,10,0.653941475222876,lower,-0.653941475222876,0.11840736911988559
Qwen3-8B,native_thinking,14,6,9,logistic_precision,0.3333333333333333,higher,0.3333333333333333,non_thinking,10,0.375,higher,0.375,-0.041666666666666685
Qwen3-8B,native_thinking,14,6,9,logistic_recall,0.2222222222222222,higher,0.2222222222222222,non_thinking,10,0.6,higher,0.6,-0.37777777777777777
Qwen3-8B,native_thinking,14,6,9,logistic_f1,0.26666666666666666,higher,0.26666666666666666,non_thinking,10,0.46153846153846156,higher,0.46153846153846156,-0.1948717948717949
Qwen3-8B,native_thinking,14,6,9,ncc_recall,0.1111111111111111,higher,0.1111111111111111,non_thinking,10,0.1,higher,0.1,0.0111111111111111
Qwen3-8B,native_thinking,14,6,9,silhouette_cosine,-0.13596858084201813,higher,-0.13596858084201813,non_thinking,10,-0.2539043724536896,higher,-0.2539043724536896,0.11793579161167145
Qwen3-8B,native_thinking,14,6,9,within_trace,1567.5457763671875,lower,-1567.5457763671875,non_thinking,10,1088.033935546875,lower,-1088.033935546875,-479.5118408203125
Qwen3-8B,native_thinking,14,6,9,class_nc1_ratio,14.130197438748436,lower,-14.130197438748436,non_thinking,10,4.095588019767613,lower,-4.095588019767613,-10.034609418980823
Qwen3-8B,native_thinking,14,6,9,centroid_nearest_squared,33.659706115722656,higher,33.659706115722656,non_thinking,10,57.860984802246094,higher,57.860984802246094,-24.201278686523438
Qwen3-8B,native_thinking,14,6,9,fisher_nearest,0.021472869643226346,higher,0.021472869643226346,non_thinking,10,0.053179393502247346,higher,0.053179393502247346,-0.031706523859021
Qwen3-8B,native_thinking,14,6,9,min_bhattacharyya,0.15896077454090118,higher,0.15896077454090118,non_thinking,10,0.4162200689315796,higher,0.4162200689315796,-0.2572592943906784
Qwen3-8B,native_thinking,14,6,9,mean_bhattacharyya,1.3988995709353023,higher,1.3988995709353023,non_thinking,10,8.829477293623818,higher,8.829477293623818,-7.430577722688515
Qwen3-8B,native_thinking,14,6,9,nc2_class_cosine_deviation,0.5826932147697167,lower,-0.5826932147697167,non_thinking,10,0.6438856014498958,lower,-0.6438856014498958,0.06119238668017912
Qwen3-8B,native_thinking,14,7,9,logistic_precision,0.3,higher,0.3,non_thinking,10,0.3333333333333333,higher,0.3333333333333333,-0.033333333333333326
Qwen3-8B,native_thinking,14,7,9,logistic_recall,0.3333333333333333,higher,0.3333333333333333,non_thinking,10,0.2,higher,0.2,0.1333333333333333
Qwen3-8B,native_thinking,14,7,9,logistic_f1,0.3157894736842105,higher,0.3157894736842105,non_thinking,10,0.25,higher,0.25,0.06578947368421051
Qwen3-8B,native_thinking,14,7,9,ncc_recall,0.3333333333333333,higher,0.3333333333333333,non_thinking,10,0.3,higher,0.3,0.033333333333333326
Qwen3-8B,native_thinking,14,7,9,silhouette_cosine,-0.11547732353210449,higher,-0.11547732353210449,non_thinking,10,-0.21895956993103027,higher,-0.21895956993103027,0.10348224639892578
Qwen3-8B,native_thinking,14,7,9,within_trace,1533.668701171875,lower,-1533.668701171875,non_thinking,10,954.688720703125,lower,-954.688720703125,-578.97998046875
Qwen3-8B,native_thinking,14,7,9,class_nc1_ratio,9.971680975317808,lower,-9.971680975317808,non_thinking,10,2.461896523982413,lower,-2.461896523982413,-7.5097844513353955
Qwen3-8B,native_thinking,14,7,9,centroid_nearest_squared,47.67483901977539,higher,47.67483901977539,non_thinking,10,74.01394653320312,higher,74.01394653320312,-26.339107513427734
Qwen3-8B,native_thinking,14,7,9,fisher_nearest,0.031085487356785128,higher,0.031085487356785128,non_thinking,10,0.07752678431006507,higher,0.07752678431006507,-0.04644129695327995
Qwen3-8B,native_thinking,14,7,9,min_bhattacharyya,0.21860698610544205,higher,0.21860698610544205,non_thinking,10,0.4162200689315796,higher,0.4162200689315796,-0.19761308282613754
Qwen3-8B,native_thinking,14,7,9,mean_bhattacharyya,1.5931485858228471,higher,1.5931485858228471,non_thinking,10,9.503528396288553,higher,9.503528396288553,-7.910379810465706
Qwen3-8B,native_thinking,14,7,9,nc2_class_cosine_deviation,0.5502679800545728,lower,-0.5502679800545728,non_thinking,10,0.7377973817012928,lower,-0.7377973817012928,0.18752940164672005
Qwen3-8B,native_thinking,14,8,9,logistic_precision,0.3333333333333333,higher,0.3333333333333333,non_thinking,10,0.2857142857142857,higher,0.2857142857142857,0.047619047619047616
Qwen3-8B,native_thinking,14,8,9,logistic_recall,0.4444444444444444,higher,0.4444444444444444,non_thinking,10,0.4,higher,0.4,0.0444444444444444
Qwen3-8B,native_thinking,14,8,9,logistic_f1,0.38095238095238093,higher,0.38095238095238093,non_thinking,10,0.3333333333333333,higher,0.3333333333333333,0.047619047619047616
Qwen3-8B,native_thinking,14,8,9,ncc_recall,0.3333333333333333,higher,0.3333333333333333,non_thinking,10,0.2,higher,0.2,0.1333333333333333
Qwen3-8B,native_thinking,14,8,9,silhouette_cosine,-0.11441256105899811,higher,-0.11441256105899811,non_thinking,10,-0.2516709864139557,higher,-0.2516709864139557,0.13725842535495758
Qwen3-8B,native_thinking,14,8,9,within_trace,1584.8775634765625,lower,-1584.8775634765625,non_thinking,10,1034.844970703125,lower,-1034.844970703125,-550.0325927734375
Qwen3-8B,native_thinking,14,8,9,class_nc1_ratio,9.56020081290523,lower,-9.56020081290523,non_thinking,10,1.4599345800293022,lower,-1.4599345800293022,-8.100266232875928
Qwen3-8B,native_thinking,14,8,9,centroid_nearest_squared,47.67483901977539,higher,47.67483901977539,non_thinking,10,72.13754272460938,higher,72.13754272460938,-24.462703704833984
Qwen3-8B,native_thinking,14,8,9,fisher_nearest,0.030081086462727512,higher,0.030081086462727512,non_thinking,10,0.0697085503305829,higher,0.0697085503305829,-0.039627463867855386
Qwen3-8B,native_thinking,14,8,9,min_bhattacharyya,0.2517968639731407,higher,0.2517968639731407,non_thinking,10,0.32593296468257904,higher,0.32593296468257904,-0.07413610070943832
Qwen3-8B,native_thinking,14,8,9,mean_bhattacharyya,1.622141208085749,higher,1.622141208085749,non_thinking,10,10.384874120354652,higher,10.384874120354652,-8.762732912268904
Qwen3-8B,native_thinking,14,8,9,nc2_class_cosine_deviation,0.5796724166031236,lower,-0.5796724166031236,non_thinking,10,0.7313176908150868,lower,-0.7313176908150868,0.15164527421196317
Qwen3-8B,native_thinking,14,9,9,logistic_precision,0.5714285714285714,higher,0.5714285714285714,non_thinking,10,0.5,higher,0.5,0.0714285714285714
Qwen3-8B,native_thinking,14,9,9,logistic_recall,0.4444444444444444,higher,0.4444444444444444,non_thinking,10,0.3,higher,0.3,0.14444444444444443
Qwen3-8B,native_thinking,14,9,9,logistic_f1,0.5,higher,0.5,non_thinking,10,0.375,higher,0.375,0.125
Qwen3-8B,native_thinking,14,9,9,ncc_recall,0.5555555555555556,higher,0.5555555555555556,non_thinking,10,0.1,higher,0.1,0.4555555555555556
Qwen3-8B,native_thinking,14,9,9,silhouette_cosine,-0.09565002471208572,higher,-0.09565002471208572,non_thinking,10,-0.06402643024921417,higher,-0.06402643024921417,-0.03162359446287155
Qwen3-8B,native_thinking,14,9,9,within_trace,1526.510986328125,lower,-1526.510986328125,non_thinking,10,708.55078125,lower,-708.55078125,-817.960205078125
Qwen3-8B,native_thinking,14,9,9,class_nc1_ratio,4.40027207535326,lower,-4.40027207535326,non_thinking,10,0.6952646282253806,lower,-0.6952646282253806,-3.7050074471278793
Qwen3-8B,native_thinking,14,9,9,centroid_nearest_squared,230.31199645996094,higher,230.31199645996094,non_thinking,10,72.13754272460938,higher,72.13754272460938,158.17445373535156
Qwen3-8B,native_thinking,14,9,9,fisher_nearest,0.1508747716345981,higher,0.1508747716345981,non_thinking,10,0.10180998262022505,higher,0.10180998262022505,0.04906478901437304
Qwen3-8B,native_thinking,14,9,9,min_bhattacharyya,0.7356098890304565,higher,0.7356098890304565,non_thinking,10,0.32593296468257904,higher,0.32593296468257904,0.4096769243478775
Qwen3-8B,native_thinking,14,9,9,mean_bhattacharyya,2.0877112415101795,higher,2.0877112415101795,non_thinking,10,14.475823526581129,higher,14.475823526581129,-12.38811228507095
Qwen3-8B,native_thinking,14,9,9,nc2_class_cosine_deviation,0.5221984246630728,lower,-0.5221984246630728,non_thinking,10,0.7108733181232287,lower,-0.7108733181232287,0.18867489346015598
Qwen3-8B,native_thinking,14,10,9,logistic_precision,0.7777777777777778,higher,0.7777777777777778,non_thinking,10,0.6363636363636364,higher,0.6363636363636364,0.14141414141414144
Qwen3-8B,native_thinking,14,10,9,logistic_recall,0.7777777777777778,higher,0.7777777777777778,non_thinking,10,0.7,higher,0.7,0.07777777777777783
Qwen3-8B,native_thinking,14,10,9,logistic_f1,0.7777777777777778,higher,0.7777777777777778,non_thinking,10,0.6666666666666666,higher,0.6666666666666666,0.11111111111111116
Qwen3-8B,native_thinking,14,10,9,ncc_recall,0.7777777777777778,higher,0.7777777777777778,non_thinking,10,0.7,higher,0.7,0.07777777777777783
Qwen3-8B,native_thinking,14,10,9,silhouette_cosine,0.025224613025784492,higher,0.025224613025784492,non_thinking,10,-0.059402622282505035,higher,-0.059402622282505035,0.08462723530828953
Qwen3-8B,native_thinking,14,10,9,within_trace,1658.053466796875,lower,-1658.053466796875,non_thinking,10,857.896728515625,lower,-857.896728515625,-800.15673828125
Qwen3-8B,native_thinking,14,10,9,class_nc1_ratio,1.9495927592835018,lower,-1.9495927592835018,non_thinking,10,0.6693150156067915,lower,-0.6693150156067915,-1.2802777436767103
Qwen3-8B,native_thinking,14,10,9,centroid_nearest_squared,273.55950927734375,higher,273.55950927734375,non_thinking,10,77.44538879394531,higher,77.44538879394531,196.11412048339844
Qwen3-8B,native_thinking,14,10,9,fisher_nearest,0.164988352158403,higher,0.164988352158403,non_thinking,10,0.0902735565013112,higher,0.0902735565013112,0.07471479565709178
Qwen3-8B,native_thinking,14,10,9,min_bhattacharyya,0.7957413196563721,higher,0.7957413196563721,non_thinking,10,0.33432555198669434,higher,0.33432555198669434,0.46141576766967773
Qwen3-8B,native_thinking,14,10,9,mean_bhattacharyya,2.8604896465937295,higher,2.8604896465937295,non_thinking,10,14.231223358048332,higher,14.231223358048332,-11.370733711454603
Qwen3-8B,native_thinking,14,10,9,nc2_class_cosine_deviation,0.44289477279892675,lower,-0.44289477279892675,non_thinking,10,0.6726707707584639,lower,-0.6726707707584639,0.22977599795953718
Qwen3-8B,native_thinking,15,1,10,logistic_precision,0.9090909090909091,higher,0.9090909090909091,non_thinking,10,1.0,higher,1.0,-0.09090909090909094
Qwen3-8B,native_thinking,15,1,10,logistic_recall,1.0,higher,1.0,non_thinking,10,1.0,higher,1.0,0.0
Qwen3-8B,native_thinking,15,1,10,logistic_f1,0.9523809523809523,higher,0.9523809523809523,non_thinking,10,1.0,higher,1.0,-0.04761904761904767
Qwen3-8B,native_thinking,15,1,10,ncc_recall,1.0,higher,1.0,non_thinking,10,1.0,higher,1.0,0.0
Qwen3-8B,native_thinking,15,1,10,silhouette_cosine,0.2907073497772217,higher,0.2907073497772217,non_thinking,10,0.9592506289482117,higher,0.9592506289482117,-0.66854327917099
Qwen3-8B,native_thinking,15,1,10,within_trace,1944.419677734375,lower,-1944.419677734375,non_thinking,10,225.86981201171875,lower,-225.86981201171875,-1718.5498657226562
Qwen3-8B,native_thinking,15,1,10,class_nc1_ratio,1.235553496346056,lower,-1.235553496346056,non_thinking,10,0.02578735716146769,lower,-0.02578735716146769,-1.2097661391845882
Qwen3-8B,native_thinking,15,1,10,centroid_nearest_squared,1484.821533203125,higher,1484.821533203125,non_thinking,10,7361.56982421875,higher,7361.56982421875,-5876.748291015625
Qwen3-8B,native_thinking,15,1,10,fisher_nearest,0.7636322293000188,higher,0.7636322293000188,non_thinking,10,32.5920925804676,higher,32.5920925804676,-31.828460351167582
Qwen3-8B,native_thinking,15,1,10,min_bhattacharyya,3.2324461936950684,higher,3.2324461936950684,non_thinking,10,34.182024002075195,higher,34.182024002075195,-30.949577808380127
Qwen3-8B,native_thinking,15,1,10,mean_bhattacharyya,5.5238162941402855,higher,5.5238162941402855,non_thinking,10,54.54589653015137,higher,54.54589653015137,-49.02208023601108
Qwen3-8B,native_thinking,15,1,10,nc2_class_cosine_deviation,0.40297706452784715,lower,-0.40297706452784715,non_thinking,10,0.550423451848788,lower,-0.550423451848788,0.1474463873209409
Qwen3-8B,native_thinking,15,2,10,logistic_precision,1.0,higher,1.0,non_thinking,10,0.9090909090909091,higher,0.9090909090909091,0.09090909090909094
Qwen3-8B,native_thinking,15,2,10,logistic_recall,0.9,higher,0.9,non_thinking,10,1.0,higher,1.0,-0.09999999999999998
Qwen3-8B,native_thinking,15,2,10,logistic_f1,0.9473684210526315,higher,0.9473684210526315,non_thinking,10,0.9523809523809523,higher,0.9523809523809523,-0.005012531328320802
Qwen3-8B,native_thinking,15,2,10,ncc_recall,0.9,higher,0.9,non_thinking,10,1.0,higher,1.0,-0.09999999999999998
Qwen3-8B,native_thinking,15,2,10,silhouette_cosine,0.05607634037733078,higher,0.05607634037733078,non_thinking,10,0.4880546033382416,higher,0.4880546033382416,-0.4319782629609108
Qwen3-8B,native_thinking,15,2,10,within_trace,1810.359375,lower,-1810.359375,non_thinking,10,965.8787841796875,lower,-965.8787841796875,-844.4805908203125
Qwen3-8B,native_thinking,15,2,10,class_nc1_ratio,2.7145623824031175,lower,-2.7145623824031175,non_thinking,10,0.4331160333585775,lower,-0.4331160333585775,-2.28144634904454
Qwen3-8B,native_thinking,15,2,10,centroid_nearest_squared,531.0511474609375,higher,531.0511474609375,non_thinking,10,1174.294677734375,higher,1174.294677734375,-643.2435302734375
Qwen3-8B,native_thinking,15,2,10,fisher_nearest,0.293340181399584,higher,0.293340181399584,non_thinking,10,1.215778518969845,higher,1.215778518969845,-0.922438337570261
Qwen3-8B,native_thinking,15,2,10,min_bhattacharyya,1.516679048538208,higher,1.516679048538208,non_thinking,10,3.8554563522338867,higher,3.8554563522338867,-2.3387773036956787
Qwen3-8B,native_thinking,15,2,10,mean_bhattacharyya,2.842305819193522,higher,2.842305819193522,non_thinking,10,14.919755670759413,higher,14.919755670759413,-12.077449851565891
Qwen3-8B,native_thinking,15,2,10,nc2_class_cosine_deviation,0.4590233856881107,lower,-0.4590233856881107,non_thinking,10,0.5654212321948121,lower,-0.5654212321948121,0.10639784650670142
Qwen3-8B,native_thinking,15,3,9,logistic_precision,0.7777777777777778,higher,0.7777777777777778,non_thinking,10,0.8888888888888888,higher,0.8888888888888888,-0.11111111111111105
Qwen3-8B,native_thinking,15,3,9,logistic_recall,0.7777777777777778,higher,0.7777777777777778,non_thinking,10,0.8,higher,0.8,-0.022222222222222254
Qwen3-8B,native_thinking,15,3,9,logistic_f1,0.7777777777777778,higher,0.7777777777777778,non_thinking,10,0.8421052631578947,higher,0.8421052631578947,-0.0643274853801169
Qwen3-8B,native_thinking,15,3,9,ncc_recall,0.4444444444444444,higher,0.4444444444444444,non_thinking,10,0.6,higher,0.6,-0.15555555555555556
Qwen3-8B,native_thinking,15,3,9,silhouette_cosine,-0.07029219716787338,higher,-0.07029219716787338,non_thinking,10,-0.11820051819086075,higher,-0.11820051819086075,0.047908321022987366
Qwen3-8B,native_thinking,15,3,9,within_trace,1691.522705078125,lower,-1691.522705078125,non_thinking,10,1195.82763671875,lower,-1195.82763671875,-495.695068359375
Qwen3-8B,native_thinking,15,3,9,class_nc1_ratio,5.9976830253135756,lower,-5.9976830253135756,non_thinking,10,1.935369166956357,lower,-1.935369166956357,-4.062313858357219
Qwen3-8B,native_thinking,15,3,9,centroid_nearest_squared,134.1438751220703,higher,134.1438751220703,non_thinking,10,314.06964111328125,higher,314.06964111328125,-179.92576599121094
Qwen3-8B,native_thinking,15,3,9,fisher_nearest,0.07930362076687272,higher,0.07930362076687272,non_thinking,10,0.2626378848167967,higher,0.2626378848167967,-0.18333426404992395
Qwen3-8B,native_thinking,15,3,9,min_bhattacharyya,0.4721543788909912,higher,0.4721543788909912,non_thinking,10,1.036202073097229,higher,1.036202073097229,-0.5640476942062378
Qwen3-8B,native_thinking,15,3,9,mean_bhattacharyya,2.020484381251865,higher,2.020484381251865,non_thinking,10,7.515524003240797,higher,7.515524003240797,-5.495039621988932
Qwen3-8B,native_thinking,15,3,9,nc2_class_cosine_deviation,0.421856679574207,lower,-0.421856679574207,non_thinking,10,0.4243984389130348,lower,-0.4243984389130348,0.002541759338827776
Qwen3-8B,native_thinking,15,4,9,logistic_precision,0.5,higher,0.5,non_thinking,10,0.875,higher,0.875,-0.375
Qwen3-8B,native_thinking,15,4,9,logistic_recall,0.5555555555555556,higher,0.5555555555555556,non_thinking,10,0.7,higher,0.7,-0.14444444444444438
Qwen3-8B,native_thinking,15,4,9,logistic_f1,0.5263157894736842,higher,0.5263157894736842,non_thinking,10,0.7777777777777778,higher,0.7777777777777778,-0.2514619883040936
Qwen3-8B,native_thinking,15,4,9,ncc_recall,0.4444444444444444,higher,0.4444444444444444,non_thinking,10,0.1,higher,0.1,0.34444444444444444
Qwen3-8B,native_thinking,15,4,9,silhouette_cosine,-0.1222032979130745,higher,-0.1222032979130745,non_thinking,10,-0.17770418524742126,higher,-0.17770418524742126,0.05550088733434677
Qwen3-8B,native_thinking,15,4,9,within_trace,1641.1483154296875,lower,-1641.1483154296875,non_thinking,10,1356.3409423828125,lower,-1356.3409423828125,-284.807373046875
Qwen3-8B,native_thinking,15,4,9,class_nc1_ratio,9.624212899733582,lower,-9.624212899733582,non_thinking,10,5.225595647818493,lower,-5.225595647818493,-4.398617251915089
Qwen3-8B,native_thinking,15,4,9,centroid_nearest_squared,91.46533203125,higher,91.46533203125,non_thinking,10,190.96206665039062,higher,190.96206665039062,-99.49673461914062
Qwen3-8B,native_thinking,15,4,9,fisher_nearest,0.05573252043786331,higher,0.05573252043786331,non_thinking,10,0.1407920830841466,higher,0.1407920830841466,-0.08505956264628328
Qwen3-8B,native_thinking,15,4,9,min_bhattacharyya,0.334204763174057,higher,0.334204763174057,non_thinking,10,0.7556387782096863,higher,0.7556387782096863,-0.4214340150356293
Qwen3-8B,native_thinking,15,4,9,mean_bhattacharyya,1.673989603916804,higher,1.673989603916804,non_thinking,10,7.312445296181573,higher,7.312445296181573,-5.638455692264769
Qwen3-8B,native_thinking,15,4,9,nc2_class_cosine_deviation,0.4664577781050294,lower,-0.4664577781050294,non_thinking,10,0.34058463514242093,lower,-0.34058463514242093,-0.1258731429626085
Qwen3-8B,native_thinking,15,5,9,logistic_precision,0.7142857142857143,higher,0.7142857142857143,non_thinking,10,0.5714285714285714,higher,0.5714285714285714,0.1428571428571429
Qwen3-8B,native_thinking,15,5,9,logistic_recall,0.5555555555555556,higher,0.5555555555555556,non_thinking,10,0.4,higher,0.4,0.15555555555555556
Qwen3-8B,native_thinking,15,5,9,logistic_f1,0.625,higher,0.625,non_thinking,10,0.47058823529411764,higher,0.47058823529411764,0.15441176470588236
Qwen3-8B,native_thinking,15,5,9,ncc_recall,0.4444444444444444,higher,0.4444444444444444,non_thinking,10,0.3,higher,0.3,0.14444444444444443
Qwen3-8B,native_thinking,15,5,9,silhouette_cosine,-0.11014237999916077,higher,-0.11014237999916077,non_thinking,10,-0.1675357073545456,higher,-0.1675357073545456,0.05739332735538483
Qwen3-8B,native_thinking,15,5,9,within_trace,1609.2626953125,lower,-1609.2626953125,non_thinking,10,1144.0732421875,lower,-1144.0732421875,-465.189453125
Qwen3-8B,native_thinking,15,5,9,class_nc1_ratio,8.822003490408369,lower,-8.822003490408369,non_thinking,10,5.171863199063005,lower,-5.171863199063005,-3.6501402913453633
Qwen3-8B,native_thinking,15,5,9,centroid_nearest_squared,91.46533203125,higher,91.46533203125,non_thinking,10,51.093055725097656,higher,51.093055725097656,40.372276306152344
Qwen3-8B,native_thinking,15,5,9,fisher_nearest,0.05683679382966651,higher,0.05683679382966651,non_thinking,10,0.044658902805388846,higher,0.044658902805388846,0.012177891024277666
Qwen3-8B,native_thinking,15,5,9,min_bhattacharyya,0.334204763174057,higher,0.334204763174057,non_thinking,10,0.47491230070590973,higher,0.47491230070590973,-0.14070753753185272
Qwen3-8B,native_thinking,15,5,9,mean_bhattacharyya,1.7063654594951205,higher,1.7063654594951205,non_thinking,10,8.021931219432089,higher,8.021931219432089,-6.315565759936968
Qwen3-8B,native_thinking,15,5,9,nc2_class_cosine_deviation,0.48950110431070687,lower,-0.48950110431070687,non_thinking,10,0.6561353421413604,lower,-0.6561353421413604,0.1666342378306535
Qwen3-8B,native_thinking,15,6,9,logistic_precision,0.3,higher,0.3,non_thinking,10,0.2857142857142857,higher,0.2857142857142857,0.01428571428571429
Qwen3-8B,native_thinking,15,6,9,logistic_recall,0.3333333333333333,higher,0.3333333333333333,non_thinking,10,0.4,higher,0.4,-0.06666666666666671
Qwen3-8B,native_thinking,15,6,9,logistic_f1,0.3157894736842105,higher,0.3157894736842105,non_thinking,10,0.3333333333333333,higher,0.3333333333333333,-0.017543859649122806
Qwen3-8B,native_thinking,15,6,9,ncc_recall,0.4444444444444444,higher,0.4444444444444444,non_thinking,10,0.2,higher,0.2,0.2444444444444444
Qwen3-8B,native_thinking,15,6,9,silhouette_cosine,-0.1386178582906723,higher,-0.1386178582906723,non_thinking,10,-0.25110942125320435,higher,-0.25110942125320435,0.11249156296253204
Qwen3-8B,native_thinking,15,6,9,within_trace,1552.212890625,lower,-1552.212890625,non_thinking,10,1097.52587890625,lower,-1097.52587890625,-454.68701171875
Qwen3-8B,native_thinking,15,6,9,class_nc1_ratio,12.364111353391232,lower,-12.364111353391232,non_thinking,10,4.417277681872867,lower,-4.417277681872867,-7.946833671518365
Qwen3-8B,native_thinking,15,6,9,centroid_nearest_squared,32.15374755859375,higher,32.15374755859375,non_thinking,10,51.093055725097656,higher,51.093055725097656,-18.939308166503906
Qwen3-8B,native_thinking,15,6,9,fisher_nearest,0.020714779366151903,higher,0.020714779366151903,non_thinking,10,0.04655293939493703,higher,0.04655293939493703,-0.025838160028785126
Qwen3-8B,native_thinking,15,6,9,min_bhattacharyya,0.17730941623449326,higher,0.17730941623449326,non_thinking,10,0.3865762948989868,higher,0.3865762948989868,-0.20926687866449356
Qwen3-8B,native_thinking,15,6,9,mean_bhattacharyya,1.5706730956832569,higher,1.5706730956832569,non_thinking,10,7.611689555976126,higher,7.611689555976126,-6.041016460292869
Qwen3-8B,native_thinking,15,6,9,nc2_class_cosine_deviation,0.5750402416344043,lower,-0.5750402416344043,non_thinking,10,0.6430873998705251,lower,-0.6430873998705251,0.06804715823612084
Qwen3-8B,native_thinking,15,7,9,logistic_precision,0.36363636363636365,higher,0.36363636363636365,non_thinking,10,0.36363636363636365,higher,0.36363636363636365,0.0
Qwen3-8B,native_thinking,15,7,9,logistic_recall,0.4444444444444444,higher,0.4444444444444444,non_thinking,10,0.4,higher,0.4,0.0444444444444444
Qwen3-8B,native_thinking,15,7,9,logistic_f1,0.4,higher,0.4,non_thinking,10,0.38095238095238093,higher,0.38095238095238093,0.01904761904761909
Qwen3-8B,native_thinking,15,7,9,ncc_recall,0.3333333333333333,higher,0.3333333333333333,non_thinking,10,0.2,higher,0.2,0.1333333333333333
Qwen3-8B,native_thinking,15,7,9,silhouette_cosine,-0.12361480295658112,higher,-0.12361480295658112,non_thinking,10,-0.2208809107542038,higher,-0.2208809107542038,0.09726610779762268
Qwen3-8B,native_thinking,15,7,9,within_trace,1529.291748046875,lower,-1529.291748046875,non_thinking,10,921.2557373046875,lower,-921.2557373046875,-608.0360107421875
Qwen3-8B,native_thinking,15,7,9,class_nc1_ratio,9.582029974648346,lower,-9.582029974648346,non_thinking,10,2.432677923504721,lower,-2.432677923504721,-7.149352051143625
Qwen3-8B,native_thinking,15,7,9,centroid_nearest_squared,32.15374755859375,higher,32.15374755859375,non_thinking,10,70.88462829589844,higher,70.88462829589844,-38.73088073730469
Qwen3-8B,native_thinking,15,7,9,fisher_nearest,0.021025254075724073,higher,0.021025254075724073,non_thinking,10,0.07694348640181627,higher,0.07694348640181627,-0.05591823232609219
Qwen3-8B,native_thinking,15,7,9,min_bhattacharyya,0.17730941623449326,higher,0.17730941623449326,non_thinking,10,0.3865762948989868,higher,0.3865762948989868,-0.20926687866449356
Qwen3-8B,native_thinking,15,7,9,mean_bhattacharyya,1.71606033295393,higher,1.71606033295393,non_thinking,10,8.766805350780487,higher,8.766805350780487,-7.050745017826557
Qwen3-8B,native_thinking,15,7,9,nc2_class_cosine_deviation,0.5393729859296186,lower,-0.5393729859296186,non_thinking,10,0.7315342829183297,lower,-0.7315342829183297,0.1921612969887111
Qwen3-8B,native_thinking,15,8,9,logistic_precision,0.6,higher,0.6,non_thinking,10,0.3076923076923077,higher,0.3076923076923077,0.29230769230769227
Qwen3-8B,native_thinking,15,8,9,logistic_recall,0.3333333333333333,higher,0.3333333333333333,non_thinking,10,0.4,higher,0.4,-0.06666666666666671
Qwen3-8B,native_thinking,15,8,9,logistic_f1,0.42857142857142855,higher,0.42857142857142855,non_thinking,10,0.34782608695652173,higher,0.34782608695652173,0.08074534161490682
Qwen3-8B,native_thinking,15,8,9,ncc_recall,0.2222222222222222,higher,0.2222222222222222,non_thinking,10,0.1,higher,0.1,0.1222222222222222
Qwen3-8B,native_thinking,15,8,9,silhouette_cosine,-0.1220744177699089,higher,-0.1220744177699089,non_thinking,10,-0.24404974281787872,higher,-0.24404974281787872,0.12197532504796982
Qwen3-8B,native_thinking,15,8,9,within_trace,1609.00537109375,lower,-1609.00537109375,non_thinking,10,1025.3651123046875,lower,-1025.3651123046875,-583.6402587890625
Qwen3-8B,native_thinking,15,8,9,class_nc1_ratio,8.327635721973367,lower,-8.327635721973367,non_thinking,10,1.6093037178980072,lower,-1.6093037178980072,-6.71833200407536
Qwen3-8B,native_thinking,15,8,9,centroid_nearest_squared,41.854801177978516,higher,41.854801177978516,non_thinking,10,87.09928894042969,higher,87.09928894042969,-45.24448776245117
Qwen3-8B,native_thinking,15,8,9,fisher_nearest,0.026012841181211825,higher,0.026012841181211825,non_thinking,10,0.08494465814685151,higher,0.08494465814685151,-0.058931816965639684
Qwen3-8B,native_thinking,15,8,9,min_bhattacharyya,0.24905052781105042,higher,0.24905052781105042,non_thinking,10,0.3794160783290863,higher,0.3794160783290863,-0.1303655505180359
Qwen3-8B,native_thinking,15,8,9,mean_bhattacharyya,1.761409870452351,higher,1.761409870452351,non_thinking,10,9.30919627017445,higher,9.30919627017445,-7.547786399722099
Qwen3-8B,native_thinking,15,8,9,nc2_class_cosine_deviation,0.5811587263036657,lower,-0.5811587263036657,non_thinking,10,0.7305429815659645,lower,-0.7305429815659645,0.14938425526229882
Qwen3-8B,native_thinking,15,9,9,logistic_precision,0.6363636363636364,higher,0.6363636363636364,non_thinking,10,0.16666666666666666,higher,0.16666666666666666,0.4696969696969697
Qwen3-8B,native_thinking,15,9,9,logistic_recall,0.7777777777777778,higher,0.7777777777777778,non_thinking,10,0.1,higher,0.1,0.6777777777777778
Qwen3-8B,native_thinking,15,9,9,logistic_f1,0.7,higher,0.7,non_thinking,10,0.125,higher,0.125,0.575
Qwen3-8B,native_thinking,15,9,9,ncc_recall,0.5555555555555556,higher,0.5555555555555556,non_thinking,10,0.3,higher,0.3,0.2555555555555556
Qwen3-8B,native_thinking,15,9,9,silhouette_cosine,-0.10046778619289398,higher,-0.10046778619289398,non_thinking,10,-0.07747644931077957,higher,-0.07747644931077957,-0.02299133688211441
Qwen3-8B,native_thinking,15,9,9,within_trace,1463.5577392578125,lower,-1463.5577392578125,non_thinking,10,719.9661865234375,lower,-719.9661865234375,-743.591552734375
Qwen3-8B,native_thinking,15,9,9,class_nc1_ratio,3.966986645416746,lower,-3.966986645416746,non_thinking,10,0.7683998364933323,lower,-0.7683998364933323,-3.1985868089234137
Qwen3-8B,native_thinking,15,9,9,centroid_nearest_squared,224.2761993408203,higher,224.2761993408203,non_thinking,10,87.09928894042969,higher,87.09928894042969,137.17691040039062
Qwen3-8B,native_thinking,15,9,9,fisher_nearest,0.15324041773340177,higher,0.15324041773340177,non_thinking,10,0.12097691609798163,higher,0.12097691609798163,0.03226350163542015
Qwen3-8B,native_thinking,15,9,9,min_bhattacharyya,0.799001932144165,higher,0.799001932144165,non_thinking,10,0.3794160783290863,higher,0.3794160783290863,0.41958585381507874
Qwen3-8B,native_thinking,15,9,9,mean_bhattacharyya,2.3621572852134705,higher,2.3621572852134705,non_thinking,10,13.166379070944256,higher,13.166379070944256,-10.804221785730785
Qwen3-8B,native_thinking,15,9,9,nc2_class_cosine_deviation,0.5367532114923735,lower,-0.5367532114923735,non_thinking,10,0.7057273277529964,lower,-0.7057273277529964,0.16897411626062286
Qwen3-8B,native_thinking,15,10,9,logistic_precision,0.7777777777777778,higher,0.7777777777777778,non_thinking,10,0.5454545454545454,higher,0.5454545454545454,0.23232323232323238
Qwen3-8B,native_thinking,15,10,9,logistic_recall,0.7777777777777778,higher,0.7777777777777778,non_thinking,10,0.6,higher,0.6,0.1777777777777778
Qwen3-8B,native_thinking,15,10,9,logistic_f1,0.7777777777777778,higher,0.7777777777777778,non_thinking,10,0.5714285714285714,higher,0.5714285714285714,0.2063492063492064
Qwen3-8B,native_thinking,15,10,9,ncc_recall,0.7777777777777778,higher,0.7777777777777778,non_thinking,10,0.7,higher,0.7,0.07777777777777783
Qwen3-8B,native_thinking,15,10,9,silhouette_cosine,0.06981631368398666,higher,0.06981631368398666,non_thinking,10,-0.04595223069190979,higher,-0.04595223069190979,0.11576854437589645
Qwen3-8B,native_thinking,15,10,9,within_trace,1471.1580810546875,lower,-1471.1580810546875,non_thinking,10,831.3112182617188,lower,-831.3112182617188,-639.8468627929688
Qwen3-8B,native_thinking,15,10,9,class_nc1_ratio,1.660689077798627,lower,-1.660689077798627,non_thinking,10,0.6973708511128244,lower,-0.6973708511128244,-0.9633182266858026
Qwen3-8B,native_thinking,15,10,9,centroid_nearest_squared,300.5010986328125,higher,300.5010986328125,non_thinking,10,89.48080444335938,higher,89.48080444335938,211.02029418945312
Qwen3-8B,native_thinking,15,10,9,fisher_nearest,0.20426159669896274,higher,0.20426159669896274,non_thinking,10,0.10763815341078249,higher,0.10763815341078249,0.09662344328818025
Qwen3-8B,native_thinking,15,10,9,min_bhattacharyya,0.899652361869812,higher,0.899652361869812,non_thinking,10,0.3854742646217346,higher,0.3854742646217346,0.5141780972480774
Qwen3-8B,native_thinking,15,10,9,mean_bhattacharyya,3.1241323285632663,higher,3.1241323285632663,non_thinking,10,13.00481520096461,higher,13.00481520096461,-9.880682872401342
Qwen3-8B,native_thinking,15,10,9,nc2_class_cosine_deviation,0.38652619149213957,lower,-0.38652619149213957,non_thinking,10,0.6621347025588707,lower,-0.6621347025588707,0.2756085110667312
Qwen3-8B,native_thinking,16,1,10,logistic_precision,0.9090909090909091,higher,0.9090909090909091,non_thinking,10,1.0,higher,1.0,-0.09090909090909094
Qwen3-8B,native_thinking,16,1,10,logistic_recall,1.0,higher,1.0,non_thinking,10,1.0,higher,1.0,0.0
Qwen3-8B,native_thinking,16,1,10,logistic_f1,0.9523809523809523,higher,0.9523809523809523,non_thinking,10,1.0,higher,1.0,-0.04761904761904767
Qwen3-8B,native_thinking,16,1,10,ncc_recall,1.0,higher,1.0,non_thinking,10,1.0,higher,1.0,0.0
Qwen3-8B,native_thinking,16,1,10,silhouette_cosine,0.2837900221347809,higher,0.2837900221347809,non_thinking,10,0.9733487963676453,higher,0.9733487963676453,-0.6895587742328644
Qwen3-8B,native_thinking,16,1,10,within_trace,2074.81201171875,lower,-2074.81201171875,non_thinking,10,165.43258666992188,lower,-165.43258666992188,-1909.3794250488281
Qwen3-8B,native_thinking,16,1,10,class_nc1_ratio,1.228256569650193,lower,-1.228256569650193,non_thinking,10,0.01888216017567529,lower,-0.01888216017567529,-1.2093744094745178
Qwen3-8B,native_thinking,16,1,10,centroid_nearest_squared,1556.84765625,higher,1556.84765625,non_thinking,10,7906.34326171875,higher,7906.34326171875,-6349.49560546875
Qwen3-8B,native_thinking,16,1,10,fisher_nearest,0.7503560069330453,higher,0.7503560069330453,non_thinking,10,47.79193398876016,higher,47.79193398876016,-47.04157798182711
Qwen3-8B,native_thinking,16,1,10,min_bhattacharyya,3.268637180328369,higher,3.268637180328369,non_thinking,10,32.905967712402344,higher,32.905967712402344,-29.637330532073975
Qwen3-8B,native_thinking,16,1,10,mean_bhattacharyya,6.032176362143622,higher,6.032176362143622,non_thinking,10,50.107106102837456,higher,50.107106102837456,-44.07492974069383
Qwen3-8B,native_thinking,16,1,10,nc2_class_cosine_deviation,0.4122031091677922,lower,-0.4122031091677922,non_thinking,10,0.5398869204484387,lower,-0.5398869204484387,0.1276838112806465
Qwen3-8B,native_thinking,16,2,10,logistic_precision,1.0,higher,1.0,non_thinking,10,1.0,higher,1.0,0.0
Qwen3-8B,native_thinking,16,2,10,logistic_recall,0.9,higher,0.9,non_thinking,10,1.0,higher,1.0,-0.09999999999999998
Qwen3-8B,native_thinking,16,2,10,logistic_f1,0.9473684210526315,higher,0.9473684210526315,non_thinking,10,1.0,higher,1.0,-0.052631578947368474
Qwen3-8B,native_thinking,16,2,10,ncc_recall,0.9,higher,0.9,non_thinking,10,1.0,higher,1.0,-0.09999999999999998
Qwen3-8B,native_thinking,16,2,10,silhouette_cosine,0.037976402789354324,higher,0.037976402789354324,non_thinking,10,0.3666708767414093,higher,0.3666708767414093,-0.328694473952055
Qwen3-8B,native_thinking,16,2,10,within_trace,1750.8115234375,lower,-1750.8115234375,non_thinking,10,1404.5091552734375,lower,-1404.5091552734375,-346.3023681640625
Qwen3-8B,native_thinking,16,2,10,class_nc1_ratio,2.637249101858564,lower,-2.637249101858564,non_thinking,10,0.6156567791766853,lower,-0.6156567791766853,-2.0215923226818786
Qwen3-8B,native_thinking,16,2,10,centroid_nearest_squared,483.44598388671875,higher,483.44598388671875,non_thinking,10,1248.21875,higher,1248.21875,-764.7727661132812
Qwen3-8B,native_thinking,16,2,10,fisher_nearest,0.2761268002951756,higher,0.2761268002951756,non_thinking,10,0.8887224019248133,higher,0.8887224019248133,-0.6125956016296377
Qwen3-8B,native_thinking,16,2,10,min_bhattacharyya,1.5351699590682983,higher,1.5351699590682983,non_thinking,10,3.248507499694824,higher,3.248507499694824,-1.7133375406265259
Qwen3-8B,native_thinking,16,2,10,mean_bhattacharyya,3.2748531897862754,higher,3.2748531897862754,non_thinking,10,12.60326337814331,higher,12.60326337814331,-9.328410188357035
Qwen3-8B,native_thinking,16,2,10,nc2_class_cosine_deviation,0.46166711659343157,lower,-0.46166711659343157,non_thinking,10,0.5386750706540488,lower,-0.5386750706540488,0.07700795406061728
Qwen3-8B,native_thinking,16,3,9,logistic_precision,0.875,higher,0.875,non_thinking,10,0.8181818181818182,higher,0.8181818181818182,0.05681818181818177
Qwen3-8B,native_thinking,16,3,9,logistic_recall,0.7777777777777778,higher,0.7777777777777778,non_thinking,10,0.9,higher,0.9,-0.12222222222222223
Qwen3-8B,native_thinking,16,3,9,logistic_f1,0.8235294117647058,higher,0.8235294117647058,non_thinking,10,0.8571428571428571,higher,0.8571428571428571,-0.03361344537815125
Qwen3-8B,native_thinking,16,3,9,ncc_recall,0.6666666666666666,higher,0.6666666666666666,non_thinking,10,0.6,higher,0.6,0.06666666666666665
Qwen3-8B,native_thinking,16,3,9,silhouette_cosine,-0.06973917037248611,higher,-0.06973917037248611,non_thinking,10,-0.14405430853366852,higher,-0.14405430853366852,0.0743151381611824
Qwen3-8B,native_thinking,16,3,9,within_trace,1667.2149658203125,lower,-1667.2149658203125,non_thinking,10,1412.350830078125,lower,-1412.350830078125,-254.8641357421875
Qwen3-8B,native_thinking,16,3,9,class_nc1_ratio,5.311554667972822,lower,-5.311554667972822,non_thinking,10,2.6471186645301645,lower,-2.6471186645301645,-2.6644360034426575
Qwen3-8B,native_thinking,16,3,9,centroid_nearest_squared,114.10234832763672,higher,114.10234832763672,non_thinking,10,307.45269775390625,higher,307.45269775390625,-193.35034942626953
Qwen3-8B,native_thinking,16,3,9,fisher_nearest,0.06843889400398673,higher,0.06843889400398673,non_thinking,10,0.21768861617541538,higher,0.21768861617541538,-0.14924972217142865
Qwen3-8B,native_thinking,16,3,9,min_bhattacharyya,0.4322000741958618,higher,0.4322000741958618,non_thinking,10,0.8581012487411499,higher,0.8581012487411499,-0.4259011745452881
Qwen3-8B,native_thinking,16,3,9,mean_bhattacharyya,2.288545780711704,higher,2.288545780711704,non_thinking,10,6.600472384028965,higher,6.600472384028965,-4.311926603317261
Qwen3-8B,native_thinking,16,3,9,nc2_class_cosine_deviation,0.4522790392561827,lower,-0.4522790392561827,non_thinking,10,0.401437992758957,lower,-0.401437992758957,-0.050841046497225706
Qwen3-8B,native_thinking,16,4,9,logistic_precision,0.6363636363636364,higher,0.6363636363636364,non_thinking,10,0.5454545454545454,higher,0.5454545454545454,0.09090909090909094
Qwen3-8B,native_thinking,16,4,9,logistic_recall,0.7777777777777778,higher,0.7777777777777778,non_thinking,10,0.6,higher,0.6,0.1777777777777778
Qwen3-8B,native_thinking,16,4,9,logistic_f1,0.7,higher,0.7,non_thinking,10,0.5714285714285714,higher,0.5714285714285714,0.12857142857142856
Qwen3-8B,native_thinking,16,4,9,ncc_recall,0.5555555555555556,higher,0.5555555555555556,non_thinking,10,0.1,higher,0.1,0.4555555555555556
Qwen3-8B,native_thinking,16,4,9,silhouette_cosine,-0.12944108247756958,higher,-0.12944108247756958,non_thinking,10,-0.1988869458436966,higher,-0.1988869458436966,0.06944586336612701
Qwen3-8B,native_thinking,16,4,9,within_trace,1598.15673828125,lower,-1598.15673828125,non_thinking,10,1341.1378173828125,lower,-1341.1378173828125,-257.0189208984375
Qwen3-8B,native_thinking,16,4,9,class_nc1_ratio,8.251207950986629,lower,-8.251207950986629,non_thinking,10,5.60395225429227,lower,-5.60395225429227,-2.6472556966943586
Qwen3-8B,native_thinking,16,4,9,centroid_nearest_squared,71.05631256103516,higher,71.05631256103516,non_thinking,10,163.15438842773438,higher,163.15438842773438,-92.09807586669922
Qwen3-8B,native_thinking,16,4,9,fisher_nearest,0.044461416617654924,higher,0.044461416617654924,non_thinking,10,0.12165370800304844,higher,0.12165370800304844,-0.07719229138539352
Qwen3-8B,native_thinking,16,4,9,min_bhattacharyya,0.325904905796051,higher,0.325904905796051,non_thinking,10,0.6598287224769592,higher,0.6598287224769592,-0.3339238166809082
Qwen3-8B,native_thinking,16,4,9,mean_bhattacharyya,1.962985052002801,higher,1.962985052002801,non_thinking,10,6.5816351771354675,higher,6.5816351771354675,-4.618650125132667
Qwen3-8B,native_thinking,16,4,9,nc2_class_cosine_deviation,0.5096573201870478,lower,-0.5096573201870478,non_thinking,10,0.37562694972564964,lower,-0.37562694972564964,-0.13403037046139815
Qwen3-8B,native_thinking,16,5,9,logistic_precision,0.7142857142857143,higher,0.7142857142857143,non_thinking,10,0.42857142857142855,higher,0.42857142857142855,0.28571428571428575
Qwen3-8B,native_thinking,16,5,9,logistic_recall,0.5555555555555556,higher,0.5555555555555556,non_thinking,10,0.3,higher,0.3,0.2555555555555556
Qwen3-8B,native_thinking,16,5,9,logistic_f1,0.625,higher,0.625,non_thinking,10,0.35294117647058826,higher,0.35294117647058826,0.27205882352941174
Qwen3-8B,native_thinking,16,5,9,ncc_recall,0.3333333333333333,higher,0.3333333333333333,non_thinking,10,0.3,higher,0.3,0.033333333333333326
Qwen3-8B,native_thinking,16,5,9,silhouette_cosine,-0.10709581524133682,higher,-0.10709581524133682,non_thinking,10,-0.11129225790500641,higher,-0.11129225790500641,0.004196442663669586
Qwen3-8B,native_thinking,16,5,9,within_trace,1542.19140625,lower,-1542.19140625,non_thinking,10,1150.504150390625,lower,-1150.504150390625,-391.687255859375
Qwen3-8B,native_thinking,16,5,9,class_nc1_ratio,8.375910287043576,lower,-8.375910287043576,non_thinking,10,4.900163715799211,lower,-4.900163715799211,-3.4757465712443647
Qwen3-8B,native_thinking,16,5,9,centroid_nearest_squared,57.76128387451172,higher,57.76128387451172,non_thinking,10,83.7949447631836,higher,83.7949447631836,-26.033660888671875
Qwen3-8B,native_thinking,16,5,9,fisher_nearest,0.03745403044033577,higher,0.03745403044033577,non_thinking,10,0.07283323987552162,higher,0.07283323987552162,-0.035379209435185854
Qwen3-8B,native_thinking,16,5,9,min_bhattacharyya,0.2625126242637634,higher,0.2625126242637634,non_thinking,10,0.5290383100509644,higher,0.5290383100509644,-0.2665256857872009
Qwen3-8B,native_thinking,16,5,9,mean_bhattacharyya,1.9151300125651889,higher,1.9151300125651889,non_thinking,10,7.385562678178151,higher,7.385562678178151,-5.470432665612963
Qwen3-8B,native_thinking,16,5,9,nc2_class_cosine_deviation,0.5489433694768836,lower,-0.5489433694768836,non_thinking,10,0.6609850753052735,lower,-0.6609850753052735,0.1120417058283899
Qwen3-8B,native_thinking,16,6,9,logistic_precision,0.5,higher,0.5,non_thinking,10,0.3,higher,0.3,0.2
Qwen3-8B,native_thinking,16,6,9,logistic_recall,0.5555555555555556,higher,0.5555555555555556,non_thinking,10,0.3,higher,0.3,0.2555555555555556
Qwen3-8B,native_thinking,16,6,9,logistic_f1,0.5263157894736842,higher,0.5263157894736842,non_thinking,10,0.3,higher,0.3,0.2263157894736842
Qwen3-8B,native_thinking,16,6,9,ncc_recall,0.3333333333333333,higher,0.3333333333333333,non_thinking,10,0.2,higher,0.2,0.1333333333333333
Qwen3-8B,native_thinking,16,6,9,silhouette_cosine,-0.14606426656246185,higher,-0.14606426656246185,non_thinking,10,-0.21762974560260773,higher,-0.21762974560260773,0.07156547904014587
Qwen3-8B,native_thinking,16,6,9,within_trace,1476.593505859375,lower,-1476.593505859375,non_thinking,10,1235.422607421875,lower,-1235.422607421875,-241.1708984375
Qwen3-8B,native_thinking,16,6,9,class_nc1_ratio,10.226379287809888,lower,-10.226379287809888,non_thinking,10,4.39523075408189,lower,-4.39523075408189,-5.831148533727998
Qwen3-8B,native_thinking,16,6,9,centroid_nearest_squared,41.06660461425781,higher,41.06660461425781,non_thinking,10,58.72853088378906,higher,58.72853088378906,-17.66192626953125
Qwen3-8B,native_thinking,16,6,9,fisher_nearest,0.027811719644775978,higher,0.027811719644775978,non_thinking,10,0.047537199441692185,higher,0.047537199441692185,-0.019725479796916207
Qwen3-8B,native_thinking,16,6,9,min_bhattacharyya,0.24173028022050858,higher,0.24173028022050858,non_thinking,10,0.32342956960201263,higher,0.32342956960201263,-0.08169928938150406
Qwen3-8B,native_thinking,16,6,9,mean_bhattacharyya,1.8215733029776149,higher,1.8215733029776149,non_thinking,10,6.533974692225456,higher,6.533974692225456,-4.712401389247841
Qwen3-8B,native_thinking,16,6,9,nc2_class_cosine_deviation,0.6100110723464578,lower,-0.6100110723464578,non_thinking,10,0.6513921613862484,lower,-0.6513921613862484,0.04138108903979065
Qwen3-8B,native_thinking,16,7,9,logistic_precision,0.5384615384615384,higher,0.5384615384615384,non_thinking,10,0.3125,higher,0.3125,0.22596153846153844
Qwen3-8B,native_thinking,16,7,9,logistic_recall,0.7777777777777778,higher,0.7777777777777778,non_thinking,10,0.5,higher,0.5,0.2777777777777778
Qwen3-8B,native_thinking,16,7,9,logistic_f1,0.6363636363636364,higher,0.6363636363636364,non_thinking,10,0.38461538461538464,higher,0.38461538461538464,0.2517482517482517
Qwen3-8B,native_thinking,16,7,9,ncc_recall,0.5555555555555556,higher,0.5555555555555556,non_thinking,10,0.3,higher,0.3,0.2555555555555556
Qwen3-8B,native_thinking,16,7,9,silhouette_cosine,-0.11437001824378967,higher,-0.11437001824378967,non_thinking,10,-0.2016025334596634,higher,-0.2016025334596634,0.08723251521587372
Qwen3-8B,native_thinking,16,7,9,within_trace,1402.261962890625,lower,-1402.261962890625,non_thinking,10,969.0677490234375,lower,-969.0677490234375,-433.1942138671875
Qwen3-8B,native_thinking,16,7,9,class_nc1_ratio,7.196349615110847,lower,-7.196349615110847,non_thinking,10,2.8331982234299815,lower,-2.8331982234299815,-4.363151391680866
Qwen3-8B,native_thinking,16,7,9,centroid_nearest_squared,24.91234588623047,higher,24.91234588623047,non_thinking,10,58.72853088378906,higher,58.72853088378906,-33.816184997558594
Qwen3-8B,native_thinking,16,7,9,fisher_nearest,0.01776582874349392,higher,0.01776582874349392,non_thinking,10,0.06060312185909788,higher,0.06060312185909788,-0.042837293115603955
Qwen3-8B,native_thinking,16,7,9,min_bhattacharyya,0.20743496716022491,higher,0.20743496716022491,non_thinking,10,0.32342956960201263,higher,0.32342956960201263,-0.11599460244178772
Qwen3-8B,native_thinking,16,7,9,mean_bhattacharyya,2.130022971994347,higher,2.130022971994347,non_thinking,10,7.783160555693838,higher,7.783160555693838,-5.6531375836994915
Qwen3-8B,native_thinking,16,7,9,nc2_class_cosine_deviation,0.5632888119161865,lower,-0.5632888119161865,non_thinking,10,0.7508117313738223,lower,-0.7508117313738223,0.18752291945763577
Qwen3-8B,native_thinking,16,8,9,logistic_precision,0.5714285714285714,higher,0.5714285714285714,non_thinking,10,0.2222222222222222,higher,0.2222222222222222,0.3492063492063492
Qwen3-8B,native_thinking,16,8,9,logistic_recall,0.4444444444444444,higher,0.4444444444444444,non_thinking,10,0.2,higher,0.2,0.2444444444444444
Qwen3-8B,native_thinking,16,8,9,logistic_f1,0.5,higher,0.5,non_thinking,10,0.21052631578947367,higher,0.21052631578947367,0.2894736842105263
Qwen3-8B,native_thinking,16,8,9,ncc_recall,0.3333333333333333,higher,0.3333333333333333,non_thinking,10,0.2,higher,0.2,0.1333333333333333
Qwen3-8B,native_thinking,16,8,9,silhouette_cosine,-0.1306656002998352,higher,-0.1306656002998352,non_thinking,10,-0.2032162845134735,higher,-0.2032162845134735,0.0725506842136383
Qwen3-8B,native_thinking,16,8,9,within_trace,1536.85693359375,lower,-1536.85693359375,non_thinking,10,901.1716918945312,lower,-901.1716918945312,-635.6852416992188
Qwen3-8B,native_thinking,16,8,9,class_nc1_ratio,6.704221451905766,lower,-6.704221451905766,non_thinking,10,1.6045910606075204,lower,-1.6045910606075204,-5.099630391298245
Qwen3-8B,native_thinking,16,8,9,centroid_nearest_squared,24.91234588623047,higher,24.91234588623047,non_thinking,10,69.89659118652344,higher,69.89659118652344,-44.98424530029297
Qwen3-8B,native_thinking,16,8,9,fisher_nearest,0.01620993167397568,higher,0.01620993167397568,non_thinking,10,0.0775619028151894,higher,0.0775619028151894,-0.061351971141213726
Qwen3-8B,native_thinking,16,8,9,min_bhattacharyya,0.20743496716022491,higher,0.20743496716022491,non_thinking,10,0.23472949862480164,higher,0.23472949862480164,-0.02729453146457672
Qwen3-8B,native_thinking,16,8,9,mean_bhattacharyya,2.047150002585517,higher,2.047150002585517,non_thinking,10,8.92664149734709,higher,8.92664149734709,-6.879491494761573
Qwen3-8B,native_thinking,16,8,9,nc2_class_cosine_deviation,0.581488693891852,lower,-0.581488693891852,non_thinking,10,0.7402158567199001,lower,-0.7402158567199001,0.1587271628280481
Qwen3-8B,native_thinking,16,9,9,logistic_precision,0.6666666666666666,higher,0.6666666666666666,non_thinking,10,0.25,higher,0.25,0.41666666666666663
Qwen3-8B,native_thinking,16,9,9,logistic_recall,0.4444444444444444,higher,0.4444444444444444,non_thinking,10,0.1,higher,0.1,0.34444444444444444
Qwen3-8B,native_thinking,16,9,9,logistic_f1,0.5333333333333333,higher,0.5333333333333333,non_thinking,10,0.14285714285714285,higher,0.14285714285714285,0.3904761904761905
Qwen3-8B,native_thinking,16,9,9,ncc_recall,0.4444444444444444,higher,0.4444444444444444,non_thinking,10,0.3,higher,0.3,0.14444444444444443
Qwen3-8B,native_thinking,16,9,9,silhouette_cosine,-0.05724694952368736,higher,-0.05724694952368736,non_thinking,10,-0.10941626876592636,higher,-0.10941626876592636,0.052169319242239
Qwen3-8B,native_thinking,16,9,9,within_trace,1414.236328125,lower,-1414.236328125,non_thinking,10,821.3596801757812,lower,-821.3596801757812,-592.8766479492188
Qwen3-8B,native_thinking,16,9,9,class_nc1_ratio,3.296488181861847,lower,-3.296488181861847,non_thinking,10,0.9801067079576952,lower,-0.9801067079576952,-2.3163814739041517
Qwen3-8B,native_thinking,16,9,9,centroid_nearest_squared,228.04058837890625,higher,228.04058837890625,non_thinking,10,65.93025207519531,higher,65.93025207519531,162.11033630371094
Qwen3-8B,native_thinking,16,9,9,fisher_nearest,0.16124645071255053,higher,0.16124645071255053,non_thinking,10,0.08026964759347015,higher,0.08026964759347015,0.08097680311908038
Qwen3-8B,native_thinking,16,9,9,min_bhattacharyya,0.7338161468505859,higher,0.7338161468505859,non_thinking,10,0.23472949862480164,higher,0.23472949862480164,0.4990866482257843
Qwen3-8B,native_thinking,16,9,9,mean_bhattacharyya,2.6317198872566223,higher,2.6317198872566223,non_thinking,10,10.380658593442705,higher,10.380658593442705,-7.748938706186083
Qwen3-8B,native_thinking,16,9,9,nc2_class_cosine_deviation,0.5491047111558325,lower,-0.5491047111558325,non_thinking,10,0.7097604031916018,lower,-0.7097604031916018,0.16065569203576935
Qwen3-8B,native_thinking,16,10,9,logistic_precision,0.7,higher,0.7,non_thinking,10,0.5833333333333334,higher,0.5833333333333334,0.11666666666666659
Qwen3-8B,native_thinking,16,10,9,logistic_recall,0.7777777777777778,higher,0.7777777777777778,non_thinking,10,0.7,higher,0.7,0.07777777777777783
Qwen3-8B,native_thinking,16,10,9,logistic_f1,0.7368421052631579,higher,0.7368421052631579,non_thinking,10,0.6363636363636364,higher,0.6363636363636364,0.1004784688995215
Qwen3-8B,native_thinking,16,10,9,ncc_recall,0.8888888888888888,higher,0.8888888888888888,non_thinking,10,0.7,higher,0.7,0.18888888888888888
Qwen3-8B,native_thinking,16,10,9,silhouette_cosine,0.21604375541210175,higher,0.21604375541210175,non_thinking,10,-0.01089923083782196,higher,-0.01089923083782196,0.2269429862499237
Qwen3-8B,native_thinking,16,10,9,within_trace,1413.0576171875,lower,-1413.0576171875,non_thinking,10,804.966064453125,lower,-804.966064453125,-608.091552734375
Qwen3-8B,native_thinking,16,10,9,class_nc1_ratio,1.0732573820344025,lower,-1.0732573820344025,non_thinking,10,0.8115900643285617,lower,-0.8115900643285617,-0.26166731770584073
Qwen3-8B,native_thinking,16,10,9,centroid_nearest_squared,700.6151123046875,higher,700.6151123046875,non_thinking,10,65.93025207519531,higher,65.93025207519531,634.6848602294922
Qwen3-8B,native_thinking,16,10,9,fisher_nearest,0.49581496450170737,higher,0.49581496450170737,non_thinking,10,0.08190438701286963,higher,0.08190438701286963,0.41391057748883775
Qwen3-8B,native_thinking,16,10,9,min_bhattacharyya,1.5833326578140259,higher,1.5833326578140259,non_thinking,10,0.34444287419319153,higher,0.34444287419319153,1.2388897836208344
Qwen3-8B,native_thinking,16,10,9,mean_bhattacharyya,4.134509550200568,higher,4.134509550200568,non_thinking,10,11.755161546998554,higher,11.755161546998554,-7.620651996797986
Qwen3-8B,native_thinking,16,10,9,nc2_class_cosine_deviation,0.36160559234795747,lower,-0.36160559234795747,non_thinking,10,0.6813632172566874,lower,-0.6813632172566874,0.3197576249087299
Qwen3-8B,native_thinking,17,1,10,logistic_precision,1.0,higher,1.0,non_thinking,10,1.0,higher,1.0,0.0
Qwen3-8B,native_thinking,17,1,10,logistic_recall,1.0,higher,1.0,non_thinking,10,1.0,higher,1.0,0.0
Qwen3-8B,native_thinking,17,1,10,logistic_f1,1.0,higher,1.0,non_thinking,10,1.0,higher,1.0,0.0
Qwen3-8B,native_thinking,17,1,10,ncc_recall,1.0,higher,1.0,non_thinking,10,1.0,higher,1.0,0.0
Qwen3-8B,native_thinking,17,1,10,silhouette_cosine,0.2866901457309723,higher,0.2866901457309723,non_thinking,10,0.9772346615791321,higher,0.9772346615791321,-0.6905445158481598
Qwen3-8B,native_thinking,17,1,10,within_trace,2036.0048828125,lower,-2036.0048828125,non_thinking,10,124.91732788085938,lower,-124.91732788085938,-1911.0875549316406
Qwen3-8B,native_thinking,17,1,10,class_nc1_ratio,1.141759510097216,lower,-1.141759510097216,non_thinking,10,0.015562590915899479,lower,-0.015562590915899479,-1.1261969191813166
Qwen3-8B,native_thinking,17,1,10,centroid_nearest_squared,1549.9979248046875,higher,1549.9979248046875,non_thinking,10,7029.650390625,higher,7029.650390625,-5479.6524658203125
Qwen3-8B,native_thinking,17,1,10,fisher_nearest,0.7612938151030113,higher,0.7612938151030113,non_thinking,10,56.27442173058304,higher,56.27442173058304,-55.513127915480034
Qwen3-8B,native_thinking,17,1,10,min_bhattacharyya,3.2355523109436035,higher,3.2355523109436035,non_thinking,10,33.08523178100586,higher,33.08523178100586,-29.849679470062256
Qwen3-8B,native_thinking,17,1,10,mean_bhattacharyya,5.909083286921184,higher,5.909083286921184,non_thinking,10,52.704176372951935,higher,52.704176372951935,-46.795093086030754
Qwen3-8B,native_thinking,17,1,10,nc2_class_cosine_deviation,0.4323885890620726,lower,-0.4323885890620726,non_thinking,10,0.530791320366624,lower,-0.530791320366624,0.0984027313045514
Qwen3-8B,native_thinking,17,2,10,logistic_precision,1.0,higher,1.0,non_thinking,10,0.9090909090909091,higher,0.9090909090909091,0.09090909090909094
Qwen3-8B,native_thinking,17,2,10,logistic_recall,1.0,higher,1.0,non_thinking,10,1.0,higher,1.0,0.0
Qwen3-8B,native_thinking,17,2,10,logistic_f1,1.0,higher,1.0,non_thinking,10,0.9523809523809523,higher,0.9523809523809523,0.04761904761904767
Qwen3-8B,native_thinking,17,2,10,ncc_recall,1.0,higher,1.0,non_thinking,10,1.0,higher,1.0,0.0
Qwen3-8B,native_thinking,17,2,10,silhouette_cosine,0.053286630660295486,higher,0.053286630660295486,non_thinking,10,0.3101615905761719,higher,0.3101615905761719,-0.2568749599158764
Qwen3-8B,native_thinking,17,2,10,within_trace,1728.3387451171875,lower,-1728.3387451171875,non_thinking,10,1368.4072265625,lower,-1368.4072265625,-359.9315185546875
Qwen3-8B,native_thinking,17,2,10,class_nc1_ratio,2.4192851304149676,lower,-2.4192851304149676,non_thinking,10,0.6209708195823793,lower,-0.6209708195823793,-1.7983143108325883
Qwen3-8B,native_thinking,17,2,10,centroid_nearest_squared,552.3997802734375,higher,552.3997802734375,non_thinking,10,1289.4208984375,higher,1289.4208984375,-737.0211181640625
Qwen3-8B,native_thinking,17,2,10,fisher_nearest,0.31961314402865093,higher,0.31961314402865093,non_thinking,10,0.9422786385574584,higher,0.9422786385574584,-0.6226654945288075
Qwen3-8B,native_thinking,17,2,10,min_bhattacharyya,1.6388342380523682,higher,1.6388342380523682,non_thinking,10,3.9733641147613525,higher,3.9733641147613525,-2.3345298767089844
Qwen3-8B,native_thinking,17,2,10,mean_bhattacharyya,3.3769527673721313,higher,3.3769527673721313,non_thinking,10,13.798242330551147,higher,13.798242330551147,-10.421289563179016
Qwen3-8B,native_thinking,17,2,10,nc2_class_cosine_deviation,0.4342300927749386,lower,-0.4342300927749386,non_thinking,10,0.553502010250533,lower,-0.553502010250533,0.1192719174755944
Qwen3-8B,native_thinking,17,3,9,logistic_precision,0.7777777777777778,higher,0.7777777777777778,non_thinking,10,0.8888888888888888,higher,0.8888888888888888,-0.11111111111111105
Qwen3-8B,native_thinking,17,3,9,logistic_recall,0.7777777777777778,higher,0.7777777777777778,non_thinking,10,0.8,higher,0.8,-0.022222222222222254
Qwen3-8B,native_thinking,17,3,9,logistic_f1,0.7777777777777778,higher,0.7777777777777778,non_thinking,10,0.8421052631578947,higher,0.8421052631578947,-0.0643274853801169
Qwen3-8B,native_thinking,17,3,9,ncc_recall,0.4444444444444444,higher,0.4444444444444444,non_thinking,10,0.5,higher,0.5,-0.05555555555555558
Qwen3-8B,native_thinking,17,3,9,silhouette_cosine,-0.07412414252758026,higher,-0.07412414252758026,non_thinking,10,-0.11635740846395493,higher,-0.11635740846395493,0.042233265936374664
Qwen3-8B,native_thinking,17,3,9,within_trace,1717.937744140625,lower,-1717.937744140625,non_thinking,10,1390.56005859375,lower,-1390.56005859375,-327.377685546875
Qwen3-8B,native_thinking,17,3,9,class_nc1_ratio,5.180940320588559,lower,-5.180940320588559,non_thinking,10,2.442857589201805,lower,-2.442857589201805,-2.7380827313867537
Qwen3-8B,native_thinking,17,3,9,centroid_nearest_squared,159.16822814941406,higher,159.16822814941406,non_thinking,10,287.45928955078125,higher,287.45928955078125,-128.2910614013672
Qwen3-8B,native_thinking,17,3,9,fisher_nearest,0.09265075448297797,higher,0.09265075448297797,non_thinking,10,0.20672195190295053,higher,0.20672195190295053,-0.11407119741997257
Qwen3-8B,native_thinking,17,3,9,min_bhattacharyya,0.5170899927616119,higher,0.5170899927616119,non_thinking,10,0.8744856119155884,higher,0.8744856119155884,-0.35739561915397644
Qwen3-8B,native_thinking,17,3,9,mean_bhattacharyya,2.349882764948739,higher,2.349882764948739,non_thinking,10,7.194520420498318,higher,7.194520420498318,-4.844637655549579
Qwen3-8B,native_thinking,17,3,9,nc2_class_cosine_deviation,0.43016258700762267,lower,-0.43016258700762267,non_thinking,10,0.3991032010059298,lower,-0.3991032010059298,-0.03105938600169289
Qwen3-8B,native_thinking,17,4,9,logistic_precision,0.5454545454545454,higher,0.5454545454545454,non_thinking,10,0.6666666666666666,higher,0.6666666666666666,-0.12121212121212122
Qwen3-8B,native_thinking,17,4,9,logistic_recall,0.6666666666666666,higher,0.6666666666666666,non_thinking,10,0.6,higher,0.6,0.06666666666666665
Qwen3-8B,native_thinking,17,4,9,logistic_f1,0.6,higher,0.6,non_thinking,10,0.631578947368421,higher,0.631578947368421,-0.03157894736842104
Qwen3-8B,native_thinking,17,4,9,ncc_recall,0.5555555555555556,higher,0.5555555555555556,non_thinking,10,0.3,higher,0.3,0.2555555555555556
Qwen3-8B,native_thinking,17,4,9,silhouette_cosine,-0.1415688842535019,higher,-0.1415688842535019,non_thinking,10,-0.20341932773590088,higher,-0.20341932773590088,0.06185044348239899
Qwen3-8B,native_thinking,17,4,9,within_trace,1694.616455078125,lower,-1694.616455078125,non_thinking,10,1197.7000732421875,lower,-1197.7000732421875,-496.9163818359375
Qwen3-8B,native_thinking,17,4,9,class_nc1_ratio,6.342490818553663,lower,-6.342490818553663,non_thinking,10,5.112028699285514,lower,-5.112028699285514,-1.2304621192681484
Qwen3-8B,native_thinking,17,4,9,centroid_nearest_squared,75.80317687988281,higher,75.80317687988281,non_thinking,10,174.5214080810547,higher,174.5214080810547,-98.71823120117188
Qwen3-8B,native_thinking,17,4,9,fisher_nearest,0.04473176018840685,higher,0.04473176018840685,non_thinking,10,0.1457137825905139,higher,0.1457137825905139,-0.10098202240210705
Qwen3-8B,native_thinking,17,4,9,min_bhattacharyya,0.345798134803772,higher,0.345798134803772,non_thinking,10,0.6999024748802185,higher,0.6999024748802185,-0.35410434007644653
Qwen3-8B,native_thinking,17,4,9,mean_bhattacharyya,2.036589115858078,higher,2.036589115858078,non_thinking,10,6.843480798933241,higher,6.843480798933241,-4.806891683075163
Qwen3-8B,native_thinking,17,4,9,nc2_class_cosine_deviation,0.5340868430557075,lower,-0.5340868430557075,non_thinking,10,0.3213091198538925,lower,-0.3213091198538925,-0.21277772320181504
Qwen3-8B,native_thinking,17,5,9,logistic_precision,0.8333333333333334,higher,0.8333333333333334,non_thinking,10,0.375,higher,0.375,0.45833333333333337
Qwen3-8B,native_thinking,17,5,9,logistic_recall,0.5555555555555556,higher,0.5555555555555556,non_thinking,10,0.3,higher,0.3,0.2555555555555556
Qwen3-8B,native_thinking,17,5,9,logistic_f1,0.6666666666666666,higher,0.6666666666666666,non_thinking,10,0.3333333333333333,higher,0.3333333333333333,0.3333333333333333
Qwen3-8B,native_thinking,17,5,9,ncc_recall,0.4444444444444444,higher,0.4444444444444444,non_thinking,10,0.2,higher,0.2,0.2444444444444444
Qwen3-8B,native_thinking,17,5,9,silhouette_cosine,-0.08442698419094086,higher,-0.08442698419094086,non_thinking,10,-0.11152972280979156,higher,-0.11152972280979156,0.027102738618850708
Qwen3-8B,native_thinking,17,5,9,within_trace,1581.79296875,lower,-1581.79296875,non_thinking,10,1101.36767578125,lower,-1101.36767578125,-480.42529296875
Qwen3-8B,native_thinking,17,5,9,class_nc1_ratio,5.939288510586358,lower,-5.939288510586358,non_thinking,10,5.002777863897139,lower,-5.002777863897139,-0.9365106466892197
Qwen3-8B,native_thinking,17,5,9,centroid_nearest_squared,75.80317687988281,higher,75.80317687988281,non_thinking,10,135.55340576171875,higher,135.55340576171875,-59.75022888183594
Qwen3-8B,native_thinking,17,5,9,fisher_nearest,0.04792231245014681,higher,0.04792231245014681,non_thinking,10,0.12307734169296786,higher,0.12307734169296786,-0.07515502924282105
Qwen3-8B,native_thinking,17,5,9,min_bhattacharyya,0.3187717795372009,higher,0.3187717795372009,non_thinking,10,0.6877408623695374,higher,0.6877408623695374,-0.3689690828323364
Qwen3-8B,native_thinking,17,5,9,mean_bhattacharyya,2.0802506340874567,higher,2.0802506340874567,non_thinking,10,8.246181163522932,higher,8.246181163522932,-6.165930529435475
Qwen3-8B,native_thinking,17,5,9,nc2_class_cosine_deviation,0.5597185152180401,lower,-0.5597185152180401,non_thinking,10,0.6402821668688161,lower,-0.6402821668688161,0.08056365165077606
Qwen3-8B,native_thinking,17,6,9,logistic_precision,0.7142857142857143,higher,0.7142857142857143,non_thinking,10,0.3333333333333333,higher,0.3333333333333333,0.380952380952381
Qwen3-8B,native_thinking,17,6,9,logistic_recall,0.5555555555555556,higher,0.5555555555555556,non_thinking,10,0.4,higher,0.4,0.15555555555555556
Qwen3-8B,native_thinking,17,6,9,logistic_f1,0.625,higher,0.625,non_thinking,10,0.36363636363636365,higher,0.36363636363636365,0.26136363636363635
Qwen3-8B,native_thinking,17,6,9,ncc_recall,0.4444444444444444,higher,0.4444444444444444,non_thinking,10,0.2,higher,0.2,0.2444444444444444
Qwen3-8B,native_thinking,17,6,9,silhouette_cosine,-0.14197617769241333,higher,-0.14197617769241333,non_thinking,10,-0.23440749943256378,higher,-0.23440749943256378,0.09243132174015045
Qwen3-8B,native_thinking,17,6,9,within_trace,1520.31787109375,lower,-1520.31787109375,non_thinking,10,1180.631591796875,lower,-1180.631591796875,-339.686279296875
Qwen3-8B,native_thinking,17,6,9,class_nc1_ratio,7.239118074215976,lower,-7.239118074215976,non_thinking,10,4.3706870394390185,lower,-4.3706870394390185,-2.8684310347769575
Qwen3-8B,native_thinking,17,6,9,centroid_nearest_squared,58.42295837402344,higher,58.42295837402344,non_thinking,10,74.37811279296875,higher,74.37811279296875,-15.955154418945312
Qwen3-8B,native_thinking,17,6,9,fisher_nearest,0.03842812051666056,higher,0.03842812051666056,non_thinking,10,0.06299857915860796,higher,0.06299857915860796,-0.0245704586419474
Qwen3-8B,native_thinking,17,6,9,min_bhattacharyya,0.3058927059173584,higher,0.3058927059173584,non_thinking,10,0.3994496017694473,higher,0.3994496017694473,-0.09355689585208893
Qwen3-8B,native_thinking,17,6,9,mean_bhattacharyya,1.9597803387376997,higher,1.9597803387376997,non_thinking,10,6.5201671537425785,higher,6.5201671537425785,-4.560386815004879
Qwen3-8B,native_thinking,17,6,9,nc2_class_cosine_deviation,0.6282186861391421,lower,-0.6282186861391421,non_thinking,10,0.6224349823630886,lower,-0.6224349823630886,-0.005783703776053528
Qwen3-8B,native_thinking,17,7,9,logistic_precision,0.4375,higher,0.4375,non_thinking,10,0.3333333333333333,higher,0.3333333333333333,0.10416666666666669
Qwen3-8B,native_thinking,17,7,9,logistic_recall,0.7777777777777778,higher,0.7777777777777778,non_thinking,10,0.4,higher,0.4,0.37777777777777777
Qwen3-8B,native_thinking,17,7,9,logistic_f1,0.56,higher,0.56,non_thinking,10,0.36363636363636365,higher,0.36363636363636365,0.1963636363636364
Qwen3-8B,native_thinking,17,7,9,ncc_recall,0.8888888888888888,higher,0.8888888888888888,non_thinking,10,0.3,higher,0.3,0.5888888888888888
Qwen3-8B,native_thinking,17,7,9,silhouette_cosine,-0.11327511817216873,higher,-0.11327511817216873,non_thinking,10,-0.22795967757701874,higher,-0.22795967757701874,0.11468455940485
Qwen3-8B,native_thinking,17,7,9,within_trace,1504.565673828125,lower,-1504.565673828125,non_thinking,10,929.3115844726562,lower,-929.3115844726562,-575.2540893554688
Qwen3-8B,native_thinking,17,7,9,class_nc1_ratio,5.272655280038642,lower,-5.272655280038642,non_thinking,10,2.836018087825052,lower,-2.836018087825052,-2.4366371922135905
Qwen3-8B,native_thinking,17,7,9,centroid_nearest_squared,32.546321868896484,higher,32.546321868896484,non_thinking,10,74.37811279296875,higher,74.37811279296875,-41.831790924072266
Qwen3-8B,native_thinking,17,7,9,fisher_nearest,0.0216317057042034,higher,0.0216317057042034,non_thinking,10,0.08003571034269963,higher,0.08003571034269963,-0.058404004638496224
Qwen3-8B,native_thinking,17,7,9,min_bhattacharyya,0.22760799527168274,higher,0.22760799527168274,non_thinking,10,0.3965790122747421,higher,0.3965790122747421,-0.1689710170030594
Qwen3-8B,native_thinking,17,7,9,mean_bhattacharyya,2.2215666936503515,higher,2.2215666936503515,non_thinking,10,8.370386176639133,higher,8.370386176639133,-6.148819482988782
Qwen3-8B,native_thinking,17,7,9,nc2_class_cosine_deviation,0.598051307010062,lower,-0.598051307010062,non_thinking,10,0.7353238808336082,lower,-0.7353238808336082,0.13727257382354618
Qwen3-8B,native_thinking,17,8,9,logistic_precision,0.375,higher,0.375,non_thinking,10,0.4,higher,0.4,-0.025000000000000022
Qwen3-8B,native_thinking,17,8,9,logistic_recall,0.3333333333333333,higher,0.3333333333333333,non_thinking,10,0.4,higher,0.4,-0.06666666666666671
Qwen3-8B,native_thinking,17,8,9,logistic_f1,0.35294117647058826,higher,0.35294117647058826,non_thinking,10,0.4,higher,0.4,-0.047058823529411764
Qwen3-8B,native_thinking,17,8,9,ncc_recall,0.3333333333333333,higher,0.3333333333333333,non_thinking,10,0.3,higher,0.3,0.033333333333333326
Qwen3-8B,native_thinking,17,8,9,silhouette_cosine,-0.11874353885650635,higher,-0.11874353885650635,non_thinking,10,-0.2241431027650833,higher,-0.2241431027650833,0.10539956390857697
Qwen3-8B,native_thinking,17,8,9,within_trace,1571.173583984375,lower,-1571.173583984375,non_thinking,10,945.07421875,lower,-945.07421875,-626.099365234375
Qwen3-8B,native_thinking,17,8,9,class_nc1_ratio,4.95497620924508,lower,-4.95497620924508,non_thinking,10,1.6450878956381094,lower,-1.6450878956381094,-3.3098883136069706
Qwen3-8B,native_thinking,17,8,9,centroid_nearest_squared,32.546321868896484,higher,32.546321868896484,non_thinking,10,50.37049102783203,higher,50.37049102783203,-17.824169158935547
Qwen3-8B,native_thinking,17,8,9,fisher_nearest,0.020714656993125816,higher,0.020714656993125816,non_thinking,10,0.053297920976465143,higher,0.053297920976465143,-0.03258326398333933
Qwen3-8B,native_thinking,17,8,9,min_bhattacharyya,0.22760799527168274,higher,0.22760799527168274,non_thinking,10,0.25946564972400665,higher,0.25946564972400665,-0.031857654452323914
Qwen3-8B,native_thinking,17,8,9,mean_bhattacharyya,2.2584277523888483,higher,2.2584277523888483,non_thinking,10,9.250150822930866,higher,9.250150822930866,-6.991723070542018
Qwen3-8B,native_thinking,17,8,9,nc2_class_cosine_deviation,0.5871832278775581,lower,-0.5871832278775581,non_thinking,10,0.7333045924013413,lower,-0.7333045924013413,0.14612136452378321
Qwen3-8B,native_thinking,17,9,9,logistic_precision,0.625,higher,0.625,non_thinking,10,0.2857142857142857,higher,0.2857142857142857,0.3392857142857143
Qwen3-8B,native_thinking,17,9,9,logistic_recall,0.5555555555555556,higher,0.5555555555555556,non_thinking,10,0.2,higher,0.2,0.35555555555555557
Qwen3-8B,native_thinking,17,9,9,logistic_f1,0.5882352941176471,higher,0.5882352941176471,non_thinking,10,0.23529411764705882,higher,0.23529411764705882,0.35294117647058826
Qwen3-8B,native_thinking,17,9,9,ncc_recall,0.4444444444444444,higher,0.4444444444444444,non_thinking,10,0.2,higher,0.2,0.2444444444444444
Qwen3-8B,native_thinking,17,9,9,silhouette_cosine,-0.025489605963230133,higher,-0.025489605963230133,non_thinking,10,-0.12000082433223724,higher,-0.12000082433223724,0.09451121836900711
Qwen3-8B,native_thinking,17,9,9,within_trace,1487.03076171875,lower,-1487.03076171875,non_thinking,10,806.4892578125,lower,-806.4892578125,-680.54150390625
Qwen3-8B,native_thinking,17,9,9,class_nc1_ratio,2.7060274963718944,lower,-2.7060274963718944,non_thinking,10,1.0035286858212475,lower,-1.0035286858212475,-1.702498810550647
Qwen3-8B,native_thinking,17,9,9,centroid_nearest_squared,306.53033447265625,higher,306.53033447265625,non_thinking,10,50.37049102783203,higher,50.37049102783203,256.1598434448242
Qwen3-8B,native_thinking,17,9,9,fisher_nearest,0.20613583952921072,higher,0.20613583952921072,non_thinking,10,0.0624564934249163,higher,0.0624564934249163,0.14367934610429442
Qwen3-8B,native_thinking,17,9,9,min_bhattacharyya,0.7842299938201904,higher,0.7842299938201904,non_thinking,10,0.25946564972400665,higher,0.25946564972400665,0.5247643440961838
Qwen3-8B,native_thinking,17,9,9,mean_bhattacharyya,2.650684038798014,higher,2.650684038798014,non_thinking,10,11.130513444542885,higher,11.130513444542885,-8.479829405744871
Qwen3-8B,native_thinking,17,9,9,nc2_class_cosine_deviation,0.4959565608957668,lower,-0.4959565608957668,non_thinking,10,0.7073119470366726,lower,-0.7073119470366726,0.21135538614090577
Qwen3-8B,native_thinking,17,10,9,logistic_precision,0.8571428571428571,higher,0.8571428571428571,non_thinking,10,0.4166666666666667,higher,0.4166666666666667,0.4404761904761904
Qwen3-8B,native_thinking,17,10,9,logistic_recall,0.6666666666666666,higher,0.6666666666666666,non_thinking,10,0.5,higher,0.5,0.16666666666666663
Qwen3-8B,native_thinking,17,10,9,logistic_f1,0.75,higher,0.75,non_thinking,10,0.45454545454545453,higher,0.45454545454545453,0.29545454545454547
Qwen3-8B,native_thinking,17,10,9,ncc_recall,0.8888888888888888,higher,0.8888888888888888,non_thinking,10,0.7,higher,0.7,0.18888888888888888
Qwen3-8B,native_thinking,17,10,9,silhouette_cosine,0.3617410659790039,higher,0.3617410659790039,non_thinking,10,0.004346477333456278,higher,0.004346477333456278,0.35739458864554763
Qwen3-8B,native_thinking,17,10,9,within_trace,1343.8570556640625,lower,-1343.8570556640625,non_thinking,10,737.6358642578125,lower,-737.6358642578125,-606.22119140625
Qwen3-8B,native_thinking,17,10,9,class_nc1_ratio,0.7695399122558442,lower,-0.7695399122558442,non_thinking,10,0.782565562204351,lower,-0.782565562204351,0.013025649948506857
Qwen3-8B,native_thinking,17,10,9,centroid_nearest_squared,1308.26513671875,higher,1308.26513671875,non_thinking,10,69.9139404296875,higher,69.9139404296875,1238.3511962890625
Qwen3-8B,native_thinking,17,10,9,fisher_nearest,0.9735151005865539,higher,0.9735151005865539,non_thinking,10,0.09478110246175848,higher,0.09478110246175848,0.8787339981247954
Qwen3-8B,native_thinking,17,10,9,min_bhattacharyya,2.2425012588500977,higher,2.2425012588500977,non_thinking,10,0.3619425892829895,higher,0.3619425892829895,1.8805586695671082
Qwen3-8B,native_thinking,17,10,9,mean_bhattacharyya,4.47731351852417,higher,4.47731351852417,non_thinking,10,13.00651909576522,higher,13.00651909576522,-8.52920557724105
Qwen3-8B,native_thinking,17,10,9,nc2_class_cosine_deviation,0.36986737578739354,lower,-0.36986737578739354,non_thinking,10,0.6901976322686232,lower,-0.6901976322686232,0.32033025648122965
Qwen3-8B,native_thinking,18,1,10,logistic_precision,0.9090909090909091,higher,0.9090909090909091,non_thinking,10,1.0,higher,1.0,-0.09090909090909094
Qwen3-8B,native_thinking,18,1,10,logistic_recall,1.0,higher,1.0,non_thinking,10,1.0,higher,1.0,0.0
Qwen3-8B,native_thinking,18,1,10,logistic_f1,0.9523809523809523,higher,0.9523809523809523,non_thinking,10,1.0,higher,1.0,-0.04761904761904767
Qwen3-8B,native_thinking,18,1,10,ncc_recall,1.0,higher,1.0,non_thinking,10,1.0,higher,1.0,0.0
Qwen3-8B,native_thinking,18,1,10,silhouette_cosine,0.28770217299461365,higher,0.28770217299461365,non_thinking,10,0.9637026786804199,higher,0.9637026786804199,-0.6760005056858063
Qwen3-8B,native_thinking,18,1,10,within_trace,2143.95458984375,lower,-2143.95458984375,non_thinking,10,193.50552368164062,lower,-193.50552368164062,-1950.4490661621094
Qwen3-8B,native_thinking,18,1,10,class_nc1_ratio,1.1290041379084266,lower,-1.1290041379084266,non_thinking,10,0.024179700746397234,lower,-0.024179700746397234,-1.1048244371620293
Qwen3-8B,native_thinking,18,1,10,centroid_nearest_squared,1796.5194091796875,higher,1796.5194091796875,non_thinking,10,7042.83251953125,higher,7042.83251953125,-5246.3131103515625
Qwen3-8B,native_thinking,18,1,10,fisher_nearest,0.8379465767092654,higher,0.8379465767092654,non_thinking,10,36.39602831761158,higher,36.39602831761158,-35.55808174090232
Qwen3-8B,native_thinking,18,1,10,min_bhattacharyya,3.306037425994873,higher,3.306037425994873,non_thinking,10,31.199079513549805,higher,31.199079513549805,-27.89304208755493
Qwen3-8B,native_thinking,18,1,10,mean_bhattacharyya,6.074617067972819,higher,6.074617067972819,non_thinking,10,51.33368280198839,higher,51.33368280198839,-45.25906573401557
Qwen3-8B,native_thinking,18,1,10,nc2_class_cosine_deviation,0.4202624955387027,lower,-0.4202624955387027,non_thinking,10,0.5291215434302519,lower,-0.5291215434302519,0.10885904789154915
Qwen3-8B,native_thinking,18,2,10,logistic_precision,1.0,higher,1.0,non_thinking,10,1.0,higher,1.0,0.0
Qwen3-8B,native_thinking,18,2,10,logistic_recall,0.9,higher,0.9,non_thinking,10,1.0,higher,1.0,-0.09999999999999998
Qwen3-8B,native_thinking,18,2,10,logistic_f1,0.9473684210526315,higher,0.9473684210526315,non_thinking,10,1.0,higher,1.0,-0.052631578947368474
Qwen3-8B,native_thinking,18,2,10,ncc_recall,0.8,higher,0.8,non_thinking,10,1.0,higher,1.0,-0.19999999999999996
Qwen3-8B,native_thinking,18,2,10,silhouette_cosine,0.09559908509254456,higher,0.09559908509254456,non_thinking,10,0.30124446749687195,higher,0.30124446749687195,-0.2056453824043274
Qwen3-8B,native_thinking,18,2,10,within_trace,1783.48486328125,lower,-1783.48486328125,non_thinking,10,1355.895751953125,lower,-1355.895751953125,-427.589111328125
Qwen3-8B,native_thinking,18,2,10,class_nc1_ratio,2.0944952021912275,lower,-2.0944952021912275,non_thinking,10,0.6167336501471579,lower,-0.6167336501471579,-1.4777615520440697
Qwen3-8B,native_thinking,18,2,10,centroid_nearest_squared,712.3264770507812,higher,712.3264770507812,non_thinking,10,1344.822998046875,higher,1344.822998046875,-632.4965209960938
Qwen3-8B,native_thinking,18,2,10,fisher_nearest,0.399401470523414,higher,0.399401470523414,non_thinking,10,0.9918336244580013,higher,0.9918336244580013,-0.5924321539345873
Qwen3-8B,native_thinking,18,2,10,min_bhattacharyya,1.9968996047973633,higher,1.9968996047973633,non_thinking,10,4.372753858566284,higher,4.372753858566284,-2.375854253768921
Qwen3-8B,native_thinking,18,2,10,mean_bhattacharyya,3.679603656133016,higher,3.679603656133016,non_thinking,10,13.510052495532566,higher,13.510052495532566,-9.83044883939955
Qwen3-8B,native_thinking,18,2,10,nc2_class_cosine_deviation,0.3998176433421947,lower,-0.3998176433421947,non_thinking,10,0.5521690984842953,lower,-0.5521690984842953,0.15235145514210058
Qwen3-8B,native_thinking,18,3,9,logistic_precision,0.8,higher,0.8,non_thinking,10,0.9,higher,0.9,-0.09999999999999998
Qwen3-8B,native_thinking,18,3,9,logistic_recall,0.8888888888888888,higher,0.8888888888888888,non_thinking,10,0.9,higher,0.9,-0.011111111111111183
Qwen3-8B,native_thinking,18,3,9,logistic_f1,0.8421052631578947,higher,0.8421052631578947,non_thinking,10,0.9,higher,0.9,-0.05789473684210533
Qwen3-8B,native_thinking,18,3,9,ncc_recall,0.8888888888888888,higher,0.8888888888888888,non_thinking,10,0.5,higher,0.5,0.38888888888888884
Qwen3-8B,native_thinking,18,3,9,silhouette_cosine,-0.05853067338466644,higher,-0.05853067338466644,non_thinking,10,-0.07190488278865814,higher,-0.07190488278865814,0.0133742094039917
Qwen3-8B,native_thinking,18,3,9,within_trace,1650.4168701171875,lower,-1650.4168701171875,non_thinking,10,1339.307861328125,lower,-1339.307861328125,-311.1090087890625
Qwen3-8B,native_thinking,18,3,9,class_nc1_ratio,4.312643800883417,lower,-4.312643800883417,non_thinking,10,2.2476943982724027,lower,-2.2476943982724027,-2.0649494026110142
Qwen3-8B,native_thinking,18,3,9,centroid_nearest_squared,190.49427795410156,higher,190.49427795410156,non_thinking,10,313.31884765625,higher,313.31884765625,-122.82456970214844
Qwen3-8B,native_thinking,18,3,9,fisher_nearest,0.11542191636745422,higher,0.11542191636745422,non_thinking,10,0.23394087102986708,higher,0.23394087102986708,-0.11851895466241286
Qwen3-8B,native_thinking,18,3,9,min_bhattacharyya,0.6304093301296234,higher,0.6304093301296234,non_thinking,10,0.9045684933662415,higher,0.9045684933662415,-0.27415916323661804
Qwen3-8B,native_thinking,18,3,9,mean_bhattacharyya,2.7783964706791773,higher,2.7783964706791773,non_thinking,10,7.20577820804384,higher,7.20577820804384,-4.427381737364663
Qwen3-8B,native_thinking,18,3,9,nc2_class_cosine_deviation,0.3834020763543653,lower,-0.3834020763543653,non_thinking,10,0.3868221739008103,lower,-0.3868221739008103,0.003420097546445011
Qwen3-8B,native_thinking,18,4,9,logistic_precision,0.7777777777777778,higher,0.7777777777777778,non_thinking,10,0.6,higher,0.6,0.1777777777777778
Qwen3-8B,native_thinking,18,4,9,logistic_recall,0.7777777777777778,higher,0.7777777777777778,non_thinking,10,0.6,higher,0.6,0.1777777777777778
Qwen3-8B,native_thinking,18,4,9,logistic_f1,0.7777777777777778,higher,0.7777777777777778,non_thinking,10,0.6,higher,0.6,0.1777777777777778
Qwen3-8B,native_thinking,18,4,9,ncc_recall,0.6666666666666666,higher,0.6666666666666666,non_thinking,10,0.4,higher,0.4,0.2666666666666666
Qwen3-8B,native_thinking,18,4,9,silhouette_cosine,-0.12584853172302246,higher,-0.12584853172302246,non_thinking,10,-0.22417016327381134,higher,-0.22417016327381134,0.09832163155078888
Qwen3-8B,native_thinking,18,4,9,within_trace,1504.41748046875,lower,-1504.41748046875,non_thinking,10,1229.878662109375,lower,-1229.878662109375,-274.538818359375
Qwen3-8B,native_thinking,18,4,9,class_nc1_ratio,5.293340690154356,lower,-5.293340690154356,non_thinking,10,5.554733721776664,lower,-5.554733721776664,0.2613930316223083
Qwen3-8B,native_thinking,18,4,9,centroid_nearest_squared,82.19461059570312,higher,82.19461059570312,non_thinking,10,173.2242889404297,higher,173.2242889404297,-91.02967834472656
Qwen3-8B,native_thinking,18,4,9,fisher_nearest,0.05463550620941517,higher,0.05463550620941517,non_thinking,10,0.1408466495738135,higher,0.1408466495738135,-0.08621114336439831
Qwen3-8B,native_thinking,18,4,9,min_bhattacharyya,0.3476037383079529,higher,0.3476037383079529,non_thinking,10,0.7119537889957428,higher,0.7119537889957428,-0.3643500506877899
Qwen3-8B,native_thinking,18,4,9,mean_bhattacharyya,2.3191322253810034,higher,2.3191322253810034,non_thinking,10,6.190765642457539,higher,6.190765642457539,-3.871633417076535
Qwen3-8B,native_thinking,18,4,9,nc2_class_cosine_deviation,0.4963979536184559,lower,-0.4963979536184559,non_thinking,10,0.3301411922791122,lower,-0.3301411922791122,-0.1662567613393437
Qwen3-8B,native_thinking,18,5,9,logistic_precision,0.75,higher,0.75,non_thinking,10,0.2857142857142857,higher,0.2857142857142857,0.4642857142857143
Qwen3-8B,native_thinking,18,5,9,logistic_recall,0.6666666666666666,higher,0.6666666666666666,non_thinking,10,0.2,higher,0.2,0.4666666666666666
Qwen3-8B,native_thinking,18,5,9,logistic_f1,0.7058823529411765,higher,0.7058823529411765,non_thinking,10,0.23529411764705882,higher,0.23529411764705882,0.4705882352941177
Qwen3-8B,native_thinking,18,5,9,ncc_recall,0.2222222222222222,higher,0.2222222222222222,non_thinking,10,0.2,higher,0.2,0.0222222222222222
Qwen3-8B,native_thinking,18,5,9,silhouette_cosine,-0.08128505945205688,higher,-0.08128505945205688,non_thinking,10,-0.10721378028392792,higher,-0.10721378028392792,0.025928720831871033
Qwen3-8B,native_thinking,18,5,9,within_trace,1465.712158203125,lower,-1465.712158203125,non_thinking,10,1086.6806640625,lower,-1086.6806640625,-379.031494140625
Qwen3-8B,native_thinking,18,5,9,class_nc1_ratio,5.29762667658774,lower,-5.29762667658774,non_thinking,10,4.671377743684404,lower,-4.671377743684404,-0.6262489329033354
Qwen3-8B,native_thinking,18,5,9,centroid_nearest_squared,82.19461059570312,higher,82.19461059570312,non_thinking,10,151.6002655029297,higher,151.6002655029297,-69.40565490722656
Qwen3-8B,native_thinking,18,5,9,fisher_nearest,0.05607827576218565,higher,0.05607827576218565,non_thinking,10,0.13950764977834415,higher,0.13950764977834415,-0.08342937401615849
Qwen3-8B,native_thinking,18,5,9,min_bhattacharyya,0.3350556939840317,higher,0.3350556939840317,non_thinking,10,0.7119537889957428,higher,0.7119537889957428,-0.3768980950117111
Qwen3-8B,native_thinking,18,5,9,mean_bhattacharyya,2.2730080071422787,higher,2.2730080071422787,non_thinking,10,8.129750430583954,higher,8.129750430583954,-5.856742423441675
Qwen3-8B,native_thinking,18,5,9,nc2_class_cosine_deviation,0.5665093136054499,lower,-0.5665093136054499,non_thinking,10,0.6447510607080695,lower,-0.6447510607080695,0.07824174710261966
Qwen3-8B,native_thinking,18,6,9,logistic_precision,0.75,higher,0.75,non_thinking,10,0.2222222222222222,higher,0.2222222222222222,0.5277777777777778
Qwen3-8B,native_thinking,18,6,9,logistic_recall,0.3333333333333333,higher,0.3333333333333333,non_thinking,10,0.2,higher,0.2,0.1333333333333333
Qwen3-8B,native_thinking,18,6,9,logistic_f1,0.46153846153846156,higher,0.46153846153846156,non_thinking,10,0.21052631578947367,higher,0.21052631578947367,0.2510121457489879
Qwen3-8B,native_thinking,18,6,9,ncc_recall,0.4444444444444444,higher,0.4444444444444444,non_thinking,10,0.2,higher,0.2,0.2444444444444444
Qwen3-8B,native_thinking,18,6,9,silhouette_cosine,-0.1379632204771042,higher,-0.1379632204771042,non_thinking,10,-0.23028802871704102,higher,-0.23028802871704102,0.09232480823993683
Qwen3-8B,native_thinking,18,6,9,within_trace,1389.9783935546875,lower,-1389.9783935546875,non_thinking,10,1158.879150390625,lower,-1158.879150390625,-231.0992431640625
Qwen3-8B,native_thinking,18,6,9,class_nc1_ratio,6.133616415337425,lower,-6.133616415337425,non_thinking,10,4.1153138440682495,lower,-4.1153138440682495,-2.0183025712691753
Qwen3-8B,native_thinking,18,6,9,centroid_nearest_squared,58.100852966308594,higher,58.100852966308594,non_thinking,10,74.21949768066406,higher,74.21949768066406,-16.11864471435547
Qwen3-8B,native_thinking,18,6,9,fisher_nearest,0.04179982454095799,higher,0.04179982454095799,non_thinking,10,0.06404420828146472,higher,0.06404420828146472,-0.022244383740506725
Qwen3-8B,native_thinking,18,6,9,min_bhattacharyya,0.2765387296676636,higher,0.2765387296676636,non_thinking,10,0.4993865489959717,higher,0.4993865489959717,-0.2228478193283081
Qwen3-8B,native_thinking,18,6,9,mean_bhattacharyya,2.145746984415584,higher,2.145746984415584,non_thinking,10,6.356005794472164,higher,6.356005794472164,-4.21025881005658
Qwen3-8B,native_thinking,18,6,9,nc2_class_cosine_deviation,0.6103834565039035,lower,-0.6103834565039035,non_thinking,10,0.6176746309171488,lower,-0.6176746309171488,0.007291174413245338
Qwen3-8B,native_thinking,18,7,9,logistic_precision,0.4117647058823529,higher,0.4117647058823529,non_thinking,10,0.36363636363636365,higher,0.36363636363636365,0.048128342245989275
Qwen3-8B,native_thinking,18,7,9,logistic_recall,0.7777777777777778,higher,0.7777777777777778,non_thinking,10,0.4,higher,0.4,0.37777777777777777
Qwen3-8B,native_thinking,18,7,9,logistic_f1,0.5384615384615384,higher,0.5384615384615384,non_thinking,10,0.38095238095238093,higher,0.38095238095238093,0.1575091575091575
Qwen3-8B,native_thinking,18,7,9,ncc_recall,0.8888888888888888,higher,0.8888888888888888,non_thinking,10,0.2,higher,0.2,0.6888888888888889
Qwen3-8B,native_thinking,18,7,9,silhouette_cosine,-0.1259123831987381,higher,-0.1259123831987381,non_thinking,10,-0.22289545834064484,higher,-0.22289545834064484,0.09698307514190674
Qwen3-8B,native_thinking,18,7,9,within_trace,1384.919189453125,lower,-1384.919189453125,non_thinking,10,880.97314453125,lower,-880.97314453125,-503.946044921875
Qwen3-8B,native_thinking,18,7,9,class_nc1_ratio,4.771951413867076,lower,-4.771951413867076,non_thinking,10,2.6295392997932945,lower,-2.6295392997932945,-2.1424121140737817
Qwen3-8B,native_thinking,18,7,9,centroid_nearest_squared,33.55392837524414,higher,33.55392837524414,non_thinking,10,74.21949768066406,higher,74.21949768066406,-40.66556930541992
Qwen3-8B,native_thinking,18,7,9,fisher_nearest,0.024228076721569486,higher,0.024228076721569486,non_thinking,10,0.08424717386834184,higher,0.08424717386834184,-0.06001909714677235
Qwen3-8B,native_thinking,18,7,9,min_bhattacharyya,0.2459089681506157,higher,0.2459089681506157,non_thinking,10,0.4378804415464401,higher,0.4378804415464401,-0.19197147339582443
Qwen3-8B,native_thinking,18,7,9,mean_bhattacharyya,2.3801311312450304,higher,2.3801311312450304,non_thinking,10,8.825238381822905,higher,8.825238381822905,-6.445107250577874
Qwen3-8B,native_thinking,18,7,9,nc2_class_cosine_deviation,0.6039082746446869,lower,-0.6039082746446869,non_thinking,10,0.7317541768705405,lower,-0.7317541768705405,0.12784590222585357
Qwen3-8B,native_thinking,18,8,9,logistic_precision,0.5,higher,0.5,non_thinking,10,0.5,higher,0.5,0.0
Qwen3-8B,native_thinking,18,8,9,logistic_recall,0.5555555555555556,higher,0.5555555555555556,non_thinking,10,0.6,higher,0.6,-0.0444444444444444
Qwen3-8B,native_thinking,18,8,9,logistic_f1,0.5263157894736842,higher,0.5263157894736842,non_thinking,10,0.5454545454545454,higher,0.5454545454545454,-0.019138755980861233
Qwen3-8B,native_thinking,18,8,9,ncc_recall,0.2222222222222222,higher,0.2222222222222222,non_thinking,10,0.3,higher,0.3,-0.07777777777777778
Qwen3-8B,native_thinking,18,8,9,silhouette_cosine,-0.10853289812803268,higher,-0.10853289812803268,non_thinking,10,-0.2370080202817917,higher,-0.2370080202817917,0.128475122153759
Qwen3-8B,native_thinking,18,8,9,within_trace,1433.8607177734375,lower,-1433.8607177734375,non_thinking,10,928.7088623046875,lower,-928.7088623046875,-505.15185546875
Qwen3-8B,native_thinking,18,8,9,class_nc1_ratio,4.151297328431858,lower,-4.151297328431858,non_thinking,10,1.687701520722134,lower,-1.687701520722134,-2.463595807709724
Qwen3-8B,native_thinking,18,8,9,centroid_nearest_squared,33.55392837524414,higher,33.55392837524414,non_thinking,10,49.876129150390625,higher,49.876129150390625,-16.322200775146484
Qwen3-8B,native_thinking,18,8,9,fisher_nearest,0.023401107206108673,higher,0.023401107206108673,non_thinking,10,0.05370480585984485,higher,0.05370480585984485,-0.030303698653736177
Qwen3-8B,native_thinking,18,8,9,min_bhattacharyya,0.2459089681506157,higher,0.2459089681506157,non_thinking,10,0.25729959458112717,higher,0.25729959458112717,-0.011390626430511475
Qwen3-8B,native_thinking,18,8,9,mean_bhattacharyya,2.459103590084447,higher,2.459103590084447,non_thinking,10,8.842268547250164,higher,8.842268547250164,-6.383164957165717
Qwen3-8B,native_thinking,18,8,9,nc2_class_cosine_deviation,0.5857265855611107,lower,-0.5857265855611107,non_thinking,10,0.7389040379612535,lower,-0.7389040379612535,0.1531774524001428
Qwen3-8B,native_thinking,18,9,9,logistic_precision,0.7142857142857143,higher,0.7142857142857143,non_thinking,10,0.3333333333333333,higher,0.3333333333333333,0.380952380952381
Qwen3-8B,native_thinking,18,9,9,logistic_recall,0.5555555555555556,higher,0.5555555555555556,non_thinking,10,0.3,higher,0.3,0.2555555555555556
Qwen3-8B,native_thinking,18,9,9,logistic_f1,0.625,higher,0.625,non_thinking,10,0.3157894736842105,higher,0.3157894736842105,0.3092105263157895
Qwen3-8B,native_thinking,18,9,9,ncc_recall,0.4444444444444444,higher,0.4444444444444444,non_thinking,10,0.2,higher,0.2,0.2444444444444444
Qwen3-8B,native_thinking,18,9,9,silhouette_cosine,-0.020632989704608917,higher,-0.020632989704608917,non_thinking,10,-0.12369763851165771,higher,-0.12369763851165771,0.1030646488070488
Qwen3-8B,native_thinking,18,9,9,within_trace,1301.04541015625,lower,-1301.04541015625,non_thinking,10,796.5311279296875,lower,-796.5311279296875,-504.5142822265625
Qwen3-8B,native_thinking,18,9,9,class_nc1_ratio,2.439063169842306,lower,-2.439063169842306,non_thinking,10,1.0306457815683503,lower,-1.0306457815683503,-1.4084173882739557
Qwen3-8B,native_thinking,18,9,9,centroid_nearest_squared,253.406982421875,higher,253.406982421875,non_thinking,10,49.876129150390625,higher,49.876129150390625,203.53085327148438
Qwen3-8B,native_thinking,18,9,9,fisher_nearest,0.19477181998700716,higher,0.19477181998700716,non_thinking,10,0.0626166729730032,higher,0.0626166729730032,0.13215514701400394
Qwen3-8B,native_thinking,18,9,9,min_bhattacharyya,0.7368084788322449,higher,0.7368084788322449,non_thinking,10,0.25729959458112717,higher,0.25729959458112717,0.4795088842511177
Qwen3-8B,native_thinking,18,9,9,mean_bhattacharyya,2.986908237139384,higher,2.986908237139384,non_thinking,10,10.9534095103542,higher,10.9534095103542,-7.966501273214817
Qwen3-8B,native_thinking,18,9,9,nc2_class_cosine_deviation,0.4904564013819635,lower,-0.4904564013819635,non_thinking,10,0.7102862684815019,lower,-0.7102862684815019,0.2198298670995384
Qwen3-8B,native_thinking,18,10,9,logistic_precision,1.0,higher,1.0,non_thinking,10,0.4166666666666667,higher,0.4166666666666667,0.5833333333333333
Qwen3-8B,native_thinking,18,10,9,logistic_recall,0.7777777777777778,higher,0.7777777777777778,non_thinking,10,0.5,higher,0.5,0.2777777777777778
Qwen3-8B,native_thinking,18,10,9,logistic_f1,0.875,higher,0.875,non_thinking,10,0.45454545454545453,higher,0.45454545454545453,0.42045454545454547
Qwen3-8B,native_thinking,18,10,9,ncc_recall,0.8888888888888888,higher,0.8888888888888888,non_thinking,10,0.7,higher,0.7,0.18888888888888888
Qwen3-8B,native_thinking,18,10,9,silhouette_cosine,0.4459341764450073,higher,0.4459341764450073,non_thinking,10,-0.004720406141132116,higher,-0.004720406141132116,0.45065458258613944
Qwen3-8B,native_thinking,18,10,9,within_trace,1293.5938720703125,lower,-1293.5938720703125,non_thinking,10,702.79296875,lower,-702.79296875,-590.8009033203125
Qwen3-8B,native_thinking,18,10,9,class_nc1_ratio,0.6692108771103916,lower,-0.6692108771103916,non_thinking,10,0.7993195185559937,lower,-0.7993195185559937,0.13010864144560208
Qwen3-8B,native_thinking,18,10,9,centroid_nearest_squared,1675.93359375,higher,1675.93359375,non_thinking,10,65.27508544921875,higher,65.27508544921875,1610.6585083007812
Qwen3-8B,native_thinking,18,10,9,fisher_nearest,1.2955639555309408,higher,1.2955639555309408,non_thinking,10,0.09287953686463052,higher,0.09287953686463052,1.2026844186663104
Qwen3-8B,native_thinking,18,10,9,min_bhattacharyya,2.9983291625976562,higher,2.9983291625976562,non_thinking,10,0.3342699855566025,higher,0.3342699855566025,2.6640591770410538
Qwen3-8B,native_thinking,18,10,9,mean_bhattacharyya,4.989992486106025,higher,4.989992486106025,non_thinking,10,12.759210323294004,higher,12.759210323294004,-7.76921783718798
Qwen3-8B,native_thinking,18,10,9,nc2_class_cosine_deviation,0.34252219941513035,lower,-0.34252219941513035,non_thinking,10,0.6995432796301666,lower,-0.6995432796301666,0.35702108021503626
Qwen3-8B,native_thinking,19,1,10,logistic_precision,1.0,higher,1.0,non_thinking,10,1.0,higher,1.0,0.0
Qwen3-8B,native_thinking,19,1,10,logistic_recall,1.0,higher,1.0,non_thinking,10,1.0,higher,1.0,0.0
Qwen3-8B,native_thinking,19,1,10,logistic_f1,1.0,higher,1.0,non_thinking,10,1.0,higher,1.0,0.0
Qwen3-8B,native_thinking,19,1,10,ncc_recall,0.9,higher,0.9,non_thinking,10,1.0,higher,1.0,-0.09999999999999998
Qwen3-8B,native_thinking,19,1,10,silhouette_cosine,0.3094678521156311,higher,0.3094678521156311,non_thinking,10,0.9696493148803711,higher,0.9696493148803711,-0.66018146276474
Qwen3-8B,native_thinking,19,1,10,within_trace,2004.6279296875,lower,-2004.6279296875,non_thinking,10,175.07345581054688,lower,-175.07345581054688,-1829.5544738769531
Qwen3-8B,native_thinking,19,1,10,class_nc1_ratio,1.0735514402525823,lower,-1.0735514402525823,non_thinking,10,0.021856793590499402,lower,-0.021856793590499402,-1.051694646662083
Qwen3-8B,native_thinking,19,1,10,centroid_nearest_squared,1807.438720703125,higher,1807.438720703125,non_thinking,10,7921.66162109375,higher,7921.66162109375,-6114.222900390625
Qwen3-8B,native_thinking,19,1,10,fisher_nearest,0.9016330132569216,higher,0.9016330132569216,non_thinking,10,45.247645249352125,higher,45.247645249352125,-44.346012236095206
Qwen3-8B,native_thinking,19,1,10,min_bhattacharyya,3.62794828414917,higher,3.62794828414917,non_thinking,10,42.36431694030762,higher,42.36431694030762,-38.73636865615845
Qwen3-8B,native_thinking,19,1,10,mean_bhattacharyya,6.880353768666585,higher,6.880353768666585,non_thinking,10,69.74206585354275,higher,69.74206585354275,-62.86171208487617
Qwen3-8B,native_thinking,19,1,10,nc2_class_cosine_deviation,0.4293428869159133,lower,-0.4293428869159133,non_thinking,10,0.5142665520126437,lower,-0.5142665520126437,0.08492366509673038
Qwen3-8B,native_thinking,19,2,10,logistic_precision,1.0,higher,1.0,non_thinking,10,1.0,higher,1.0,0.0
Qwen3-8B,native_thinking,19,2,10,logistic_recall,1.0,higher,1.0,non_thinking,10,1.0,higher,1.0,0.0
Qwen3-8B,native_thinking,19,2,10,logistic_f1,1.0,higher,1.0,non_thinking,10,1.0,higher,1.0,0.0
Qwen3-8B,native_thinking,19,2,10,ncc_recall,0.9,higher,0.9,non_thinking,10,1.0,higher,1.0,-0.09999999999999998
Qwen3-8B,native_thinking,19,2,10,silhouette_cosine,0.1282719075679779,higher,0.1282719075679779,non_thinking,10,0.41210803389549255,higher,0.41210803389549255,-0.28383612632751465
Qwen3-8B,native_thinking,19,2,10,within_trace,1557.0626220703125,lower,-1557.0626220703125,non_thinking,10,1283.14404296875,lower,-1283.14404296875,-273.9185791015625
Qwen3-8B,native_thinking,19,2,10,class_nc1_ratio,1.842689242489723,lower,-1.842689242489723,non_thinking,10,0.5342520485320518,lower,-0.5342520485320518,-1.3084371939576713
Qwen3-8B,native_thinking,19,2,10,centroid_nearest_squared,708.4695434570312,higher,708.4695434570312,non_thinking,10,1481.845947265625,higher,1481.845947265625,-773.3764038085938
Qwen3-8B,native_thinking,19,2,10,fisher_nearest,0.45500388578786316,higher,0.45500388578786316,non_thinking,10,1.1548554937270703,higher,1.1548554937270703,-0.6998516079392072
Qwen3-8B,native_thinking,19,2,10,min_bhattacharyya,1.9823927879333496,higher,1.9823927879333496,non_thinking,10,5.253922462463379,higher,5.253922462463379,-3.2715296745300293
Qwen3-8B,native_thinking,19,2,10,mean_bhattacharyya,4.265559408399794,higher,4.265559408399794,non_thinking,10,16.678422609965008,higher,16.678422609965008,-12.412863201565214
Qwen3-8B,native_thinking,19,2,10,nc2_class_cosine_deviation,0.3956082863388238,lower,-0.3956082863388238,non_thinking,10,0.533504338176162,lower,-0.533504338176162,0.13789605183733827
Qwen3-8B,native_thinking,19,3,9,logistic_precision,1.0,higher,1.0,non_thinking,10,0.9,higher,0.9,0.09999999999999998
Qwen3-8B,native_thinking,19,3,9,logistic_recall,1.0,higher,1.0,non_thinking,10,0.9,higher,0.9,0.09999999999999998
Qwen3-8B,native_thinking,19,3,9,logistic_f1,1.0,higher,1.0,non_thinking,10,0.9,higher,0.9,0.09999999999999998
Qwen3-8B,native_thinking,19,3,9,ncc_recall,0.7777777777777778,higher,0.7777777777777778,non_thinking,10,0.6,higher,0.6,0.1777777777777778
Qwen3-8B,native_thinking,19,3,9,silhouette_cosine,-0.041424237191677094,higher,-0.041424237191677094,non_thinking,10,0.00871641281992197,higher,0.00871641281992197,-0.050140650011599064
Qwen3-8B,native_thinking,19,3,9,within_trace,1516.916259765625,lower,-1516.916259765625,non_thinking,10,1164.376708984375,lower,-1164.376708984375,-352.53955078125
Qwen3-8B,native_thinking,19,3,9,class_nc1_ratio,4.180059514271913,lower,-4.180059514271913,non_thinking,10,1.7656995848697266,lower,-1.7656995848697266,-2.4143599294021865
Qwen3-8B,native_thinking,19,3,9,centroid_nearest_squared,220.27975463867188,higher,220.27975463867188,non_thinking,10,335.632080078125,higher,335.632080078125,-115.35232543945312
Qwen3-8B,native_thinking,19,3,9,fisher_nearest,0.14521550100116057,higher,0.14521550100116057,non_thinking,10,0.288250424015162,higher,0.288250424015162,-0.14303492301400142
Qwen3-8B,native_thinking,19,3,9,min_bhattacharyya,0.7667289972305298,higher,0.7667289972305298,non_thinking,10,1.1091123223304749,higher,1.1091123223304749,-0.34238332509994507
Qwen3-8B,native_thinking,19,3,9,mean_bhattacharyya,3.127446797158983,higher,3.127446797158983,non_thinking,10,8.977510882748497,higher,8.977510882748497,-5.850064085589514
Qwen3-8B,native_thinking,19,3,9,nc2_class_cosine_deviation,0.3932814733757649,lower,-0.3932814733757649,non_thinking,10,0.39473255153423475,lower,-0.39473255153423475,0.001451078158469843
Qwen3-8B,native_thinking,19,4,9,logistic_precision,1.0,higher,1.0,non_thinking,10,0.6666666666666666,higher,0.6666666666666666,0.33333333333333337
Qwen3-8B,native_thinking,19,4,9,logistic_recall,0.8888888888888888,higher,0.8888888888888888,non_thinking,10,0.6,higher,0.6,0.28888888888888886
Qwen3-8B,native_thinking,19,4,9,logistic_f1,0.9411764705882353,higher,0.9411764705882353,non_thinking,10,0.631578947368421,higher,0.631578947368421,0.30959752321981426
Qwen3-8B,native_thinking,19,4,9,ncc_recall,0.4444444444444444,higher,0.4444444444444444,non_thinking,10,0.5,higher,0.5,-0.05555555555555558
Qwen3-8B,native_thinking,19,4,9,silhouette_cosine,-0.11268916726112366,higher,-0.11268916726112366,non_thinking,10,-0.18640166521072388,higher,-0.18640166521072388,0.07371249794960022
Qwen3-8B,native_thinking,19,4,9,within_trace,1409.304931640625,lower,-1409.304931640625,non_thinking,10,1102.599609375,lower,-1102.599609375,-306.705322265625
Qwen3-8B,native_thinking,19,4,9,class_nc1_ratio,4.722735483211137,lower,-4.722735483211137,non_thinking,10,4.55697746627006,lower,-4.55697746627006,-0.16575801694107728
Qwen3-8B,native_thinking,19,4,9,centroid_nearest_squared,84.40678405761719,higher,84.40678405761719,non_thinking,10,177.36669921875,higher,177.36669921875,-92.95991516113281
Qwen3-8B,native_thinking,19,4,9,fisher_nearest,0.05989249179690024,higher,0.05989249179690024,non_thinking,10,0.16086229099907712,higher,0.16086229099907712,-0.10096979920217689
Qwen3-8B,native_thinking,19,4,9,min_bhattacharyya,0.36814580857753754,higher,0.36814580857753754,non_thinking,10,0.8485986888408661,higher,0.8485986888408661,-0.48045288026332855
Qwen3-8B,native_thinking,19,4,9,mean_bhattacharyya,2.6119805756542416,higher,2.6119805756542416,non_thinking,10,8.158544225825203,higher,8.158544225825203,-5.546563650170961
Qwen3-8B,native_thinking,19,4,9,nc2_class_cosine_deviation,0.498841316887626,lower,-0.498841316887626,non_thinking,10,0.34315217553097527,lower,-0.34315217553097527,-0.15568914135665074
Qwen3-8B,native_thinking,19,5,9,logistic_precision,0.5555555555555556,higher,0.5555555555555556,non_thinking,10,0.4,higher,0.4,0.15555555555555556
Qwen3-8B,native_thinking,19,5,9,logistic_recall,0.5555555555555556,higher,0.5555555555555556,non_thinking,10,0.4,higher,0.4,0.15555555555555556
Qwen3-8B,native_thinking,19,5,9,logistic_f1,0.5555555555555556,higher,0.5555555555555556,non_thinking,10,0.4,higher,0.4,0.15555555555555556
Qwen3-8B,native_thinking,19,5,9,ncc_recall,0.1111111111111111,higher,0.1111111111111111,non_thinking,10,0.2,higher,0.2,-0.0888888888888889
Qwen3-8B,native_thinking,19,5,9,silhouette_cosine,-0.07541688531637192,higher,-0.07541688531637192,non_thinking,10,-0.11228277534246445,higher,-0.11228277534246445,0.03686589002609253
Qwen3-8B,native_thinking,19,5,9,within_trace,1372.540771484375,lower,-1372.540771484375,non_thinking,10,968.1067504882812,lower,-968.1067504882812,-404.43402099609375
Qwen3-8B,native_thinking,19,5,9,class_nc1_ratio,4.898828648013812,lower,-4.898828648013812,non_thinking,10,4.373051320514969,lower,-4.373051320514969,-0.5257773274988438
Qwen3-8B,native_thinking,19,5,9,centroid_nearest_squared,73.71755981445312,higher,73.71755981445312,non_thinking,10,103.49606323242188,higher,103.49606323242188,-29.77850341796875
Qwen3-8B,native_thinking,19,5,9,fisher_nearest,0.053708830619821284,higher,0.053708830619821284,non_thinking,10,0.10690563120257333,higher,0.10690563120257333,-0.05319680058275205
Qwen3-8B,native_thinking,19,5,9,min_bhattacharyya,0.3013598769903183,higher,0.3013598769903183,non_thinking,10,0.8437367379665375,higher,0.8437367379665375,-0.5423768609762192
Qwen3-8B,native_thinking,19,5,9,mean_bhattacharyya,2.56020834379726,higher,2.56020834379726,non_thinking,10,10.30220541689131,higher,10.30220541689131,-7.7419970730940495
Qwen3-8B,native_thinking,19,5,9,nc2_class_cosine_deviation,0.5745826576043059,lower,-0.5745826576043059,non_thinking,10,0.6615561681029237,lower,-0.6615561681029237,0.08697351049861779
Qwen3-8B,native_thinking,19,6,9,logistic_precision,0.4444444444444444,higher,0.4444444444444444,non_thinking,10,0.2727272727272727,higher,0.2727272727272727,0.1717171717171717
Qwen3-8B,native_thinking,19,6,9,logistic_recall,0.4444444444444444,higher,0.4444444444444444,non_thinking,10,0.3,higher,0.3,0.14444444444444443
Qwen3-8B,native_thinking,19,6,9,logistic_f1,0.4444444444444444,higher,0.4444444444444444,non_thinking,10,0.2857142857142857,higher,0.2857142857142857,0.15873015873015872
Qwen3-8B,native_thinking,19,6,9,ncc_recall,0.3333333333333333,higher,0.3333333333333333,non_thinking,10,0.2,higher,0.2,0.1333333333333333
Qwen3-8B,native_thinking,19,6,9,silhouette_cosine,-0.12180251628160477,higher,-0.12180251628160477,non_thinking,10,-0.27153706550598145,higher,-0.27153706550598145,0.14973454922437668
Qwen3-8B,native_thinking,19,6,9,within_trace,1334.01416015625,lower,-1334.01416015625,non_thinking,10,1014.271728515625,lower,-1014.271728515625,-319.742431640625
Qwen3-8B,native_thinking,19,6,9,class_nc1_ratio,5.790407913430543,lower,-5.790407913430543,non_thinking,10,4.150777639377177,lower,-4.150777639377177,-1.6396302740533661
Qwen3-8B,native_thinking,19,6,9,centroid_nearest_squared,23.340965270996094,higher,23.340965270996094,non_thinking,10,66.59674072265625,higher,66.59674072265625,-43.255775451660156
Qwen3-8B,native_thinking,19,6,9,fisher_nearest,0.017496789740419412,higher,0.017496789740419412,non_thinking,10,0.0656596638261029,higher,0.0656596638261029,-0.04816287408568349
Qwen3-8B,native_thinking,19,6,9,min_bhattacharyya,0.21289101243019104,higher,0.21289101243019104,non_thinking,10,0.6416352689266205,higher,0.6416352689266205,-0.42874425649642944
Qwen3-8B,native_thinking,19,6,9,mean_bhattacharyya,2.392892971634865,higher,2.392892971634865,non_thinking,10,8.04307339588801,higher,8.04307339588801,-5.650180424253145
Qwen3-8B,native_thinking,19,6,9,nc2_class_cosine_deviation,0.6482619843273252,lower,-0.6482619843273252,non_thinking,10,0.6519535063409511,lower,-0.6519535063409511,0.003691522013625881
Qwen3-8B,native_thinking,19,7,9,logistic_precision,0.35294117647058826,higher,0.35294117647058826,non_thinking,10,0.4,higher,0.4,-0.047058823529411764
Qwen3-8B,native_thinking,19,7,9,logistic_recall,0.6666666666666666,higher,0.6666666666666666,non_thinking,10,0.2,higher,0.2,0.4666666666666666
Qwen3-8B,native_thinking,19,7,9,logistic_f1,0.46153846153846156,higher,0.46153846153846156,non_thinking,10,0.26666666666666666,higher,0.26666666666666666,0.1948717948717949
Qwen3-8B,native_thinking,19,7,9,ncc_recall,0.6666666666666666,higher,0.6666666666666666,non_thinking,10,0.3,higher,0.3,0.36666666666666664
Qwen3-8B,native_thinking,19,7,9,silhouette_cosine,-0.13920311629772186,higher,-0.13920311629772186,non_thinking,10,-0.25924235582351685,higher,-0.25924235582351685,0.12003923952579498
Qwen3-8B,native_thinking,19,7,9,within_trace,1290.3883056640625,lower,-1290.3883056640625,non_thinking,10,765.33740234375,lower,-765.33740234375,-525.0509033203125
Qwen3-8B,native_thinking,19,7,9,class_nc1_ratio,5.479302742116372,lower,-5.479302742116372,non_thinking,10,2.363012250417107,lower,-2.363012250417107,-3.1162904916992646
Qwen3-8B,native_thinking,19,7,9,centroid_nearest_squared,23.340965270996094,higher,23.340965270996094,non_thinking,10,66.59674072265625,higher,66.59674072265625,-43.255775451660156
Qwen3-8B,native_thinking,19,7,9,fisher_nearest,0.018088326721919814,higher,0.018088326721919814,non_thinking,10,0.08701618465099453,higher,0.08701618465099453,-0.06892785792907472
Qwen3-8B,native_thinking,19,7,9,min_bhattacharyya,0.21289101243019104,higher,0.21289101243019104,non_thinking,10,0.5338322520256042,higher,0.5338322520256042,-0.3209412395954132
Qwen3-8B,native_thinking,19,7,9,mean_bhattacharyya,2.5324420059720674,higher,2.5324420059720674,non_thinking,10,12.17818910214636,higher,12.17818910214636,-9.645747096174293
Qwen3-8B,native_thinking,19,7,9,nc2_class_cosine_deviation,0.6250857718196916,lower,-0.6250857718196916,non_thinking,10,0.7297011983615381,lower,-0.7297011983615381,0.10461542654184652
Qwen3-8B,native_thinking,19,8,9,logistic_precision,0.6,higher,0.6,non_thinking,10,0.375,higher,0.375,0.22499999999999998
Qwen3-8B,native_thinking,19,8,9,logistic_recall,0.3333333333333333,higher,0.3333333333333333,non_thinking,10,0.6,higher,0.6,-0.26666666666666666
Qwen3-8B,native_thinking,19,8,9,logistic_f1,0.42857142857142855,higher,0.42857142857142855,non_thinking,10,0.46153846153846156,higher,0.46153846153846156,-0.032967032967033016
Qwen3-8B,native_thinking,19,8,9,ncc_recall,0.3333333333333333,higher,0.3333333333333333,non_thinking,10,0.3,higher,0.3,0.033333333333333326
Qwen3-8B,native_thinking,19,8,9,silhouette_cosine,-0.09719338268041611,higher,-0.09719338268041611,non_thinking,10,-0.2555519938468933,higher,-0.2555519938468933,0.1583586111664772
Qwen3-8B,native_thinking,19,8,9,within_trace,1314.3984375,lower,-1314.3984375,non_thinking,10,815.0548706054688,lower,-815.0548706054688,-499.34356689453125
Qwen3-8B,native_thinking,19,8,9,class_nc1_ratio,4.038089675970038,lower,-4.038089675970038,non_thinking,10,1.5697754320320831,lower,-1.5697754320320831,-2.4683142439379555
Qwen3-8B,native_thinking,19,8,9,centroid_nearest_squared,36.995750427246094,higher,36.995750427246094,non_thinking,10,49.8064079284668,higher,49.8064079284668,-12.810657501220703
Qwen3-8B,native_thinking,19,8,9,fisher_nearest,0.028146526480670814,higher,0.028146526480670814,non_thinking,10,0.06110804281369153,higher,0.06110804281369153,-0.03296151633302072
Qwen3-8B,native_thinking,19,8,9,min_bhattacharyya,0.3141770586371422,higher,0.3141770586371422,non_thinking,10,0.39683692157268524,higher,0.39683692157268524,-0.08265986293554306
Qwen3-8B,native_thinking,19,8,9,mean_bhattacharyya,2.8601030798421965,higher,2.8601030798421965,non_thinking,10,10.964498014913666,higher,10.964498014913666,-8.104394935071468
Qwen3-8B,native_thinking,19,8,9,nc2_class_cosine_deviation,0.5954246859491608,lower,-0.5954246859491608,non_thinking,10,0.7331030390880726,lower,-0.7331030390880726,0.13767835313891186
Qwen3-8B,native_thinking,19,9,9,logistic_precision,0.75,higher,0.75,non_thinking,10,0.16666666666666666,higher,0.16666666666666666,0.5833333333333334
Qwen3-8B,native_thinking,19,9,9,logistic_recall,0.6666666666666666,higher,0.6666666666666666,non_thinking,10,0.1,higher,0.1,0.5666666666666667
Qwen3-8B,native_thinking,19,9,9,logistic_f1,0.7058823529411765,higher,0.7058823529411765,non_thinking,10,0.125,higher,0.125,0.5808823529411765
Qwen3-8B,native_thinking,19,9,9,ncc_recall,0.5555555555555556,higher,0.5555555555555556,non_thinking,10,0.2,higher,0.2,0.35555555555555557
Qwen3-8B,native_thinking,19,9,9,silhouette_cosine,0.004395416937768459,higher,0.004395416937768459,non_thinking,10,-0.11028413474559784,higher,-0.11028413474559784,0.1146795516833663
Qwen3-8B,native_thinking,19,9,9,within_trace,1202.22314453125,lower,-1202.22314453125,non_thinking,10,646.439208984375,lower,-646.439208984375,-555.783935546875
Qwen3-8B,native_thinking,19,9,9,class_nc1_ratio,2.2574765010255473,lower,-2.2574765010255473,non_thinking,10,0.8863474880248118,lower,-0.8863474880248118,-1.3711290130007354
Qwen3-8B,native_thinking,19,9,9,centroid_nearest_squared,224.2274627685547,higher,224.2274627685547,non_thinking,10,49.8064079284668,higher,49.8064079284668,174.4210548400879
Qwen3-8B,native_thinking,19,9,9,fisher_nearest,0.18651068546511934,higher,0.18651068546511934,non_thinking,10,0.07704731896865906,higher,0.07704731896865906,0.10946336649646028
Qwen3-8B,native_thinking,19,9,9,min_bhattacharyya,0.7954811453819275,higher,0.7954811453819275,non_thinking,10,0.39683692157268524,higher,0.39683692157268524,0.39864422380924225
Qwen3-8B,native_thinking,19,9,9,mean_bhattacharyya,3.4114823937416077,higher,3.4114823937416077,non_thinking,10,14.879748803046015,higher,14.879748803046015,-11.468266409304407
Qwen3-8B,native_thinking,19,9,9,nc2_class_cosine_deviation,0.49046062751684655,lower,-0.49046062751684655,non_thinking,10,0.6989572401399966,lower,-0.6989572401399966,0.20849661262315006
Qwen3-8B,native_thinking,19,10,9,logistic_precision,1.0,higher,1.0,non_thinking,10,0.5384615384615384,higher,0.5384615384615384,0.46153846153846156
Qwen3-8B,native_thinking,19,10,9,logistic_recall,0.7777777777777778,higher,0.7777777777777778,non_thinking,10,0.7,higher,0.7,0.07777777777777783
Qwen3-8B,native_thinking,19,10,9,logistic_f1,0.875,higher,0.875,non_thinking,10,0.6086956521739131,higher,0.6086956521739131,0.2663043478260869
Qwen3-8B,native_thinking,19,10,9,ncc_recall,0.8888888888888888,higher,0.8888888888888888,non_thinking,10,0.7,higher,0.7,0.18888888888888888
Qwen3-8B,native_thinking,19,10,9,silhouette_cosine,0.45748504996299744,higher,0.45748504996299744,non_thinking,10,0.0018194162985309958,higher,0.0018194162985309958,0.45566563366446644
Qwen3-8B,native_thinking,19,10,9,within_trace,1386.12890625,lower,-1386.12890625,non_thinking,10,594.93896484375,lower,-594.93896484375,-791.18994140625
Qwen3-8B,native_thinking,19,10,9,class_nc1_ratio,0.6864074219404239,lower,-0.6864074219404239,non_thinking,10,0.711826344541,lower,-0.711826344541,0.0254189226005761
Qwen3-8B,native_thinking,19,10,9,centroid_nearest_squared,1853.1834716796875,higher,1853.1834716796875,non_thinking,10,70.64204406738281,higher,70.64204406738281,1782.5414276123047
Qwen3-8B,native_thinking,19,10,9,fisher_nearest,1.3369488676873824,higher,1.3369488676873824,non_thinking,10,0.11873830466951459,higher,0.11873830466951459,1.218210563017868
Qwen3-8B,native_thinking,19,10,9,min_bhattacharyya,3.475207805633545,higher,3.475207805633545,non_thinking,10,0.4740600883960724,higher,0.4740600883960724,3.0011477172374725
Qwen3-8B,native_thinking,19,10,9,mean_bhattacharyya,6.2200751304626465,higher,6.2200751304626465,non_thinking,10,16.942553722196156,higher,16.942553722196156,-10.722478591733509
Qwen3-8B,native_thinking,19,10,9,nc2_class_cosine_deviation,0.3397255850794874,lower,-0.3397255850794874,non_thinking,10,0.6982397823422044,lower,-0.6982397823422044,0.358514197262717
Qwen3-8B,native_thinking,20,1,10,logistic_precision,1.0,higher,1.0,non_thinking,10,1.0,higher,1.0,0.0
Qwen3-8B,native_thinking,20,1,10,logistic_recall,1.0,higher,1.0,non_thinking,10,1.0,higher,1.0,0.0
Qwen3-8B,native_thinking,20,1,10,logistic_f1,1.0,higher,1.0,non_thinking,10,1.0,higher,1.0,0.0
Qwen3-8B,native_thinking,20,1,10,ncc_recall,0.9,higher,0.9,non_thinking,10,1.0,higher,1.0,-0.09999999999999998
Qwen3-8B,native_thinking,20,1,10,silhouette_cosine,0.33037278056144714,higher,0.33037278056144714,non_thinking,10,0.9890702366828918,higher,0.9890702366828918,-0.6586974561214447
Qwen3-8B,native_thinking,20,1,10,within_trace,2099.339111328125,lower,-2099.339111328125,non_thinking,10,59.07943344116211,lower,-59.07943344116211,-2040.259677886963
Qwen3-8B,native_thinking,20,1,10,class_nc1_ratio,0.9943173910664886,lower,-0.9943173910664886,non_thinking,10,0.008117044647854474,lower,-0.008117044647854474,-0.9862003464186342
Qwen3-8B,native_thinking,20,1,10,centroid_nearest_squared,2108.492919921875,higher,2108.492919921875,non_thinking,10,7063.26416015625,higher,7063.26416015625,-4954.771240234375
Qwen3-8B,native_thinking,20,1,10,fisher_nearest,1.0043603287074279,higher,1.0043603287074279,non_thinking,10,119.55538076022067,higher,119.55538076022067,-118.55102043151324
Qwen3-8B,native_thinking,20,1,10,min_bhattacharyya,3.706685781478882,higher,3.706685781478882,non_thinking,10,34.301774978637695,higher,34.301774978637695,-30.595089197158813
Qwen3-8B,native_thinking,20,1,10,mean_bhattacharyya,6.8010223441653785,higher,6.8010223441653785,non_thinking,10,49.21985880533854,higher,49.21985880533854,-42.41883646117316
Qwen3-8B,native_thinking,20,1,10,nc2_class_cosine_deviation,0.4191079854413315,lower,-0.4191079854413315,non_thinking,10,0.4898345468588816,lower,-0.4898345468588816,0.07072656141755013
Qwen3-8B,native_thinking,20,2,10,logistic_precision,1.0,higher,1.0,non_thinking,10,0.9,higher,0.9,0.09999999999999998
Qwen3-8B,native_thinking,20,2,10,logistic_recall,0.9,higher,0.9,non_thinking,10,0.9,higher,0.9,0.0
Qwen3-8B,native_thinking,20,2,10,logistic_f1,0.9473684210526315,higher,0.9473684210526315,non_thinking,10,0.9,higher,0.9,0.047368421052631504
Qwen3-8B,native_thinking,20,2,10,ncc_recall,0.8,higher,0.8,non_thinking,10,1.0,higher,1.0,-0.19999999999999996
Qwen3-8B,native_thinking,20,2,10,silhouette_cosine,0.0872444361448288,higher,0.0872444361448288,non_thinking,10,0.3630097806453705,higher,0.3630097806453705,-0.2757653445005417
Qwen3-8B,native_thinking,20,2,10,within_trace,1583.7314453125,lower,-1583.7314453125,non_thinking,10,1289.97802734375,lower,-1289.97802734375,-293.75341796875
Qwen3-8B,native_thinking,20,2,10,class_nc1_ratio,1.944864417260767,lower,-1.944864417260767,non_thinking,10,0.610266529490311,lower,-0.610266529490311,-1.3345978877704558
Qwen3-8B,native_thinking,20,2,10,centroid_nearest_squared,573.7263793945312,higher,573.7263793945312,non_thinking,10,1296.128662109375,higher,1296.128662109375,-722.4022827148438
Qwen3-8B,native_thinking,20,2,10,fisher_nearest,0.36226241582348845,higher,0.36226241582348845,non_thinking,10,1.0047680151407619,higher,1.0047680151407619,-0.6425055993172735
Qwen3-8B,native_thinking,20,2,10,min_bhattacharyya,1.731400966644287,higher,1.731400966644287,non_thinking,10,3.3446221351623535,higher,3.3446221351623535,-1.6132211685180664
Qwen3-8B,native_thinking,20,2,10,mean_bhattacharyya,4.205940405527751,higher,4.205940405527751,non_thinking,10,12.286241160498726,higher,12.286241160498726,-8.080300754970974
Qwen3-8B,native_thinking,20,2,10,nc2_class_cosine_deviation,0.3993337579347469,lower,-0.3993337579347469,non_thinking,10,0.5071738710695946,lower,-0.5071738710695946,0.10784011313484765
Qwen3-8B,native_thinking,20,3,9,logistic_precision,0.75,higher,0.75,non_thinking,10,0.8,higher,0.8,-0.050000000000000044
Qwen3-8B,native_thinking,20,3,9,logistic_recall,1.0,higher,1.0,non_thinking,10,0.8,higher,0.8,0.19999999999999996
Qwen3-8B,native_thinking,20,3,9,logistic_f1,0.8571428571428571,higher,0.8571428571428571,non_thinking,10,0.8,higher,0.8,0.05714285714285705
Qwen3-8B,native_thinking,20,3,9,ncc_recall,0.5555555555555556,higher,0.5555555555555556,non_thinking,10,0.5,higher,0.5,0.05555555555555558
Qwen3-8B,native_thinking,20,3,9,silhouette_cosine,-0.07238546013832092,higher,-0.07238546013832092,non_thinking,10,-0.16310355067253113,higher,-0.16310355067253113,0.0907180905342102
Qwen3-8B,native_thinking,20,3,9,within_trace,1475.726806640625,lower,-1475.726806640625,non_thinking,10,1539.5032958984375,lower,-1539.5032958984375,63.7764892578125
Qwen3-8B,native_thinking,20,3,9,class_nc1_ratio,4.428813033340665,lower,-4.428813033340665,non_thinking,10,3.2754374828610935,lower,-3.2754374828610935,-1.1533755504795717
Qwen3-8B,native_thinking,20,3,9,centroid_nearest_squared,145.32583618164062,higher,145.32583618164062,non_thinking,10,375.01824951171875,higher,375.01824951171875,-229.69241333007812
Qwen3-8B,native_thinking,20,3,9,fisher_nearest,0.0984774658342511,higher,0.0984774658342511,non_thinking,10,0.24359691240080272,higher,0.24359691240080272,-0.14511944656655162
Qwen3-8B,native_thinking,20,3,9,min_bhattacharyya,0.5973537266254425,higher,0.5973537266254425,non_thinking,10,0.807542085647583,higher,0.807542085647583,-0.2101883590221405
Qwen3-8B,native_thinking,20,3,9,mean_bhattacharyya,3.0675597621334925,higher,3.0675597621334925,non_thinking,10,5.994192110167609,higher,5.994192110167609,-2.9266323480341168
Qwen3-8B,native_thinking,20,3,9,nc2_class_cosine_deviation,0.42191810381633266,lower,-0.42191810381633266,non_thinking,10,0.3449008061929985,lower,-0.3449008061929985,-0.07701729762333415
Qwen3-8B,native_thinking,20,4,9,logistic_precision,1.0,higher,1.0,non_thinking,10,0.5454545454545454,higher,0.5454545454545454,0.4545454545454546
Qwen3-8B,native_thinking,20,4,9,logistic_recall,0.6666666666666666,higher,0.6666666666666666,non_thinking,10,0.6,higher,0.6,0.06666666666666665
Qwen3-8B,native_thinking,20,4,9,logistic_f1,0.8,higher,0.8,non_thinking,10,0.5714285714285714,higher,0.5714285714285714,0.22857142857142865
Qwen3-8B,native_thinking,20,4,9,ncc_recall,0.6666666666666666,higher,0.6666666666666666,non_thinking,10,0.2,higher,0.2,0.4666666666666666
Qwen3-8B,native_thinking,20,4,9,silhouette_cosine,-0.11598643660545349,higher,-0.11598643660545349,non_thinking,10,-0.08249705284833908,higher,-0.08249705284833908,-0.03348938375711441
Qwen3-8B,native_thinking,20,4,9,within_trace,1351.177001953125,lower,-1351.177001953125,non_thinking,10,1355.77734375,lower,-1355.77734375,4.600341796875
Qwen3-8B,native_thinking,20,4,9,class_nc1_ratio,4.521600734568333,lower,-4.521600734568333,non_thinking,10,4.462002479705291,lower,-4.462002479705291,-0.059598254863042044
Qwen3-8B,native_thinking,20,4,9,centroid_nearest_squared,97.00640869140625,higher,97.00640869140625,non_thinking,10,298.73956298828125,higher,298.73956298828125,-201.733154296875
Qwen3-8B,native_thinking,20,4,9,fisher_nearest,0.07179400519042552,higher,0.07179400519042552,non_thinking,10,0.22034559315026261,higher,0.22034559315026261,-0.14855158795983708
Qwen3-8B,native_thinking,20,4,9,min_bhattacharyya,0.42562130093574524,higher,0.42562130093574524,non_thinking,10,0.807542085647583,higher,0.807542085647583,-0.38192078471183777
Qwen3-8B,native_thinking,20,4,9,mean_bhattacharyya,2.6794341736369662,higher,2.6794341736369662,non_thinking,10,6.712235947450002,higher,6.712235947450002,-4.032801773813036
Qwen3-8B,native_thinking,20,4,9,nc2_class_cosine_deviation,0.5446101722341997,lower,-0.5446101722341997,non_thinking,10,0.32619252260544424,lower,-0.32619252260544424,-0.21841764962875548
Qwen3-8B,native_thinking,20,5,9,logistic_precision,0.5714285714285714,higher,0.5714285714285714,non_thinking,10,0.375,higher,0.375,0.1964285714285714
Qwen3-8B,native_thinking,20,5,9,logistic_recall,0.4444444444444444,higher,0.4444444444444444,non_thinking,10,0.3,higher,0.3,0.14444444444444443
Qwen3-8B,native_thinking,20,5,9,logistic_f1,0.5,higher,0.5,non_thinking,10,0.3333333333333333,higher,0.3333333333333333,0.16666666666666669
Qwen3-8B,native_thinking,20,5,9,ncc_recall,0.5555555555555556,higher,0.5555555555555556,non_thinking,10,0.1,higher,0.1,0.4555555555555556
Qwen3-8B,native_thinking,20,5,9,silhouette_cosine,-0.07885368168354034,higher,-0.07885368168354034,non_thinking,10,-0.09289655834436417,higher,-0.09289655834436417,0.014042876660823822
Qwen3-8B,native_thinking,20,5,9,within_trace,1330.7655029296875,lower,-1330.7655029296875,non_thinking,10,1314.618896484375,lower,-1314.618896484375,-16.1466064453125
Qwen3-8B,native_thinking,20,5,9,class_nc1_ratio,4.448407389095882,lower,-4.448407389095882,non_thinking,10,6.0004482118560665,lower,-6.0004482118560665,1.5520408227601843
Qwen3-8B,native_thinking,20,5,9,centroid_nearest_squared,47.372169494628906,higher,47.372169494628906,non_thinking,10,220.47280883789062,higher,220.47280883789062,-173.10063934326172
Qwen3-8B,native_thinking,20,5,9,fisher_nearest,0.03559768373191131,higher,0.03559768373191131,non_thinking,10,0.16770853471488273,higher,0.16770853471488273,-0.13211085098297143
Qwen3-8B,native_thinking,20,5,9,min_bhattacharyya,0.2361634075641632,higher,0.2361634075641632,non_thinking,10,0.7844831347465515,higher,0.7844831347465515,-0.5483197271823883
Qwen3-8B,native_thinking,20,5,9,mean_bhattacharyya,2.604269630379147,higher,2.604269630379147,non_thinking,10,7.10542270872328,higher,7.10542270872328,-4.501153078344133
Qwen3-8B,native_thinking,20,5,9,nc2_class_cosine_deviation,0.5953785360411362,lower,-0.5953785360411362,non_thinking,10,0.5292133957515528,lower,-0.5292133957515528,-0.06616514028958342
Qwen3-8B,native_thinking,20,6,9,logistic_precision,0.46153846153846156,higher,0.46153846153846156,non_thinking,10,0.2857142857142857,higher,0.2857142857142857,0.17582417582417587
Qwen3-8B,native_thinking,20,6,9,logistic_recall,0.6666666666666666,higher,0.6666666666666666,non_thinking,10,0.2,higher,0.2,0.4666666666666666
Qwen3-8B,native_thinking,20,6,9,logistic_f1,0.5454545454545454,higher,0.5454545454545454,non_thinking,10,0.23529411764705882,higher,0.23529411764705882,0.3101604278074866
Qwen3-8B,native_thinking,20,6,9,ncc_recall,0.3333333333333333,higher,0.3333333333333333,non_thinking,10,0.2,higher,0.2,0.1333333333333333
Qwen3-8B,native_thinking,20,6,9,silhouette_cosine,-0.1364600956439972,higher,-0.1364600956439972,non_thinking,10,-0.226250559091568,higher,-0.226250559091568,0.0897904634475708
Qwen3-8B,native_thinking,20,6,9,within_trace,1309.4786376953125,lower,-1309.4786376953125,non_thinking,10,1179.715576171875,lower,-1179.715576171875,-129.7630615234375
Qwen3-8B,native_thinking,20,6,9,class_nc1_ratio,5.38350444454125,lower,-5.38350444454125,non_thinking,10,4.656626319315493,lower,-4.656626319315493,-0.726878125225757
Qwen3-8B,native_thinking,20,6,9,centroid_nearest_squared,26.760387420654297,higher,26.760387420654297,non_thinking,10,164.24530029296875,higher,164.24530029296875,-137.48491287231445
Qwen3-8B,native_thinking,20,6,9,fisher_nearest,0.02043590987307184,higher,0.02043590987307184,non_thinking,10,0.13922449072507587,higher,0.13922449072507587,-0.11878858085200403
Qwen3-8B,native_thinking,20,6,9,min_bhattacharyya,0.2151327282190323,higher,0.2151327282190323,non_thinking,10,0.49618470668792725,higher,0.49618470668792725,-0.28105197846889496
Qwen3-8B,native_thinking,20,6,9,mean_bhattacharyya,2.4765887376334934,higher,2.4765887376334934,non_thinking,10,6.444539447625478,higher,6.444539447625478,-3.9679507099919844
Qwen3-8B,native_thinking,20,6,9,nc2_class_cosine_deviation,0.657453266006929,lower,-0.657453266006929,non_thinking,10,0.570339208399808,lower,-0.570339208399808,-0.08711405760712099
Qwen3-8B,native_thinking,20,7,9,logistic_precision,0.46153846153846156,higher,0.46153846153846156,non_thinking,10,0.14285714285714285,higher,0.14285714285714285,0.3186813186813187
Qwen3-8B,native_thinking,20,7,9,logistic_recall,0.6666666666666666,higher,0.6666666666666666,non_thinking,10,0.1,higher,0.1,0.5666666666666667
Qwen3-8B,native_thinking,20,7,9,logistic_f1,0.5454545454545454,higher,0.5454545454545454,non_thinking,10,0.11764705882352941,higher,0.11764705882352941,0.427807486631016
Qwen3-8B,native_thinking,20,7,9,ncc_recall,0.5555555555555556,higher,0.5555555555555556,non_thinking,10,0.1,higher,0.1,0.4555555555555556
Qwen3-8B,native_thinking,20,7,9,silhouette_cosine,-0.14524079859256744,higher,-0.14524079859256744,non_thinking,10,-0.20891495048999786,higher,-0.20891495048999786,0.06367415189743042
Qwen3-8B,native_thinking,20,7,9,within_trace,1222.604736328125,lower,-1222.604736328125,non_thinking,10,1281.80029296875,lower,-1281.80029296875,59.195556640625
Qwen3-8B,native_thinking,20,7,9,class_nc1_ratio,5.543222422105653,lower,-5.543222422105653,non_thinking,10,4.9970661897908295,lower,-4.9970661897908295,-0.5461562323148232
Qwen3-8B,native_thinking,20,7,9,centroid_nearest_squared,26.760387420654297,higher,26.760387420654297,non_thinking,10,164.24530029296875,higher,164.24530029296875,-137.48491287231445
Qwen3-8B,native_thinking,20,7,9,fisher_nearest,0.02188801222954881,higher,0.02188801222954881,non_thinking,10,0.12813641968559997,higher,0.12813641968559997,-0.10624840745605116
Qwen3-8B,native_thinking,20,7,9,min_bhattacharyya,0.2151327282190323,higher,0.2151327282190323,non_thinking,10,0.49618470668792725,higher,0.49618470668792725,-0.28105197846889496
Qwen3-8B,native_thinking,20,7,9,mean_bhattacharyya,2.4860045115152993,higher,2.4860045115152993,non_thinking,10,7.032741496960322,higher,7.032741496960322,-4.546736985445023
Qwen3-8B,native_thinking,20,7,9,nc2_class_cosine_deviation,0.6316749061699267,lower,-0.6316749061699267,non_thinking,10,0.6180514260022729,lower,-0.6180514260022729,-0.013623480167653801
Qwen3-8B,native_thinking,20,8,9,logistic_precision,0.6666666666666666,higher,0.6666666666666666,non_thinking,10,0.25,higher,0.25,0.41666666666666663
Qwen3-8B,native_thinking,20,8,9,logistic_recall,0.4444444444444444,higher,0.4444444444444444,non_thinking,10,0.3,higher,0.3,0.14444444444444443
Qwen3-8B,native_thinking,20,8,9,logistic_f1,0.5333333333333333,higher,0.5333333333333333,non_thinking,10,0.2727272727272727,higher,0.2727272727272727,0.2606060606060606
Qwen3-8B,native_thinking,20,8,9,ncc_recall,0.3333333333333333,higher,0.3333333333333333,non_thinking,10,0.2,higher,0.2,0.1333333333333333
Qwen3-8B,native_thinking,20,8,9,silhouette_cosine,-0.09453865885734558,higher,-0.09453865885734558,non_thinking,10,-0.1571635603904724,higher,-0.1571635603904724,0.06262490153312683
Qwen3-8B,native_thinking,20,8,9,within_trace,1263.1629638671875,lower,-1263.1629638671875,non_thinking,10,1227.797607421875,lower,-1227.797607421875,-35.3653564453125
Qwen3-8B,native_thinking,20,8,9,class_nc1_ratio,3.65009491161433,lower,-3.65009491161433,non_thinking,10,2.1047760251148073,lower,-2.1047760251148073,-1.5453188864995226
Qwen3-8B,native_thinking,20,8,9,centroid_nearest_squared,60.39046096801758,higher,60.39046096801758,non_thinking,10,68.65733337402344,higher,68.65733337402344,-8.26687240600586
Qwen3-8B,native_thinking,20,8,9,fisher_nearest,0.04780892307286425,higher,0.04780892307286425,non_thinking,10,0.05591909689267913,higher,0.05591909689267913,-0.008110173819814874
Qwen3-8B,native_thinking,20,8,9,min_bhattacharyya,0.3817593902349472,higher,0.3817593902349472,non_thinking,10,0.3430928662419319,higher,0.3430928662419319,0.03866652399301529
Qwen3-8B,native_thinking,20,8,9,mean_bhattacharyya,2.912421284450425,higher,2.912421284450425,non_thinking,10,7.98777199536562,higher,7.98777199536562,-5.0753507109151945
Qwen3-8B,native_thinking,20,8,9,nc2_class_cosine_deviation,0.5860827862296576,lower,-0.5860827862296576,non_thinking,10,0.6441618834656698,lower,-0.6441618834656698,0.058079097236012234
Qwen3-8B,native_thinking,20,9,9,logistic_precision,0.875,higher,0.875,non_thinking,10,0.21428571428571427,higher,0.21428571428571427,0.6607142857142857
Qwen3-8B,native_thinking,20,9,9,logistic_recall,0.7777777777777778,higher,0.7777777777777778,non_thinking,10,0.3,higher,0.3,0.4777777777777778
Qwen3-8B,native_thinking,20,9,9,logistic_f1,0.8235294117647058,higher,0.8235294117647058,non_thinking,10,0.25,higher,0.25,0.5735294117647058
Qwen3-8B,native_thinking,20,9,9,ncc_recall,0.6666666666666666,higher,0.6666666666666666,non_thinking,10,0.1,higher,0.1,0.5666666666666667
Qwen3-8B,native_thinking,20,9,9,silhouette_cosine,0.060590676963329315,higher,0.060590676963329315,non_thinking,10,-0.08328405767679214,higher,-0.08328405767679214,0.14387473464012146
Qwen3-8B,native_thinking,20,9,9,within_trace,1197.345458984375,lower,-1197.345458984375,non_thinking,10,880.43359375,lower,-880.43359375,-316.911865234375
Qwen3-8B,native_thinking,20,9,9,class_nc1_ratio,1.7116669619836917,lower,-1.7116669619836917,non_thinking,10,1.3593530546547004,lower,-1.3593530546547004,-0.35231390732899137
Qwen3-8B,native_thinking,20,9,9,centroid_nearest_squared,287.34039306640625,higher,287.34039306640625,non_thinking,10,51.885223388671875,higher,51.885223388671875,235.45516967773438
Qwen3-8B,native_thinking,20,9,9,fisher_nearest,0.2399811941577305,higher,0.2399811941577305,non_thinking,10,0.05893144441215488,higher,0.05893144441215488,0.18104974974557564
Qwen3-8B,native_thinking,20,9,9,min_bhattacharyya,0.958855152130127,higher,0.958855152130127,non_thinking,10,0.33466094732284546,higher,0.33466094732284546,0.6241942048072815
Qwen3-8B,native_thinking,20,9,9,mean_bhattacharyya,3.7412686347961426,higher,3.7412686347961426,non_thinking,10,10.366951304177443,higher,10.366951304177443,-6.6256826693813
Qwen3-8B,native_thinking,20,9,9,nc2_class_cosine_deviation,0.4578497673810264,lower,-0.4578497673810264,non_thinking,10,0.6958632656821498,lower,-0.6958632656821498,0.23801349830112345
Qwen3-8B,native_thinking,20,10,9,logistic_precision,1.0,higher,1.0,non_thinking,10,0.45454545454545453,higher,0.45454545454545453,0.5454545454545454
Qwen3-8B,native_thinking,20,10,9,logistic_recall,0.8888888888888888,higher,0.8888888888888888,non_thinking,10,0.5,higher,0.5,0.38888888888888884
Qwen3-8B,native_thinking,20,10,9,logistic_f1,0.9411764705882353,higher,0.9411764705882353,non_thinking,10,0.47619047619047616,higher,0.47619047619047616,0.4649859943977591
Qwen3-8B,native_thinking,20,10,9,ncc_recall,0.8888888888888888,higher,0.8888888888888888,non_thinking,10,0.5,higher,0.5,0.38888888888888884
Qwen3-8B,native_thinking,20,10,9,silhouette_cosine,0.5310244560241699,higher,0.5310244560241699,non_thinking,10,-0.10990259796380997,higher,-0.10990259796380997,0.6409270539879799
Qwen3-8B,native_thinking,20,10,9,within_trace,1305.097900390625,lower,-1305.097900390625,non_thinking,10,1087.37451171875,lower,-1087.37451171875,-217.723388671875
Qwen3-8B,native_thinking,20,10,9,class_nc1_ratio,0.5577547272714202,lower,-0.5577547272714202,non_thinking,10,1.5243196989312608,lower,-1.5243196989312608,0.9665649716598407
Qwen3-8B,native_thinking,20,10,9,centroid_nearest_squared,2437.93115234375,higher,2437.93115234375,non_thinking,10,51.885223388671875,higher,51.885223388671875,2386.045928955078
Qwen3-8B,native_thinking,20,10,9,fisher_nearest,1.8680063400715456,higher,1.8680063400715456,non_thinking,10,0.04771605627086099,higher,0.04771605627086099,1.8202902838006847
Qwen3-8B,native_thinking,20,10,9,min_bhattacharyya,4.704774856567383,higher,4.704774856567383,non_thinking,10,0.33466094732284546,higher,0.33466094732284546,4.370113909244537
Qwen3-8B,native_thinking,20,10,9,mean_bhattacharyya,6.863477441999647,higher,6.863477441999647,non_thinking,10,8.882837427986992,higher,8.882837427986992,-2.019359985987345
Qwen3-8B,native_thinking,20,10,9,nc2_class_cosine_deviation,0.3585830294055703,lower,-0.3585830294055703,non_thinking,10,0.6969351062068233,lower,-0.6969351062068233,0.338352076801253
Qwen3-8B,native_thinking,21,1,10,logistic_precision,1.0,higher,1.0,non_thinking,10,1.0,higher,1.0,0.0
Qwen3-8B,native_thinking,21,1,10,logistic_recall,0.9,higher,0.9,non_thinking,10,1.0,higher,1.0,-0.09999999999999998
Qwen3-8B,native_thinking,21,1,10,logistic_f1,0.9473684210526315,higher,0.9473684210526315,non_thinking,10,1.0,higher,1.0,-0.052631578947368474
Qwen3-8B,native_thinking,21,1,10,ncc_recall,0.8,higher,0.8,non_thinking,10,1.0,higher,1.0,-0.19999999999999996
Qwen3-8B,native_thinking,21,1,10,silhouette_cosine,0.32090410590171814,higher,0.32090410590171814,non_thinking,10,0.9871786832809448,higher,0.9871786832809448,-0.6662745773792267
Qwen3-8B,native_thinking,21,1,10,within_trace,2229.46044921875,lower,-2229.46044921875,non_thinking,10,68.77354431152344,lower,-68.77354431152344,-2160.6869049072266
Qwen3-8B,native_thinking,21,1,10,class_nc1_ratio,1.052053969817558,lower,-1.052053969817558,non_thinking,10,0.010029862880570155,lower,-0.010029862880570155,-1.0420241069369878
Qwen3-8B,native_thinking,21,1,10,centroid_nearest_squared,2111.88671875,higher,2111.88671875,non_thinking,10,6911.921875,higher,6911.921875,-4800.03515625
Qwen3-8B,native_thinking,21,1,10,fisher_nearest,0.9472635944226101,higher,0.9472635944226101,non_thinking,10,100.50262705221468,higher,100.50262705221468,-99.55536345779207
Qwen3-8B,native_thinking,21,1,10,min_bhattacharyya,3.6633148193359375,higher,3.6633148193359375,non_thinking,10,29.797889709472656,higher,29.797889709472656,-26.13457489013672
Qwen3-8B,native_thinking,21,1,10,mean_bhattacharyya,6.779101848602295,higher,6.779101848602295,non_thinking,10,43.93296983506944,higher,43.93296983506944,-37.15386798646715
Qwen3-8B,native_thinking,21,1,10,nc2_class_cosine_deviation,0.40664522294644956,lower,-0.40664522294644956,non_thinking,10,0.47794434244250067,lower,-0.47794434244250067,0.07129911949605111
Qwen3-8B,native_thinking,21,2,10,logistic_precision,0.9090909090909091,higher,0.9090909090909091,non_thinking,10,0.9090909090909091,higher,0.9090909090909091,0.0
Qwen3-8B,native_thinking,21,2,10,logistic_recall,1.0,higher,1.0,non_thinking,10,1.0,higher,1.0,0.0
Qwen3-8B,native_thinking,21,2,10,logistic_f1,0.9523809523809523,higher,0.9523809523809523,non_thinking,10,0.9523809523809523,higher,0.9523809523809523,0.0
Qwen3-8B,native_thinking,21,2,10,ncc_recall,0.8,higher,0.8,non_thinking,10,1.0,higher,1.0,-0.19999999999999996
Qwen3-8B,native_thinking,21,2,10,silhouette_cosine,0.05987318232655525,higher,0.05987318232655525,non_thinking,10,0.34203389286994934,higher,0.34203389286994934,-0.2821607105433941
Qwen3-8B,native_thinking,21,2,10,within_trace,1496.343017578125,lower,-1496.343017578125,non_thinking,10,1375.19384765625,lower,-1375.19384765625,-121.149169921875
Qwen3-8B,native_thinking,21,2,10,class_nc1_ratio,2.1063426497903586,lower,-2.1063426497903586,non_thinking,10,0.6585545557828811,lower,-0.6585545557828811,-1.4477880940074774
Qwen3-8B,native_thinking,21,2,10,centroid_nearest_squared,474.559326171875,higher,474.559326171875,non_thinking,10,1271.0726318359375,higher,1271.0726318359375,-796.5133056640625
Qwen3-8B,native_thinking,21,2,10,fisher_nearest,0.31714608254727794,higher,0.31714608254727794,non_thinking,10,0.9242861535500855,higher,0.9242861535500855,-0.6071400710028075
Qwen3-8B,native_thinking,21,2,10,min_bhattacharyya,1.540663480758667,higher,1.540663480758667,non_thinking,10,2.9704082012176514,higher,2.9704082012176514,-1.4297447204589844
Qwen3-8B,native_thinking,21,2,10,mean_bhattacharyya,4.127257386843364,higher,4.127257386843364,non_thinking,10,10.84125436676873,higher,10.84125436676873,-6.7139969799253665
Qwen3-8B,native_thinking,21,2,10,nc2_class_cosine_deviation,0.3873785927339836,lower,-0.3873785927339836,non_thinking,10,0.5127088043286844,lower,-0.5127088043286844,0.12533021159470076
Qwen3-8B,native_thinking,21,3,9,logistic_precision,0.875,higher,0.875,non_thinking,10,0.875,higher,0.875,0.0
Qwen3-8B,native_thinking,21,3,9,logistic_recall,0.7777777777777778,higher,0.7777777777777778,non_thinking,10,0.7,higher,0.7,0.07777777777777783
Qwen3-8B,native_thinking,21,3,9,logistic_f1,0.8235294117647058,higher,0.8235294117647058,non_thinking,10,0.7777777777777778,higher,0.7777777777777778,0.04575163398692805
Qwen3-8B,native_thinking,21,3,9,ncc_recall,0.7777777777777778,higher,0.7777777777777778,non_thinking,10,0.5,higher,0.5,0.2777777777777778
Qwen3-8B,native_thinking,21,3,9,silhouette_cosine,-0.06733003258705139,higher,-0.06733003258705139,non_thinking,10,-0.16078825294971466,higher,-0.16078825294971466,0.09345822036266327
Qwen3-8B,native_thinking,21,3,9,within_trace,1408.9757080078125,lower,-1408.9757080078125,non_thinking,10,1721.522216796875,lower,-1721.522216796875,312.5465087890625
Qwen3-8B,native_thinking,21,3,9,class_nc1_ratio,4.398111464899613,lower,-4.398111464899613,non_thinking,10,3.7227204711000343,lower,-3.7227204711000343,-0.6753909937995788
Qwen3-8B,native_thinking,21,3,9,centroid_nearest_squared,146.69671630859375,higher,146.69671630859375,non_thinking,10,427.7665100097656,higher,427.7665100097656,-281.0697937011719
Qwen3-8B,native_thinking,21,3,9,fisher_nearest,0.10411585911300916,higher,0.10411585911300916,non_thinking,10,0.24848155070904812,higher,0.24848155070904812,-0.14436569159603896
Qwen3-8B,native_thinking,21,3,9,min_bhattacharyya,0.6018247008323669,higher,0.6018247008323669,non_thinking,10,0.8272480964660645,higher,0.8272480964660645,-0.2254233956336975
Qwen3-8B,native_thinking,21,3,9,mean_bhattacharyya,2.989499310652415,higher,2.989499310652415,non_thinking,10,5.235028200679356,higher,5.235028200679356,-2.245528890026941
Qwen3-8B,native_thinking,21,3,9,nc2_class_cosine_deviation,0.41155441222643413,lower,-0.41155441222643413,non_thinking,10,0.334181494274993,lower,-0.334181494274993,-0.07737291795144113
Qwen3-8B,native_thinking,21,4,9,logistic_precision,0.7777777777777778,higher,0.7777777777777778,non_thinking,10,0.6,higher,0.6,0.1777777777777778
Qwen3-8B,native_thinking,21,4,9,logistic_recall,0.7777777777777778,higher,0.7777777777777778,non_thinking,10,0.6,higher,0.6,0.1777777777777778
Qwen3-8B,native_thinking,21,4,9,logistic_f1,0.7777777777777778,higher,0.7777777777777778,non_thinking,10,0.6,higher,0.6,0.1777777777777778
Qwen3-8B,native_thinking,21,4,9,ncc_recall,0.5555555555555556,higher,0.5555555555555556,non_thinking,10,0.2,higher,0.2,0.35555555555555557
Qwen3-8B,native_thinking,21,4,9,silhouette_cosine,-0.11614835262298584,higher,-0.11614835262298584,non_thinking,10,-0.060728926211595535,higher,-0.060728926211595535,-0.055419426411390305
Qwen3-8B,native_thinking,21,4,9,within_trace,1310.818603515625,lower,-1310.818603515625,non_thinking,10,1305.975341796875,lower,-1305.975341796875,-4.84326171875
Qwen3-8B,native_thinking,21,4,9,class_nc1_ratio,5.076314130046689,lower,-5.076314130046689,non_thinking,10,3.579521241066483,lower,-3.579521241066483,-1.496792888980206
Qwen3-8B,native_thinking,21,4,9,centroid_nearest_squared,87.12776184082031,higher,87.12776184082031,non_thinking,10,364.8200988769531,higher,364.8200988769531,-277.6923370361328
Qwen3-8B,native_thinking,21,4,9,fisher_nearest,0.06646820666653877,higher,0.06646820666653877,non_thinking,10,0.2793468507414556,higher,0.2793468507414556,-0.21287864407491683
Qwen3-8B,native_thinking,21,4,9,min_bhattacharyya,0.4261109232902527,higher,0.4261109232902527,non_thinking,10,0.8272480964660645,higher,0.8272480964660645,-0.40113717317581177
Qwen3-8B,native_thinking,21,4,9,mean_bhattacharyya,2.5852101610766516,higher,2.5852101610766516,non_thinking,10,6.415087097220951,higher,6.415087097220951,-3.8298769361442995
Qwen3-8B,native_thinking,21,4,9,nc2_class_cosine_deviation,0.5519741414873689,lower,-0.5519741414873689,non_thinking,10,0.2951468398771537,lower,-0.2951468398771537,-0.2568273016102152
Qwen3-8B,native_thinking,21,5,9,logistic_precision,0.6666666666666666,higher,0.6666666666666666,non_thinking,10,0.3333333333333333,higher,0.3333333333333333,0.3333333333333333
Qwen3-8B,native_thinking,21,5,9,logistic_recall,0.6666666666666666,higher,0.6666666666666666,non_thinking,10,0.3,higher,0.3,0.36666666666666664
Qwen3-8B,native_thinking,21,5,9,logistic_f1,0.6666666666666666,higher,0.6666666666666666,non_thinking,10,0.3157894736842105,higher,0.3157894736842105,0.3508771929824561
Qwen3-8B,native_thinking,21,5,9,ncc_recall,0.3333333333333333,higher,0.3333333333333333,non_thinking,10,0.1,higher,0.1,0.2333333333333333
Qwen3-8B,native_thinking,21,5,9,silhouette_cosine,-0.09398437291383743,higher,-0.09398437291383743,non_thinking,10,-0.13091464340686798,higher,-0.13091464340686798,0.03693027049303055
Qwen3-8B,native_thinking,21,5,9,within_trace,1285.293212890625,lower,-1285.293212890625,non_thinking,10,1268.4501953125,lower,-1268.4501953125,-16.843017578125
Qwen3-8B,native_thinking,21,5,9,class_nc1_ratio,4.938376508419916,lower,-4.938376508419916,non_thinking,10,6.1306794711492145,lower,-6.1306794711492145,1.1923029627292987
Qwen3-8B,native_thinking,21,5,9,centroid_nearest_squared,34.19831466674805,higher,34.19831466674805,non_thinking,10,201.04354858398438,higher,201.04354858398438,-166.84523391723633
Qwen3-8B,native_thinking,21,5,9,fisher_nearest,0.02660740313864727,higher,0.02660740313864727,non_thinking,10,0.15849542167830608,higher,0.15849542167830608,-0.1318880185396588
Qwen3-8B,native_thinking,21,5,9,min_bhattacharyya,0.19742564111948013,higher,0.19742564111948013,non_thinking,10,0.6632330417633057,higher,0.6632330417633057,-0.46580740064382553
Qwen3-8B,native_thinking,21,5,9,mean_bhattacharyya,2.5983249189125166,higher,2.5983249189125166,non_thinking,10,5.828344947761959,higher,5.828344947761959,-3.2300200288494425
Qwen3-8B,native_thinking,21,5,9,nc2_class_cosine_deviation,0.5900306262213876,lower,-0.5900306262213876,non_thinking,10,0.5249467686186602,lower,-0.5249467686186602,-0.06508385760272739
Qwen3-8B,native_thinking,21,6,9,logistic_precision,0.5,higher,0.5,non_thinking,10,0.5,higher,0.5,0.0
Qwen3-8B,native_thinking,21,6,9,logistic_recall,0.5555555555555556,higher,0.5555555555555556,non_thinking,10,0.2,higher,0.2,0.35555555555555557
Qwen3-8B,native_thinking,21,6,9,logistic_f1,0.5263157894736842,higher,0.5263157894736842,non_thinking,10,0.2857142857142857,higher,0.2857142857142857,0.24060150375939848
Qwen3-8B,native_thinking,21,6,9,ncc_recall,0.3333333333333333,higher,0.3333333333333333,non_thinking,10,0.1,higher,0.1,0.2333333333333333
Qwen3-8B,native_thinking,21,6,9,silhouette_cosine,-0.1271902173757553,higher,-0.1271902173757553,non_thinking,10,-0.2401829957962036,higher,-0.2401829957962036,0.1129927784204483
Qwen3-8B,native_thinking,21,6,9,within_trace,1256.5146484375,lower,-1256.5146484375,non_thinking,10,1176.9339599609375,lower,-1176.9339599609375,-79.5806884765625
Qwen3-8B,native_thinking,21,6,9,class_nc1_ratio,5.204838725572439,lower,-5.204838725572439,non_thinking,10,4.841902887194391,lower,-4.841902887194391,-0.3629358383780481
Qwen3-8B,native_thinking,21,6,9,centroid_nearest_squared,29.309370040893555,higher,29.309370040893555,non_thinking,10,150.58828735351562,higher,150.58828735351562,-121.27891731262207
Qwen3-8B,native_thinking,21,6,9,fisher_nearest,0.023325927857140636,higher,0.023325927857140636,non_thinking,10,0.12794964923818977,higher,0.12794964923818977,-0.10462372138104914
Qwen3-8B,native_thinking,21,6,9,min_bhattacharyya,0.19742564111948013,higher,0.19742564111948013,non_thinking,10,0.4697715640068054,higher,0.4697715640068054,-0.2723459228873253
Qwen3-8B,native_thinking,21,6,9,mean_bhattacharyya,2.51932067092922,higher,2.51932067092922,non_thinking,10,6.164193136824502,higher,6.164193136824502,-3.644872465895282
Qwen3-8B,native_thinking,21,6,9,nc2_class_cosine_deviation,0.6442409345397243,lower,-0.6442409345397243,non_thinking,10,0.5765991462969485,lower,-0.5765991462969485,-0.06764178824277578
Qwen3-8B,native_thinking,21,7,9,logistic_precision,0.5384615384615384,higher,0.5384615384615384,non_thinking,10,0.3333333333333333,higher,0.3333333333333333,0.20512820512820512
Qwen3-8B,native_thinking,21,7,9,logistic_recall,0.7777777777777778,higher,0.7777777777777778,non_thinking,10,0.4,higher,0.4,0.37777777777777777
Qwen3-8B,native_thinking,21,7,9,logistic_f1,0.6363636363636364,higher,0.6363636363636364,non_thinking,10,0.36363636363636365,higher,0.36363636363636365,0.2727272727272727
Qwen3-8B,native_thinking,21,7,9,ncc_recall,0.3333333333333333,higher,0.3333333333333333,non_thinking,10,0.1,higher,0.1,0.2333333333333333
Qwen3-8B,native_thinking,21,7,9,silhouette_cosine,-0.15614451467990875,higher,-0.15614451467990875,non_thinking,10,-0.22053110599517822,higher,-0.22053110599517822,0.06438659131526947
Qwen3-8B,native_thinking,21,7,9,within_trace,1212.39404296875,lower,-1212.39404296875,non_thinking,10,1228.147705078125,lower,-1228.147705078125,15.753662109375
Qwen3-8B,native_thinking,21,7,9,class_nc1_ratio,6.298891710930978,lower,-6.298891710930978,non_thinking,10,4.936515863452324,lower,-4.936515863452324,-1.3623758474786545
Qwen3-8B,native_thinking,21,7,9,centroid_nearest_squared,29.309370040893555,higher,29.309370040893555,non_thinking,10,150.58828735351562,higher,150.58828735351562,-121.27891731262207
Qwen3-8B,native_thinking,21,7,9,fisher_nearest,0.02417478889051999,higher,0.02417478889051999,non_thinking,10,0.12261415034271989,higher,0.12261415034271989,-0.09843936145219989
Qwen3-8B,native_thinking,21,7,9,min_bhattacharyya,0.23110774159431458,higher,0.23110774159431458,non_thinking,10,0.4697715640068054,higher,0.4697715640068054,-0.23866382241249084
Qwen3-8B,native_thinking,21,7,9,mean_bhattacharyya,2.4367200401094227,higher,2.4367200401094227,non_thinking,10,5.911843031644821,higher,5.911843031644821,-3.4751229915353985
Qwen3-8B,native_thinking,21,7,9,nc2_class_cosine_deviation,0.6381271518077012,lower,-0.6381271518077012,non_thinking,10,0.6195054589598268,lower,-0.6195054589598268,-0.018621692847874405
Qwen3-8B,native_thinking,21,8,9,logistic_precision,0.8333333333333334,higher,0.8333333333333334,non_thinking,10,0.26666666666666666,higher,0.26666666666666666,0.5666666666666667
Qwen3-8B,native_thinking,21,8,9,logistic_recall,0.5555555555555556,higher,0.5555555555555556,non_thinking,10,0.4,higher,0.4,0.15555555555555556
Qwen3-8B,native_thinking,21,8,9,logistic_f1,0.6666666666666666,higher,0.6666666666666666,non_thinking,10,0.32,higher,0.32,0.3466666666666666
Qwen3-8B,native_thinking,21,8,9,ncc_recall,0.4444444444444444,higher,0.4444444444444444,non_thinking,10,0.2,higher,0.2,0.2444444444444444
Qwen3-8B,native_thinking,21,8,9,silhouette_cosine,-0.09359684586524963,higher,-0.09359684586524963,non_thinking,10,-0.17785272002220154,higher,-0.17785272002220154,0.0842558741569519
Qwen3-8B,native_thinking,21,8,9,within_trace,1233.8292236328125,lower,-1233.8292236328125,non_thinking,10,1252.25,lower,-1252.25,18.4207763671875
Qwen3-8B,native_thinking,21,8,9,class_nc1_ratio,3.8356291725990372,lower,-3.8356291725990372,non_thinking,10,2.4643029877944627,lower,-2.4643029877944627,-1.3713261848045746
Qwen3-8B,native_thinking,21,8,9,centroid_nearest_squared,64.09441375732422,higher,64.09441375732422,non_thinking,10,58.7867431640625,higher,58.7867431640625,5.307670593261719
Qwen3-8B,native_thinking,21,8,9,fisher_nearest,0.051947556865777976,higher,0.051947556865777976,non_thinking,10,0.04694489372254941,higher,0.04694489372254941,0.005002663143228565
Qwen3-8B,native_thinking,21,8,9,min_bhattacharyya,0.4047206938266754,higher,0.4047206938266754,non_thinking,10,0.34896472096443176,higher,0.34896472096443176,0.05575597286224365
Qwen3-8B,native_thinking,21,8,9,mean_bhattacharyya,2.8534117705292172,higher,2.8534117705292172,non_thinking,10,7.052760413951344,higher,7.052760413951344,-4.199348643422127
Qwen3-8B,native_thinking,21,8,9,nc2_class_cosine_deviation,0.5814544350644689,lower,-0.5814544350644689,non_thinking,10,0.6341184350075546,lower,-0.6341184350075546,0.05266399994308568
Qwen3-8B,native_thinking,21,9,9,logistic_precision,0.8888888888888888,higher,0.8888888888888888,non_thinking,10,0.375,higher,0.375,0.5138888888888888
Qwen3-8B,native_thinking,21,9,9,logistic_recall,0.8888888888888888,higher,0.8888888888888888,non_thinking,10,0.3,higher,0.3,0.5888888888888888
Qwen3-8B,native_thinking,21,9,9,logistic_f1,0.8888888888888888,higher,0.8888888888888888,non_thinking,10,0.3333333333333333,higher,0.3333333333333333,0.5555555555555556
Qwen3-8B,native_thinking,21,9,9,ncc_recall,0.6666666666666666,higher,0.6666666666666666,non_thinking,10,0.1,higher,0.1,0.5666666666666667
Qwen3-8B,native_thinking,21,9,9,silhouette_cosine,0.07771620899438858,higher,0.07771620899438858,non_thinking,10,-0.07801561057567596,higher,-0.07801561057567596,0.15573181957006454
Qwen3-8B,native_thinking,21,9,9,within_trace,1164.373291015625,lower,-1164.373291015625,non_thinking,10,837.7471923828125,lower,-837.7471923828125,-326.6260986328125
Qwen3-8B,native_thinking,21,9,9,class_nc1_ratio,1.6969366199785492,lower,-1.6969366199785492,non_thinking,10,1.3853692173456964,lower,-1.3853692173456964,-0.31156740263285276
Qwen3-8B,native_thinking,21,9,9,centroid_nearest_squared,286.3110046386719,higher,286.3110046386719,non_thinking,10,50.478973388671875,higher,50.478973388671875,235.83203125
Qwen3-8B,native_thinking,21,9,9,fisher_nearest,0.24589279644927015,higher,0.24589279644927015,non_thinking,10,0.060255616309610106,higher,0.060255616309610106,0.18563718013966005
Qwen3-8B,native_thinking,21,9,9,min_bhattacharyya,0.9940334558486938,higher,0.9940334558486938,non_thinking,10,0.3135799467563629,higher,0.3135799467563629,0.6804535090923309
Qwen3-8B,native_thinking,21,9,9,mean_bhattacharyya,3.7950975365108914,higher,3.7950975365108914,non_thinking,10,9.259481622113121,higher,9.259481622113121,-5.46438408560223
Qwen3-8B,native_thinking,21,9,9,nc2_class_cosine_deviation,0.43094210089816726,lower,-0.43094210089816726,non_thinking,10,0.6750771061137871,lower,-0.6750771061137871,0.24413500521561987
Qwen3-8B,native_thinking,21,10,9,logistic_precision,1.0,higher,1.0,non_thinking,10,0.38461538461538464,higher,0.38461538461538464,0.6153846153846154
Qwen3-8B,native_thinking,21,10,9,logistic_recall,0.8888888888888888,higher,0.8888888888888888,non_thinking,10,0.5,higher,0.5,0.38888888888888884
Qwen3-8B,native_thinking,21,10,9,logistic_f1,0.9411764705882353,higher,0.9411764705882353,non_thinking,10,0.43478260869565216,higher,0.43478260869565216,0.5063938618925832
Qwen3-8B,native_thinking,21,10,9,ncc_recall,0.8888888888888888,higher,0.8888888888888888,non_thinking,10,0.5,higher,0.5,0.38888888888888884
Qwen3-8B,native_thinking,21,10,9,silhouette_cosine,0.558540403842926,higher,0.558540403842926,non_thinking,10,-0.0946957916021347,higher,-0.0946957916021347,0.6532361954450607
Qwen3-8B,native_thinking,21,10,9,within_trace,1293.595458984375,lower,-1293.595458984375,non_thinking,10,1058.188720703125,lower,-1058.188720703125,-235.40673828125
Qwen3-8B,native_thinking,21,10,9,class_nc1_ratio,0.5440140277785462,lower,-0.5440140277785462,non_thinking,10,1.5515791687138811,lower,-1.5515791687138811,1.007565140935335
Qwen3-8B,native_thinking,21,10,9,centroid_nearest_squared,2614.2578125,higher,2614.2578125,non_thinking,10,50.478973388671875,higher,50.478973388671875,2563.778839111328
Qwen3-8B,native_thinking,21,10,9,fisher_nearest,2.0209237705213505,higher,2.0209237705213505,non_thinking,10,0.047703186020666116,higher,0.047703186020666116,1.9732205845006845
Qwen3-8B,native_thinking,21,10,9,min_bhattacharyya,5.417303085327148,higher,5.417303085327148,non_thinking,10,0.3135799467563629,higher,0.3135799467563629,5.1037231385707855
Qwen3-8B,native_thinking,21,10,9,mean_bhattacharyya,7.155337280697292,higher,7.155337280697292,non_thinking,10,8.698426913883951,higher,8.698426913883951,-1.5430896331866588
Qwen3-8B,native_thinking,21,10,9,nc2_class_cosine_deviation,0.3409261509408185,lower,-0.3409261509408185,non_thinking,10,0.6820389931952513,lower,-0.6820389931952513,0.3411128422544328
Qwen3-8B,native_thinking,22,1,10,logistic_precision,1.0,higher,1.0,non_thinking,10,1.0,higher,1.0,0.0
Qwen3-8B,native_thinking,22,1,10,logistic_recall,0.9,higher,0.9,non_thinking,10,1.0,higher,1.0,-0.09999999999999998
Qwen3-8B,native_thinking,22,1,10,logistic_f1,0.9473684210526315,higher,0.9473684210526315,non_thinking,10,1.0,higher,1.0,-0.052631578947368474
Qwen3-8B,native_thinking,22,1,10,ncc_recall,0.8,higher,0.8,non_thinking,10,1.0,higher,1.0,-0.19999999999999996
Qwen3-8B,native_thinking,22,1,10,silhouette_cosine,0.31279072165489197,higher,0.31279072165489197,non_thinking,10,0.9918613433837891,higher,0.9918613433837891,-0.6790706217288971
Qwen3-8B,native_thinking,22,1,10,within_trace,2148.06689453125,lower,-2148.06689453125,non_thinking,10,39.51907730102539,lower,-39.51907730102539,-2108.5478172302246
Qwen3-8B,native_thinking,22,1,10,class_nc1_ratio,1.026253713358749,lower,-1.026253713358749,non_thinking,10,0.007219548326404555,lower,-0.007219548326404555,-1.0190341650323445
Qwen3-8B,native_thinking,22,1,10,centroid_nearest_squared,1947.93408203125,higher,1947.93408203125,non_thinking,10,5727.044921875,higher,5727.044921875,-3779.11083984375
Qwen3-8B,native_thinking,22,1,10,fisher_nearest,0.9068312011094641,higher,0.9068312011094641,non_thinking,10,144.91848780402577,higher,144.91848780402577,-144.0116566029163
Qwen3-8B,native_thinking,22,1,10,min_bhattacharyya,3.644249677658081,higher,3.644249677658081,non_thinking,10,28.846498489379883,higher,28.846498489379883,-25.2022488117218
Qwen3-8B,native_thinking,22,1,10,mean_bhattacharyya,6.8155421945783825,higher,6.8155421945783825,non_thinking,10,37.8350035349528,higher,37.8350035349528,-31.019461340374413
Qwen3-8B,native_thinking,22,1,10,nc2_class_cosine_deviation,0.4082575244484124,lower,-0.4082575244484124,non_thinking,10,0.44929783524554445,lower,-0.44929783524554445,0.04104031079713205
Qwen3-8B,native_thinking,22,2,10,logistic_precision,0.9090909090909091,higher,0.9090909090909091,non_thinking,10,0.9090909090909091,higher,0.9090909090909091,0.0
Qwen3-8B,native_thinking,22,2,10,logistic_recall,1.0,higher,1.0,non_thinking,10,1.0,higher,1.0,0.0
Qwen3-8B,native_thinking,22,2,10,logistic_f1,0.9523809523809523,higher,0.9523809523809523,non_thinking,10,0.9523809523809523,higher,0.9523809523809523,0.0
Qwen3-8B,native_thinking,22,2,10,ncc_recall,0.8,higher,0.8,non_thinking,10,0.7,higher,0.7,0.10000000000000009
Qwen3-8B,native_thinking,22,2,10,silhouette_cosine,0.016859199851751328,higher,0.016859199851751328,non_thinking,10,0.1409192979335785,higher,0.1409192979335785,-0.12406009808182716
Qwen3-8B,native_thinking,22,2,10,within_trace,1609.555908203125,lower,-1609.555908203125,non_thinking,10,1282.9534912109375,lower,-1282.9534912109375,-326.6024169921875
Qwen3-8B,native_thinking,22,2,10,class_nc1_ratio,2.408670159774305,lower,-2.408670159774305,non_thinking,10,0.9548631855137427,lower,-0.9548631855137427,-1.4538069742605626
Qwen3-8B,native_thinking,22,2,10,centroid_nearest_squared,399.80914306640625,higher,399.80914306640625,non_thinking,10,745.3082275390625,higher,745.3082275390625,-345.49908447265625
Qwen3-8B,native_thinking,22,2,10,fisher_nearest,0.2483971765309755,higher,0.2483971765309755,non_thinking,10,0.5809316024664235,higher,0.5809316024664235,-0.332534425935448
Qwen3-8B,native_thinking,22,2,10,min_bhattacharyya,1.3581867218017578,higher,1.3581867218017578,non_thinking,10,2.0999813079833984,higher,2.0999813079833984,-0.7417945861816406
Qwen3-8B,native_thinking,22,2,10,mean_bhattacharyya,3.9841374026404486,higher,3.9841374026404486,non_thinking,10,8.195207489861382,higher,8.195207489861382,-4.211070087220933
Qwen3-8B,native_thinking,22,2,10,nc2_class_cosine_deviation,0.39061264804116,lower,-0.39061264804116,non_thinking,10,0.47696223137555294,lower,-0.47696223137555294,0.08634958333439291
Qwen3-8B,native_thinking,22,3,9,logistic_precision,0.875,higher,0.875,non_thinking,10,0.7777777777777778,higher,0.7777777777777778,0.09722222222222221
Qwen3-8B,native_thinking,22,3,9,logistic_recall,0.7777777777777778,higher,0.7777777777777778,non_thinking,10,0.7,higher,0.7,0.07777777777777783
Qwen3-8B,native_thinking,22,3,9,logistic_f1,0.8235294117647058,higher,0.8235294117647058,non_thinking,10,0.7368421052631579,higher,0.7368421052631579,0.08668730650154799
Qwen3-8B,native_thinking,22,3,9,ncc_recall,0.8888888888888888,higher,0.8888888888888888,non_thinking,10,0.4,higher,0.4,0.4888888888888888
Qwen3-8B,native_thinking,22,3,9,silhouette_cosine,-0.06916608661413193,higher,-0.06916608661413193,non_thinking,10,-0.1891442984342575,higher,-0.1891442984342575,0.11997821182012558
Qwen3-8B,native_thinking,22,3,9,within_trace,1481.645751953125,lower,-1481.645751953125,non_thinking,10,1728.806396484375,lower,-1728.806396484375,247.16064453125
Qwen3-8B,native_thinking,22,3,9,class_nc1_ratio,4.634802785432397,lower,-4.634802785432397,non_thinking,10,4.998049259544811,lower,-4.998049259544811,0.3632464741124144
Qwen3-8B,native_thinking,22,3,9,centroid_nearest_squared,163.41302490234375,higher,163.41302490234375,non_thinking,10,440.17193603515625,higher,440.17193603515625,-276.7589111328125
Qwen3-8B,native_thinking,22,3,9,fisher_nearest,0.11029156239737505,higher,0.11029156239737505,non_thinking,10,0.2546103120223702,higher,0.2546103120223702,-0.1443187496249952
Qwen3-8B,native_thinking,22,3,9,min_bhattacharyya,0.6838976442813873,higher,0.6838976442813873,non_thinking,10,0.7332555651664734,higher,0.7332555651664734,-0.04935792088508606
Qwen3-8B,native_thinking,22,3,9,mean_bhattacharyya,2.963135497437583,higher,2.963135497437583,non_thinking,10,4.608511368433635,higher,4.608511368433635,-1.6453758709960518
Qwen3-8B,native_thinking,22,3,9,nc2_class_cosine_deviation,0.398506586474401,lower,-0.398506586474401,non_thinking,10,0.2988430676452907,lower,-0.2988430676452907,-0.09966351882911029
Qwen3-8B,native_thinking,22,4,9,logistic_precision,0.6666666666666666,higher,0.6666666666666666,non_thinking,10,0.25,higher,0.25,0.41666666666666663
Qwen3-8B,native_thinking,22,4,9,logistic_recall,0.6666666666666666,higher,0.6666666666666666,non_thinking,10,0.3,higher,0.3,0.36666666666666664
Qwen3-8B,native_thinking,22,4,9,logistic_f1,0.6666666666666666,higher,0.6666666666666666,non_thinking,10,0.2727272727272727,higher,0.2727272727272727,0.3939393939393939
Qwen3-8B,native_thinking,22,4,9,ncc_recall,0.4444444444444444,higher,0.4444444444444444,non_thinking,10,0.2,higher,0.2,0.2444444444444444
Qwen3-8B,native_thinking,22,4,9,silhouette_cosine,-0.12639358639717102,higher,-0.12639358639717102,non_thinking,10,-0.035824187099933624,higher,-0.035824187099933624,-0.0905693992972374
Qwen3-8B,native_thinking,22,4,9,within_trace,1407.5509033203125,lower,-1407.5509033203125,non_thinking,10,1353.5595703125,lower,-1353.5595703125,-53.9913330078125
Qwen3-8B,native_thinking,22,4,9,class_nc1_ratio,5.970699859647445,lower,-5.970699859647445,non_thinking,10,3.9305522409565805,lower,-3.9305522409565805,-2.040147618690865
Qwen3-8B,native_thinking,22,4,9,centroid_nearest_squared,76.96626281738281,higher,76.96626281738281,non_thinking,10,304.4330139160156,higher,304.4330139160156,-227.4667510986328
Qwen3-8B,native_thinking,22,4,9,fisher_nearest,0.05468098001701031,higher,0.05468098001701031,non_thinking,10,0.22491290416256327,higher,0.22491290416256327,-0.17023192414555297
Qwen3-8B,native_thinking,22,4,9,min_bhattacharyya,0.3154439479112625,higher,0.3154439479112625,non_thinking,10,0.616918534040451,higher,0.616918534040451,-0.30147458612918854
Qwen3-8B,native_thinking,22,4,9,mean_bhattacharyya,2.4816413306527667,higher,2.4816413306527667,non_thinking,10,5.379408760203256,higher,5.379408760203256,-2.897767429550489
Qwen3-8B,native_thinking,22,4,9,nc2_class_cosine_deviation,0.5609589588862879,lower,-0.5609589588862879,non_thinking,10,0.2825190592327236,lower,-0.2825190592327236,-0.2784398996535643
Qwen3-8B,native_thinking,22,5,9,logistic_precision,0.6666666666666666,higher,0.6666666666666666,non_thinking,10,0.25,higher,0.25,0.41666666666666663
Qwen3-8B,native_thinking,22,5,9,logistic_recall,0.6666666666666666,higher,0.6666666666666666,non_thinking,10,0.2,higher,0.2,0.4666666666666666
Qwen3-8B,native_thinking,22,5,9,logistic_f1,0.6666666666666666,higher,0.6666666666666666,non_thinking,10,0.2222222222222222,higher,0.2222222222222222,0.4444444444444444
Qwen3-8B,native_thinking,22,5,9,ncc_recall,0.1111111111111111,higher,0.1111111111111111,non_thinking,10,0.0,higher,0.0,0.1111111111111111
Qwen3-8B,native_thinking,22,5,9,silhouette_cosine,-0.11350706219673157,higher,-0.11350706219673157,non_thinking,10,-0.1380251944065094,higher,-0.1380251944065094,0.024518132209777832
Qwen3-8B,native_thinking,22,5,9,within_trace,1347.78125,lower,-1347.78125,non_thinking,10,1338.858154296875,lower,-1338.858154296875,-8.923095703125
Qwen3-8B,native_thinking,22,5,9,class_nc1_ratio,5.160455181887146,lower,-5.160455181887146,non_thinking,10,7.364903165313223,lower,-7.364903165313223,2.2044479834260766
Qwen3-8B,native_thinking,22,5,9,centroid_nearest_squared,26.45533561706543,higher,26.45533561706543,non_thinking,10,194.41342163085938,higher,194.41342163085938,-167.95808601379395
Qwen3-8B,native_thinking,22,5,9,fisher_nearest,0.01962880520638303,higher,0.01962880520638303,non_thinking,10,0.14520837850291843,higher,0.14520837850291843,-0.1255795732965354
Qwen3-8B,native_thinking,22,5,9,min_bhattacharyya,0.15086743980646133,higher,0.15086743980646133,non_thinking,10,0.4362226128578186,higher,0.4362226128578186,-0.28535517305135727
Qwen3-8B,native_thinking,22,5,9,mean_bhattacharyya,2.5138432772623167,higher,2.5138432772623167,non_thinking,10,4.597260693709056,higher,4.597260693709056,-2.083417416446739
Qwen3-8B,native_thinking,22,5,9,nc2_class_cosine_deviation,0.5732354808736732,lower,-0.5732354808736732,non_thinking,10,0.452449132538872,lower,-0.452449132538872,-0.12078634833480117
Qwen3-8B,native_thinking,22,6,9,logistic_precision,0.6666666666666666,higher,0.6666666666666666,non_thinking,10,0.125,higher,0.125,0.5416666666666666
Qwen3-8B,native_thinking,22,6,9,logistic_recall,0.6666666666666666,higher,0.6666666666666666,non_thinking,10,0.1,higher,0.1,0.5666666666666667
Qwen3-8B,native_thinking,22,6,9,logistic_f1,0.6666666666666666,higher,0.6666666666666666,non_thinking,10,0.1111111111111111,higher,0.1111111111111111,0.5555555555555556
Qwen3-8B,native_thinking,22,6,9,ncc_recall,0.5555555555555556,higher,0.5555555555555556,non_thinking,10,0.2,higher,0.2,0.35555555555555557
Qwen3-8B,native_thinking,22,6,9,silhouette_cosine,-0.12698613107204437,higher,-0.12698613107204437,non_thinking,10,-0.19511280953884125,higher,-0.19511280953884125,0.06812667846679688
Qwen3-8B,native_thinking,22,6,9,within_trace,1318.555908203125,lower,-1318.555908203125,non_thinking,10,1325.765625,lower,-1325.765625,7.209716796875
Qwen3-8B,native_thinking,22,6,9,class_nc1_ratio,4.903224642421946,lower,-4.903224642421946,non_thinking,10,5.911763184841323,lower,-5.911763184841323,1.0085385424193776
Qwen3-8B,native_thinking,22,6,9,centroid_nearest_squared,25.919538497924805,higher,25.919538497924805,non_thinking,10,240.24111938476562,higher,240.24111938476562,-214.32158088684082
Qwen3-8B,native_thinking,22,6,9,fisher_nearest,0.019657519515609248,higher,0.019657519515609248,non_thinking,10,0.1812093441363481,higher,0.1812093441363481,-0.16155182462073886
Qwen3-8B,native_thinking,22,6,9,min_bhattacharyya,0.15086743980646133,higher,0.15086743980646133,non_thinking,10,0.5004265606403351,higher,0.5004265606403351,-0.34955912083387375
Qwen3-8B,native_thinking,22,6,9,mean_bhattacharyya,2.545539719363054,higher,2.545539719363054,non_thinking,10,5.07893701394399,higher,5.07893701394399,-2.533397294580936
Qwen3-8B,native_thinking,22,6,9,nc2_class_cosine_deviation,0.6284900346287975,lower,-0.6284900346287975,non_thinking,10,0.47756705387139026,lower,-0.47756705387139026,-0.15092298075740723
Qwen3-8B,native_thinking,22,7,9,logistic_precision,0.5454545454545454,higher,0.5454545454545454,non_thinking,10,0.25,higher,0.25,0.2954545454545454
Qwen3-8B,native_thinking,22,7,9,logistic_recall,0.6666666666666666,higher,0.6666666666666666,non_thinking,10,0.2,higher,0.2,0.4666666666666666
Qwen3-8B,native_thinking,22,7,9,logistic_f1,0.6,higher,0.6,non_thinking,10,0.2222222222222222,higher,0.2222222222222222,0.37777777777777777
Qwen3-8B,native_thinking,22,7,9,ncc_recall,0.3333333333333333,higher,0.3333333333333333,non_thinking,10,0.1,higher,0.1,0.2333333333333333
Qwen3-8B,native_thinking,22,7,9,silhouette_cosine,-0.14265334606170654,higher,-0.14265334606170654,non_thinking,10,-0.18781180679798126,higher,-0.18781180679798126,0.04515846073627472
Qwen3-8B,native_thinking,22,7,9,within_trace,1274.510498046875,lower,-1274.510498046875,non_thinking,10,1260.5963134765625,lower,-1260.5963134765625,-13.9141845703125
Qwen3-8B,native_thinking,22,7,9,class_nc1_ratio,5.643863409023222,lower,-5.643863409023222,non_thinking,10,5.96344456539479,lower,-5.96344456539479,0.3195811563715676
Qwen3-8B,native_thinking,22,7,9,centroid_nearest_squared,25.919538497924805,higher,25.919538497924805,non_thinking,10,194.41342163085938,higher,194.41342163085938,-168.49388313293457
Qwen3-8B,native_thinking,22,7,9,fisher_nearest,0.020336857591714802,higher,0.020336857591714802,non_thinking,10,0.15422337789858528,higher,0.15422337789858528,-0.13388652030687048
Qwen3-8B,native_thinking,22,7,9,min_bhattacharyya,0.19614921510219574,higher,0.19614921510219574,non_thinking,10,0.4362226128578186,higher,0.4362226128578186,-0.24007339775562286
Qwen3-8B,native_thinking,22,7,9,mean_bhattacharyya,2.5089762889676623,higher,2.5089762889676623,non_thinking,10,4.640569597482681,higher,4.640569597482681,-2.131593308515019
Qwen3-8B,native_thinking,22,7,9,nc2_class_cosine_deviation,0.6361526570938252,lower,-0.6361526570938252,non_thinking,10,0.5045465501370254,lower,-0.5045465501370254,-0.13160610695679975
Qwen3-8B,native_thinking,22,8,9,logistic_precision,0.5454545454545454,higher,0.5454545454545454,non_thinking,10,0.0,higher,0.0,0.5454545454545454
Qwen3-8B,native_thinking,22,8,9,logistic_recall,0.6666666666666666,higher,0.6666666666666666,non_thinking,10,0.0,higher,0.0,0.6666666666666666
Qwen3-8B,native_thinking,22,8,9,logistic_f1,0.6,higher,0.6,non_thinking,10,0.0,higher,0.0,0.6
Qwen3-8B,native_thinking,22,8,9,ncc_recall,0.5555555555555556,higher,0.5555555555555556,non_thinking,10,0.1,higher,0.1,0.4555555555555556
Qwen3-8B,native_thinking,22,8,9,silhouette_cosine,-0.08950506895780563,higher,-0.08950506895780563,non_thinking,10,-0.11968424171209335,higher,-0.11968424171209335,0.03017917275428772
Qwen3-8B,native_thinking,22,8,9,within_trace,1309.832763671875,lower,-1309.832763671875,non_thinking,10,1126.2457275390625,lower,-1126.2457275390625,-183.5870361328125
Qwen3-8B,native_thinking,22,8,9,class_nc1_ratio,3.304965030904295,lower,-3.304965030904295,non_thinking,10,3.101419768935564,lower,-3.101419768935564,-0.2035452619687308
Qwen3-8B,native_thinking,22,8,9,centroid_nearest_squared,100.74140167236328,higher,100.74140167236328,non_thinking,10,102.39564514160156,higher,102.39564514160156,-1.6542434692382812
Qwen3-8B,native_thinking,22,8,9,fisher_nearest,0.076911651980634,higher,0.076911651980634,non_thinking,10,0.09091767687797962,higher,0.09091767687797962,-0.01400602489734562
Qwen3-8B,native_thinking,22,8,9,min_bhattacharyya,0.4982971251010895,higher,0.4982971251010895,non_thinking,10,0.3598516136407852,higher,0.3598516136407852,0.13844551146030426
Qwen3-8B,native_thinking,22,8,9,mean_bhattacharyya,2.9692307942443423,higher,2.9692307942443423,non_thinking,10,6.618945914838049,higher,6.618945914838049,-3.6497151205937066
Qwen3-8B,native_thinking,22,8,9,nc2_class_cosine_deviation,0.5806425188058689,lower,-0.5806425188058689,non_thinking,10,0.5802287017857588,lower,-0.5802287017857588,-0.0004138170201101188
Qwen3-8B,native_thinking,22,9,9,logistic_precision,1.0,higher,1.0,non_thinking,10,0.2,higher,0.2,0.8
Qwen3-8B,native_thinking,22,9,9,logistic_recall,0.6666666666666666,higher,0.6666666666666666,non_thinking,10,0.3,higher,0.3,0.36666666666666664
Qwen3-8B,native_thinking,22,9,9,logistic_f1,0.8,higher,0.8,non_thinking,10,0.24,higher,0.24,0.56
Qwen3-8B,native_thinking,22,9,9,ncc_recall,0.7777777777777778,higher,0.7777777777777778,non_thinking,10,0.2,higher,0.2,0.5777777777777777
Qwen3-8B,native_thinking,22,9,9,silhouette_cosine,0.07597983628511429,higher,0.07597983628511429,non_thinking,10,-0.07895669341087341,higher,-0.07895669341087341,0.1549365296959877
Qwen3-8B,native_thinking,22,9,9,within_trace,1321.7493896484375,lower,-1321.7493896484375,non_thinking,10,946.2614135742188,lower,-946.2614135742188,-375.48797607421875
Qwen3-8B,native_thinking,22,9,9,class_nc1_ratio,1.582316128929033,lower,-1.582316128929033,non_thinking,10,2.229669457000804,lower,-2.229669457000804,0.6473533280717712
Qwen3-8B,native_thinking,22,9,9,centroid_nearest_squared,367.55810546875,higher,367.55810546875,non_thinking,10,74.833251953125,higher,74.833251953125,292.724853515625
Qwen3-8B,native_thinking,22,9,9,fisher_nearest,0.2780845660662753,higher,0.2780845660662753,non_thinking,10,0.079083064023994,higher,0.079083064023994,0.1990015020422813
Qwen3-8B,native_thinking,22,9,9,min_bhattacharyya,1.165963351726532,higher,1.165963351726532,non_thinking,10,0.3598516136407852,higher,0.3598516136407852,0.8061117380857468
Qwen3-8B,native_thinking,22,9,9,mean_bhattacharyya,3.9296492801772223,higher,3.9296492801772223,non_thinking,10,7.011422168049547,higher,7.011422168049547,-3.081772887872325
Qwen3-8B,native_thinking,22,9,9,nc2_class_cosine_deviation,0.37191614582214827,lower,-0.37191614582214827,non_thinking,10,0.6192445743966987,lower,-0.6192445743966987,0.2473284285745504
Qwen3-8B,native_thinking,22,10,9,logistic_precision,1.0,higher,1.0,non_thinking,10,0.3333333333333333,higher,0.3333333333333333,0.6666666666666667
Qwen3-8B,native_thinking,22,10,9,logistic_recall,1.0,higher,1.0,non_thinking,10,0.4,higher,0.4,0.6
Qwen3-8B,native_thinking,22,10,9,logistic_f1,1.0,higher,1.0,non_thinking,10,0.36363636363636365,higher,0.36363636363636365,0.6363636363636364
Qwen3-8B,native_thinking,22,10,9,ncc_recall,0.8888888888888888,higher,0.8888888888888888,non_thinking,10,0.6,higher,0.6,0.28888888888888886
Qwen3-8B,native_thinking,22,10,9,silhouette_cosine,0.5659044981002808,higher,0.5659044981002808,non_thinking,10,-0.14300426840782166,higher,-0.14300426840782166,0.7089087665081024
Qwen3-8B,native_thinking,22,10,9,within_trace,1528.690185546875,lower,-1528.690185546875,non_thinking,10,1387.284423828125,lower,-1387.284423828125,-141.40576171875
Qwen3-8B,native_thinking,22,10,9,class_nc1_ratio,0.532689818267473,lower,-0.532689818267473,non_thinking,10,3.1134597053126054,lower,-3.1134597053126054,2.5807698870451325
Qwen3-8B,native_thinking,22,10,9,centroid_nearest_squared,3459.8916015625,higher,3459.8916015625,non_thinking,10,74.833251953125,higher,74.833251953125,3385.058349609375
Qwen3-8B,native_thinking,22,10,9,fisher_nearest,2.263304647517414,higher,2.263304647517414,non_thinking,10,0.05394225630143479,higher,0.05394225630143479,2.209362391215979
Qwen3-8B,native_thinking,22,10,9,min_bhattacharyya,5.492439270019531,higher,5.492439270019531,non_thinking,10,0.4510893449187279,higher,0.4510893449187279,5.041349925100803
Qwen3-8B,native_thinking,22,10,9,mean_bhattacharyya,6.937279171413845,higher,6.937279171413845,non_thinking,10,7.252850366135438,higher,7.252850366135438,-0.3155711947215929
Qwen3-8B,native_thinking,22,10,9,nc2_class_cosine_deviation,0.33902427020632186,lower,-0.33902427020632186,non_thinking,10,0.6430735394910531,lower,-0.6430735394910531,0.3040492692847312
Qwen3-8B,native_thinking,23,1,10,logistic_precision,1.0,higher,1.0,non_thinking,10,1.0,higher,1.0,0.0
Qwen3-8B,native_thinking,23,1,10,logistic_recall,1.0,higher,1.0,non_thinking,10,1.0,higher,1.0,0.0
Qwen3-8B,native_thinking,23,1,10,logistic_f1,1.0,higher,1.0,non_thinking,10,1.0,higher,1.0,0.0
Qwen3-8B,native_thinking,23,1,10,ncc_recall,0.9,higher,0.9,non_thinking,10,1.0,higher,1.0,-0.09999999999999998
Qwen3-8B,native_thinking,23,1,10,silhouette_cosine,0.32172611355781555,higher,0.32172611355781555,non_thinking,10,0.9932962656021118,higher,0.9932962656021118,-0.6715701520442963
Qwen3-8B,native_thinking,23,1,10,within_trace,2220.4296875,lower,-2220.4296875,non_thinking,10,28.92620849609375,lower,-28.92620849609375,-2191.5034790039062
Qwen3-8B,native_thinking,23,1,10,class_nc1_ratio,1.0186065790949135,lower,-1.0186065790949135,non_thinking,10,0.0068030660677717405,lower,-0.0068030660677717405,-1.0118035130271417
Qwen3-8B,native_thinking,23,1,10,centroid_nearest_squared,2115.26953125,higher,2115.26953125,non_thinking,10,4401.05908203125,higher,4401.05908203125,-2285.78955078125
Qwen3-8B,native_thinking,23,1,10,fisher_nearest,0.9526397269672607,higher,0.9526397269672607,non_thinking,10,152.14780335368104,higher,152.14780335368104,-151.1951636267138
Qwen3-8B,native_thinking,23,1,10,min_bhattacharyya,3.795149564743042,higher,3.795149564743042,non_thinking,10,27.6905460357666,higher,27.6905460357666,-23.89539647102356
Qwen3-8B,native_thinking,23,1,10,mean_bhattacharyya,6.631282567977905,higher,6.631282567977905,non_thinking,10,38.57551913791232,higher,38.57551913791232,-31.944236569934418
Qwen3-8B,native_thinking,23,1,10,nc2_class_cosine_deviation,0.373794662317744,lower,-0.373794662317744,non_thinking,10,0.48261585150971814,lower,-0.48261585150971814,0.10882118919197414
Qwen3-8B,native_thinking,23,2,10,logistic_precision,1.0,higher,1.0,non_thinking,10,0.8888888888888888,higher,0.8888888888888888,0.11111111111111116
Qwen3-8B,native_thinking,23,2,10,logistic_recall,1.0,higher,1.0,non_thinking,10,0.8,higher,0.8,0.19999999999999996
Qwen3-8B,native_thinking,23,2,10,logistic_f1,1.0,higher,1.0,non_thinking,10,0.8421052631578947,higher,0.8421052631578947,0.1578947368421053
Qwen3-8B,native_thinking,23,2,10,ncc_recall,0.8,higher,0.8,non_thinking,10,0.7,higher,0.7,0.10000000000000009
Qwen3-8B,native_thinking,23,2,10,silhouette_cosine,0.013532489538192749,higher,0.013532489538192749,non_thinking,10,0.1139649972319603,higher,0.1139649972319603,-0.10043250769376755
Qwen3-8B,native_thinking,23,2,10,within_trace,1700.1236572265625,lower,-1700.1236572265625,non_thinking,10,857.77197265625,lower,-857.77197265625,-842.3516845703125
Qwen3-8B,native_thinking,23,2,10,class_nc1_ratio,2.476862691550972,lower,-2.476862691550972,non_thinking,10,1.1339124921041723,lower,-1.1339124921041723,-1.3429501994467998
Qwen3-8B,native_thinking,23,2,10,centroid_nearest_squared,348.9966735839844,higher,348.9966735839844,non_thinking,10,447.77685546875,higher,447.77685546875,-98.78018188476562
Qwen3-8B,native_thinking,23,2,10,fisher_nearest,0.20527722915950006,higher,0.20527722915950006,non_thinking,10,0.5220231830169572,higher,0.5220231830169572,-0.3167459538574571
Qwen3-8B,native_thinking,23,2,10,min_bhattacharyya,1.1220757961273193,higher,1.1220757961273193,non_thinking,10,1.8313226699829102,higher,1.8313226699829102,-0.7092468738555908
Qwen3-8B,native_thinking,23,2,10,mean_bhattacharyya,3.886325412326389,higher,3.886325412326389,non_thinking,10,6.8147610028584795,higher,6.8147610028584795,-2.9284355905320907
Qwen3-8B,native_thinking,23,2,10,nc2_class_cosine_deviation,0.37284331446812474,lower,-0.37284331446812474,non_thinking,10,0.4298144730704802,lower,-0.4298144730704802,0.056971158602355465
Qwen3-8B,native_thinking,23,3,9,logistic_precision,0.8181818181818182,higher,0.8181818181818182,non_thinking,10,0.45454545454545453,higher,0.45454545454545453,0.3636363636363637
Qwen3-8B,native_thinking,23,3,9,logistic_recall,1.0,higher,1.0,non_thinking,10,0.5,higher,0.5,0.5
Qwen3-8B,native_thinking,23,3,9,logistic_f1,0.9,higher,0.9,non_thinking,10,0.47619047619047616,higher,0.47619047619047616,0.42380952380952386
Qwen3-8B,native_thinking,23,3,9,ncc_recall,0.7777777777777778,higher,0.7777777777777778,non_thinking,10,0.2,higher,0.2,0.5777777777777777
Qwen3-8B,native_thinking,23,3,9,silhouette_cosine,-0.10186389088630676,higher,-0.10186389088630676,non_thinking,10,-0.18163475394248962,higher,-0.18163475394248962,0.07977086305618286
Qwen3-8B,native_thinking,23,3,9,within_trace,1540.318115234375,lower,-1540.318115234375,non_thinking,10,1189.016357421875,lower,-1189.016357421875,-351.3017578125
Qwen3-8B,native_thinking,23,3,9,class_nc1_ratio,4.936191547980213,lower,-4.936191547980213,non_thinking,10,6.75631834873357,lower,-6.75631834873357,1.820126800753357
Qwen3-8B,native_thinking,23,3,9,centroid_nearest_squared,159.8137664794922,higher,159.8137664794922,non_thinking,10,234.11614990234375,higher,234.11614990234375,-74.30238342285156
Qwen3-8B,native_thinking,23,3,9,fisher_nearest,0.1037537408012467,higher,0.1037537408012467,non_thinking,10,0.19689901525827114,higher,0.19689901525827114,-0.09314527445702443
Qwen3-8B,native_thinking,23,3,9,min_bhattacharyya,0.6682117879390717,higher,0.6682117879390717,non_thinking,10,0.6269060671329498,higher,0.6269060671329498,0.041305720806121826
Qwen3-8B,native_thinking,23,3,9,mean_bhattacharyya,2.9060575597816043,higher,2.9060575597816043,non_thinking,10,4.787458562188679,higher,4.787458562188679,-1.8814010024070744
Qwen3-8B,native_thinking,23,3,9,nc2_class_cosine_deviation,0.43820833573462786,lower,-0.43820833573462786,non_thinking,10,0.2592855391127092,lower,-0.2592855391127092,-0.17892279662191868
Qwen3-8B,native_thinking,23,4,9,logistic_precision,0.8333333333333334,higher,0.8333333333333334,non_thinking,10,0.21428571428571427,higher,0.21428571428571427,0.6190476190476191
Qwen3-8B,native_thinking,23,4,9,logistic_recall,0.5555555555555556,higher,0.5555555555555556,non_thinking,10,0.3,higher,0.3,0.2555555555555556
Qwen3-8B,native_thinking,23,4,9,logistic_f1,0.6666666666666666,higher,0.6666666666666666,non_thinking,10,0.25,higher,0.25,0.41666666666666663
Qwen3-8B,native_thinking,23,4,9,ncc_recall,0.5555555555555556,higher,0.5555555555555556,non_thinking,10,0.3,higher,0.3,0.2555555555555556
Qwen3-8B,native_thinking,23,4,9,silhouette_cosine,-0.13241934776306152,higher,-0.13241934776306152,non_thinking,10,-0.04051914066076279,higher,-0.04051914066076279,-0.09190020710229874
Qwen3-8B,native_thinking,23,4,9,within_trace,1419.97509765625,lower,-1419.97509765625,non_thinking,10,941.8038330078125,lower,-941.8038330078125,-478.1712646484375
Qwen3-8B,native_thinking,23,4,9,class_nc1_ratio,5.460356202750453,lower,-5.460356202750453,non_thinking,10,3.9222621532940667,lower,-3.9222621532940667,-1.5380940494563862
Qwen3-8B,native_thinking,23,4,9,centroid_nearest_squared,50.7469367980957,higher,50.7469367980957,non_thinking,10,156.81912231445312,higher,156.81912231445312,-106.07218551635742
Qwen3-8B,native_thinking,23,4,9,fisher_nearest,0.03573790616599997,higher,0.03573790616599997,non_thinking,10,0.1665093269090064,higher,0.1665093269090064,-0.13077142074300643
Qwen3-8B,native_thinking,23,4,9,min_bhattacharyya,0.27290233969688416,higher,0.27290233969688416,non_thinking,10,0.4506045877933502,higher,0.4506045877933502,-0.17770224809646606
Qwen3-8B,native_thinking,23,4,9,mean_bhattacharyya,2.5056736800405712,higher,2.5056736800405712,non_thinking,10,5.494903425375621,higher,5.494903425375621,-2.9892297453350496
Qwen3-8B,native_thinking,23,4,9,nc2_class_cosine_deviation,0.5806143570829322,lower,-0.5806143570829322,non_thinking,10,0.33041977652429066,lower,-0.33041977652429066,-0.2501945805586415
Qwen3-8B,native_thinking,23,5,9,logistic_precision,0.6666666666666666,higher,0.6666666666666666,non_thinking,10,0.2727272727272727,higher,0.2727272727272727,0.3939393939393939
Qwen3-8B,native_thinking,23,5,9,logistic_recall,0.6666666666666666,higher,0.6666666666666666,non_thinking,10,0.3,higher,0.3,0.36666666666666664
Qwen3-8B,native_thinking,23,5,9,logistic_f1,0.6666666666666666,higher,0.6666666666666666,non_thinking,10,0.2857142857142857,higher,0.2857142857142857,0.38095238095238093
Qwen3-8B,native_thinking,23,5,9,ncc_recall,0.1111111111111111,higher,0.1111111111111111,non_thinking,10,0.1,higher,0.1,0.0111111111111111
Qwen3-8B,native_thinking,23,5,9,silhouette_cosine,-0.11455562710762024,higher,-0.11455562710762024,non_thinking,10,-0.15840759873390198,higher,-0.15840759873390198,0.04385197162628174
Qwen3-8B,native_thinking,23,5,9,within_trace,1289.659423828125,lower,-1289.659423828125,non_thinking,10,961.4302978515625,lower,-961.4302978515625,-328.2291259765625
Qwen3-8B,native_thinking,23,5,9,class_nc1_ratio,4.8851385988598155,lower,-4.8851385988598155,non_thinking,10,8.091180159117709,lower,-8.091180159117709,3.2060415602578933
Qwen3-8B,native_thinking,23,5,9,centroid_nearest_squared,28.774507522583008,higher,28.774507522583008,non_thinking,10,127.83930969238281,higher,127.83930969238281,-99.0648021697998
Qwen3-8B,native_thinking,23,5,9,fisher_nearest,0.022311710356189226,higher,0.022311710356189226,non_thinking,10,0.1329678396635262,higher,0.1329678396635262,-0.11065612930733698
Qwen3-8B,native_thinking,23,5,9,min_bhattacharyya,0.14265458285808563,higher,0.14265458285808563,non_thinking,10,0.3835640698671341,higher,0.3835640698671341,-0.24090948700904846
Qwen3-8B,native_thinking,23,5,9,mean_bhattacharyya,2.4913685338364706,higher,2.4913685338364706,non_thinking,10,4.480233316620191,higher,4.480233316620191,-1.98886478278372
Qwen3-8B,native_thinking,23,5,9,nc2_class_cosine_deviation,0.5706679677521742,lower,-0.5706679677521742,non_thinking,10,0.48791266352306173,lower,-0.48791266352306173,-0.08275530422911248
Qwen3-8B,native_thinking,23,6,9,logistic_precision,0.5,higher,0.5,non_thinking,10,0.4,higher,0.4,0.09999999999999998
Qwen3-8B,native_thinking,23,6,9,logistic_recall,0.5555555555555556,higher,0.5555555555555556,non_thinking,10,0.2,higher,0.2,0.35555555555555557
Qwen3-8B,native_thinking,23,6,9,logistic_f1,0.5263157894736842,higher,0.5263157894736842,non_thinking,10,0.26666666666666666,higher,0.26666666666666666,0.2596491228070175
Qwen3-8B,native_thinking,23,6,9,ncc_recall,0.6666666666666666,higher,0.6666666666666666,non_thinking,10,0.2,higher,0.2,0.4666666666666666
Qwen3-8B,native_thinking,23,6,9,silhouette_cosine,-0.12575681507587433,higher,-0.12575681507587433,non_thinking,10,-0.1886577010154724,higher,-0.1886577010154724,0.06290088593959808
Qwen3-8B,native_thinking,23,6,9,within_trace,1256.204833984375,lower,-1256.204833984375,non_thinking,10,916.5623779296875,lower,-916.5623779296875,-339.6424560546875
Qwen3-8B,native_thinking,23,6,9,class_nc1_ratio,4.814290998955381,lower,-4.814290998955381,non_thinking,10,5.615026312569701,lower,-5.615026312569701,0.8007353136143198
Qwen3-8B,native_thinking,23,6,9,centroid_nearest_squared,24.521732330322266,higher,24.521732330322266,non_thinking,10,149.84695434570312,higher,149.84695434570312,-125.32522201538086
Qwen3-8B,native_thinking,23,6,9,fisher_nearest,0.019520488750664425,higher,0.019520488750664425,non_thinking,10,0.16348800469442612,higher,0.16348800469442612,-0.1439675159437617
Qwen3-8B,native_thinking,23,6,9,min_bhattacharyya,0.14265458285808563,higher,0.14265458285808563,non_thinking,10,0.4491892158985138,higher,0.4491892158985138,-0.30653463304042816
Qwen3-8B,native_thinking,23,6,9,mean_bhattacharyya,2.5272348117497234,higher,2.5272348117497234,non_thinking,10,5.217420912451214,higher,5.217420912451214,-2.6901861007014904
Qwen3-8B,native_thinking,23,6,9,nc2_class_cosine_deviation,0.6082031806861914,lower,-0.6082031806861914,non_thinking,10,0.5160770660013329,lower,-0.5160770660013329,-0.09212611468485854
Qwen3-8B,native_thinking,23,7,9,logistic_precision,0.5555555555555556,higher,0.5555555555555556,non_thinking,10,0.3333333333333333,higher,0.3333333333333333,0.22222222222222227
Qwen3-8B,native_thinking,23,7,9,logistic_recall,0.5555555555555556,higher,0.5555555555555556,non_thinking,10,0.3,higher,0.3,0.2555555555555556
Qwen3-8B,native_thinking,23,7,9,logistic_f1,0.5555555555555556,higher,0.5555555555555556,non_thinking,10,0.3157894736842105,higher,0.3157894736842105,0.23976608187134507
Qwen3-8B,native_thinking,23,7,9,ncc_recall,0.4444444444444444,higher,0.4444444444444444,non_thinking,10,0.3,higher,0.3,0.14444444444444443
Qwen3-8B,native_thinking,23,7,9,silhouette_cosine,-0.14497624337673187,higher,-0.14497624337673187,non_thinking,10,-0.21146178245544434,higher,-0.21146178245544434,0.06648553907871246
Qwen3-8B,native_thinking,23,7,9,within_trace,1216.5050048828125,lower,-1216.5050048828125,non_thinking,10,956.6456298828125,lower,-956.6456298828125,-259.859375
Qwen3-8B,native_thinking,23,7,9,class_nc1_ratio,5.418559478424367,lower,-5.418559478424367,non_thinking,10,7.186540562081967,lower,-7.186540562081967,1.7679810836575998
Qwen3-8B,native_thinking,23,7,9,centroid_nearest_squared,24.521732330322266,higher,24.521732330322266,non_thinking,10,127.83930969238281,higher,127.83930969238281,-103.31757736206055
Qwen3-8B,native_thinking,23,7,9,fisher_nearest,0.020157526875678143,higher,0.020157526875678143,non_thinking,10,0.13363287898784726,higher,0.13363287898784726,-0.11347535211216911
Qwen3-8B,native_thinking,23,7,9,min_bhattacharyya,0.16862023621797562,higher,0.16862023621797562,non_thinking,10,0.3835640698671341,higher,0.3835640698671341,-0.21494383364915848
Qwen3-8B,native_thinking,23,7,9,mean_bhattacharyya,2.495081644091341,higher,2.495081644091341,non_thinking,10,4.433456333147155,higher,4.433456333147155,-1.9383746890558138
Qwen3-8B,native_thinking,23,7,9,nc2_class_cosine_deviation,0.6107319058781422,lower,-0.6107319058781422,non_thinking,10,0.4929287371076183,lower,-0.4929287371076183,-0.11780316877052388
Qwen3-8B,native_thinking,23,8,9,logistic_precision,0.7272727272727273,higher,0.7272727272727273,non_thinking,10,0.0,higher,0.0,0.7272727272727273
Qwen3-8B,native_thinking,23,8,9,logistic_recall,0.8888888888888888,higher,0.8888888888888888,non_thinking,10,0.0,higher,0.0,0.8888888888888888
Qwen3-8B,native_thinking,23,8,9,logistic_f1,0.8,higher,0.8,non_thinking,10,0.0,higher,0.0,0.8
Qwen3-8B,native_thinking,23,8,9,ncc_recall,0.4444444444444444,higher,0.4444444444444444,non_thinking,10,0.2,higher,0.2,0.2444444444444444
Qwen3-8B,native_thinking,23,8,9,silhouette_cosine,-0.09330083429813385,higher,-0.09330083429813385,non_thinking,10,-0.10625749826431274,higher,-0.10625749826431274,0.012956663966178894
Qwen3-8B,native_thinking,23,8,9,within_trace,1222.1673583984375,lower,-1222.1673583984375,non_thinking,10,793.7179565429688,lower,-793.7179565429688,-428.44940185546875
Qwen3-8B,native_thinking,23,8,9,class_nc1_ratio,3.1122635891097854,lower,-3.1122635891097854,non_thinking,10,3.0023279081761904,lower,-3.0023279081761904,-0.10993568093359496
Qwen3-8B,native_thinking,23,8,9,centroid_nearest_squared,114.1897964477539,higher,114.1897964477539,non_thinking,10,58.07154083251953,higher,58.07154083251953,56.118255615234375
Qwen3-8B,native_thinking,23,8,9,fisher_nearest,0.09343220931492674,higher,0.09343220931492674,non_thinking,10,0.07316394993184934,higher,0.07316394993184934,0.0202682593830774
Qwen3-8B,native_thinking,23,8,9,min_bhattacharyya,0.517360270023346,higher,0.517360270023346,non_thinking,10,0.3969837725162506,higher,0.3969837725162506,0.12037649750709534
Qwen3-8B,native_thinking,23,8,9,mean_bhattacharyya,3.0618704822328358,higher,3.0618704822328358,non_thinking,10,6.437074376477136,higher,6.437074376477136,-3.3752038942443
Qwen3-8B,native_thinking,23,8,9,nc2_class_cosine_deviation,0.5447365417156691,lower,-0.5447365417156691,non_thinking,10,0.5293942231822898,lower,-0.5293942231822898,-0.015342318533379307
Qwen3-8B,native_thinking,23,9,9,logistic_precision,1.0,higher,1.0,non_thinking,10,0.16666666666666666,higher,0.16666666666666666,0.8333333333333334
Qwen3-8B,native_thinking,23,9,9,logistic_recall,0.7777777777777778,higher,0.7777777777777778,non_thinking,10,0.2,higher,0.2,0.5777777777777777
Qwen3-8B,native_thinking,23,9,9,logistic_f1,0.875,higher,0.875,non_thinking,10,0.18181818181818182,higher,0.18181818181818182,0.6931818181818181
Qwen3-8B,native_thinking,23,9,9,ncc_recall,0.7777777777777778,higher,0.7777777777777778,non_thinking,10,0.3,higher,0.3,0.4777777777777778
Qwen3-8B,native_thinking,23,9,9,silhouette_cosine,0.08465387672185898,higher,0.08465387672185898,non_thinking,10,-0.08614037185907364,higher,-0.08614037185907364,0.17079424858093262
Qwen3-8B,native_thinking,23,9,9,within_trace,1310.47412109375,lower,-1310.47412109375,non_thinking,10,748.4093017578125,lower,-748.4093017578125,-562.0648193359375
Qwen3-8B,native_thinking,23,9,9,class_nc1_ratio,1.4158774711866196,lower,-1.4158774711866196,non_thinking,10,2.727365651362569,lower,-2.727365651362569,1.3114881801759495
Qwen3-8B,native_thinking,23,9,9,centroid_nearest_squared,399.6634521484375,higher,399.6634521484375,non_thinking,10,46.54301452636719,higher,46.54301452636719,353.1204376220703
Qwen3-8B,native_thinking,23,9,9,fisher_nearest,0.30497622632553,higher,0.30497622632553,non_thinking,10,0.06218925181321256,higher,0.06218925181321256,0.24278697451231745
Qwen3-8B,native_thinking,23,9,9,min_bhattacharyya,1.267394781112671,higher,1.267394781112671,non_thinking,10,0.37372879683971405,higher,0.37372879683971405,0.8936659842729568
Qwen3-8B,native_thinking,23,9,9,mean_bhattacharyya,4.151778075430128,higher,4.151778075430128,non_thinking,10,6.297332361340523,higher,6.297332361340523,-2.1455542859103947
Qwen3-8B,native_thinking,23,9,9,nc2_class_cosine_deviation,0.383756558192365,lower,-0.383756558192365,non_thinking,10,0.5882027914494644,lower,-0.5882027914494644,0.20444623325709943
Qwen3-8B,native_thinking,23,10,9,logistic_precision,1.0,higher,1.0,non_thinking,10,0.25,higher,0.25,0.75
Qwen3-8B,native_thinking,23,10,9,logistic_recall,1.0,higher,1.0,non_thinking,10,0.3,higher,0.3,0.7
Qwen3-8B,native_thinking,23,10,9,logistic_f1,1.0,higher,1.0,non_thinking,10,0.2727272727272727,higher,0.2727272727272727,0.7272727272727273
Qwen3-8B,native_thinking,23,10,9,ncc_recall,0.8888888888888888,higher,0.8888888888888888,non_thinking,10,0.2,higher,0.2,0.6888888888888889
Qwen3-8B,native_thinking,23,10,9,silhouette_cosine,0.5698081254959106,higher,0.5698081254959106,non_thinking,10,-0.13154177367687225,higher,-0.13154177367687225,0.7013498991727829
Qwen3-8B,native_thinking,23,10,9,within_trace,1810.776611328125,lower,-1810.776611328125,non_thinking,10,809.08837890625,lower,-809.08837890625,-1001.688232421875
Qwen3-8B,native_thinking,23,10,9,class_nc1_ratio,0.5041612479729085,lower,-0.5041612479729085,non_thinking,10,3.0824050596045756,lower,-3.0824050596045756,2.5782438116316673
Qwen3-8B,native_thinking,23,10,9,centroid_nearest_squared,4047.3603515625,higher,4047.3603515625,non_thinking,10,46.54301452636719,higher,46.54301452636719,4000.817337036133
Qwen3-8B,native_thinking,23,10,9,fisher_nearest,2.235151661581237,higher,2.235151661581237,non_thinking,10,0.05752525402637155,higher,0.05752525402637155,2.1776264075548655
Qwen3-8B,native_thinking,23,10,9,min_bhattacharyya,5.834784507751465,higher,5.834784507751465,non_thinking,10,0.37372879683971405,higher,0.37372879683971405,5.461055710911751
Qwen3-8B,native_thinking,23,10,9,mean_bhattacharyya,7.012946764628093,higher,7.012946764628093,non_thinking,10,7.259228515956137,higher,7.259228515956137,-0.24628175132804397
Qwen3-8B,native_thinking,23,10,9,nc2_class_cosine_deviation,0.35406827227568916,lower,-0.35406827227568916,non_thinking,10,0.6198668667563686,lower,-0.6198668667563686,0.26579859448067944
Qwen3-8B,native_thinking,24,1,10,logistic_precision,1.0,higher,1.0,non_thinking,10,1.0,higher,1.0,0.0
Qwen3-8B,native_thinking,24,1,10,logistic_recall,1.0,higher,1.0,non_thinking,10,1.0,higher,1.0,0.0
Qwen3-8B,native_thinking,24,1,10,logistic_f1,1.0,higher,1.0,non_thinking,10,1.0,higher,1.0,0.0
Qwen3-8B,native_thinking,24,1,10,ncc_recall,0.9,higher,0.9,non_thinking,10,1.0,higher,1.0,-0.09999999999999998
Qwen3-8B,native_thinking,24,1,10,silhouette_cosine,0.32494160532951355,higher,0.32494160532951355,non_thinking,10,0.9943526387214661,higher,0.9943526387214661,-0.6694110333919525
Qwen3-8B,native_thinking,24,1,10,within_trace,2085.27587890625,lower,-2085.27587890625,non_thinking,10,25.945919036865234,lower,-25.945919036865234,-2059.3299598693848
Qwen3-8B,native_thinking,24,1,10,class_nc1_ratio,1.0376039673349422,lower,-1.0376039673349422,non_thinking,10,0.006752945109672849,lower,-0.006752945109672849,-1.0308510222252694
Qwen3-8B,native_thinking,24,1,10,centroid_nearest_squared,1856.2308349609375,higher,1856.2308349609375,non_thinking,10,3940.67041015625,higher,3940.67041015625,-2084.4395751953125
Qwen3-8B,native_thinking,24,1,10,fisher_nearest,0.8901607953833671,higher,0.8901607953833671,non_thinking,10,151.88016290951776,higher,151.88016290951776,-150.9900021141344
Qwen3-8B,native_thinking,24,1,10,min_bhattacharyya,3.5802268981933594,higher,3.5802268981933594,non_thinking,10,26.62736701965332,higher,26.62736701965332,-23.04714012145996
Qwen3-8B,native_thinking,24,1,10,mean_bhattacharyya,6.241508722305298,higher,6.241508722305298,non_thinking,10,40.7612436082628,higher,40.7612436082628,-34.519734885957504
Qwen3-8B,native_thinking,24,1,10,nc2_class_cosine_deviation,0.3625404322174964,lower,-0.3625404322174964,non_thinking,10,0.4993647169551731,lower,-0.4993647169551731,0.13682428473767672
Qwen3-8B,native_thinking,24,2,10,logistic_precision,1.0,higher,1.0,non_thinking,10,1.0,higher,1.0,0.0
Qwen3-8B,native_thinking,24,2,10,logistic_recall,0.9,higher,0.9,non_thinking,10,0.9,higher,0.9,0.0
Qwen3-8B,native_thinking,24,2,10,logistic_f1,0.9473684210526315,higher,0.9473684210526315,non_thinking,10,0.9473684210526315,higher,0.9473684210526315,0.0
Qwen3-8B,native_thinking,24,2,10,ncc_recall,0.8,higher,0.8,non_thinking,10,0.5,higher,0.5,0.30000000000000004
Qwen3-8B,native_thinking,24,2,10,silhouette_cosine,-0.022649679332971573,higher,-0.022649679332971573,non_thinking,10,0.07441544532775879,higher,0.07441544532775879,-0.09706512466073036
Qwen3-8B,native_thinking,24,2,10,within_trace,1646.7071533203125,lower,-1646.7071533203125,non_thinking,10,665.176513671875,lower,-665.176513671875,-981.5306396484375
Qwen3-8B,native_thinking,24,2,10,class_nc1_ratio,3.090025781376297,lower,-3.090025781376297,non_thinking,10,1.2676543531905822,lower,-1.2676543531905822,-1.8223714281857146
Qwen3-8B,native_thinking,24,2,10,centroid_nearest_squared,278.1667175292969,higher,278.1667175292969,non_thinking,10,323.9176025390625,higher,323.9176025390625,-45.750885009765625
Qwen3-8B,native_thinking,24,2,10,fisher_nearest,0.168923003078246,higher,0.168923003078246,non_thinking,10,0.48696488207466665,higher,0.48696488207466665,-0.31804187899642067
Qwen3-8B,native_thinking,24,2,10,min_bhattacharyya,0.9504439234733582,higher,0.9504439234733582,non_thinking,10,1.757652759552002,higher,1.757652759552002,-0.8072088360786438
Qwen3-8B,native_thinking,24,2,10,mean_bhattacharyya,3.3870729804039,higher,3.3870729804039,non_thinking,10,6.254179901546902,higher,6.254179901546902,-2.8671069211430016
Qwen3-8B,native_thinking,24,2,10,nc2_class_cosine_deviation,0.3551237716534991,lower,-0.3551237716534991,non_thinking,10,0.39332844924043725,lower,-0.39332844924043725,0.03820467758693813
Qwen3-8B,native_thinking,24,3,9,logistic_precision,0.6666666666666666,higher,0.6666666666666666,non_thinking,10,0.625,higher,0.625,0.04166666666666663
Qwen3-8B,native_thinking,24,3,9,logistic_recall,0.8888888888888888,higher,0.8888888888888888,non_thinking,10,0.5,higher,0.5,0.38888888888888884
Qwen3-8B,native_thinking,24,3,9,logistic_f1,0.7619047619047619,higher,0.7619047619047619,non_thinking,10,0.5555555555555556,higher,0.5555555555555556,0.20634920634920628
Qwen3-8B,native_thinking,24,3,9,ncc_recall,0.6666666666666666,higher,0.6666666666666666,non_thinking,10,0.3,higher,0.3,0.36666666666666664
Qwen3-8B,native_thinking,24,3,9,silhouette_cosine,-0.11643362045288086,higher,-0.11643362045288086,non_thinking,10,-0.17710575461387634,higher,-0.17710575461387634,0.06067213416099548
Qwen3-8B,native_thinking,24,3,9,within_trace,1450.7723388671875,lower,-1450.7723388671875,non_thinking,10,992.6602783203125,lower,-992.6602783203125,-458.112060546875
Qwen3-8B,native_thinking,24,3,9,class_nc1_ratio,5.809819943565239,lower,-5.809819943565239,non_thinking,10,7.336680746360071,lower,-7.336680746360071,1.5268608027948316
Qwen3-8B,native_thinking,24,3,9,centroid_nearest_squared,106.89791107177734,higher,106.89791107177734,non_thinking,10,201.46322631835938,higher,201.46322631835938,-94.56531524658203
Qwen3-8B,native_thinking,24,3,9,fisher_nearest,0.07368344998585159,higher,0.07368344998585159,non_thinking,10,0.20295284370525707,higher,0.20295284370525707,-0.1292693937194055
Qwen3-8B,native_thinking,24,3,9,min_bhattacharyya,0.5050632357597351,higher,0.5050632357597351,non_thinking,10,0.6797417402267456,higher,0.6797417402267456,-0.1746785044670105
Qwen3-8B,native_thinking,24,3,9,mean_bhattacharyya,2.5566686855422125,higher,2.5566686855422125,non_thinking,10,5.106157143910726,higher,5.106157143910726,-2.549488458368513
Qwen3-8B,native_thinking,24,3,9,nc2_class_cosine_deviation,0.4405636534232784,lower,-0.4405636534232784,non_thinking,10,0.2874486508008875,lower,-0.2874486508008875,-0.15311500262239092
Qwen3-8B,native_thinking,24,4,9,logistic_precision,0.6666666666666666,higher,0.6666666666666666,non_thinking,10,0.25,higher,0.25,0.41666666666666663
Qwen3-8B,native_thinking,24,4,9,logistic_recall,0.4444444444444444,higher,0.4444444444444444,non_thinking,10,0.3,higher,0.3,0.14444444444444443
Qwen3-8B,native_thinking,24,4,9,logistic_f1,0.5333333333333333,higher,0.5333333333333333,non_thinking,10,0.2727272727272727,higher,0.2727272727272727,0.2606060606060606
Qwen3-8B,native_thinking,24,4,9,ncc_recall,0.5555555555555556,higher,0.5555555555555556,non_thinking,10,0.3,higher,0.3,0.2555555555555556
Qwen3-8B,native_thinking,24,4,9,silhouette_cosine,-0.13590438663959503,higher,-0.13590438663959503,non_thinking,10,-0.059096407145261765,higher,-0.059096407145261765,-0.07680797949433327
Qwen3-8B,native_thinking,24,4,9,within_trace,1317.3056640625,lower,-1317.3056640625,non_thinking,10,764.700927734375,lower,-764.700927734375,-552.604736328125
Qwen3-8B,native_thinking,24,4,9,class_nc1_ratio,6.318625925293297,lower,-6.318625925293297,non_thinking,10,4.443085739398012,lower,-4.443085739398012,-1.875540185895285
Qwen3-8B,native_thinking,24,4,9,centroid_nearest_squared,49.31946563720703,higher,49.31946563720703,non_thinking,10,112.53781127929688,higher,112.53781127929688,-63.218345642089844
Qwen3-8B,native_thinking,24,4,9,fisher_nearest,0.03743965199778193,higher,0.03743965199778193,non_thinking,10,0.1471657836387349,higher,0.1471657836387349,-0.10972613164095296
Qwen3-8B,native_thinking,24,4,9,min_bhattacharyya,0.24937933683395386,higher,0.24937933683395386,non_thinking,10,0.4828304052352905,higher,0.4828304052352905,-0.23345106840133667
Qwen3-8B,native_thinking,24,4,9,mean_bhattacharyya,2.221222370862961,higher,2.221222370862961,non_thinking,10,5.920557591650221,higher,5.920557591650221,-3.69933522078726
Qwen3-8B,native_thinking,24,4,9,nc2_class_cosine_deviation,0.6034673043975124,lower,-0.6034673043975124,non_thinking,10,0.3392780702331184,lower,-0.3392780702331184,-0.264189234164394
Qwen3-8B,native_thinking,24,5,9,logistic_precision,0.6,higher,0.6,non_thinking,10,0.23076923076923078,higher,0.23076923076923078,0.3692307692307692
Qwen3-8B,native_thinking,24,5,9,logistic_recall,0.3333333333333333,higher,0.3333333333333333,non_thinking,10,0.3,higher,0.3,0.033333333333333326
Qwen3-8B,native_thinking,24,5,9,logistic_f1,0.42857142857142855,higher,0.42857142857142855,non_thinking,10,0.2608695652173913,higher,0.2608695652173913,0.16770186335403725
Qwen3-8B,native_thinking,24,5,9,ncc_recall,0.1111111111111111,higher,0.1111111111111111,non_thinking,10,0.1,higher,0.1,0.0111111111111111
Qwen3-8B,native_thinking,24,5,9,silhouette_cosine,-0.12201134115457535,higher,-0.12201134115457535,non_thinking,10,-0.13745412230491638,higher,-0.13745412230491638,0.015442781150341034
Qwen3-8B,native_thinking,24,5,9,within_trace,1207.26220703125,lower,-1207.26220703125,non_thinking,10,805.3585815429688,lower,-805.3585815429688,-401.90362548828125
Qwen3-8B,native_thinking,24,5,9,class_nc1_ratio,5.441173011301505,lower,-5.441173011301505,non_thinking,10,6.537501670269233,lower,-6.537501670269233,1.0963286589677281
Qwen3-8B,native_thinking,24,5,9,centroid_nearest_squared,16.932022094726562,higher,16.932022094726562,non_thinking,10,116.67534637451172,higher,116.67534637451172,-99.74332427978516
Qwen3-8B,native_thinking,24,5,9,fisher_nearest,0.01402514051720686,higher,0.01402514051720686,non_thinking,10,0.14487378547699337,higher,0.14487378547699337,-0.13084864495978651
Qwen3-8B,native_thinking,24,5,9,min_bhattacharyya,0.1163896769285202,higher,0.1163896769285202,non_thinking,10,0.4584486484527588,higher,0.4584486484527588,-0.3420589715242386
Qwen3-8B,native_thinking,24,5,9,mean_bhattacharyya,2.271419076455964,higher,2.271419076455964,non_thinking,10,4.7847795022858515,higher,4.7847795022858515,-2.5133604258298874
Qwen3-8B,native_thinking,24,5,9,nc2_class_cosine_deviation,0.5893456676491985,lower,-0.5893456676491985,non_thinking,10,0.47366889851328764,lower,-0.47366889851328764,-0.11567676913591085
Qwen3-8B,native_thinking,24,6,9,logistic_precision,0.38461538461538464,higher,0.38461538461538464,non_thinking,10,0.4,higher,0.4,-0.015384615384615385
Qwen3-8B,native_thinking,24,6,9,logistic_recall,0.5555555555555556,higher,0.5555555555555556,non_thinking,10,0.2,higher,0.2,0.35555555555555557
Qwen3-8B,native_thinking,24,6,9,logistic_f1,0.45454545454545453,higher,0.45454545454545453,non_thinking,10,0.26666666666666666,higher,0.26666666666666666,0.18787878787878787
Qwen3-8B,native_thinking,24,6,9,ncc_recall,0.6666666666666666,higher,0.6666666666666666,non_thinking,10,0.2,higher,0.2,0.4666666666666666
Qwen3-8B,native_thinking,24,6,9,silhouette_cosine,-0.12844853103160858,higher,-0.12844853103160858,non_thinking,10,-0.19390524923801422,higher,-0.19390524923801422,0.06545671820640564
Qwen3-8B,native_thinking,24,6,9,within_trace,1183.539794921875,lower,-1183.539794921875,non_thinking,10,732.0250854492188,lower,-732.0250854492188,-451.51470947265625
Qwen3-8B,native_thinking,24,6,9,class_nc1_ratio,5.086073744725402,lower,-5.086073744725402,non_thinking,10,5.684484219432512,lower,-5.684484219432512,0.5984104747071095
Qwen3-8B,native_thinking,24,6,9,centroid_nearest_squared,15.199262619018555,higher,15.199262619018555,non_thinking,10,112.53781127929688,higher,112.53781127929688,-97.33854866027832
Qwen3-8B,native_thinking,24,6,9,fisher_nearest,0.012842206645043019,higher,0.012842206645043019,non_thinking,10,0.15373491088797356,higher,0.15373491088797356,-0.14089270424293054
Qwen3-8B,native_thinking,24,6,9,min_bhattacharyya,0.11271032691001892,higher,0.11271032691001892,non_thinking,10,0.4548887610435486,higher,0.4548887610435486,-0.34217843413352966
Qwen3-8B,native_thinking,24,6,9,mean_bhattacharyya,2.3083005067374973,higher,2.3083005067374973,non_thinking,10,5.3700486322244005,higher,5.3700486322244005,-3.0617481254869032
Qwen3-8B,native_thinking,24,6,9,nc2_class_cosine_deviation,0.6246767297939019,lower,-0.6246767297939019,non_thinking,10,0.5347897993561662,lower,-0.5347897993561662,-0.08988693043773566
Qwen3-8B,native_thinking,24,7,9,logistic_precision,0.6363636363636364,higher,0.6363636363636364,non_thinking,10,0.14285714285714285,higher,0.14285714285714285,0.4935064935064935
Qwen3-8B,native_thinking,24,7,9,logistic_recall,0.7777777777777778,higher,0.7777777777777778,non_thinking,10,0.1,higher,0.1,0.6777777777777778
Qwen3-8B,native_thinking,24,7,9,logistic_f1,0.7,higher,0.7,non_thinking,10,0.11764705882352941,higher,0.11764705882352941,0.5823529411764705
Qwen3-8B,native_thinking,24,7,9,ncc_recall,0.5555555555555556,higher,0.5555555555555556,non_thinking,10,0.3,higher,0.3,0.2555555555555556
Qwen3-8B,native_thinking,24,7,9,silhouette_cosine,-0.13308972120285034,higher,-0.13308972120285034,non_thinking,10,-0.1912062019109726,higher,-0.1912062019109726,0.05811648070812225
Qwen3-8B,native_thinking,24,7,9,within_trace,1125.72705078125,lower,-1125.72705078125,non_thinking,10,749.9146728515625,lower,-749.9146728515625,-375.8123779296875
Qwen3-8B,native_thinking,24,7,9,class_nc1_ratio,5.463202259039685,lower,-5.463202259039685,non_thinking,10,6.425840830265684,lower,-6.425840830265684,0.962638571225999
Qwen3-8B,native_thinking,24,7,9,centroid_nearest_squared,15.199262619018555,higher,15.199262619018555,non_thinking,10,116.67534637451172,higher,116.67534637451172,-101.47608375549316
Qwen3-8B,native_thinking,24,7,9,fisher_nearest,0.013501729933974962,higher,0.013501729933974962,non_thinking,10,0.15558482931244944,higher,0.15558482931244944,-0.14208309937847446
Qwen3-8B,native_thinking,24,7,9,min_bhattacharyya,0.11271032691001892,higher,0.11271032691001892,non_thinking,10,0.4548887610435486,higher,0.4548887610435486,-0.34217843413352966
Qwen3-8B,native_thinking,24,7,9,mean_bhattacharyya,2.319410218132867,higher,2.319410218132867,non_thinking,10,4.638843913873036,higher,4.638843913873036,-2.3194336957401696
Qwen3-8B,native_thinking,24,7,9,nc2_class_cosine_deviation,0.636143309098703,lower,-0.636143309098703,non_thinking,10,0.49034433517559073,lower,-0.49034433517559073,-0.14579897392311225
Qwen3-8B,native_thinking,24,8,9,logistic_precision,0.8,higher,0.8,non_thinking,10,0.07692307692307693,higher,0.07692307692307693,0.7230769230769232
Qwen3-8B,native_thinking,24,8,9,logistic_recall,0.8888888888888888,higher,0.8888888888888888,non_thinking,10,0.1,higher,0.1,0.7888888888888889
Qwen3-8B,native_thinking,24,8,9,logistic_f1,0.8421052631578947,higher,0.8421052631578947,non_thinking,10,0.08695652173913043,higher,0.08695652173913043,0.7551487414187643
Qwen3-8B,native_thinking,24,8,9,ncc_recall,0.7777777777777778,higher,0.7777777777777778,non_thinking,10,0.2,higher,0.2,0.5777777777777777
Qwen3-8B,native_thinking,24,8,9,silhouette_cosine,-0.10846886038780212,higher,-0.10846886038780212,non_thinking,10,-0.08311215788125992,higher,-0.08311215788125992,-0.025356702506542206
Qwen3-8B,native_thinking,24,8,9,within_trace,1212.24560546875,lower,-1212.24560546875,non_thinking,10,599.8929443359375,lower,-599.8929443359375,-612.3526611328125
Qwen3-8B,native_thinking,24,8,9,class_nc1_ratio,3.7847993054231814,lower,-3.7847993054231814,non_thinking,10,2.6734237000372487,lower,-2.6734237000372487,-1.1113756053859327
Qwen3-8B,native_thinking,24,8,9,centroid_nearest_squared,94.7932357788086,higher,94.7932357788086,non_thinking,10,50.608123779296875,higher,50.608123779296875,44.18511199951172
Qwen3-8B,native_thinking,24,8,9,fisher_nearest,0.0781963946506979,higher,0.0781963946506979,non_thinking,10,0.08436192533539208,higher,0.08436192533539208,-0.006165530684694179
Qwen3-8B,native_thinking,24,8,9,min_bhattacharyya,0.49521970748901367,higher,0.49521970748901367,non_thinking,10,0.4134044200181961,higher,0.4134044200181961,0.08181528747081757
Qwen3-8B,native_thinking,24,8,9,mean_bhattacharyya,2.6756652527385287,higher,2.6756652527385287,non_thinking,10,7.02430454062091,higher,7.02430454062091,-4.348639287882381
Qwen3-8B,native_thinking,24,8,9,nc2_class_cosine_deviation,0.5639573260221953,lower,-0.5639573260221953,non_thinking,10,0.5205047165078146,lower,-0.5205047165078146,-0.04345260951438068
Qwen3-8B,native_thinking,24,9,9,logistic_precision,1.0,higher,1.0,non_thinking,10,0.08333333333333333,higher,0.08333333333333333,0.9166666666666666
Qwen3-8B,native_thinking,24,9,9,logistic_recall,0.7777777777777778,higher,0.7777777777777778,non_thinking,10,0.1,higher,0.1,0.6777777777777778
Qwen3-8B,native_thinking,24,9,9,logistic_f1,0.875,higher,0.875,non_thinking,10,0.09090909090909091,higher,0.09090909090909091,0.7840909090909091
Qwen3-8B,native_thinking,24,9,9,ncc_recall,0.7777777777777778,higher,0.7777777777777778,non_thinking,10,0.3,higher,0.3,0.4777777777777778
Qwen3-8B,native_thinking,24,9,9,silhouette_cosine,0.10770228505134583,higher,0.10770228505134583,non_thinking,10,-0.07667852938175201,higher,-0.07667852938175201,0.18438081443309784
Qwen3-8B,native_thinking,24,9,9,within_trace,1334.939208984375,lower,-1334.939208984375,non_thinking,10,589.428955078125,lower,-589.428955078125,-745.51025390625
Qwen3-8B,native_thinking,24,9,9,class_nc1_ratio,1.5011817468309805,lower,-1.5011817468309805,non_thinking,10,2.683018967596374,lower,-2.683018967596374,1.1818372207653933
Qwen3-8B,native_thinking,24,9,9,centroid_nearest_squared,452.8289794921875,higher,452.8289794921875,non_thinking,10,41.50392150878906,higher,41.50392150878906,411.32505798339844
Qwen3-8B,native_thinking,24,9,9,fisher_nearest,0.3392131839746477,higher,0.3392131839746477,non_thinking,10,0.07041378125594117,higher,0.07041378125594117,0.26879940271870656
Qwen3-8B,native_thinking,24,9,9,min_bhattacharyya,1.3037829399108887,higher,1.3037829399108887,non_thinking,10,0.3783673942089081,higher,0.3783673942089081,0.9254155457019806
Qwen3-8B,native_thinking,24,9,9,mean_bhattacharyya,3.761967751714918,higher,3.761967751714918,non_thinking,10,6.363699873288472,higher,6.363699873288472,-2.601732121573554
Qwen3-8B,native_thinking,24,9,9,nc2_class_cosine_deviation,0.3326696257716344,lower,-0.3326696257716344,non_thinking,10,0.5802134659923153,lower,-0.5802134659923153,0.24754384022068088
Qwen3-8B,native_thinking,24,10,9,logistic_precision,1.0,higher,1.0,non_thinking,10,0.09090909090909091,higher,0.09090909090909091,0.9090909090909091
Qwen3-8B,native_thinking,24,10,9,logistic_recall,1.0,higher,1.0,non_thinking,10,0.1,higher,0.1,0.9
Qwen3-8B,native_thinking,24,10,9,logistic_f1,1.0,higher,1.0,non_thinking,10,0.09523809523809523,higher,0.09523809523809523,0.9047619047619048
Qwen3-8B,native_thinking,24,10,9,ncc_recall,0.8888888888888888,higher,0.8888888888888888,non_thinking,10,0.2,higher,0.2,0.6888888888888889
Qwen3-8B,native_thinking,24,10,9,silhouette_cosine,0.5682401061058044,higher,0.5682401061058044,non_thinking,10,-0.15411870181560516,higher,-0.15411870181560516,0.7223588079214096
Qwen3-8B,native_thinking,24,10,9,within_trace,2016.57666015625,lower,-2016.57666015625,non_thinking,10,621.3768920898438,lower,-621.3768920898438,-1395.1997680664062
Qwen3-8B,native_thinking,24,10,9,class_nc1_ratio,0.5436722277601437,lower,-0.5436722277601437,non_thinking,10,3.0351703796225853,lower,-3.0351703796225853,2.4914981518624417
Qwen3-8B,native_thinking,24,10,9,centroid_nearest_squared,4485.8916015625,higher,4485.8916015625,non_thinking,10,41.50392150878906,higher,41.50392150878906,4444.387680053711
Qwen3-8B,native_thinking,24,10,9,fisher_nearest,2.224508341386298,higher,2.224508341386298,non_thinking,10,0.06679347435853486,higher,0.06679347435853486,2.1577148670277633
Qwen3-8B,native_thinking,24,10,9,min_bhattacharyya,5.961577892303467,higher,5.961577892303467,non_thinking,10,0.3783673942089081,higher,0.3783673942089081,5.583210498094559
Qwen3-8B,native_thinking,24,10,9,mean_bhattacharyya,6.584211932288276,higher,6.584211932288276,non_thinking,10,7.343160750137435,higher,7.343160750137435,-0.7589488178491592
Qwen3-8B,native_thinking,24,10,9,nc2_class_cosine_deviation,0.35642900032761654,lower,-0.35642900032761654,non_thinking,10,0.6075086911887299,lower,-0.6075086911887299,0.2510796908611133
Qwen3-8B,native_thinking,25,1,10,logistic_precision,0.9090909090909091,higher,0.9090909090909091,non_thinking,10,1.0,higher,1.0,-0.09090909090909094
Qwen3-8B,native_thinking,25,1,10,logistic_recall,1.0,higher,1.0,non_thinking,10,1.0,higher,1.0,0.0
Qwen3-8B,native_thinking,25,1,10,logistic_f1,0.9523809523809523,higher,0.9523809523809523,non_thinking,10,1.0,higher,1.0,-0.04761904761904767
Qwen3-8B,native_thinking,25,1,10,ncc_recall,0.9,higher,0.9,non_thinking,10,1.0,higher,1.0,-0.09999999999999998
Qwen3-8B,native_thinking,25,1,10,silhouette_cosine,0.2717675566673279,higher,0.2717675566673279,non_thinking,10,0.9961215853691101,higher,0.9961215853691101,-0.7243540287017822
Qwen3-8B,native_thinking,25,1,10,within_trace,2456.43603515625,lower,-2456.43603515625,non_thinking,10,17.054059982299805,lower,-17.054059982299805,-2439.38197517395
Qwen3-8B,native_thinking,25,1,10,class_nc1_ratio,1.2074674004235821,lower,-1.2074674004235821,non_thinking,10,0.004909731543150337,lower,-0.004909731543150337,-1.2025576688804318
Qwen3-8B,native_thinking,25,1,10,centroid_nearest_squared,1796.0286865234375,higher,1796.0286865234375,non_thinking,10,3483.556884765625,higher,3483.556884765625,-1687.5281982421875
Qwen3-8B,native_thinking,25,1,10,fisher_nearest,0.7311522306377479,higher,0.7311522306377479,non_thinking,10,204.26554664292053,higher,204.26554664292053,-203.53439441228278
Qwen3-8B,native_thinking,25,1,10,min_bhattacharyya,3.3932864665985107,higher,3.3932864665985107,non_thinking,10,26.12699794769287,higher,26.12699794769287,-22.73371148109436
Qwen3-8B,native_thinking,25,1,10,mean_bhattacharyya,6.088792483011882,higher,6.088792483011882,non_thinking,10,41.952047771877716,higher,41.952047771877716,-35.86325528886584
Qwen3-8B,native_thinking,25,1,10,nc2_class_cosine_deviation,0.37804958091496865,lower,-0.37804958091496865,non_thinking,10,0.5215452775175188,lower,-0.5215452775175188,0.14349569660255013
Qwen3-8B,native_thinking,25,2,10,logistic_precision,1.0,higher,1.0,non_thinking,10,0.7777777777777778,higher,0.7777777777777778,0.2222222222222222
Qwen3-8B,native_thinking,25,2,10,logistic_recall,0.9,higher,0.9,non_thinking,10,0.7,higher,0.7,0.20000000000000007
Qwen3-8B,native_thinking,25,2,10,logistic_f1,0.9473684210526315,higher,0.9473684210526315,non_thinking,10,0.7368421052631579,higher,0.7368421052631579,0.21052631578947367
Qwen3-8B,native_thinking,25,2,10,ncc_recall,0.7,higher,0.7,non_thinking,10,0.5,higher,0.5,0.19999999999999996
Qwen3-8B,native_thinking,25,2,10,silhouette_cosine,-0.050721801817417145,higher,-0.050721801817417145,non_thinking,10,0.027886535972356796,higher,0.027886535972356796,-0.07860833778977394
Qwen3-8B,native_thinking,25,2,10,within_trace,1758.042236328125,lower,-1758.042236328125,non_thinking,10,585.127685546875,lower,-585.127685546875,-1172.91455078125
Qwen3-8B,native_thinking,25,2,10,class_nc1_ratio,3.632163737590496,lower,-3.632163737590496,non_thinking,10,1.5274032731113985,lower,-1.5274032731113985,-2.1047604644790976
Qwen3-8B,native_thinking,25,2,10,centroid_nearest_squared,245.95082092285156,higher,245.95082092285156,non_thinking,10,268.0216369628906,higher,268.0216369628906,-22.070816040039062
Qwen3-8B,native_thinking,25,2,10,fisher_nearest,0.1399004050303981,higher,0.1399004050303981,non_thinking,10,0.4580566662341244,higher,0.4580566662341244,-0.3181562612037263
Qwen3-8B,native_thinking,25,2,10,min_bhattacharyya,0.9334704279899597,higher,0.9334704279899597,non_thinking,10,1.5516508221626282,higher,1.5516508221626282,-0.6181803941726685
Qwen3-8B,native_thinking,25,2,10,mean_bhattacharyya,3.2683056129349604,higher,3.2683056129349604,non_thinking,10,5.537889460722606,higher,5.537889460722606,-2.2695838477876453
Qwen3-8B,native_thinking,25,2,10,nc2_class_cosine_deviation,0.3542075257426427,lower,-0.3542075257426427,non_thinking,10,0.37269609656046937,lower,-0.37269609656046937,0.018488570817826677
Qwen3-8B,native_thinking,25,3,9,logistic_precision,0.6923076923076923,higher,0.6923076923076923,non_thinking,10,0.3333333333333333,higher,0.3333333333333333,0.358974358974359
Qwen3-8B,native_thinking,25,3,9,logistic_recall,1.0,higher,1.0,non_thinking,10,0.4,higher,0.4,0.6
Qwen3-8B,native_thinking,25,3,9,logistic_f1,0.8181818181818182,higher,0.8181818181818182,non_thinking,10,0.36363636363636365,higher,0.36363636363636365,0.4545454545454546
Qwen3-8B,native_thinking,25,3,9,ncc_recall,0.6666666666666666,higher,0.6666666666666666,non_thinking,10,0.1,higher,0.1,0.5666666666666667
Qwen3-8B,native_thinking,25,3,9,silhouette_cosine,-0.11203258484601974,higher,-0.11203258484601974,non_thinking,10,-0.18687614798545837,higher,-0.18687614798545837,0.07484356313943863
Qwen3-8B,native_thinking,25,3,9,within_trace,1499.7203369140625,lower,-1499.7203369140625,non_thinking,10,909.4894409179688,lower,-909.4894409179688,-590.2308959960938
Qwen3-8B,native_thinking,25,3,9,class_nc1_ratio,6.404469114421629,lower,-6.404469114421629,non_thinking,10,8.534341217597898,lower,-8.534341217597898,2.129872103176269
Qwen3-8B,native_thinking,25,3,9,centroid_nearest_squared,113.35832214355469,higher,113.35832214355469,non_thinking,10,144.92507934570312,higher,144.92507934570312,-31.566757202148438
Qwen3-8B,native_thinking,25,3,9,fisher_nearest,0.07558630722899265,higher,0.07558630722899265,non_thinking,10,0.15934773162338958,higher,0.15934773162338958,-0.08376142439439693
Qwen3-8B,native_thinking,25,3,9,min_bhattacharyya,0.5308966338634491,higher,0.5308966338634491,non_thinking,10,0.6587947010993958,higher,0.6587947010993958,-0.12789806723594666
Qwen3-8B,native_thinking,25,3,9,mean_bhattacharyya,2.51031157374382,higher,2.51031157374382,non_thinking,10,4.6906830535994635,higher,4.6906830535994635,-2.1803714798556433
Qwen3-8B,native_thinking,25,3,9,nc2_class_cosine_deviation,0.4398150690141376,lower,-0.4398150690141376,non_thinking,10,0.29188292905872254,lower,-0.29188292905872254,-0.14793213995541504
Qwen3-8B,native_thinking,25,4,9,logistic_precision,0.5,higher,0.5,non_thinking,10,0.125,higher,0.125,0.375
Qwen3-8B,native_thinking,25,4,9,logistic_recall,0.2222222222222222,higher,0.2222222222222222,non_thinking,10,0.1,higher,0.1,0.1222222222222222
Qwen3-8B,native_thinking,25,4,9,logistic_f1,0.3076923076923077,higher,0.3076923076923077,non_thinking,10,0.1111111111111111,higher,0.1111111111111111,0.1965811965811966
Qwen3-8B,native_thinking,25,4,9,ncc_recall,0.3333333333333333,higher,0.3333333333333333,non_thinking,10,0.1,higher,0.1,0.2333333333333333
Qwen3-8B,native_thinking,25,4,9,silhouette_cosine,-0.14254511892795563,higher,-0.14254511892795563,non_thinking,10,-0.055647581815719604,higher,-0.055647581815719604,-0.08689753711223602
Qwen3-8B,native_thinking,25,4,9,within_trace,1377.26611328125,lower,-1377.26611328125,non_thinking,10,672.8757934570312,lower,-672.8757934570312,-704.3903198242188
Qwen3-8B,native_thinking,25,4,9,class_nc1_ratio,6.85736604223323,lower,-6.85736604223323,non_thinking,10,4.513526425883071,lower,-4.513526425883071,-2.3438396163501594
Qwen3-8B,native_thinking,25,4,9,centroid_nearest_squared,33.57475662231445,higher,33.57475662231445,non_thinking,10,110.605224609375,higher,110.605224609375,-77.03046798706055
Qwen3-8B,native_thinking,25,4,9,fisher_nearest,0.024377828147041754,higher,0.024377828147041754,non_thinking,10,0.16437688156549515,higher,0.16437688156549515,-0.1399990534184534
Qwen3-8B,native_thinking,25,4,9,min_bhattacharyya,0.19705185294151306,higher,0.19705185294151306,non_thinking,10,0.5109542608261108,higher,0.5109542608261108,-0.3139024078845978
Qwen3-8B,native_thinking,25,4,9,mean_bhattacharyya,2.1280437310536704,higher,2.1280437310536704,non_thinking,10,6.23502215411928,higher,6.23502215411928,-4.106978423065609
Qwen3-8B,native_thinking,25,4,9,nc2_class_cosine_deviation,0.6250851772449635,lower,-0.6250851772449635,non_thinking,10,0.35548175931160836,lower,-0.35548175931160836,-0.2696034179333551
Qwen3-8B,native_thinking,25,5,9,logistic_precision,0.375,higher,0.375,non_thinking,10,0.2,higher,0.2,0.175
Qwen3-8B,native_thinking,25,5,9,logistic_recall,0.3333333333333333,higher,0.3333333333333333,non_thinking,10,0.3,higher,0.3,0.033333333333333326
Qwen3-8B,native_thinking,25,5,9,logistic_f1,0.35294117647058826,higher,0.35294117647058826,non_thinking,10,0.24,higher,0.24,0.11294117647058827
Qwen3-8B,native_thinking,25,5,9,ncc_recall,0.2222222222222222,higher,0.2222222222222222,non_thinking,10,0.1,higher,0.1,0.1222222222222222
Qwen3-8B,native_thinking,25,5,9,silhouette_cosine,-0.10956961661577225,higher,-0.10956961661577225,non_thinking,10,-0.17080596089363098,higher,-0.17080596089363098,0.061236344277858734
Qwen3-8B,native_thinking,25,5,9,within_trace,1223.5826416015625,lower,-1223.5826416015625,non_thinking,10,717.7838134765625,lower,-717.7838134765625,-505.798828125
Qwen3-8B,native_thinking,25,5,9,class_nc1_ratio,5.4591991353082,lower,-5.4591991353082,non_thinking,10,7.233164928886036,lower,-7.233164928886036,1.773965793577836
Qwen3-8B,native_thinking,25,5,9,centroid_nearest_squared,17.988441467285156,higher,17.988441467285156,non_thinking,10,88.54468536376953,higher,88.54468536376953,-70.55624389648438
Qwen3-8B,native_thinking,25,5,9,fisher_nearest,0.014701451994889255,higher,0.014701451994889255,non_thinking,10,0.12335843146825258,higher,0.12335843146825258,-0.10865697947336332
Qwen3-8B,native_thinking,25,5,9,min_bhattacharyya,0.1045144647359848,higher,0.1045144647359848,non_thinking,10,0.4473161995410919,higher,0.4473161995410919,-0.3428017348051071
Qwen3-8B,native_thinking,25,5,9,mean_bhattacharyya,2.2314180632432303,higher,2.2314180632432303,non_thinking,10,4.89716253346867,higher,4.89716253346867,-2.6657444702254396
Qwen3-8B,native_thinking,25,5,9,nc2_class_cosine_deviation,0.6035253022004058,lower,-0.6035253022004058,non_thinking,10,0.5321954426206188,lower,-0.5321954426206188,-0.07132985957978699
Qwen3-8B,native_thinking,25,6,9,logistic_precision,0.4166666666666667,higher,0.4166666666666667,non_thinking,10,0.0,higher,0.0,0.4166666666666667
Qwen3-8B,native_thinking,25,6,9,logistic_recall,0.5555555555555556,higher,0.5555555555555556,non_thinking,10,0.0,higher,0.0,0.5555555555555556
Qwen3-8B,native_thinking,25,6,9,logistic_f1,0.47619047619047616,higher,0.47619047619047616,non_thinking,10,0.0,higher,0.0,0.47619047619047616
Qwen3-8B,native_thinking,25,6,9,ncc_recall,0.6666666666666666,higher,0.6666666666666666,non_thinking,10,0.1,higher,0.1,0.5666666666666667
Qwen3-8B,native_thinking,25,6,9,silhouette_cosine,-0.13313451409339905,higher,-0.13313451409339905,non_thinking,10,-0.16699625551700592,higher,-0.16699625551700592,0.03386174142360687
Qwen3-8B,native_thinking,25,6,9,within_trace,1239.806640625,lower,-1239.806640625,non_thinking,10,631.8834228515625,lower,-631.8834228515625,-607.9232177734375
Qwen3-8B,native_thinking,25,6,9,class_nc1_ratio,5.45029977914018,lower,-5.45029977914018,non_thinking,10,5.45833528760128,lower,-5.45833528760128,0.008035508461099461
Qwen3-8B,native_thinking,25,6,9,centroid_nearest_squared,11.45406723022461,higher,11.45406723022461,non_thinking,10,100.87161254882812,higher,100.87161254882812,-89.41754531860352
Qwen3-8B,native_thinking,25,6,9,fisher_nearest,0.009238591611713332,higher,0.009238591611713332,non_thinking,10,0.1596364280196098,higher,0.1596364280196098,-0.15039783640789647
Qwen3-8B,native_thinking,25,6,9,min_bhattacharyya,0.07805934548377991,higher,0.07805934548377991,non_thinking,10,0.5109542608261108,higher,0.5109542608261108,-0.43289491534233093
Qwen3-8B,native_thinking,25,6,9,mean_bhattacharyya,2.2072990288337073,higher,2.2072990288337073,non_thinking,10,5.734051042132908,higher,5.734051042132908,-3.5267520132992005
Qwen3-8B,native_thinking,25,6,9,nc2_class_cosine_deviation,0.6349555723093174,lower,-0.6349555723093174,non_thinking,10,0.5489965664383806,lower,-0.5489965664383806,-0.08595900587093686
Qwen3-8B,native_thinking,25,7,9,logistic_precision,0.6666666666666666,higher,0.6666666666666666,non_thinking,10,0.2727272727272727,higher,0.2727272727272727,0.3939393939393939
Qwen3-8B,native_thinking,25,7,9,logistic_recall,0.4444444444444444,higher,0.4444444444444444,non_thinking,10,0.3,higher,0.3,0.14444444444444443
Qwen3-8B,native_thinking,25,7,9,logistic_f1,0.5333333333333333,higher,0.5333333333333333,non_thinking,10,0.2857142857142857,higher,0.2857142857142857,0.24761904761904763
Qwen3-8B,native_thinking,25,7,9,ncc_recall,0.2222222222222222,higher,0.2222222222222222,non_thinking,10,0.2,higher,0.2,0.0222222222222222
Qwen3-8B,native_thinking,25,7,9,silhouette_cosine,-0.12982992827892303,higher,-0.12982992827892303,non_thinking,10,-0.19596490263938904,higher,-0.19596490263938904,0.066134974360466
Qwen3-8B,native_thinking,25,7,9,within_trace,1195.771240234375,lower,-1195.771240234375,non_thinking,10,706.0172119140625,lower,-706.0172119140625,-489.7540283203125
Qwen3-8B,native_thinking,25,7,9,class_nc1_ratio,5.679926598456047,lower,-5.679926598456047,non_thinking,10,6.621814661005652,lower,-6.621814661005652,0.9418880625496042
Qwen3-8B,native_thinking,25,7,9,centroid_nearest_squared,11.45406723022461,higher,11.45406723022461,non_thinking,10,97.24032592773438,higher,97.24032592773438,-85.78625869750977
Qwen3-8B,native_thinking,25,7,9,fisher_nearest,0.009578811435521375,higher,0.009578811435521375,non_thinking,10,0.1377308148962955,higher,0.1377308148962955,-0.1281520034607741
Qwen3-8B,native_thinking,25,7,9,min_bhattacharyya,0.07805934548377991,higher,0.07805934548377991,non_thinking,10,0.4473161995410919,higher,0.4473161995410919,-0.369256854057312
Qwen3-8B,native_thinking,25,7,9,mean_bhattacharyya,2.2472197065750756,higher,2.2472197065750756,non_thinking,10,4.7074103818999395,higher,4.7074103818999395,-2.460190675324864
Qwen3-8B,native_thinking,25,7,9,nc2_class_cosine_deviation,0.6403227752005614,lower,-0.6403227752005614,non_thinking,10,0.4740562525428371,lower,-0.4740562525428371,-0.16626652265772424
Qwen3-8B,native_thinking,25,8,9,logistic_precision,0.6153846153846154,higher,0.6153846153846154,non_thinking,10,0.0,higher,0.0,0.6153846153846154
Qwen3-8B,native_thinking,25,8,9,logistic_recall,0.8888888888888888,higher,0.8888888888888888,non_thinking,10,0.0,higher,0.0,0.8888888888888888
Qwen3-8B,native_thinking,25,8,9,logistic_f1,0.7272727272727273,higher,0.7272727272727273,non_thinking,10,0.0,higher,0.0,0.7272727272727273
Qwen3-8B,native_thinking,25,8,9,ncc_recall,0.7777777777777778,higher,0.7777777777777778,non_thinking,10,0.1,higher,0.1,0.6777777777777778
Qwen3-8B,native_thinking,25,8,9,silhouette_cosine,-0.10312630236148834,higher,-0.10312630236148834,non_thinking,10,-0.10762325674295425,higher,-0.10762325674295425,0.004496954381465912
Qwen3-8B,native_thinking,25,8,9,within_trace,1288.626708984375,lower,-1288.626708984375,non_thinking,10,587.8811645507812,lower,-587.8811645507812,-700.7455444335938
Qwen3-8B,native_thinking,25,8,9,class_nc1_ratio,4.291207624640508,lower,-4.291207624640508,non_thinking,10,3.095526336572726,lower,-3.095526336572726,-1.195681288067782
Qwen3-8B,native_thinking,25,8,9,centroid_nearest_squared,79.007080078125,higher,79.007080078125,non_thinking,10,42.385498046875,higher,42.385498046875,36.62158203125
Qwen3-8B,native_thinking,25,8,9,fisher_nearest,0.06131106823045291,higher,0.06131106823045291,non_thinking,10,0.0720987515891296,higher,0.0720987515891296,-0.010787683358676685
Qwen3-8B,native_thinking,25,8,9,min_bhattacharyya,0.4141949415206909,higher,0.4141949415206909,non_thinking,10,0.3930172324180603,higher,0.3930172324180603,0.021177709102630615
Qwen3-8B,native_thinking,25,8,9,mean_bhattacharyya,2.554107281896803,higher,2.554107281896803,non_thinking,10,6.5405831999248925,higher,6.5405831999248925,-3.9864759180280895
Qwen3-8B,native_thinking,25,8,9,nc2_class_cosine_deviation,0.5766791509993283,lower,-0.5766791509993283,non_thinking,10,0.5643521832463182,lower,-0.5643521832463182,-0.01232696775301012
Qwen3-8B,native_thinking,25,9,9,logistic_precision,1.0,higher,1.0,non_thinking,10,0.1111111111111111,higher,0.1111111111111111,0.8888888888888888
Qwen3-8B,native_thinking,25,9,9,logistic_recall,0.7777777777777778,higher,0.7777777777777778,non_thinking,10,0.1,higher,0.1,0.6777777777777778
Qwen3-8B,native_thinking,25,9,9,logistic_f1,0.875,higher,0.875,non_thinking,10,0.10526315789473684,higher,0.10526315789473684,0.7697368421052632
Qwen3-8B,native_thinking,25,9,9,ncc_recall,0.7777777777777778,higher,0.7777777777777778,non_thinking,10,0.2,higher,0.2,0.5777777777777777
Qwen3-8B,native_thinking,25,9,9,silhouette_cosine,0.10928472876548767,higher,0.10928472876548767,non_thinking,10,-0.08190840482711792,higher,-0.08190840482711792,0.1911931335926056
Qwen3-8B,native_thinking,25,9,9,within_trace,1479.5936279296875,lower,-1479.5936279296875,non_thinking,10,534.462890625,lower,-534.462890625,-945.1307373046875
Qwen3-8B,native_thinking,25,9,9,class_nc1_ratio,1.610028952631293,lower,-1.610028952631293,non_thinking,10,2.943297527170824,lower,-2.943297527170824,1.3332685745395312
Qwen3-8B,native_thinking,25,9,9,centroid_nearest_squared,515.4033203125,higher,515.4033203125,non_thinking,10,28.713029861450195,higher,28.713029861450195,486.6902904510498
Qwen3-8B,native_thinking,25,9,9,fisher_nearest,0.3483411327160654,higher,0.3483411327160654,non_thinking,10,0.05372314966128561,higher,0.05372314966128561,0.2946179830547798
Qwen3-8B,native_thinking,25,9,9,min_bhattacharyya,1.3625584840774536,higher,1.3625584840774536,non_thinking,10,0.33568674325942993,higher,0.33568674325942993,1.0268717408180237
Qwen3-8B,native_thinking,25,9,9,mean_bhattacharyya,3.7098886834250555,higher,3.7098886834250555,non_thinking,10,6.254179394907421,higher,6.254179394907421,-2.5442907114823656
Qwen3-8B,native_thinking,25,9,9,nc2_class_cosine_deviation,0.31501679711135816,lower,-0.31501679711135816,non_thinking,10,0.6045607762572206,lower,-0.6045607762572206,0.28954397914586244
Qwen3-8B,native_thinking,25,10,9,logistic_precision,1.0,higher,1.0,non_thinking,10,0.25,higher,0.25,0.75
Qwen3-8B,native_thinking,25,10,9,logistic_recall,1.0,higher,1.0,non_thinking,10,0.3,higher,0.3,0.7
Qwen3-8B,native_thinking,25,10,9,logistic_f1,1.0,higher,1.0,non_thinking,10,0.2727272727272727,higher,0.2727272727272727,0.7272727272727273
Qwen3-8B,native_thinking,25,10,9,ncc_recall,0.8888888888888888,higher,0.8888888888888888,non_thinking,10,0.2,higher,0.2,0.6888888888888889
Qwen3-8B,native_thinking,25,10,9,silhouette_cosine,0.548681914806366,higher,0.548681914806366,non_thinking,10,-0.157536119222641,higher,-0.157536119222641,0.706218034029007
Qwen3-8B,native_thinking,25,10,9,within_trace,2197.805419921875,lower,-2197.805419921875,non_thinking,10,532.49560546875,lower,-532.49560546875,-1665.309814453125
Qwen3-8B,native_thinking,25,10,9,class_nc1_ratio,0.5790245508884462,lower,-0.5790245508884462,non_thinking,10,3.499547265746141,lower,-3.499547265746141,2.920522714857695
Qwen3-8B,native_thinking,25,10,9,centroid_nearest_squared,4631.56396484375,higher,4631.56396484375,non_thinking,10,28.713029861450195,higher,28.713029861450195,4602.8509349823
Qwen3-8B,native_thinking,25,10,9,fisher_nearest,2.1073585144804983,higher,2.1073585144804983,non_thinking,10,0.05392162783423242,higher,0.05392162783423242,2.053436886646266
Qwen3-8B,native_thinking,25,10,9,min_bhattacharyya,5.729250431060791,higher,5.729250431060791,non_thinking,10,0.33568674325942993,higher,0.33568674325942993,5.393563687801361
Qwen3-8B,native_thinking,25,10,9,mean_bhattacharyya,6.334160751766628,higher,6.334160751766628,non_thinking,10,7.369949082533519,higher,7.369949082533519,-1.0357883307668905
Qwen3-8B,native_thinking,25,10,9,nc2_class_cosine_deviation,0.3657937360766493,lower,-0.3657937360766493,non_thinking,10,0.6423562189311157,lower,-0.6423562189311157,0.27656248285446644
Qwen3-8B,native_thinking,26,1,10,logistic_precision,1.0,higher,1.0,non_thinking,10,1.0,higher,1.0,0.0
Qwen3-8B,native_thinking,26,1,10,logistic_recall,1.0,higher,1.0,non_thinking,10,1.0,higher,1.0,0.0
Qwen3-8B,native_thinking,26,1,10,logistic_f1,1.0,higher,1.0,non_thinking,10,1.0,higher,1.0,0.0
Qwen3-8B,native_thinking,26,1,10,ncc_recall,0.9,higher,0.9,non_thinking,10,1.0,higher,1.0,-0.09999999999999998
Qwen3-8B,native_thinking,26,1,10,silhouette_cosine,0.2574671804904938,higher,0.2574671804904938,non_thinking,10,0.9956052899360657,higher,0.9956052899360657,-0.7381381094455719
Qwen3-8B,native_thinking,26,1,10,within_trace,2524.631591796875,lower,-2524.631591796875,non_thinking,10,16.738889694213867,lower,-16.738889694213867,-2507.892702102661
Qwen3-8B,native_thinking,26,1,10,class_nc1_ratio,1.282016173547347,lower,-1.282016173547347,non_thinking,10,0.005445178931033554,lower,-0.005445178931033554,-1.2765709946163135
Qwen3-8B,native_thinking,26,1,10,centroid_nearest_squared,1700.684814453125,higher,1700.684814453125,non_thinking,10,3026.814208984375,higher,3026.814208984375,-1326.12939453125
Qwen3-8B,native_thinking,26,1,10,fisher_nearest,0.6736368268459652,higher,0.6736368268459652,non_thinking,10,180.82526764189467,higher,180.82526764189467,-180.1516308150487
Qwen3-8B,native_thinking,26,1,10,min_bhattacharyya,3.2949893474578857,higher,3.2949893474578857,non_thinking,10,24.406753540039062,higher,24.406753540039062,-21.111764192581177
Qwen3-8B,native_thinking,26,1,10,mean_bhattacharyya,5.875558800167507,higher,5.875558800167507,non_thinking,10,41.24263678656684,higher,41.24263678656684,-35.36707798639934
Qwen3-8B,native_thinking,26,1,10,nc2_class_cosine_deviation,0.3893255943915358,lower,-0.3893255943915358,non_thinking,10,0.5285995070949012,lower,-0.5285995070949012,0.13927391270336542
Qwen3-8B,native_thinking,26,2,10,logistic_precision,1.0,higher,1.0,non_thinking,10,0.7777777777777778,higher,0.7777777777777778,0.2222222222222222
Qwen3-8B,native_thinking,26,2,10,logistic_recall,0.8,higher,0.8,non_thinking,10,0.7,higher,0.7,0.10000000000000009
Qwen3-8B,native_thinking,26,2,10,logistic_f1,0.8888888888888888,higher,0.8888888888888888,non_thinking,10,0.7368421052631579,higher,0.7368421052631579,0.15204678362573099
Qwen3-8B,native_thinking,26,2,10,ncc_recall,0.7,higher,0.7,non_thinking,10,0.5,higher,0.5,0.19999999999999996
Qwen3-8B,native_thinking,26,2,10,silhouette_cosine,-0.062490709125995636,higher,-0.062490709125995636,non_thinking,10,-0.012336110696196556,higher,-0.012336110696196556,-0.05015459842979908
Qwen3-8B,native_thinking,26,2,10,within_trace,1748.7142333984375,lower,-1748.7142333984375,non_thinking,10,554.3355712890625,lower,-554.3355712890625,-1194.378662109375
Qwen3-8B,native_thinking,26,2,10,class_nc1_ratio,4.212912116384389,lower,-4.212912116384389,non_thinking,10,1.7498417400502975,lower,-1.7498417400502975,-2.463070376334091
Qwen3-8B,native_thinking,26,2,10,centroid_nearest_squared,208.83099365234375,higher,208.83099365234375,non_thinking,10,223.67408752441406,higher,223.67408752441406,-14.843093872070312
Qwen3-8B,native_thinking,26,2,10,fisher_nearest,0.11941973689234703,higher,0.11941973689234703,non_thinking,10,0.40349943086689904,higher,0.40349943086689904,-0.284079693974552
Qwen3-8B,native_thinking,26,2,10,min_bhattacharyya,0.8326651453971863,higher,0.8326651453971863,non_thinking,10,1.4379404783248901,higher,1.4379404783248901,-0.6052753329277039
Qwen3-8B,native_thinking,26,2,10,mean_bhattacharyya,3.0096428328090243,higher,3.0096428328090243,non_thinking,10,5.110847817526923,higher,5.110847817526923,-2.101204984717899
Qwen3-8B,native_thinking,26,2,10,nc2_class_cosine_deviation,0.3510356682962106,lower,-0.3510356682962106,non_thinking,10,0.36809825366017995,lower,-0.36809825366017995,0.017062585363969374
Qwen3-8B,native_thinking,26,3,9,logistic_precision,0.5384615384615384,higher,0.5384615384615384,non_thinking,10,0.3333333333333333,higher,0.3333333333333333,0.20512820512820512
Qwen3-8B,native_thinking,26,3,9,logistic_recall,0.7777777777777778,higher,0.7777777777777778,non_thinking,10,0.3,higher,0.3,0.4777777777777778
Qwen3-8B,native_thinking,26,3,9,logistic_f1,0.6363636363636364,higher,0.6363636363636364,non_thinking,10,0.3157894736842105,higher,0.3157894736842105,0.32057416267942584
Qwen3-8B,native_thinking,26,3,9,ncc_recall,0.7777777777777778,higher,0.7777777777777778,non_thinking,10,0.1,higher,0.1,0.6777777777777778
Qwen3-8B,native_thinking,26,3,9,silhouette_cosine,-0.11989542841911316,higher,-0.11989542841911316,non_thinking,10,-0.1923093944787979,higher,-0.1923093944787979,0.07241396605968475
Qwen3-8B,native_thinking,26,3,9,within_trace,1517.4298095703125,lower,-1517.4298095703125,non_thinking,10,845.576171875,lower,-845.576171875,-671.8536376953125
Qwen3-8B,native_thinking,26,3,9,class_nc1_ratio,7.362428945205691,lower,-7.362428945205691,non_thinking,10,9.62065250845713,lower,-9.62065250845713,2.2582235632514394
Qwen3-8B,native_thinking,26,3,9,centroid_nearest_squared,98.47354125976562,higher,98.47354125976562,non_thinking,10,123.46939086914062,higher,123.46939086914062,-24.995849609375
Qwen3-8B,native_thinking,26,3,9,fisher_nearest,0.06489495635231403,higher,0.06489495635231403,non_thinking,10,0.1460180584267846,higher,0.1460180584267846,-0.08112310207447058
Qwen3-8B,native_thinking,26,3,9,min_bhattacharyya,0.47932249307632446,higher,0.47932249307632446,non_thinking,10,0.5942792892456055,higher,0.5942792892456055,-0.114956796169281
Qwen3-8B,native_thinking,26,3,9,mean_bhattacharyya,2.3567280305756464,higher,2.3567280305756464,non_thinking,10,4.699862940443887,higher,4.699862940443887,-2.3431349098682404
Qwen3-8B,native_thinking,26,3,9,nc2_class_cosine_deviation,0.4469614692814189,lower,-0.4469614692814189,non_thinking,10,0.3084847808896024,lower,-0.3084847808896024,-0.13847668839181648
Qwen3-8B,native_thinking,26,4,9,logistic_precision,0.5,higher,0.5,non_thinking,10,0.23076923076923078,higher,0.23076923076923078,0.2692307692307692
Qwen3-8B,native_thinking,26,4,9,logistic_recall,0.3333333333333333,higher,0.3333333333333333,non_thinking,10,0.3,higher,0.3,0.033333333333333326
Qwen3-8B,native_thinking,26,4,9,logistic_f1,0.4,higher,0.4,non_thinking,10,0.2608695652173913,higher,0.2608695652173913,0.13913043478260873
Qwen3-8B,native_thinking,26,4,9,ncc_recall,0.3333333333333333,higher,0.3333333333333333,non_thinking,10,0.1,higher,0.1,0.2333333333333333
Qwen3-8B,native_thinking,26,4,9,silhouette_cosine,-0.14370621740818024,higher,-0.14370621740818024,non_thinking,10,-0.0847424641251564,higher,-0.0847424641251564,-0.058963753283023834
Qwen3-8B,native_thinking,26,4,9,within_trace,1366.875244140625,lower,-1366.875244140625,non_thinking,10,649.447265625,lower,-649.447265625,-717.427978515625
Qwen3-8B,native_thinking,26,4,9,class_nc1_ratio,7.27838854677214,lower,-7.27838854677214,non_thinking,10,5.121064070502565,lower,-5.121064070502565,-2.157324476269575
Qwen3-8B,native_thinking,26,4,9,centroid_nearest_squared,27.277557373046875,higher,27.277557373046875,non_thinking,10,84.43525695800781,higher,84.43525695800781,-57.15769958496094
Qwen3-8B,native_thinking,26,4,9,fisher_nearest,0.019956142661868667,higher,0.019956142661868667,non_thinking,10,0.13001095150774247,higher,0.13001095150774247,-0.1100548088458738
Qwen3-8B,native_thinking,26,4,9,min_bhattacharyya,0.16091123223304749,higher,0.16091123223304749,non_thinking,10,0.4740883409976959,higher,0.4740883409976959,-0.31317710876464844
Qwen3-8B,native_thinking,26,4,9,mean_bhattacharyya,2.004499034749137,higher,2.004499034749137,non_thinking,10,6.009040253029929,higher,6.009040253029929,-4.004541218280792
Qwen3-8B,native_thinking,26,4,9,nc2_class_cosine_deviation,0.6379293655907667,lower,-0.6379293655907667,non_thinking,10,0.3706414703463699,lower,-0.3706414703463699,-0.26728789524439683
Qwen3-8B,native_thinking,26,5,9,logistic_precision,0.4444444444444444,higher,0.4444444444444444,non_thinking,10,0.21428571428571427,higher,0.21428571428571427,0.23015873015873015
Qwen3-8B,native_thinking,26,5,9,logistic_recall,0.4444444444444444,higher,0.4444444444444444,non_thinking,10,0.3,higher,0.3,0.14444444444444443
Qwen3-8B,native_thinking,26,5,9,logistic_f1,0.4444444444444444,higher,0.4444444444444444,non_thinking,10,0.25,higher,0.25,0.19444444444444442
Qwen3-8B,native_thinking,26,5,9,ncc_recall,0.3333333333333333,higher,0.3333333333333333,non_thinking,10,0.1,higher,0.1,0.2333333333333333
Qwen3-8B,native_thinking,26,5,9,silhouette_cosine,-0.10985957086086273,higher,-0.10985957086086273,non_thinking,10,-0.168858140707016,higher,-0.168858140707016,0.05899856984615326
Qwen3-8B,native_thinking,26,5,9,within_trace,1226.3116455078125,lower,-1226.3116455078125,non_thinking,10,713.4015502929688,lower,-713.4015502929688,-512.9100952148438
Qwen3-8B,native_thinking,26,5,9,class_nc1_ratio,5.808883573834874,lower,-5.808883573834874,non_thinking,10,7.667350124664973,lower,-7.667350124664973,1.8584665508300997
Qwen3-8B,native_thinking,26,5,9,centroid_nearest_squared,16.492305755615234,higher,16.492305755615234,non_thinking,10,77.980224609375,higher,77.980224609375,-61.487918853759766
Qwen3-8B,native_thinking,26,5,9,fisher_nearest,0.013448706791645783,higher,0.013448706791645783,non_thinking,10,0.1093076186578951,higher,0.1093076186578951,-0.09585891186624931
Qwen3-8B,native_thinking,26,5,9,min_bhattacharyya,0.09848275780677795,higher,0.09848275780677795,non_thinking,10,0.46445465087890625,higher,0.46445465087890625,-0.3659718930721283
Qwen3-8B,native_thinking,26,5,9,mean_bhattacharyya,2.12334876259168,higher,2.12334876259168,non_thinking,10,4.788831075032552,higher,4.788831075032552,-2.6654823124408717
Qwen3-8B,native_thinking,26,5,9,nc2_class_cosine_deviation,0.6202052144080769,lower,-0.6202052144080769,non_thinking,10,0.521189327409238,lower,-0.521189327409238,-0.0990158869988389
Qwen3-8B,native_thinking,26,6,9,logistic_precision,0.5384615384615384,higher,0.5384615384615384,non_thinking,10,0.0,higher,0.0,0.5384615384615384
Qwen3-8B,native_thinking,26,6,9,logistic_recall,0.7777777777777778,higher,0.7777777777777778,non_thinking,10,0.0,higher,0.0,0.7777777777777778
Qwen3-8B,native_thinking,26,6,9,logistic_f1,0.6363636363636364,higher,0.6363636363636364,non_thinking,10,0.0,higher,0.0,0.6363636363636364
Qwen3-8B,native_thinking,26,6,9,ncc_recall,0.5555555555555556,higher,0.5555555555555556,non_thinking,10,0.1,higher,0.1,0.4555555555555556
Qwen3-8B,native_thinking,26,6,9,silhouette_cosine,-0.13079717755317688,higher,-0.13079717755317688,non_thinking,10,-0.1614219844341278,higher,-0.1614219844341278,0.030624806880950928
Qwen3-8B,native_thinking,26,6,9,within_trace,1241.753173828125,lower,-1241.753173828125,non_thinking,10,581.9673461914062,lower,-581.9673461914062,-659.7858276367188
Qwen3-8B,native_thinking,26,6,9,class_nc1_ratio,5.737596084200124,lower,-5.737596084200124,non_thinking,10,5.445817923672135,lower,-5.445817923672135,-0.291778160527989
Qwen3-8B,native_thinking,26,6,9,centroid_nearest_squared,10.325912475585938,higher,10.325912475585938,non_thinking,10,84.43525695800781,higher,84.43525695800781,-74.10934448242188
Qwen3-8B,native_thinking,26,6,9,fisher_nearest,0.008315591772359085,higher,0.008315591772359085,non_thinking,10,0.145085901314878,higher,0.145085901314878,-0.13677030954251893
Qwen3-8B,native_thinking,26,6,9,min_bhattacharyya,0.07191497832536697,higher,0.07191497832536697,non_thinking,10,0.4740883409976959,higher,0.4740883409976959,-0.40217336267232895
Qwen3-8B,native_thinking,26,6,9,mean_bhattacharyya,2.092769607073731,higher,2.092769607073731,non_thinking,10,5.488380319542355,higher,5.488380319542355,-3.3956107124686237
Qwen3-8B,native_thinking,26,6,9,nc2_class_cosine_deviation,0.6398023927101383,lower,-0.6398023927101383,non_thinking,10,0.5491107705934548,lower,-0.5491107705934548,-0.09069162211668347
Qwen3-8B,native_thinking,26,7,9,logistic_precision,0.7142857142857143,higher,0.7142857142857143,non_thinking,10,0.3333333333333333,higher,0.3333333333333333,0.380952380952381
Qwen3-8B,native_thinking,26,7,9,logistic_recall,0.5555555555555556,higher,0.5555555555555556,non_thinking,10,0.3,higher,0.3,0.2555555555555556
Qwen3-8B,native_thinking,26,7,9,logistic_f1,0.625,higher,0.625,non_thinking,10,0.3157894736842105,higher,0.3157894736842105,0.3092105263157895
Qwen3-8B,native_thinking,26,7,9,ncc_recall,0.2222222222222222,higher,0.2222222222222222,non_thinking,10,0.3,higher,0.3,-0.07777777777777778
Qwen3-8B,native_thinking,26,7,9,silhouette_cosine,-0.1260446161031723,higher,-0.1260446161031723,non_thinking,10,-0.19498568773269653,higher,-0.19498568773269653,0.06894107162952423
Qwen3-8B,native_thinking,26,7,9,within_trace,1207.2357177734375,lower,-1207.2357177734375,non_thinking,10,626.7557373046875,lower,-626.7557373046875,-580.47998046875
Qwen3-8B,native_thinking,26,7,9,class_nc1_ratio,5.85198807960113,lower,-5.85198807960113,non_thinking,10,6.673681738103915,lower,-6.673681738103915,0.8216936585027854
Qwen3-8B,native_thinking,26,7,9,centroid_nearest_squared,10.325912475585938,higher,10.325912475585938,non_thinking,10,89.45783233642578,higher,89.45783233642578,-79.13191986083984
Qwen3-8B,native_thinking,26,7,9,fisher_nearest,0.008553352359910714,higher,0.008553352359910714,non_thinking,10,0.14273157310235718,higher,0.14273157310235718,-0.13417822074244645
Qwen3-8B,native_thinking,26,7,9,min_bhattacharyya,0.07191497832536697,higher,0.07191497832536697,non_thinking,10,0.46445465087890625,higher,0.46445465087890625,-0.3925396725535393
Qwen3-8B,native_thinking,26,7,9,mean_bhattacharyya,2.159999258816242,higher,2.159999258816242,non_thinking,10,4.650256094005373,higher,4.650256094005373,-2.4902568351891308
Qwen3-8B,native_thinking,26,7,9,nc2_class_cosine_deviation,0.6501322659077469,lower,-0.6501322659077469,non_thinking,10,0.47436788094080523,lower,-0.47436788094080523,-0.17576438496694163
Qwen3-8B,native_thinking,26,8,9,logistic_precision,0.7,higher,0.7,non_thinking,10,0.0,higher,0.0,0.7
Qwen3-8B,native_thinking,26,8,9,logistic_recall,0.7777777777777778,higher,0.7777777777777778,non_thinking,10,0.0,higher,0.0,0.7777777777777778
Qwen3-8B,native_thinking,26,8,9,logistic_f1,0.7368421052631579,higher,0.7368421052631579,non_thinking,10,0.0,higher,0.0,0.7368421052631579
Qwen3-8B,native_thinking,26,8,9,ncc_recall,0.6666666666666666,higher,0.6666666666666666,non_thinking,10,0.1,higher,0.1,0.5666666666666667
Qwen3-8B,native_thinking,26,8,9,silhouette_cosine,-0.1039348915219307,higher,-0.1039348915219307,non_thinking,10,-0.12925145030021667,higher,-0.12925145030021667,0.02531655877828598
Qwen3-8B,native_thinking,26,8,9,within_trace,1344.68505859375,lower,-1344.68505859375,non_thinking,10,529.080078125,lower,-529.080078125,-815.60498046875
Qwen3-8B,native_thinking,26,8,9,class_nc1_ratio,4.650264725210925,lower,-4.650264725210925,non_thinking,10,3.290449637104365,lower,-3.290449637104365,-1.35981508810656
Qwen3-8B,native_thinking,26,8,9,centroid_nearest_squared,68.26606750488281,higher,68.26606750488281,non_thinking,10,36.93885040283203,higher,36.93885040283203,31.32721710205078
Qwen3-8B,native_thinking,26,8,9,fisher_nearest,0.05076732805841865,higher,0.05076732805841865,non_thinking,10,0.0698171258569008,higher,0.0698171258569008,-0.019049797798482142
Qwen3-8B,native_thinking,26,8,9,min_bhattacharyya,0.38069263100624084,higher,0.38069263100624084,non_thinking,10,0.3964841514825821,higher,0.3964841514825821,-0.015791520476341248
Qwen3-8B,native_thinking,26,8,9,mean_bhattacharyya,2.405399054288864,higher,2.405399054288864,non_thinking,10,6.642279782229,higher,6.642279782229,-4.236880727940136
Qwen3-8B,native_thinking,26,8,9,nc2_class_cosine_deviation,0.5877533394981315,lower,-0.5877533394981315,non_thinking,10,0.5681384184662206,lower,-0.5681384184662206,-0.01961492103191087
Qwen3-8B,native_thinking,26,9,9,logistic_precision,1.0,higher,1.0,non_thinking,10,0.1111111111111111,higher,0.1111111111111111,0.8888888888888888
Qwen3-8B,native_thinking,26,9,9,logistic_recall,0.7777777777777778,higher,0.7777777777777778,non_thinking,10,0.1,higher,0.1,0.6777777777777778
Qwen3-8B,native_thinking,26,9,9,logistic_f1,0.875,higher,0.875,non_thinking,10,0.10526315789473684,higher,0.10526315789473684,0.7697368421052632
Qwen3-8B,native_thinking,26,9,9,ncc_recall,0.6666666666666666,higher,0.6666666666666666,non_thinking,10,0.2,higher,0.2,0.4666666666666666
Qwen3-8B,native_thinking,26,9,9,silhouette_cosine,0.0695103332400322,higher,0.0695103332400322,non_thinking,10,-0.07259770482778549,higher,-0.07259770482778549,0.1421080380678177
Qwen3-8B,native_thinking,26,9,9,within_trace,1639.9207763671875,lower,-1639.9207763671875,non_thinking,10,486.46343994140625,lower,-486.46343994140625,-1153.4573364257812
Qwen3-8B,native_thinking,26,9,9,class_nc1_ratio,1.9131252218078663,lower,-1.9131252218078663,non_thinking,10,2.924995035679658,lower,-2.924995035679658,1.0118698138717916
Qwen3-8B,native_thinking,26,9,9,centroid_nearest_squared,501.2034912109375,higher,501.2034912109375,non_thinking,10,28.1387939453125,higher,28.1387939453125,473.064697265625
Qwen3-8B,native_thinking,26,9,9,fisher_nearest,0.3056266488197203,higher,0.3056266488197203,non_thinking,10,0.05784359447176909,higher,0.05784359447176909,0.2477830543479512
Qwen3-8B,native_thinking,26,9,9,min_bhattacharyya,1.2505871653556824,higher,1.2505871653556824,non_thinking,10,0.35209719091653824,higher,0.35209719091653824,0.8984899744391441
Qwen3-8B,native_thinking,26,9,9,mean_bhattacharyya,3.4850650827089944,higher,3.4850650827089944,non_thinking,10,6.24876462502612,higher,6.24876462502612,-2.763699542317126
Qwen3-8B,native_thinking,26,9,9,nc2_class_cosine_deviation,0.2992062627763292,lower,-0.2992062627763292,non_thinking,10,0.5960823234952526,lower,-0.5960823234952526,0.29687606071892336
Qwen3-8B,native_thinking,26,10,9,logistic_precision,1.0,higher,1.0,non_thinking,10,0.2,higher,0.2,0.8
Qwen3-8B,native_thinking,26,10,9,logistic_recall,1.0,higher,1.0,non_thinking,10,0.3,higher,0.3,0.7
Qwen3-8B,native_thinking,26,10,9,logistic_f1,1.0,higher,1.0,non_thinking,10,0.24,higher,0.24,0.76
Qwen3-8B,native_thinking,26,10,9,ncc_recall,0.8888888888888888,higher,0.8888888888888888,non_thinking,10,0.2,higher,0.2,0.6888888888888889
Qwen3-8B,native_thinking,26,10,9,silhouette_cosine,0.5350358486175537,higher,0.5350358486175537,non_thinking,10,-0.16797082126140594,higher,-0.16797082126140594,0.7030066698789597
Qwen3-8B,native_thinking,26,10,9,within_trace,2333.3408203125,lower,-2333.3408203125,non_thinking,10,475.580810546875,lower,-475.580810546875,-1857.760009765625
Qwen3-8B,native_thinking,26,10,9,class_nc1_ratio,0.6187522917163928,lower,-0.6187522917163928,non_thinking,10,3.6431807191680865,lower,-3.6431807191680865,3.024428427451694
Qwen3-8B,native_thinking,26,10,9,centroid_nearest_squared,4659.4873046875,higher,4659.4873046875,non_thinking,10,28.1387939453125,higher,28.1387939453125,4631.3485107421875
Qwen3-8B,native_thinking,26,10,9,fisher_nearest,1.99691672306297,higher,1.99691672306297,non_thinking,10,0.05916721894845889,higher,0.05916721894845889,1.9377495041145112
Qwen3-8B,native_thinking,26,10,9,min_bhattacharyya,5.637203216552734,higher,5.637203216552734,non_thinking,10,0.35209719091653824,higher,0.35209719091653824,5.285106025636196
Qwen3-8B,native_thinking,26,10,9,mean_bhattacharyya,6.108669757843018,higher,6.108669757843018,non_thinking,10,7.192455655170812,higher,7.192455655170812,-1.083785897327794
Qwen3-8B,native_thinking,26,10,9,nc2_class_cosine_deviation,0.37702832230723193,lower,-0.37702832230723193,non_thinking,10,0.6432122922973869,lower,-0.6432122922973869,0.2661839699901549
Qwen3-8B,native_thinking,27,1,10,logistic_precision,1.0,higher,1.0,non_thinking,10,1.0,higher,1.0,0.0
Qwen3-8B,native_thinking,27,1,10,logistic_recall,1.0,higher,1.0,non_thinking,10,1.0,higher,1.0,0.0
Qwen3-8B,native_thinking,27,1,10,logistic_f1,1.0,higher,1.0,non_thinking,10,1.0,higher,1.0,0.0
Qwen3-8B,native_thinking,27,1,10,ncc_recall,0.9,higher,0.9,non_thinking,10,1.0,higher,1.0,-0.09999999999999998
Qwen3-8B,native_thinking,27,1,10,silhouette_cosine,0.23794762790203094,higher,0.23794762790203094,non_thinking,10,0.9966073036193848,higher,0.9966073036193848,-0.7586596757173538
Qwen3-8B,native_thinking,27,1,10,within_trace,2522.565185546875,lower,-2522.565185546875,non_thinking,10,11.889213562011719,lower,-11.889213562011719,-2510.6759719848633
Qwen3-8B,native_thinking,27,1,10,class_nc1_ratio,1.3656279727786858,lower,-1.3656279727786858,non_thinking,10,0.004253366760945279,lower,-0.004253366760945279,-1.3613746060177405
Qwen3-8B,native_thinking,27,1,10,centroid_nearest_squared,1654.6865234375,higher,1654.6865234375,non_thinking,10,2783.9345703125,higher,2783.9345703125,-1129.248046875
Qwen3-8B,native_thinking,27,1,10,fisher_nearest,0.6559539206035523,higher,0.6559539206035523,non_thinking,10,234.1563263030026,higher,234.1563263030026,-233.50037238239904
Qwen3-8B,native_thinking,27,1,10,min_bhattacharyya,3.2234339714050293,higher,3.2234339714050293,non_thinking,10,25.61832618713379,higher,25.61832618713379,-22.39489221572876
Qwen3-8B,native_thinking,27,1,10,mean_bhattacharyya,5.584836430019802,higher,5.584836430019802,non_thinking,10,45.46925926208496,higher,45.46925926208496,-39.884422832065155
Qwen3-8B,native_thinking,27,1,10,nc2_class_cosine_deviation,0.38510391143737016,lower,-0.38510391143737016,non_thinking,10,0.5406823321992967,lower,-0.5406823321992967,0.15557842076192657
Qwen3-8B,native_thinking,27,2,10,logistic_precision,1.0,higher,1.0,non_thinking,10,0.7,higher,0.7,0.30000000000000004
Qwen3-8B,native_thinking,27,2,10,logistic_recall,0.9,higher,0.9,non_thinking,10,0.7,higher,0.7,0.20000000000000007
Qwen3-8B,native_thinking,27,2,10,logistic_f1,0.9473684210526315,higher,0.9473684210526315,non_thinking,10,0.7,higher,0.7,0.24736842105263157
Qwen3-8B,native_thinking,27,2,10,ncc_recall,0.7,higher,0.7,non_thinking,10,0.5,higher,0.5,0.19999999999999996
Qwen3-8B,native_thinking,27,2,10,silhouette_cosine,-0.08583994954824448,higher,-0.08583994954824448,non_thinking,10,-0.0419856458902359,higher,-0.0419856458902359,-0.043854303658008575
Qwen3-8B,native_thinking,27,2,10,within_trace,1900.017333984375,lower,-1900.017333984375,non_thinking,10,489.0242004394531,lower,-489.0242004394531,-1410.9931335449219
Qwen3-8B,native_thinking,27,2,10,class_nc1_ratio,4.908236767235213,lower,-4.908236767235213,non_thinking,10,1.924017531154828,lower,-1.924017531154828,-2.984219236080385
Qwen3-8B,native_thinking,27,2,10,centroid_nearest_squared,198.12249755859375,higher,198.12249755859375,non_thinking,10,175.46519470214844,higher,175.46519470214844,22.657302856445312
Qwen3-8B,native_thinking,27,2,10,fisher_nearest,0.10427404740730804,higher,0.10427404740730804,non_thinking,10,0.3588067718212507,higher,0.3588067718212507,-0.25453272441394265
Qwen3-8B,native_thinking,27,2,10,min_bhattacharyya,0.8246794044971466,higher,0.8246794044971466,non_thinking,10,1.3535714149475098,higher,1.3535714149475098,-0.5288920104503632
Qwen3-8B,native_thinking,27,2,10,mean_bhattacharyya,2.82630247871081,higher,2.82630247871081,non_thinking,10,5.113500263955858,higher,5.113500263955858,-2.287197785245048
Qwen3-8B,native_thinking,27,2,10,nc2_class_cosine_deviation,0.3355275099568161,lower,-0.3355275099568161,non_thinking,10,0.35012188043307374,lower,-0.35012188043307374,0.014594370476257668
Qwen3-8B,native_thinking,27,3,9,logistic_precision,0.6363636363636364,higher,0.6363636363636364,non_thinking,10,0.4,higher,0.4,0.23636363636363633
Qwen3-8B,native_thinking,27,3,9,logistic_recall,0.7777777777777778,higher,0.7777777777777778,non_thinking,10,0.4,higher,0.4,0.37777777777777777
Qwen3-8B,native_thinking,27,3,9,logistic_f1,0.7,higher,0.7,non_thinking,10,0.4,higher,0.4,0.29999999999999993
Qwen3-8B,native_thinking,27,3,9,ncc_recall,0.6666666666666666,higher,0.6666666666666666,non_thinking,10,0.1,higher,0.1,0.5666666666666667
Qwen3-8B,native_thinking,27,3,9,silhouette_cosine,-0.1115598976612091,higher,-0.1115598976612091,non_thinking,10,-0.19844567775726318,higher,-0.19844567775726318,0.08688578009605408
Qwen3-8B,native_thinking,27,3,9,within_trace,1606.59326171875,lower,-1606.59326171875,non_thinking,10,697.1170654296875,lower,-697.1170654296875,-909.4761962890625
Qwen3-8B,native_thinking,27,3,9,class_nc1_ratio,7.985741897163705,lower,-7.985741897163705,non_thinking,10,9.478230409054172,lower,-9.478230409054172,1.4924885118904667
Qwen3-8B,native_thinking,27,3,9,centroid_nearest_squared,90.27855682373047,higher,90.27855682373047,non_thinking,10,108.12879943847656,higher,108.12879943847656,-17.850242614746094
Qwen3-8B,native_thinking,27,3,9,fisher_nearest,0.05619254043624554,higher,0.05619254043624554,non_thinking,10,0.15510852452281937,higher,0.15510852452281937,-0.09891598408657383
Qwen3-8B,native_thinking,27,3,9,min_bhattacharyya,0.4527924656867981,higher,0.4527924656867981,non_thinking,10,0.6072258353233337,higher,0.6072258353233337,-0.15443336963653564
Qwen3-8B,native_thinking,27,3,9,mean_bhattacharyya,2.248552954859204,higher,2.248552954859204,non_thinking,10,5.173161036438412,higher,5.173161036438412,-2.924608081579208
Qwen3-8B,native_thinking,27,3,9,nc2_class_cosine_deviation,0.4586609827101598,lower,-0.4586609827101598,non_thinking,10,0.33534413387562023,lower,-0.33534413387562023,-0.12331684883453958
Qwen3-8B,native_thinking,27,4,9,logistic_precision,0.5,higher,0.5,non_thinking,10,0.36363636363636365,higher,0.36363636363636365,0.13636363636363635
Qwen3-8B,native_thinking,27,4,9,logistic_recall,0.4444444444444444,higher,0.4444444444444444,non_thinking,10,0.4,higher,0.4,0.0444444444444444
Qwen3-8B,native_thinking,27,4,9,logistic_f1,0.47058823529411764,higher,0.47058823529411764,non_thinking,10,0.38095238095238093,higher,0.38095238095238093,0.08963585434173671
Qwen3-8B,native_thinking,27,4,9,ncc_recall,0.6666666666666666,higher,0.6666666666666666,non_thinking,10,0.1,higher,0.1,0.5666666666666667
Qwen3-8B,native_thinking,27,4,9,silhouette_cosine,-0.13857759535312653,higher,-0.13857759535312653,non_thinking,10,-0.08019247651100159,higher,-0.08019247651100159,-0.05838511884212494
Qwen3-8B,native_thinking,27,4,9,within_trace,1501.55712890625,lower,-1501.55712890625,non_thinking,10,510.55584716796875,lower,-510.55584716796875,-991.0012817382812
Qwen3-8B,native_thinking,27,4,9,class_nc1_ratio,8.38070206955028,lower,-8.38070206955028,non_thinking,10,4.90098440687654,lower,-4.90098440687654,-3.47971766267374
Qwen3-8B,native_thinking,27,4,9,centroid_nearest_squared,27.195552825927734,higher,27.195552825927734,non_thinking,10,70.0409164428711,higher,70.0409164428711,-42.84536361694336
Qwen3-8B,native_thinking,27,4,9,fisher_nearest,0.018111567187415148,higher,0.018111567187415148,non_thinking,10,0.13718561217423134,higher,0.13718561217423134,-0.11907404498681619
Qwen3-8B,native_thinking,27,4,9,min_bhattacharyya,0.14805783331394196,higher,0.14805783331394196,non_thinking,10,0.5244259983301163,higher,0.5244259983301163,-0.3763681650161743
Qwen3-8B,native_thinking,27,4,9,mean_bhattacharyya,1.9130866014295154,higher,1.9130866014295154,non_thinking,10,6.958367120888498,higher,6.958367120888498,-5.0452805194589825
Qwen3-8B,native_thinking,27,4,9,nc2_class_cosine_deviation,0.6469206302254289,lower,-0.6469206302254289,non_thinking,10,0.4013040104857934,lower,-0.4013040104857934,-0.2456166197396355
Qwen3-8B,native_thinking,27,5,9,logistic_precision,0.45454545454545453,higher,0.45454545454545453,non_thinking,10,0.125,higher,0.125,0.32954545454545453
Qwen3-8B,native_thinking,27,5,9,logistic_recall,0.5555555555555556,higher,0.5555555555555556,non_thinking,10,0.1,higher,0.1,0.4555555555555556
Qwen3-8B,native_thinking,27,5,9,logistic_f1,0.5,higher,0.5,non_thinking,10,0.1111111111111111,higher,0.1111111111111111,0.3888888888888889
Qwen3-8B,native_thinking,27,5,9,ncc_recall,0.4444444444444444,higher,0.4444444444444444,non_thinking,10,0.1,higher,0.1,0.34444444444444444
Qwen3-8B,native_thinking,27,5,9,silhouette_cosine,-0.11846593767404556,higher,-0.11846593767404556,non_thinking,10,-0.18047574162483215,higher,-0.18047574162483215,0.06200980395078659
Qwen3-8B,native_thinking,27,5,9,within_trace,1386.775634765625,lower,-1386.775634765625,non_thinking,10,605.644287109375,lower,-605.644287109375,-781.13134765625
Qwen3-8B,native_thinking,27,5,9,class_nc1_ratio,6.902800675071073,lower,-6.902800675071073,non_thinking,10,8.32249899800872,lower,-8.32249899800872,1.4196983229376476
Qwen3-8B,native_thinking,27,5,9,centroid_nearest_squared,13.486808776855469,higher,13.486808776855469,non_thinking,10,70.86199188232422,higher,70.86199188232422,-57.37518310546875
Qwen3-8B,native_thinking,27,5,9,fisher_nearest,0.009725299780836454,higher,0.009725299780836454,non_thinking,10,0.11700265880577365,higher,0.11700265880577365,-0.1072773590249372
Qwen3-8B,native_thinking,27,5,9,min_bhattacharyya,0.07954183965921402,higher,0.07954183965921402,non_thinking,10,0.47723838686943054,higher,0.47723838686943054,-0.3976965472102165
Qwen3-8B,native_thinking,27,5,9,mean_bhattacharyya,1.984684304230743,higher,1.984684304230743,non_thinking,10,5.009919497701857,higher,5.009919497701857,-3.0252351934711137
Qwen3-8B,native_thinking,27,5,9,nc2_class_cosine_deviation,0.6418044641154048,lower,-0.6418044641154048,non_thinking,10,0.519814564490024,lower,-0.519814564490024,-0.12198989962538087
Qwen3-8B,native_thinking,27,6,9,logistic_precision,0.42857142857142855,higher,0.42857142857142855,non_thinking,10,0.09090909090909091,higher,0.09090909090909091,0.33766233766233766
Qwen3-8B,native_thinking,27,6,9,logistic_recall,0.3333333333333333,higher,0.3333333333333333,non_thinking,10,0.1,higher,0.1,0.2333333333333333
Qwen3-8B,native_thinking,27,6,9,logistic_f1,0.375,higher,0.375,non_thinking,10,0.09523809523809523,higher,0.09523809523809523,0.27976190476190477
Qwen3-8B,native_thinking,27,6,9,ncc_recall,0.2222222222222222,higher,0.2222222222222222,non_thinking,10,0.2,higher,0.2,0.0222222222222222
Qwen3-8B,native_thinking,27,6,9,silhouette_cosine,-0.1268763691186905,higher,-0.1268763691186905,non_thinking,10,-0.15724137425422668,higher,-0.15724137425422668,0.030365005135536194
Qwen3-8B,native_thinking,27,6,9,within_trace,1363.389404296875,lower,-1363.389404296875,non_thinking,10,496.4378356933594,lower,-496.4378356933594,-866.9515686035156
Qwen3-8B,native_thinking,27,6,9,class_nc1_ratio,6.543655956542245,lower,-6.543655956542245,non_thinking,10,5.200558857823927,lower,-5.200558857823927,-1.3430970987183182
Qwen3-8B,native_thinking,27,6,9,centroid_nearest_squared,9.580487251281738,higher,9.580487251281738,non_thinking,10,66.8860092163086,higher,66.8860092163086,-57.305521965026855
Qwen3-8B,native_thinking,27,6,9,fisher_nearest,0.007026963258690258,higher,0.007026963258690258,non_thinking,10,0.13473189271097955,higher,0.13473189271097955,-0.12770492945228928
Qwen3-8B,native_thinking,27,6,9,min_bhattacharyya,0.06755394116044044,higher,0.06755394116044044,non_thinking,10,0.481944739818573,higher,0.481944739818573,-0.41439079865813255
Qwen3-8B,native_thinking,27,6,9,mean_bhattacharyya,2.007567469858461,higher,2.007567469858461,non_thinking,10,5.936824634671211,higher,5.936824634671211,-3.9292571648127503
Qwen3-8B,native_thinking,27,6,9,nc2_class_cosine_deviation,0.6576543902909315,lower,-0.6576543902909315,non_thinking,10,0.5766523715890484,lower,-0.5766523715890484,-0.08100201870188317
Qwen3-8B,native_thinking,27,7,9,logistic_precision,0.45454545454545453,higher,0.45454545454545453,non_thinking,10,0.23076923076923078,higher,0.23076923076923078,0.22377622377622375
Qwen3-8B,native_thinking,27,7,9,logistic_recall,0.5555555555555556,higher,0.5555555555555556,non_thinking,10,0.3,higher,0.3,0.2555555555555556
Qwen3-8B,native_thinking,27,7,9,logistic_f1,0.5,higher,0.5,non_thinking,10,0.2608695652173913,higher,0.2608695652173913,0.2391304347826087
Qwen3-8B,native_thinking,27,7,9,ncc_recall,0.2222222222222222,higher,0.2222222222222222,non_thinking,10,0.2,higher,0.2,0.0222222222222222
Qwen3-8B,native_thinking,27,7,9,silhouette_cosine,-0.1294032782316208,higher,-0.1294032782316208,non_thinking,10,-0.1992269605398178,higher,-0.1992269605398178,0.06982368230819702
Qwen3-8B,native_thinking,27,7,9,within_trace,1383.82421875,lower,-1383.82421875,non_thinking,10,501.4427490234375,lower,-501.4427490234375,-882.3814697265625
Qwen3-8B,native_thinking,27,7,9,class_nc1_ratio,6.562555557055457,lower,-6.562555557055457,non_thinking,10,7.027662912218569,lower,-7.027662912218569,0.46510735516311286
Qwen3-8B,native_thinking,27,7,9,centroid_nearest_squared,9.580487251281738,higher,9.580487251281738,non_thinking,10,70.86199188232422,higher,70.86199188232422,-61.28150463104248
Qwen3-8B,native_thinking,27,7,9,fisher_nearest,0.006923196690354021,higher,0.006923196690354021,non_thinking,10,0.14131621609910272,higher,0.14131621609910272,-0.1343930194087487
Qwen3-8B,native_thinking,27,7,9,min_bhattacharyya,0.06755394116044044,higher,0.06755394116044044,non_thinking,10,0.47723838686943054,higher,0.47723838686943054,-0.4096844457089901
Qwen3-8B,native_thinking,27,7,9,mean_bhattacharyya,2.0558299426403313,higher,2.0558299426403313,non_thinking,10,4.967263291279475,higher,4.967263291279475,-2.911433348639144
Qwen3-8B,native_thinking,27,7,9,nc2_class_cosine_deviation,0.6692406159860117,lower,-0.6692406159860117,non_thinking,10,0.5187523774342773,lower,-0.5187523774342773,-0.15048823855173443
Qwen3-8B,native_thinking,27,8,9,logistic_precision,0.6666666666666666,higher,0.6666666666666666,non_thinking,10,0.0,higher,0.0,0.6666666666666666
Qwen3-8B,native_thinking,27,8,9,logistic_recall,0.6666666666666666,higher,0.6666666666666666,non_thinking,10,0.0,higher,0.0,0.6666666666666666
Qwen3-8B,native_thinking,27,8,9,logistic_f1,0.6666666666666666,higher,0.6666666666666666,non_thinking,10,0.0,higher,0.0,0.6666666666666666
Qwen3-8B,native_thinking,27,8,9,ncc_recall,0.6666666666666666,higher,0.6666666666666666,non_thinking,10,0.1,higher,0.1,0.5666666666666667
Qwen3-8B,native_thinking,27,8,9,silhouette_cosine,-0.11167783290147781,higher,-0.11167783290147781,non_thinking,10,-0.13330674171447754,higher,-0.13330674171447754,0.021628908812999725
Qwen3-8B,native_thinking,27,8,9,within_trace,1532.05615234375,lower,-1532.05615234375,non_thinking,10,461.65643310546875,lower,-461.65643310546875,-1070.3997192382812
Qwen3-8B,native_thinking,27,8,9,class_nc1_ratio,5.59121982259886,lower,-5.59121982259886,non_thinking,10,3.2873495372171138,lower,-3.2873495372171138,-2.303870285381746
Qwen3-8B,native_thinking,27,8,9,centroid_nearest_squared,51.323116302490234,higher,51.323116302490234,non_thinking,10,34.10608673095703,higher,34.10608673095703,17.217029571533203
Qwen3-8B,native_thinking,27,8,9,fisher_nearest,0.03349950080091763,higher,0.03349950080091763,non_thinking,10,0.07387763775223999,higher,0.07387763775223999,-0.040378136951322356
Qwen3-8B,native_thinking,27,8,9,min_bhattacharyya,0.319894403219223,higher,0.319894403219223,non_thinking,10,0.4257967472076416,higher,0.4257967472076416,-0.10590234398841858
Qwen3-8B,native_thinking,27,8,9,mean_bhattacharyya,2.2414523661136627,higher,2.2414523661136627,non_thinking,10,6.995265728897518,higher,6.995265728897518,-4.7538133627838555
Qwen3-8B,native_thinking,27,8,9,nc2_class_cosine_deviation,0.6157415678241739,lower,-0.6157415678241739,non_thinking,10,0.5708159249229932,lower,-0.5708159249229932,-0.04492564290118073
Qwen3-8B,native_thinking,27,9,9,logistic_precision,1.0,higher,1.0,non_thinking,10,0.125,higher,0.125,0.875
Qwen3-8B,native_thinking,27,9,9,logistic_recall,0.7777777777777778,higher,0.7777777777777778,non_thinking,10,0.1,higher,0.1,0.6777777777777778
Qwen3-8B,native_thinking,27,9,9,logistic_f1,0.875,higher,0.875,non_thinking,10,0.1111111111111111,higher,0.1111111111111111,0.7638888888888888
Qwen3-8B,native_thinking,27,9,9,ncc_recall,0.5555555555555556,higher,0.5555555555555556,non_thinking,10,0.2,higher,0.2,0.35555555555555557
Qwen3-8B,native_thinking,27,9,9,silhouette_cosine,0.037876445800065994,higher,0.037876445800065994,non_thinking,10,-0.06574685126543045,higher,-0.06574685126543045,0.10362329706549644
Qwen3-8B,native_thinking,27,9,9,within_trace,1791.3197021484375,lower,-1791.3197021484375,non_thinking,10,460.2809753417969,lower,-460.2809753417969,-1331.0387268066406
Qwen3-8B,native_thinking,27,9,9,class_nc1_ratio,2.4323384428565054,lower,-2.4323384428565054,non_thinking,10,3.1620430945128994,lower,-3.1620430945128994,0.7297046516563941
Qwen3-8B,native_thinking,27,9,9,centroid_nearest_squared,435.95562744140625,higher,435.95562744140625,non_thinking,10,31.866371154785156,higher,31.866371154785156,404.0892562866211
Qwen3-8B,native_thinking,27,9,9,fisher_nearest,0.2433712010862932,higher,0.2433712010862932,non_thinking,10,0.06923243162748956,higher,0.06923243162748956,0.17413876945880363
Qwen3-8B,native_thinking,27,9,9,min_bhattacharyya,1.147661566734314,higher,1.147661566734314,non_thinking,10,0.49589456617832184,higher,0.49589456617832184,0.6517670005559921
Qwen3-8B,native_thinking,27,9,9,mean_bhattacharyya,3.2376813093821206,higher,3.2376813093821206,non_thinking,10,6.914905370937453,higher,6.914905370937453,-3.6772240615553327
Qwen3-8B,native_thinking,27,9,9,nc2_class_cosine_deviation,0.295616539310158,lower,-0.295616539310158,non_thinking,10,0.6076271405190597,lower,-0.6076271405190597,0.31201060120890173
Qwen3-8B,native_thinking,27,10,9,logistic_precision,1.0,higher,1.0,non_thinking,10,0.23076923076923078,higher,0.23076923076923078,0.7692307692307692
Qwen3-8B,native_thinking,27,10,9,logistic_recall,1.0,higher,1.0,non_thinking,10,0.3,higher,0.3,0.7
Qwen3-8B,native_thinking,27,10,9,logistic_f1,1.0,higher,1.0,non_thinking,10,0.2608695652173913,higher,0.2608695652173913,0.7391304347826086
Qwen3-8B,native_thinking,27,10,9,ncc_recall,0.8888888888888888,higher,0.8888888888888888,non_thinking,10,0.2,higher,0.2,0.6888888888888889
Qwen3-8B,native_thinking,27,10,9,silhouette_cosine,0.5036532878875732,higher,0.5036532878875732,non_thinking,10,-0.1517058163881302,higher,-0.1517058163881302,0.6553591042757034
Qwen3-8B,native_thinking,27,10,9,within_trace,2646.0712890625,lower,-2646.0712890625,non_thinking,10,383.81103515625,lower,-383.81103515625,-2262.26025390625
Qwen3-8B,native_thinking,27,10,9,class_nc1_ratio,0.6800800344499713,lower,-0.6800800344499713,non_thinking,10,3.3305379803649044,lower,-3.3305379803649044,2.6504579459149333
Qwen3-8B,native_thinking,27,10,9,centroid_nearest_squared,4826.52099609375,higher,4826.52099609375,non_thinking,10,31.866371154785156,higher,31.866371154785156,4794.654624938965
Qwen3-8B,native_thinking,27,10,9,fisher_nearest,1.8240328656465565,higher,1.8240328656465565,non_thinking,10,0.08302619840467149,higher,0.08302619840467149,1.7410066672418851
Qwen3-8B,native_thinking,27,10,9,min_bhattacharyya,5.51505184173584,higher,5.51505184173584,non_thinking,10,0.4257967472076416,higher,0.4257967472076416,5.089255094528198
Qwen3-8B,native_thinking,27,10,9,mean_bhattacharyya,5.911456955803765,higher,5.911456955803765,non_thinking,10,7.771640401747492,higher,7.771640401747492,-1.8601834459437265
Qwen3-8B,native_thinking,27,10,9,nc2_class_cosine_deviation,0.3932841884225239,lower,-0.3932841884225239,non_thinking,10,0.655174509058764,lower,-0.655174509058764,0.26189032063624007
Qwen3-8B,native_thinking,28,1,10,logistic_precision,0.9090909090909091,higher,0.9090909090909091,non_thinking,10,1.0,higher,1.0,-0.09090909090909094
Qwen3-8B,native_thinking,28,1,10,logistic_recall,1.0,higher,1.0,non_thinking,10,1.0,higher,1.0,0.0
Qwen3-8B,native_thinking,28,1,10,logistic_f1,0.9523809523809523,higher,0.9523809523809523,non_thinking,10,1.0,higher,1.0,-0.04761904761904767
Qwen3-8B,native_thinking,28,1,10,ncc_recall,0.9,higher,0.9,non_thinking,10,1.0,higher,1.0,-0.09999999999999998
Qwen3-8B,native_thinking,28,1,10,silhouette_cosine,0.22579579055309296,higher,0.22579579055309296,non_thinking,10,0.9969304203987122,higher,0.9969304203987122,-0.7711346298456192
Qwen3-8B,native_thinking,28,1,10,within_trace,2420.0888671875,lower,-2420.0888671875,non_thinking,10,8.683754920959473,lower,-8.683754920959473,-2411.4051122665405
Qwen3-8B,native_thinking,28,1,10,class_nc1_ratio,1.4352825112633085,lower,-1.4352825112633085,non_thinking,10,0.0036287414814342674,lower,-0.0036287414814342674,-1.4316537697818743
Qwen3-8B,native_thinking,28,1,10,centroid_nearest_squared,1463.783203125,higher,1463.783203125,non_thinking,10,2351.064453125,higher,2351.064453125,-887.28125
Qwen3-8B,native_thinking,28,1,10,fisher_nearest,0.6048468810263699,higher,0.6048468810263699,non_thinking,10,270.7428381529254,higher,270.7428381529254,-270.137991271899
Qwen3-8B,native_thinking,28,1,10,min_bhattacharyya,3.001840591430664,higher,3.001840591430664,non_thinking,10,25.441489696502686,higher,25.441489696502686,-22.43964910507202
Qwen3-8B,native_thinking,28,1,10,mean_bhattacharyya,5.2525631586710615,higher,5.2525631586710615,non_thinking,10,45.74514685736762,higher,45.74514685736762,-40.49258369869656
Qwen3-8B,native_thinking,28,1,10,nc2_class_cosine_deviation,0.3786334907291112,lower,-0.3786334907291112,non_thinking,10,0.5611536650010096,lower,-0.5611536650010096,0.18252017427189843
Qwen3-8B,native_thinking,28,2,10,logistic_precision,1.0,higher,1.0,non_thinking,10,0.6363636363636364,higher,0.6363636363636364,0.36363636363636365
Qwen3-8B,native_thinking,28,2,10,logistic_recall,0.7,higher,0.7,non_thinking,10,0.7,higher,0.7,0.0
Qwen3-8B,native_thinking,28,2,10,logistic_f1,0.8235294117647058,higher,0.8235294117647058,non_thinking,10,0.6666666666666666,higher,0.6666666666666666,0.1568627450980392
Qwen3-8B,native_thinking,28,2,10,ncc_recall,0.6,higher,0.6,non_thinking,10,0.5,higher,0.5,0.09999999999999998
Qwen3-8B,native_thinking,28,2,10,silhouette_cosine,-0.10710058361291885,higher,-0.10710058361291885,non_thinking,10,-0.11477795988321304,higher,-0.11477795988321304,0.0076773762702941895
Qwen3-8B,native_thinking,28,2,10,within_trace,1940.705078125,lower,-1940.705078125,non_thinking,10,433.9950256347656,lower,-433.9950256347656,-1506.7100524902344
Qwen3-8B,native_thinking,28,2,10,class_nc1_ratio,5.8713215585457235,lower,-5.8713215585457235,non_thinking,10,2.3968950499800874,lower,-2.3968950499800874,-3.474426508565636
Qwen3-8B,native_thinking,28,2,10,centroid_nearest_squared,176.46621704101562,higher,176.46621704101562,non_thinking,10,141.5717315673828,higher,141.5717315673828,34.89448547363281
Qwen3-8B,native_thinking,28,2,10,fisher_nearest,0.09092892012809456,higher,0.09092892012809456,non_thinking,10,0.32620588533317524,higher,0.32620588533317524,-0.23527696520508068
Qwen3-8B,native_thinking,28,2,10,min_bhattacharyya,0.7757798433303833,higher,0.7757798433303833,non_thinking,10,1.134881615638733,higher,1.134881615638733,-0.3591017723083496
Qwen3-8B,native_thinking,28,2,10,mean_bhattacharyya,2.640627470281389,higher,2.640627470281389,non_thinking,10,4.689150902960035,higher,4.689150902960035,-2.048523432678646
Qwen3-8B,native_thinking,28,2,10,nc2_class_cosine_deviation,0.3332948023338377,lower,-0.3332948023338377,non_thinking,10,0.3404986772134348,lower,-0.3404986772134348,0.007203874879597116
Qwen3-8B,native_thinking,28,3,9,logistic_precision,0.5333333333333333,higher,0.5333333333333333,non_thinking,10,0.16666666666666666,higher,0.16666666666666666,0.3666666666666667
Qwen3-8B,native_thinking,28,3,9,logistic_recall,0.8888888888888888,higher,0.8888888888888888,non_thinking,10,0.1,higher,0.1,0.7888888888888889
Qwen3-8B,native_thinking,28,3,9,logistic_f1,0.6666666666666666,higher,0.6666666666666666,non_thinking,10,0.125,higher,0.125,0.5416666666666666
Qwen3-8B,native_thinking,28,3,9,ncc_recall,0.7777777777777778,higher,0.7777777777777778,non_thinking,10,0.1,higher,0.1,0.6777777777777778
Qwen3-8B,native_thinking,28,3,9,silhouette_cosine,-0.10835768282413483,higher,-0.10835768282413483,non_thinking,10,-0.20102016627788544,higher,-0.20102016627788544,0.09266248345375061
Qwen3-8B,native_thinking,28,3,9,within_trace,1630.699951171875,lower,-1630.699951171875,non_thinking,10,607.6297607421875,lower,-607.6297607421875,-1023.0701904296875
Qwen3-8B,native_thinking,28,3,9,class_nc1_ratio,8.600707578861439,lower,-8.600707578861439,non_thinking,10,10.516192388610335,lower,-10.516192388610335,1.9154848097488966
Qwen3-8B,native_thinking,28,3,9,centroid_nearest_squared,87.83843231201172,higher,87.83843231201172,non_thinking,10,85.24761199951172,higher,85.24761199951172,2.5908203125
Qwen3-8B,native_thinking,28,3,9,fisher_nearest,0.053865477980107934,higher,0.053865477980107934,non_thinking,10,0.14029532045202375,higher,0.14029532045202375,-0.08642984247191582
Qwen3-8B,native_thinking,28,3,9,min_bhattacharyya,0.4458833634853363,higher,0.4458833634853363,non_thinking,10,0.6131947040557861,higher,0.6131947040557861,-0.16731134057044983
Qwen3-8B,native_thinking,28,3,9,mean_bhattacharyya,2.165025575293435,higher,2.165025575293435,non_thinking,10,5.0036834014786615,higher,5.0036834014786615,-2.8386578261852264
Qwen3-8B,native_thinking,28,3,9,nc2_class_cosine_deviation,0.4408858392134677,lower,-0.4408858392134677,non_thinking,10,0.3645971543443056,lower,-0.3645971543443056,-0.07628868486916207
Qwen3-8B,native_thinking,28,4,9,logistic_precision,0.5,higher,0.5,non_thinking,10,0.16666666666666666,higher,0.16666666666666666,0.33333333333333337
Qwen3-8B,native_thinking,28,4,9,logistic_recall,0.3333333333333333,higher,0.3333333333333333,non_thinking,10,0.3,higher,0.3,0.033333333333333326
Qwen3-8B,native_thinking,28,4,9,logistic_f1,0.4,higher,0.4,non_thinking,10,0.21428571428571427,higher,0.21428571428571427,0.18571428571428575
Qwen3-8B,native_thinking,28,4,9,ncc_recall,0.5555555555555556,higher,0.5555555555555556,non_thinking,10,0.0,higher,0.0,0.5555555555555556
Qwen3-8B,native_thinking,28,4,9,silhouette_cosine,-0.1383395940065384,higher,-0.1383395940065384,non_thinking,10,-0.06947080790996552,higher,-0.06947080790996552,-0.06886878609657288
Qwen3-8B,native_thinking,28,4,9,within_trace,1543.8253173828125,lower,-1543.8253173828125,non_thinking,10,413.01800537109375,lower,-413.01800537109375,-1130.8073120117188
Qwen3-8B,native_thinking,28,4,9,class_nc1_ratio,9.276255970079413,lower,-9.276255970079413,non_thinking,10,4.480475991971751,lower,-4.480475991971751,-4.795779978107662
Qwen3-8B,native_thinking,28,4,9,centroid_nearest_squared,28.432348251342773,higher,28.432348251342773,non_thinking,10,55.419677734375,higher,55.419677734375,-26.987329483032227
Qwen3-8B,native_thinking,28,4,9,fisher_nearest,0.018416816935962053,higher,0.018416816935962053,non_thinking,10,0.13418223180023547,higher,0.13418223180023547,-0.11576541486427341
Qwen3-8B,native_thinking,28,4,9,min_bhattacharyya,0.14964471757411957,higher,0.14964471757411957,non_thinking,10,0.5191316306591034,higher,0.5191316306591034,-0.3694869130849838
Qwen3-8B,native_thinking,28,4,9,mean_bhattacharyya,1.8388197355800204,higher,1.8388197355800204,non_thinking,10,7.216004259056515,higher,7.216004259056515,-5.377184523476494
Qwen3-8B,native_thinking,28,4,9,nc2_class_cosine_deviation,0.6337465434162706,lower,-0.6337465434162706,non_thinking,10,0.4213239984977761,lower,-0.4213239984977761,-0.2124225449184945
Qwen3-8B,native_thinking,28,5,9,logistic_precision,0.5,higher,0.5,non_thinking,10,0.07692307692307693,higher,0.07692307692307693,0.4230769230769231
Qwen3-8B,native_thinking,28,5,9,logistic_recall,0.5555555555555556,higher,0.5555555555555556,non_thinking,10,0.1,higher,0.1,0.4555555555555556
Qwen3-8B,native_thinking,28,5,9,logistic_f1,0.5263157894736842,higher,0.5263157894736842,non_thinking,10,0.08695652173913043,higher,0.08695652173913043,0.43935926773455375
Qwen3-8B,native_thinking,28,5,9,ncc_recall,0.4444444444444444,higher,0.4444444444444444,non_thinking,10,0.1,higher,0.1,0.34444444444444444
Qwen3-8B,native_thinking,28,5,9,silhouette_cosine,-0.1156531423330307,higher,-0.1156531423330307,non_thinking,10,-0.1891268491744995,higher,-0.1891268491744995,0.07347370684146881
Qwen3-8B,native_thinking,28,5,9,within_trace,1426.6507568359375,lower,-1426.6507568359375,non_thinking,10,537.901123046875,lower,-537.901123046875,-888.7496337890625
Qwen3-8B,native_thinking,28,5,9,class_nc1_ratio,7.40845280162507,lower,-7.40845280162507,non_thinking,10,8.847689249664446,lower,-8.847689249664446,1.4392364480393764
Qwen3-8B,native_thinking,28,5,9,centroid_nearest_squared,23.710094451904297,higher,23.710094451904297,non_thinking,10,54.45191192626953,higher,54.45191192626953,-30.741817474365234
Qwen3-8B,native_thinking,28,5,9,fisher_nearest,0.01661941041862912,higher,0.01661941041862912,non_thinking,10,0.10123033693968392,higher,0.10123033693968392,-0.0846109265210548
Qwen3-8B,native_thinking,28,5,9,min_bhattacharyya,0.12619397044181824,higher,0.12619397044181824,non_thinking,10,0.4184844344854355,higher,0.4184844344854355,-0.29229046404361725
Qwen3-8B,native_thinking,28,5,9,mean_bhattacharyya,1.9230260103940964,higher,1.9230260103940964,non_thinking,10,4.913641570342912,higher,4.913641570342912,-2.9906155599488153
Qwen3-8B,native_thinking,28,5,9,nc2_class_cosine_deviation,0.6323057354692323,lower,-0.6323057354692323,non_thinking,10,0.5401940283216076,lower,-0.5401940283216076,-0.09211170714762473
Qwen3-8B,native_thinking,28,6,9,logistic_precision,0.42857142857142855,higher,0.42857142857142855,non_thinking,10,0.2,higher,0.2,0.22857142857142854
Qwen3-8B,native_thinking,28,6,9,logistic_recall,0.3333333333333333,higher,0.3333333333333333,non_thinking,10,0.1,higher,0.1,0.2333333333333333
Qwen3-8B,native_thinking,28,6,9,logistic_f1,0.375,higher,0.375,non_thinking,10,0.13333333333333333,higher,0.13333333333333333,0.24166666666666667
Qwen3-8B,native_thinking,28,6,9,ncc_recall,0.2222222222222222,higher,0.2222222222222222,non_thinking,10,0.2,higher,0.2,0.0222222222222222
Qwen3-8B,native_thinking,28,6,9,silhouette_cosine,-0.1275557577610016,higher,-0.1275557577610016,non_thinking,10,-0.14180472493171692,higher,-0.14180472493171692,0.014248967170715332
Qwen3-8B,native_thinking,28,6,9,within_trace,1429.8232421875,lower,-1429.8232421875,non_thinking,10,410.094970703125,lower,-410.094970703125,-1019.728271484375
Qwen3-8B,native_thinking,28,6,9,class_nc1_ratio,7.030147936219163,lower,-7.030147936219163,non_thinking,10,5.008405573436794,lower,-5.008405573436794,-2.021742362782369
Qwen3-8B,native_thinking,28,6,9,centroid_nearest_squared,11.909563064575195,higher,11.909563064575195,non_thinking,10,45.16706466674805,higher,45.16706466674805,-33.25750160217285
Qwen3-8B,native_thinking,28,6,9,fisher_nearest,0.008329395349843833,higher,0.008329395349843833,non_thinking,10,0.1101380604334338,higher,0.1101380604334338,-0.10180866508358996
Qwen3-8B,native_thinking,28,6,9,min_bhattacharyya,0.082923524081707,higher,0.082923524081707,non_thinking,10,0.4531911611557007,higher,0.4531911611557007,-0.3702676370739937
Qwen3-8B,native_thinking,28,6,9,mean_bhattacharyya,1.9297769607769117,higher,1.9297769607769117,non_thinking,10,6.287421688437462,higher,6.287421688437462,-4.35764472766055
Qwen3-8B,native_thinking,28,6,9,nc2_class_cosine_deviation,0.645395474853339,lower,-0.645395474853339,non_thinking,10,0.6045847141448362,lower,-0.6045847141448362,-0.04081076070850287
Qwen3-8B,native_thinking,28,7,9,logistic_precision,0.5454545454545454,higher,0.5454545454545454,non_thinking,10,0.16666666666666666,higher,0.16666666666666666,0.3787878787878788
Qwen3-8B,native_thinking,28,7,9,logistic_recall,0.6666666666666666,higher,0.6666666666666666,non_thinking,10,0.2,higher,0.2,0.4666666666666666
Qwen3-8B,native_thinking,28,7,9,logistic_f1,0.6,higher,0.6,non_thinking,10,0.18181818181818182,higher,0.18181818181818182,0.41818181818181815
Qwen3-8B,native_thinking,28,7,9,ncc_recall,0.2222222222222222,higher,0.2222222222222222,non_thinking,10,0.2,higher,0.2,0.0222222222222222
Qwen3-8B,native_thinking,28,7,9,silhouette_cosine,-0.12897031009197235,higher,-0.12897031009197235,non_thinking,10,-0.20288264751434326,higher,-0.20288264751434326,0.07391233742237091
Qwen3-8B,native_thinking,28,7,9,within_trace,1438.19287109375,lower,-1438.19287109375,non_thinking,10,436.1634521484375,lower,-436.1634521484375,-1002.0294189453125
Qwen3-8B,native_thinking,28,7,9,class_nc1_ratio,6.914929390505522,lower,-6.914929390505522,non_thinking,10,8.542815824686494,lower,-8.542815824686494,1.6278864341809722
Qwen3-8B,native_thinking,28,7,9,centroid_nearest_squared,11.909563064575195,higher,11.909563064575195,non_thinking,10,56.67502975463867,higher,56.67502975463867,-44.76546669006348
Qwen3-8B,native_thinking,28,7,9,fisher_nearest,0.008280922054298557,higher,0.008280922054298557,non_thinking,10,0.12993988715806185,higher,0.12993988715806185,-0.12165896510376328
Qwen3-8B,native_thinking,28,7,9,min_bhattacharyya,0.082923524081707,higher,0.082923524081707,non_thinking,10,0.4184844344854355,higher,0.4184844344854355,-0.3355609104037285
Qwen3-8B,native_thinking,28,7,9,mean_bhattacharyya,1.9803517253862486,higher,1.9803517253862486,non_thinking,10,4.943908262583944,higher,4.943908262583944,-2.9635565371976957
Qwen3-8B,native_thinking,28,7,9,nc2_class_cosine_deviation,0.6625914794427378,lower,-0.6625914794427378,non_thinking,10,0.5526361535360783,lower,-0.5526361535360783,-0.10995532590665946
Qwen3-8B,native_thinking,28,8,9,logistic_precision,0.6666666666666666,higher,0.6666666666666666,non_thinking,10,0.0,higher,0.0,0.6666666666666666
Qwen3-8B,native_thinking,28,8,9,logistic_recall,0.6666666666666666,higher,0.6666666666666666,non_thinking,10,0.0,higher,0.0,0.6666666666666666
Qwen3-8B,native_thinking,28,8,9,logistic_f1,0.6666666666666666,higher,0.6666666666666666,non_thinking,10,0.0,higher,0.0,0.6666666666666666
Qwen3-8B,native_thinking,28,8,9,ncc_recall,0.4444444444444444,higher,0.4444444444444444,non_thinking,10,0.1,higher,0.1,0.34444444444444444
Qwen3-8B,native_thinking,28,8,9,silhouette_cosine,-0.11792849004268646,higher,-0.11792849004268646,non_thinking,10,-0.13526326417922974,higher,-0.13526326417922974,0.017334774136543274
Qwen3-8B,native_thinking,28,8,9,within_trace,1643.1044921875,lower,-1643.1044921875,non_thinking,10,419.16357421875,lower,-419.16357421875,-1223.94091796875
Qwen3-8B,native_thinking,28,8,9,class_nc1_ratio,6.290063893121479,lower,-6.290063893121479,non_thinking,10,3.6133384026730466,lower,-3.6133384026730466,-2.6767254904484323
Qwen3-8B,native_thinking,28,8,9,centroid_nearest_squared,49.11151885986328,higher,49.11151885986328,non_thinking,10,36.106021881103516,higher,36.106021881103516,13.005496978759766
Qwen3-8B,native_thinking,28,8,9,fisher_nearest,0.029889467829571855,higher,0.029889467829571855,non_thinking,10,0.08613826224857213,higher,0.08613826224857213,-0.05624879441900027
Qwen3-8B,native_thinking,28,8,9,min_bhattacharyya,0.30295315384864807,higher,0.30295315384864807,non_thinking,10,0.44517895579338074,higher,0.44517895579338074,-0.14222580194473267
Qwen3-8B,native_thinking,28,8,9,mean_bhattacharyya,2.144132478369607,higher,2.144132478369607,non_thinking,10,6.487646056546105,higher,6.487646056546105,-4.343513578176498
Qwen3-8B,native_thinking,28,8,9,nc2_class_cosine_deviation,0.6189267259022153,lower,-0.6189267259022153,non_thinking,10,0.5733962782923085,lower,-0.5733962782923085,-0.045530447609906766
Qwen3-8B,native_thinking,28,9,9,logistic_precision,1.0,higher,1.0,non_thinking,10,0.14285714285714285,higher,0.14285714285714285,0.8571428571428572
Qwen3-8B,native_thinking,28,9,9,logistic_recall,0.7777777777777778,higher,0.7777777777777778,non_thinking,10,0.1,higher,0.1,0.6777777777777778
Qwen3-8B,native_thinking,28,9,9,logistic_f1,0.875,higher,0.875,non_thinking,10,0.11764705882352941,higher,0.11764705882352941,0.7573529411764706
Qwen3-8B,native_thinking,28,9,9,ncc_recall,0.4444444444444444,higher,0.4444444444444444,non_thinking,10,0.1,higher,0.1,0.34444444444444444
Qwen3-8B,native_thinking,28,9,9,silhouette_cosine,0.0020748956594616175,higher,0.0020748956594616175,non_thinking,10,-0.06907206773757935,higher,-0.06907206773757935,0.07114696339704096
Qwen3-8B,native_thinking,28,9,9,within_trace,1965.43408203125,lower,-1965.43408203125,non_thinking,10,403.72735595703125,lower,-403.72735595703125,-1561.7067260742188
Qwen3-8B,native_thinking,28,9,9,class_nc1_ratio,2.8951582793285855,lower,-2.8951582793285855,non_thinking,10,3.4918693378032297,lower,-3.4918693378032297,0.5967110584746442
Qwen3-8B,native_thinking,28,9,9,centroid_nearest_squared,387.5357666015625,higher,387.5357666015625,non_thinking,10,23.05169677734375,higher,23.05169677734375,364.48406982421875
Qwen3-8B,native_thinking,28,9,9,fisher_nearest,0.19717566218300714,higher,0.19717566218300714,non_thinking,10,0.05709718808303182,higher,0.05709718808303182,0.14007847409997531
Qwen3-8B,native_thinking,28,9,9,min_bhattacharyya,1.0461178421974182,higher,1.0461178421974182,non_thinking,10,0.43291933834552765,higher,0.43291933834552765,0.6131985038518906
Qwen3-8B,native_thinking,28,9,9,mean_bhattacharyya,3.050388660695818,higher,3.050388660695818,non_thinking,10,6.632524684071541,higher,6.632524684071541,-3.582136023375723
Qwen3-8B,native_thinking,28,9,9,nc2_class_cosine_deviation,0.28589019956596107,lower,-0.28589019956596107,non_thinking,10,0.6407666342493928,lower,-0.6407666342493928,0.3548764346834318
Qwen3-8B,native_thinking,28,10,9,logistic_precision,1.0,higher,1.0,non_thinking,10,0.1111111111111111,higher,0.1111111111111111,0.8888888888888888
Qwen3-8B,native_thinking,28,10,9,logistic_recall,1.0,higher,1.0,non_thinking,10,0.1,higher,0.1,0.9
Qwen3-8B,native_thinking,28,10,9,logistic_f1,1.0,higher,1.0,non_thinking,10,0.10526315789473684,higher,0.10526315789473684,0.8947368421052632
Qwen3-8B,native_thinking,28,10,9,ncc_recall,0.8888888888888888,higher,0.8888888888888888,non_thinking,10,0.2,higher,0.2,0.6888888888888889
Qwen3-8B,native_thinking,28,10,9,silhouette_cosine,0.49822139739990234,higher,0.49822139739990234,non_thinking,10,-0.16757211089134216,higher,-0.16757211089134216,0.6657935082912445
Qwen3-8B,native_thinking,28,10,9,within_trace,2664.790771484375,lower,-2664.790771484375,non_thinking,10,331.69805908203125,lower,-331.69805908203125,-2333.0927124023438
Qwen3-8B,native_thinking,28,10,9,class_nc1_ratio,0.6839176759381979,lower,-0.6839176759381979,non_thinking,10,3.858353729751431,lower,-3.858353729751431,3.174436053813233
Qwen3-8B,native_thinking,28,10,9,centroid_nearest_squared,4927.01513671875,higher,4927.01513671875,non_thinking,10,23.05169677734375,higher,23.05169677734375,4903.963439941406
Qwen3-8B,native_thinking,28,10,9,fisher_nearest,1.8489313267826437,higher,1.8489313267826437,non_thinking,10,0.06949602551531031,higher,0.06949602551531031,1.7794353012673334
Qwen3-8B,native_thinking,28,10,9,min_bhattacharyya,5.517131328582764,higher,5.517131328582764,non_thinking,10,0.43291933834552765,higher,0.43291933834552765,5.084211990237236
Qwen3-8B,native_thinking,28,10,9,mean_bhattacharyya,5.830812719133165,higher,5.830812719133165,non_thinking,10,7.593061675628026,higher,7.593061675628026,-1.7622489564948607
Qwen3-8B,native_thinking,28,10,9,nc2_class_cosine_deviation,0.38900479885898986,lower,-0.38900479885898986,non_thinking,10,0.6905720005800694,lower,-0.6905720005800694,0.30156720172107954
Qwen3-8B,native_thinking,29,1,10,logistic_precision,1.0,higher,1.0,non_thinking,10,1.0,higher,1.0,0.0
Qwen3-8B,native_thinking,29,1,10,logistic_recall,0.9,higher,0.9,non_thinking,10,1.0,higher,1.0,-0.09999999999999998
Qwen3-8B,native_thinking,29,1,10,logistic_f1,0.9473684210526315,higher,0.9473684210526315,non_thinking,10,1.0,higher,1.0,-0.052631578947368474
Qwen3-8B,native_thinking,29,1,10,ncc_recall,0.9,higher,0.9,non_thinking,10,1.0,higher,1.0,-0.09999999999999998
Qwen3-8B,native_thinking,29,1,10,silhouette_cosine,0.23916968703269958,higher,0.23916968703269958,non_thinking,10,0.9962761998176575,higher,0.9962761998176575,-0.7571065127849579
Qwen3-8B,native_thinking,29,1,10,within_trace,2203.27294921875,lower,-2203.27294921875,non_thinking,10,9.697558403015137,lower,-9.697558403015137,-2193.575390815735
Qwen3-8B,native_thinking,29,1,10,class_nc1_ratio,1.4135742990835682,lower,-1.4135742990835682,non_thinking,10,0.004324847753602564,lower,-0.004324847753602564,-1.4092494513299656
Qwen3-8B,native_thinking,29,1,10,centroid_nearest_squared,1357.01025390625,higher,1357.01025390625,non_thinking,10,2208.921142578125,higher,2208.921142578125,-851.910888671875
Qwen3-8B,native_thinking,29,1,10,fisher_nearest,0.6159065559205577,higher,0.6159065559205577,non_thinking,10,227.78116416306744,higher,227.78116416306744,-227.16525760714688
Qwen3-8B,native_thinking,29,1,10,min_bhattacharyya,3.0632565021514893,higher,3.0632565021514893,non_thinking,10,24.994703769683838,higher,24.994703769683838,-21.93144726753235
Qwen3-8B,native_thinking,29,1,10,mean_bhattacharyya,5.39964763323466,higher,5.39964763323466,non_thinking,10,45.18936618169149,higher,45.18936618169149,-39.78971854845683
Qwen3-8B,native_thinking,29,1,10,nc2_class_cosine_deviation,0.3695449740798385,lower,-0.3695449740798385,non_thinking,10,0.5732737893675579,lower,-0.5732737893675579,0.2037288152877194
Qwen3-8B,native_thinking,29,2,10,logistic_precision,0.8888888888888888,higher,0.8888888888888888,non_thinking,10,0.45454545454545453,higher,0.45454545454545453,0.4343434343434343
Qwen3-8B,native_thinking,29,2,10,logistic_recall,0.8,higher,0.8,non_thinking,10,0.5,higher,0.5,0.30000000000000004
Qwen3-8B,native_thinking,29,2,10,logistic_f1,0.8421052631578947,higher,0.8421052631578947,non_thinking,10,0.47619047619047616,higher,0.47619047619047616,0.3659147869674185
Qwen3-8B,native_thinking,29,2,10,ncc_recall,0.5,higher,0.5,non_thinking,10,0.5,higher,0.5,0.0
Qwen3-8B,native_thinking,29,2,10,silhouette_cosine,-0.10735156387090683,higher,-0.10735156387090683,non_thinking,10,-0.1401558816432953,higher,-0.1401558816432953,0.03280431777238846
Qwen3-8B,native_thinking,29,2,10,within_trace,1732.972900390625,lower,-1732.972900390625,non_thinking,10,418.220947265625,lower,-418.220947265625,-1314.751953125
Qwen3-8B,native_thinking,29,2,10,class_nc1_ratio,6.140778648241941,lower,-6.140778648241941,non_thinking,10,2.8101729697842766,lower,-2.8101729697842766,-3.3306056784576645
Qwen3-8B,native_thinking,29,2,10,centroid_nearest_squared,169.13330078125,higher,169.13330078125,non_thinking,10,121.7359848022461,higher,121.7359848022461,47.397315979003906
Qwen3-8B,native_thinking,29,2,10,fisher_nearest,0.09759719886163604,higher,0.09759719886163604,non_thinking,10,0.29108055346861383,higher,0.29108055346861383,-0.1934833546069778
Qwen3-8B,native_thinking,29,2,10,min_bhattacharyya,0.7877111434936523,higher,0.7877111434936523,non_thinking,10,1.0386967062950134,higher,1.0386967062950134,-0.2509855628013611
Qwen3-8B,native_thinking,29,2,10,mean_bhattacharyya,2.6759749054908752,higher,2.6759749054908752,non_thinking,10,4.48249915573332,higher,4.48249915573332,-1.806524250242445
Qwen3-8B,native_thinking,29,2,10,nc2_class_cosine_deviation,0.3191881743662151,lower,-0.3191881743662151,non_thinking,10,0.3240858906949008,lower,-0.3240858906949008,0.004897716328685686
Qwen3-8B,native_thinking,29,3,9,logistic_precision,0.75,higher,0.75,non_thinking,10,0.25,higher,0.25,0.5
Qwen3-8B,native_thinking,29,3,9,logistic_recall,1.0,higher,1.0,non_thinking,10,0.2,higher,0.2,0.8
Qwen3-8B,native_thinking,29,3,9,logistic_f1,0.8571428571428571,higher,0.8571428571428571,non_thinking,10,0.2222222222222222,higher,0.2222222222222222,0.6349206349206349
Qwen3-8B,native_thinking,29,3,9,ncc_recall,0.8888888888888888,higher,0.8888888888888888,non_thinking,10,0.1,higher,0.1,0.7888888888888889
Qwen3-8B,native_thinking,29,3,9,silhouette_cosine,-0.10289956629276276,higher,-0.10289956629276276,non_thinking,10,-0.1970832496881485,higher,-0.1970832496881485,0.09418368339538574
Qwen3-8B,native_thinking,29,3,9,within_trace,1511.312744140625,lower,-1511.312744140625,non_thinking,10,549.4671630859375,lower,-549.4671630859375,-961.8455810546875
Qwen3-8B,native_thinking,29,3,9,class_nc1_ratio,8.630540263153431,lower,-8.630540263153431,non_thinking,10,11.618101359127705,lower,-11.618101359127705,2.9875610959742733
Qwen3-8B,native_thinking,29,3,9,centroid_nearest_squared,78.61157989501953,higher,78.61157989501953,non_thinking,10,75.81858825683594,higher,75.81858825683594,2.7929916381835938
Qwen3-8B,native_thinking,29,3,9,fisher_nearest,0.052015428441133334,higher,0.052015428441133334,non_thinking,10,0.13798565838042226,higher,0.13798565838042226,-0.08597022993928893
Qwen3-8B,native_thinking,29,3,9,min_bhattacharyya,0.40734946727752686,higher,0.40734946727752686,non_thinking,10,0.5501654744148254,higher,0.5501654744148254,-0.14281600713729858
Qwen3-8B,native_thinking,29,3,9,mean_bhattacharyya,2.199593974484338,higher,2.199593974484338,non_thinking,10,4.892698572741614,higher,4.892698572741614,-2.6931045982572765
Qwen3-8B,native_thinking,29,3,9,nc2_class_cosine_deviation,0.43633852273593715,lower,-0.43633852273593715,non_thinking,10,0.405658342956025,lower,-0.405658342956025,-0.030680179779912164
Qwen3-8B,native_thinking,29,4,9,logistic_precision,0.6666666666666666,higher,0.6666666666666666,non_thinking,10,0.13333333333333333,higher,0.13333333333333333,0.5333333333333333
Qwen3-8B,native_thinking,29,4,9,logistic_recall,0.6666666666666666,higher,0.6666666666666666,non_thinking,10,0.2,higher,0.2,0.4666666666666666
Qwen3-8B,native_thinking,29,4,9,logistic_f1,0.6666666666666666,higher,0.6666666666666666,non_thinking,10,0.16,higher,0.16,0.5066666666666666
Qwen3-8B,native_thinking,29,4,9,ncc_recall,0.5555555555555556,higher,0.5555555555555556,non_thinking,10,0.2,higher,0.2,0.35555555555555557
Qwen3-8B,native_thinking,29,4,9,silhouette_cosine,-0.1352573186159134,higher,-0.1352573186159134,non_thinking,10,-0.06259344518184662,higher,-0.06259344518184662,-0.07266387343406677
Qwen3-8B,native_thinking,29,4,9,within_trace,1451.90771484375,lower,-1451.90771484375,non_thinking,10,380.25213623046875,lower,-380.25213623046875,-1071.6555786132812
Qwen3-8B,native_thinking,29,4,9,class_nc1_ratio,8.453047111640625,lower,-8.453047111640625,non_thinking,10,4.708181482910981,lower,-4.708181482910981,-3.7448656287296442
Qwen3-8B,native_thinking,29,4,9,centroid_nearest_squared,45.73601531982422,higher,45.73601531982422,non_thinking,10,34.25230026245117,higher,34.25230026245117,11.483715057373047
Qwen3-8B,native_thinking,29,4,9,fisher_nearest,0.03150063523475815,higher,0.03150063523475815,non_thinking,10,0.0900778641298442,higher,0.0900778641298442,-0.05857722889508605
Qwen3-8B,native_thinking,29,4,9,min_bhattacharyya,0.24318379163742065,higher,0.24318379163742065,non_thinking,10,0.5189159363508224,higher,0.5189159363508224,-0.2757321447134018
Qwen3-8B,native_thinking,29,4,9,mean_bhattacharyya,1.9585406184196472,higher,1.9585406184196472,non_thinking,10,7.1604974451992245,higher,7.1604974451992245,-5.201956826779577
Qwen3-8B,native_thinking,29,4,9,nc2_class_cosine_deviation,0.60228957787708,lower,-0.60228957787708,non_thinking,10,0.4478757118369326,lower,-0.4478757118369326,-0.15441386604014745
Qwen3-8B,native_thinking,29,5,9,logistic_precision,0.5,higher,0.5,non_thinking,10,0.16666666666666666,higher,0.16666666666666666,0.33333333333333337
Qwen3-8B,native_thinking,29,5,9,logistic_recall,0.3333333333333333,higher,0.3333333333333333,non_thinking,10,0.2,higher,0.2,0.1333333333333333
Qwen3-8B,native_thinking,29,5,9,logistic_f1,0.4,higher,0.4,non_thinking,10,0.18181818181818182,higher,0.18181818181818182,0.2181818181818182
Qwen3-8B,native_thinking,29,5,9,ncc_recall,0.2222222222222222,higher,0.2222222222222222,non_thinking,10,0.1,higher,0.1,0.1222222222222222
Qwen3-8B,native_thinking,29,5,9,silhouette_cosine,-0.11519826948642731,higher,-0.11519826948642731,non_thinking,10,-0.1858479082584381,higher,-0.1858479082584381,0.0706496387720108
Qwen3-8B,native_thinking,29,5,9,within_trace,1353.283447265625,lower,-1353.283447265625,non_thinking,10,519.0714721679688,lower,-519.0714721679688,-834.2119750976562
Qwen3-8B,native_thinking,29,5,9,class_nc1_ratio,7.495244116021483,lower,-7.495244116021483,non_thinking,10,9.616115742364517,lower,-9.616115742364517,2.1208716263430345
Qwen3-8B,native_thinking,29,5,9,centroid_nearest_squared,21.93931770324707,higher,21.93931770324707,non_thinking,10,47.647186279296875,higher,47.647186279296875,-25.707868576049805
Qwen3-8B,native_thinking,29,5,9,fisher_nearest,0.01621191609753044,higher,0.01621191609753044,non_thinking,10,0.09179311296051827,higher,0.09179311296051827,-0.07558119686298784
Qwen3-8B,native_thinking,29,5,9,min_bhattacharyya,0.14818064123392105,higher,0.14818064123392105,non_thinking,10,0.4273013174533844,higher,0.4273013174533844,-0.27912067621946335
Qwen3-8B,native_thinking,29,5,9,mean_bhattacharyya,1.9800631743338373,higher,1.9800631743338373,non_thinking,10,4.667098490728272,higher,4.667098490728272,-2.687035316394435
Qwen3-8B,native_thinking,29,5,9,nc2_class_cosine_deviation,0.6162477760219279,lower,-0.6162477760219279,non_thinking,10,0.5368080142839455,lower,-0.5368080142839455,-0.0794397617379824
Qwen3-8B,native_thinking,29,6,9,logistic_precision,0.5833333333333334,higher,0.5833333333333334,non_thinking,10,0.26666666666666666,higher,0.26666666666666666,0.3166666666666667
Qwen3-8B,native_thinking,29,6,9,logistic_recall,0.7777777777777778,higher,0.7777777777777778,non_thinking,10,0.4,higher,0.4,0.37777777777777777
Qwen3-8B,native_thinking,29,6,9,logistic_f1,0.6666666666666666,higher,0.6666666666666666,non_thinking,10,0.32,higher,0.32,0.3466666666666666
Qwen3-8B,native_thinking,29,6,9,ncc_recall,0.3333333333333333,higher,0.3333333333333333,non_thinking,10,0.2,higher,0.2,0.1333333333333333
Qwen3-8B,native_thinking,29,6,9,silhouette_cosine,-0.12729506194591522,higher,-0.12729506194591522,non_thinking,10,-0.15510493516921997,higher,-0.15510493516921997,0.02780987322330475
Qwen3-8B,native_thinking,29,6,9,within_trace,1395.141845703125,lower,-1395.141845703125,non_thinking,10,400.6324462890625,lower,-400.6324462890625,-994.5093994140625
Qwen3-8B,native_thinking,29,6,9,class_nc1_ratio,7.063623613234966,lower,-7.063623613234966,non_thinking,10,5.525184911111388,lower,-5.525184911111388,-1.5384387021235773
Qwen3-8B,native_thinking,29,6,9,centroid_nearest_squared,21.93931770324707,higher,21.93931770324707,non_thinking,10,32.9062385559082,higher,32.9062385559082,-10.966920852661133
Qwen3-8B,native_thinking,29,6,9,fisher_nearest,0.015725510471080503,higher,0.015725510471080503,non_thinking,10,0.0821357302952089,higher,0.0821357302952089,-0.0664102198241284
Qwen3-8B,native_thinking,29,6,9,min_bhattacharyya,0.14818064123392105,higher,0.14818064123392105,non_thinking,10,0.4075874388217926,higher,0.4075874388217926,-0.25940679758787155
Qwen3-8B,native_thinking,29,6,9,mean_bhattacharyya,2.025532622304228,higher,2.025532622304228,non_thinking,10,6.07823432650831,higher,6.07823432650831,-4.0527017042040825
Qwen3-8B,native_thinking,29,6,9,nc2_class_cosine_deviation,0.6290742743898322,lower,-0.6290742743898322,non_thinking,10,0.6483229567975174,lower,-0.6483229567975174,0.01924868240768518
Qwen3-8B,native_thinking,29,7,9,logistic_precision,0.875,higher,0.875,non_thinking,10,0.25,higher,0.25,0.625
Qwen3-8B,native_thinking,29,7,9,logistic_recall,0.7777777777777778,higher,0.7777777777777778,non_thinking,10,0.2,higher,0.2,0.5777777777777777
Qwen3-8B,native_thinking,29,7,9,logistic_f1,0.8235294117647058,higher,0.8235294117647058,non_thinking,10,0.2222222222222222,higher,0.2222222222222222,0.6013071895424836
Qwen3-8B,native_thinking,29,7,9,ncc_recall,0.4444444444444444,higher,0.4444444444444444,non_thinking,10,0.2,higher,0.2,0.2444444444444444
Qwen3-8B,native_thinking,29,7,9,silhouette_cosine,-0.11697372049093246,higher,-0.11697372049093246,non_thinking,10,-0.19877949357032776,higher,-0.19877949357032776,0.0818057730793953
Qwen3-8B,native_thinking,29,7,9,within_trace,1430.04736328125,lower,-1430.04736328125,non_thinking,10,407.0162353515625,lower,-407.0162353515625,-1023.0311279296875
Qwen3-8B,native_thinking,29,7,9,class_nc1_ratio,6.26841026779908,lower,-6.26841026779908,non_thinking,10,8.862759740522964,lower,-8.862759740522964,2.5943494727238843
Qwen3-8B,native_thinking,29,7,9,centroid_nearest_squared,44.025821685791016,higher,44.025821685791016,non_thinking,10,41.56146240234375,higher,41.56146240234375,2.4643592834472656
Qwen3-8B,native_thinking,29,7,9,fisher_nearest,0.030786268214762883,higher,0.030786268214762883,non_thinking,10,0.10211254193937697,higher,0.10211254193937697,-0.07132627372461409
Qwen3-8B,native_thinking,29,7,9,min_bhattacharyya,0.2279740422964096,higher,0.2279740422964096,non_thinking,10,0.4075874388217926,higher,0.4075874388217926,-0.179613396525383
Qwen3-8B,native_thinking,29,7,9,mean_bhattacharyya,2.15858321554131,higher,2.15858321554131,non_thinking,10,4.7770045267211065,higher,4.7770045267211065,-2.6184213111797967
Qwen3-8B,native_thinking,29,7,9,nc2_class_cosine_deviation,0.6122375897787236,lower,-0.6122375897787236,non_thinking,10,0.5549428152081407,lower,-0.5549428152081407,-0.05729477457058285
Qwen3-8B,native_thinking,29,8,9,logistic_precision,0.7272727272727273,higher,0.7272727272727273,non_thinking,10,0.0,higher,0.0,0.7272727272727273
Qwen3-8B,native_thinking,29,8,9,logistic_recall,0.8888888888888888,higher,0.8888888888888888,non_thinking,10,0.0,higher,0.0,0.8888888888888888
Qwen3-8B,native_thinking,29,8,9,logistic_f1,0.8,higher,0.8,non_thinking,10,0.0,higher,0.0,0.8
Qwen3-8B,native_thinking,29,8,9,ncc_recall,0.4444444444444444,higher,0.4444444444444444,non_thinking,10,0.0,higher,0.0,0.4444444444444444
Qwen3-8B,native_thinking,29,8,9,silhouette_cosine,-0.1135023683309555,higher,-0.1135023683309555,non_thinking,10,-0.14828690886497498,higher,-0.14828690886497498,0.03478454053401947
Qwen3-8B,native_thinking,29,8,9,within_trace,1562.432373046875,lower,-1562.432373046875,non_thinking,10,358.35125732421875,lower,-358.35125732421875,-1204.0811157226562
Qwen3-8B,native_thinking,29,8,9,class_nc1_ratio,6.546335572076522,lower,-6.546335572076522,non_thinking,10,3.703491088859728,lower,-3.703491088859728,-2.842844483216794
Qwen3-8B,native_thinking,29,8,9,centroid_nearest_squared,72.63687133789062,higher,72.63687133789062,non_thinking,10,31.475032806396484,higher,31.475032806396484,41.16183853149414
Qwen3-8B,native_thinking,29,8,9,fisher_nearest,0.046489609784673494,higher,0.046489609784673494,non_thinking,10,0.0878329074144127,higher,0.0878329074144127,-0.041343297629739206
Qwen3-8B,native_thinking,29,8,9,min_bhattacharyya,0.45300009846687317,higher,0.45300009846687317,non_thinking,10,0.4308806359767914,higher,0.4308806359767914,0.022119462490081787
Qwen3-8B,native_thinking,29,8,9,mean_bhattacharyya,2.228117492463854,higher,2.228117492463854,non_thinking,10,6.799081063932842,higher,6.799081063932842,-4.5709635714689885
Qwen3-8B,native_thinking,29,8,9,nc2_class_cosine_deviation,0.608775410939146,lower,-0.608775410939146,non_thinking,10,0.5939526942409115,lower,-0.5939526942409115,-0.01482271669823454
Qwen3-8B,native_thinking,29,9,9,logistic_precision,1.0,higher,1.0,non_thinking,10,0.3333333333333333,higher,0.3333333333333333,0.6666666666666667
Qwen3-8B,native_thinking,29,9,9,logistic_recall,0.7777777777777778,higher,0.7777777777777778,non_thinking,10,0.2,higher,0.2,0.5777777777777777
Qwen3-8B,native_thinking,29,9,9,logistic_f1,0.875,higher,0.875,non_thinking,10,0.25,higher,0.25,0.625
Qwen3-8B,native_thinking,29,9,9,ncc_recall,0.5555555555555556,higher,0.5555555555555556,non_thinking,10,0.1,higher,0.1,0.4555555555555556
Qwen3-8B,native_thinking,29,9,9,silhouette_cosine,0.0075253332033753395,higher,0.0075253332033753395,non_thinking,10,-0.07105599343776703,higher,-0.07105599343776703,0.07858132664114237
Qwen3-8B,native_thinking,29,9,9,within_trace,1831.8140869140625,lower,-1831.8140869140625,non_thinking,10,486.42095947265625,lower,-486.42095947265625,-1345.3931274414062
Qwen3-8B,native_thinking,29,9,9,class_nc1_ratio,2.9975464509897183,lower,-2.9975464509897183,non_thinking,10,4.154011357734388,lower,-4.154011357734388,1.1564649067446693
Qwen3-8B,native_thinking,29,9,9,centroid_nearest_squared,355.83935546875,higher,355.83935546875,non_thinking,10,33.25865936279297,higher,33.25865936279297,322.58069610595703
Qwen3-8B,native_thinking,29,9,9,fisher_nearest,0.19425516923947742,higher,0.19425516923947742,non_thinking,10,0.06837423165081064,higher,0.06837423165081064,0.12588093758866678
Qwen3-8B,native_thinking,29,9,9,min_bhattacharyya,1.0699117183685303,higher,1.0699117183685303,non_thinking,10,0.616942286491394,higher,0.616942286491394,0.45296943187713623
Qwen3-8B,native_thinking,29,9,9,mean_bhattacharyya,3.2392113871044583,higher,3.2392113871044583,non_thinking,10,6.8764475418461695,higher,6.8764475418461695,-3.637236154741711
Qwen3-8B,native_thinking,29,9,9,nc2_class_cosine_deviation,0.27625828641064376,lower,-0.27625828641064376,non_thinking,10,0.6364260882507136,lower,-0.6364260882507136,0.3601678018400698
Qwen3-8B,native_thinking,29,10,9,logistic_precision,1.0,higher,1.0,non_thinking,10,0.1111111111111111,higher,0.1111111111111111,0.8888888888888888
Qwen3-8B,native_thinking,29,10,9,logistic_recall,1.0,higher,1.0,non_thinking,10,0.1,higher,0.1,0.9
Qwen3-8B,native_thinking,29,10,9,logistic_f1,1.0,higher,1.0,non_thinking,10,0.10526315789473684,higher,0.10526315789473684,0.8947368421052632
Qwen3-8B,native_thinking,29,10,9,ncc_recall,0.8888888888888888,higher,0.8888888888888888,non_thinking,10,0.2,higher,0.2,0.6888888888888889
Qwen3-8B,native_thinking,29,10,9,silhouette_cosine,0.5059367418289185,higher,0.5059367418289185,non_thinking,10,-0.17878484725952148,higher,-0.17878484725952148,0.6847215890884399
Qwen3-8B,native_thinking,29,10,9,within_trace,2363.755126953125,lower,-2363.755126953125,non_thinking,10,315.4958801269531,lower,-315.4958801269531,-2048.259246826172
Qwen3-8B,native_thinking,29,10,9,class_nc1_ratio,0.6697174817995208,lower,-0.6697174817995208,non_thinking,10,4.326597890835959,lower,-4.326597890835959,3.6568804090364386
Qwen3-8B,native_thinking,29,10,9,centroid_nearest_squared,4379.60302734375,higher,4379.60302734375,non_thinking,10,31.475032806396484,higher,31.475032806396484,4348.1279945373535
Qwen3-8B,native_thinking,29,10,9,fisher_nearest,1.8528158764859237,higher,1.8528158764859237,non_thinking,10,0.09976368881181957,higher,0.09976368881181957,1.753052187674104
Qwen3-8B,native_thinking,29,10,9,min_bhattacharyya,5.618085861206055,higher,5.618085861206055,non_thinking,10,0.4228035807609558,higher,0.4228035807609558,5.195282280445099
Qwen3-8B,native_thinking,29,10,9,mean_bhattacharyya,5.910049067603217,higher,5.910049067603217,non_thinking,10,7.367803999119335,higher,7.367803999119335,-1.457754931516118
Qwen3-8B,native_thinking,29,10,9,nc2_class_cosine_deviation,0.39378095381421807,lower,-0.39378095381421807,non_thinking,10,0.7010563251412945,lower,-0.7010563251412945,0.3072753713270764
Qwen3-8B,native_thinking,30,1,10,logistic_precision,1.0,higher,1.0,non_thinking,10,1.0,higher,1.0,0.0
Qwen3-8B,native_thinking,30,1,10,logistic_recall,1.0,higher,1.0,non_thinking,10,1.0,higher,1.0,0.0
Qwen3-8B,native_thinking,30,1,10,logistic_f1,1.0,higher,1.0,non_thinking,10,1.0,higher,1.0,0.0
Qwen3-8B,native_thinking,30,1,10,ncc_recall,0.9,higher,0.9,non_thinking,10,1.0,higher,1.0,-0.09999999999999998
Qwen3-8B,native_thinking,30,1,10,silhouette_cosine,0.2370201051235199,higher,0.2370201051235199,non_thinking,10,0.9957262277603149,higher,0.9957262277603149,-0.758706122636795
Qwen3-8B,native_thinking,30,1,10,within_trace,2215.75439453125,lower,-2215.75439453125,non_thinking,10,8.83460807800293,lower,-8.83460807800293,-2206.919786453247
Qwen3-8B,native_thinking,30,1,10,class_nc1_ratio,1.4656107216458962,lower,-1.4656107216458962,non_thinking,10,0.004547617324789175,lower,-0.004547617324789175,-1.461063104321107
Qwen3-8B,native_thinking,30,1,10,centroid_nearest_squared,1376.887939453125,higher,1376.887939453125,non_thinking,10,1823.52197265625,higher,1823.52197265625,-446.634033203125
Qwen3-8B,native_thinking,30,1,10,fisher_nearest,0.6214081952636317,higher,0.6214081952636317,non_thinking,10,206.4066630410682,higher,206.4066630410682,-205.7852548458046
Qwen3-8B,native_thinking,30,1,10,min_bhattacharyya,3.101349115371704,higher,3.101349115371704,non_thinking,10,24.208914279937744,higher,24.208914279937744,-21.10756516456604
Qwen3-8B,native_thinking,30,1,10,mean_bhattacharyya,5.269667042626275,higher,5.269667042626275,non_thinking,10,43.4904391500685,higher,43.4904391500685,-38.22077210744222
Qwen3-8B,native_thinking,30,1,10,nc2_class_cosine_deviation,0.3791237577428052,lower,-0.3791237577428052,non_thinking,10,0.5917572807750583,lower,-0.5917572807750583,0.21263352303225308
Qwen3-8B,native_thinking,30,2,10,logistic_precision,1.0,higher,1.0,non_thinking,10,0.36363636363636365,higher,0.36363636363636365,0.6363636363636364
Qwen3-8B,native_thinking,30,2,10,logistic_recall,0.7,higher,0.7,non_thinking,10,0.4,higher,0.4,0.29999999999999993
Qwen3-8B,native_thinking,30,2,10,logistic_f1,0.8235294117647058,higher,0.8235294117647058,non_thinking,10,0.38095238095238093,higher,0.38095238095238093,0.4425770308123249
Qwen3-8B,native_thinking,30,2,10,ncc_recall,0.6,higher,0.6,non_thinking,10,0.5,higher,0.5,0.09999999999999998
Qwen3-8B,native_thinking,30,2,10,silhouette_cosine,-0.11515913903713226,higher,-0.11515913903713226,non_thinking,10,-0.15753500163555145,higher,-0.15753500163555145,0.04237586259841919
Qwen3-8B,native_thinking,30,2,10,within_trace,1849.1409912109375,lower,-1849.1409912109375,non_thinking,10,381.3222961425781,lower,-381.3222961425781,-1467.8186950683594
Qwen3-8B,native_thinking,30,2,10,class_nc1_ratio,6.690808609213597,lower,-6.690808609213597,non_thinking,10,3.3021295663495356,lower,-3.3021295663495356,-3.388679042864062
Qwen3-8B,native_thinking,30,2,10,centroid_nearest_squared,158.96258544921875,higher,158.96258544921875,non_thinking,10,125.12525939941406,higher,125.12525939941406,33.83732604980469
Qwen3-8B,native_thinking,30,2,10,fisher_nearest,0.0859656382097288,higher,0.0859656382097288,non_thinking,10,0.3281351776834711,higher,0.3281351776834711,-0.2421695394737423
Qwen3-8B,native_thinking,30,2,10,min_bhattacharyya,0.7380523383617401,higher,0.7380523383617401,non_thinking,10,1.087225079536438,higher,1.087225079536438,-0.3491727411746979
Qwen3-8B,native_thinking,30,2,10,mean_bhattacharyya,2.557655496729745,higher,2.557655496729745,non_thinking,10,4.188768843809764,higher,4.188768843809764,-1.631113347080019
Qwen3-8B,native_thinking,30,2,10,nc2_class_cosine_deviation,0.29772040671036565,lower,-0.29772040671036565,non_thinking,10,0.3424315016578745,lower,-0.3424315016578745,0.044711094947508856
Qwen3-8B,native_thinking,30,3,9,logistic_precision,0.6428571428571429,higher,0.6428571428571429,non_thinking,10,0.125,higher,0.125,0.5178571428571429
Qwen3-8B,native_thinking,30,3,9,logistic_recall,1.0,higher,1.0,non_thinking,10,0.1,higher,0.1,0.9
Qwen3-8B,native_thinking,30,3,9,logistic_f1,0.782608695652174,higher,0.782608695652174,non_thinking,10,0.1111111111111111,higher,0.1111111111111111,0.6714975845410629
Qwen3-8B,native_thinking,30,3,9,ncc_recall,0.7777777777777778,higher,0.7777777777777778,non_thinking,10,0.1,higher,0.1,0.6777777777777778
Qwen3-8B,native_thinking,30,3,9,silhouette_cosine,-0.0964946523308754,higher,-0.0964946523308754,non_thinking,10,-0.19064776599407196,higher,-0.19064776599407196,0.09415311366319656
Qwen3-8B,native_thinking,30,3,9,within_trace,1611.852783203125,lower,-1611.852783203125,non_thinking,10,487.8463134765625,lower,-487.8463134765625,-1124.0064697265625
Qwen3-8B,native_thinking,30,3,9,class_nc1_ratio,9.52756642337696,lower,-9.52756642337696,non_thinking,10,11.350636240038424,lower,-11.350636240038424,1.823069816661464
Qwen3-8B,native_thinking,30,3,9,centroid_nearest_squared,96.80708312988281,higher,96.80708312988281,non_thinking,10,56.1281623840332,higher,56.1281623840332,40.67892074584961
Qwen3-8B,native_thinking,30,3,9,fisher_nearest,0.06005950676060174,higher,0.06005950676060174,non_thinking,10,0.11505295998660807,higher,0.11505295998660807,-0.05499345322600633
Qwen3-8B,native_thinking,30,3,9,min_bhattacharyya,0.43867114186286926,higher,0.43867114186286926,non_thinking,10,0.56681689620018,higher,0.56681689620018,-0.1281457543373108
Qwen3-8B,native_thinking,30,3,9,mean_bhattacharyya,2.084148195054796,higher,2.084148195054796,non_thinking,10,4.873918791611989,higher,4.873918791611989,-2.789770596557193
Qwen3-8B,native_thinking,30,3,9,nc2_class_cosine_deviation,0.4379978119223206,lower,-0.4379978119223206,non_thinking,10,0.42987448161030994,lower,-0.42987448161030994,-0.00812333031201068
Qwen3-8B,native_thinking,30,4,9,logistic_precision,0.7,higher,0.7,non_thinking,10,0.2,higher,0.2,0.49999999999999994
Qwen3-8B,native_thinking,30,4,9,logistic_recall,0.7777777777777778,higher,0.7777777777777778,non_thinking,10,0.2,higher,0.2,0.5777777777777777
Qwen3-8B,native_thinking,30,4,9,logistic_f1,0.7368421052631579,higher,0.7368421052631579,non_thinking,10,0.2,higher,0.2,0.5368421052631578
Qwen3-8B,native_thinking,30,4,9,ncc_recall,0.5555555555555556,higher,0.5555555555555556,non_thinking,10,0.2,higher,0.2,0.35555555555555557
Qwen3-8B,native_thinking,30,4,9,silhouette_cosine,-0.1357181966304779,higher,-0.1357181966304779,non_thinking,10,-0.08660106360912323,higher,-0.08660106360912323,-0.049117133021354675
Qwen3-8B,native_thinking,30,4,9,within_trace,1581.0400390625,lower,-1581.0400390625,non_thinking,10,336.0576171875,lower,-336.0576171875,-1244.982421875
Qwen3-8B,native_thinking,30,4,9,class_nc1_ratio,8.97018353061001,lower,-8.97018353061001,non_thinking,10,5.097115171965582,lower,-5.097115171965582,-3.873068358644428
Qwen3-8B,native_thinking,30,4,9,centroid_nearest_squared,40.68710708618164,higher,40.68710708618164,non_thinking,10,24.644981384277344,higher,24.644981384277344,16.042125701904297
Qwen3-8B,native_thinking,30,4,9,fisher_nearest,0.025734393867917243,higher,0.025734393867917243,non_thinking,10,0.07333558331613987,higher,0.07333558331613987,-0.04760118944822263
Qwen3-8B,native_thinking,30,4,9,min_bhattacharyya,0.23049034178256989,higher,0.23049034178256989,non_thinking,10,0.5293611884117126,higher,0.5293611884117126,-0.29887084662914276
Qwen3-8B,native_thinking,30,4,9,mean_bhattacharyya,1.8998830964167912,higher,1.8998830964167912,non_thinking,10,6.806864791446262,higher,6.806864791446262,-4.906981695029471
Qwen3-8B,native_thinking,30,4,9,nc2_class_cosine_deviation,0.5968597652735534,lower,-0.5968597652735534,non_thinking,10,0.4428624330479422,lower,-0.4428624330479422,-0.15399733222561124
Qwen3-8B,native_thinking,30,5,9,logistic_precision,0.7142857142857143,higher,0.7142857142857143,non_thinking,10,0.18181818181818182,higher,0.18181818181818182,0.5324675324675325
Qwen3-8B,native_thinking,30,5,9,logistic_recall,0.5555555555555556,higher,0.5555555555555556,non_thinking,10,0.2,higher,0.2,0.35555555555555557
Qwen3-8B,native_thinking,30,5,9,logistic_f1,0.625,higher,0.625,non_thinking,10,0.19047619047619047,higher,0.19047619047619047,0.43452380952380953
Qwen3-8B,native_thinking,30,5,9,ncc_recall,0.0,higher,0.0,non_thinking,10,0.1,higher,0.1,-0.1
Qwen3-8B,native_thinking,30,5,9,silhouette_cosine,-0.11283747106790543,higher,-0.11283747106790543,non_thinking,10,-0.16298678517341614,higher,-0.16298678517341614,0.05014931410551071
Qwen3-8B,native_thinking,30,5,9,within_trace,1429.31591796875,lower,-1429.31591796875,non_thinking,10,496.6260986328125,lower,-496.6260986328125,-932.6898193359375
Qwen3-8B,native_thinking,30,5,9,class_nc1_ratio,7.98706338863524,lower,-7.98706338863524,non_thinking,10,9.070522454601969,lower,-9.070522454601969,1.0834590659667294
Qwen3-8B,native_thinking,30,5,9,centroid_nearest_squared,21.652469635009766,higher,21.652469635009766,non_thinking,10,40.915802001953125,higher,40.915802001953125,-19.26333236694336
Qwen3-8B,native_thinking,30,5,9,fisher_nearest,0.01514883404207856,higher,0.01514883404207856,non_thinking,10,0.08238753886393071,higher,0.08238753886393071,-0.06723870482185215
Qwen3-8B,native_thinking,30,5,9,min_bhattacharyya,0.14842163026332855,higher,0.14842163026332855,non_thinking,10,0.477276474237442,higher,0.477276474237442,-0.32885484397411346
Qwen3-8B,native_thinking,30,5,9,mean_bhattacharyya,1.9117577075958252,higher,1.9117577075958252,non_thinking,10,4.4758831560611725,higher,4.4758831560611725,-2.5641254484653473
Qwen3-8B,native_thinking,30,5,9,nc2_class_cosine_deviation,0.6098636740151746,lower,-0.6098636740151746,non_thinking,10,0.5214940114521686,lower,-0.5214940114521686,-0.08836966256300605
Qwen3-8B,native_thinking,30,6,9,logistic_precision,0.625,higher,0.625,non_thinking,10,0.15384615384615385,higher,0.15384615384615385,0.47115384615384615
Qwen3-8B,native_thinking,30,6,9,logistic_recall,0.5555555555555556,higher,0.5555555555555556,non_thinking,10,0.2,higher,0.2,0.35555555555555557
Qwen3-8B,native_thinking,30,6,9,logistic_f1,0.5882352941176471,higher,0.5882352941176471,non_thinking,10,0.17391304347826086,higher,0.17391304347826086,0.4143222506393862
Qwen3-8B,native_thinking,30,6,9,ncc_recall,0.3333333333333333,higher,0.3333333333333333,non_thinking,10,0.2,higher,0.2,0.1333333333333333
Qwen3-8B,native_thinking,30,6,9,silhouette_cosine,-0.12554395198822021,higher,-0.12554395198822021,non_thinking,10,-0.15033060312271118,higher,-0.15033060312271118,0.024786651134490967
Qwen3-8B,native_thinking,30,6,9,within_trace,1498.564208984375,lower,-1498.564208984375,non_thinking,10,378.0891418457031,lower,-378.0891418457031,-1120.4750671386719
Qwen3-8B,native_thinking,30,6,9,class_nc1_ratio,7.6556827852061335,lower,-7.6556827852061335,non_thinking,10,5.772608599326358,lower,-5.772608599326358,-1.8830741858797753
Qwen3-8B,native_thinking,30,6,9,centroid_nearest_squared,21.652469635009766,higher,21.652469635009766,non_thinking,10,24.644981384277344,higher,24.644981384277344,-2.992511749267578
Qwen3-8B,native_thinking,30,6,9,fisher_nearest,0.014448810071130911,higher,0.014448810071130911,non_thinking,10,0.06518299167219903,higher,0.06518299167219903,-0.050734181601068115
Qwen3-8B,native_thinking,30,6,9,min_bhattacharyya,0.14842163026332855,higher,0.14842163026332855,non_thinking,10,0.41337859630584717,higher,0.41337859630584717,-0.2649569660425186
Qwen3-8B,native_thinking,30,6,9,mean_bhattacharyya,1.9423387224475543,higher,1.9423387224475543,non_thinking,10,6.07955018679301,higher,6.07955018679301,-4.137211464345455
Qwen3-8B,native_thinking,30,6,9,nc2_class_cosine_deviation,0.6364143529423961,lower,-0.6364143529423961,non_thinking,10,0.6436933448285233,lower,-0.6436933448285233,0.0072789918861271286
Qwen3-8B,native_thinking,30,7,9,logistic_precision,0.8,higher,0.8,non_thinking,10,0.16666666666666666,higher,0.16666666666666666,0.6333333333333334
Qwen3-8B,native_thinking,30,7,9,logistic_recall,0.8888888888888888,higher,0.8888888888888888,non_thinking,10,0.1,higher,0.1,0.7888888888888889
Qwen3-8B,native_thinking,30,7,9,logistic_f1,0.8421052631578947,higher,0.8421052631578947,non_thinking,10,0.125,higher,0.125,0.7171052631578947
Qwen3-8B,native_thinking,30,7,9,ncc_recall,0.3333333333333333,higher,0.3333333333333333,non_thinking,10,0.2,higher,0.2,0.1333333333333333
Qwen3-8B,native_thinking,30,7,9,silhouette_cosine,-0.11312394589185715,higher,-0.11312394589185715,non_thinking,10,-0.20336361229419708,higher,-0.20336361229419708,0.09023966640233994
Qwen3-8B,native_thinking,30,7,9,within_trace,1484.9091796875,lower,-1484.9091796875,non_thinking,10,348.14739990234375,lower,-348.14739990234375,-1136.7617797851562
Qwen3-8B,native_thinking,30,7,9,class_nc1_ratio,6.926490115246645,lower,-6.926490115246645,non_thinking,10,9.134727857584398,lower,-9.134727857584398,2.2082377423377526
Qwen3-8B,native_thinking,30,7,9,centroid_nearest_squared,31.105751037597656,higher,31.105751037597656,non_thinking,10,30.344131469726562,higher,30.344131469726562,0.7616195678710938
Qwen3-8B,native_thinking,30,7,9,fisher_nearest,0.02094791483755517,higher,0.02094791483755517,non_thinking,10,0.08715886282143187,higher,0.08715886282143187,-0.0662109479838767
Qwen3-8B,native_thinking,30,7,9,min_bhattacharyya,0.16628693789243698,higher,0.16628693789243698,non_thinking,10,0.41783392429351807,higher,0.41783392429351807,-0.2515469864010811
Qwen3-8B,native_thinking,30,7,9,mean_bhattacharyya,2.0396543037560253,higher,2.0396543037560253,non_thinking,10,4.748151232798894,higher,4.748151232798894,-2.7084969290428687
Qwen3-8B,native_thinking,30,7,9,nc2_class_cosine_deviation,0.636416819912416,lower,-0.636416819912416,non_thinking,10,0.6231432163421018,lower,-0.6231432163421018,-0.013273603570314263
Qwen3-8B,native_thinking,30,8,9,logistic_precision,0.8,higher,0.8,non_thinking,10,0.0,higher,0.0,0.8
Qwen3-8B,native_thinking,30,8,9,logistic_recall,0.8888888888888888,higher,0.8888888888888888,non_thinking,10,0.0,higher,0.0,0.8888888888888888
Qwen3-8B,native_thinking,30,8,9,logistic_f1,0.8421052631578947,higher,0.8421052631578947,non_thinking,10,0.0,higher,0.0,0.8421052631578947
Qwen3-8B,native_thinking,30,8,9,ncc_recall,0.4444444444444444,higher,0.4444444444444444,non_thinking,10,0.0,higher,0.0,0.4444444444444444
Qwen3-8B,native_thinking,30,8,9,silhouette_cosine,-0.11504414677619934,higher,-0.11504414677619934,non_thinking,10,-0.1715288907289505,higher,-0.1715288907289505,0.05648474395275116
Qwen3-8B,native_thinking,30,8,9,within_trace,1659.6190185546875,lower,-1659.6190185546875,non_thinking,10,337.21746826171875,lower,-337.21746826171875,-1322.4015502929688
Qwen3-8B,native_thinking,30,8,9,class_nc1_ratio,7.106272489606573,lower,-7.106272489606573,non_thinking,10,4.253844385089305,lower,-4.253844385089305,-2.8524281045172675
Qwen3-8B,native_thinking,30,8,9,centroid_nearest_squared,48.60706329345703,higher,48.60706329345703,non_thinking,10,25.160472869873047,higher,25.160472869873047,23.446590423583984
Qwen3-8B,native_thinking,30,8,9,fisher_nearest,0.029288085247292157,higher,0.029288085247292157,non_thinking,10,0.0746120092757048,higher,0.0746120092757048,-0.04532392402841264
Qwen3-8B,native_thinking,30,8,9,min_bhattacharyya,0.33090677857398987,higher,0.33090677857398987,non_thinking,10,0.3934137672185898,higher,0.3934137672185898,-0.06250698864459991
Qwen3-8B,native_thinking,30,8,9,mean_bhattacharyya,2.118171019686593,higher,2.118171019686593,non_thinking,10,6.508008963531918,higher,6.508008963531918,-4.3898379438453246
Qwen3-8B,native_thinking,30,8,9,nc2_class_cosine_deviation,0.6191657224187145,lower,-0.6191657224187145,non_thinking,10,0.6128090292583277,lower,-0.6128090292583277,-0.006356693160386784
Qwen3-8B,native_thinking,30,9,9,logistic_precision,1.0,higher,1.0,non_thinking,10,0.125,higher,0.125,0.875
Qwen3-8B,native_thinking,30,9,9,logistic_recall,0.7777777777777778,higher,0.7777777777777778,non_thinking,10,0.1,higher,0.1,0.6777777777777778
Qwen3-8B,native_thinking,30,9,9,logistic_f1,0.875,higher,0.875,non_thinking,10,0.1111111111111111,higher,0.1111111111111111,0.7638888888888888
Qwen3-8B,native_thinking,30,9,9,ncc_recall,0.4444444444444444,higher,0.4444444444444444,non_thinking,10,0.1,higher,0.1,0.34444444444444444
Qwen3-8B,native_thinking,30,9,9,silhouette_cosine,-0.014176971279084682,higher,-0.014176971279084682,non_thinking,10,-0.08474384248256683,higher,-0.08474384248256683,0.07056687120348215
Qwen3-8B,native_thinking,30,9,9,within_trace,1933.7703857421875,lower,-1933.7703857421875,non_thinking,10,526.765625,lower,-526.765625,-1407.0047607421875
Qwen3-8B,native_thinking,30,9,9,class_nc1_ratio,3.5878835272428926,lower,-3.5878835272428926,non_thinking,10,4.702431632346943,lower,-4.702431632346943,1.11454810510405
Qwen3-8B,native_thinking,30,9,9,centroid_nearest_squared,328.33367919921875,higher,328.33367919921875,non_thinking,10,40.68080139160156,higher,40.68080139160156,287.6528778076172
Qwen3-8B,native_thinking,30,9,9,fisher_nearest,0.16978938224519516,higher,0.16978938224519516,non_thinking,10,0.07722751725039302,higher,0.07722751725039302,0.09256186499480214
Qwen3-8B,native_thinking,30,9,9,min_bhattacharyya,0.9689069986343384,higher,0.9689069986343384,non_thinking,10,0.7740934491157532,higher,0.7740934491157532,0.1948135495185852
Qwen3-8B,native_thinking,30,9,9,mean_bhattacharyya,3.0411557621426053,higher,3.0411557621426053,non_thinking,10,6.561757442024019,higher,6.561757442024019,-3.520601679881414
Qwen3-8B,native_thinking,30,9,9,nc2_class_cosine_deviation,0.2681424409886937,lower,-0.2681424409886937,non_thinking,10,0.6194067799750669,lower,-0.6194067799750669,0.35126433898637316
Qwen3-8B,native_thinking,30,10,9,logistic_precision,1.0,higher,1.0,non_thinking,10,0.17647058823529413,higher,0.17647058823529413,0.8235294117647058
Qwen3-8B,native_thinking,30,10,9,logistic_recall,1.0,higher,1.0,non_thinking,10,0.3,higher,0.3,0.7
Qwen3-8B,native_thinking,30,10,9,logistic_f1,1.0,higher,1.0,non_thinking,10,0.2222222222222222,higher,0.2222222222222222,0.7777777777777778
Qwen3-8B,native_thinking,30,10,9,ncc_recall,0.8888888888888888,higher,0.8888888888888888,non_thinking,10,0.2,higher,0.2,0.6888888888888889
Qwen3-8B,native_thinking,30,10,9,silhouette_cosine,0.48718488216400146,higher,0.48718488216400146,non_thinking,10,-0.18793097138404846,higher,-0.18793097138404846,0.6751158535480499
Qwen3-8B,native_thinking,30,10,9,within_trace,2343.820068359375,lower,-2343.820068359375,non_thinking,10,307.5328369140625,lower,-307.5328369140625,-2036.2872314453125
Qwen3-8B,native_thinking,30,10,9,class_nc1_ratio,0.7064771752751318,lower,-0.7064771752751318,non_thinking,10,5.03239070271469,lower,-5.03239070271469,4.325913527439559
Qwen3-8B,native_thinking,30,10,9,centroid_nearest_squared,4057.912109375,higher,4057.912109375,non_thinking,10,25.160472869873047,higher,25.160472869873047,4032.751636505127
Qwen3-8B,native_thinking,30,10,9,fisher_nearest,1.7313240739573723,higher,1.7313240739573723,non_thinking,10,0.08181393935797475,higher,0.08181393935797475,1.6495101345993977
Qwen3-8B,native_thinking,30,10,9,min_bhattacharyya,5.431032180786133,higher,5.431032180786133,non_thinking,10,0.3934137672185898,higher,0.3934137672185898,5.037618413567543
Qwen3-8B,native_thinking,30,10,9,mean_bhattacharyya,5.738840050167507,higher,5.738840050167507,non_thinking,10,6.702271792623732,higher,6.702271792623732,-0.9634317424562244
Qwen3-8B,native_thinking,30,10,9,nc2_class_cosine_deviation,0.40379777431120106,lower,-0.40379777431120106,non_thinking,10,0.7264071938432293,lower,-0.7264071938432293,0.3226094195320282
Qwen3-8B,native_thinking,31,1,10,logistic_precision,1.0,higher,1.0,non_thinking,10,1.0,higher,1.0,0.0
Qwen3-8B,native_thinking,31,1,10,logistic_recall,0.9,higher,0.9,non_thinking,10,1.0,higher,1.0,-0.09999999999999998
Qwen3-8B,native_thinking,31,1,10,logistic_f1,0.9473684210526315,higher,0.9473684210526315,non_thinking,10,1.0,higher,1.0,-0.052631578947368474
Qwen3-8B,native_thinking,31,1,10,ncc_recall,0.9,higher,0.9,non_thinking,10,1.0,higher,1.0,-0.09999999999999998
Qwen3-8B,native_thinking,31,1,10,silhouette_cosine,0.2052394598722458,higher,0.2052394598722458,non_thinking,10,0.9944327473640442,higher,0.9944327473640442,-0.7891932874917984
Qwen3-8B,native_thinking,31,1,10,within_trace,2479.2216796875,lower,-2479.2216796875,non_thinking,10,9.930305480957031,lower,-9.930305480957031,-2469.291374206543
Qwen3-8B,native_thinking,31,1,10,class_nc1_ratio,1.6407490017455653,lower,-1.6407490017455653,non_thinking,10,0.005407555487338287,lower,-0.005407555487338287,-1.635341446258227
Qwen3-8B,native_thinking,31,1,10,centroid_nearest_squared,1330.9619140625,higher,1330.9619140625,non_thinking,10,1683.7015380859375,higher,1683.7015380859375,-352.7396240234375
Qwen3-8B,native_thinking,31,1,10,fisher_nearest,0.5368466744894973,higher,0.5368466744894973,non_thinking,10,169.55183718312674,higher,169.55183718312674,-169.01499050863723
Qwen3-8B,native_thinking,31,1,10,min_bhattacharyya,2.904599905014038,higher,2.904599905014038,non_thinking,10,22.3527250289917,higher,22.3527250289917,-19.44812512397766
Qwen3-8B,native_thinking,31,1,10,mean_bhattacharyya,5.166972849104139,higher,5.166972849104139,non_thinking,10,41.79965485466851,higher,41.79965485466851,-36.63268200556437
Qwen3-8B,native_thinking,31,1,10,nc2_class_cosine_deviation,0.3829193032910058,lower,-0.3829193032910058,non_thinking,10,0.6082463510978369,lower,-0.6082463510978369,0.22532704780683105
Qwen3-8B,native_thinking,31,2,10,logistic_precision,0.7777777777777778,higher,0.7777777777777778,non_thinking,10,0.2857142857142857,higher,0.2857142857142857,0.4920634920634921
Qwen3-8B,native_thinking,31,2,10,logistic_recall,0.7,higher,0.7,non_thinking,10,0.4,higher,0.4,0.29999999999999993
Qwen3-8B,native_thinking,31,2,10,logistic_f1,0.7368421052631579,higher,0.7368421052631579,non_thinking,10,0.3333333333333333,higher,0.3333333333333333,0.40350877192982454
Qwen3-8B,native_thinking,31,2,10,ncc_recall,0.5,higher,0.5,non_thinking,10,0.5,higher,0.5,0.0
Qwen3-8B,native_thinking,31,2,10,silhouette_cosine,-0.11754769086837769,higher,-0.11754769086837769,non_thinking,10,-0.20736952126026154,higher,-0.20736952126026154,0.08982183039188385
Qwen3-8B,native_thinking,31,2,10,within_trace,1900.158447265625,lower,-1900.158447265625,non_thinking,10,397.5294189453125,lower,-397.5294189453125,-1502.6290283203125
Qwen3-8B,native_thinking,31,2,10,class_nc1_ratio,7.479106868503571,lower,-7.479106868503571,non_thinking,10,4.765509167752696,lower,-4.765509167752696,-2.713597700750875
Qwen3-8B,native_thinking,31,2,10,centroid_nearest_squared,133.87457275390625,higher,133.87457275390625,non_thinking,10,113.48287963867188,higher,113.48287963867188,20.391693115234375
Qwen3-8B,native_thinking,31,2,10,fisher_nearest,0.07045442602250095,higher,0.07045442602250095,non_thinking,10,0.2854703934610775,higher,0.2854703934610775,-0.21501596743857654
Qwen3-8B,native_thinking,31,2,10,min_bhattacharyya,0.6890053153038025,higher,0.6890053153038025,non_thinking,10,0.9823979735374451,higher,0.9823979735374451,-0.2933926582336426
Qwen3-8B,native_thinking,31,2,10,mean_bhattacharyya,2.4452159934573703,higher,2.4452159934573703,non_thinking,10,3.7166728708479138,higher,3.7166728708479138,-1.2714568773905435
Qwen3-8B,native_thinking,31,2,10,nc2_class_cosine_deviation,0.3199424363764716,lower,-0.3199424363764716,non_thinking,10,0.3424655077634034,lower,-0.3424655077634034,0.022523071386931826
Qwen3-8B,native_thinking,31,3,9,logistic_precision,0.6,higher,0.6,non_thinking,10,0.2,higher,0.2,0.39999999999999997
Qwen3-8B,native_thinking,31,3,9,logistic_recall,0.6666666666666666,higher,0.6666666666666666,non_thinking,10,0.1,higher,0.1,0.5666666666666667
Qwen3-8B,native_thinking,31,3,9,logistic_f1,0.631578947368421,higher,0.631578947368421,non_thinking,10,0.13333333333333333,higher,0.13333333333333333,0.4982456140350877
Qwen3-8B,native_thinking,31,3,9,ncc_recall,0.7777777777777778,higher,0.7777777777777778,non_thinking,10,0.2,higher,0.2,0.5777777777777777
Qwen3-8B,native_thinking,31,3,9,silhouette_cosine,-0.10337714105844498,higher,-0.10337714105844498,non_thinking,10,-0.17474329471588135,higher,-0.17474329471588135,0.07136615365743637
Qwen3-8B,native_thinking,31,3,9,within_trace,1654.142822265625,lower,-1654.142822265625,non_thinking,10,464.53399658203125,lower,-464.53399658203125,-1189.6088256835938
Qwen3-8B,native_thinking,31,3,9,class_nc1_ratio,10.413116418597687,lower,-10.413116418597687,non_thinking,10,10.865754179892814,lower,-10.865754179892814,0.45263776129512756
Qwen3-8B,native_thinking,31,3,9,centroid_nearest_squared,89.23823547363281,higher,89.23823547363281,non_thinking,10,49.916961669921875,higher,49.916961669921875,39.32127380371094
Qwen3-8B,native_thinking,31,3,9,fisher_nearest,0.05394832554507363,higher,0.05394832554507363,non_thinking,10,0.10745599253704378,higher,0.10745599253704378,-0.053507666991970154
Qwen3-8B,native_thinking,31,3,9,min_bhattacharyya,0.401889443397522,higher,0.401889443397522,non_thinking,10,0.5002348721027374,higher,0.5002348721027374,-0.09834542870521545
Qwen3-8B,native_thinking,31,3,9,mean_bhattacharyya,2.007608758078681,higher,2.007608758078681,non_thinking,10,4.597151024474038,higher,4.597151024474038,-2.589542266395357
Qwen3-8B,native_thinking,31,3,9,nc2_class_cosine_deviation,0.45073548428438337,lower,-0.45073548428438337,non_thinking,10,0.41735107635642277,lower,-0.41735107635642277,-0.0333844079279606
Qwen3-8B,native_thinking,31,4,9,logistic_precision,0.5384615384615384,higher,0.5384615384615384,non_thinking,10,0.17647058823529413,higher,0.17647058823529413,0.3619909502262443
Qwen3-8B,native_thinking,31,4,9,logistic_recall,0.7777777777777778,higher,0.7777777777777778,non_thinking,10,0.3,higher,0.3,0.4777777777777778
Qwen3-8B,native_thinking,31,4,9,logistic_f1,0.6363636363636364,higher,0.6363636363636364,non_thinking,10,0.2222222222222222,higher,0.2222222222222222,0.41414141414141414
Qwen3-8B,native_thinking,31,4,9,ncc_recall,0.4444444444444444,higher,0.4444444444444444,non_thinking,10,0.1,higher,0.1,0.34444444444444444
Qwen3-8B,native_thinking,31,4,9,silhouette_cosine,-0.13569290935993195,higher,-0.13569290935993195,non_thinking,10,-0.07476691901683807,higher,-0.07476691901683807,-0.06092599034309387
Qwen3-8B,native_thinking,31,4,9,within_trace,1585.801513671875,lower,-1585.801513671875,non_thinking,10,310.99420166015625,lower,-310.99420166015625,-1274.8073120117188
Qwen3-8B,native_thinking,31,4,9,class_nc1_ratio,9.985395246471414,lower,-9.985395246471414,non_thinking,10,4.880024187641625,lower,-4.880024187641625,-5.10537105882979
Qwen3-8B,native_thinking,31,4,9,centroid_nearest_squared,30.99852180480957,higher,30.99852180480957,non_thinking,10,26.28885269165039,higher,26.28885269165039,4.70966911315918
Qwen3-8B,native_thinking,31,4,9,fisher_nearest,0.019547542071033493,higher,0.019547542071033493,non_thinking,10,0.08453164898674845,higher,0.08453164898674845,-0.06498410691571496
Qwen3-8B,native_thinking,31,4,9,min_bhattacharyya,0.18434461951255798,higher,0.18434461951255798,non_thinking,10,0.47507041692733765,higher,0.47507041692733765,-0.29072579741477966
Qwen3-8B,native_thinking,31,4,9,mean_bhattacharyya,1.8304524256123438,higher,1.8304524256123438,non_thinking,10,6.584063114391433,higher,6.584063114391433,-4.753610688779089
Qwen3-8B,native_thinking,31,4,9,nc2_class_cosine_deviation,0.6138480460202254,lower,-0.6138480460202254,non_thinking,10,0.4458597726476046,lower,-0.4458597726476046,-0.16798827337262073
Qwen3-8B,native_thinking,31,5,9,logistic_precision,0.5714285714285714,higher,0.5714285714285714,non_thinking,10,0.15384615384615385,higher,0.15384615384615385,0.41758241758241754
Qwen3-8B,native_thinking,31,5,9,logistic_recall,0.4444444444444444,higher,0.4444444444444444,non_thinking,10,0.2,higher,0.2,0.2444444444444444
Qwen3-8B,native_thinking,31,5,9,logistic_f1,0.5,higher,0.5,non_thinking,10,0.17391304347826086,higher,0.17391304347826086,0.32608695652173914
Qwen3-8B,native_thinking,31,5,9,ncc_recall,0.3333333333333333,higher,0.3333333333333333,non_thinking,10,0.1,higher,0.1,0.2333333333333333
Qwen3-8B,native_thinking,31,5,9,silhouette_cosine,-0.11614382266998291,higher,-0.11614382266998291,non_thinking,10,-0.1628565639257431,higher,-0.1628565639257431,0.04671274125576019
Qwen3-8B,native_thinking,31,5,9,within_trace,1452.0341796875,lower,-1452.0341796875,non_thinking,10,474.1474609375,lower,-474.1474609375,-977.88671875
Qwen3-8B,native_thinking,31,5,9,class_nc1_ratio,8.660290037999841,lower,-8.660290037999841,non_thinking,10,9.03059792757965,lower,-9.03059792757965,0.3703078895798093
Qwen3-8B,native_thinking,31,5,9,centroid_nearest_squared,18.731340408325195,higher,18.731340408325195,non_thinking,10,36.67790603637695,higher,36.67790603637695,-17.946565628051758
Qwen3-8B,native_thinking,31,5,9,fisher_nearest,0.012900068517916339,higher,0.012900068517916339,non_thinking,10,0.07735548338454916,higher,0.07735548338454916,-0.06445541486663282
Qwen3-8B,native_thinking,31,5,9,min_bhattacharyya,0.12958405911922455,higher,0.12958405911922455,non_thinking,10,0.39171454310417175,higher,0.39171454310417175,-0.2621304839849472
Qwen3-8B,native_thinking,31,5,9,mean_bhattacharyya,1.839065487186114,higher,1.839065487186114,non_thinking,10,4.241831380459997,higher,4.241831380459997,-2.402765893273883
Qwen3-8B,native_thinking,31,5,9,nc2_class_cosine_deviation,0.6458575373262535,lower,-0.6458575373262535,non_thinking,10,0.5254823171798093,lower,-0.5254823171798093,-0.1203752201464442
Qwen3-8B,native_thinking,31,6,9,logistic_precision,0.7142857142857143,higher,0.7142857142857143,non_thinking,10,0.16666666666666666,higher,0.16666666666666666,0.5476190476190477
Qwen3-8B,native_thinking,31,6,9,logistic_recall,0.5555555555555556,higher,0.5555555555555556,non_thinking,10,0.2,higher,0.2,0.35555555555555557
Qwen3-8B,native_thinking,31,6,9,logistic_f1,0.625,higher,0.625,non_thinking,10,0.18181818181818182,higher,0.18181818181818182,0.4431818181818182
Qwen3-8B,native_thinking,31,6,9,ncc_recall,0.3333333333333333,higher,0.3333333333333333,non_thinking,10,0.0,higher,0.0,0.3333333333333333
Qwen3-8B,native_thinking,31,6,9,silhouette_cosine,-0.12462130934000015,higher,-0.12462130934000015,non_thinking,10,-0.12627172470092773,higher,-0.12627172470092773,0.0016504153609275818
Qwen3-8B,native_thinking,31,6,9,within_trace,1510.9671630859375,lower,-1510.9671630859375,non_thinking,10,334.5120849609375,lower,-334.5120849609375,-1176.455078125
Qwen3-8B,native_thinking,31,6,9,class_nc1_ratio,8.077967441690951,lower,-8.077967441690951,non_thinking,10,5.42117249363884,lower,-5.42117249363884,-2.656794948052111
Qwen3-8B,native_thinking,31,6,9,centroid_nearest_squared,18.598905563354492,higher,18.598905563354492,non_thinking,10,23.4608154296875,higher,23.4608154296875,-4.861909866333008
Qwen3-8B,native_thinking,31,6,9,fisher_nearest,0.01230927184768784,higher,0.01230927184768784,non_thinking,10,0.07013443305770889,higher,0.07013443305770889,-0.05782516121002105
Qwen3-8B,native_thinking,31,6,9,min_bhattacharyya,0.10615381598472595,higher,0.10615381598472595,non_thinking,10,0.3330005407333374,higher,0.3330005407333374,-0.22684672474861145
Qwen3-8B,native_thinking,31,6,9,mean_bhattacharyya,1.8647818283902273,higher,1.8647818283902273,non_thinking,10,6.020220864150259,higher,6.020220864150259,-4.155439035760032
Qwen3-8B,native_thinking,31,6,9,nc2_class_cosine_deviation,0.6594399302094072,lower,-0.6594399302094072,non_thinking,10,0.6555645601984895,lower,-0.6555645601984895,-0.0038753700109176448
Qwen3-8B,native_thinking,31,7,9,logistic_precision,0.8,higher,0.8,non_thinking,10,0.3333333333333333,higher,0.3333333333333333,0.46666666666666673
Qwen3-8B,native_thinking,31,7,9,logistic_recall,0.8888888888888888,higher,0.8888888888888888,non_thinking,10,0.2,higher,0.2,0.6888888888888889
Qwen3-8B,native_thinking,31,7,9,logistic_f1,0.8421052631578947,higher,0.8421052631578947,non_thinking,10,0.25,higher,0.25,0.5921052631578947
Qwen3-8B,native_thinking,31,7,9,ncc_recall,0.3333333333333333,higher,0.3333333333333333,non_thinking,10,0.3,higher,0.3,0.033333333333333326
Qwen3-8B,native_thinking,31,7,9,silhouette_cosine,-0.11919895559549332,higher,-0.11919895559549332,non_thinking,10,-0.2161073386669159,higher,-0.2161073386669159,0.09690838307142258
Qwen3-8B,native_thinking,31,7,9,within_trace,1464.97216796875,lower,-1464.97216796875,non_thinking,10,353.56591796875,lower,-353.56591796875,-1111.40625
Qwen3-8B,native_thinking,31,7,9,class_nc1_ratio,7.046525427082076,lower,-7.046525427082076,non_thinking,10,11.587415270689142,lower,-11.587415270689142,4.540889843607066
Qwen3-8B,native_thinking,31,7,9,centroid_nearest_squared,18.598905563354492,higher,18.598905563354492,non_thinking,10,27.954376220703125,higher,27.954376220703125,-9.355470657348633
Qwen3-8B,native_thinking,31,7,9,fisher_nearest,0.012695739871387942,higher,0.012695739871387942,non_thinking,10,0.07906411449752314,higher,0.07906411449752314,-0.0663683746261352
Qwen3-8B,native_thinking,31,7,9,min_bhattacharyya,0.10615381598472595,higher,0.10615381598472595,non_thinking,10,0.3433248698711395,higher,0.3433248698711395,-0.23717105388641357
Qwen3-8B,native_thinking,31,7,9,mean_bhattacharyya,1.9859202007452648,higher,1.9859202007452648,non_thinking,10,4.438396284977595,higher,4.438396284977595,-2.4524760842323303
Qwen3-8B,native_thinking,31,7,9,nc2_class_cosine_deviation,0.6561311704141123,lower,-0.6561311704141123,non_thinking,10,0.6635629074808992,lower,-0.6635629074808992,0.007431737066786903
Qwen3-8B,native_thinking,31,8,9,logistic_precision,0.8,higher,0.8,non_thinking,10,0.0,higher,0.0,0.8
Qwen3-8B,native_thinking,31,8,9,logistic_recall,0.8888888888888888,higher,0.8888888888888888,non_thinking,10,0.0,higher,0.0,0.8888888888888888
Qwen3-8B,native_thinking,31,8,9,logistic_f1,0.8421052631578947,higher,0.8421052631578947,non_thinking,10,0.0,higher,0.0,0.8421052631578947
Qwen3-8B,native_thinking,31,8,9,ncc_recall,0.4444444444444444,higher,0.4444444444444444,non_thinking,10,0.0,higher,0.0,0.4444444444444444
Qwen3-8B,native_thinking,31,8,9,silhouette_cosine,-0.11726748943328857,higher,-0.11726748943328857,non_thinking,10,-0.1859501302242279,higher,-0.1859501302242279,0.06868264079093933
Qwen3-8B,native_thinking,31,8,9,within_trace,1673.42333984375,lower,-1673.42333984375,non_thinking,10,337.0283203125,lower,-337.0283203125,-1336.39501953125
Qwen3-8B,native_thinking,31,8,9,class_nc1_ratio,7.275551798946496,lower,-7.275551798946496,non_thinking,10,4.763664481613082,lower,-4.763664481613082,-2.5118873173334135
Qwen3-8B,native_thinking,31,8,9,centroid_nearest_squared,39.18091583251953,higher,39.18091583251953,non_thinking,10,24.761032104492188,higher,24.761032104492188,14.419883728027344
Qwen3-8B,native_thinking,31,8,9,fisher_nearest,0.023413630549803322,higher,0.023413630549803322,non_thinking,10,0.07346869865871573,higher,0.07346869865871573,-0.050055068108912415
Qwen3-8B,native_thinking,31,8,9,min_bhattacharyya,0.260284960269928,higher,0.260284960269928,non_thinking,10,0.37416595220565796,higher,0.37416595220565796,-0.11388099193572998
Qwen3-8B,native_thinking,31,8,9,mean_bhattacharyya,2.0672083132796817,higher,2.0672083132796817,non_thinking,10,6.349743604660034,higher,6.349743604660034,-4.282535291380352
Qwen3-8B,native_thinking,31,8,9,nc2_class_cosine_deviation,0.6385170342745605,lower,-0.6385170342745605,non_thinking,10,0.646268649601642,lower,-0.646268649601642,0.0077516153270814625
Qwen3-8B,native_thinking,31,9,9,logistic_precision,1.0,higher,1.0,non_thinking,10,0.0,higher,0.0,1.0
Qwen3-8B,native_thinking,31,9,9,logistic_recall,0.8888888888888888,higher,0.8888888888888888,non_thinking,10,0.0,higher,0.0,0.8888888888888888
Qwen3-8B,native_thinking,31,9,9,logistic_f1,0.9411764705882353,higher,0.9411764705882353,non_thinking,10,0.0,higher,0.0,0.9411764705882353
Qwen3-8B,native_thinking,31,9,9,ncc_recall,0.4444444444444444,higher,0.4444444444444444,non_thinking,10,0.1,higher,0.1,0.34444444444444444
Qwen3-8B,native_thinking,31,9,9,silhouette_cosine,-0.028667045757174492,higher,-0.028667045757174492,non_thinking,10,-0.0826183333992958,higher,-0.0826183333992958,0.053951287642121315
Qwen3-8B,native_thinking,31,9,9,within_trace,1900.7581787109375,lower,-1900.7581787109375,non_thinking,10,481.73876953125,lower,-481.73876953125,-1419.0194091796875
Qwen3-8B,native_thinking,31,9,9,class_nc1_ratio,4.028957489044315,lower,-4.028957489044315,non_thinking,10,4.540769043485595,lower,-4.540769043485595,0.5118115544412793
Qwen3-8B,native_thinking,31,9,9,centroid_nearest_squared,285.177490234375,higher,285.177490234375,non_thinking,10,45.16075897216797,higher,45.16075897216797,240.01673126220703
Qwen3-8B,native_thinking,31,9,9,fisher_nearest,0.15003354631243918,higher,0.15003354631243918,non_thinking,10,0.09374532802520978,higher,0.09374532802520978,0.056288218287229394
Qwen3-8B,native_thinking,31,9,9,min_bhattacharyya,0.8961104154586792,higher,0.8961104154586792,non_thinking,10,0.675997406244278,higher,0.675997406244278,0.22011300921440125
Qwen3-8B,native_thinking,31,9,9,mean_bhattacharyya,2.936463567945692,higher,2.936463567945692,non_thinking,10,6.2344266176223755,higher,6.2344266176223755,-3.2979630496766834
Qwen3-8B,native_thinking,31,9,9,nc2_class_cosine_deviation,0.29872624815246207,lower,-0.29872624815246207,non_thinking,10,0.6279279080070095,lower,-0.6279279080070095,0.3292016598545474
Qwen3-8B,native_thinking,31,10,9,logistic_precision,1.0,higher,1.0,non_thinking,10,0.2,higher,0.2,0.8
Qwen3-8B,native_thinking,31,10,9,logistic_recall,1.0,higher,1.0,non_thinking,10,0.3,higher,0.3,0.7
Qwen3-8B,native_thinking,31,10,9,logistic_f1,1.0,higher,1.0,non_thinking,10,0.24,higher,0.24,0.76
Qwen3-8B,native_thinking,31,10,9,ncc_recall,0.8888888888888888,higher,0.8888888888888888,non_thinking,10,0.2,higher,0.2,0.6888888888888889
Qwen3-8B,native_thinking,31,10,9,silhouette_cosine,0.4747609496116638,higher,0.4747609496116638,non_thinking,10,-0.19980166852474213,higher,-0.19980166852474213,0.674562618136406
Qwen3-8B,native_thinking,31,10,9,within_trace,2582.43310546875,lower,-2582.43310546875,non_thinking,10,312.59039306640625,lower,-312.59039306640625,-2269.8427124023438
Qwen3-8B,native_thinking,31,10,9,class_nc1_ratio,0.7532354599213007,lower,-0.7532354599213007,non_thinking,10,5.707608726620103,lower,-5.707608726620103,4.954373266698802
Qwen3-8B,native_thinking,31,10,9,centroid_nearest_squared,4126.580078125,higher,4126.580078125,non_thinking,10,23.4608154296875,higher,23.4608154296875,4103.1192626953125
Qwen3-8B,native_thinking,31,10,9,fisher_nearest,1.597942680252298,higher,1.597942680252298,non_thinking,10,0.07505289973740017,higher,0.07505289973740017,1.5228897805148978
Qwen3-8B,native_thinking,31,10,9,min_bhattacharyya,5.306495904922485,higher,5.306495904922485,non_thinking,10,0.3330005407333374,higher,0.3330005407333374,4.973495364189148
Qwen3-8B,native_thinking,31,10,9,mean_bhattacharyya,5.740264813105266,higher,5.740264813105266,non_thinking,10,6.181154623627663,higher,6.181154623627663,-0.44088981052239706
Qwen3-8B,native_thinking,31,10,9,nc2_class_cosine_deviation,0.4074125927815466,lower,-0.4074125927815466,non_thinking,10,0.7366812034153644,lower,-0.7366812034153644,0.32926861063381774
Qwen3-8B,native_thinking,32,1,10,logistic_precision,1.0,higher,1.0,non_thinking,10,1.0,higher,1.0,0.0
Qwen3-8B,native_thinking,32,1,10,logistic_recall,0.9,higher,0.9,non_thinking,10,1.0,higher,1.0,-0.09999999999999998
Qwen3-8B,native_thinking,32,1,10,logistic_f1,0.9473684210526315,higher,0.9473684210526315,non_thinking,10,1.0,higher,1.0,-0.052631578947368474
Qwen3-8B,native_thinking,32,1,10,ncc_recall,0.9,higher,0.9,non_thinking,10,1.0,higher,1.0,-0.09999999999999998
Qwen3-8B,native_thinking,32,1,10,silhouette_cosine,0.2041647881269455,higher,0.2041647881269455,non_thinking,10,0.9940193891525269,higher,0.9940193891525269,-0.7898546010255814
Qwen3-8B,native_thinking,32,1,10,within_trace,2431.7734375,lower,-2431.7734375,non_thinking,10,11.248786926269531,lower,-11.248786926269531,-2420.5246505737305
Qwen3-8B,native_thinking,32,1,10,class_nc1_ratio,1.7345391907386354,lower,-1.7345391907386354,non_thinking,10,0.005831976532384367,lower,-0.005831976532384367,-1.728707214206251
Qwen3-8B,native_thinking,32,1,10,centroid_nearest_squared,1258.361572265625,higher,1258.361572265625,non_thinking,10,1743.7269287109375,higher,1743.7269287109375,-485.3653564453125
Qwen3-8B,native_thinking,32,1,10,fisher_nearest,0.517466616281199,higher,0.517466616281199,non_thinking,10,155.0146642602657,higher,155.0146642602657,-154.4971976439845
Qwen3-8B,native_thinking,32,1,10,min_bhattacharyya,2.804890275001526,higher,2.804890275001526,non_thinking,10,21.77326202392578,higher,21.77326202392578,-18.968371748924255
Qwen3-8B,native_thinking,32,1,10,mean_bhattacharyya,5.058655169275072,higher,5.058655169275072,non_thinking,10,40.64721859825982,higher,40.64721859825982,-35.58856342898475
Qwen3-8B,native_thinking,32,1,10,nc2_class_cosine_deviation,0.3759378100067009,lower,-0.3759378100067009,non_thinking,10,0.6036549225265596,lower,-0.6036549225265596,0.2277171125198587
Qwen3-8B,native_thinking,32,2,10,logistic_precision,0.8888888888888888,higher,0.8888888888888888,non_thinking,10,0.4166666666666667,higher,0.4166666666666667,0.47222222222222215
Qwen3-8B,native_thinking,32,2,10,logistic_recall,0.8,higher,0.8,non_thinking,10,0.5,higher,0.5,0.30000000000000004
Qwen3-8B,native_thinking,32,2,10,logistic_f1,0.8421052631578947,higher,0.8421052631578947,non_thinking,10,0.45454545454545453,higher,0.45454545454545453,0.38755980861244016
Qwen3-8B,native_thinking,32,2,10,ncc_recall,0.6,higher,0.6,non_thinking,10,0.5,higher,0.5,0.09999999999999998
Qwen3-8B,native_thinking,32,2,10,silhouette_cosine,-0.12572750449180603,higher,-0.12572750449180603,non_thinking,10,-0.19968721270561218,higher,-0.19968721270561218,0.07395970821380615
Qwen3-8B,native_thinking,32,2,10,within_trace,1905.8831787109375,lower,-1905.8831787109375,non_thinking,10,427.77117919921875,lower,-427.77117919921875,-1478.1119995117188
Qwen3-8B,native_thinking,32,2,10,class_nc1_ratio,9.361517125416608,lower,-9.361517125416608,non_thinking,10,4.492398052637899,lower,-4.492398052637899,-4.869119072778709
Qwen3-8B,native_thinking,32,2,10,centroid_nearest_squared,118.70262145996094,higher,118.70262145996094,non_thinking,10,114.33306121826172,higher,114.33306121826172,4.369560241699219
Qwen3-8B,native_thinking,32,2,10,fisher_nearest,0.062282212669638334,higher,0.062282212669638334,non_thinking,10,0.2672762139616126,higher,0.2672762139616126,-0.20499400129197426
Qwen3-8B,native_thinking,32,2,10,min_bhattacharyya,0.6588424444198608,higher,0.6588424444198608,non_thinking,10,0.9242638945579529,higher,0.9242638945579529,-0.26542145013809204
Qwen3-8B,native_thinking,32,2,10,mean_bhattacharyya,2.224007487297058,higher,2.224007487297058,non_thinking,10,3.7070868611335754,higher,3.7070868611335754,-1.4830793738365173
Qwen3-8B,native_thinking,32,2,10,nc2_class_cosine_deviation,0.3349294795850177,lower,-0.3349294795850177,non_thinking,10,0.35415194004222195,lower,-0.35415194004222195,0.01922246045720427
Qwen3-8B,native_thinking,32,3,9,logistic_precision,0.6666666666666666,higher,0.6666666666666666,non_thinking,10,0.2,higher,0.2,0.4666666666666666
Qwen3-8B,native_thinking,32,3,9,logistic_recall,0.8888888888888888,higher,0.8888888888888888,non_thinking,10,0.1,higher,0.1,0.7888888888888889
Qwen3-8B,native_thinking,32,3,9,logistic_f1,0.7619047619047619,higher,0.7619047619047619,non_thinking,10,0.13333333333333333,higher,0.13333333333333333,0.6285714285714286
Qwen3-8B,native_thinking,32,3,9,ncc_recall,0.6666666666666666,higher,0.6666666666666666,non_thinking,10,0.2,higher,0.2,0.4666666666666666
Qwen3-8B,native_thinking,32,3,9,silhouette_cosine,-0.11094716936349869,higher,-0.11094716936349869,non_thinking,10,-0.17880961298942566,higher,-0.17880961298942566,0.06786244362592697
Qwen3-8B,native_thinking,32,3,9,within_trace,1619.565185546875,lower,-1619.565185546875,non_thinking,10,489.9942626953125,lower,-489.9942626953125,-1129.5709228515625
Qwen3-8B,native_thinking,32,3,9,class_nc1_ratio,12.050815782164255,lower,-12.050815782164255,non_thinking,10,10.050350257275868,lower,-10.050350257275868,-2.000465524888387
Qwen3-8B,native_thinking,32,3,9,centroid_nearest_squared,62.399383544921875,higher,62.399383544921875,non_thinking,10,66.43244934082031,higher,66.43244934082031,-4.0330657958984375
Qwen3-8B,native_thinking,32,3,9,fisher_nearest,0.038528479187981315,higher,0.038528479187981315,non_thinking,10,0.1355780146799989,higher,0.1355780146799989,-0.09704953549201757
Qwen3-8B,native_thinking,32,3,9,min_bhattacharyya,0.28958824276924133,higher,0.28958824276924133,non_thinking,10,0.5531014800071716,higher,0.5531014800071716,-0.2635132372379303
Qwen3-8B,native_thinking,32,3,9,mean_bhattacharyya,1.8467789789040883,higher,1.8467789789040883,non_thinking,10,4.431421144141091,higher,4.431421144141091,-2.5846421652370033
Qwen3-8B,native_thinking,32,3,9,nc2_class_cosine_deviation,0.46086694272579976,lower,-0.46086694272579976,non_thinking,10,0.3284519771918839,lower,-0.3284519771918839,-0.13241496553391585
Qwen3-8B,native_thinking,32,4,9,logistic_precision,0.5,higher,0.5,non_thinking,10,0.2857142857142857,higher,0.2857142857142857,0.2142857142857143
Qwen3-8B,native_thinking,32,4,9,logistic_recall,0.5555555555555556,higher,0.5555555555555556,non_thinking,10,0.4,higher,0.4,0.15555555555555556
Qwen3-8B,native_thinking,32,4,9,logistic_f1,0.5263157894736842,higher,0.5263157894736842,non_thinking,10,0.3333333333333333,higher,0.3333333333333333,0.19298245614035087
Qwen3-8B,native_thinking,32,4,9,ncc_recall,0.6666666666666666,higher,0.6666666666666666,non_thinking,10,0.1,higher,0.1,0.5666666666666667
Qwen3-8B,native_thinking,32,4,9,silhouette_cosine,-0.13529758155345917,higher,-0.13529758155345917,non_thinking,10,-0.08190847933292389,higher,-0.08190847933292389,-0.05338910222053528
Qwen3-8B,native_thinking,32,4,9,within_trace,1582.695068359375,lower,-1582.695068359375,non_thinking,10,315.06817626953125,lower,-315.06817626953125,-1267.6268920898438
Qwen3-8B,native_thinking,32,4,9,class_nc1_ratio,12.236304945238079,lower,-12.236304945238079,non_thinking,10,4.869351888581843,lower,-4.869351888581843,-7.366953056656236
Qwen3-8B,native_thinking,32,4,9,centroid_nearest_squared,27.1461124420166,higher,27.1461124420166,non_thinking,10,23.321067810058594,higher,23.321067810058594,3.825044631958008
Qwen3-8B,native_thinking,32,4,9,fisher_nearest,0.017151827275329996,higher,0.017151827275329996,non_thinking,10,0.0740191157551505,higher,0.0740191157551505,-0.0568672884798205
Qwen3-8B,native_thinking,32,4,9,min_bhattacharyya,0.1454082950949669,higher,0.1454082950949669,non_thinking,10,0.40123701095581055,higher,0.40123701095581055,-0.25582871586084366
Qwen3-8B,native_thinking,32,4,9,mean_bhattacharyya,1.6799566406342719,higher,1.6799566406342719,non_thinking,10,6.577939713994662,higher,6.577939713994662,-4.897983073360391
Qwen3-8B,native_thinking,32,4,9,nc2_class_cosine_deviation,0.6297560803316258,lower,-0.6297560803316258,non_thinking,10,0.4738180345315257,lower,-0.4738180345315257,-0.15593804580010007
Qwen3-8B,native_thinking,32,5,9,logistic_precision,0.2222222222222222,higher,0.2222222222222222,non_thinking,10,0.1,higher,0.1,0.1222222222222222
Qwen3-8B,native_thinking,32,5,9,logistic_recall,0.2222222222222222,higher,0.2222222222222222,non_thinking,10,0.1,higher,0.1,0.1222222222222222
Qwen3-8B,native_thinking,32,5,9,logistic_f1,0.2222222222222222,higher,0.2222222222222222,non_thinking,10,0.1,higher,0.1,0.1222222222222222
Qwen3-8B,native_thinking,32,5,9,ncc_recall,0.2222222222222222,higher,0.2222222222222222,non_thinking,10,0.2,higher,0.2,0.0222222222222222
Qwen3-8B,native_thinking,32,5,9,silhouette_cosine,-0.11840203404426575,higher,-0.11840203404426575,non_thinking,10,-0.15383681654930115,higher,-0.15383681654930115,0.0354347825050354
Qwen3-8B,native_thinking,32,5,9,within_trace,1472.3638916015625,lower,-1472.3638916015625,non_thinking,10,491.1669006347656,lower,-491.1669006347656,-981.1969909667969
Qwen3-8B,native_thinking,32,5,9,class_nc1_ratio,10.113615431364934,lower,-10.113615431364934,non_thinking,10,8.230768439251696,lower,-8.230768439251696,-1.8828469921132385
Qwen3-8B,native_thinking,32,5,9,centroid_nearest_squared,17.722274780273438,higher,17.722274780273438,non_thinking,10,40.351898193359375,higher,40.351898193359375,-22.629623413085938
Qwen3-8B,native_thinking,32,5,9,fisher_nearest,0.012036613286540224,higher,0.012036613286540224,non_thinking,10,0.08215516587377956,higher,0.08215516587377956,-0.07011855258723934
Qwen3-8B,native_thinking,32,5,9,min_bhattacharyya,0.10652967169880867,higher,0.10652967169880867,non_thinking,10,0.44879990816116333,higher,0.44879990816116333,-0.34227023646235466
Qwen3-8B,native_thinking,32,5,9,mean_bhattacharyya,1.7184990060826142,higher,1.7184990060826142,non_thinking,10,4.132057228022152,higher,4.132057228022152,-2.413558221939538
Qwen3-8B,native_thinking,32,5,9,nc2_class_cosine_deviation,0.660404166781608,lower,-0.660404166781608,non_thinking,10,0.5152927955359589,lower,-0.5152927955359589,-0.1451113712456491
Qwen3-8B,native_thinking,32,6,9,logistic_precision,0.42857142857142855,higher,0.42857142857142855,non_thinking,10,0.25,higher,0.25,0.17857142857142855
Qwen3-8B,native_thinking,32,6,9,logistic_recall,0.3333333333333333,higher,0.3333333333333333,non_thinking,10,0.2,higher,0.2,0.1333333333333333
Qwen3-8B,native_thinking,32,6,9,logistic_f1,0.375,higher,0.375,non_thinking,10,0.2222222222222222,higher,0.2222222222222222,0.1527777777777778
Qwen3-8B,native_thinking,32,6,9,ncc_recall,0.3333333333333333,higher,0.3333333333333333,non_thinking,10,0.1,higher,0.1,0.2333333333333333
Qwen3-8B,native_thinking,32,6,9,silhouette_cosine,-0.12780866026878357,higher,-0.12780866026878357,non_thinking,10,-0.12917448580265045,higher,-0.12917448580265045,0.0013658255338668823
Qwen3-8B,native_thinking,32,6,9,within_trace,1501.541015625,lower,-1501.541015625,non_thinking,10,336.9930725097656,lower,-336.9930725097656,-1164.5479431152344
Qwen3-8B,native_thinking,32,6,9,class_nc1_ratio,9.550888975066645,lower,-9.550888975066645,non_thinking,10,5.192920792351385,lower,-5.192920792351385,-4.357968182715259
Qwen3-8B,native_thinking,32,6,9,centroid_nearest_squared,11.932378768920898,higher,11.932378768920898,non_thinking,10,23.321067810058594,higher,23.321067810058594,-11.388689041137695
Qwen3-8B,native_thinking,32,6,9,fisher_nearest,0.007946755130064946,higher,0.007946755130064946,non_thinking,10,0.0692034042016777,higher,0.0692034042016777,-0.061256649071612754
Qwen3-8B,native_thinking,32,6,9,min_bhattacharyya,0.07586429640650749,higher,0.07586429640650749,non_thinking,10,0.29560835659503937,higher,0.29560835659503937,-0.21974406018853188
Qwen3-8B,native_thinking,32,6,9,mean_bhattacharyya,1.752069388826688,higher,1.752069388826688,non_thinking,10,5.748245673047172,higher,5.748245673047172,-3.9961762842204838
Qwen3-8B,native_thinking,32,6,9,nc2_class_cosine_deviation,0.661753969611945,lower,-0.661753969611945,non_thinking,10,0.6490760283705629,lower,-0.6490760283705629,-0.012677941241382107
Qwen3-8B,native_thinking,32,7,9,logistic_precision,0.45454545454545453,higher,0.45454545454545453,non_thinking,10,0.2222222222222222,higher,0.2222222222222222,0.23232323232323232
Qwen3-8B,native_thinking,32,7,9,logistic_recall,0.5555555555555556,higher,0.5555555555555556,non_thinking,10,0.2,higher,0.2,0.35555555555555557
Qwen3-8B,native_thinking,32,7,9,logistic_f1,0.5,higher,0.5,non_thinking,10,0.21052631578947367,higher,0.21052631578947367,0.2894736842105263
Qwen3-8B,native_thinking,32,7,9,ncc_recall,0.2222222222222222,higher,0.2222222222222222,non_thinking,10,0.4,higher,0.4,-0.1777777777777778
Qwen3-8B,native_thinking,32,7,9,silhouette_cosine,-0.12017059326171875,higher,-0.12017059326171875,non_thinking,10,-0.2094602882862091,higher,-0.2094602882862091,0.08928969502449036
Qwen3-8B,native_thinking,32,7,9,within_trace,1459.1976318359375,lower,-1459.1976318359375,non_thinking,10,362.69146728515625,lower,-362.69146728515625,-1096.5061645507812
Qwen3-8B,native_thinking,32,7,9,class_nc1_ratio,7.549098848549424,lower,-7.549098848549424,non_thinking,10,10.65948905878446,lower,-10.65948905878446,3.1103902102350363
Qwen3-8B,native_thinking,32,7,9,centroid_nearest_squared,11.932378768920898,higher,11.932378768920898,non_thinking,10,31.844253540039062,higher,31.844253540039062,-19.911874771118164
Qwen3-8B,native_thinking,32,7,9,fisher_nearest,0.008177356177523248,higher,0.008177356177523248,non_thinking,10,0.08779984204867546,higher,0.08779984204867546,-0.07962248587115221
Qwen3-8B,native_thinking,32,7,9,min_bhattacharyya,0.07586429640650749,higher,0.07586429640650749,non_thinking,10,0.3578920066356659,higher,0.3578920066356659,-0.2820277102291584
Qwen3-8B,native_thinking,32,7,9,mean_bhattacharyya,1.8945319938162963,higher,1.8945319938162963,non_thinking,10,4.468920369942983,higher,4.468920369942983,-2.574388376126686
Qwen3-8B,native_thinking,32,7,9,nc2_class_cosine_deviation,0.6606940914083411,lower,-0.6606940914083411,non_thinking,10,0.6334079871942967,lower,-0.6334079871942967,-0.027286104214044427
Qwen3-8B,native_thinking,32,8,9,logistic_precision,0.625,higher,0.625,non_thinking,10,0.0,higher,0.0,0.625
Qwen3-8B,native_thinking,32,8,9,logistic_recall,0.5555555555555556,higher,0.5555555555555556,non_thinking,10,0.0,higher,0.0,0.5555555555555556
Qwen3-8B,native_thinking,32,8,9,logistic_f1,0.5882352941176471,higher,0.5882352941176471,non_thinking,10,0.0,higher,0.0,0.5882352941176471
Qwen3-8B,native_thinking,32,8,9,ncc_recall,0.4444444444444444,higher,0.4444444444444444,non_thinking,10,0.0,higher,0.0,0.4444444444444444
Qwen3-8B,native_thinking,32,8,9,silhouette_cosine,-0.12031328678131104,higher,-0.12031328678131104,non_thinking,10,-0.20016801357269287,higher,-0.20016801357269287,0.07985472679138184
Qwen3-8B,native_thinking,32,8,9,within_trace,1630.564208984375,lower,-1630.564208984375,non_thinking,10,392.00439453125,lower,-392.00439453125,-1238.559814453125
Qwen3-8B,native_thinking,32,8,9,class_nc1_ratio,7.967346337324689,lower,-7.967346337324689,non_thinking,10,5.144568317864475,lower,-5.144568317864475,-2.8227780194602143
Qwen3-8B,native_thinking,32,8,9,centroid_nearest_squared,27.14825439453125,higher,27.14825439453125,non_thinking,10,25.824609756469727,higher,25.824609756469727,1.3236446380615234
Qwen3-8B,native_thinking,32,8,9,fisher_nearest,0.016649607690972814,higher,0.016649607690972814,non_thinking,10,0.06587836798959923,higher,0.06587836798959923,-0.04922876029862641
Qwen3-8B,native_thinking,32,8,9,min_bhattacharyya,0.181032694876194,higher,0.181032694876194,non_thinking,10,0.4056500792503357,higher,0.4056500792503357,-0.2246173843741417
Qwen3-8B,native_thinking,32,8,9,mean_bhattacharyya,1.9504088718030188,higher,1.9504088718030188,non_thinking,10,6.090030517843035,higher,6.090030517843035,-4.139621646040016
Qwen3-8B,native_thinking,32,8,9,nc2_class_cosine_deviation,0.6557693685646411,lower,-0.6557693685646411,non_thinking,10,0.6475322233673967,lower,-0.6475322233673967,-0.008237145197244389
Qwen3-8B,native_thinking,32,9,9,logistic_precision,1.0,higher,1.0,non_thinking,10,0.2222222222222222,higher,0.2222222222222222,0.7777777777777778
Qwen3-8B,native_thinking,32,9,9,logistic_recall,0.6666666666666666,higher,0.6666666666666666,non_thinking,10,0.2,higher,0.2,0.4666666666666666
Qwen3-8B,native_thinking,32,9,9,logistic_f1,0.8,higher,0.8,non_thinking,10,0.21052631578947367,higher,0.21052631578947367,0.5894736842105264
Qwen3-8B,native_thinking,32,9,9,ncc_recall,0.4444444444444444,higher,0.4444444444444444,non_thinking,10,0.2,higher,0.2,0.2444444444444444
Qwen3-8B,native_thinking,32,9,9,silhouette_cosine,-0.029399432241916656,higher,-0.029399432241916656,non_thinking,10,-0.06575112044811249,higher,-0.06575112044811249,0.03635168820619583
Qwen3-8B,native_thinking,32,9,9,within_trace,1815.221435546875,lower,-1815.221435546875,non_thinking,10,484.0418701171875,lower,-484.0418701171875,-1331.1795654296875
Qwen3-8B,native_thinking,32,9,9,class_nc1_ratio,4.273603048836053,lower,-4.273603048836053,non_thinking,10,4.212047503968037,lower,-4.212047503968037,-0.06155554486801584
Qwen3-8B,native_thinking,32,9,9,centroid_nearest_squared,271.84918212890625,higher,271.84918212890625,non_thinking,10,43.525753021240234,higher,43.525753021240234,228.32342910766602
Qwen3-8B,native_thinking,32,9,9,fisher_nearest,0.14976089242082236,higher,0.14976089242082236,non_thinking,10,0.08992146280796445,higher,0.08992146280796445,0.0598394296128579
Qwen3-8B,native_thinking,32,9,9,min_bhattacharyya,0.9581449031829834,higher,0.9581449031829834,non_thinking,10,0.6467415392398834,higher,0.6467415392398834,0.3114033639431
Qwen3-8B,native_thinking,32,9,9,mean_bhattacharyya,2.8544408877690635,higher,2.8544408877690635,non_thinking,10,6.002700338761012,higher,6.002700338761012,-3.1482594509919486
Qwen3-8B,native_thinking,32,9,9,nc2_class_cosine_deviation,0.289691943169376,lower,-0.289691943169376,non_thinking,10,0.6375754446159174,lower,-0.6375754446159174,0.3478835014465414
Qwen3-8B,native_thinking,32,10,9,logistic_precision,0.8181818181818182,higher,0.8181818181818182,non_thinking,10,0.1875,higher,0.1875,0.6306818181818182
Qwen3-8B,native_thinking,32,10,9,logistic_recall,1.0,higher,1.0,non_thinking,10,0.3,higher,0.3,0.7
Qwen3-8B,native_thinking,32,10,9,logistic_f1,0.9,higher,0.9,non_thinking,10,0.23076923076923078,higher,0.23076923076923078,0.6692307692307693
Qwen3-8B,native_thinking,32,10,9,ncc_recall,0.8888888888888888,higher,0.8888888888888888,non_thinking,10,0.2,higher,0.2,0.6888888888888889
Qwen3-8B,native_thinking,32,10,9,silhouette_cosine,0.44650915265083313,higher,0.44650915265083313,non_thinking,10,-0.18877753615379333,higher,-0.18877753615379333,0.6352866888046265
Qwen3-8B,native_thinking,32,10,9,within_trace,2582.43212890625,lower,-2582.43212890625,non_thinking,10,343.51226806640625,lower,-343.51226806640625,-2238.9198608398438
Qwen3-8B,native_thinking,32,10,9,class_nc1_ratio,0.8519195922482922,lower,-0.8519195922482922,non_thinking,10,5.779698128195252,lower,-5.779698128195252,4.927778535946961
Qwen3-8B,native_thinking,32,10,9,centroid_nearest_squared,3668.39404296875,higher,3668.39404296875,non_thinking,10,24.784812927246094,higher,24.784812927246094,3643.609230041504
Qwen3-8B,native_thinking,32,10,9,fisher_nearest,1.4205190533012935,higher,1.4205190533012935,non_thinking,10,0.07215117255275089,higher,0.07215117255275089,1.3483678807485426
Qwen3-8B,native_thinking,32,10,9,min_bhattacharyya,4.8958351612091064,higher,4.8958351612091064,non_thinking,10,0.29560835659503937,higher,0.29560835659503937,4.600226804614067
Qwen3-8B,native_thinking,32,10,9,mean_bhattacharyya,5.4869283305274115,higher,5.4869283305274115,non_thinking,10,6.119047714604272,higher,6.119047714604272,-0.6321193840768604
Qwen3-8B,native_thinking,32,10,9,nc2_class_cosine_deviation,0.408140192889137,lower,-0.408140192889137,non_thinking,10,0.7390347888440262,lower,-0.7390347888440262,0.3308945959548892
Qwen3-8B,native_thinking,33,1,10,logistic_precision,1.0,higher,1.0,non_thinking,10,1.0,higher,1.0,0.0
Qwen3-8B,native_thinking,33,1,10,logistic_recall,1.0,higher,1.0,non_thinking,10,1.0,higher,1.0,0.0
Qwen3-8B,native_thinking,33,1,10,logistic_f1,1.0,higher,1.0,non_thinking,10,1.0,higher,1.0,0.0
Qwen3-8B,native_thinking,33,1,10,ncc_recall,0.9,higher,0.9,non_thinking,10,1.0,higher,1.0,-0.09999999999999998
Qwen3-8B,native_thinking,33,1,10,silhouette_cosine,0.2072005718946457,higher,0.2072005718946457,non_thinking,10,0.9928857684135437,higher,0.9928857684135437,-0.785685196518898
Qwen3-8B,native_thinking,33,1,10,within_trace,2337.79443359375,lower,-2337.79443359375,non_thinking,10,13.807754516601562,lower,-13.807754516601562,-2323.9866790771484
Qwen3-8B,native_thinking,33,1,10,class_nc1_ratio,1.73336800984105,lower,-1.73336800984105,non_thinking,10,0.006913180688985992,lower,-0.006913180688985992,-1.726454829152064
Qwen3-8B,native_thinking,33,1,10,centroid_nearest_squared,1218.884765625,higher,1218.884765625,non_thinking,10,1779.81640625,higher,1779.81640625,-560.931640625
Qwen3-8B,native_thinking,33,1,10,fisher_nearest,0.5213823542865068,higher,0.5213823542865068,non_thinking,10,128.89977179924963,higher,128.89977179924963,-128.37838944496312
Qwen3-8B,native_thinking,33,1,10,min_bhattacharyya,2.7921890020370483,higher,2.7921890020370483,non_thinking,10,19.951202392578125,higher,19.951202392578125,-17.159013390541077
Qwen3-8B,native_thinking,33,1,10,mean_bhattacharyya,4.899205750889248,higher,4.899205750889248,non_thinking,10,39.05773512522379,higher,39.05773512522379,-34.15852937433455
Qwen3-8B,native_thinking,33,1,10,nc2_class_cosine_deviation,0.40887296328574047,lower,-0.40887296328574047,non_thinking,10,0.6043164214970153,lower,-0.6043164214970153,0.1954434582112748
Qwen3-8B,native_thinking,33,2,10,logistic_precision,0.8888888888888888,higher,0.8888888888888888,non_thinking,10,0.5,higher,0.5,0.38888888888888884
Qwen3-8B,native_thinking,33,2,10,logistic_recall,0.8,higher,0.8,non_thinking,10,0.4,higher,0.4,0.4
Qwen3-8B,native_thinking,33,2,10,logistic_f1,0.8421052631578947,higher,0.8421052631578947,non_thinking,10,0.4444444444444444,higher,0.4444444444444444,0.39766081871345027
Qwen3-8B,native_thinking,33,2,10,ncc_recall,0.5,higher,0.5,non_thinking,10,0.5,higher,0.5,0.0
Qwen3-8B,native_thinking,33,2,10,silhouette_cosine,-0.13954976201057434,higher,-0.13954976201057434,non_thinking,10,-0.24204234778881073,higher,-0.24204234778881073,0.10249258577823639
Qwen3-8B,native_thinking,33,2,10,within_trace,2019.533203125,lower,-2019.533203125,non_thinking,10,459.4054260253906,lower,-459.4054260253906,-1560.1277770996094
Qwen3-8B,native_thinking,33,2,10,class_nc1_ratio,11.501617337535983,lower,-11.501617337535983,non_thinking,10,5.099742451082195,lower,-5.099742451082195,-6.401874886453788
Qwen3-8B,native_thinking,33,2,10,centroid_nearest_squared,116.02447509765625,higher,116.02447509765625,non_thinking,10,105.56257629394531,higher,105.56257629394531,10.461898803710938
Qwen3-8B,native_thinking,33,2,10,fisher_nearest,0.057451135201996906,higher,0.057451135201996906,non_thinking,10,0.22978086525279967,higher,0.22978086525279967,-0.17232973005080277
Qwen3-8B,native_thinking,33,2,10,min_bhattacharyya,0.5975299328565598,higher,0.5975299328565598,non_thinking,10,0.8371161222457886,higher,0.8371161222457886,-0.23958618938922882
Qwen3-8B,native_thinking,33,2,10,mean_bhattacharyya,2.0295669154988394,higher,2.0295669154988394,non_thinking,10,3.4055199093288846,higher,3.4055199093288846,-1.3759529938300452
Qwen3-8B,native_thinking,33,2,10,nc2_class_cosine_deviation,0.31357713632377576,lower,-0.31357713632377576,non_thinking,10,0.3577809220662823,lower,-0.3577809220662823,0.04420378574250655
Qwen3-8B,native_thinking,33,3,9,logistic_precision,0.7,higher,0.7,non_thinking,10,0.2,higher,0.2,0.49999999999999994
Qwen3-8B,native_thinking,33,3,9,logistic_recall,0.7777777777777778,higher,0.7777777777777778,non_thinking,10,0.1,higher,0.1,0.6777777777777778
Qwen3-8B,native_thinking,33,3,9,logistic_f1,0.7368421052631579,higher,0.7368421052631579,non_thinking,10,0.13333333333333333,higher,0.13333333333333333,0.6035087719298246
Qwen3-8B,native_thinking,33,3,9,ncc_recall,0.2222222222222222,higher,0.2222222222222222,non_thinking,10,0.3,higher,0.3,-0.07777777777777778
Qwen3-8B,native_thinking,33,3,9,silhouette_cosine,-0.11662772297859192,higher,-0.11662772297859192,non_thinking,10,-0.18249298632144928,higher,-0.18249298632144928,0.06586526334285736
Qwen3-8B,native_thinking,33,3,9,within_trace,1736.789794921875,lower,-1736.789794921875,non_thinking,10,510.62841796875,lower,-510.62841796875,-1226.161376953125
Qwen3-8B,native_thinking,33,3,9,class_nc1_ratio,14.439291726816935,lower,-14.439291726816935,non_thinking,10,11.352341558778793,lower,-11.352341558778793,-3.0869501680381415
Qwen3-8B,native_thinking,33,3,9,centroid_nearest_squared,45.99403762817383,higher,45.99403762817383,non_thinking,10,58.569580078125,higher,58.569580078125,-12.575542449951172
Qwen3-8B,native_thinking,33,3,9,fisher_nearest,0.02648221319739085,higher,0.02648221319739085,non_thinking,10,0.11470098023747163,higher,0.11470098023747163,-0.08821876704008078
Qwen3-8B,native_thinking,33,3,9,min_bhattacharyya,0.21857492625713348,higher,0.21857492625713348,non_thinking,10,0.5271961987018585,higher,0.5271961987018585,-0.30862127244472504
Qwen3-8B,native_thinking,33,3,9,mean_bhattacharyya,1.6950561371114519,higher,1.6950561371114519,non_thinking,10,4.273678729931514,higher,4.273678729931514,-2.5786225928200617
Qwen3-8B,native_thinking,33,3,9,nc2_class_cosine_deviation,0.5009884376216819,lower,-0.5009884376216819,non_thinking,10,0.3342905642441762,lower,-0.3342905642441762,-0.1666978733775057
Qwen3-8B,native_thinking,33,4,9,logistic_precision,0.625,higher,0.625,non_thinking,10,0.21428571428571427,higher,0.21428571428571427,0.4107142857142857
Qwen3-8B,native_thinking,33,4,9,logistic_recall,0.5555555555555556,higher,0.5555555555555556,non_thinking,10,0.3,higher,0.3,0.2555555555555556
Qwen3-8B,native_thinking,33,4,9,logistic_f1,0.5882352941176471,higher,0.5882352941176471,non_thinking,10,0.25,higher,0.25,0.3382352941176471
Qwen3-8B,native_thinking,33,4,9,ncc_recall,0.6666666666666666,higher,0.6666666666666666,non_thinking,10,0.2,higher,0.2,0.4666666666666666
Qwen3-8B,native_thinking,33,4,9,silhouette_cosine,-0.13776694238185883,higher,-0.13776694238185883,non_thinking,10,-0.09758515655994415,higher,-0.09758515655994415,-0.04018178582191467
Qwen3-8B,native_thinking,33,4,9,within_trace,1720.993408203125,lower,-1720.993408203125,non_thinking,10,351.5947265625,lower,-351.5947265625,-1369.398681640625
Qwen3-8B,native_thinking,33,4,9,class_nc1_ratio,14.460480219100527,lower,-14.460480219100527,non_thinking,10,5.109864267548923,lower,-5.109864267548923,-9.350615951551603
Qwen3-8B,native_thinking,33,4,9,centroid_nearest_squared,25.89645004272461,higher,25.89645004272461,non_thinking,10,19.94398307800293,higher,19.94398307800293,5.95246696472168
Qwen3-8B,native_thinking,33,4,9,fisher_nearest,0.015047384794903357,higher,0.015047384794903357,non_thinking,10,0.05672435213404049,higher,0.05672435213404049,-0.04167696733913714
Qwen3-8B,native_thinking,33,4,9,min_bhattacharyya,0.10904298722743988,higher,0.10904298722743988,non_thinking,10,0.35643284767866135,higher,0.35643284767866135,-0.24738986045122147
Qwen3-8B,native_thinking,33,4,9,mean_bhattacharyya,1.5696197864082124,higher,1.5696197864082124,non_thinking,10,6.103433717456129,higher,6.103433717456129,-4.533813931047916
Qwen3-8B,native_thinking,33,4,9,nc2_class_cosine_deviation,0.656295637841578,lower,-0.656295637841578,non_thinking,10,0.4669273116706331,lower,-0.4669273116706331,-0.18936832617094485
Qwen3-8B,native_thinking,33,5,9,logistic_precision,0.4,higher,0.4,non_thinking,10,0.18181818181818182,higher,0.18181818181818182,0.2181818181818182
Qwen3-8B,native_thinking,33,5,9,logistic_recall,0.4444444444444444,higher,0.4444444444444444,non_thinking,10,0.2,higher,0.2,0.2444444444444444
Qwen3-8B,native_thinking,33,5,9,logistic_f1,0.42105263157894735,higher,0.42105263157894735,non_thinking,10,0.19047619047619047,higher,0.19047619047619047,0.23057644110275688
Qwen3-8B,native_thinking,33,5,9,ncc_recall,0.0,higher,0.0,non_thinking,10,0.2,higher,0.2,-0.2
Qwen3-8B,native_thinking,33,5,9,silhouette_cosine,-0.12242422997951508,higher,-0.12242422997951508,non_thinking,10,-0.1637132316827774,higher,-0.1637132316827774,0.04128900170326233
Qwen3-8B,native_thinking,33,5,9,within_trace,1646.5384521484375,lower,-1646.5384521484375,non_thinking,10,547.8488159179688,lower,-547.8488159179688,-1098.6896362304688
Qwen3-8B,native_thinking,33,5,9,class_nc1_ratio,11.087732546204299,lower,-11.087732546204299,non_thinking,10,9.658929997873889,lower,-9.658929997873889,-1.4288025483304096
Qwen3-8B,native_thinking,33,5,9,centroid_nearest_squared,16.889509201049805,higher,16.889509201049805,non_thinking,10,48.17424392700195,higher,48.17424392700195,-31.28473472595215
Qwen3-8B,native_thinking,33,5,9,fisher_nearest,0.010257585651286809,higher,0.010257585651286809,non_thinking,10,0.08793346362587602,higher,0.08793346362587602,-0.07767587797458922
Qwen3-8B,native_thinking,33,5,9,min_bhattacharyya,0.09536250308156013,higher,0.09536250308156013,non_thinking,10,0.5259582996368408,higher,0.5259582996368408,-0.4305957965552807
Qwen3-8B,native_thinking,33,5,9,mean_bhattacharyya,1.5987044378287263,higher,1.5987044378287263,non_thinking,10,3.8592974791924157,higher,3.8592974791924157,-2.2605930413636894
Qwen3-8B,native_thinking,33,5,9,nc2_class_cosine_deviation,0.6855836251497637,lower,-0.6855836251497637,non_thinking,10,0.49671903206610385,lower,-0.49671903206610385,-0.18886459308365983
Qwen3-8B,native_thinking,33,6,9,logistic_precision,0.42857142857142855,higher,0.42857142857142855,non_thinking,10,0.3333333333333333,higher,0.3333333333333333,0.09523809523809523
Qwen3-8B,native_thinking,33,6,9,logistic_recall,0.3333333333333333,higher,0.3333333333333333,non_thinking,10,0.2,higher,0.2,0.1333333333333333
Qwen3-8B,native_thinking,33,6,9,logistic_f1,0.375,higher,0.375,non_thinking,10,0.25,higher,0.25,0.125
Qwen3-8B,native_thinking,33,6,9,ncc_recall,0.2222222222222222,higher,0.2222222222222222,non_thinking,10,0.1,higher,0.1,0.1222222222222222
Qwen3-8B,native_thinking,33,6,9,silhouette_cosine,-0.12762318551540375,higher,-0.12762318551540375,non_thinking,10,-0.14255434274673462,higher,-0.14255434274673462,0.014931157231330872
Qwen3-8B,native_thinking,33,6,9,within_trace,1667.8238525390625,lower,-1667.8238525390625,non_thinking,10,341.62371826171875,lower,-341.62371826171875,-1326.2001342773438
Qwen3-8B,native_thinking,33,6,9,class_nc1_ratio,10.006892775291414,lower,-10.006892775291414,non_thinking,10,5.302610652728089,lower,-5.302610652728089,-4.704282122563325
Qwen3-8B,native_thinking,33,6,9,centroid_nearest_squared,9.181832313537598,higher,9.181832313537598,non_thinking,10,19.94398307800293,higher,19.94398307800293,-10.762150764465332
Qwen3-8B,native_thinking,33,6,9,fisher_nearest,0.005505277010854207,higher,0.005505277010854207,non_thinking,10,0.058379971916129654,higher,0.058379971916129654,-0.052874694905275445
Qwen3-8B,native_thinking,33,6,9,min_bhattacharyya,0.04899968206882477,higher,0.04899968206882477,non_thinking,10,0.3431246280670166,higher,0.3431246280670166,-0.29412494599819183
Qwen3-8B,native_thinking,33,6,9,mean_bhattacharyya,1.6669621016416285,higher,1.6669621016416285,non_thinking,10,5.721246591044797,higher,5.721246591044797,-4.054284489403169
Qwen3-8B,native_thinking,33,6,9,nc2_class_cosine_deviation,0.6796969942472599,lower,-0.6796969942472599,non_thinking,10,0.6387022571799196,lower,-0.6387022571799196,-0.04099473706734036
Qwen3-8B,native_thinking,33,7,9,logistic_precision,0.46153846153846156,higher,0.46153846153846156,non_thinking,10,0.2222222222222222,higher,0.2222222222222222,0.23931623931623935
Qwen3-8B,native_thinking,33,7,9,logistic_recall,0.6666666666666666,higher,0.6666666666666666,non_thinking,10,0.2,higher,0.2,0.4666666666666666
Qwen3-8B,native_thinking,33,7,9,logistic_f1,0.5454545454545454,higher,0.5454545454545454,non_thinking,10,0.21052631578947367,higher,0.21052631578947367,0.33492822966507174
Qwen3-8B,native_thinking,33,7,9,ncc_recall,0.2222222222222222,higher,0.2222222222222222,non_thinking,10,0.4,higher,0.4,-0.1777777777777778
Qwen3-8B,native_thinking,33,7,9,silhouette_cosine,-0.12407562136650085,higher,-0.12407562136650085,non_thinking,10,-0.2067948281764984,higher,-0.2067948281764984,0.08271920680999756
Qwen3-8B,native_thinking,33,7,9,within_trace,1637.3870849609375,lower,-1637.3870849609375,non_thinking,10,361.48516845703125,lower,-361.48516845703125,-1275.9019165039062
Qwen3-8B,native_thinking,33,7,9,class_nc1_ratio,8.56573299713124,lower,-8.56573299713124,non_thinking,10,9.742730788944126,lower,-9.742730788944126,1.1769977918128856
Qwen3-8B,native_thinking,33,7,9,centroid_nearest_squared,9.181832313537598,higher,9.181832313537598,non_thinking,10,37.74772644042969,higher,37.74772644042969,-28.56589412689209
Qwen3-8B,native_thinking,33,7,9,fisher_nearest,0.005607612517449803,higher,0.005607612517449803,non_thinking,10,0.10442399781311265,higher,0.10442399781311265,-0.09881638529566285
Qwen3-8B,native_thinking,33,7,9,min_bhattacharyya,0.04899968206882477,higher,0.04899968206882477,non_thinking,10,0.39119261503219604,higher,0.39119261503219604,-0.3421929329633713
Qwen3-8B,native_thinking,33,7,9,mean_bhattacharyya,1.7659007733066876,higher,1.7659007733066876,non_thinking,10,4.432733807298872,higher,4.432733807298872,-2.6668330339921846
Qwen3-8B,native_thinking,33,7,9,nc2_class_cosine_deviation,0.682127050779484,lower,-0.682127050779484,non_thinking,10,0.6177037097053764,lower,-0.6177037097053764,-0.06442334107410763
Qwen3-8B,native_thinking,33,8,9,logistic_precision,0.5714285714285714,higher,0.5714285714285714,non_thinking,10,0.0,higher,0.0,0.5714285714285714
Qwen3-8B,native_thinking,33,8,9,logistic_recall,0.4444444444444444,higher,0.4444444444444444,non_thinking,10,0.0,higher,0.0,0.4444444444444444
Qwen3-8B,native_thinking,33,8,9,logistic_f1,0.5,higher,0.5,non_thinking,10,0.0,higher,0.0,0.5
Qwen3-8B,native_thinking,33,8,9,ncc_recall,0.4444444444444444,higher,0.4444444444444444,non_thinking,10,0.0,higher,0.0,0.4444444444444444
Qwen3-8B,native_thinking,33,8,9,silhouette_cosine,-0.12219742685556412,higher,-0.12219742685556412,non_thinking,10,-0.19183458387851715,higher,-0.19183458387851715,0.06963715702295303
Qwen3-8B,native_thinking,33,8,9,within_trace,1787.7635498046875,lower,-1787.7635498046875,non_thinking,10,413.6495361328125,lower,-413.6495361328125,-1374.114013671875
Qwen3-8B,native_thinking,33,8,9,class_nc1_ratio,8.7540107530295,lower,-8.7540107530295,non_thinking,10,5.003830290157273,lower,-5.003830290157273,-3.750180462872226
Qwen3-8B,native_thinking,33,8,9,centroid_nearest_squared,20.682498931884766,higher,20.682498931884766,non_thinking,10,32.6605224609375,higher,32.6605224609375,-11.978023529052734
Qwen3-8B,native_thinking,33,8,9,fisher_nearest,0.011568923045860467,higher,0.011568923045860467,non_thinking,10,0.07895699041821487,higher,0.07895699041821487,-0.06738806737235441
Qwen3-8B,native_thinking,33,8,9,min_bhattacharyya,0.13658344000577927,higher,0.13658344000577927,non_thinking,10,0.4450647830963135,higher,0.4450647830963135,-0.3084813430905342
Qwen3-8B,native_thinking,33,8,9,mean_bhattacharyya,1.8050581879085965,higher,1.8050581879085965,non_thinking,10,5.858109204305543,higher,5.858109204305543,-4.053051016396946
Qwen3-8B,native_thinking,33,8,9,nc2_class_cosine_deviation,0.6774148780990531,lower,-0.6774148780990531,non_thinking,10,0.6277714425031049,lower,-0.6277714425031049,-0.04964343559594819
Qwen3-8B,native_thinking,33,9,9,logistic_precision,0.875,higher,0.875,non_thinking,10,0.3,higher,0.3,0.575
Qwen3-8B,native_thinking,33,9,9,logistic_recall,0.7777777777777778,higher,0.7777777777777778,non_thinking,10,0.3,higher,0.3,0.4777777777777778
Qwen3-8B,native_thinking,33,9,9,logistic_f1,0.8235294117647058,higher,0.8235294117647058,non_thinking,10,0.3,higher,0.3,0.5235294117647058
Qwen3-8B,native_thinking,33,9,9,ncc_recall,0.4444444444444444,higher,0.4444444444444444,non_thinking,10,0.2,higher,0.2,0.2444444444444444
Qwen3-8B,native_thinking,33,9,9,silhouette_cosine,-0.03975595533847809,higher,-0.03975595533847809,non_thinking,10,-0.05491732805967331,higher,-0.05491732805967331,0.015161372721195221
Qwen3-8B,native_thinking,33,9,9,within_trace,1993.135498046875,lower,-1993.135498046875,non_thinking,10,464.1794738769531,lower,-464.1794738769531,-1528.9560241699219
Qwen3-8B,native_thinking,33,9,9,class_nc1_ratio,4.968130665768326,lower,-4.968130665768326,non_thinking,10,3.83168275258664,lower,-3.83168275258664,-1.1364479131816863
Qwen3-8B,native_thinking,33,9,9,centroid_nearest_squared,293.1378173828125,higher,293.1378173828125,non_thinking,10,45.67271423339844,higher,45.67271423339844,247.46510314941406
Qwen3-8B,native_thinking,33,9,9,fisher_nearest,0.14707370255061225,higher,0.14707370255061225,non_thinking,10,0.09839451506101189,higher,0.09839451506101189,0.04867918748960036
Qwen3-8B,native_thinking,33,9,9,min_bhattacharyya,0.9960339665412903,higher,0.9960339665412903,non_thinking,10,0.6254135370254517,higher,0.6254135370254517,0.3706204295158386
Qwen3-8B,native_thinking,33,9,9,mean_bhattacharyya,2.6815216739972434,higher,2.6815216739972434,non_thinking,10,5.878615319728851,higher,5.878615319728851,-3.197093645731608
Qwen3-8B,native_thinking,33,9,9,nc2_class_cosine_deviation,0.2619113792653805,lower,-0.2619113792653805,non_thinking,10,0.6456875622640421,lower,-0.6456875622640421,0.3837761829986616
Qwen3-8B,native_thinking,33,10,9,logistic_precision,0.9,higher,0.9,non_thinking,10,0.25,higher,0.25,0.65
Qwen3-8B,native_thinking,33,10,9,logistic_recall,1.0,higher,1.0,non_thinking,10,0.5,higher,0.5,0.5
Qwen3-8B,native_thinking,33,10,9,logistic_f1,0.9473684210526315,higher,0.9473684210526315,non_thinking,10,0.3333333333333333,higher,0.3333333333333333,0.6140350877192982
Qwen3-8B,native_thinking,33,10,9,ncc_recall,0.8888888888888888,higher,0.8888888888888888,non_thinking,10,0.2,higher,0.2,0.6888888888888889
Qwen3-8B,native_thinking,33,10,9,silhouette_cosine,0.42409035563468933,higher,0.42409035563468933,non_thinking,10,-0.1776943951845169,higher,-0.1776943951845169,0.6017847508192062
Qwen3-8B,native_thinking,33,10,9,within_trace,2573.2568359375,lower,-2573.2568359375,non_thinking,10,370.5140380859375,lower,-370.5140380859375,-2202.7427978515625
Qwen3-8B,native_thinking,33,10,9,class_nc1_ratio,0.8841321349875362,lower,-0.8841321349875362,non_thinking,10,5.231376906466851,lower,-5.231376906466851,4.347244771479315
Qwen3-8B,native_thinking,33,10,9,centroid_nearest_squared,3546.8935546875,higher,3546.8935546875,non_thinking,10,29.183732986450195,higher,29.183732986450195,3517.70982170105
Qwen3-8B,native_thinking,33,10,9,fisher_nearest,1.378367485574086,higher,1.378367485574086,non_thinking,10,0.07876552569293281,higher,0.07876552569293281,1.2996019598811532
Qwen3-8B,native_thinking,33,10,9,min_bhattacharyya,4.788259983062744,higher,4.788259983062744,non_thinking,10,0.3431246280670166,higher,0.3431246280670166,4.4451353549957275
Qwen3-8B,native_thinking,33,10,9,mean_bhattacharyya,5.332437833150228,higher,5.332437833150228,non_thinking,10,5.950033345156246,higher,5.950033345156246,-0.6175955120060186
Qwen3-8B,native_thinking,33,10,9,nc2_class_cosine_deviation,0.4332795530373667,lower,-0.4332795530373667,non_thinking,10,0.7261896368897991,lower,-0.7261896368897991,0.2929100838524324
Qwen3-8B,native_thinking,34,1,10,logistic_precision,1.0,higher,1.0,non_thinking,10,1.0,higher,1.0,0.0
Qwen3-8B,native_thinking,34,1,10,logistic_recall,0.9,higher,0.9,non_thinking,10,1.0,higher,1.0,-0.09999999999999998
Qwen3-8B,native_thinking,34,1,10,logistic_f1,0.9473684210526315,higher,0.9473684210526315,non_thinking,10,1.0,higher,1.0,-0.052631578947368474
Qwen3-8B,native_thinking,34,1,10,ncc_recall,0.9,higher,0.9,non_thinking,10,1.0,higher,1.0,-0.09999999999999998
Qwen3-8B,native_thinking,34,1,10,silhouette_cosine,0.2033390998840332,higher,0.2033390998840332,non_thinking,10,0.9905127286911011,higher,0.9905127286911011,-0.7871736288070679
Qwen3-8B,native_thinking,34,1,10,within_trace,2259.01953125,lower,-2259.01953125,non_thinking,10,28.727088928222656,lower,-28.727088928222656,-2230.2924423217773
Qwen3-8B,native_thinking,34,1,10,class_nc1_ratio,1.7272861107283939,lower,-1.7272861107283939,non_thinking,10,0.012606678533589467,lower,-0.012606678533589467,-1.7146794321948045
Qwen3-8B,native_thinking,34,1,10,centroid_nearest_squared,1214.15771484375,higher,1214.15771484375,non_thinking,10,1993.663818359375,higher,1993.663818359375,-779.506103515625
Qwen3-8B,native_thinking,34,1,10,fisher_nearest,0.537471101089556,higher,0.537471101089556,non_thinking,10,69.40013390638823,higher,69.40013390638823,-68.86266280529868
Qwen3-8B,native_thinking,34,1,10,min_bhattacharyya,2.8994102478027344,higher,2.8994102478027344,non_thinking,10,15.697340965270996,higher,15.697340965270996,-12.797930717468262
Qwen3-8B,native_thinking,34,1,10,mean_bhattacharyya,4.83357752694024,higher,4.83357752694024,non_thinking,10,32.367187076144745,higher,32.367187076144745,-27.533609549204506
Qwen3-8B,native_thinking,34,1,10,nc2_class_cosine_deviation,0.42447906530197754,lower,-0.42447906530197754,non_thinking,10,0.6297249047108637,lower,-0.6297249047108637,0.2052458394088862
Qwen3-8B,native_thinking,34,2,10,logistic_precision,0.8181818181818182,higher,0.8181818181818182,non_thinking,10,0.4444444444444444,higher,0.4444444444444444,0.3737373737373738
Qwen3-8B,native_thinking,34,2,10,logistic_recall,0.9,higher,0.9,non_thinking,10,0.4,higher,0.4,0.5
Qwen3-8B,native_thinking,34,2,10,logistic_f1,0.8571428571428571,higher,0.8571428571428571,non_thinking,10,0.42105263157894735,higher,0.42105263157894735,0.43609022556390975
Qwen3-8B,native_thinking,34,2,10,ncc_recall,0.7,higher,0.7,non_thinking,10,0.5,higher,0.5,0.19999999999999996
Qwen3-8B,native_thinking,34,2,10,silhouette_cosine,-0.14313994348049164,higher,-0.14313994348049164,non_thinking,10,-0.27589207887649536,higher,-0.27589207887649536,0.13275213539600372
Qwen3-8B,native_thinking,34,2,10,within_trace,1993.7591552734375,lower,-1993.7591552734375,non_thinking,10,487.2821044921875,lower,-487.2821044921875,-1506.47705078125
Qwen3-8B,native_thinking,34,2,10,class_nc1_ratio,12.736312705163533,lower,-12.736312705163533,non_thinking,10,5.138220926515753,lower,-5.138220926515753,-7.59809177864778
Qwen3-8B,native_thinking,34,2,10,centroid_nearest_squared,107.8759536743164,higher,107.8759536743164,non_thinking,10,118.12181091308594,higher,118.12181091308594,-10.245857238769531
Qwen3-8B,native_thinking,34,2,10,fisher_nearest,0.054106812946281654,higher,0.054106812946281654,non_thinking,10,0.24240949918771285,higher,0.24240949918771285,-0.1883026862414312
Qwen3-8B,native_thinking,34,2,10,min_bhattacharyya,0.5347247421741486,higher,0.5347247421741486,non_thinking,10,0.8313504457473755,higher,0.8313504457473755,-0.29662570357322693
Qwen3-8B,native_thinking,34,2,10,mean_bhattacharyya,1.9149812791082594,higher,1.9149812791082594,non_thinking,10,2.9138423138194613,higher,2.9138423138194613,-0.9988610347112019
Qwen3-8B,native_thinking,34,2,10,nc2_class_cosine_deviation,0.29146402214228373,lower,-0.29146402214228373,non_thinking,10,0.3807110418508082,lower,-0.3807110418508082,0.08924701970852444
Qwen3-8B,native_thinking,34,3,9,logistic_precision,0.625,higher,0.625,non_thinking,10,0.25,higher,0.25,0.375
Qwen3-8B,native_thinking,34,3,9,logistic_recall,0.5555555555555556,higher,0.5555555555555556,non_thinking,10,0.2,higher,0.2,0.35555555555555557
Qwen3-8B,native_thinking,34,3,9,logistic_f1,0.5882352941176471,higher,0.5882352941176471,non_thinking,10,0.2222222222222222,higher,0.2222222222222222,0.36601307189542487
Qwen3-8B,native_thinking,34,3,9,ncc_recall,0.2222222222222222,higher,0.2222222222222222,non_thinking,10,0.3,higher,0.3,-0.07777777777777778
Qwen3-8B,native_thinking,34,3,9,silhouette_cosine,-0.11337240785360336,higher,-0.11337240785360336,non_thinking,10,-0.16684243083000183,higher,-0.16684243083000183,0.05347002297639847
Qwen3-8B,native_thinking,34,3,9,within_trace,1793.867431640625,lower,-1793.867431640625,non_thinking,10,518.3876342773438,lower,-518.3876342773438,-1275.4797973632812
Qwen3-8B,native_thinking,34,3,9,class_nc1_ratio,16.020453670446635,lower,-16.020453670446635,non_thinking,10,10.63271814765321,lower,-10.63271814765321,-5.387735522793426
Qwen3-8B,native_thinking,34,3,9,centroid_nearest_squared,47.073551177978516,higher,47.073551177978516,non_thinking,10,60.6844482421875,higher,60.6844482421875,-13.610897064208984
Qwen3-8B,native_thinking,34,3,9,fisher_nearest,0.02624137678609074,higher,0.02624137678609074,non_thinking,10,0.11706384224767324,higher,0.11706384224767324,-0.0908224654615825
Qwen3-8B,native_thinking,34,3,9,min_bhattacharyya,0.19719159603118896,higher,0.19719159603118896,non_thinking,10,0.5360967516899109,higher,0.5360967516899109,-0.3389051556587219
Qwen3-8B,native_thinking,34,3,9,mean_bhattacharyya,1.6035277379883661,higher,1.6035277379883661,non_thinking,10,3.7398999995655484,higher,3.7398999995655484,-2.1363722615771823
Qwen3-8B,native_thinking,34,3,9,nc2_class_cosine_deviation,0.5085952784176226,lower,-0.5085952784176226,non_thinking,10,0.3864197749414562,lower,-0.3864197749414562,-0.12217550347616646
Qwen3-8B,native_thinking,34,4,9,logistic_precision,0.5,higher,0.5,non_thinking,10,0.2222222222222222,higher,0.2222222222222222,0.2777777777777778
Qwen3-8B,native_thinking,34,4,9,logistic_recall,0.5555555555555556,higher,0.5555555555555556,non_thinking,10,0.2,higher,0.2,0.35555555555555557
Qwen3-8B,native_thinking,34,4,9,logistic_f1,0.5263157894736842,higher,0.5263157894736842,non_thinking,10,0.21052631578947367,higher,0.21052631578947367,0.3157894736842105
Qwen3-8B,native_thinking,34,4,9,ncc_recall,0.6666666666666666,higher,0.6666666666666666,non_thinking,10,0.2,higher,0.2,0.4666666666666666
Qwen3-8B,native_thinking,34,4,9,silhouette_cosine,-0.1359754353761673,higher,-0.1359754353761673,non_thinking,10,-0.10983352363109589,higher,-0.10983352363109589,-0.02614191174507141
Qwen3-8B,native_thinking,34,4,9,within_trace,1804.7392578125,lower,-1804.7392578125,non_thinking,10,407.35614013671875,lower,-407.35614013671875,-1397.3831176757812
Qwen3-8B,native_thinking,34,4,9,class_nc1_ratio,16.11077664378435,lower,-16.11077664378435,non_thinking,10,5.4647083113642365,lower,-5.4647083113642365,-10.646068332420114
Qwen3-8B,native_thinking,34,4,9,centroid_nearest_squared,25.095426559448242,higher,25.095426559448242,non_thinking,10,23.204408645629883,higher,23.204408645629883,1.8910179138183594
Qwen3-8B,native_thinking,34,4,9,fisher_nearest,0.013905292108437908,higher,0.013905292108437908,non_thinking,10,0.0569634439236436,higher,0.0569634439236436,-0.0430581518152057
Qwen3-8B,native_thinking,34,4,9,min_bhattacharyya,0.11210605502128601,higher,0.11210605502128601,non_thinking,10,0.371281161904335,higher,0.371281161904335,-0.259175106883049
Qwen3-8B,native_thinking,34,4,9,mean_bhattacharyya,1.5081618428230286,higher,1.5081618428230286,non_thinking,10,4.846129183967908,higher,4.846129183967908,-3.3379673411448794
Qwen3-8B,native_thinking,34,4,9,nc2_class_cosine_deviation,0.6596411637685917,lower,-0.6596411637685917,non_thinking,10,0.5147413317068124,lower,-0.5147413317068124,-0.14489983206177937
Qwen3-8B,native_thinking,34,5,9,logistic_precision,0.42857142857142855,higher,0.42857142857142855,non_thinking,10,0.1,higher,0.1,0.3285714285714285
Qwen3-8B,native_thinking,34,5,9,logistic_recall,0.3333333333333333,higher,0.3333333333333333,non_thinking,10,0.1,higher,0.1,0.2333333333333333
Qwen3-8B,native_thinking,34,5,9,logistic_f1,0.375,higher,0.375,non_thinking,10,0.1,higher,0.1,0.275
Qwen3-8B,native_thinking,34,5,9,ncc_recall,0.2222222222222222,higher,0.2222222222222222,non_thinking,10,0.2,higher,0.2,0.0222222222222222
Qwen3-8B,native_thinking,34,5,9,silhouette_cosine,-0.12450316548347473,higher,-0.12450316548347473,non_thinking,10,-0.18119166791439056,higher,-0.18119166791439056,0.05668850243091583
Qwen3-8B,native_thinking,34,5,9,within_trace,1724.0433349609375,lower,-1724.0433349609375,non_thinking,10,559.4476318359375,lower,-559.4476318359375,-1164.595703125
Qwen3-8B,native_thinking,34,5,9,class_nc1_ratio,12.544584030690661,lower,-12.544584030690661,non_thinking,10,10.360017553317668,lower,-10.360017553317668,-2.184566477372993
Qwen3-8B,native_thinking,34,5,9,centroid_nearest_squared,20.843063354492188,higher,20.843063354492188,non_thinking,10,48.07738494873047,higher,48.07738494873047,-27.23432159423828
Qwen3-8B,native_thinking,34,5,9,fisher_nearest,0.0120896400524436,higher,0.0120896400524436,non_thinking,10,0.08593723918529259,higher,0.08593723918529259,-0.07384759913284898
Qwen3-8B,native_thinking,34,5,9,min_bhattacharyya,0.11210605502128601,higher,0.11210605502128601,non_thinking,10,0.5501825213432312,higher,0.5501825213432312,-0.4380764663219452
Qwen3-8B,native_thinking,34,5,9,mean_bhattacharyya,1.5220483442147572,higher,1.5220483442147572,non_thinking,10,3.38590697116322,higher,3.38590697116322,-1.8638586269484627
Qwen3-8B,native_thinking,34,5,9,nc2_class_cosine_deviation,0.6713744624989268,lower,-0.6713744624989268,non_thinking,10,0.5282361213071847,lower,-0.5282361213071847,-0.14313834119174218
Qwen3-8B,native_thinking,34,6,9,logistic_precision,0.375,higher,0.375,non_thinking,10,0.2222222222222222,higher,0.2222222222222222,0.1527777777777778
Qwen3-8B,native_thinking,34,6,9,logistic_recall,0.3333333333333333,higher,0.3333333333333333,non_thinking,10,0.2,higher,0.2,0.1333333333333333
Qwen3-8B,native_thinking,34,6,9,logistic_f1,0.35294117647058826,higher,0.35294117647058826,non_thinking,10,0.21052631578947367,higher,0.21052631578947367,0.14241486068111459
Qwen3-8B,native_thinking,34,6,9,ncc_recall,0.3333333333333333,higher,0.3333333333333333,non_thinking,10,0.1,higher,0.1,0.2333333333333333
Qwen3-8B,native_thinking,34,6,9,silhouette_cosine,-0.1262703537940979,higher,-0.1262703537940979,non_thinking,10,-0.14234203100204468,higher,-0.14234203100204468,0.016071677207946777
Qwen3-8B,native_thinking,34,6,9,within_trace,1727.02587890625,lower,-1727.02587890625,non_thinking,10,358.266845703125,lower,-358.266845703125,-1368.759033203125
Qwen3-8B,native_thinking,34,6,9,class_nc1_ratio,10.670769475179481,lower,-10.670769475179481,non_thinking,10,5.231040401741692,lower,-5.231040401741692,-5.43972907343779
Qwen3-8B,native_thinking,34,6,9,centroid_nearest_squared,19.780502319335938,higher,19.780502319335938,non_thinking,10,23.204408645629883,higher,23.204408645629883,-3.4239063262939453
Qwen3-8B,native_thinking,34,6,9,fisher_nearest,0.01145350660979279,higher,0.01145350660979279,non_thinking,10,0.06476850683766042,higher,0.06476850683766042,-0.05331500022786763
Qwen3-8B,native_thinking,34,6,9,min_bhattacharyya,0.09755691513419151,higher,0.09755691513419151,non_thinking,10,0.3677545338869095,higher,0.3677545338869095,-0.27019761875271797
Qwen3-8B,native_thinking,34,6,9,mean_bhattacharyya,1.6208238506482706,higher,1.6208238506482706,non_thinking,10,4.705086651775572,higher,4.705086651775572,-3.0842628011273012
Qwen3-8B,native_thinking,34,6,9,nc2_class_cosine_deviation,0.6606596382679764,lower,-0.6606596382679764,non_thinking,10,0.653308931692147,lower,-0.653308931692147,-0.007350706575829369
Qwen3-8B,native_thinking,34,7,9,logistic_precision,0.4166666666666667,higher,0.4166666666666667,non_thinking,10,0.3333333333333333,higher,0.3333333333333333,0.08333333333333337
Qwen3-8B,native_thinking,34,7,9,logistic_recall,0.5555555555555556,higher,0.5555555555555556,non_thinking,10,0.4,higher,0.4,0.15555555555555556
Qwen3-8B,native_thinking,34,7,9,logistic_f1,0.47619047619047616,higher,0.47619047619047616,non_thinking,10,0.36363636363636365,higher,0.36363636363636365,0.11255411255411252
Qwen3-8B,native_thinking,34,7,9,ncc_recall,0.2222222222222222,higher,0.2222222222222222,non_thinking,10,0.4,higher,0.4,-0.1777777777777778
Qwen3-8B,native_thinking,34,7,9,silhouette_cosine,-0.12350653111934662,higher,-0.12350653111934662,non_thinking,10,-0.20455889403820038,higher,-0.20455889403820038,0.08105236291885376
Qwen3-8B,native_thinking,34,7,9,within_trace,1750.6025390625,lower,-1750.6025390625,non_thinking,10,385.3525390625,lower,-385.3525390625,-1365.25
Qwen3-8B,native_thinking,34,7,9,class_nc1_ratio,9.142145437799549,lower,-9.142145437799549,non_thinking,10,9.021532149102617,lower,-9.021532149102617,-0.12061328869693178
Qwen3-8B,native_thinking,34,7,9,centroid_nearest_squared,19.780502319335938,higher,19.780502319335938,non_thinking,10,42.52348327636719,higher,42.52348327636719,-22.74298095703125
Qwen3-8B,native_thinking,34,7,9,fisher_nearest,0.011299253758611015,higher,0.011299253758611015,non_thinking,10,0.11034956037871166,higher,0.11034956037871166,-0.09905030662010064
Qwen3-8B,native_thinking,34,7,9,min_bhattacharyya,0.09755691513419151,higher,0.09755691513419151,non_thinking,10,0.40113119781017303,higher,0.40113119781017303,-0.3035742826759815
Qwen3-8B,native_thinking,34,7,9,mean_bhattacharyya,1.7060054147409067,higher,1.7060054147409067,non_thinking,10,3.8281142198377185,higher,3.8281142198377185,-2.1221088050968118
Qwen3-8B,native_thinking,34,7,9,nc2_class_cosine_deviation,0.680874432678576,lower,-0.680874432678576,non_thinking,10,0.6296200921506058,lower,-0.6296200921506058,-0.05125434052797018
Qwen3-8B,native_thinking,34,8,9,logistic_precision,0.625,higher,0.625,non_thinking,10,0.0,higher,0.0,0.625
Qwen3-8B,native_thinking,34,8,9,logistic_recall,0.5555555555555556,higher,0.5555555555555556,non_thinking,10,0.0,higher,0.0,0.5555555555555556
Qwen3-8B,native_thinking,34,8,9,logistic_f1,0.5882352941176471,higher,0.5882352941176471,non_thinking,10,0.0,higher,0.0,0.5882352941176471
Qwen3-8B,native_thinking,34,8,9,ncc_recall,0.4444444444444444,higher,0.4444444444444444,non_thinking,10,0.0,higher,0.0,0.4444444444444444
Qwen3-8B,native_thinking,34,8,9,silhouette_cosine,-0.1199333667755127,higher,-0.1199333667755127,non_thinking,10,-0.1745508462190628,higher,-0.1745508462190628,0.05461747944355011
Qwen3-8B,native_thinking,34,8,9,within_trace,1817.987060546875,lower,-1817.987060546875,non_thinking,10,405.42999267578125,lower,-405.42999267578125,-1412.5570678710938
Qwen3-8B,native_thinking,34,8,9,class_nc1_ratio,9.746340042082032,lower,-9.746340042082032,non_thinking,10,4.449695880982426,lower,-4.449695880982426,-5.296644161099606
Qwen3-8B,native_thinking,34,8,9,centroid_nearest_squared,22.959449768066406,higher,22.959449768066406,non_thinking,10,34.325462341308594,higher,34.325462341308594,-11.366012573242188
Qwen3-8B,native_thinking,34,8,9,fisher_nearest,0.012629050154603352,higher,0.012629050154603352,non_thinking,10,0.08466433900157544,higher,0.08466433900157544,-0.07203528884697209
Qwen3-8B,native_thinking,34,8,9,min_bhattacharyya,0.15071266889572144,higher,0.15071266889572144,non_thinking,10,0.4378782659769058,higher,0.4378782659769058,-0.2871655970811844
Qwen3-8B,native_thinking,34,8,9,mean_bhattacharyya,1.7150953263044357,higher,1.7150953263044357,non_thinking,10,4.908733897738987,higher,4.908733897738987,-3.193638571434551
Qwen3-8B,native_thinking,34,8,9,nc2_class_cosine_deviation,0.6689259200184434,lower,-0.6689259200184434,non_thinking,10,0.6808058755633272,lower,-0.6808058755633272,0.011879955544883747
Qwen3-8B,native_thinking,34,9,9,logistic_precision,0.875,higher,0.875,non_thinking,10,0.3333333333333333,higher,0.3333333333333333,0.5416666666666667
Qwen3-8B,native_thinking,34,9,9,logistic_recall,0.7777777777777778,higher,0.7777777777777778,non_thinking,10,0.3,higher,0.3,0.4777777777777778
Qwen3-8B,native_thinking,34,9,9,logistic_f1,0.8235294117647058,higher,0.8235294117647058,non_thinking,10,0.3157894736842105,higher,0.3157894736842105,0.5077399380804953
Qwen3-8B,native_thinking,34,9,9,ncc_recall,0.5555555555555556,higher,0.5555555555555556,non_thinking,10,0.3,higher,0.3,0.2555555555555556
Qwen3-8B,native_thinking,34,9,9,silhouette_cosine,-0.055090390145778656,higher,-0.055090390145778656,non_thinking,10,-0.048099420964717865,higher,-0.048099420964717865,-0.006990969181060791
Qwen3-8B,native_thinking,34,9,9,within_trace,1861.1571044921875,lower,-1861.1571044921875,non_thinking,10,435.13531494140625,lower,-435.13531494140625,-1426.0217895507812
Qwen3-8B,native_thinking,34,9,9,class_nc1_ratio,5.891819043772557,lower,-5.891819043772557,non_thinking,10,3.3456889319589425,lower,-3.3456889319589425,-2.5461301118136146
Qwen3-8B,native_thinking,34,9,9,centroid_nearest_squared,229.30389404296875,higher,229.30389404296875,non_thinking,10,41.10463333129883,higher,41.10463333129883,188.19926071166992
Qwen3-8B,native_thinking,34,9,9,fisher_nearest,0.12320501772231303,higher,0.12320501772231303,non_thinking,10,0.09446402514315307,higher,0.09446402514315307,0.028740992579159963
Qwen3-8B,native_thinking,34,9,9,min_bhattacharyya,0.8284437656402588,higher,0.8284437656402588,non_thinking,10,0.6360096335411072,higher,0.6360096335411072,0.1924341320991516
Qwen3-8B,native_thinking,34,9,9,mean_bhattacharyya,2.479750474294027,higher,2.479750474294027,non_thinking,10,5.380085504717297,higher,5.380085504717297,-2.90033503042327
Qwen3-8B,native_thinking,34,9,9,nc2_class_cosine_deviation,0.24737415950239441,lower,-0.24737415950239441,non_thinking,10,0.676730003989773,lower,-0.676730003989773,0.4293558444873786
Qwen3-8B,native_thinking,34,10,9,logistic_precision,0.8181818181818182,higher,0.8181818181818182,non_thinking,10,0.16666666666666666,higher,0.16666666666666666,0.6515151515151516
Qwen3-8B,native_thinking,34,10,9,logistic_recall,1.0,higher,1.0,non_thinking,10,0.3,higher,0.3,0.7
Qwen3-8B,native_thinking,34,10,9,logistic_f1,0.9,higher,0.9,non_thinking,10,0.21428571428571427,higher,0.21428571428571427,0.6857142857142857
Qwen3-8B,native_thinking,34,10,9,ncc_recall,0.8888888888888888,higher,0.8888888888888888,non_thinking,10,0.2,higher,0.2,0.6888888888888889
Qwen3-8B,native_thinking,34,10,9,silhouette_cosine,0.4246191084384918,higher,0.4246191084384918,non_thinking,10,-0.17701244354248047,higher,-0.17701244354248047,0.6016315519809723
Qwen3-8B,native_thinking,34,10,9,within_trace,2273.1318359375,lower,-2273.1318359375,non_thinking,10,404.5876159667969,lower,-404.5876159667969,-1868.5442199707031
Qwen3-8B,native_thinking,34,10,9,class_nc1_ratio,0.8828394820932673,lower,-0.8828394820932673,non_thinking,10,4.9290226363397585,lower,-4.9290226363397585,4.046183154246491
Qwen3-8B,native_thinking,34,10,9,centroid_nearest_squared,3083.865966796875,higher,3083.865966796875,non_thinking,10,32.115028381347656,higher,32.115028381347656,3051.7509384155273
Qwen3-8B,native_thinking,34,10,9,fisher_nearest,1.35665952939549,higher,1.35665952939549,non_thinking,10,0.07937719078377137,higher,0.07937719078377137,1.2772823386117187
Qwen3-8B,native_thinking,34,10,9,min_bhattacharyya,4.82913875579834,higher,4.82913875579834,non_thinking,10,0.3677545338869095,higher,0.3677545338869095,4.46138422191143
Qwen3-8B,native_thinking,34,10,9,mean_bhattacharyya,5.229591581556532,higher,5.229591581556532,non_thinking,10,5.003386427958806,higher,5.003386427958806,0.22620515359772586
Qwen3-8B,native_thinking,34,10,9,nc2_class_cosine_deviation,0.43718069589432373,lower,-0.43718069589432373,non_thinking,10,0.7537408739696314,lower,-0.7537408739696314,0.3165601780753077
Qwen3-8B,native_thinking,35,1,10,logistic_precision,1.0,higher,1.0,non_thinking,10,1.0,higher,1.0,0.0
Qwen3-8B,native_thinking,35,1,10,logistic_recall,1.0,higher,1.0,non_thinking,10,1.0,higher,1.0,0.0
Qwen3-8B,native_thinking,35,1,10,logistic_f1,1.0,higher,1.0,non_thinking,10,1.0,higher,1.0,0.0
Qwen3-8B,native_thinking,35,1,10,ncc_recall,0.8,higher,0.8,non_thinking,10,1.0,higher,1.0,-0.19999999999999996
Qwen3-8B,native_thinking,35,1,10,silhouette_cosine,0.18217585980892181,higher,0.18217585980892181,non_thinking,10,0.9865436553955078,higher,0.9865436553955078,-0.804367795586586
Qwen3-8B,native_thinking,35,1,10,within_trace,2336.5458984375,lower,-2336.5458984375,non_thinking,10,46.854087829589844,lower,-46.854087829589844,-2289.69181060791
Qwen3-8B,native_thinking,35,1,10,class_nc1_ratio,1.8858466958364326,lower,-1.8858466958364326,non_thinking,10,0.01709144191898188,lower,-0.01709144191898188,-1.8687552539174508
Qwen3-8B,native_thinking,35,1,10,centroid_nearest_squared,1103.6044921875,higher,1103.6044921875,non_thinking,10,2433.396484375,higher,2433.396484375,-1329.7919921875
Qwen3-8B,native_thinking,35,1,10,fisher_nearest,0.4723230529841099,higher,0.4723230529841099,non_thinking,10,51.93562818308103,higher,51.93562818308103,-51.46330513009692
Qwen3-8B,native_thinking,35,1,10,min_bhattacharyya,2.750182628631592,higher,2.750182628631592,non_thinking,10,14.10961389541626,higher,14.10961389541626,-11.359431266784668
Qwen3-8B,native_thinking,35,1,10,mean_bhattacharyya,4.649402009116279,higher,4.649402009116279,non_thinking,10,32.121708181169296,higher,32.121708181169296,-27.472306172053017
Qwen3-8B,native_thinking,35,1,10,nc2_class_cosine_deviation,0.41203226608994564,lower,-0.41203226608994564,non_thinking,10,0.6456672928215544,lower,-0.6456672928215544,0.2336350267316088
Qwen3-8B,native_thinking,35,2,10,logistic_precision,1.0,higher,1.0,non_thinking,10,0.36363636363636365,higher,0.36363636363636365,0.6363636363636364
Qwen3-8B,native_thinking,35,2,10,logistic_recall,0.8,higher,0.8,non_thinking,10,0.4,higher,0.4,0.4
Qwen3-8B,native_thinking,35,2,10,logistic_f1,0.8888888888888888,higher,0.8888888888888888,non_thinking,10,0.38095238095238093,higher,0.38095238095238093,0.5079365079365079
Qwen3-8B,native_thinking,35,2,10,ncc_recall,0.7,higher,0.7,non_thinking,10,0.5,higher,0.5,0.19999999999999996
Qwen3-8B,native_thinking,35,2,10,silhouette_cosine,-0.15754956007003784,higher,-0.15754956007003784,non_thinking,10,-0.309134304523468,higher,-0.309134304523468,0.15158474445343018
Qwen3-8B,native_thinking,35,2,10,within_trace,2071.20556640625,lower,-2071.20556640625,non_thinking,10,572.4796142578125,lower,-572.4796142578125,-1498.7259521484375
Qwen3-8B,native_thinking,35,2,10,class_nc1_ratio,15.089791685126551,lower,-15.089791685126551,non_thinking,10,6.904797592512955,lower,-6.904797592512955,-8.184994092613596
Qwen3-8B,native_thinking,35,2,10,centroid_nearest_squared,83.98771667480469,higher,83.98771667480469,non_thinking,10,124.22394561767578,higher,124.22394561767578,-40.236228942871094
Qwen3-8B,native_thinking,35,2,10,fisher_nearest,0.04055015978956247,higher,0.04055015978956247,non_thinking,10,0.2169927845880156,higher,0.2169927845880156,-0.17644262479845313
Qwen3-8B,native_thinking,35,2,10,min_bhattacharyya,0.43974652886390686,higher,0.43974652886390686,non_thinking,10,0.7782359421253204,higher,0.7782359421253204,-0.3384894132614136
Qwen3-8B,native_thinking,35,2,10,mean_bhattacharyya,1.744864089621438,higher,1.744864089621438,non_thinking,10,2.6078691946135626,higher,2.6078691946135626,-0.8630051049921246
Qwen3-8B,native_thinking,35,2,10,nc2_class_cosine_deviation,0.29926706156061017,lower,-0.29926706156061017,non_thinking,10,0.36128985182738593,lower,-0.36128985182738593,0.06202279026677576
Qwen3-8B,native_thinking,35,3,9,logistic_precision,0.7,higher,0.7,non_thinking,10,0.25,higher,0.25,0.44999999999999996
Qwen3-8B,native_thinking,35,3,9,logistic_recall,0.7777777777777778,higher,0.7777777777777778,non_thinking,10,0.2,higher,0.2,0.5777777777777777
Qwen3-8B,native_thinking,35,3,9,logistic_f1,0.7368421052631579,higher,0.7368421052631579,non_thinking,10,0.2222222222222222,higher,0.2222222222222222,0.5146198830409356
Qwen3-8B,native_thinking,35,3,9,ncc_recall,0.1111111111111111,higher,0.1111111111111111,non_thinking,10,0.2,higher,0.2,-0.0888888888888889
Qwen3-8B,native_thinking,35,3,9,silhouette_cosine,-0.12239716947078705,higher,-0.12239716947078705,non_thinking,10,-0.155012845993042,higher,-0.155012845993042,0.032615676522254944
Qwen3-8B,native_thinking,35,3,9,within_trace,1863.59033203125,lower,-1863.59033203125,non_thinking,10,554.2559814453125,lower,-554.2559814453125,-1309.3343505859375
Qwen3-8B,native_thinking,35,3,9,class_nc1_ratio,20.499374236514836,lower,-20.499374236514836,non_thinking,10,9.728601360656354,lower,-9.728601360656354,-10.770772875858482
Qwen3-8B,native_thinking,35,3,9,centroid_nearest_squared,33.61858367919922,higher,33.61858367919922,non_thinking,10,63.174129486083984,higher,63.174129486083984,-29.555545806884766
Qwen3-8B,native_thinking,35,3,9,fisher_nearest,0.018039685601156832,higher,0.018039685601156832,non_thinking,10,0.1139800590358036,higher,0.1139800590358036,-0.09594037343464677
Qwen3-8B,native_thinking,35,3,9,min_bhattacharyya,0.14450475573539734,higher,0.14450475573539734,non_thinking,10,0.5256116092205048,higher,0.5256116092205048,-0.3811068534851074
Qwen3-8B,native_thinking,35,3,9,mean_bhattacharyya,1.4593546274635527,higher,1.4593546274635527,non_thinking,10,3.765174153778288,higher,3.765174153778288,-2.3058195263147354
Qwen3-8B,native_thinking,35,3,9,nc2_class_cosine_deviation,0.5238150247821102,lower,-0.5238150247821102,non_thinking,10,0.44585099338013445,lower,-0.44585099338013445,-0.07796403140197572
Qwen3-8B,native_thinking,35,4,9,logistic_precision,0.8333333333333334,higher,0.8333333333333334,non_thinking,10,0.14285714285714285,higher,0.14285714285714285,0.6904761904761905
Qwen3-8B,native_thinking,35,4,9,logistic_recall,0.5555555555555556,higher,0.5555555555555556,non_thinking,10,0.1,higher,0.1,0.4555555555555556
Qwen3-8B,native_thinking,35,4,9,logistic_f1,0.6666666666666666,higher,0.6666666666666666,non_thinking,10,0.11764705882352941,higher,0.11764705882352941,0.5490196078431372
Qwen3-8B,native_thinking,35,4,9,ncc_recall,0.5555555555555556,higher,0.5555555555555556,non_thinking,10,0.1,higher,0.1,0.4555555555555556
Qwen3-8B,native_thinking,35,4,9,silhouette_cosine,-0.13302984833717346,higher,-0.13302984833717346,non_thinking,10,-0.1127963662147522,higher,-0.1127963662147522,-0.020233482122421265
Qwen3-8B,native_thinking,35,4,9,within_trace,1865.797119140625,lower,-1865.797119140625,non_thinking,10,523.86865234375,lower,-523.86865234375,-1341.928466796875
Qwen3-8B,native_thinking,35,4,9,class_nc1_ratio,18.835408645679493,lower,-18.835408645679493,non_thinking,10,6.194443816826852,lower,-6.194443816826852,-12.640964828852642
Qwen3-8B,native_thinking,35,4,9,centroid_nearest_squared,19.18487548828125,higher,19.18487548828125,non_thinking,10,34.822052001953125,higher,34.822052001953125,-15.637176513671875
Qwen3-8B,native_thinking,35,4,9,fisher_nearest,0.010282401709955308,higher,0.010282401709955308,non_thinking,10,0.06647095955476971,higher,0.06647095955476971,-0.056188557844814406
Qwen3-8B,native_thinking,35,4,9,min_bhattacharyya,0.0883999690413475,higher,0.0883999690413475,non_thinking,10,0.5192776918411255,higher,0.5192776918411255,-0.430877722799778
Qwen3-8B,native_thinking,35,4,9,mean_bhattacharyya,1.3892655678921275,higher,1.3892655678921275,non_thinking,10,4.696531222926246,higher,4.696531222926246,-3.307265655034118
Qwen3-8B,native_thinking,35,4,9,nc2_class_cosine_deviation,0.6739106662111518,lower,-0.6739106662111518,non_thinking,10,0.520057244801227,lower,-0.520057244801227,-0.15385342140992486
Qwen3-8B,native_thinking,35,5,9,logistic_precision,0.4444444444444444,higher,0.4444444444444444,non_thinking,10,0.16666666666666666,higher,0.16666666666666666,0.2777777777777778
Qwen3-8B,native_thinking,35,5,9,logistic_recall,0.4444444444444444,higher,0.4444444444444444,non_thinking,10,0.3,higher,0.3,0.14444444444444443
Qwen3-8B,native_thinking,35,5,9,logistic_f1,0.4444444444444444,higher,0.4444444444444444,non_thinking,10,0.21428571428571427,higher,0.21428571428571427,0.23015873015873015
Qwen3-8B,native_thinking,35,5,9,ncc_recall,0.2222222222222222,higher,0.2222222222222222,non_thinking,10,0.1,higher,0.1,0.1222222222222222
Qwen3-8B,native_thinking,35,5,9,silhouette_cosine,-0.12959891557693481,higher,-0.12959891557693481,non_thinking,10,-0.16176603734493256,higher,-0.16176603734493256,0.03216712176799774
Qwen3-8B,native_thinking,35,5,9,within_trace,1765.9229736328125,lower,-1765.9229736328125,non_thinking,10,588.49462890625,lower,-588.49462890625,-1177.4283447265625
Qwen3-8B,native_thinking,35,5,9,class_nc1_ratio,15.27013799293514,lower,-15.27013799293514,non_thinking,10,9.82831863539675,lower,-9.82831863539675,-5.441819357538391
Qwen3-8B,native_thinking,35,5,9,centroid_nearest_squared,8.202186584472656,higher,8.202186584472656,non_thinking,10,52.23200988769531,higher,52.23200988769531,-44.029823303222656
Qwen3-8B,native_thinking,35,5,9,fisher_nearest,0.004644702349389183,higher,0.004644702349389183,non_thinking,10,0.08875528734182571,higher,0.08875528734182571,-0.08411058499243652
Qwen3-8B,native_thinking,35,5,9,min_bhattacharyya,0.051565464586019516,higher,0.051565464586019516,non_thinking,10,0.5833161771297455,higher,0.5833161771297455,-0.531750712543726
Qwen3-8B,native_thinking,35,5,9,mean_bhattacharyya,1.4073557468752067,higher,1.4073557468752067,non_thinking,10,3.6182476381460824,higher,3.6182476381460824,-2.210891891270876
Qwen3-8B,native_thinking,35,5,9,nc2_class_cosine_deviation,0.6983853122794333,lower,-0.6983853122794333,non_thinking,10,0.5290175183319751,lower,-0.5290175183319751,-0.16936779394745827
Qwen3-8B,native_thinking,35,6,9,logistic_precision,0.2222222222222222,higher,0.2222222222222222,non_thinking,10,0.25,higher,0.25,-0.02777777777777779
Qwen3-8B,native_thinking,35,6,9,logistic_recall,0.2222222222222222,higher,0.2222222222222222,non_thinking,10,0.2,higher,0.2,0.0222222222222222
Qwen3-8B,native_thinking,35,6,9,logistic_f1,0.2222222222222222,higher,0.2222222222222222,non_thinking,10,0.2222222222222222,higher,0.2222222222222222,0.0
Qwen3-8B,native_thinking,35,6,9,ncc_recall,0.1111111111111111,higher,0.1111111111111111,non_thinking,10,0.0,higher,0.0,0.1111111111111111
Qwen3-8B,native_thinking,35,6,9,silhouette_cosine,-0.12752282619476318,higher,-0.12752282619476318,non_thinking,10,-0.13290438055992126,higher,-0.13290438055992126,0.005381554365158081
Qwen3-8B,native_thinking,35,6,9,within_trace,1736.2293701171875,lower,-1736.2293701171875,non_thinking,10,365.33148193359375,lower,-365.33148193359375,-1370.8978881835938
Qwen3-8B,native_thinking,35,6,9,class_nc1_ratio,13.381015773256387,lower,-13.381015773256387,non_thinking,10,4.875329542268996,lower,-4.875329542268996,-8.50568623098739
Qwen3-8B,native_thinking,35,6,9,centroid_nearest_squared,7.305558681488037,higher,7.305558681488037,non_thinking,10,33.41274642944336,higher,33.41274642944336,-26.107187747955322
Qwen3-8B,native_thinking,35,6,9,fisher_nearest,0.004207715182813055,higher,0.004207715182813055,non_thinking,10,0.09145871101115997,higher,0.09145871101115997,-0.08725099582834692
Qwen3-8B,native_thinking,35,6,9,min_bhattacharyya,0.05069657787680626,higher,0.05069657787680626,non_thinking,10,0.37835797667503357,higher,0.37835797667503357,-0.3276613987982273
Qwen3-8B,native_thinking,35,6,9,mean_bhattacharyya,1.4906875764330227,higher,1.4906875764330227,non_thinking,10,4.80564797255728,higher,4.80564797255728,-3.314960396124257
Qwen3-8B,native_thinking,35,6,9,nc2_class_cosine_deviation,0.68179859607308,lower,-0.68179859607308,non_thinking,10,0.6862288352883892,lower,-0.6862288352883892,0.004430239215309162
Qwen3-8B,native_thinking,35,7,9,logistic_precision,0.38461538461538464,higher,0.38461538461538464,non_thinking,10,0.125,higher,0.125,0.25961538461538464
Qwen3-8B,native_thinking,35,7,9,logistic_recall,0.5555555555555556,higher,0.5555555555555556,non_thinking,10,0.1,higher,0.1,0.4555555555555556
Qwen3-8B,native_thinking,35,7,9,logistic_f1,0.45454545454545453,higher,0.45454545454545453,non_thinking,10,0.1111111111111111,higher,0.1111111111111111,0.3434343434343434
Qwen3-8B,native_thinking,35,7,9,ncc_recall,0.2222222222222222,higher,0.2222222222222222,non_thinking,10,0.2,higher,0.2,0.0222222222222222
Qwen3-8B,native_thinking,35,7,9,silhouette_cosine,-0.12787587940692902,higher,-0.12787587940692902,non_thinking,10,-0.20449833571910858,higher,-0.20449833571910858,0.07662245631217957
Qwen3-8B,native_thinking,35,7,9,within_trace,1795.2420654296875,lower,-1795.2420654296875,non_thinking,10,466.3902282714844,lower,-466.3902282714844,-1328.8518371582031
Qwen3-8B,native_thinking,35,7,9,class_nc1_ratio,11.464397591993423,lower,-11.464397591993423,non_thinking,10,9.446364769900843,lower,-9.446364769900843,-2.0180328220925805
Qwen3-8B,native_thinking,35,7,9,centroid_nearest_squared,7.305558681488037,higher,7.305558681488037,non_thinking,10,37.58717346191406,higher,37.58717346191406,-30.281614780426025
Qwen3-8B,native_thinking,35,7,9,fisher_nearest,0.0040694003455959945,higher,0.0040694003455959945,non_thinking,10,0.0805916830659554,higher,0.0805916830659554,-0.07652228272035941
Qwen3-8B,native_thinking,35,7,9,min_bhattacharyya,0.05069657787680626,higher,0.05069657787680626,non_thinking,10,0.41877736151218414,higher,0.41877736151218414,-0.3680807836353779
Qwen3-8B,native_thinking,35,7,9,mean_bhattacharyya,1.5340357087552547,higher,1.5340357087552547,non_thinking,10,3.6139957010746,higher,3.6139957010746,-2.0799599923193455
Qwen3-8B,native_thinking,35,7,9,nc2_class_cosine_deviation,0.6959545899320533,lower,-0.6959545899320533,non_thinking,10,0.6566737297876382,lower,-0.6566737297876382,-0.03928086014441512
Qwen3-8B,native_thinking,35,8,9,logistic_precision,0.6666666666666666,higher,0.6666666666666666,non_thinking,10,0.0,higher,0.0,0.6666666666666666
Qwen3-8B,native_thinking,35,8,9,logistic_recall,0.6666666666666666,higher,0.6666666666666666,non_thinking,10,0.0,higher,0.0,0.6666666666666666
Qwen3-8B,native_thinking,35,8,9,logistic_f1,0.6666666666666666,higher,0.6666666666666666,non_thinking,10,0.0,higher,0.0,0.6666666666666666
Qwen3-8B,native_thinking,35,8,9,ncc_recall,0.3333333333333333,higher,0.3333333333333333,non_thinking,10,0.0,higher,0.0,0.3333333333333333
Qwen3-8B,native_thinking,35,8,9,silhouette_cosine,-0.11975063383579254,higher,-0.11975063383579254,non_thinking,10,-0.15402235090732574,higher,-0.15402235090732574,0.0342717170715332
Qwen3-8B,native_thinking,35,8,9,within_trace,1814.62646484375,lower,-1814.62646484375,non_thinking,10,435.3358459472656,lower,-435.3358459472656,-1379.2906188964844
Qwen3-8B,native_thinking,35,8,9,class_nc1_ratio,11.212734671790809,lower,-11.212734671790809,non_thinking,10,4.066870739377143,lower,-4.066870739377143,-7.145863932413666
Qwen3-8B,native_thinking,35,8,9,centroid_nearest_squared,15.801946640014648,higher,15.801946640014648,non_thinking,10,32.069915771484375,higher,32.069915771484375,-16.267969131469727
Qwen3-8B,native_thinking,35,8,9,fisher_nearest,0.008708098854590049,higher,0.008708098854590049,non_thinking,10,0.07366706893088965,higher,0.07366706893088965,-0.0649589700762996
Qwen3-8B,native_thinking,35,8,9,min_bhattacharyya,0.09213881939649582,higher,0.09213881939649582,non_thinking,10,0.39436013996601105,higher,0.39436013996601105,-0.30222132056951523
Qwen3-8B,native_thinking,35,8,9,mean_bhattacharyya,1.6049173234237566,higher,1.6049173234237566,non_thinking,10,4.981753240029017,higher,4.981753240029017,-3.376835916605261
Qwen3-8B,native_thinking,35,8,9,nc2_class_cosine_deviation,0.6790188374342743,lower,-0.6790188374342743,non_thinking,10,0.7043496473335925,lower,-0.7043496473335925,0.02533080989931824
Qwen3-8B,native_thinking,35,9,9,logistic_precision,0.875,higher,0.875,non_thinking,10,0.2727272727272727,higher,0.2727272727272727,0.6022727272727273
Qwen3-8B,native_thinking,35,9,9,logistic_recall,0.7777777777777778,higher,0.7777777777777778,non_thinking,10,0.3,higher,0.3,0.4777777777777778
Qwen3-8B,native_thinking,35,9,9,logistic_f1,0.8235294117647058,higher,0.8235294117647058,non_thinking,10,0.2857142857142857,higher,0.2857142857142857,0.5378151260504201
Qwen3-8B,native_thinking,35,9,9,ncc_recall,0.4444444444444444,higher,0.4444444444444444,non_thinking,10,0.2,higher,0.2,0.2444444444444444
Qwen3-8B,native_thinking,35,9,9,silhouette_cosine,-0.07000783085823059,higher,-0.07000783085823059,non_thinking,10,-0.05356905609369278,higher,-0.05356905609369278,-0.01643877476453781
Qwen3-8B,native_thinking,35,9,9,within_trace,1903.61181640625,lower,-1903.61181640625,non_thinking,10,430.2271728515625,lower,-430.2271728515625,-1473.3846435546875
Qwen3-8B,native_thinking,35,9,9,class_nc1_ratio,7.0599694730878255,lower,-7.0599694730878255,non_thinking,10,3.2548093230883373,lower,-3.2548093230883373,-3.8051601499994883
Qwen3-8B,native_thinking,35,9,9,centroid_nearest_squared,183.22735595703125,higher,183.22735595703125,non_thinking,10,37.00929641723633,higher,37.00929641723633,146.21805953979492
Qwen3-8B,native_thinking,35,9,9,fisher_nearest,0.09625247877633929,higher,0.09625247877633929,non_thinking,10,0.08602268464805993,higher,0.08602268464805993,0.01022979412827936
Qwen3-8B,native_thinking,35,9,9,min_bhattacharyya,0.6911417841911316,higher,0.6911417841911316,non_thinking,10,0.5984376966953278,higher,0.5984376966953278,0.09270408749580383
Qwen3-8B,native_thinking,35,9,9,mean_bhattacharyya,2.2177685830328198,higher,2.2177685830328198,non_thinking,10,5.419233467843798,higher,5.419233467843798,-3.201464884810978
Qwen3-8B,native_thinking,35,9,9,nc2_class_cosine_deviation,0.28420847065654803,lower,-0.28420847065654803,non_thinking,10,0.6885611286133896,lower,-0.6885611286133896,0.40435265795684155
Qwen3-8B,native_thinking,35,10,9,logistic_precision,0.9,higher,0.9,non_thinking,10,0.125,higher,0.125,0.775
Qwen3-8B,native_thinking,35,10,9,logistic_recall,1.0,higher,1.0,non_thinking,10,0.2,higher,0.2,0.8
Qwen3-8B,native_thinking,35,10,9,logistic_f1,0.9473684210526315,higher,0.9473684210526315,non_thinking,10,0.15384615384615385,higher,0.15384615384615385,0.7935222672064777
Qwen3-8B,native_thinking,35,10,9,ncc_recall,0.8888888888888888,higher,0.8888888888888888,non_thinking,10,0.2,higher,0.2,0.6888888888888889
Qwen3-8B,native_thinking,35,10,9,silhouette_cosine,0.415022075176239,higher,0.415022075176239,non_thinking,10,-0.18107612431049347,higher,-0.18107612431049347,0.5960981994867325
Qwen3-8B,native_thinking,35,10,9,within_trace,2377.87548828125,lower,-2377.87548828125,non_thinking,10,463.1672058105469,lower,-463.1672058105469,-1914.7082824707031
Qwen3-8B,native_thinking,35,10,9,class_nc1_ratio,0.9504160973347789,lower,-0.9504160973347789,non_thinking,10,4.680472896059786,lower,-4.680472896059786,3.7300567987250073
Qwen3-8B,native_thinking,35,10,9,centroid_nearest_squared,2982.808837890625,higher,2982.808837890625,non_thinking,10,32.069915771484375,higher,32.069915771484375,2950.7389221191406
Qwen3-8B,native_thinking,35,10,9,fisher_nearest,1.2544007676561006,higher,1.2544007676561006,non_thinking,10,0.06924047162484599,higher,0.06924047162484599,1.1851602960312546
Qwen3-8B,native_thinking,35,10,9,min_bhattacharyya,4.702948570251465,higher,4.702948570251465,non_thinking,10,0.37835797667503357,higher,0.37835797667503357,4.324590593576431
Qwen3-8B,native_thinking,35,10,9,mean_bhattacharyya,5.15031894048055,higher,5.15031894048055,non_thinking,10,4.828749219576518,higher,4.828749219576518,0.3215697209040318
Qwen3-8B,native_thinking,35,10,9,nc2_class_cosine_deviation,0.4311772268495442,lower,-0.4311772268495442,non_thinking,10,0.7645671470665637,lower,-0.7645671470665637,0.3333899202170195
