model_label,role,source_layer,target_layer,normalized_depth,rank,discovery_rows,discovery_seeds,confirmation_rows,source_centroid_capture,target_centroid_capture,map_training_r2,map_training_normalized_rmse,map_ridge,map_singular_1,map_singular_last,map_condition_number,orthogonal_factor_determinant,subspace_principal_angle_mean_degrees,subspace_principal_angle_max_degrees,cv_sample_r2,cv_sample_normalized_rmse,cv_direct_identity_r2,cv_centroid_r2,cv_centroid_normalized_rmse,cv_fold_r2_min,cv_fold_r2_max,cv_folds,confirmation_sample_r2,confirmation_sample_normalized_rmse,confirmation_centroid_r2,confirmation_centroid_normalized_rmse,proper_rotation_angle_pca_gauge_degrees,centroid_rdm_spearman,permutation_repeats,permutation_r2_mean,permutation_r2_ci95_low,permutation_r2_ci95_high,permutation_p_ge_observed,bootstrap_repeats,bootstrap_map_relative_frobenius_median,bootstrap_map_relative_frobenius_ci95_low,bootstrap_map_relative_frobenius_ci95_high,bootstrap_rotation_geodesic_degrees_median,bootstrap_rotation_geodesic_degrees_ci95_low,bootstrap_rotation_geodesic_degrees_ci95_high,bootstrap_source_basis_max_angle_degrees_median,bootstrap_source_basis_max_angle_degrees_ci95_low,bootstrap_source_basis_max_angle_degrees_ci95_high,bootstrap_target_basis_max_angle_degrees_median,bootstrap_target_basis_max_angle_degrees_ci95_low,bootstrap_target_basis_max_angle_degrees_ci95_high,bootstrap_stretch_singular_1_mean,bootstrap_stretch_singular_1_sd,bootstrap_stretch_singular_2_mean,bootstrap_stretch_singular_2_sd,bootstrap_stretch_singular_3_mean,bootstrap_stretch_singular_3_sd,full_operator_inner_product_to_next,full_operator_cosine_to_next,full_operator_relative_drift_to_next
Qwen3-8B,prompt_running,0,1,0.02857142857142857,1,200,20,100,0.8240412638443891,0.9442250671353525,0.737482643985958,0.512364475753386,0.00016949358983503848,4.6465603284768555,4.6465603284768555,1.0,1.0,80.29291335861923,80.29291335861923,0.27801806490243974,0.8496952012913573,0.1892621723083645,0.6414967775130009,0.598751386208833,0.2072695301895181,0.33449164083151195,5,0.39609194596478436,0.7771152128450554,0.7293954333652779,0.5201966614990162,,,,,,,,,,,,,,,,,,,,,,,,,,,,,
Qwen3-8B,prompt_running,0,1,0.02857142857142857,2,200,20,100,0.8649935171633192,0.9833189779158937,0.7286002323090033,0.5209604281430564,8.895844349108515e-05,5.133994296170279,1.3143031636258287,3.9062481459809413,1.0000000000000009,73.59321101130058,87.69216964492745,0.23520016034469016,0.8745283526880703,0.17037743009009865,0.6069907592533192,0.6269044909287864,0.05980359830430537,0.32449659744345394,5,0.3917139900710572,0.7799269260186769,0.7416224551818716,0.508308513422831,,,,,,,,,,,,,,,,,,,,,,,,,,,,,
Qwen3-8B,prompt_running,0,1,0.02857142857142857,3,200,20,100,0.8936782668937726,0.9885438365228257,0.8833409304119183,0.34155390436661937,6.127231093044919e-05,12.561772579824733,1.4875383076816258,8.444671653130495,0.9999999999999987,69.36345021674792,85.79501792461863,-0.4312611726378648,1.1963532808655915,0.16071940320139966,0.5024377384977519,0.7053809336112283,-1.2302802777652895,-0.06684360106308751,5,-0.7082222074204076,1.3069897503119172,0.6156135752519878,0.6199890521194807,88.28710386912587,0.9213438735177865,500.0,-0.33630354331833207,-1.0804652045461,0.8099653673874703,0.001996007984031936,500.0,0.5797044513260408,0.1793740989726047,1.146949344549769,27.69856989719488,7.659213725154748,113.4565592425109,60.97353990312432,42.26032597594675,87.17557814308097,52.67973304419907,24.964962831221943,87.83211119565709,7.809227517894977,1.9235410563919453,1.872702329033749,0.198108753802139,1.0264239824710781,0.5074600291323208,2.4484980485862504,0.06283653508866932,1.637701760271788
Qwen3-8B,prompt_running,1,2,0.05714285714285714,1,200,20,100,0.9442250671353525,0.925893656981441,0.9945131252417629,0.07407344165243748,0.004972014149425798,1.7401866262074848,1.7401866262074848,1.0,1.0,53.01468058603272,53.01468058603272,0.8985206116622043,0.3185582966080081,0.7761016192737991,0.9780121943848438,0.14828285678107297,0.8732845926727555,0.9238470173779613,5,0.854782878857306,0.3810736426764439,0.9782950145123572,0.14732611950242497,,,,,,,,,,,,,,,,,,,,,,,,,,,,,
Qwen3-8B,prompt_running,1,2,0.05714285714285714,2,200,20,100,0.9833189779158937,0.9795319702323718,0.9951304352708162,0.06978226658101476,0.0025889356477420745,2.151856941273699,1.6055615766336198,1.3402518922914788,0.9999999999999998,54.956985168819145,57.063566381980586,0.8757628093820058,0.3524729643788218,0.7583090314882395,0.9683105935515428,0.17801518600517552,0.8361491918780578,0.9221470834189436,5,0.8337708516803206,0.40771208998468433,0.9777902764180277,0.14902927088989,,,,,,,,,,,,,,,,,,,,,,,,,,,,,
Qwen3-8B,prompt_running,1,2,0.05714285714285714,3,200,20,100,0.9885438365228257,0.9877070856271841,0.9911047778576052,0.09431448532645896,0.0017351279596331626,2.164616537923972,1.0999973830440515,1.9678378978809679,0.9999999999999996,57.04265473630658,74.60821142075773,0.837186529015724,0.4035015129888313,0.7308978296854416,0.9581588587901292,0.20455107237526482,0.7385379301912426,0.9282035762104759,5,0.7929301293584541,0.4550493057258146,0.96698885058423,0.1816897064111504,18.064817848740795,0.9823451910408432,500.0,-0.36940570720110144,-1.011168025831749,0.9122457836747098,0.001996007984031936,500.0,0.39452330390200896,0.11644120768749391,1.1714752838329743,12.230263720605162,3.128497289394142,119.90535348609215,48.639839338558204,23.816374728884362,86.11273187543934,36.429396282966536,23.720128869345135,74.87688612852016,2.420476213331223,0.2630194542021541,1.83860804634776,0.21581828278301954,1.0445680098078525,0.3720523106720142,2.8672024355696637,0.2974772495287925,1.1858179336495218
Qwen3-8B,prompt_running,2,3,0.08571428571428572,1,200,20,100,0.925893656981441,0.945603608036263,0.9859447094248879,0.11855501075497465,0.015169847383676003,1.9763474146213398,1.9763474146213398,1.0,1.0,55.20857487342471,55.20857487342471,0.966702963596208,0.18247475552468076,0.7330038046321175,0.9810032832232018,0.13782857750407979,0.958624077531916,0.9739369027263172,5,0.9702682269219883,0.17242903780399552,0.9864839723937477,0.1162584517626665,,,,,,,,,,,,,,,,,,,,,,,,,,,,,
Qwen3-8B,prompt_running,2,3,0.08571428571428572,2,200,20,100,0.9795319702323718,0.9858937425438256,0.9995206613315982,0.02189380433825455,0.008024328919316917,2.376944512311055,1.4147320639951688,1.6801375842140889,1.0000000000000002,52.22080807240471,59.23294038455363,0.9582809460033163,0.20425242715004321,0.7323626943562269,0.9889026865037867,0.1053437871742482,0.9278949880089797,0.9690822677604279,5,0.9687771951909419,0.1766997589388795,0.9946261107533297,0.07330681582683986,,,,,,,,,,,,,,,,,,,,,,,,,,,,,
Qwen3-8B,prompt_running,2,3,0.08571428571428572,3,200,20,100,0.9877070856271841,0.9914259676326033,0.9993908180033204,0.024681612521867798,0.0053941996598860405,2.38346095666534,1.4029674571585868,1.6988711637635097,1.0000000000000007,52.506848488171926,59.2284922032007,0.9485657714409472,0.22679115626287724,0.7274202867144022,0.9860941478495027,0.1179230772601247,0.9081556625602838,0.9648855085821485,5,0.9618727272547338,0.19526206171518873,0.994234352740649,0.07593185931709417,15.777663929838374,0.9974967061923582,500.0,-0.34021405600195365,-0.9973881390591849,0.856950190261065,0.001996007984031936,500.0,0.08726855364639796,0.03550016294366128,0.5218024174398637,3.4108972119496443,1.0683768479909017,11.206254891177284,37.04236459363089,23.470544713497702,74.64231449077742,36.07939511608087,23.72640677987711,80.33500002197378,2.3548208079841526,0.0777748718925753,1.5333160997047395,0.11296382828348421,1.2954574085418085,0.21940535241049852,2.8871757201602923,0.31148116536604264,1.175283800988876
Qwen3-8B,prompt_running,3,4,0.11428571428571428,1,200,20,100,0.945603608036263,0.9423339468675981,0.9932493929648738,0.08216207784085151,0.060217531998698795,1.7006760757569503,1.7006760757569503,1.0,1.0,47.40668095348119,47.40668095348119,0.9671166678699866,0.18133761918039346,0.8037452386405678,0.9885448208860015,0.10702887046960059,0.9596066313322453,0.9807235855765375,5,0.9644032622362043,0.1886709775344254,0.9926786460337482,0.08556491083529358,,,,,,,,,,,,,,,,,,,,,,,,,,,,,
Qwen3-8B,prompt_running,3,4,0.11428571428571428,2,200,20,100,0.9858937425438256,0.985989744413414,0.9971610528744984,0.05328177104321465,0.031391635715222986,1.999888089265732,1.4937658835395355,1.3388229784221075,0.9999999999999999,51.409924568691395,58.1231381628672,0.9605744553500012,0.19855866803038044,0.7960943299988004,0.9886258696272242,0.10664956808527562,0.9508627336770693,0.9742956447809159,5,0.9589667379212835,0.20256668551051651,0.9948202455335198,0.07197051108947464,,,,,,,,,,,,,,,,,,,,,,,,,,,,,
Qwen3-8B,prompt_running,3,4,0.11428571428571428,3,200,20,100,0.9914259676326033,0.9921218556653332,0.9959310089391749,0.06378864366660514,0.021045190755366257,2.1839357401012967,1.2155202076665537,1.7967087065494534,-0.9999999999999989,55.06391001941492,70.04081033803195,0.9265613210380714,0.2709957176080991,0.7465726633815595,0.9801245458869294,0.14098033236260496,0.8997292041888729,0.9489851098231363,5,0.928086866140416,0.26816624295310537,0.9933969790208771,0.08125897476047146,53.45190737471219,0.9965744400527008,500.0,-0.3372742373899331,-1.0898808126713841,0.7715412157424617,0.001996007984031936,500.0,0.1368919258063971,0.050264210576163114,0.9467873882445771,42.30234789634751,6.698066895608362,104.20206447521956,35.79787126871669,23.74055485806955,80.69258762776583,36.06200783358574,22.91943251559471,75.1259291207812,2.1302629279569287,0.14194699859087795,1.5615570492058064,0.07786735722410454,1.1431603472424212,0.3043671373354649,2.326073695701882,0.3734033870559953,1.1493418786736633
Qwen3-8B,prompt_running,4,5,0.14285714285714285,1,200,20,100,0.9423339468675981,0.9352128903361618,0.999750899389889,0.01578292146945555,0.17570154077256325,1.2268141581394723,1.2268141581394723,1.0,1.0,40.943760037469985,40.943760037469985,0.9968571865832755,0.05606080107102046,0.9634574461088489,0.9990469144167773,0.030872084206005245,0.9957354058029041,0.9974336270438817,5,0.9972378169902911,0.05255647447944852,0.9997948813351565,0.014321964419853289,,,,,,,,,,,,,,,,,,,,,,,,,,,,,
Qwen3-8B,prompt_running,4,5,0.14285714285714285,2,200,20,100,0.985989744413414,0.986288749067365,0.9997984382624124,0.014197244013806645,0.09192066032177218,1.3297569603665569,1.2157812099133336,1.093746925453263,1.0,44.85475633296787,49.36774795273863,0.9923873645916402,0.08725041781194945,0.9594532031746039,0.9975933989701097,0.04905712007334242,0.9881358596798159,0.9955067005801698,5,0.9937157736444688,0.07927311243751674,0.9993451015501074,0.025590983761720625,,,,,,,,,,,,,,,,,,,,,,,,,,,,,
Qwen3-8B,prompt_running,4,5,0.14285714285714285,3,200,20,100,0.9921218556653332,0.992057050863263,0.9997556217360413,0.01563260259709501,0.06166155825259899,1.3498493507665963,1.0970092567584364,1.2304812766624045,0.9999999999999999,44.869771700083184,52.233459152346875,0.9879118716083173,0.10994602490168863,0.955525560498114,0.9970988913014939,0.05386194109485978,0.9849729336989248,0.9904487716899216,5,0.9908418262859795,0.09569834749890117,0.998868614498822,0.033636074402016436,4.404215424109701,0.9988142292490118,500.0,-0.3108826167376885,-0.9884184965056443,0.7929089568481423,0.001996007984031936,500.0,0.04351027577400149,0.01787970052001117,0.3627692278822337,1.8281924552124322,0.41092321426751544,6.692002859296433,35.674881609095394,22.668061281992447,79.27730751151489,34.14933897638706,23.053607066780746,72.77003614493579,1.3368425192210511,0.016543129458724437,1.2253533533050214,0.012966948040606635,1.070905562079364,0.11784302788040553,2.5360986139126114,0.5652274912885643,0.932547530130535
Qwen3-8B,prompt_running,5,6,0.17142857142857143,1,200,20,100,0.9352128903361618,0.9344330057151119,0.9997152073775764,0.016875799904703944,0.2650385498642933,1.2199437974766214,1.2199437974766214,1.0,1.0,30.505450755883178,30.505450755883178,0.9968986161323898,0.05569006973967811,0.9656529763926031,0.9992032404660564,0.028226929233334138,0.9957778267135571,0.9986115381504336,5,0.9971087079994987,0.05377073553989529,0.9995556603478378,0.021079365554072315,,,,,,,,,,,,,,,,,,,,,,,,,,,,,
Qwen3-8B,prompt_running,5,6,0.17142857142857143,2,200,20,100,0.986288749067365,0.9860653709194311,0.9996898486238743,0.017611115130100278,0.13975670272590057,1.2418443377549149,1.1944763867178172,1.039655828749579,1.0000000000000002,34.56706008116461,40.21252348192167,0.9953675154674784,0.06806235767677805,0.9641703751728676,0.998735089153189,0.03556558514647317,0.9936631591297606,0.9969671114493259,5,0.9957161903596825,0.06545081848470233,0.9994460535920127,0.023536066111126634,,,,,,,,,,,,,,,,,,,,,,,,,,,,,
Qwen3-8B,prompt_running,5,6,0.17142857142857143,3,200,20,100,0.992057050863263,0.9922241158337939,0.9998262714903576,0.013180611125527384,0.09371604578323536,1.3275891845948902,1.1143489454452102,1.1913585865731537,1.0000000000000004,35.23104995584239,42.11410117523982,0.9934121197069951,0.08116575813115359,0.9626851062872829,0.9983398845600558,0.04074451423129385,0.9917721235289153,0.9958379770621089,5,0.9936321106042839,0.0797990563585569,0.9993888851701248,0.024720736839244587,5.646663672325252,0.9988142292490118,500.0,-0.2806617968100392,-1.0256070426809265,0.8551756152344132,0.001996007984031936,500.0,0.038232286594278075,0.015569541477300145,0.17303629504747808,1.5998398442928559,0.43137070690123736,5.260371495053889,33.6042392166531,22.382289908402786,70.88733976670999,31.427570988575784,21.096244216753416,59.22299076566901,1.3033524999164912,0.03693022092565256,1.1977502270475016,0.01377877936319764,1.1007167331552805,0.09832170499222312,2.849045841077866,0.6148415809171194,0.8785473580084391
Qwen3-8B,prompt_running,6,7,0.2,1,200,20,100,0.9344330057151119,0.9198218635148746,0.9998547999568012,0.012049898057612224,0.39534851902381607,1.1838553373322527,1.1838553373322527,1.0,1.0,30.564837416155598,30.564837416155598,0.9961228299745959,0.06226692561387674,0.9756171542431692,0.9988841418121155,0.03340446359222882,0.994978601482937,0.9971847795828793,5,0.9956543182661746,0.06592178497147506,0.9994368475581639,0.023730833146691367,,,,,,,,,,,,,,,,,,,,,,,,,,,,,
Qwen3-8B,prompt_running,6,7,0.2,2,200,20,100,0.9860653709194311,0.9779456762693036,0.999726305287674,0.01654372123574321,0.20859680772690958,1.2556825510106202,1.1825911120426318,1.061806179856824,1.0,35.67615848973145,40.9269144693961,0.9943754844121688,0.07499677051601043,0.9729618704152599,0.9983715001844963,0.040354675262028496,0.9919826500488729,0.9962589155705449,5,0.9942569126712905,0.0757831599282426,0.9992548174566935,0.027298031857744466,,,,,,,,,,,,,,,,,,,,,,,,,,,,,
Qwen3-8B,prompt_running,6,7,0.2,3,200,20,100,0.9922241158337939,0.9867758249337889,0.9997759582303466,0.014968024908230782,0.13993310465112907,1.3957727201161205,1.168160135917623,1.1948470737872778,1.0000000000000013,39.363339587578395,47.08886084605111,0.9915706527458719,0.0918114767015985,0.9702895580979699,0.9978634760617564,0.04622254794192489,0.987601851686675,0.9945347744816316,5,0.992179650301109,0.08843274110243925,0.999135175818901,0.029407893176815126,4.18252257806515,0.9986824769433464,500.0,-0.33092369359262325,-1.0267502758980924,0.7938368112765168,0.001996007984031936,500.0,0.04270015680796002,0.016605831228883833,0.18286952128797876,1.5564780278150083,0.44686215980187105,4.4002496654706675,32.2182037048478,21.427764235240677,60.41560340188152,30.63944921543558,21.524707253995075,53.59844203952347,1.368731931354469,0.04941837934154909,1.2232578261141844,0.020680600711288404,1.141415602108375,0.10106071064038075,2.740813071882006,0.5929598990352724,0.9031974670186832
Qwen3-8B,prompt_running,7,8,0.22857142857142856,1,200,20,100,0.9198218635148746,0.9152999023602675,0.9999363425820248,0.007978559893565447,0.5552750692016521,1.216466245023647,1.216466245023647,1.0,1.0,34.76017889702764,34.76017889702764,0.9983335271720709,0.04082245494735829,0.9677828701677006,0.9993873686345981,0.024751391181141707,0.9978076485328343,0.9986912428562753,5,0.9980227398224569,0.04446639379962243,0.9995324664265237,0.021622524678591194,,,,,,,,,,,,,,,,,,,,,,,,,,,,,
Qwen3-8B,prompt_running,7,8,0.22857142857142856,2,200,20,100,0.9779456762693036,0.9798144905988477,0.9998579465213351,0.01191861899151688,0.29518153166681765,1.274936335104633,1.2166740220762136,1.047886543125986,1.0000000000000002,38.59125239534207,42.475271606862904,0.9968332139720743,0.056274203929737844,0.965433550448944,0.9989793397098035,0.031947774416954025,0.9964625362314744,0.9974492208466585,5,0.9969308125212879,0.055400248002261517,0.999247098312834,0.027439054050130442,,,,,,,,,,,,,,,,,,,,,,,,,,,,,
Qwen3-8B,prompt_running,7,8,0.22857142857142856,3,200,20,100,0.9867758249337889,0.9880728096252429,0.9998828944644188,0.010821531110760792,0.1985645395811891,1.2920478633760255,1.1223985651005124,1.1511488909114214,1.0000000000000004,38.55685696043209,43.161319503913326,0.995694419897612,0.06561691933021564,0.964982672999497,0.9986810119816546,0.03631787463970606,0.9945086070664277,0.9962379914870595,5,0.9959797930914072,0.06340510159752816,0.9992432584544994,0.02750893573915022,2.8248500847305107,0.9996047430830038,500.0,-0.33880411336946314,-1.0564901577605537,0.7629194358540168,0.001996007984031936,500.0,0.023005724676574153,0.009824628248553973,0.08652573439522167,0.9616069081854264,0.28442870495245726,2.6919074092689477,31.68790094138854,21.523232373717843,59.82920538004164,30.78030287385124,21.548162004473237,60.962733434515556,1.2869606153014634,0.013054723319641292,1.2189470734770307,0.0045788963581464195,1.106094908576597,0.06998739623468618,2.3783354981600393,0.4670196334961956,1.0396590008595312
Qwen3-8B,prompt_running,8,9,0.2571428571428571,1,200,20,100,0.9152999023602675,0.8660123264767574,0.9939487628986957,0.0777896979124121,0.8233863599979597,1.192170208553269,1.192170208553269,1.0,1.0,43.20098044261591,43.20098044261591,0.9842162550504331,0.1256333751419856,0.9560648396934531,0.9913727376750215,0.09288305725469213,0.979746451434859,0.9881537013155178,5,0.9881232888286109,0.10898032469849389,0.9966300875103602,0.058050947362121935,,,,,,,,,,,,,,,,,,,,,,,,,,,,,
Qwen3-8B,prompt_running,8,9,0.2571428571428571,2,200,20,100,0.9798144905988477,0.97571520753732,0.9984694808236286,0.03912185036998339,0.44071122743870467,1.6452960690556335,1.1510357006218874,1.4294048987070553,0.9999999999999998,49.81130489310519,58.13685532684623,0.9736930138879246,0.1621942850783448,0.9298805702442445,0.992068592376101,0.08905845060351668,0.9596672616219488,0.9813161054911571,5,0.9755308950082183,0.15642603680903544,0.9988013425678586,0.03462163243033779,,,,,,,,,,,,,,,,,,,,,,,,,,,,,
Qwen3-8B,prompt_running,8,9,0.2571428571428571,3,200,20,100,0.9880728096252429,0.9859772611621083,0.9990937094052823,0.030104660680992074,0.29628382713045137,1.7310088148018414,1.1337256955128303,1.5268321267243006,1.0000000000000009,50.895071953651346,58.603952232133814,0.9659953796344872,0.18440341744531943,0.9267543118195155,0.9909582954058715,0.09508787827125184,0.9410119642287446,0.9796341510934207,5,0.9628943481499379,0.19262827375559927,0.9950661171824926,0.07024160318150041,11.641774182133782,0.995520421607378,500.0,-0.36762011261468436,-1.1639581993069439,0.6584981289182894,0.001996007984031936,500.0,0.05900210407772875,0.02348566242013776,0.12779987115384042,2.358822667357531,0.5668956894732607,5.376208223300002,29.825567639195917,20.21091770091039,59.53265482276455,29.5330666400357,20.63371438641839,47.593537100670616,1.6950754234832024,0.06110740081489735,1.2535401087927278,0.05745354946067708,1.129075145453304,0.052291675569953316,1.7709229567156355,0.4391627334856643,1.1050865736790214
Qwen3-8B,prompt_running,9,10,0.2857142857142857,1,200,20,100,0.8660123264767574,0.8720378822591084,0.9999322618635568,0.008230318125277117,1.1797335279089665,0.9526937810017443,0.9526937810017443,1.0,1.0,35.44431728909525,35.44431728909525,0.9982269263377523,0.042107881236743534,0.9951746168655851,0.9995759308362226,0.020592939658468156,0.9968583417254292,0.9989432356416308,5,0.9980918319152654,0.04368258331113891,0.9999298593205213,0.008375003252464219,,,,,,,,,,,,,,,,,,,,,,,,,,,,,
Qwen3-8B,prompt_running,9,10,0.2857142857142857,2,200,20,100,0.97571520753732,0.975307826660479,0.9999632925944361,0.00605866367807163,0.6645886604786827,0.954697272756795,0.9164515863792315,1.0417323587475762,1.0,39.69461193942751,44.32799044475863,0.9973587076070922,0.05139350535727062,0.9932782154702735,0.9993902907183635,0.024692291947822832,0.9964940505290711,0.9982682821211564,5,0.9970496782378275,0.05431686443612575,0.9998293272733756,0.013064177227226957,,,,,,,,,,,,,,,,,,,,,,,,,,,,,
Qwen3-8B,prompt_running,9,10,0.2857142857142857,3,200,20,100,0.9859772611621083,0.9876661664199596,0.999861288964696,0.011777564914024399,0.4477189670348234,1.0082877115056859,0.9177071996972255,1.098703063284613,0.999999999999999,42.56194850183337,48.55094477582607,0.9941813865806147,0.07627983625693821,0.9900845864880096,0.9987797916458407,0.0349314808469271,0.9899860598357101,0.9955541972529492,5,0.9951151585293606,0.0698916409210672,0.9996364122859815,0.019067976138501933,0.8194238230018314,0.9990777338603425,500.0,-0.3131473823026533,-1.1598797219968038,0.8032496014884447,0.001996007984031936,500.0,0.029773307014823253,0.012500577229198256,0.076061011037504,0.9958570635551773,0.28353413170582925,2.382910533958497,29.51135848000385,20.600394529443133,44.28834478047956,25.380732240996647,17.735753675782817,36.73977450726493,0.9932520893507643,0.027497431895560198,0.9465297653076573,0.0121672252470828,0.9123159062443106,0.01904075190028774,1.711168637993401,0.5502399020428957,0.9539480235064168
Qwen3-8B,prompt_running,10,11,0.3142857142857143,1,200,20,100,0.8720378822591084,0.8640720023930003,0.999959427008349,0.006369693214824324,1.0729703561130557,1.0410923259957943,1.0410923259957943,1.0,1.0,32.81370865396063,32.81370865396063,0.998604974071938,0.03735004589102926,0.9976368107012117,0.9996533174895881,0.018619412192976168,0.9976109064244786,0.9990576935577585,5,0.9981979119932413,0.042451007134798845,0.9998860910325245,0.010672814412120863,,,,,,,,,,,,,,,,,,,,,,,,,,,,,
Qwen3-8B,prompt_running,10,11,0.3142857142857143,2,200,20,100,0.975307826660479,0.971555263859545,0.999912416548191,0.009358603090688493,0.6000177328195505,1.0644656587476402,1.0398705874170855,1.0236520501956363,1.0000000000000004,36.765394879779066,40.778721126886026,0.9974444605040621,0.05055234411912009,0.9958772466485589,0.9994355504135453,0.02375814779091122,0.9970131083141878,0.9981280440000081,5,0.9973165701408335,0.05180183258502002,0.9996531163369458,0.018624813101189804,,,,,,,,,,,,,,,,,,,,,,,,,,,,,
Qwen3-8B,prompt_running,10,11,0.3142857142857143,3,200,20,100,0.9876661664199596,0.986812801405648,0.9998151720892293,0.013595142911006516,0.4050804595625589,1.1406119516996722,1.0398683909279829,1.0968810684607746,0.9999999999999996,40.76371646196677,49.10487419082645,0.9943590397645637,0.07510632620116825,0.9929793515765247,0.9987729663301413,0.03502904037878681,0.9936128074922782,0.996078961042634,5,0.995030410443195,0.0704953158500977,0.9994412916757136,0.023637011746123513,2.13590726359724,0.9997364953886693,500.0,-0.3362449764965105,-1.0817472387537093,0.7665698796813918,0.001996007984031936,500.0,0.021772143369967488,0.009218792361061592,0.04513457689966726,0.666104442574831,0.17951974664037162,1.5318110341851805,26.07024291246362,17.937009315860198,37.83778601922125,24.134135496308204,16.383013534772843,34.82412759227545,1.1286324032402995,0.029970779651933115,1.0540927195939607,0.008403513537245756,1.0367048949206636,0.006176883136585996,1.9356046384824526,0.5816110524295217,0.9157800765744668
Qwen3-8B,prompt_running,11,12,0.34285714285714286,1,200,20,100,0.8640720023930003,0.8629964326986539,0.9999445013063941,0.007449744532929776,1.165337055817321,1.0263269537561097,1.0263269537561097,1.0,1.0,32.90299194924536,32.90299194924536,0.9984943849231829,0.03880225607895888,0.9981857417334377,0.9995340972015103,0.021584781641000212,0.997401061362519,0.9989519751066125,5,0.9983152080177308,0.04104621763657618,0.9998848018917056,0.01073303816700586,,,,,,,,,,,,,,,,,,,,,,,,,,,,,
Qwen3-8B,prompt_running,11,12,0.34285714285714286,2,200,20,100,0.971555263859545,0.9703557101193323,0.9999660934539646,0.005822932769263264,0.6551475731272197,1.032803208735556,1.0167819023492939,1.0157568760313738,0.9999999999999994,36.80087960414172,41.03153081235175,0.9974258206710508,0.05073637086892586,0.9971254122762077,0.9992190611048419,0.027945283952003443,0.9969241968929019,0.9985368138956019,5,0.9973586349914643,0.051394211819384424,0.999767160644141,0.01525907454136961,,,,,,,,,,,,,,,,,,,,,,,,,,,,,
Qwen3-8B,prompt_running,11,12,0.34285714285714286,3,200,20,100,0.986812801405648,0.986420031737738,0.999955729361853,0.006653618425119445,0.4436241121295921,1.0391087380104314,1.0113544998054758,1.027442640745944,0.9999999999999999,39.02646009521818,44.860766167613704,0.997012772585364,0.05465553416293681,0.9966071962796069,0.9990577553887445,0.030696003180471193,0.996348386222024,0.9979789470909523,5,0.9966937065264168,0.057500378029915714,0.9997659957814059,0.015297196429216842,1.0027766023431164,0.9998682476943345,500.0,-0.32099937890841934,-1.0939943812506487,0.7611489325296936,0.001996007984031936,500.0,0.015106681763087375,0.006102203228280564,0.03272265780930865,0.5694204460507293,0.15034074750378262,1.5442437838002436,24.163377534166436,16.929008740715805,36.00712956460403,23.503877448781285,16.402243182465003,35.23815395322239,1.0450560254419679,0.00927662666863871,1.0305039391008863,0.005104131223199336,1.0070384691465415,0.011322156752533492,2.052006736776699,0.5691070234765773,0.9352929680621077
Qwen3-8B,prompt_running,12,13,0.37142857142857144,1,200,20,100,0.8629964326986539,0.8503376050188991,0.9994687490751678,0.023048881205649897,1.2300275839315185,1.130889982422278,1.130889982422278,1.0,1.0,35.35788134103549,35.35788134103549,0.9954411681115077,0.06751912239130638,0.9823566286228732,0.9989959008660997,0.031687523315972084,0.9929200081558559,0.9969610160553872,5,0.9948154349931622,0.07200392355169151,0.999100583287619,0.02999027696405996,,,,,,,,,,,,,,,,,,,,,,,,,,,,,
Qwen3-8B,prompt_running,12,13,0.37142857142857144,2,200,20,100,0.9703557101193323,0.9696632909955446,0.9998772835518498,0.011077745625810168,0.6915233044126681,1.2090340830057342,1.1202643407961053,1.0792399962910053,0.9999999999999999,39.821057760505084,44.294429006930756,0.9944458606585249,0.07452609839160439,0.9793621389000313,0.9986997430036711,0.03605907647637135,0.9917109958211101,0.9961198589158641,5,0.9938140220386256,0.07865098830513476,0.9995006599168382,0.02234591871375496,,,,,,,,,,,,,,,,,,,,,,,,,,,,,
Qwen3-8B,prompt_running,12,13,0.37142857142857144,3,200,20,100,0.986420031737738,0.9873783888937595,0.9999076769110705,0.009608490460495632,0.4686476878341464,1.2208115387135812,1.1122808701191023,1.0975748765533093,1.0,42.46471253973542,48.03653438782444,0.9929212395857706,0.08413536957920469,0.9781302124906227,0.9980882263275391,0.04372383414638826,0.9903607879201412,0.9948574252720968,5,0.9927859379772602,0.08493563458725516,0.9992358521781309,0.027643223796602303,2.7180609418971966,0.9989459815546771,500.0,-0.3408774440234047,-1.0481006700614468,0.6675482513190725,0.001996007984031936,500.0,0.024104481490323758,0.009369774644175755,0.04347040918163086,0.9426279546983657,0.23118210067301917,2.0105354404794817,22.981924850937208,15.863667531271176,35.8609859714517,22.251812693115088,15.016801524679927,33.219312455887206,1.2205590803554465,0.015669528646141077,1.1695103980281303,0.01791664370545486,1.1118941824781692,0.014223137573298477,2.104056800322275,0.5481997400515131,0.9523690815264623
Qwen3-8B,prompt_running,13,14,0.4,1,200,20,100,0.8503376050188991,0.839396790384116,0.9998780934714313,0.011041128953538181,1.5770812451268161,1.052832457346113,1.052832457346113,1.0,1.0,32.804203228935336,32.804203228935336,0.998404340887027,0.039945702058831946,0.9958821673709077,0.9995724935538202,0.020676229012559617,0.997828875574473,0.998875820841956,5,0.9986249786425372,0.0370812804183302,0.9998733652341806,0.011253211355850055,,,,,,,,,,,,,,,,,,,,,,,,,,,,,
Qwen3-8B,prompt_running,13,14,0.4,2,200,20,100,0.9696632909955446,0.9639896681909296,0.9996693546912385,0.018183654989069674,0.8991944971568269,1.0806124376754453,1.0512381203793089,1.027942591432603,0.9999999999999996,37.88664360896664,43.25543056638949,0.9968310023939705,0.05629385051699286,0.9941961702749202,0.9989568064988156,0.032298506175742286,0.9959112082071343,0.9974505154244393,5,0.997066421149563,0.05416252256345746,0.9995748581363005,0.020618968541113208,,,,,,,,,,,,,,,,,,,,,,,,,,,,,
Qwen3-8B,prompt_running,13,14,0.4,3,200,20,100,0.9873783888937595,0.9852806547864541,0.9999031722711024,0.00984010817509991,0.6104147849736576,1.173615069213847,1.0508182094298082,1.1168583287595202,0.9999999999999992,41.162312401284396,48.09990588165481,0.995570102788066,0.06655747299840911,0.9918319436452756,0.9987756998545353,0.03499000064968212,0.9944959854867563,0.996520756122969,5,0.9960842041539625,0.06257632017015279,0.9995622268247187,0.02092302978254483,3.7536988779484632,0.9984189723320157,500.0,-0.3002325837337583,-1.060175598712319,0.8349617110978284,0.001996007984031936,500.0,0.019412751881780467,0.007435623709040094,0.03721172804388919,0.674850577569996,0.16829880975753658,1.4666660994298564,22.53341598256903,15.857810697240179,33.92097022931958,21.559453168893455,15.263064063297797,34.96129606593947,1.1667469291746666,0.02059781955642477,1.0610019741334744,0.008010161007377638,1.0431919218530783,0.008121062583582828,2.0926114371728666,0.5971802886369543,0.8978449538094244
Qwen3-8B,prompt_running,14,15,0.42857142857142855,1,200,20,100,0.839396790384116,0.8303422022875464,0.9995686255522226,0.020769555791529348,1.7518352687064542,1.0479326168680374,1.0479326168680374,1.0,1.0,29.46245545108101,29.46245545108101,0.9983673687505549,0.04040583187418836,0.9963962004966658,0.9993612590582611,0.02527332470687027,0.9979189262552728,0.9987735201678227,5,0.9976617513356126,0.048355440897455644,0.9992911435364359,0.026624358462958724,,,,,,,,,,,,,,,,,,,,,,,,,,,,,
Qwen3-8B,prompt_running,14,15,0.42857142857142855,2,200,20,100,0.9639896681909296,0.9609446574266418,0.9998197685524682,0.01342503063429687,1.0059313537717451,1.0884293030121976,1.0359707756763072,1.0506370725580017,0.9999999999999999,34.251991550919726,39.063813902066705,0.997812019864906,0.04677584991311225,0.9951020954477231,0.999481073549961,0.02277995720011415,0.9969488218184651,0.9980874401906756,5,0.9968303776643589,0.05629939906998258,0.9996755687320324,0.01801197568196147,,,,,,,,,,,,,,,,,,,,,,,,,,,,,
Qwen3-8B,prompt_running,14,15,0.42857142857142855,3,200,20,100,0.9852806547864541,0.9836862521907537,0.9999334243480352,0.008159390416249232,0.6854324519711521,1.1105984553598003,1.0236126081579051,1.0849792651132297,0.9999999999999998,36.53000755173206,41.57843235956568,0.9971956101977026,0.05295648970898027,0.9941857621349756,0.9994216875545819,0.02404812769048986,0.9965641059132331,0.9975966967052663,5,0.9958881549134532,0.06412367025168454,0.9995144526049959,0.022035140004184564,3.026886237060436,0.9996047430830038,500.0,-0.3387600205170999,-1.0021582627270913,0.6928755727156235,0.001996007984031936,500.0,0.015027952451947272,0.006644643584884708,0.027344865193155484,0.5316812796544079,0.14053212287852707,1.1562770612957374,21.555474142875177,14.895617883772335,32.31957580212012,21.16382657274695,14.685180333735282,32.259672252565984,1.1098215554266855,0.009659347296263832,1.065129882370801,0.011613129713679794,1.0228756281853362,0.009980839790087442,2.2232592283061416,0.6100795280144903,0.8849419656752743
Qwen3-8B,prompt_running,15,16,0.45714285714285713,1,200,20,100,0.8303422022875464,0.8221083652174455,0.9992221699813374,0.02788960413241051,1.928479767818921,1.1253772492405394,1.1253772492405394,1.0,1.0,30.997569719166815,30.997569719166815,0.9958058601604847,0.06476217908251175,0.9824727829140868,0.9983582420849436,0.04051861195865885,0.9939733032270865,0.9979938498507269,5,0.9957695348239719,0.06504202622941635,0.9986688321603162,0.03648517287452293,,,,,,,,,,,,,,,,,,,,,,,,,,,,,
Qwen3-8B,prompt_running,15,16,0.45714285714285713,2,200,20,100,0.9609446574266418,0.9613467374573966,0.9993384189818474,0.025721217275871323,1.115902771613682,1.1819178402442396,1.107861188387082,1.066846508058447,1.0000000000000007,37.2204895802218,43.47429482140088,0.99347237794857,0.08079370056774203,0.9790232436381558,0.9981453391355983,0.043065773700256,0.9917141992452995,0.9963209534797314,5,0.9909846687198886,0.094949098363868,0.9982824368825887,0.04144349306479038,,,,,,,,,,,,,,,,,,,,,,,,,,,,,
Qwen3-8B,prompt_running,15,16,0.45714285714285713,3,200,20,100,0.9836862521907537,0.9837586894982998,0.9999527765433571,0.006871932526071379,0.7615410570105146,1.223865689291235,1.048818708684591,1.1668991782442406,1.0000000000000004,39.52983478863907,48.47470265784637,0.9917325803551134,0.09092535204708682,0.9771198160475083,0.9981755199871508,0.042713932303748384,0.987581764254431,0.9952900571266123,5,0.9900817707118258,0.09959030719991878,0.9990530017701569,0.03077333634565998,5.806401513322804,0.9994729907773384,500.0,-0.3043076019355307,-0.9197626565285258,0.7540009960000749,0.001996007984031936,500.0,0.02250979842675223,0.009575967631681313,0.04285471464382284,0.8694167273227029,0.2627999651395115,1.8321868569395858,21.07262276109683,14.92212668547593,32.44373662420823,21.773784939777073,15.629190430268615,32.02528283028836,1.224243918893728,0.02306665849772207,1.1339821975587392,0.011833063903570688,1.0575333076673283,0.014532018765779477,2.330025431593347,0.5986866317965178,0.8958959727281718
Qwen3-8B,prompt_running,16,17,0.4857142857142857,1,200,20,100,0.8221083652174455,0.8127756384061559,0.9993552570683941,0.0253917886649583,2.4491591633466294,1.1159656388361194,1.1159656388361194,1.0,1.0,32.82666097275535,32.82666097275535,0.9947170156366375,0.07268414107191852,0.9824770799619723,0.9977276361816824,0.047669317367859156,0.9923321349657227,0.9964232742442343,5,0.994841083131326,0.07182560037113478,0.9989097212762297,0.033019368918414706,,,,,,,,,,,,,,,,,,,,,,,,,,,,,
Qwen3-8B,prompt_running,16,17,0.4857142857142857,2,200,20,100,0.9613467374573966,0.9557759563632884,0.9999274006567819,0.008520524820578938,1.431983465205596,1.1546510461499522,1.097681882593189,1.0518995206718524,1.0000000000000004,35.964921742198655,39.43002120945725,0.993888952474239,0.07817318930273298,0.9806786831343618,0.9977707995283771,0.04721440957613368,0.991897739192302,0.9966098701318231,5,0.9946326380301919,0.07326228204068025,0.9994576950945168,0.023287440938911323,,,,,,,,,,,,,,,,,,,,,,,,,,,,,
Qwen3-8B,prompt_running,16,17,0.4857142857142857,3,200,20,100,0.9837586894982998,0.9806513303130996,0.9998543491088994,0.01206859109841064,0.9769116055113404,1.1695249812112694,1.0980594461670354,1.0650834845906536,0.999999999999999,38.000531104522906,42.34678909590369,0.9914912973876763,0.0922426290406107,0.9782156393214286,0.9969247080340187,0.05545531503815749,0.9897159989702337,0.9942046848016529,5,0.9925157036191105,0.08651182798259158,0.9992915316248594,0.026617069244012782,2.0344115325887033,0.9992094861660078,500.0,-0.30510585134550217,-1.0132499632386929,0.792131338779627,0.001996007984031936,500.0,0.01953285645528033,0.00879626951667238,0.03667505538762958,0.8016538051467663,0.20321573097130455,1.5799865910257662,21.993104953801065,15.597525578505932,33.84437399398344,22.2145253535043,15.824201449012154,32.849598832716794,1.1778424230550628,0.01870808186689004,1.1487605721518321,0.012102948942673929,1.0961186079498952,0.0068952126717897666,2.407891501182844,0.6663182275626,0.8198641657267649
Qwen3-8B,prompt_running,17,18,0.5142857142857142,1,200,20,100,0.8127756384061559,0.8104522378631617,0.9993841697502285,0.02481592734055074,3.058204161535425,1.06278619369273,1.06278619369273,1.0,1.0,27.401782738977012,27.401782738977012,0.9983581697885523,0.040519504086891985,0.9946407142620508,0.9990720609135204,0.030462092614914515,0.9979399939556052,0.9988265846873521,5,0.9983202997165819,0.04098414673282986,0.9994903603123713,0.02257520072178276,,,,,,,,,,,,,,,,,,,,,,,,,,,,,
Qwen3-8B,prompt_running,17,18,0.5142857142857142,2,200,20,100,0.9557759563632884,0.9539122593955242,0.9999790064470255,0.0045818722127998245,1.7981333772365515,1.0896186067151308,1.0383598326854824,1.0493651356843023,0.9999999999999998,30.035718421612557,32.992043381426214,0.9981282332005031,0.04326392029736652,0.9936640328733064,0.9994069266313839,0.02435309772115448,0.9974858826990659,0.9987073736597435,5,0.9980410650416848,0.044259857188148274,0.9996612591022545,0.018404915043150484,,,,,,,,,,,,,,,,,,,,,,,,,,,,,
Qwen3-8B,prompt_running,17,18,0.5142857142857142,3,200,20,100,0.9806513303130996,0.9782509252802742,0.9999362930786887,0.007981661563317357,1.2299548352851069,1.0904874754197063,1.0378222294224746,1.0507459220897,0.9999999999999999,31.847771581355186,35.56372992975734,0.9972580349389095,0.05236377623023842,0.9929499001837292,0.9991277023373257,0.029534685755468547,0.9967105508446469,0.9978648612179732,5,0.9974525984890632,0.050471789258324934,0.9996088561726822,0.019777356428950586,1.9837883983474025,0.9989459815546771,500.0,-0.310988264220303,-0.9526719048639343,0.7516796706395916,0.001996007984031936,500.0,0.0127776578211287,0.0057166800511945365,0.02440519939270759,0.47398579337995883,0.14331327175887967,1.0545587462055017,21.880171344839997,15.983032844356968,31.977158626945887,22.456694027016926,16.780833053558506,32.57548230085908,1.0909649054041575,0.0052342879876569265,1.0514670747542163,0.009829635474965603,1.03453429060963,0.007681261900313299,2.576691954532664,0.6658603115021473,0.8280147384652331
Qwen3-8B,prompt_running,18,19,0.5428571428571428,1,200,20,100,0.8104522378631617,0.7776537055990724,0.9981731230410067,0.04274198122447463,3.463327318124604,1.1571912893405047,1.1571912893405047,1.0,1.0,31.44123139072199,31.44123139072199,0.993475178818998,0.08077636523762377,0.9783153925184819,0.9962798779135639,0.06099280356268344,0.9921220463839947,0.9944401748347899,5,0.9961397376557172,0.06213100952248238,0.9984025886417361,0.03996762887968032,,,,,,,,,,,,,,,,,,,,,,,,,,,,,
Qwen3-8B,prompt_running,18,19,0.5428571428571428,2,200,20,100,0.9539122593955242,0.9452994879158738,0.9995351415482252,0.021560576332157917,2.038189440854063,1.2908694394767293,1.1434053505249244,1.1289692136599727,0.9999999999999996,35.80825703301492,40.86616597895081,0.9942269407952066,0.07598065019985994,0.9698836808837312,0.9979821554435564,0.04492042471352637,0.9919309820866155,0.9960360630664019,5,0.9941371867126556,0.07656900996711663,0.9992342122752532,0.027672869832143832,,,,,,,,,,,,,,,,,,,,,,,,,,,,,
Qwen3-8B,prompt_running,18,19,0.5428571428571428,3,200,20,100,0.9782509252802742,0.9717208968385526,0.9998253250733716,0.013216464225667475,1.3934619854698467,1.3168930437479645,1.1229449581919737,1.1727137952231086,1.0000000000000009,37.60864127089848,42.24567237769288,0.9915345012099558,0.09200814523749655,0.9668061007131982,0.9976442434318304,0.04853613672481087,0.9900185561483689,0.9942597850397226,5,0.9909223128678117,0.09527689715869343,0.9992006377349418,0.02827299533226346,5.060451429681852,0.9994729907773384,500.0,-0.3501072034340747,-0.929082537872123,0.717844819090045,0.001996007984031936,500.0,0.018133415209886684,0.00814612032421511,0.03398217138146734,0.5792578127267062,0.18231627070909778,1.2579383454195692,22.40384359426208,15.919915467972798,32.43716837852551,23.665688579828874,16.57458733904074,34.114978675207766,1.311916103317727,0.019977859257972512,1.2197112672826664,0.018389612876769944,1.1274189103400223,0.008806451638633746,2.7347876784508243,0.6185807959527024,0.8734652646900656
Qwen3-8B,prompt_running,19,20,0.5714285714285714,1,200,20,100,0.7776537055990724,0.7747811562693795,0.9981809659314833,0.042650135621315956,4.655493236172573,1.2251244823602447,1.2251244823602447,1.0,1.0,34.795924521206956,34.795924521206956,0.9713662372972071,0.16921513733349314,0.9409937292058644,0.989892728646532,0.10053492603800925,0.95927880109623,0.9806645793294784,5,0.9768195124513541,0.15225139588406367,0.9981865379302625,0.04258476335190205,,,,,,,,,,,,,,,,,,,,,,,,,,,,,
Qwen3-8B,prompt_running,19,20,0.5714285714285714,2,200,20,100,0.9452994879158738,0.9407959665129243,0.9995803040882957,0.020486481193810583,2.829559828792641,1.2654839139869862,1.1819640213458702,1.0706619585137747,0.9999999999999997,37.4260434579401,40.62613612192432,0.9764367017149927,0.153503414571166,0.9441493652464766,0.992318651248711,0.08764330408701484,0.9662002840451738,0.9834666212328972,5,0.9785283442845738,0.14653209790153898,0.9976371334354401,0.04860932590110532,,,,,,,,,,,,,,,,,,,,,,,,,,,,,
Qwen3-8B,prompt_running,19,20,0.5714285714285714,3,200,20,100,0.9717208968385526,0.9652556626695622,0.9996791924052636,0.017911102555019466,1.9390979258539631,1.2744088823652315,1.1339345866566974,1.1238821862932233,1.0000000000000009,37.714831521742774,41.1265307874789,0.9733641833275567,0.16320483042006836,0.9426328580470775,0.9913926417278405,0.09277584961701767,0.9618325678294748,0.9804620474996409,5,0.9770146603721201,0.15160916736094762,0.9977862631338109,0.0470503652078185,4.249128473249471,0.9973649538866929,500.0,-0.34891533945262465,-0.8830253165886975,0.6870365315032498,0.001996007984031936,500.0,0.03951552212225276,0.016479525415458916,0.09703703789269912,1.5923406959038742,0.5077208188977784,4.216240644347208,23.820019822730117,17.019028201043074,34.083681569387814,29.062334654469378,20.343282681450408,44.53907323587416,1.2930787994652169,0.023750133022622986,1.216962146579573,0.03085569206934446,1.1519041296125447,0.021719609973522395,2.6215167699292783,0.6652189374104072,0.8237108161744646
Qwen3-8B,prompt_running,20,21,0.6,1,200,20,100,0.7747811562693795,0.7726210718890041,0.9985250218641826,0.038405444090876116,7.014303846863339,1.0961872991882633,1.0961872991882633,1.0,1.0,28.79903913058467,28.79903913058467,0.9955102023717415,0.0670059521852983,0.9878439577361733,0.9976640548198652,0.048331616775510636,0.9944786440325214,0.9969200528075793,5,0.996641810116201,0.05794989114570415,0.9989957719264208,0.031689557800311484,,,,,,,,,,,,,,,,,,,,,,,,,,,,,
Qwen3-8B,prompt_running,20,21,0.6,2,200,20,100,0.9407959665129243,0.9405039939828699,0.9998583299772515,0.011902521697039866,4.2586404648764695,1.1353131475897793,1.0655803244752171,1.0654411699548831,1.0000000000000004,31.61371497290869,34.523846994666954,0.9953807050008797,0.06796539560041014,0.9863789251017347,0.9984984601306977,0.03874970798989724,0.9944060627285543,0.9960201096575151,5,0.9963735809039054,0.0602197566924234,0.9996917672975791,0.017556557248530197,,,,,,,,,,,,,,,,,,,,,,,,,,,,,
Qwen3-8B,prompt_running,20,21,0.6,3,200,20,100,0.9652556626695622,0.963913090784341,0.9998238271398165,0.013273012475826032,2.9129070633186207,1.1384088778227426,1.0520962073328022,1.0820387621287544,1.0000000000000002,32.307324931866795,35.31825428979236,0.994642259070526,0.07319659096893806,0.9858296349416357,0.9982804901187582,0.04146697337932682,0.9934643282721263,0.9954933533520148,5,0.9957163166053825,0.06544985404580754,0.9995789825581153,0.020518709557005993,3.040075431318832,0.9988142292490118,500.0,-0.35338239667752325,-0.8212378195905964,0.6843170301264137,0.001996007984031936,500.0,0.018547273711609982,0.007068251589942781,0.03796145026732062,0.8351556463987881,0.24083134674304596,1.7258381466925439,28.653714502206018,20.061231228672483,44.74863948841327,29.96125054752509,20.72494630978963,46.392529634309355,1.1403576844263725,0.008731081336624258,1.0789392387695922,0.009086535992292564,1.0546537110527687,0.009927078588541017,2.520227352831276,0.6652145347443166,0.8203725470579557
Qwen3-8B,prompt_running,21,22,0.6285714285714286,1,200,20,100,0.7726210718890041,0.7596205781437084,0.9925234416543541,0.08646709400486355,8.457906422253838,1.1617066497122708,1.1617066497122708,1.0,1.0,30.755774877252936,30.755774877252936,0.9870461850252717,0.11381482756973386,0.9667775881896707,0.9915563786155994,0.09188917990928273,0.9846941221732588,0.9884354395437485,5,0.9867297472507615,0.11519658306233958,0.9921208288115654,0.0887646956195683,,,,,,,,,,,,,,,,,,,,,,,,,,,,,
Qwen3-8B,prompt_running,21,22,0.6285714285714286,2,200,20,100,0.9405039939828699,0.9132295234830314,0.9997807193461198,0.014808127966767854,5.147862943612467,1.234840407624203,1.0603615217622382,1.1645466025323086,1.0,34.56061415858726,39.766906013088004,0.9907577818070316,0.09613645610780752,0.9660494845619545,0.9973594324261427,0.05138645321344309,0.987264670465673,0.9950706018423765,5,0.9909960217885381,0.09488929450397425,0.9991261271523465,0.029561340423828998,,,,,,,,,,,,,,,,,,,,,,,,,,,,,
Qwen3-8B,prompt_running,21,22,0.6285714285714286,3,200,20,100,0.963913090784341,0.9374929133981432,0.9996153279004405,0.01961305941355237,3.5173286611277965,1.2489135017151245,1.0607536157702533,1.1773832142992424,1.0000000000000013,37.33010833544636,43.61528604084653,0.9810028464997571,0.13783016179430002,0.9569692092775905,0.992937910225061,0.08403624084250261,0.9784445158871299,0.9862555074463387,5,0.9838731958050043,0.1269913548041585,0.9975244278203764,0.049755122144594856,6.742765827148783,0.9915678524374176,500.0,-0.33604541438095875,-0.7591350480501787,0.8196318209076423,0.001996007984031936,500.0,0.04952287537277443,0.017474725971220482,0.40706343295697894,1.1584207713546868,0.3777764645896084,3.5442551550561716,30.536612512904796,21.13265605324175,47.53196589829075,45.704908917883756,27.952421241488135,82.2594788227094,1.2728036538812655,0.039935348861732486,1.159804443871198,0.05801711222050801,1.0005551193709425,0.18044597584464173,2.733324093718915,0.6738110700948658,0.8077075195086578
Qwen3-8B,prompt_running,22,23,0.6571428571428571,1,200,20,100,0.7596205781437084,0.7510362238954316,0.9976734380977962,0.04823444725716016,11.523456723095991,1.1868287046685715,1.1868287046685715,1.0,1.0,25.240824802182374,25.240824802182374,0.9947703717401682,0.07231616873031785,0.9715945316405251,0.9966966534481575,0.05747474707941329,0.9912688365242833,0.9962215371606065,5,0.9931057920826064,0.08303136706928047,0.9967969178925448,0.05659577817695625,,,,,,,,,,,,,,,,,,,,,,,,,,,,,
Qwen3-8B,prompt_running,22,23,0.6571428571428571,2,200,20,100,0.9132295234830314,0.8813407157156162,0.9996982722158413,0.017370313300533433,6.9268534811331754,1.2111334358787822,1.0775474562104435,1.1239722472531637,0.9999999999999999,26.750783619350173,28.760239006809748,0.9926771153600491,0.08557385488541999,0.9704219262835606,0.9970262140028064,0.05453243069214468,0.9917853738809232,0.9936117679336078,5,0.9923379462845647,0.08753315780568705,0.9986324957268867,0.03697978195059173,,,,,,,,,,,,,,,,,,,,,,,,,,,,,
Qwen3-8B,prompt_running,22,23,0.6571428571428571,3,200,20,100,0.9374929133981432,0.9077396680478609,0.9982613462409274,0.04169716727875622,4.740594329409582,1.2254406792317551,1.0784079000383449,1.1363424537117934,0.9999999999999991,30.716658542388938,38.70464824661904,0.9836660284677529,0.12780442688830132,0.9616341444305343,0.9928960899419693,0.08428469646401242,0.9813823053947006,0.9859654418252879,5,0.9880646575445611,0.1092489929264288,0.997709964836661,0.047854311857334415,3.7404060480975385,0.9956521739130433,500.0,-0.31048903002290895,-0.768501416162396,0.7910855246760322,0.001996007984031936,500.0,0.051938712622956455,0.01960078733968234,1.197175147281451,1.4256627262991688,0.3361510711595205,155.1863361554498,45.549061304205,29.138300306967963,83.87115812918813,54.787362527058406,35.42977899122721,87.94501313911769,1.2657414674349374,0.04017590006768688,1.1914045930169939,0.03737196260793373,1.064323471552941,0.12814551193099047,2.9484469555475847,0.7562870951632144,0.699360602079113
Qwen3-8B,prompt_running,23,24,0.6857142857142857,1,200,20,100,0.7510362238954316,0.753555388009305,0.9993893385925845,0.02471156424460922,16.301897950995077,1.148197855601666,1.148197855601666,1.0,1.0,24.402458971168986,24.402458971168986,0.9976900143856904,0.048062309706355374,0.9817210695658217,0.9989908426851092,0.031767236500690375,0.9971788266324353,0.9983440012379304,5,0.9976414030954057,0.04856538792797062,0.9995379458515817,0.021495444829505134,,,,,,,,,,,,,,,,,,,,,,,,,,,,,
Qwen3-8B,prompt_running,23,24,0.6857142857142857,2,200,20,100,0.8813407157156162,0.8627046974265409,0.9997234399174267,0.01663009568743722,9.565135442557137,1.1536682109220886,1.0423383571121296,1.106807787557973,0.9999999999999992,23.642113944301116,25.883115718426232,0.9957180587087102,0.06543654400478172,0.9814746744561417,0.998319655538837,0.040992004844396544,0.9933316452946069,0.9967579242304442,5,0.996388764966831,0.06009355234273409,0.9996481683314294,0.018757176455175592,,,,,,,,,,,,,,,,,,,,,,,,,,,,,
Qwen3-8B,prompt_running,23,24,0.6857142857142857,3,200,20,100,0.9077396680478609,0.8906450362511755,0.9985540167569845,0.03802608634891939,6.567761076304942,1.1931778939484927,1.0433585460409782,1.1435933490706562,1.0000000000000002,27.08997044806375,34.130614071053515,0.991690288810399,0.09115761728786599,0.9773465108852228,0.9967652708636745,0.05687467921953923,0.9884185038942498,0.9945701400670449,5,0.9936070131718273,0.07995615566154177,0.9986927798180378,0.03615550002367849,2.8757870761757753,0.9918313570487481,500.0,-0.35114958221594,-0.7396046979912828,0.8089571910198512,0.001996007984031936,500.0,0.04087537148476128,0.015579123360830607,1.159640553976402,1.5729184584907903,0.3470869872993933,143.4651910222186,55.04951258605827,33.831431183861554,86.66415536824434,53.014333029395786,35.72548522368412,86.08060630086216,1.187043776493918,0.02052999898420263,1.1293383711036105,0.026524926956888295,1.0333963970854256,0.12233122573367197,2.787411500542378,0.7815968151076039,0.6622969915499806
Qwen3-8B,prompt_running,24,25,0.7142857142857143,1,200,20,100,0.753555388009305,0.7504588049372413,0.9996607087581585,0.018419859984308475,21.547884670919444,1.1351878146665895,1.1351878146665895,1.0,1.0,23.02164317281571,23.02164317281571,0.9973189847675363,0.051778520956702115,0.9827733232307252,0.9991212890837118,0.029643058484039742,0.9969857981105548,0.997947770413032,5,0.9981287176940714,0.043258320655436444,0.9995412081246616,0.021419427521256747,,,,,,,,,,,,,,,,,,,,,,,,,,,,,
Qwen3-8B,prompt_running,24,25,0.7142857142857143,2,200,20,100,0.8627046974265409,0.8420794286853815,0.9998473559697635,0.012354919272765552,12.33450229472581,1.1395402710698197,1.0356874493874315,1.1002742881009258,1.0,22.379186500755374,24.905913592634132,0.9957531972188728,0.06516749788911018,0.9828167060286681,0.9981967983555402,0.042464121849625204,0.9946066003135909,0.9974587592180771,5,0.9972086692454056,0.05283304604690491,0.9995205636985104,0.021896033921456667,,,,,,,,,,,,,,,,,,,,,,,,,,,,,
Qwen3-8B,prompt_running,24,25,0.7142857142857143,3,200,20,100,0.8906450362511755,0.8707037170656424,0.9931021974124714,0.08305301070718993,8.489319134884083,1.139905930328165,1.015334484100803,1.122690057491433,1.0000000000000009,27.418336278804606,37.513217636375586,0.973385731350371,0.16313880179046614,0.9300836130052642,0.9920876444466064,0.08895142243603311,0.9469614159366676,0.9932280599871459,5,0.985736350539503,0.11943052147795798,0.9991229671151,0.029614741006802905,1.3705865533063029,0.9882740447957837,500.0,-0.2994264333099054,-0.7226753690513429,0.8638815786710341,0.001996007984031936,500.0,0.08722344088091599,0.029161761898393132,1.1961019511406605,1.7967667268808194,0.3633985890897695,176.2633671447338,54.599972843807876,37.377052014795716,86.85287366787253,70.76711143593468,44.2441239891862,88.90027437358198,1.1581241013543104,0.022695230915233747,1.1053495538171496,0.034133674669264896,0.9667215063945961,0.2071209781761124,2.747571563072818,0.815163972897167,0.6080986075235081
Qwen3-8B,prompt_running,25,26,0.7428571428571429,1,200,20,100,0.7504588049372413,0.7327592855195044,0.9999258749754315,0.008609589105672914,27.832690010560338,1.059090989764557,1.059090989764557,1.0,1.0,15.939983361114782,15.939983361114782,0.9992719209213601,0.026982940511365138,0.9958829836578301,0.9997294335051065,0.016448905583459437,0.9990535434543539,0.9994304650960097,5,0.9994110518541869,0.024268253868235393,0.9999132522596239,0.009313846701343009,,,,,,,,,,,,,,,,,,,,,,,,,,,,,
Qwen3-8B,prompt_running,25,26,0.7428571428571429,2,200,20,100,0.8420794286853815,0.8215204769181251,0.999930401762847,0.008342555792624716,15.615337943053373,1.0669571375372016,1.0436575107739963,1.0223249739715148,0.9999999999999996,17.027565689616154,18.69295258952559,0.9979802598474377,0.0449415192507145,0.9950914476152298,0.9992794722558075,0.026842647861053497,0.9976611636711847,0.9983350895628229,5,0.9986009357463715,0.03740406734071089,0.9998016193840173,0.014084765386142398,,,,,,,,,,,,,,,,,,,,,,,,,,,,,
Qwen3-8B,prompt_running,25,26,0.7428571428571429,3,200,20,100,0.8707037170656424,0.8543620509707653,0.9942308251872525,0.07595508417971489,10.764093684510458,1.0700790104526157,1.0387234967995918,1.0301865835803592,1.0000000000000002,22.010106449191536,32.029766026806136,0.9940512363754983,0.0771282284543195,0.9913298337310926,0.9981137486399552,0.04343099538399763,0.9878268772093385,0.9958702093049939,5,0.9905736168344643,0.09708956259833318,0.9986487179058134,0.036759789093335576,1.3333797525470445,0.9948616600790513,500.0,-0.3216020467540298,-0.7511055675273838,0.8474966360278101,0.001996007984031936,500.0,0.04765427220215053,0.021195059884223075,1.1893785990425358,1.676980342861685,0.24339163185919524,177.0802743488054,70.72751482876538,41.64184255190208,88.58652805360244,68.47026010202032,40.07745210150368,88.90363227262023,1.1065847872852033,0.021815519932594035,1.0689535316166983,0.008648039155309827,1.0301118119939152,0.08831765391812078,2.929924135496503,0.8469636995122468,0.5543851468478205
Qwen3-8B,prompt_running,26,27,0.7714285714285715,1,200,20,100,0.7327592855195044,0.7136340553003812,0.9998409892568358,0.012609946199890502,31.28395438782267,1.096233232034907,1.096233232034907,1.0,1.0,16.684328878641487,16.684328878641487,0.9985757007862843,0.03773988889379086,0.9908846083619356,0.9995754750870173,0.020604002353492707,0.9983495891900485,0.9988014019892997,5,0.9986861683183174,0.03624681615925173,0.9995626172765603,0.020913697029452408,,,,,,,,,,,,,,,,,,,,,,,,,,,,,
Qwen3-8B,prompt_running,26,27,0.7714285714285715,2,200,20,100,0.8215204769181251,0.8007217831579584,0.9998231449753384,0.013298685072653058,17.53673384728802,1.1126678417875906,1.079984734523692,1.0302625641077352,1.0000000000000002,17.903786105961693,19.796979708609,0.9967256844608683,0.05722163523643612,0.9892005456948771,0.9989919597628956,0.03174964940128384,0.9957180933955331,0.9975211303566773,5,0.997591051283891,0.04908104232908083,0.9995829382438771,0.020422089905855974,,,,,,,,,,,,,,,,,,,,,,,,,,,,,
Qwen3-8B,prompt_running,26,27,0.7714285714285715,3,200,20,100,0.8543620509707653,0.8375516160133338,0.9939903711636578,0.07752179587923717,12.158528255886392,1.113932430890094,1.0788030706474117,1.0325632742420732,0.9999999999999989,22.49062415286285,31.761612947741106,0.9925060423077926,0.08656764806905297,0.9853066955667927,0.9972318747599337,0.052612975966640496,0.9895320256812725,0.9959122453222811,5,0.9922970076479741,0.08776669272580473,0.9990916242255993,0.03013927295740053,1.3708873872761678,0.9926218708827402,500.0,-0.3183156790259402,-0.6991107317928054,0.8867993389119756,0.001996007984031936,500.0,0.0435182136325452,0.017949317615846404,1.1878914726292902,1.4894731278417215,0.23801929721706377,173.59721849480934,68.76487899227396,40.30583716431598,88.73403103174374,61.044100010072825,38.99359419182614,88.25109294248047,1.1461625056270386,0.02085734766968791,1.109959478467506,0.012206466469830679,1.0482704712075217,0.12729679525610954,2.539169165014346,0.7917066943015222,0.6541820863183325
Qwen3-8B,prompt_running,27,28,0.8,1,200,20,100,0.7136340553003812,0.6832716851196252,0.9999721232164293,0.005279846926824417,37.67596245587871,1.068220487297517,1.068220487297517,1.0,1.0,16.106899484044266,16.106899484044266,0.9992005199458944,0.02827507832182913,0.9949823836815441,0.9997571823219137,0.01558260819267205,0.9991194888894268,0.9993690908017105,5,0.9990956661601856,0.030072143917823833,0.9998830601678717,0.010813872207876978,,,,,,,,,,,,,,,,,,,,,,,,,,,,,
Qwen3-8B,prompt_running,27,28,0.8,2,200,20,100,0.8007217831579584,0.7682896382598995,0.9998123888233549,0.013697122933125054,21.13685832100969,1.0744933028144696,1.0682075889563496,1.0058843561149582,0.9999999999999997,18.135090805681727,20.3672226179301,0.9961541560827958,0.06201486851718925,0.9926449251778158,0.9985862446973245,0.037599937535526026,0.994636433437671,0.9974991900367145,5,0.9973498838813464,0.05147927853664662,0.9995728207292399,0.02066831562464745,,,,,,,,,,,,,,,,,,,,,,,,,,,,,
Qwen3-8B,prompt_running,27,28,0.8,3,200,20,100,0.8375516160133338,0.8104639808503299,0.9696537972794981,0.1742016151489471,14.739376577956156,1.0765260663403948,0.7513421231586559,1.432804089054211,1.0000000000000007,29.878742948020175,53.42898761017959,0.9841367498429286,0.12594939522312654,0.9641906218422583,0.9944862792082495,0.07425443280875925,0.9630523921081358,0.9920652008533893,5,0.956687757943401,0.2081159341727563,0.9985348518016157,0.03827725432138876,0.4522284387585798,0.992094861660079,500.0,-0.34252694304179737,-0.7407351980750527,0.8232077202420289,0.001996007984031936,500.0,0.2564981486903043,0.17888419976936143,1.1476955223247767,4.644569344038501,0.42654436894521314,179.21333179725508,61.32990889142297,40.577345234587696,88.62812337401607,69.48495526389503,43.21149804603048,89.32170190841971,1.1537070836175176,0.026386923175780293,1.0936471370297376,0.01501775309171216,1.046686739714792,0.09920680152629993,2.53550623203596,0.8106577164776348,0.6209939933003535
Qwen3-8B,prompt_running,28,29,0.8285714285714286,1,200,20,100,0.6832716851196252,0.6653403627281501,0.9999066262933269,0.009663007123719957,43.07903734631206,1.0572810584377836,1.0572810584377836,1.0,1.0,14.12082407917263,14.12082407917263,0.9989638321385511,0.03218956137397428,0.996101943279478,0.9997076030491452,0.01709961844178978,0.9987477120367501,0.9990806439227387,5,0.9991144253386541,0.029758606508804127,0.9997093385332988,0.017048796634988244,,,,,,,,,,,,,,,,,,,,,,,,,,,,,
Qwen3-8B,prompt_running,28,29,0.8285714285714286,2,200,20,100,0.7682896382598995,0.7485363156929493,0.9998547971459917,0.012050014689130882,24.21963235135978,1.0661818066569961,1.0473949047274949,1.0179367895000302,1.0000000000000002,14.702947763060006,15.618021573285972,0.9958045721575798,0.06477212241713394,0.9926762336621984,0.998634333571972,0.03695492427306557,0.9919440519499505,0.9979989410823675,5,0.9965845510958727,0.05844184206651286,0.9992393246790913,0.027580343016516174,,,,,,,,,,,,,,,,,,,,,,,,,,,,,
Qwen3-8B,prompt_running,28,29,0.8285714285714286,3,200,20,100,0.8104639808503299,0.7939817344399054,0.9976838637376442,0.04812625335880386,17.03276010565716,1.0882776764097486,1.0480868231961513,1.0383468738697,0.9999999999999991,16.93578011656356,21.506058094705303,0.9941163719929428,0.07670481084689008,0.9681400901269306,0.998222417536479,0.042161385929793856,0.992060207115414,0.9968219615425798,5,0.9949276617267582,0.07122035013422678,0.9989870044323932,0.031827591294454324,1.241448766988979,0.9957839262187087,500.0,-0.32822179224687476,-0.7303825648187366,0.8414508513286045,0.001996007984031936,500.0,0.03445599200439859,0.013038617433774156,1.1859881010616666,1.6196616574123455,0.24735061779361364,168.48677547732188,70.13511668306104,42.82826400723241,89.10816757828357,67.80189972616965,42.37179654240659,88.85903611472249,1.1048767100703594,0.01806868140450463,1.0682977638401383,0.00901309741303518,1.025585296840621,0.11432913016166446,2.619629669818075,0.8156973219931087,0.6099231569090005
Qwen3-8B,prompt_running,29,30,0.8571428571428571,1,200,20,100,0.6653403627281501,0.6368128802322784,0.9996455646893897,0.018826452417019683,48.256427636442,1.0981867056251273,1.0981867056251273,1.0,1.0,15.938448580735704,15.938448580735704,0.9911678041829789,0.0939797628057289,0.9815754918130158,0.9979250367316039,0.04555176471220483,0.9896528698335658,0.9932018101152983,5,0.9924937253278185,0.08663875964129142,0.9982760815899642,0.04152009645985683,,,,,,,,,,,,,,,,,,,,,,,,,,,,,
Qwen3-8B,prompt_running,29,30,0.8571428571428571,2,200,20,100,0.7485363156929493,0.7152296910703868,0.9996026226225178,0.019934326612208765,27.145270732841873,1.114968875099035,1.0689261335006919,1.0430738291031907,0.9999999999999994,17.347373396793593,18.861153241112707,0.9849675253316847,0.12260699273824188,0.9741236970299372,0.9948624882199572,0.07167643810934551,0.9761012260696029,0.990814518544945,5,0.9927433566018311,0.0851859342742036,0.9984675318246892,0.039146751784928636,,,,,,,,,,,,,,,,,,,,,,,,,,,,,
Qwen3-8B,prompt_running,29,30,0.8571428571428571,3,200,20,100,0.7939817344399054,0.7675906917739493,0.9613753988728159,0.19653142529169265,19.19554975619344,1.115640771232027,0.7909000111619012,1.4105964793110235,1.0,29.08306466721646,52.70549046059831,0.9586633571040574,0.20331414829259326,0.8462244988466969,0.9839581278151915,0.12665651260321523,0.8989220045695877,0.9861339118877059,5,0.9650618198777562,0.18691757574461473,0.9974085023526008,0.05090675443788512,2.6902711124293455,0.9926218708827402,500.0,-0.30552132530070064,-0.6954070917327597,0.8426994129841845,0.001996007984031936,500.0,0.25758268269135115,0.15073529847652842,1.1628635302618855,8.11759053872425,0.6422123589373298,178.19110076293066,68.93912999395448,42.22717671150682,88.33395927056696,62.125458023455494,39.059969880000466,87.9427776674052,1.178747810631185,0.030367711711417045,1.1184796126215555,0.02065527882087488,1.0174073877884915,0.174971828264909,2.5087893621534585,0.8021412995243041,0.6299248479432672
Qwen3-8B,prompt_running,30,31,0.8857142857142857,1,200,20,100,0.6368128802322784,0.6168645250856785,0.9999126783335086,0.009344606278032519,58.33500111244168,1.0803140521533936,1.0803140521533936,1.0,1.0,17.25328457682152,17.25328457682152,0.9960659239217299,0.06272221359510657,0.9896566798463355,0.9991338087135558,0.029431127848659182,0.9954227941036625,0.9967932358039385,5,0.9958489470144659,0.06442866586802846,0.9994345654089056,0.02377886858314223,,,,,,,,,,,,,,,,,,,,,,,,,,,,,
Qwen3-8B,prompt_running,30,31,0.8857142857142857,2,200,20,100,0.7152296910703868,0.6911094537513485,0.9991503391778157,0.02914894204228195,32.75917158665497,1.0812957230413458,1.0599647356590423,1.0201242425004269,1.0000000000000002,17.75623851793432,18.561271502076675,0.990126270715692,0.0993666407015351,0.9841719927147096,0.9959401377584064,0.06371704828061037,0.9868987110304058,0.9943205730359831,5,0.9939074168495978,0.07805500080329374,0.9985761810215456,0.03773352592131324,,,,,,,,,,,,,,,,,,,,,,,,,,,,,
Qwen3-8B,prompt_running,30,31,0.8857142857142857,3,200,20,100,0.7675906917739493,0.7468732481761431,0.9799268667301871,0.1416796854521242,23.438284226810136,1.0816704287341345,0.9663270997501628,1.1193626143919517,0.9999999999999997,23.86944362754888,36.58055606272355,0.9826801072554624,0.13160506352165008,0.8792527463701093,0.9942861590007882,0.07558995303088788,0.9750236647689667,0.9894993610274441,5,0.9745400877628828,0.15956162520204273,0.9978288745345848,0.04659533737848843,4.269534870005149,0.9864295125164689,500.0,-0.31930883207499483,-0.7267615165721487,0.864027643564616,0.001996007984031936,500.0,0.1205455603963846,0.06680490810769016,1.1754044716293648,5.094295843340191,0.5189074042339377,171.21227528715693,61.604784474838176,38.99165950781344,87.86268053636306,72.13758676505864,41.043089889519386,89.00677467700531,1.1264938312248398,0.019463207191319443,1.0882206977958677,0.01232270180096203,1.0145577690385097,0.15547599200507073,2.9058962460699207,0.8465694756511783,0.5567725245571861
Qwen3-8B,prompt_running,31,32,0.9142857142857143,1,200,20,100,0.6168645250856785,0.6281655152771652,0.9997493666392373,0.015831404257447602,68.22364320145643,1.1323383353675716,1.1323383353675716,1.0,1.0,18.664050080382694,18.664050080382694,0.9974789209853339,0.05021034768517506,0.9828791049891721,0.999270015431822,0.027018226592024346,0.9965039352213892,0.9986077943325757,5,0.9978636517749511,0.04622064717254523,0.9995129849602394,0.02206841724638546,,,,,,,,,,,,,,,,,,,,,,,,,,,,,
Qwen3-8B,prompt_running,31,32,0.9142857142857143,2,200,20,100,0.6911094537513485,0.699208065667058,0.9995780722164964,0.020540880786946544,38.21747147749874,1.1420255372900354,1.0830175906749844,1.0544847536393889,0.9999999999999996,19.762208870286546,20.924114706348043,0.9942627543342382,0.0757446081629701,0.9796952824276378,0.9981190655862326,0.04336974076204899,0.991738669950537,0.9972809500501368,5,0.996048372091061,0.06286197506393655,0.9994667191971993,0.023092873420185334,,,,,,,,,,,,,,,,,,,,,,,,,,,,,
Qwen3-8B,prompt_running,31,32,0.9142857142857143,3,200,20,100,0.7468732481761431,0.7545694824444362,0.9947111547896816,0.07272444712968533,27.53409213214456,1.1432569320205441,1.072186792939851,1.0662852215198664,0.9999999999999997,21.282047809504252,24.65806186907275,0.9937188299109632,0.07925383327661084,0.9773462841284902,0.9981021504369444,0.04356431524832734,0.9930619487585338,0.9945858548015036,5,0.9892923685290219,0.10347768586018001,0.9987859448413516,0.034843294313947656,3.454343939535787,0.9960474308300393,500.0,-0.34578156729455,-0.740792169506948,0.7840107134467144,0.001996007984031936,500.0,0.0760210521769815,0.01974967014635319,1.1494681529352038,4.99946460377884,0.4688978736671442,164.83396849084107,71.34310442598563,42.017679099829984,89.43832165497551,69.89326357130813,40.68042398989372,88.4918171528379,1.1398553985580775,0.005069509038001055,1.107347227687093,0.00987760207027503,1.060025637140672,0.11045350340348283,3.0175774663598816,0.849166297631985,0.5497124604377075
Qwen3-8B,prompt_running,32,33,0.9428571428571428,1,200,20,100,0.6281655152771652,0.6413719019227027,0.9998322462998033,0.012951976690711057,87.67260533095052,1.1236311855088865,1.1236311855088865,1.0,1.0,22.98949816519551,22.98949816519551,0.9962796708310121,0.06099450113729881,0.9861438059765132,0.9991682969321085,0.028839262610050563,0.9949626925741023,0.9976283460336416,5,0.9944682028309256,0.07437605238969328,0.9981581408947438,0.04291688601536957,,,,,,,,,,,,,,,,,,,,,,,,,,,,,
Qwen3-8B,prompt_running,32,33,0.9428571428571428,2,200,20,100,0.699208065667058,0.707183276878445,0.9993906588306433,0.024684836830668817,48.793981279278995,1.1257403381992512,1.0618489154392792,1.0601699750604734,1.000000000000001,22.50326077431456,23.73335202096233,0.9845686437458522,0.12422301016376895,0.975191511027192,0.9949599023986166,0.07099364479573779,0.9615471897784581,0.9952176456457756,5,0.991024893268593,0.09473703991262883,0.9974231651613457,0.050762533808453615,,,,,,,,,,,,,,,,,,,,,,,,,,,,,
Qwen3-8B,prompt_running,32,33,0.9428571428571428,3,200,20,100,0.7545694824444362,0.7615091667738254,0.9915731207405093,0.09179803516138382,35.104905114029314,1.1259983277897723,1.0298094814695762,1.0934045064169842,0.9999999999999994,24.173684348914616,28.61509144626041,0.9859653843706079,0.11846778308634007,0.9668215263734556,0.995451080122201,0.0674456809425115,0.9796762655646678,0.993993633369,5,0.983052973462091,0.13018074564968904,0.9958332218207315,0.0645505862039107,1.1774023690932236,0.9907773386034254,500.0,-0.33673455442428724,-0.7451379286607287,0.7911393318532172,0.001996007984031936,500.0,0.08177457375992168,0.0325774235500129,1.1439958259320138,4.988190704956634,0.7166526944454986,111.75138240018354,68.64951239052064,42.958239639774334,89.12853458899059,66.8525464319444,43.24810976982372,87.09927311906432,1.131994898929302,0.011325931159404584,1.094403440431202,0.011516347880861103,1.038308009671573,0.11829875144917437,2.8443279667197765,0.7697324532476403,0.6811853742710119
Qwen3-8B,prompt_running,33,34,0.9714285714285714,1,200,20,100,0.6413719019227027,0.7024356722507975,0.9997785320047845,0.014881800805532017,110.93077906710732,1.2931435134799252,1.2931435134799252,1.0,1.0,32.86102178828585,32.86102178828585,0.9938027884648675,0.07872236997913964,0.9419197063229863,0.9976533966108896,0.048441752539627084,0.990092680126906,0.9970617282983246,5,0.989320058196342,0.10334380389582197,0.9957264041976839,0.06537274510310971,,,,,,,,,,,,,,,,,,,,,,,,,,,,,
Qwen3-8B,prompt_running,33,34,0.9714285714285714,2,200,20,100,0.707183276878445,0.7589974201283874,0.9971426111036296,0.05345454981917245,61.156710803968295,1.2942898206308064,1.119544691870978,1.1560858892268027,1.0000000000000002,30.20409725706667,33.86071081563701,0.9680333060115702,0.17879232083182373,0.914797373072184,0.9879873919545995,0.10960204398368004,0.9344480531994964,0.9908275185594638,5,0.9817853991504596,0.13496147913215978,0.9953874424848689,0.06791581196695765,,,,,,,,,,,,,,,,,,,,,,,,,,,,,
Qwen3-8B,prompt_running,33,34,0.9714285714285714,3,200,20,100,0.7615091667738254,0.8047900218533734,0.9852516652054252,0.12144272227916679,43.90318362026038,1.2955599587486901,0.9756662908873196,1.327872009978374,1.0000000000000004,32.08826060690232,37.816356243168634,0.9782993218986725,0.14731150023446052,0.8145862081465413,0.9915757844175994,0.09178352565902308,0.9686703130468566,0.9880674628409297,5,0.9426870434377648,0.23940124594963003,0.9904333757560279,0.09780912147633329,10.292984433660715,0.9884057971014492,500.0,-0.3165827956868552,-0.8886809267927867,0.8600838983436228,0.001996007984031936,500.0,0.14004419229044146,0.05737974078505332,1.077784105858173,7.706347071180492,0.9149437567656992,70.9892671763557,66.65044036155652,43.19337583729344,88.1711818203807,65.9758713467105,41.74311629173646,88.56394865685007,1.2941100520026052,0.010848408342350865,1.1404255373340562,0.028131735513176947,1.0324921336028952,0.15975316209061854,2.672455497256005,0.6452193366105491,0.8436433566239419
Qwen3-8B,prompt_running,34,35,1.0,1,200,20,100,0.7024356722507975,0.7484074412026661,0.9992938228568117,0.026573993738020125,185.91285873333277,1.3407121248946923,1.3407121248946923,1.0,1.0,38.63782909812268,38.63782909812268,0.9870123162912656,0.11396351920125292,0.9254088552130384,0.9961329408638625,0.06218568272631201,0.9847032220898749,0.9896031287515091,5,0.9860944916479336,0.11792161952783017,0.9987090248297741,0.03593014291964194,,,,,,,,,,,,,,,,,,,,,,,,,,,,,
Qwen3-8B,prompt_running,34,35,1.0,2,200,20,100,0.7589974201283874,0.8204131402651199,0.9749485160631202,0.1582766057788701,100.44149643991315,1.3553087160098365,1.223187819616251,1.1080135808048153,0.9999999999999994,43.625446896843606,51.03429933795996,0.604846623219634,0.6286122626710093,0.5496852536874898,0.8495595000662741,0.38786660069375123,0.5427865397544084,0.6706249165637861,5,0.4798255112290455,0.7212312311394693,0.7713289571767624,0.47819561146379996,,,,,,,,,,,,,,,,,,,,,,,,,,,,,
Qwen3-8B,prompt_running,34,35,1.0,3,200,20,100,0.8047900218533734,0.8590187081866801,0.9655679083982275,0.1855588629027796,71.0009564118499,1.3798656219559615,0.8745048438051848,1.5778821943990935,0.9999999999999984,40.24022445344941,51.78016010248129,0.6005881934725503,0.6319903531917632,0.4638628577609868,0.8435122730160164,0.3955852967237074,0.5539561435978085,0.6654110428762101,5,0.5178413529218631,0.6943764447892345,0.7778082367359826,0.47137221308008526,22.90044132911827,0.9346508563899866,500.0,-0.3276959326781348,-0.9837554725608355,0.8584546696352391,0.001996007984031936,500.0,0.31275192034317545,0.10391659796658859,0.95515713113782,13.529730684935041,1.869560491691685,65.08038316797082,68.39145256694323,41.65551926689222,88.01183328038915,54.98596223265464,36.442363662089505,86.58187537046496,1.4071048864436393,0.1147716097492669,1.2283294340659252,0.09656677341344945,0.8079262468643292,0.3075504951344014,,,
Qwen3-8B,answer_query,0,1,0.02857142857142857,1,200,20,0,0.6278879649826556,0.8207706712440631,0.9933991308341649,0.08124573321618296,1.307712221463618e-07,3.555858727714226,3.555858727714226,1.0,1.0,71.08348418552497,71.08348418552497,-2.91030857603604,1.9774500185936532,0.042581153501547675,-17.28651318765161,4.276273282620232,-12.754962311437367,-0.9328225376955559,5,,,,,,,,,,,,,,,,,,,,,,,,,,,,,,,,,
Qwen3-8B,answer_query,0,1,0.02857142857142857,2,200,20,0,0.7788298137575744,0.8780840248956219,0.9643934595181242,0.1886969540874357,8.110406017410662e-08,3.5586598749973177,1.4172450633985803,2.510970026922221,0.9999999999999991,57.216011467416095,71.15739123827818,-1.3539218795457995,1.5342496144844877,-0.10158167619841407,-18.187307517459296,4.380331895811012,-6.787905937258648,-0.5954134784698626,5,,,,,,,,,,,,,,,,,,,,,,,,,,,,,,,,,
Qwen3-8B,answer_query,0,1,0.02857142857142857,3,200,20,0,0.8384939170628236,0.9146719853213796,0.952526102907767,0.21788505477024595,5.8211485918842445e-08,3.5666456055948186,1.4170499763770759,2.516951176777506,0.9999999999999994,60.43544229887337,72.68159952604145,-1.7061491118121168,1.6450377235225084,-0.349095237273944,-18.75302217295236,4.444437216673486,-6.865835364715803,-0.13451927399605035,5,,,,,13.895083265778567,0.9071146245059287,500.0,-0.3670231533202239,-1.6473492835564356,0.7685042168880426,0.001996007984031936,500.0,0.3800837298019421,0.14533682899244402,0.7856649675608087,18.91068086708332,3.6582563365069496,74.21232163438019,54.069583695686816,31.518349580177897,84.95776876590934,49.574005799531065,28.32846190599714,87.08507681654034,3.560595983123624,0.6650841360741884,1.9970382798543305,0.4283052452339983,1.004418871024511,0.57912639759052,2.5103438440072448,0.18558394396502378,1.2963646554482156
Qwen3-8B,answer_query,1,2,0.05714285714285714,1,200,20,0,0.8207706712440631,0.8593859436752695,0.9835138647839528,0.1283983458462267,1.6678044378558805e-06,2.094487808588709,2.094487808588709,1.0,1.0,62.18586647591318,62.18586647591318,-0.01599383517487074,1.0079651954184086,0.4323021642502175,-0.8566137742704387,1.3625761535673662,-0.7173771349771729,0.46787947196652135,5,,,,,,,,,,,,,,,,,,,,,,,,,,,,,,,,,
Qwen3-8B,answer_query,1,2,0.05714285714285714,2,200,20,0,0.8780840248956219,0.8949277739613728,0.9749565921310565,0.15825109120932965,8.921325315581352e-07,2.1499658148398835,1.3307343437186845,1.6156236028536612,-0.9999999999999998,55.809405456626656,63.13358980846378,-0.028890734879311264,1.014342513591593,-0.423550285956628,-1.4308544179039875,1.5591197573964573,-0.418792128628662,0.3665107560245412,5,,,,,,,,,,,,,,,,,,,,,,,,,,,,,,,,,
Qwen3-8B,answer_query,1,2,0.05714285714285714,3,200,20,0,0.9146719853213796,0.9279643164588544,0.977086785462402,0.15137111526839586,6.195372429626477e-07,2.501330045692637,1.2689436360278392,1.9711908194145833,0.9999999999999992,58.145964260602135,70.13161961811028,-0.481349073737094,1.2171068456536978,-0.8067711238282498,-4.0733772753506665,2.252415875310478,-2.249180007272008,0.5429603020941163,5,,,,,160.67002951751687,0.9638998682476942,500.0,-0.3550558700437015,-1.6849546798678339,0.6779781970660056,0.001996007984031936,500.0,0.2721171602833883,0.1198961544703042,0.9072886447588694,12.809897594863145,2.9902841526187736,73.63434745638858,47.802377600146706,28.727982950205924,85.58054676479384,52.796927596926075,31.786201658632947,86.61437318304006,2.4334718067757306,0.17009512928930337,1.580967130419038,0.15333684403718562,1.0059832283302388,0.4031099820493831,1.7956555890549084,0.2176750922189703,1.2602054826174838
Qwen3-8B,answer_query,2,3,0.08571428571428572,1,200,20,0,0.8593859436752695,0.8650768301870935,0.9944560970028246,0.0744573904805658,7.453976746964795e-06,1.6467562938847473,1.6467562938847473,1.0,1.0,54.55514290173451,54.55514290173451,0.1248529715722676,0.9354929333927288,0.5035972126479635,0.7128732718872994,0.5358420738545085,-2.274982008592425,0.6904464187234789,5,,,,,,,,,,,,,,,,,,,,,,,,,,,,,,,,,
Qwen3-8B,answer_query,2,3,0.08571428571428572,2,200,20,0,0.8949277739613728,0.9119834930879858,0.9469954960363679,0.23022707044053725,3.881126324217421e-06,1.7209888519451344,0.05047987905644489,34.09257082452165,-0.9999999999999991,69.99911619591735,85.9196434825832,-0.06976391550841354,1.034293921237292,0.3516415720007674,-0.7795691724909211,1.3340049372063512,-2.662158356697494,0.6629786467314782,5,,,,,,,,,,,,,,,,,,,,,,,,,,,,,,,,,
Qwen3-8B,answer_query,2,3,0.08571428571428572,3,200,20,0,0.9279643164588544,0.9398703697598141,0.9696967804740744,0.17407819945623756,2.6829328886141947e-06,1.9355913672566523,0.6095560058699717,3.1754118548863017,-0.9999999999999988,61.602277211748486,76.60900977356042,0.31991967289385914,0.8246698291474842,0.15185697959560185,-0.3835276559726939,1.1762345242223993,-0.0903115228841398,0.6931882401506957,5,,,,,120.81149172684096,0.98498023715415,500.0,-0.3381052065799956,-1.7669035533325996,0.7232243545154454,0.001996007984031936,500.0,0.45371787431365257,0.18278982986935916,0.9248493206394942,46.561929501215076,7.51684491421717,122.76840347864001,51.88606037728284,31.524971181133257,87.12610591106579,53.655520976264384,26.60980618087949,88.44712382696837,1.8873569174459122,0.2194478832155077,1.5450114241811248,0.14775716182789775,0.9200524016592581,0.3521522924134527,1.715632684500914,0.2704704846541563,1.2090516779737883
Qwen3-8B,answer_query,3,4,0.11428571428571428,1,200,20,0,0.8650768301870935,0.8488942516261644,0.9952937221883248,0.06860231637251933,2.0367081645791175e-05,1.4772309184822512,1.4772309184822512,1.0,1.0,56.953142194806205,56.953142194806205,0.2939944364299286,0.8402413722080527,0.4274134144985321,0.8997149416171297,0.3166781621502662,-2.0542127236191536,0.8895383242875315,5,,,,,,,,,,,,,,,,,,,,,,,,,,,,,,,,,
Qwen3-8B,answer_query,3,4,0.11428571428571428,2,200,20,0,0.9119834930879858,0.9006729369394746,0.9890678117539584,0.10455710519157257,1.0735718271011643e-05,1.6291648391279647,1.29329917106575,1.25969680919647,1.0000000000000009,56.18096416996649,64.05133525903743,-0.33446416073120555,1.155190097226948,-0.06762508665770417,-0.41923132056223644,1.1913149543937727,-2.5549956425994136,0.4052965432146395,5,,,,,,,,,,,,,,,,,,,,,,,,,,,,,,,,,
Qwen3-8B,answer_query,3,4,0.11428571428571428,3,200,20,0,0.9398703697598141,0.9400795052155827,0.9708420907132004,0.1707568718582055,7.37599863556553e-06,1.737988242556819,0.9915447487574649,1.7528086803290979,-1.0,62.06901127835573,81.71444230155599,-0.48015809486804883,1.2166174809150363,-0.38915131835574246,-1.0078760156971662,1.416995418375503,-0.9696527163692559,0.014314335838882752,5,,,,,40.66781737436468,0.9843214756258235,500.0,-0.30213417776042434,-1.70311878259582,0.7166660097111961,0.001996007984031936,500.0,0.29542527990601275,0.10030409675279076,0.8915719789160975,47.68524316566386,6.135323151298829,167.57990839389095,45.835641964213295,28.47038432559022,88.1864915100635,38.92788737626111,23.66365801335161,78.34914022975823,1.718992188889137,0.13575512081587116,1.4132658189317093,0.09802279586995538,0.9384652706047923,0.3754607522688766,1.712964056319604,0.2888629588070088,1.1925919910436666
Qwen3-8B,answer_query,4,5,0.14285714285714285,1,200,20,0,0.8488942516261644,0.8831855932385811,0.9989062532539128,0.03307184219373283,4.4744745152317776e-05,1.5688923552614766,1.5688923552614766,1.0,1.0,54.090628381630026,54.090628381630026,-0.21896758273688843,1.1040686494674543,-0.02596044253130092,0.6290701897238948,0.6090400727998981,-0.8551422861053968,0.20489053191146067,5,,,,,,,,,,,,,,,,,,,,,,,,,,,,,,,,,
Qwen3-8B,answer_query,4,5,0.14285714285714285,2,200,20,0,0.9006729369394746,0.9355582080369274,0.9960052124895774,0.06320433142137184,2.3736985467710433e-05,1.569782839357764,1.4946539859197254,1.050265047392764,1.0000000000000002,53.12318468246277,54.6638860695268,-0.0817079778633345,1.0400519111387347,0.10903433242129401,0.43851474123064627,0.7493232004745041,-0.6118395865598538,0.3034031894822393,5,,,,,,,,,,,,,,,,,,,,,,,,,,,,,,,,,
Qwen3-8B,answer_query,4,5,0.14285714285714285,3,200,20,0,0.9400795052155827,0.9573851565396898,0.99488898052281,0.0714913944275107,1.6517023097286092e-05,1.5819750829317005,1.0306737546181335,1.534894117409466,0.9999999999999998,49.0372925057882,54.112698520518,-0.0497604357394259,1.024578174537905,0.007444163237006252,0.1039660730022115,0.9465906860928796,-0.5375200657763168,0.4532203811470843,5,,,,,13.028642752515847,0.9888010540184451,500.0,-0.32799520896837625,-1.7606047399393954,0.7055700613550726,0.001996007984031936,500.0,0.1279370958613104,0.05229629601242511,0.4114347282281777,4.62903247889675,1.0380228332307642,16.05154591604855,38.51203674734204,23.524101434785646,75.00852502298682,39.98947748365985,26.09792792278866,64.33629965527227,1.611320717821643,0.06710346401905692,1.4516669943927731,0.11223644230987141,0.9518508780241719,0.2132226497319598,2.1388303616254016,0.410696541106678,1.0909567925995705
Qwen3-8B,answer_query,5,6,0.17142857142857143,1,200,20,0,0.8831855932385811,0.9029070250428348,0.9995488560591886,0.021240149265278774,0.00011047686001394555,1.3741199392342347,1.3741199392342347,1.0,1.0,49.827893167137454,49.827893167137454,0.7331312312244413,0.5165934269573691,0.847400315791221,0.8763855527776818,0.35158846286861895,0.6903797932319411,0.7749858980175274,5,,,,,,,,,,,,,,,,,,,,,,,,,,,,,,,,,
Qwen3-8B,answer_query,5,6,0.17142857142857143,2,200,20,0,0.9355582080369274,0.9415709786354188,0.9991234523225028,0.02960654788213572,5.851405071338878e-05,1.3769084073603113,1.1499302558247906,1.1973842764687672,0.999999999999999,49.16754784185446,50.86201763317106,0.41890858970347555,0.7622935197786509,0.5914272993950477,0.4807148217039372,0.7206144449676698,0.13885996185074123,0.7108704203994491,5,,,,,,,,,,,,,,,,,,,,,,,,,,,,,,,,,
Qwen3-8B,answer_query,5,6,0.17142857142857143,3,200,20,0,0.9573851565396898,0.958519813308001,0.998610760755616,0.03727249984082205,3.991947133505553e-05,1.400927679323632,1.126771531098926,1.2433112131945019,0.999999999999999,48.86256006018335,51.64390790357849,0.4499502278469343,0.7416534043291824,0.4828472731873046,0.20861071810653564,0.8896006305604017,0.15341948496328228,0.6075568054769079,5,,,,,3.897797629759185,0.9928853754940711,500.0,-0.3440585432771027,-1.7887475648104292,0.6667804470771855,0.001996007984031936,500.0,0.07790354890333076,0.03217967053651016,0.41896022596295135,3.0259919877439234,0.8381242100777534,11.35721661955747,40.03019625507223,26.371531286385174,65.10363434120508,45.0399830995305,29.908189349052062,80.31098086757264,1.4038702399081737,0.030090283756526524,1.2190854222862928,0.0511398659913102,1.0329502144999783,0.1927433184356381,2.0513504349540135,0.3855693375066728,1.1154928679721283
Qwen3-8B,answer_query,6,7,0.2,1,200,20,0,0.9029070250428348,0.9162303611061474,0.9967079281355992,0.057376579406591036,0.000209114573392252,1.5550903390353605,1.5550903390353605,1.0,1.0,54.40639750174559,54.40639750174559,0.8284891154053747,0.4141387262676907,0.7766482766983358,0.8913587263307501,0.32960775729531894,0.6055819213605109,0.9250473070644897,5,,,,,,,,,,,,,,,,,,,,,,,,,,,,,,,,,
Qwen3-8B,answer_query,6,7,0.2,2,200,20,0,0.9415709786354188,0.9522402208103636,0.9988840695686835,0.033405544918718125,0.00010903460049307395,1.724662888755798,1.3178054372567902,1.3087386347000833,0.9999999999999999,52.991771872055665,54.7030993647895,0.5782303452331521,0.6494379529769168,0.6026528595886533,0.7703519243064454,0.4792161054196265,0.38157954073784117,0.716429058348512,5,,,,,,,,,,,,,,,,,,,,,,,,,,,,,,,,,
Qwen3-8B,answer_query,6,7,0.2,3,200,20,0,0.958519813308001,0.9642022511296827,0.9976058285088616,0.04893027172557352,7.399819187304641e-05,1.7292984087480252,1.1427172734759532,1.5133213165560988,0.9999999999999993,53.28331581143623,55.24819858294945,0.4645760065764153,0.7317267204520993,0.4114653693134245,0.5438012326225812,0.6754248791519445,0.20600999991490443,0.6407000313102962,5,,,,,10.982446473785005,0.9903820816864294,500.0,-0.363233708216578,-1.6826231294531506,0.657505699636921,0.001996007984031936,500.0,0.10712298429340647,0.04745703351511812,0.8746082531962339,4.3632900446753595,1.1160431452795927,24.069900934677246,43.656292958244904,29.905228792664342,75.78266291795859,54.21419588595425,35.78975707491845,87.28286325176147,1.691795007189784,0.06426227229321291,1.3598661271440924,0.04850441445846714,1.0324721498478036,0.28539812722973956,1.8045780888403606,0.2422570215916318,1.2397785872128793
Qwen3-8B,answer_query,7,8,0.22857142857142856,1,200,20,0,0.9162303611061474,0.8899349071878472,0.978218727663517,0.1475847971048609,0.0005083880758128726,1.4843409505309537,1.4843409505309537,1.0,1.0,56.17852993109235,56.17852993109235,0.5796644036255856,0.648332936364037,0.6597033204063908,0.8814181444428536,0.3443571627789182,-0.13129863497852035,0.884561710853043,5,,,,,,,,,,,,,,,,,,,,,,,,,,,,,,,,,
Qwen3-8B,answer_query,7,8,0.22857142857142856,2,200,20,0,0.9522402208103636,0.9619926287883648,0.986014773752933,0.11825914868231975,0.00026418442027229477,2.3245655493641197,1.2687916395240169,1.8321097625108667,0.9999999999999994,61.42487015087349,70.36021001187073,0.15130814003113124,0.9212447340250411,0.5243909206489927,0.5503957069471237,0.6705253858377596,-0.049798007540018174,0.5898148645542923,5,,,,,,,,,,,,,,,,,,,,,,,,,,,,,,,,,
Qwen3-8B,answer_query,7,8,0.22857142857142856,3,200,20,0,0.9642022511296827,0.974645579260291,0.9848915427929676,0.12291646434482405,0.00017833540121011483,2.487700782005176,1.0716073342325296,2.321466737428438,1.0000000000000007,61.918037382083604,73.05424224371207,-0.03720993836025244,1.018435043760893,0.3488534019778764,0.32711714547506554,0.8202943706529592,-0.7191909426376968,0.3276259141925302,5,,,,,26.615595864942748,0.9471673254281949,500.0,-0.3068897188386945,-1.5398759205770016,0.7368506017139801,0.001996007984031936,500.0,0.20397850015197422,0.06749584249967978,0.7182970554682822,7.540602975304275,1.5799740829067082,26.90721209006646,54.09550090025081,33.006535485826404,86.17359723137663,37.61187406911736,24.414620141686523,77.45402524488075,2.2233561726642863,0.15059036302746623,1.2802798823170238,0.028767969786330845,0.9147062149251004,0.29683437741196056,1.4552792101699663,0.26372693821977683,1.2714662504775323
Qwen3-8B,answer_query,8,9,0.2571428571428571,1,200,20,0,0.8899349071878472,0.889073806897722,0.9985327903360814,0.03830417293087733,0.001147346096420066,1.0893766650013248,1.0893766650013248,1.0,1.0,50.48849616252724,50.48849616252724,0.6846139305588446,0.5615924406908942,0.6912419720714795,0.8586274973325283,0.3759953492630882,0.5292100175667451,0.8509063965774245,5,,,,,,,,,,,,,,,,,,,,,,,,,,,,,,,,,
Qwen3-8B,answer_query,8,9,0.2571428571428571,2,200,20,0,0.9619926287883648,0.9614001642808323,0.99957953124416,0.020505334814141938,0.0006201231564862252,1.1491845097956124,1.0301967559474687,1.115500027699768,1.0,49.24964658987233,51.497659870481606,0.6239103319014034,0.6132615005840466,0.6634353994091597,0.7704459943867839,0.47911794540928665,0.5075124864933175,0.7989822014543267,5,,,,,,,,,,,,,,,,,,,,,,,,,,,,,,,,,
Qwen3-8B,answer_query,8,9,0.2571428571428571,3,200,20,0,0.974645579260291,0.9727255959707467,0.999462746845052,0.023178722030085475,0.00041885303135671823,1.1687842216570816,0.9710515303003499,1.2036273927662442,1.0000000000000013,49.07825429864098,53.346489252606844,0.6313812525235719,0.6071398088384817,0.6621543721171044,0.7779392161229652,0.47123325845809605,0.48113845000678146,0.7644915325740257,5,,,,,5.03364794995196,0.995520421607378,500.0,-0.34537450909862477,-1.7219792743392157,0.6910371755290394,0.001996007984031936,500.0,0.04587906471236422,0.01995450582349194,0.4774821858009647,1.870789046559307,0.5354317962375541,7.288352280292546,37.50371713183475,24.877954971555887,75.15699173089253,42.48652112821962,27.613564194151824,78.72455642703973,1.171137588736955,0.034559018287670946,1.0427844792723422,0.017586433231301348,0.9451196660965155,0.12988468416363894,1.394313235729811,0.4755442898413784,1.0317263873087414
Qwen3-8B,answer_query,9,10,0.2857142857142857,1,200,20,0,0.889073806897722,0.8799665352644168,0.9998488173718503,0.012295634515945886,0.001366331149186126,0.9290554731000601,0.9290554731000601,1.0,1.0,42.13305776461169,42.13305776461169,0.9754424890447957,0.1567083627481452,0.9721647474212979,0.9960531783892098,0.06282373445434594,0.9642215218085324,0.988474459705793,5,,,,,,,,,,,,,,,,,,,,,,,,,,,,,,,,,
Qwen3-8B,answer_query,9,10,0.2857142857142857,2,200,20,0,0.9614001642808323,0.9571175226118578,0.9994112034783331,0.02426512974757934,0.0007387412502192147,0.9576064400586128,0.9283315595535983,1.0315349405110086,0.9999999999999998,41.40171316102412,43.004566322496316,0.9234130445247963,0.27674348316663866,0.9173132139031833,0.9763803803209901,0.15368675830731127,0.8613663584985316,0.9578656859271493,5,,,,,,,,,,,,,,,,,,,,,,,,,,,,,,,,,
Qwen3-8B,answer_query,9,10,0.2857142857142857,3,200,20,0,0.9727255959707467,0.9675768869077718,0.9992601136908968,0.027200851256957224,0.0004982958186651289,0.960016113232459,0.8651394557929781,1.1096663165738034,0.9999999999999999,43.15213733955418,46.80296723299217,0.8833322295143001,0.34156664135377723,0.8407714571056096,0.9656976197681475,0.1852090176850265,0.7955550577453727,0.9467916257928221,5,,,,,0.8499211544970391,0.9974967061923582,500.0,-0.3483036885557744,-1.5781906470154603,0.6610055605602094,0.001996007984031936,500.0,0.10275594751818318,0.030466748983641018,0.8810384217389482,3.8777822372599147,0.8265618490161353,15.907211048217265,41.7509463887849,27.649737291946842,79.55293524276162,63.8574921671401,34.44547806658893,88.90792379515794,0.9884849551991829,0.0448740789772686,0.9311457177633826,0.012692483994704086,0.7471779159322804,0.2089067157224747,1.2431748737136779,0.4887682290569473,1.0111733128401985
Qwen3-8B,answer_query,10,11,0.3142857142857143,1,200,20,0,0.8799665352644168,0.8778820809122492,0.9994979233658435,0.022407066612041313,0.001181877992626689,1.0613169395654392,1.0613169395654392,1.0,1.0,44.67649824782259,44.67649824782259,0.9086753965197268,0.30219960866995366,0.9116005279498169,0.9638721350186732,0.190073314753352,0.8291222832001015,0.9503025903144479,5,,,,,,,,,,,,,,,,,,,,,,,,,,,,,,,,,
Qwen3-8B,answer_query,10,11,0.3142857142857143,2,200,20,0,0.9571175226118578,0.9549994442729717,0.9993509045005496,0.02547735267743464,0.0006427495200101123,1.0912898615320912,1.0252035962821286,1.0644616010806267,1.0000000000000007,42.27139111374203,44.93127460326499,0.8815530551465105,0.3441612192759223,0.8815500758356676,0.9175244809468354,0.28718551330658143,0.7741996756609179,0.9252176598812496,5,,,,,,,,,,,,,,,,,,,,,,,,,,,,,,,,,
Qwen3-8B,answer_query,10,11,0.3142857142857143,3,200,20,0,0.9675768869077718,0.964985502144518,0.9921212783102248,0.08876216361589676,0.00043318231735063085,1.0930621753178593,0.5502075057756943,1.9866362487673388,1.0,49.98905625364477,65.91553376585853,0.8582156452771323,0.3765426333403266,0.8576743229679373,0.9116987394836128,0.2971552801421964,0.73277520669318,0.9194624422300202,5,,,,,2.589317753375192,0.9980237154150196,500.0,-0.30082533434390724,-1.623150671354757,0.6340034620771345,0.001996007984031936,500.0,0.29072144655828236,0.11579749275464689,1.058699882175177,4.970902093300274,1.117467342340066,142.0070964629996,63.36802317963299,34.61109832583394,88.85822147384502,54.09803259721542,34.138669896343835,87.89743029416675,1.1213746668947064,0.04174750771967781,1.0382928768173882,0.025541430480902818,0.8619186487962215,0.1919942641577158,1.3132078457102851,0.5017154159020392,0.998525616206211
Qwen3-8B,answer_query,11,12,0.34285714285714286,1,200,20,0,0.8778820809122492,0.8745565297953601,0.9982582374209572,0.04173442918074656,0.001334592448896107,1.016830909953188,1.016830909953188,1.0,1.0,42.942317270593115,42.942317270593115,0.9737062157516078,0.1621535822866465,0.9732160323833208,0.987206749713844,0.11310725125364826,0.9169434284122049,0.9860718023496388,5,,,,,,,,,,,,,,,,,,,,,,,,,,,,,,,,,
Qwen3-8B,answer_query,11,12,0.34285714285714286,2,200,20,0,0.9549994442729717,0.9531637863575539,0.9994121355460717,0.024245916231982367,0.000725914718353891,1.0841755691402184,0.958996224206595,1.1305316348218033,1.0000000000000002,39.716469657598985,43.3392590400889,0.9423997416748288,0.2400005381768366,0.9409899488925477,0.9600039679032333,0.19999007999590052,0.8845568928805475,0.9786054142595011,5,,,,,,,,,,,,,,,,,,,,,,,,,,,,,,,,,
Qwen3-8B,answer_query,11,12,0.34285714285714286,3,200,20,0,0.964985502144518,0.9648358951822305,0.9935115400337622,0.08055097743812775,0.0004890035508785767,1.0854985042337468,0.7647250290923383,1.4194625034336048,0.9999999999999998,46.52771107463062,60.53499988277978,0.8523233783918656,0.3842871603477462,0.7689486057735385,0.893075704799871,0.3269928060372721,0.7158821045588182,0.9302654000847225,5,,,,,4.227767457459887,0.9911725955204214,500.0,-0.34820299957699596,-1.6221057725768895,0.6307730436516852,0.001996007984031936,500.0,0.16805505611718313,0.06043221110175774,1.1299461218606504,4.376305407943054,0.6832374147109508,167.74494779405242,56.53628693862136,33.9639581501899,88.45541785155088,54.30826642625263,32.17580664688464,85.49376928514535,1.0969022054691118,0.035929192780211915,0.9813873636774628,0.03145669474123038,0.8126017216315383,0.20102601571571993,1.5686150504814949,0.5027470943431834,1.0056882584648446
Qwen3-8B,answer_query,12,13,0.37142857142857144,1,200,20,0,0.8745565297953601,0.8728494030937947,0.9998452743044698,0.01243887838714543,0.001385067571791278,1.111338773009008,1.111338773009008,1.0,1.0,44.24053641943332,44.24053641943332,0.9423363042955568,0.24013266271884626,0.937012003154253,0.9737766904973073,0.16193612784889197,0.9135374211055245,0.988084425141218,5,,,,,,,,,,,,,,,,,,,,,,,,,,,,,,,,,
Qwen3-8B,answer_query,12,13,0.37142857142857144,2,200,20,0,0.9531637863575539,0.9468878226942025,0.9998138070378442,0.01364525419901988,0.0007547803978998105,1.1143312647726449,1.0713803109346385,1.0400893626657535,1.0000000000000004,41.75140089406216,44.23596387754722,0.9352259090229107,0.2545075460120766,0.9320340923575461,0.9682590835671424,0.17815980588465397,0.9145537144768021,0.9710723815371962,5,,,,,,,,,,,,,,,,,,,,,,,,,,,,,,,,,
Qwen3-8B,answer_query,12,13,0.37142857142857144,3,200,20,0,0.9648358951822305,0.9610568113527339,0.9978021753538143,0.04688096251343037,0.0005093487823022015,1.1387824128520907,1.0711659688897108,1.0631241524900814,0.9999999999999999,43.212061557965406,50.60752825258263,0.8636713874014643,0.3692270474904781,0.8614163711037667,0.9183258821330723,0.28578683991207104,0.8357893513471408,0.8972474028221471,5,,,,,1.7496052951707315,0.9988142292490118,500.0,-0.399484246115279,-1.6877161520538742,0.6797813506544153,0.001996007984031936,500.0,0.07060538716650926,0.029917765858654514,1.0933665932822925,2.672627883568496,0.6490186727854109,25.414848087790155,55.65060456201095,34.045114879907736,86.07513342237014,44.6986086716325,31.004566129977416,85.89737583314081,1.157919522857384,0.06286873071010184,1.0931181666015182,0.02215146832278222,0.9744414247212553,0.1852558834827295,1.7299349471384051,0.46159722756877103,1.0380761044857845
Qwen3-8B,answer_query,13,14,0.4,1,200,20,0,0.8728494030937947,0.8885304401586663,0.9991901600047705,0.028457687805398636,0.0017143473389903473,1.2133739174527134,1.2133739174527134,1.0,1.0,49.67756787977184,49.67756787977184,0.944269229603896,0.23607365459979643,0.9451155650692019,0.9705848828177935,0.1715083589280898,0.8895202543759213,0.9776067239554423,5,,,,,,,,,,,,,,,,,,,,,,,,,,,,,,,,,
Qwen3-8B,answer_query,13,14,0.4,2,200,20,0,0.9468878226942025,0.9530486795000496,0.9987870997696149,0.03482671719219433,0.0009298824135093866,1.2336330341291013,1.0910971618888516,1.1306353615598255,1.0000000000000004,49.49339927747765,50.67267115159389,0.916861781606248,0.2883369875575314,0.9188843023268204,0.9662061689975514,0.18383098488135408,0.8998155118121791,0.9370533312538143,5,,,,,,,,,,,,,,,,,,,,,,,,,,,,,,,,,
Qwen3-8B,answer_query,13,14,0.4,3,200,20,0,0.9610568113527339,0.9663087181305169,0.9973056856124868,0.05190678556328826,0.000629197958365357,1.2342897494958724,0.9935409171612798,1.242313958263998,0.9999999999999996,49.908477967633786,54.66407591725176,0.8550857077760575,0.3806760988346162,0.854866245474004,0.9175108201062021,0.28720929632203385,0.7791633947599325,0.9029174337956503,5,,,,,5.99830431821677,0.9967061923583661,500.0,-0.29661103919560755,-1.5865814905264177,0.7023261876897283,0.001996007984031936,500.0,0.11835671886034398,0.037248704034282626,0.8163227983969089,5.041199975462453,0.8462697021577336,22.131326527776867,45.57727139222615,30.560569042255278,86.37424671057161,40.97351183031675,27.29039938805683,76.73749164307307,1.2485554256245506,0.031804403181107735,1.1428239167903225,0.03404612365709613,0.8751856703179668,0.16586236916105934,1.673791453736356,0.45560777275775866,1.0444251396469069
Qwen3-8B,answer_query,14,15,0.42857142857142855,1,200,20,0,0.8885304401586663,0.8743432133097973,0.9997580850438332,0.015553615533592231,0.0025310906589198967,1.0568013768710218,1.0568013768710218,1.0,1.0,43.52215200697115,43.52215200697115,0.9664361075917974,0.18320450979220626,0.9697738921818682,0.9860809015089625,0.11797922906612618,0.9307077838732557,0.9918762740758433,5,,,,,,,,,,,,,,,,,,,,,,,,,,,,,,,,,
Qwen3-8B,answer_query,14,15,0.42857142857142855,2,200,20,0,0.9530486795000496,0.9504982461280765,0.9994405818097366,0.023652022963446463,0.001357439487243542,1.1511592611060029,1.0536212203966702,1.092574104261692,1.0,43.48073702056343,45.09519731739184,0.9489942255211227,0.2258445803619767,0.9392309806013455,0.9746314379217472,0.15927511443490708,0.8946119778189946,0.979279383351495,5,,,,,,,,,,,,,,,,,,,,,,,,,,,,,,,,,
Qwen3-8B,answer_query,14,15,0.42857142857142855,3,200,20,0,0.9663087181305169,0.9640919638676169,0.9985818426645295,0.037658429806226176,0.0009175506204965648,1.1558820811134771,1.002633985294259,1.152845503011991,1.0000000000000002,44.429630001816776,49.60189501241169,0.9220680997786708,0.2791628560917968,0.9098492296272767,0.963223728080827,0.19177140537414059,0.8808761434465702,0.9610163183720961,5,,,,,2.6852945529337227,0.9989459815546771,500.0,-0.3410832899968226,-1.6408742255822149,0.6418308671232296,0.001996007984031936,500.0,0.04831610412808607,0.020126355835321127,0.5312046645887961,1.7602164753213176,0.37632624756831784,7.50695396726339,40.982589274212366,28.439660169128768,76.2101802491925,40.607882758180956,28.241498277965828,85.00018349759249,1.1581150884045839,0.03491430997358223,1.0659159504632523,0.01621654339571844,0.9578293894744732,0.13361258753710165,1.5868157070723414,0.4938962964373253,1.008521582740882
Qwen3-8B,answer_query,15,16,0.45714285714285713,1,200,20,0,0.8743432133097973,0.8790492497836024,0.999831739975202,0.012971508192879027,0.002833134798910366,1.045212817750158,1.045212817750158,1.0,1.0,42.37004754310621,42.37004754310621,0.961317856019788,0.19667776686807273,0.9633927986634718,0.9947686859825052,0.07232782325975792,0.9493226364390455,0.9737103475852277,5,,,,,,,,,,,,,,,,,,,,,,,,,,,,,,,,,
Qwen3-8B,answer_query,15,16,0.45714285714285713,2,200,20,0,0.9504982461280765,0.9464281184463692,0.9992979876719598,0.026495515243909626,0.0015399499969896717,1.04959877423096,0.9674791626025832,1.0848799796446982,0.9999999999999993,43.643715503995885,45.0294219876093,0.9418494376298017,0.24114427708365457,0.9400275206427244,0.9838665226680899,0.1270176260678419,0.9198360727471855,0.9604478008415709,5,,,,,,,,,,,,,,,,,,,,,,,,,,,,,,,,,
Qwen3-8B,answer_query,15,16,0.45714285714285713,3,200,20,0,0.9640919638676169,0.9598296233883425,0.9979170666761047,0.045639164364559615,0.0010413159083694941,1.0524154785784845,0.8914080086164905,1.180621520567092,0.9999999999999991,45.885044228549226,51.11114828959984,0.8055419430126972,0.4409739867467273,0.7808956475599889,0.9415135023853655,0.24183981809171654,0.7069379623551845,0.9128235898241146,5,,,,,5.600910910879139,0.9989459815546771,500.0,-0.38311344611078824,-1.708007327751826,0.6947933723915489,0.001996007984031936,500.0,0.08046106875753611,0.02620799922736053,1.0786747559076197,3.3934933599970027,0.673551074677247,60.79018914407322,41.07232415099506,28.71949097795944,84.85056867578965,46.053669075647534,31.06757379024112,83.34827445465938,1.0733856834054412,0.02193783138512584,1.028712649163598,0.021193924820519072,0.8216387825974573,0.19550089950548846,1.7459672549294618,0.5194370476047843,0.9865121623897993
Qwen3-8B,answer_query,16,17,0.4857142857142857,1,200,20,0,0.8790492497836024,0.8799074459610284,0.9998193629630763,0.01344012786113933,0.003101826446571914,1.1344465156186818,1.1344465156186818,1.0,1.0,39.806882590978276,39.806882590978276,0.9696383391704393,0.17424597794371233,0.9676612975284945,0.9902862128886865,0.09855854661729539,0.9560519644736107,0.9755775775664433,5,,,,,,,,,,,,,,,,,,,,,,,,,,,,,,,,,
Qwen3-8B,answer_query,16,17,0.4857142857142857,2,200,20,0,0.9464281184463692,0.9463943814982352,0.9997982270345293,0.01420468111119452,0.001669790269600322,1.140694198184497,1.1136272258174809,1.024305235845098,0.9999999999999998,41.08172898273921,42.38537788271753,0.9223733372258791,0.2786156183241006,0.919968375689725,0.9524557410974452,0.2180464604219815,0.8662066324319432,0.9637797265661725,5,,,,,,,,,,,,,,,,,,,,,,,,,,,,,,,,,
Qwen3-8B,answer_query,16,17,0.4857142857142857,3,200,20,0,0.9598296233883425,0.9603488892738088,0.9996413046242999,0.018939254887669812,0.0011289564305837746,1.1450013072549312,1.1110142861346637,1.0305909847824837,0.9999999999999994,41.50790038270008,44.37339723772748,0.8743432162736519,0.3544810061573795,0.8665392960513839,0.9317213779370722,0.2613017835050649,0.8268441893316765,0.9306182266569617,5,,,,,1.0575422164477057,0.9992094861660078,500.0,-0.35146045558298306,-1.5763591150250482,0.720355794021691,0.001996007984031936,500.0,0.05875287451639458,0.023198126256764054,0.8826657432328846,2.35257163477819,0.5718630326445926,9.778525516659482,46.240380017714244,30.298400535373315,85.78846953553754,44.06041381602776,31.043773265524273,79.29840432389226,1.1629217445362707,0.02703757679459515,1.1221013903614356,0.015794369643399617,0.9800139284697745,0.1961055394602661,2.248161217411592,0.5590756005265217,0.9402325895947496
Qwen3-8B,answer_query,17,18,0.5142857142857142,1,200,20,0,0.8799074459610284,0.8695727368016689,0.999854098957906,0.012078950372198608,0.004000660735828834,1.138415914913889,1.138415914913889,1.0,1.0,39.31024210758318,39.31024210758318,0.9412284715653821,0.24242839857289378,0.9310085472120972,0.9853379677639325,0.12108687887656325,0.8435713757293166,0.9763911034381835,5,,,,,,,,,,,,,,,,,,,,,,,,,,,,,,,,,
Qwen3-8B,answer_query,17,18,0.5142857142857142,2,200,20,0,0.9463943814982352,0.9371529658657468,0.9998800273311154,0.01095320359002959,0.002151477896935932,1.1607064246902516,1.1256967726656932,1.0311004285298377,1.0000000000000004,40.29606666091743,41.499182617369385,0.9422359322278238,0.24034156480346097,0.9138627369106292,0.9802428528877327,0.14056011920977918,0.9004126504826768,0.9706849184546172,5,,,,,,,,,,,,,,,,,,,,,,,,,,,,,,,,,
Qwen3-8B,answer_query,17,18,0.5142857142857142,3,200,20,0,0.9603488892738088,0.9562620621881149,0.9987053992726705,0.03598056040877376,0.0014554675084106224,1.2736972097170187,1.125766281689485,1.1314046533757678,0.9999999999999998,41.40471483714768,43.819543792059804,0.9170703857377648,0.28797502367781,0.8841641995393672,0.9530456174815575,0.21668959946993893,0.8886791135566823,0.9554870049020499,5,,,,,1.2288335142290134,0.9988142292490118,500.0,-0.2648086935280335,-1.6311163619932694,0.7320736902938066,0.001996007984031936,500.0,0.0492089361993405,0.019759162714506465,0.7065679266059237,1.6013085792917598,0.48050438871988943,7.253589668187405,44.03069855027111,31.532722846497016,84.3922766435475,39.13943753461284,26.46956574915671,71.369360511012,1.2314179566337282,0.056419811746624415,1.153801363740618,0.0170818487051742,1.062136415279494,0.18535173048912473,2.4349072384251653,0.32734788501017925,1.24273945510654
Qwen3-8B,answer_query,18,19,0.5428571428571428,1,200,20,0,0.8695727368016689,0.886892256349154,0.997974582057598,0.045004643564880896,0.0051959472219613115,2.137386849933219,2.137386849933219,1.0,1.0,60.53194643307263,60.53194643307263,0.8204452541457741,0.4237390067650439,0.6587635996236446,0.970944052983987,0.17045805060487165,0.6546172221119162,0.9123403355100468,5,,,,,,,,,,,,,,,,,,,,,,,,,,,,,,,,,
Qwen3-8B,answer_query,18,19,0.5428571428571428,2,200,20,0,0.9371529658657468,0.9646833394994919,0.9956571862270996,0.06590002862594498,0.0027998792645298498,2.3147719128102127,2.039095929714683,1.1351952005191355,1.0000000000000004,63.52032570969483,66.55251741269322,0.5895089121356192,0.6406957841787169,0.6743594642996975,0.9146871704007927,0.29208360035990943,0.20677472903555127,0.8570037427981152,5,,,,,,,,,,,,,,,,,,,,,,,,,,,,,,,,,
Qwen3-8B,answer_query,18,19,0.5428571428571428,3,200,20,0,0.9562620621881149,0.9813405449852288,0.9948442344238331,0.07180365990788316,0.0019046469586770495,2.3883636824516032,1.6080113012633972,1.4852903587027602,1.0000000000000007,63.036591380368414,67.96451825169001,0.4013030815697426,0.7737550765133999,0.6405559201154825,0.8331937324526411,0.40841923013903114,0.1346700429225579,0.805120901228892,5,,,,,13.965995199182053,0.9893280632411066,500.0,-0.3656607010435918,-1.5656279601489576,0.6883694068442677,0.001996007984031936,500.0,0.1251122133127651,0.05356885108956464,0.39055901264065035,3.2605537862696643,1.0029776491029212,9.1485088143517,40.3887395794579,27.298679546595693,72.78008728352958,24.31374374390635,16.770200398532083,35.46673664678436,2.291561822183316,0.10303980608226708,2.0669557703669006,0.08272291226629178,1.3243719866955501,0.2530223063894794,2.87308984457401,0.21296090718204214,1.25489122694437
Qwen3-8B,answer_query,19,20,0.5714285714285714,1,200,20,0,0.886892256349154,0.8903778477925111,0.9749784597288189,0.15818198466064692,0.02383302884714863,2.009559469748745,2.009559469748745,1.0,1.0,59.26325390846368,59.26325390846368,0.8945691358557136,0.3247011920894137,0.6879137010547882,0.9600644065490234,0.19983891875952658,0.7670572341404023,0.9675141757812734,5,,,,,,,,,,,,,,,,,,,,,,,,,,,,,,,,,
Qwen3-8B,answer_query,19,20,0.5714285714285714,2,200,20,0,0.9646833394994919,0.9805664535922735,0.987541076212024,0.11161954930914217,0.012961735596439676,2.564380198254578,1.6197418173708422,1.583203057890466,0.9999999999999994,58.75467369645418,62.29212818014477,0.74883272228725,0.5011659183471578,0.6579208232750124,0.9231829242866376,0.27715893583531165,0.5177577867925308,0.8373830670859899,5,,,,,,,,,,,,,,,,,,,,,,,,,,,,,,,,,
Qwen3-8B,answer_query,19,20,0.5714285714285714,3,200,20,0,0.9813405449852288,0.9912303871616637,0.9978807831962251,0.046034951979717194,0.008790364086909613,3.0023568204388384,1.2276059372487402,2.4457007980652135,-0.9999999999999993,57.132227761092395,63.12779297020503,0.6714811498237465,0.5731656393890455,0.6090719933471777,0.9174257683053143,0.2873573240665455,0.26640883741575516,0.8226962858573664,5,,,,,78.21062862342302,0.978524374176548,500.0,-0.37948941788519697,-1.4979902002863827,0.7449968996895713,0.001996007984031936,500.0,0.06317058813482655,0.025488863934058123,0.12088921361178456,7.837675481885244,1.5311597319229169,24.21027936303809,24.231661544724396,17.309588109975852,34.60029071526304,22.16105652791395,15.794014964132366,30.126247868697945,2.8892583699798835,0.09620070295559877,1.825550729405514,0.07161406528923998,1.2401715929104264,0.037070889989723584,4.581490402903372,0.2283750467871677,1.2738193559463897
Qwen3-8B,answer_query,20,21,0.6,1,200,20,0,0.8903778477925111,0.7861266528862999,0.9732274018754584,0.16362334223619066,0.0989130663141573,2.1166308989308327,2.1166308989308327,1.0,1.0,55.8766054019169,55.8766054019169,0.9421188548388195,0.24058500610216843,0.6893509168112151,0.9665963458455119,0.18276666587342474,0.9214513891647467,0.954566889638969,5,,,,,,,,,,,,,,,,,,,,,,,,,,,,,,,,,
Qwen3-8B,answer_query,20,21,0.6,2,200,20,0,0.9805664535922735,0.9743026743546831,0.985438984383997,0.12066903337643407,0.05446610946693997,3.37816934282266,2.019109044166388,1.673099009973171,1.0000000000000002,58.31170187955413,61.25309935311757,0.8567301439495191,0.37851004748947015,0.6168355044192906,0.944636972107907,0.23529349309339825,0.7973866039036586,0.9138320178469197,5,,,,,,,,,,,,,,,,,,,,,,,,,,,,,,,,,
Qwen3-8B,answer_query,20,21,0.6,3,200,20,0,0.9912303871616637,0.9943131522575231,0.9957758145417078,0.06499373399253296,0.03670562906186824,4.163181396785327,1.5789295778544412,2.636711260069335,0.9999999999999997,59.33470234519175,65.35038278442521,0.8239397780445842,0.41959530735628564,0.6077967639662333,0.9480944267345899,0.22782794662949082,0.7601380081812497,0.8631802581982853,5,,,,,29.941159651644032,0.9774703557312253,500.0,-0.329648693396322,-1.1059964697630613,0.698506408331343,0.001996007984031936,500.0,0.0661363681637091,0.0220989349906888,0.17910234077521348,2.012623721127583,0.5527504512034853,5.0107777213609,22.30799122665345,15.356653386846524,29.859692329522744,14.082958107158507,9.519333171588745,19.37931064246862,3.9839863615806452,0.24616043140472152,2.938053984430396,0.12213765574346588,1.5710941460858507,0.03986494354608706,3.7699728978470257,0.31562522501190327,1.3493389292548632
Qwen3-8B,answer_query,21,22,0.6285714285714286,1,200,20,0,0.7861266528862999,0.8343974974558247,0.9916186138545704,0.09154991067952822,0.4562441636837638,1.43099356016132,1.43099356016132,1.0,1.0,47.70064502013529,47.70064502013529,0.9813119319217669,0.13670430892343163,0.8974690827172745,0.9877850959600402,0.11052105699802091,0.9761835611933749,0.9865494232783873,5,,,,,,,,,,,,,,,,,,,,,,,,,,,,,,,,,
Qwen3-8B,answer_query,21,22,0.6285714285714286,2,200,20,0,0.9743026743546831,0.9802228119601871,0.999529893144379,0.021681947689747568,0.28272792126035395,1.4849242850965931,1.185353505200942,1.2527269532516947,1.0,46.76318425264503,48.80456550490629,0.982856810576987,0.13093200305125147,0.9035743070263573,0.9968895780630223,0.05577115685529303,0.978525173443524,0.9874468105985285,5,,,,,,,,,,,,,,,,,,,,,,,,,,,,,,,,,
Qwen3-8B,answer_query,21,22,0.6285714285714286,3,200,20,0,0.9943131522575231,0.9940180899378556,0.9998915917140657,0.010411929981241663,0.19235643982043918,1.5027537251414844,1.09094003683625,1.3774851727868591,0.9999999999999993,46.60927719574594,48.96873352495622,0.9805169204436718,0.1395818023824317,0.9022012020831012,0.9964813990356282,0.05931779635465066,0.9761880858848294,0.9868910247919462,5,,,,,8.63118938725089,0.998550724637681,500.0,-0.2949586671912979,-1.099619559763128,0.803789699532316,0.001996007984031936,500.0,0.02148613732169972,0.009771846961281971,0.04389264534989948,0.8183135252194113,0.21643655839176132,1.7504577838181365,14.003328583467582,9.493610452534059,20.346868673364636,15.503186819704492,10.687964078326877,22.200793387037827,1.5033608161340681,0.016309266165052485,1.2258789027798505,0.016045020774669416,1.0991212434805029,0.01919119004175308,3.9659816262055343,0.3090517176416726,1.3774395689002559
Qwen3-8B,answer_query,22,23,0.6571428571428571,1,200,20,0,0.8343974974558247,0.7570124268241478,0.9874673683667257,0.11194923685882963,0.944051598111721,2.396773650723202,2.396773650723202,1.0,1.0,57.294310607414864,57.294310607414864,0.9563753761403991,0.20886508530532547,0.63964211662355,0.9805116368815655,0.13960072749966043,0.9173378045144898,0.9681267010004968,5,,,,,,,,,,,,,,,,,,,,,,,,,,,,,,,,,
Qwen3-8B,answer_query,22,23,0.6571428571428571,2,200,20,0,0.9802228119601871,0.9393594380254056,0.9947797314287252,0.07225142608471331,0.5545204263904038,2.9034975730809855,2.3346971052057253,1.2436292342192885,0.9999999999999998,58.29676012618499,60.72156235295196,0.9531769166255868,0.21638642141875067,0.6213507090372579,0.9814382258372928,0.13624160217315132,0.9183242092284825,0.9764263455280907,5,,,,,,,,,,,,,,,,,,,,,,,,,,,,,,,,,
Qwen3-8B,answer_query,22,23,0.6571428571428571,3,200,20,0,0.9940180899378556,0.9821254965895765,0.9961471831644492,0.062071062787347114,0.3748830220684574,4.467282528403714,2.23000570320396,2.0032605844843117,0.999999999999999,60.18433940375203,66.28304980847733,0.9377048351509186,0.24958999348748218,0.5974208438539985,0.9762624562649784,0.1540699313137432,0.9093521019457745,0.9728349542170849,5,,,,,12.819217090576132,0.9938076416337285,500.0,-0.32722921450553416,-1.0656393540204248,0.6942337893980314,0.001996007984031936,500.0,0.05940996857762237,0.020371583113987513,0.1316091910515287,1.3186312188308045,0.32314339783257534,3.129662639421479,15.521819757009874,10.382148838700305,21.68179454003862,7.613124493119532,4.790959644230912,12.575373088168924,4.340752050413182,0.2859487859704336,2.8789924416731463,0.07423135964940254,2.221060779827705,0.026008823741259676,5.196340185559773,0.363723528454896,1.3069374789501969
Qwen3-8B,answer_query,23,24,0.6857142857142857,1,200,20,0,0.7570124268241478,0.6762918486702045,0.9926647240226831,0.0856462257038617,5.502939567651689,1.2212517656123014,1.2212517656123014,1.0,1.0,38.600347135574665,38.600347135574665,0.9841698335727284,0.12581798928321652,0.9551543866503888,0.9903728248178751,0.09811816948009582,0.9742867627056483,0.9903989925121767,5,,,,,,,,,,,,,,,,,,,,,,,,,,,,,,,,,
Qwen3-8B,answer_query,23,24,0.6857142857142857,2,200,20,0,0.9393594380254056,0.9271569669502864,0.9899366783960872,0.10031610839697089,3.414236039323211,1.5119682268457986,1.208601283008631,1.2510066372608684,0.9999999999999999,38.64055694945803,42.019848703824756,0.979455968808998,0.14333189174430783,0.9234886150938475,0.9877917203251874,0.11049108414171971,0.9749171821502634,0.9853681626148011,5,,,,,,,,,,,,,,,,,,,,,,,,,,,,,,,,,
Qwen3-8B,answer_query,23,24,0.6857142857142857,3,200,20,0,0.9821254965895765,0.9814370224909679,0.9991337951852758,0.029431357677215754,2.37978359142481,1.7383050144583525,1.1787376139031327,1.4747175231834118,0.9999999999999998,37.72132432419357,41.52104877883571,0.9820291769865941,0.13405529834141564,0.9178765524749105,0.993476763341492,0.08076655655967999,0.9741315777189058,0.9899260621509172,5,,,,,15.366814541376561,0.998155467720685,500.0,-0.3433908433310003,-0.9348372405689992,0.6021228779777668,0.001996007984031936,500.0,0.01566086310985961,0.00824652308005446,0.029862498908155982,0.5362684477031125,0.1520605238452345,1.1841006076564573,7.640196145720687,4.925911178294281,12.838208757167722,6.721494787741291,4.3431987705207655,10.68166653161904,1.7347759884226048,0.01663817767281467,1.3092494951733757,0.015873807216214623,1.178640078643482,0.00988186089549041,3.086350015292753,0.6032737659731561,0.9052360699945481
Qwen3-8B,answer_query,24,25,0.7142857142857143,1,200,20,0,0.6762918486702045,0.6247665463983272,0.9744128437563833,0.159959858225796,8.284575982286638,1.1057276639070415,1.1057276639070415,1.0,1.0,36.384434560236805,36.384434560236805,0.9705716451799842,0.17154694640248133,0.9612807468715219,0.9740868853023833,0.1609755096206151,0.9685181457529316,0.972863770719466,5,,,,,,,,,,,,,,,,,,,,,,,,,,,,,,,,,
Qwen3-8B,answer_query,24,25,0.7142857142857143,2,200,20,0,0.9271569669502864,0.9280271774994581,0.9990704909136127,0.030487851455740296,5.678836995676833,1.3172621409051541,1.0875422102764505,1.2112285191857606,1.0,39.93286192098414,46.37275690300796,0.9966118007991197,0.058208239974081734,0.9501909860202287,0.9984452145383202,0.03943076795701274,0.9959756872203842,0.9976249209276109,5,,,,,,,,,,,,,,,,,,,,,,,,,,,,,,,,,
Qwen3-8B,answer_query,24,25,0.7142857142857143,3,200,20,0,0.9814370224909679,0.9820870493306582,0.9996996348915703,0.017331044643346335,4.007534912943868,1.3377828903678322,1.0849200559758914,1.233070476482702,1.0000000000000007,37.28334250845868,47.71535652169957,0.9963487496848521,0.06042557666375964,0.9514790683376607,0.9987931249826918,0.03474010675441658,0.9953391003253219,0.9974358398949951,5,,,,,10.781272522391404,0.9992094861660078,500.0,-0.3309837945461729,-0.9503127284393816,0.48743983672006025,0.001996007984031936,500.0,0.008995787855152936,0.0038028499315479088,0.016912548044613163,0.30829173588767894,0.07718172838497392,0.8428455701115121,6.809609746871727,4.299881313480675,10.437913763988623,6.897128126364191,4.415728862836556,10.631006295841868,1.3376499573535279,0.01134673114425339,1.141910584175023,0.007685758817125375,1.0851541776647928,0.002887904301361381,2.775024208376597,0.6718463480451892,0.8107033959947264
Qwen3-8B,answer_query,25,26,0.7428571428571429,1,200,20,0,0.6247665463983272,0.6502180407299375,0.9974328327744196,0.0506672204248499,10.415769433432565,1.1776419108730358,1.1776419108730358,1.0,1.0,31.258373842110974,31.258373842110974,0.9961103444286308,0.06236710327864544,0.9740627906350361,0.997267793427652,0.05227051341194105,0.9946156637609641,0.997305856464394,5,,,,,,,,,,,,,,,,,,,,,,,,,,,,,,,,,
Qwen3-8B,answer_query,25,26,0.7428571428571429,2,200,20,0,0.9280271774994581,0.9181816167705631,0.9992710061336001,0.026999886414574376,7.735783201355036,1.185110807454371,1.0794493839672035,1.097884555826823,1.000000000000001,30.01875982070316,31.51741146490256,0.9982103893097961,0.04230379049451638,0.9784908805185815,0.9989743898392683,0.03202514887914924,0.9975883887712844,0.9985887990782945,5,,,,,,,,,,,,,,,,,,,,,,,,,,,,,,,,,
Qwen3-8B,answer_query,25,26,0.7428571428571429,3,200,20,0,0.9820870493306582,0.9766895904229441,0.9990770603794819,0.03037992133824792,5.457607767444129,1.2081401428008312,1.0630151693470664,1.1365220155258033,1.0000000000000004,30.17645206829441,32.6398121780921,0.9948720864455969,0.07160945157172398,0.9745586748972928,0.997631391040181,0.04866835686376789,0.9927792752418891,0.9963213188067849,5,,,,,4.762022692633766,0.9992094861660078,500.0,-0.33807683699011354,-0.9392628144448026,0.49081577616781563,0.001996007984031936,500.0,0.009354929838773247,0.0037749351782502055,0.019747924052785068,0.28620781674935364,0.07119672649249895,0.7173253116044845,6.940187330962673,4.606680128119127,10.41845529853278,7.828311238084123,5.008469950482679,13.476341091941423,1.2089315012207822,0.014551984547128671,1.1846386444121635,0.003801934916896912,1.0632702332513788,0.0029915992183608205,2.899380706208581,0.7650217466704766,0.6873135603043206
Qwen3-8B,answer_query,26,27,0.7714285714285715,1,200,20,0,0.6502180407299375,0.6729668994848266,0.999990631629919,0.0030607793257593475,14.511153156969927,1.1292565161327848,1.1292565161327848,1.0,1.0,27.685688934213708,27.685688934213708,0.9996581322311433,0.01848966654260273,0.986331914853156,0.9999216227037109,0.008853095294251365,0.9994579124629114,0.9997498720505087,5,,,,,,,,,,,,,,,,,,,,,,,,,,,,,,,,,
Qwen3-8B,answer_query,26,27,0.7714285714285715,2,200,20,0,0.9181816167705631,0.9209664934655388,0.9999421333541081,0.0076070129414872525,10.245697006433778,1.1296215338691424,1.066962993616901,1.0587260670024132,1.0000000000000002,27.60543576472506,28.70095559381695,0.999589028921712,0.02027242161874294,0.9889385741793875,0.9998639346226418,0.011664706484013725,0.9993894395187249,0.9996824497493745,5,,,,,,,,,,,,,,,,,,,,,,,,,,,,,,,,,
Qwen3-8B,answer_query,26,27,0.7714285714285715,3,200,20,0,0.9766895904229441,0.9774753781260426,0.9999649478513096,0.005920485511369297,7.265712599799613,1.1298810625854137,1.0621843897875103,1.0637334472703426,0.9999999999999999,27.46170447900849,29.737689679446884,0.999430630743679,0.023861459643556165,0.989026819852103,0.9998335921912531,0.01289991506743038,0.9991769932216034,0.9996432845130213,5,,,,,0.9729186496791077,0.9999999999999999,500.0,-0.3150982363013786,-0.924600448037587,0.7094948964560925,0.001996007984031936,500.0,0.0033885295199060105,0.001585310910544328,0.005941468923230296,0.13251446003060757,0.043842435465966265,0.2880229219034594,7.699643433159579,4.549550487162682,13.646310237870114,7.814876703837323,4.637343239053094,13.77380698937428,1.1299890328313018,0.0018604892594884389,1.0916205863763309,0.0023931057754354623,1.0623062497508668,0.0015151442912060096,3.627383245315433,0.6700505351226128,0.892135387797673
Qwen3-8B,answer_query,27,28,0.8,1,200,20,0,0.6729668994848266,0.6160180522685843,0.9716750756855674,0.1683001019442131,18.542100323576026,1.3452916692258028,1.3452916692258028,1.0,1.0,34.720892693815195,34.720892693815195,0.9648932288021175,0.18736801007077644,0.9002591286542503,0.967419516520166,0.1805006467573842,0.9524122872087211,0.9717693934456131,5,,,,,,,,,,,,,,,,,,,,,,,,,,,,,,,,,
Qwen3-8B,answer_query,27,28,0.8,2,200,20,0,0.9209664934655388,0.8400702166330308,0.9596589767510301,0.20085074868909478,12.687587702725544,1.4499754148150623,1.1765013258312313,1.232446902506135,1.0000000000000002,37.08406295254428,41.54048966125739,0.9399506772043917,0.24504963333089935,0.8605052170383479,0.9565465045369373,0.2084550202395294,0.928105558617585,0.9505783931564308,5,,,,,,,,,,,,,,,,,,,,,,,,,,,,,,,,,
Qwen3-8B,answer_query,27,28,0.8,3,200,20,0,0.9774753781260426,0.9512734708932109,0.9982672673938994,0.0416261048634226,8.97738384998986,2.1635393193053702,1.1677379670547952,1.852760962086495,1.0,35.766298903830524,46.13900630290326,0.9832215766573466,0.12953155346344566,0.8293727786702969,0.9936400033588471,0.07974958709079905,0.9780916880808206,0.990018829976295,5,,,,,27.4680965601615,0.9951251646903819,500.0,-0.34736344641930766,-0.9694891373340458,0.4420701204082945,0.001996007984031936,500.0,0.015841799663882786,0.007639140379840612,0.03321243094640731,0.5294652867646477,0.14852225043630146,1.3709218349013481,7.7648232031299385,5.13688584690756,13.35133972201081,5.873604017645926,3.682794277452087,12.71052928703189,2.151395704329439,0.035454136265859665,1.4505579232627723,0.01084652862410128,1.1675970163678275,0.0036186920208345825,3.7113859932808237,0.6465753095117657,0.8977928831252988
Qwen3-8B,answer_query,28,29,0.8285714285714286,1,200,20,0,0.6160180522685843,0.5845427535587424,0.9857907187359174,0.11920268983576932,34.604971098165294,1.1138640876858803,1.1138640876858803,1.0,1.0,28.5775696278421,28.5775696278421,0.9811835565198069,0.13717304210446402,0.9702110897129009,0.9849559918886602,0.12265401791763589,0.9796503029395807,0.9835484215277913,5,,,,,,,,,,,,,,,,,,,,,,,,,,,,,,,,,
Qwen3-8B,answer_query,28,29,0.8285714285714286,2,200,20,0,0.8400702166330308,0.8290240588105877,0.991305674290429,0.09324336818010676,23.59557926911262,1.2198362563816592,1.0927425776585284,1.116307061993924,1.0000000000000004,29.432475232253722,33.93786292452673,0.9864663733580185,0.11633411641466784,0.9594046054354701,0.9899422913437442,0.10028812819200399,0.9841315124474797,0.9884582773226706,5,,,,,,,,,,,,,,,,,,,,,,,,,,,,,,,,,
Qwen3-8B,answer_query,28,29,0.8285714285714286,3,200,20,0,0.9512734708932109,0.9474580499477623,0.9889684272768894,0.10503129401807179,17.812676563336773,1.2453966509292214,1.0902030054357628,1.1423529789586542,0.9999999999999993,30.402031762972587,36.73634171487447,0.979800784420936,0.14212394442550494,0.9509427005476517,0.9861948909890714,0.1174951446270382,0.9738132679156045,0.9852912355955461,5,,,,,9.161301262316382,0.9940711462450592,500.0,-0.31207175857132063,-1.0223860720290097,0.45936865256389436,0.001996007984031936,500.0,0.016363152885929932,0.005437649359130247,0.0457639015771166,0.6368245906816788,0.13502500889399058,1.7327163991200192,5.789666377049984,3.4658948532351554,14.128933646071316,6.093833552304581,3.5894074900258457,13.595910920420094,1.2494448518117778,0.0252264404715567,1.1415887429982785,0.008023527617055175,1.0902271129060428,0.001819480764992503,3.0170413657148942,0.7674051301286331,0.6825491552451008
Qwen3-8B,answer_query,29,30,0.8571428571428571,1,200,20,0,0.5845427535587424,0.5787078332969711,0.9991192724316628,0.029677054576510806,43.64011551039878,1.127597810938868,1.127597810938868,1.0,1.0,28.39265545053749,28.39265545053749,0.997818738422031,0.046703978181403503,0.9855947221811711,0.9986462770732625,0.036792973877324706,0.997107369560236,0.9987888844433016,5,,,,,,,,,,,,,,,,,,,,,,,,,,,,,,,,,
Qwen3-8B,answer_query,29,30,0.8571428571428571,2,200,20,0,0.8290240588105877,0.8260515450914074,0.998875902959306,0.033527556437862434,30.94615874299603,1.1446033773924933,1.1216961377264323,1.0204219653572952,1.0000000000000002,26.733123124394094,28.801851133554365,0.9974919143820158,0.05008079090813364,0.9842948056662295,0.9984443294281932,0.03944198995749123,0.9969652997752639,0.9979740952956919,5,,,,,,,,,,,,,,,,,,,,,,,,,,,,,,,,,
Qwen3-8B,answer_query,29,30,0.8571428571428571,3,200,20,0,0.9474580499477623,0.941439767753784,0.9997409734241195,0.016094302590683892,23.578075050543156,1.1634327612927629,1.09989775779428,1.0577644631496432,1.0000000000000007,26.01114204678595,29.359210431635773,0.9982918924227775,0.04132925812572188,0.9839513105806525,0.9993207849875264,0.026061753825742173,0.9978123886186918,0.9988359848142266,5,,,,,3.534524138276401,0.9986824769433464,500.0,-0.3171213006083405,-1.0685759579438345,0.48704240348746014,0.001996007984031936,500.0,0.005207468595433775,0.0021522381438288797,0.00975312353741213,0.18223300678335191,0.052249811377591736,0.4478728365494793,6.0468735049758235,3.6768307263780664,12.23212122951507,6.620324702636607,3.9091065994406775,13.053316129151783,1.1633300557890467,0.0036477617145254633,1.1239149345173287,0.005011629118310113,1.1001544037710786,0.004737231721059882,3.0277734083088967,0.8380591221871408,0.5716953567777103
Qwen3-8B,answer_query,30,31,0.8857142857142857,1,200,20,0,0.5787078332969711,0.5715648013276615,0.9998498819564818,0.0122522668726323,55.6473804076324,1.0664396539607583,1.0664396539607583,1.0,1.0,21.975463606465162,21.975463606465162,0.999501728890688,0.02232198712731486,0.9955835342587009,0.9997347145988845,0.016287584262728277,0.999429594697186,0.9995500756752692,5,,,,,,,,,,,,,,,,,,,,,,,,,,,,,,,,,
Qwen3-8B,answer_query,30,31,0.8857142857142857,2,200,20,0,0.8260515450914074,0.8106115521305133,0.9996949521123524,0.017465620162124138,39.715726936104225,1.0686760802271393,1.0519526894617033,1.0158974742238585,1.0,21.501489287734472,23.287832824921374,0.9991778354077482,0.028673412637002026,0.9955688419277781,0.9995558145504253,0.021075707569965293,0.9989521927736891,0.999372098986675,5,,,,,,,,,,,,,,,,,,,,,,,,,,,,,,,,,
Qwen3-8B,answer_query,30,31,0.8857142857142857,3,200,20,0,0.941439767753784,0.9282750335708035,0.9990538366929672,0.03075976766870702,30.175651035401387,1.0830009315008864,1.050892753137134,1.0305532398695327,0.9999999999999987,20.8491631899621,24.168836662308227,0.9979479596224662,0.04529945228734908,0.9940455112866277,0.99873587378975,0.035554552595271446,0.9967656120056774,0.9989107339986412,5,,,,,1.6137175751724846,0.9988142292490118,500.0,-0.34996379091278107,-1.0221421023245356,0.4248875372101958,0.001996007984031936,500.0,0.004655989008992758,0.0020986322346242202,0.010244241842772332,0.18639881722410484,0.04319496380368483,0.5286189082940512,6.697141162108478,3.726356817297085,14.43574203661167,7.151015600661256,3.700717536145405,16.388813419433497,1.0835825347499304,0.004867790670792415,1.0661279267615305,0.0018546366068963663,1.050793714981366,0.0018973225983956181,3.124590338679007,0.8689930627605941,0.5143282178642269
Qwen3-8B,answer_query,31,32,0.9142857142857143,1,200,20,0,0.5715648013276615,0.5922438138570857,0.9981627802555064,0.0428628014074396,63.42350183135499,1.155025162277766,1.155025162277766,1.0,1.0,22.233910013595,22.233910013595,0.9967797511750816,0.05674723627559729,0.978794003670302,0.9977820423560562,0.04709519767390128,0.9958036310759606,0.9982025777386734,5,,,,,,,,,,,,,,,,,,,,,,,,,,,,,,,,,
Qwen3-8B,answer_query,31,32,0.9142857142857143,2,200,20,0,0.8106115521305133,0.8239653683349475,0.9990474036153484,0.03086416019676481,44.974623298744916,1.1622561320009661,1.1106230284557774,1.0464902151515623,1.0000000000000007,22.156708504647348,23.188268264054045,0.9978200180158634,0.04669027719061696,0.9805513042587126,0.9987154064971042,0.035841226302901076,0.9973592241561777,0.998698792541121,5,,,,,,,,,,,,,,,,,,,,,,,,,,,,,,,,,
Qwen3-8B,answer_query,31,32,0.9142857142857143,3,200,20,0,0.9282750335708035,0.9334072015151222,0.9998485488441068,0.01230654930893352,34.33524548451445,1.1752369712289832,1.0820250257415853,1.0861458314455466,0.9999999999999999,21.315417408963043,23.504677292965983,0.9986902049150697,0.03619109123707599,0.9817051697180714,0.9995225354560069,0.021850962083925094,0.9983012434058582,0.9992883062165536,5,,,,,3.541161911373232,0.9989459815546771,500.0,-0.32920996850931883,-1.0709714681605669,0.3812605875809187,0.001996007984031936,500.0,0.004976400964108344,0.002322981891150026,0.009923863172997774,0.17239985372430505,0.0557444081830373,0.45791370536294335,7.040641896562083,3.7238683109038933,14.356385050065374,6.8769300877958885,3.6787138763093736,13.115429924977366,1.1747492823913859,0.0027606953048982404,1.1116293732776987,0.004122745970381119,1.0811518150758805,0.003387455029443343,3.123355253674071,0.8478883202458625,0.5522088128448898
Qwen3-8B,answer_query,32,33,0.9428571428571428,1,200,20,0,0.5922438138570857,0.5591519160142597,0.9968933775210801,0.05573708351645199,84.93749684635796,1.0502096120280828,1.0502096120280828,1.0,1.0,23.802351806148828,23.802351806148828,0.9961862745346594,0.06175536790709521,0.9938198225301133,0.9967989521987433,0.05657780307909432,0.9953958093482338,0.9968583844929685,5,,,,,,,,,,,,,,,,,,,,,,,,,,,,,,,,,
Qwen3-8B,answer_query,32,33,0.9428571428571428,2,200,20,0,0.8239653683349475,0.8095270416308186,0.9991236558045985,0.029603111245297322,59.085088131748726,1.131070771656049,1.0448715893615377,1.0824973931458726,1.0000000000000002,23.478416506317828,26.412609715683793,0.99806035719822,0.04404137602051077,0.9905164968507326,0.9989610625886459,0.03223255204531734,0.9975784763451544,0.998465206380662,5,,,,,,,,,,,,,,,,,,,,,,,,,,,,,,,,,
Qwen3-8B,answer_query,32,33,0.9428571428571428,3,200,20,0,0.9334072015151222,0.9230878276364446,0.9991364262012613,0.029386626188432154,44.6219779647429,1.1327535725447841,1.041396459446127,1.087725584497614,1.000000000000001,23.856887062002716,27.5759076563834,0.9962721775278424,0.061055896293131844,0.9891452240126932,0.9986718749051743,0.036443450643781315,0.9941790411432182,0.997277329443014,5,,,,,3.369398772738424,0.9982872200263504,500.0,-0.35423076272403875,-1.1164595782588222,0.41700753975584587,0.001996007984031936,500.0,0.007563828224112155,0.0029821998770779186,0.016198058861728856,0.2935945962527352,0.0649151213852122,0.7845624406638344,6.798235973184477,4.070265910290035,13.484124245113582,7.154100456528884,4.149083371166058,13.930160034285713,1.1338702525986328,0.005679225845111202,1.1020753377223924,0.005631360268469653,1.0410392353185765,0.003772843066365306,2.934287463229863,0.8172807362348534,0.6045183361030287
Qwen3-8B,answer_query,33,34,0.9714285714285714,1,200,20,0,0.5591519160142597,0.5637931852302972,0.9984674136509114,0.039148261124711085,94.16086646795362,1.0946917629449642,1.0946917629449642,1.0,1.0,26.62363374486661,26.62363374486661,0.9977101239657843,0.047852649187017204,0.9900713067909438,0.9983010998153106,0.041217716878661284,0.9973292859916234,0.9982604373923922,5,,,,,,,,,,,,,,,,,,,,,,,,,,,,,,,,,
Qwen3-8B,answer_query,33,34,0.9714285714285714,2,200,20,0,0.8095270416308186,0.8048967031505346,0.9986463060274009,0.03679258040147603,68.16194801991253,1.095098456996055,1.0693540943160191,1.0240746847249904,0.9999999999999996,26.208163590611,26.884078556313472,0.9976505885688356,0.04847072756999192,0.9910761655035605,0.998359485599962,0.04050326406646697,0.997173543403669,0.9981050960512298,5,,,,,,,,,,,,,,,,,,,,,,,,,,,,,,,,,
Qwen3-8B,answer_query,33,34,0.9714285714285714,3,200,20,0,0.9230878276364446,0.9244717439679256,0.9994802829040709,0.02279730457596211,51.81582272896529,1.1438348137913965,1.0631376606947203,1.0759047074336014,1.0000000000000002,26.20010269903536,28.038465780222445,0.997889774368833,0.04593719224296411,0.9896645596942591,0.999159582317842,0.028989958298659593,0.9970829847267624,0.9985235764115088,5,,,,,3.150766753982345,0.9973649538866929,500.0,-0.35482868026406333,-1.0562499506888572,0.3495991061740393,0.001996007984031936,500.0,0.0060181477122621795,0.0023583227307788688,0.014699254337173532,0.24770854201590356,0.06903489396437823,0.6626247785122308,7.371765569496112,4.121412033431257,13.935435527037814,7.107471875103874,3.938479831980364,13.005022804178866,1.1424142666947408,0.007235740104467942,1.0770480385749726,0.002611791049871503,1.06299934973684,0.002258187453367141,2.883087840256681,0.8345574578013776,0.5765379537881342
Qwen3-8B,answer_query,34,35,1.0,1,200,20,0,0.5637931852302972,0.5621667493305592,0.9963060058936667,0.060778237111102036,113.23690027841934,1.054089574338907,1.054089574338907,1.0,1.0,20.684986442710226,20.684986442710226,0.9944289888957495,0.07463920621396285,0.9918694710506789,0.9959780397700498,0.06341892643328319,0.9939377083460167,0.995519864222659,5,,,,,,,,,,,,,,,,,,,,,,,,,,,,,,,,,
Qwen3-8B,answer_query,34,35,1.0,2,200,20,0,0.8048967031505346,0.8036995071525865,0.9995003411494771,0.022353050139139928,80.83106544809986,1.0826091490648613,1.0317121265773763,1.0493325814210712,0.9999999999999994,19.74993762351447,21.44062486608113,0.997023212304209,0.05455994589248642,0.9921027743693466,0.9991686573984655,0.0288330123562289,0.9957118284519899,0.9983242316526657,5,,,,,,,,,,,,,,,,,,,,,,,,,,,,,,,,,
Qwen3-8B,answer_query,34,35,1.0,3,200,20,0,0.9244717439679256,0.9195494538940624,0.9995186851291992,0.02193888946143031,61.89285801030702,1.0871788560812086,1.027195826796595,1.0583949308591685,0.9999999999999997,20.86775358806678,26.395219900966087,0.9953016556629495,0.06854446977729521,0.9905552545007843,0.998897855128224,0.0331985673151111,0.9932390590524368,0.9980692467862069,5,,,,,3.7666241457510066,0.9980237154150196,500.0,-0.3489048729736481,-1.1133619139934645,0.3633042738307495,0.001996007984031936,500.0,0.007742717538131501,0.003074207208616459,0.018021706621783963,0.3210140741589727,0.07763901222346835,0.8617990213718144,6.839801035470886,4.138493407966775,12.04921484537739,7.357206157316636,4.277362388807002,12.930369183038266,1.0879293947054671,0.005019412225032332,1.0405923847196672,0.007042729095340705,1.026513982231617,0.002953276695588362,,,
Gemma4-E4B,prompt_running,0,1,0.024390243902439025,1,200,20,100,0.29818490048400614,0.29560070819920353,0.028316488499852133,0.9857400831355838,0.0019283093923550651,0.08054561749320267,0.08054561749320267,1.0,-1.0,84.48790290808488,84.48790290808488,0.05909707018772048,0.9700015102113396,-2.4678084500489987,-0.8017064097652431,1.3422765772243972,-1.2449495572613714,0.23997144965327677,5,0.01858140120022045,0.9906657351497424,-0.281617377236133,1.1320854107513854,,,,,,,,,,,,,,,,,,,,,,,,,,,,,
Gemma4-E4B,prompt_running,0,1,0.024390243902439025,2,200,20,100,0.471804584359012,0.4980508688213354,0.5924383474836654,0.6384055548915084,0.0015255387008177139,0.4031705358906038,0.36538935746752577,1.1033997779380749,-1.0000000000000004,74.4252666656833,78.03028959917636,0.4125566924737092,0.7664485028534473,-3.0311051737495456,-0.11059714931713116,1.0538487317054241,0.1696202138526911,0.7522523011432755,5,0.3954446794824863,0.7775315559625305,0.6025972626446683,0.6303988716323433,,,,,,,,,,,,,,,,,,,,,,,,,,,,,
Gemma4-E4B,prompt_running,0,1,0.024390243902439025,3,200,20,100,0.6075316775945137,0.6282921637820024,0.8401241501850065,0.3998447821530168,0.0013096002269700955,0.6038386833272685,0.36292347543303777,1.6638181991583003,-1.0000000000000002,72.00297254372381,78.30877160310462,0.5695420901107433,0.6560929125430762,-3.442579386872201,0.20578819035106166,0.8911856201986982,0.22709109899400404,0.7163525514550496,5,0.48531523324101244,0.7174153376942729,0.5586935427339355,0.6643090073648441,75.69446947624525,0.674703557312253,500.0,-0.3310396754166684,-1.0792868369254476,0.37815512024727566,0.001996007984031936,500.0,0.5075444233038802,0.1760382765393828,1.0923782178473769,115.10030467243104,22.852379022371448,175.7368937580281,66.3939459385195,38.47970226842523,88.8221329810188,59.7045316666303,36.15094481310314,87.80447167000685,0.5479129926788456,0.07328345429985302,0.41566142733772243,0.04449311301576817,0.26034810269092146,0.10721230247106263,0.2638827791052114,0.04717201081649709,1.7881506164064156
Gemma4-E4B,prompt_running,1,2,0.04878048780487805,1,200,20,100,0.29560070819920353,0.4905082026344894,0.2887200381430317,0.8433741529457542,0.0004426789517441917,2.809502747471516,2.809502747471516,1.0,1.0,83.44328072292025,83.44328072292025,0.006166285109756475,0.9969120898505763,0.06489293251666395,-0.2922427960250986,1.1367685762832727,-0.3405057336921573,0.2993610169355816,5,0.054948332760857865,0.9721376791582261,-0.5061405512302397,1.2272491805783534,,,,,,,,,,,,,,,,,,,,,,,,,,,,,
Gemma4-E4B,prompt_running,1,2,0.04878048780487805,2,200,20,100,0.4980508688213354,0.6434685083687185,0.8081974641536689,0.4379526639333652,0.0003729298178415301,5.425091192750583,2.6810452591969955,2.023498549358865,-0.9999999999999998,77.8602056432228,82.3123344374373,0.14008860176198668,0.9273140774505763,0.03941027711285083,-0.040110158110503225,1.0198579107456602,-0.19734652682817688,0.2605654244597305,5,-0.023446926817449976,1.0116555376300027,-0.9677197727836191,1.4027543522597317,,,,,,,,,,,,,,,,,,,,,,,,,,,,,
Gemma4-E4B,prompt_running,1,2,0.04878048780487805,3,200,20,100,0.6282921637820024,0.7440850627499515,0.8174882864474715,0.4272138967221554,0.00031363447237827693,5.463008431256066,2.4603286124791794,2.2204385233528625,0.9999999999999999,77.8602972377541,84.55000997628484,0.18494114029517583,0.9028061030502752,0.02787045074887662,0.045887409376068056,0.9767868706242585,-0.2443310103655243,0.4317339349016688,5,0.024254103537552973,0.9877985100527572,-0.9358513988116139,1.391348769651813,152.17896305627636,0.5433465085638999,500.0,-0.3401708598745703,-1.1587772924308744,0.4796796446718239,0.001996007984031936,500.0,0.493110719994327,0.21650835475306102,0.9699550411677231,25.407498358304643,7.18020161697539,125.03677359159919,59.52532021973248,36.40747539285763,88.8887036667326,63.07669358285696,36.363611351080415,88.57399778636407,4.744972028054625,0.8770689127552248,2.955178692416827,0.38130621728877,1.5421961432138112,0.8075794989960277,1.5789045794462242,0.08880320028132001,1.5025628575218104
Gemma4-E4B,prompt_running,2,3,0.07317073170731707,1,200,20,100,0.4905082026344894,0.7006849396643415,0.9395709293384852,0.24582325085620932,0.01212658709411612,1.9568199581140386,1.9568199581140386,1.0,1.0,65.13948232119617,65.13948232119617,0.8744402787279849,0.35434407187367345,0.6724584454997202,0.9059500332822161,0.30667567024102815,0.8273394135873164,0.9240377050366204,5,0.8757821874201496,0.3524454746196218,0.7037820652097242,0.5442590695526128,,,,,,,,,,,,,,,,,,,,,,,,,,,,,
Gemma4-E4B,prompt_running,2,3,0.07317073170731707,2,200,20,100,0.6434685083687185,0.7914689317048144,0.9423794307180261,0.24004284884572993,0.00795407382297014,1.957564745808655,1.2759193152894002,1.5342386641154075,1.0000000000000004,57.917938691280526,65.36158463090513,0.8911991654433786,0.3298497151076856,0.7039831265720604,0.9170758505826122,0.28796553512076367,0.8505592268541472,0.9269256205681062,5,0.8865797166186518,0.33677927991690376,0.7033420609971511,0.5446631426880737,,,,,,,,,,,,,,,,,,,,,,,,,,,,,
Gemma4-E4B,prompt_running,2,3,0.07317073170731707,3,200,20,100,0.7440850627499515,0.8385034803788656,0.9456724742078466,0.23308265871178283,0.006131880004184112,1.9814867321872345,1.1110764101420372,1.7833937559109245,0.9999999999999996,55.871856255312885,65.42832845550534,0.8752367563499797,0.35321840785839614,0.6107872262777485,0.904413519433693,0.30917063341512074,0.8332800235926994,0.9175758892111721,5,0.8870864306471209,0.3360261438532412,0.7186233920000875,0.5304494396263536,5.257212063255455,0.8397891963109354,500.0,-0.33460614259907157,-1.5597050610822267,0.6766125800815881,0.001996007984031936,500.0,0.2671757110929279,0.10170357281967815,0.9476440745271375,13.945661319963023,4.087998128870636,79.22777211017163,63.74153273932164,36.34671493316158,88.12968913649533,71.5083860648569,43.214754263926736,89.05023156935654,1.98800184872918,0.13965563988207044,1.2864986363057482,0.08217823878254034,0.9447463658489823,0.26761099435624247,1.258036389584145,0.24077900342020184,1.249280893554439
Gemma4-E4B,prompt_running,3,4,0.0975609756097561,1,200,20,100,0.7006849396643415,0.8068679913267911,0.9914392589295068,0.09252427287200485,0.04951975405980155,1.589194598233246,1.589194598233246,1.0,1.0,62.50559463616371,62.50559463616371,0.9644362071862811,0.18858364938063674,0.8137607970214612,0.9689404673357997,0.17623714893347625,0.9555066346898946,0.9705687667025226,5,0.9597445225164253,0.2006376771286359,0.9415707743549492,0.24172138019846492,,,,,,,,,,,,,,,,,,,,,,,,,,,,,
Gemma4-E4B,prompt_running,3,4,0.0975609756097561,2,200,20,100,0.7914689317048144,0.8706758508036883,0.9629513204469207,0.1924803354971082,0.027967881586531296,1.6043518719029122,0.9358776493413671,1.7142752292802272,1.0000000000000002,60.02075853873508,64.52682339113966,0.9602521720027878,0.19936857324365906,0.8109631976057623,0.9595076779589634,0.2012270410283781,0.9373827030430157,0.970700298109355,5,0.9467480027399999,0.23076394272069475,0.9241656872528838,0.2753803056631251,,,,,,,,,,,,,,,,,,,,,,,,,,,,,
Gemma4-E4B,prompt_running,3,4,0.0975609756097561,3,200,20,100,0.8385034803788656,0.902011031405212,0.9484516279047029,0.22704266580380228,0.019753284144387876,1.608317403506926,0.5419580511186486,2.9676049653422787,0.9999999999999996,61.55529233337116,75.70675217679782,0.9353411745032356,0.25428099712083163,0.7611549413576862,0.9313003736443397,0.26210613566961827,0.9099189674464662,0.9679712085828951,5,0.9266273735564158,0.270873820151716,0.8958820907210377,0.32267306872275886,24.42320508150667,0.9412384716732543,500.0,-0.3578296653603826,-1.5774332833936313,0.7363158703367675,0.001996007984031936,500.0,0.5088627367278254,0.22261175435045805,0.9610450949181616,29.37751105020955,4.7253246780960865,154.1701736905103,72.27641960097253,42.6552879296272,89.5628960874969,66.90573094898272,37.780798107079555,88.01868680143394,1.6674770912543786,0.058016286516817145,1.1390223123918901,0.09708212512149897,0.7397052968994002,0.2671394966355458,0.46628557339473603,0.03145870891932042,1.617212801091816
Gemma4-E4B,prompt_running,4,5,0.12195121951219512,1,200,20,100,0.8068679913267911,0.9413659150329401,0.7106855674638597,0.5378795706625604,0.1263962673791616,3.21346573246314,3.21346573246314,1.0,1.0,76.68307402040442,76.68307402040442,-2.713855872261413,1.9271367030549267,0.32803460130138573,-0.2088426590519643,1.0994738100800603,-4.910587507740887,-1.972917218513016,5,-3.2199796046745597,2.054258894266874,-0.013472143563395544,1.0067135359988937,,,,,,,,,,,,,,,,,,,,,,,,,,,,,
Gemma4-E4B,prompt_running,4,5,0.12195121951219512,2,200,20,100,0.8706758508036883,0.968941414761276,0.9018932604155283,0.31321995400113267,0.0681958999623957,7.059315260052241,0.16638668210033575,42.4271652691246,-1.0000000000000002,79.6213168343393,88.19380290305845,-2.8914888015707123,1.9726856824062753,0.2561588430669758,-0.18969275183213274,1.0907303754054587,-3.4762338629521095,-1.6783173130262337,5,-3.8693297977445207,2.206655795031142,0.1900710284893351,0.8999605388630464,,,,,,,,,,,,,,,,,,,,,,,,,,,,,
Gemma4-E4B,prompt_running,4,5,0.12195121951219512,3,200,20,100,0.902011031405212,0.9856217813278255,0.9083305661076637,0.30276960529804886,0.04710015712193115,7.18756771361624,0.8653201154178016,8.306252894798215,-1.0,69.62635112257895,85.40951640771152,-2.1173579012863972,1.7656041179399184,0.1860027437200097,-0.04294522561053049,1.0212468974790232,-2.7120434145232095,-1.2668421133530563,5,-3.0364825767839534,2.0090999419600695,0.17010694810727034,0.9109846606242773,113.4825055838619,0.633596837944664,500.0,-0.34509188342604064,-1.1262649239030378,0.8670331128969635,0.001996007984031936,500.0,0.4953355448865001,0.1913144308171667,1.0838859575963478,116.74894433846673,12.718609629131779,177.79076541793566,67.28067843405304,37.532559273884814,88.28294107176743,29.876536721185175,20.02909795429899,45.26007375407482,6.190440120430944,1.3003994446280596,1.1163390535845734,0.28351756837395775,0.5731734525616223,0.26501222455403495,0.021443635851307652,0.0021083292943896285,1.7145640249361185
Gemma4-E4B,prompt_running,5,6,0.14634146341463414,1,200,20,100,0.9413659150329401,0.9198666798664148,0.999399716720218,0.02450067916980988,1.8402287892729823,0.7226328390751149,0.7226328390751149,1.0,1.0,41.71150004406461,41.71150004406461,0.9766610038132179,0.15277105807967084,0.8087038650926264,0.9956756921729412,0.06575946948583779,0.969586410335787,0.9804389460291516,5,0.9791010211700315,0.1445647911144637,0.9984970719471424,0.03876761603268396,,,,,,,,,,,,,,,,,,,,,,,,,,,,,
Gemma4-E4B,prompt_running,5,6,0.14634146341463414,2,200,20,100,0.968941414761276,0.9546120735665847,0.9991280059412829,0.02952954552168229,0.9470673720432079,0.8171640091954897,0.7082519577374113,1.1537758565553562,1.0000000000000002,43.81954882628019,46.17295485324453,0.9460439404667947,0.23228443670036375,0.7869189929367759,0.9871952252648803,0.11315818456974115,0.881738821603888,0.9751273885110215,5,0.9719015929172969,0.16762579480110773,0.9973652241424871,0.051330067772338984,,,,,,,,,,,,,,,,,,,,,,,,,,,,,
Gemma4-E4B,prompt_running,5,6,0.14634146341463414,3,200,20,100,0.9856217813278255,0.9779341058671225,0.9990884224925457,0.030192341867670232,0.642247450705895,0.8524171767046022,0.7092276438751475,1.2018950249134137,0.9999999999999993,44.635354662424184,47.49496527383438,0.963486811917085,0.19108424341874733,0.7853874450065491,0.9886899749654303,0.10634860146974029,0.9525262332322957,0.973620729239173,5,0.9650003471629081,0.1870819415044969,0.9964447082652196,0.059626267154504864,7.0348977028862345,0.9913043478260868,500.0,-0.26558075427328304,-0.9714418745971387,0.9188933485151386,0.001996007984031936,500.0,0.06994745687937227,0.030136906463176964,0.13861395275324512,3.1425682409591182,0.9981458243811882,7.858585467891711,29.926265526694568,20.298654321646843,48.202595590132226,31.281882727133116,20.99802428142048,53.13496497727994,0.8595342536523412,0.030144582041200345,0.7906146197207361,0.021237662461497983,0.7026924584604398,0.019686444169484767,1.3248175891204534,0.48001004667517916,1.0690951264124662
Gemma4-E4B,prompt_running,6,7,0.17073170731707318,1,200,20,100,0.9198666798664148,0.888448494858233,0.996481716511742,0.05931512023302298,0.9634644783668257,1.0335836110461853,1.0335836110461853,1.0,1.0,41.33405674337624,41.33405674337624,0.9734645529901943,0.16289704420217607,0.9713457989132652,0.991693978855091,0.09113737512628375,0.9617279491835311,0.9855382087161308,5,0.9687053864892525,0.176902836355858,0.997147678227115,0.05340713222861696,,,,,,,,,,,,,,,,,,,,,,,,,,,,,
Gemma4-E4B,prompt_running,6,7,0.17073170731707318,2,200,20,100,0.9546120735665847,0.93026626449075,0.995470288887992,0.06730312854546901,0.49992832854597447,1.1401024845568586,1.0189788850532764,1.1188676245212377,1.0000000000000002,44.96746730946367,48.842995659053734,0.9438674982615298,0.23692298693556568,0.9422474365119116,0.982789765546091,0.1311877831732398,0.9158779633887462,0.9724681596115481,5,0.9494739568239227,0.22477998837992083,0.9927378077679465,0.08521849700653875,,,,,,,,,,,,,,,,,,,,,,,,,,,,,
Gemma4-E4B,prompt_running,6,7,0.17073170731707318,3,200,20,100,0.9779341058671225,0.9645920943006774,0.9979559409568415,0.04521127119600283,0.3414280184324191,1.339315572850098,0.9499540692822824,1.409874030922347,1.0,46.185240471263484,52.33903955078285,0.9192191197665347,0.2842197745292633,0.9219590802533022,0.9732675948056558,0.16350047459975192,0.8801995274878995,0.9434695121257825,5,0.8948517979220618,0.3242656350554869,0.9873854746962386,0.11231440381251824,13.443407766055417,0.9783926218708826,500.0,-0.332101642940872,-0.9694170293957673,0.8612649792570544,0.001996007984031936,500.0,0.1103249613994081,0.04440455693679271,0.5730510695438928,4.359675169857777,1.528484206960471,16.175685438354535,31.50311043460104,22.012705518627538,53.975239375566964,34.99285698595106,23.381900772400236,70.29373454201452,1.2495268266751376,0.07441916353558836,1.121899563785908,0.04467106688428803,0.9623998627938253,0.07392629913725363,0.7351737266629853,0.29619344646827545,1.2463805296807233
Gemma4-E4B,prompt_running,7,8,0.1951219512195122,1,200,20,100,0.888448494858233,0.8989588426708964,0.9976750713883696,0.048217513536373775,1.034964189123424,0.7371083749828145,0.7371083749828145,1.0,1.0,63.40727335989118,63.40727335989118,0.9670701449855668,0.18146585082167183,0.7940938228277282,0.9917087828952593,0.09105612063305082,0.9569182147237992,0.9748442650149897,5,0.9789138148538303,0.14521082998925958,0.9972532414667699,0.05240952712274879,,,,,,,,,,,,,,,,,,,,,,,,,,,,,
Gemma4-E4B,prompt_running,7,8,0.1951219512195122,2,200,20,100,0.93026626449075,0.9407530666989017,0.9888619463384746,0.10553697769751337,0.5418391024744635,0.7688879877813422,0.6111178890398301,1.2581663891223929,1.0000000000000002,65.60159122330715,68.09118911088012,0.8932640013628744,0.32670475759793516,0.41553320031268026,0.9661674613232858,0.1839362353553922,0.8285578778735282,0.9667576375894219,5,0.9302931474148555,0.26402055333845614,0.9890947646948536,0.10442813464362204,,,,,,,,,,,,,,,,,,,,,,,,,,,,,
Gemma4-E4B,prompt_running,7,8,0.1951219512195122,3,200,20,100,0.9645920943006774,0.9692129144984327,0.9986251714472713,0.03707868056887568,0.3745549237389257,0.802059979449573,0.6286938902506157,1.2757559630965214,-0.9999999999999999,63.69473311941048,65.40495914741179,0.9413681651163297,0.24214011415639158,0.1483181682467477,0.9819723587930453,0.1342670518293848,0.9271932221910855,0.9572042058708419,5,0.9565358747460191,0.20848051528615558,0.9878302090728547,0.11031677536596743,83.80831337799228,0.9839262187088272,500.0,-0.343703102685199,-0.8890726738938897,0.880896649391252,0.001996007984031936,500.0,0.08248186174503942,0.03622252549149348,0.2550934378458149,62.646146785238344,11.807563186047775,161.6146089930998,34.43149260529823,22.879327622083984,69.15747743297864,35.660280653472924,23.047672369942003,73.7659804321815,0.7977887451406834,0.024614417225582618,0.6870607478230976,0.026914564397692877,0.6108846915652857,0.06702745190109276,0.5963418892008335,0.24440254221953667,1.2813419824522083
Gemma4-E4B,prompt_running,8,9,0.21951219512195122,1,200,20,100,0.8989588426708964,0.9282808655262269,0.9961084313233801,0.062382438847963545,0.5647634922809531,1.2643949547953883,1.2643949547953883,1.0,1.0,56.6209383373295,56.6209383373295,0.9702528173891383,0.17247371571013856,0.9412180040495486,0.9884380792730876,0.10752637223915071,0.9548636038372419,0.9784283101047685,5,0.976343791274621,0.15380574997502208,0.9980929411745163,0.04366988465159559,,,,,,,,,,,,,,,,,,,,,,,,,,,,,
Gemma4-E4B,prompt_running,8,9,0.21951219512195122,2,200,20,100,0.9407530666989017,0.960581231954019,0.9975963846039079,0.04902668045148605,0.2955101847289993,1.3660790941371417,0.9775064444882036,1.3975141563924773,1.0000000000000004,55.50064263842553,57.515450562493,0.9556701313871399,0.21054659487358182,0.9102002435643012,0.9877482064417411,0.11068782027964434,0.918082794761663,0.9821146787593695,5,0.973450840140298,0.16293912930816223,0.995783772357038,0.06493248526709904,,,,,,,,,,,,,,,,,,,,,,,,,,,,,
Gemma4-E4B,prompt_running,8,9,0.21951219512195122,3,200,20,100,0.9692129144984327,0.9790153646837871,0.9993684127339484,0.025131400001821753,0.20296667818133055,1.3728677224815622,0.9148335137070597,1.5006749336482774,-1.0000000000000002,55.45928214331124,57.76333910622184,0.9692533936879619,0.1753471023770796,0.7158492151219364,0.9865765142998161,0.11585976739224008,0.956662013931397,0.9764312733694059,5,0.9740592818480024,0.16106122485563554,0.997192327391269,0.05298747596112714,82.9759815422521,0.9889328063241105,500.0,-0.35535272598483403,-0.8749683857602387,0.9187163252203208,0.001996007984031936,500.0,0.07241750844587563,0.029922177478125582,0.1663699970533403,22.446803700380656,3.5059245314672802,77.70189342665253,36.372891542453736,22.972598413597545,72.53477974845927,35.619988869343246,22.213900280957485,75.09216679748434,1.353431264744883,0.03592042951606121,1.0724015100340063,0.04188454751509074,0.9190830018964925,0.06559296886163472,1.7009010449353927,0.3764883439123289,1.1235452602245681
Gemma4-E4B,prompt_running,9,10,0.24390243902439024,1,200,20,100,0.9282808655262269,0.9214110571920938,0.9989354375098991,0.032627633841589926,0.9082245331910057,1.2994265064983923,1.2994265064983923,1.0,1.0,44.3913907749365,44.3913907749365,0.9852331887952379,0.12151876894028363,0.9429056293345599,0.9959369900285194,0.06374174433980129,0.9833495742897764,0.9880486429552375,5,0.987080014542957,0.11366611393481776,0.9992657510407715,0.02709702860515205,,,,,,,,,,,,,,,,,,,,,,,,,,,,,
Gemma4-E4B,prompt_running,9,10,0.24390243902439024,2,200,20,100,0.960581231954019,0.9540084677837132,0.9989185957120795,0.0328847120699042,0.46991351076105514,1.360865066108192,1.2276855921688523,1.108480114769501,1.0000000000000004,47.23733175965934,50.10563090594868,0.9628623586417415,0.19271129016811245,0.9215698935922193,0.991791913650598,0.09059848977439916,0.9129086207087559,0.9809337076670301,5,0.9742155824453393,0.1605752706821965,0.9988113179354551,0.03447726880924478,,,,,,,,,,,,,,,,,,,,,,,,,,,,,
Gemma4-E4B,prompt_running,9,10,0.24390243902439024,3,200,20,100,0.9790153646837871,0.9752609810428657,0.9986314838531383,0.0369934608662364,0.31928762281542955,1.4378956131335165,1.1941874159833474,1.2040786847092078,-1.0000000000000004,47.00072347418584,51.0573992316581,0.9665234729019254,0.18296591785924118,0.8422754368051794,0.9891340971517225,0.10423964144353838,0.9609871497068141,0.9746730739995786,5,0.9633622411522482,0.19140992358744574,0.9968919194480662,0.05575016190051624,124.25541173766796,0.9586297760210802,500.0,-0.3425306913763421,-0.8354047853289289,0.9201646722619535,0.001996007984031936,500.0,0.06948551993008813,0.029959001988934947,0.9769720951604821,34.97674106504732,7.707898719293309,140.37275278698493,35.678805436113564,22.333593135649767,76.46291626107498,35.548097321233264,20.410837081775654,79.55417946376565,1.4293108266247483,0.04855136364340507,1.2993485962441709,0.05094742636524889,1.122516639253478,0.1934356699845373,1.4548667241932265,0.25479689638272285,1.2226596370475027
Gemma4-E4B,prompt_running,10,11,0.2682926829268293,1,200,20,100,0.9214110571920938,0.8848753625377356,0.9662579703014712,0.1836900370148822,1.5382501760277643,1.1217991678663195,1.1217991678663195,1.0,1.0,57.80418576383461,57.80418576383461,0.8931274280015767,0.32691370726603564,0.8789701892274749,0.9473048049014714,0.22955434018665086,0.8321477276724936,0.926251185125775,5,0.9012593313462588,0.31423027965767597,0.9639821307724941,0.1897837433172449,,,,,,,,,,,,,,,,,,,,,,,,,,,,,
Gemma4-E4B,prompt_running,10,11,0.2682926829268293,2,200,20,100,0.9540084677837132,0.964351756373456,0.9867023774676897,0.11531531785634686,0.7963349701773407,2.03717325662636,0.9592664345971101,2.1236782432421584,0.9999999999999993,58.517888399827015,64.36490279730155,0.8086103089980985,0.4374810750214248,0.8385687988723366,0.9341971177426154,0.2565207248106565,0.7253254782082872,0.8675920562281573,5,0.8009148337422675,0.44618960796698587,0.9794274038952496,0.14343150318096218,,,,,,,,,,,,,,,,,,,,,,,,,,,,,
Gemma4-E4B,prompt_running,10,11,0.2682926829268293,3,200,20,100,0.9752609810428657,0.9757564354828097,0.9938072514524854,0.07869401849895963,0.5427166532795514,2.1855751296550956,0.7150582799045067,3.0564992967384015,0.9999999999999983,60.13242836161802,79.64332974563949,0.7942682976303612,0.4535765672625061,0.5391726986782932,0.9113503236611945,0.2977409550915116,0.7263263422800991,0.8629237835948536,5,0.8389136606708758,0.401355627005682,0.9784568136810667,0.14677597323449534,28.137297730393588,0.9022397891963109,500.0,-0.3164551679437632,-0.9584865284816643,0.8943215387154443,0.001996007984031936,500.0,0.16502058955707397,0.055307981434415114,0.6732425257055328,7.098686900798594,1.9358773877453157,44.13514662911909,35.571907004371866,21.352866834158778,84.87196647565247,46.145359667098376,27.89086182541182,84.6287228093294,1.9823915810885735,0.16680622508216497,0.9770431061859488,0.04004989386767167,0.6285624892153373,0.2171071428657671,1.3455180762773051,0.2841432186540538,1.2159637536068169
Gemma4-E4B,prompt_running,11,12,0.2926829268292683,1,200,20,100,0.8848753625377356,0.869347434454888,0.999102568001264,0.029957169404601462,2.007390353205337,1.0779795866203927,1.0779795866203927,1.0,1.0,37.24310686166805,37.24310686166805,0.9860475046608107,0.1181206812509534,0.9823359488219938,0.9949838460331719,0.07082481180227816,0.9827356004967783,0.9923462931318182,5,0.989569156222452,0.10213150237584884,0.9964587792494127,0.05950815700882718,,,,,,,,,,,,,,,,,,,,,,,,,,,,,
Gemma4-E4B,prompt_running,11,12,0.2926829268292683,2,200,20,100,0.964351756373456,0.9624316084536464,0.9993290248885724,0.025903187283180487,1.093843548366477,1.18014768810461,1.0698398784001193,1.103106840501636,0.9999999999999994,42.5249140785556,47.81297248404231,0.9795068286217107,0.1431543620651824,0.9740287313750985,0.993384156662903,0.08133783459803325,0.9715660798845133,0.9881226141035458,5,0.9847589530663368,0.12345463512425629,0.9964974992339714,0.05918192938751388,,,,,,,,,,,,,,,,,,,,,,,,,,,,,
Gemma4-E4B,prompt_running,11,12,0.2926829268292683,3,200,20,100,0.9757564354828097,0.9748051219951456,0.9977555850760818,0.0473752564522687,0.7378530877873354,1.1823961031817112,0.9958152677852932,1.1873649073601535,-0.9999999999999993,45.59272471261232,52.74155442729838,0.9630611284990098,0.1921948789666109,0.9090131674792423,0.99045620291897,0.09769235937897128,0.9524616286664732,0.9685084910764608,5,0.9484922731670968,0.22695313796663655,0.9894423380693849,0.10275048384613636,66.50537380481533,0.9969696969696968,500.0,-0.3644461966281597,-0.9369515387974268,0.8470561850396653,0.001996007984031936,500.0,0.07771470955905338,0.031031309691279846,1.0670237901264121,49.368923203608865,7.556433211857626,162.70945044157773,45.650084015450304,27.627875610647084,86.73431721806266,43.715280448197745,26.80208802287709,84.86479808522589,1.1824391992047967,0.028226986287553005,1.1006703543073189,0.03557367571512711,0.9479779932888156,0.15683571021386686,1.7825949000528467,0.4955582955474855,1.0044355033713341
Gemma4-E4B,prompt_running,12,13,0.3170731707317073,1,200,20,100,0.869347434454888,0.8680809334451935,0.9989165885476312,0.03291521612216439,2.3394326817753526,1.1166254539272127,1.1166254539272127,1.0,1.0,39.749585502673625,39.749585502673625,0.9797944265644016,0.14214630996124528,0.9752510236576505,0.9919486304131907,0.0897294243089151,0.9721461173537423,0.984263419212928,5,0.9838138047506705,0.1272249788733701,0.9974214249899808,0.05077967122795522,,,,,,,,,,,,,,,,,,,,,,,,,,,,,
Gemma4-E4B,prompt_running,12,13,0.3170731707317073,2,200,20,100,0.9624316084536464,0.9641375701939849,0.9993838390450737,0.024822589609593812,1.2949621000502964,1.1588702021853434,1.0901019360570328,1.0630842528149704,0.9999999999999994,43.54310097813445,47.36520310892195,0.9750533377771743,0.15794512408689834,0.9661023105884703,0.9914628725449555,0.09239657707428627,0.972301446498086,0.9797084329331658,5,0.9788241214618536,0.1455193407700377,0.9965245146106131,0.05895324748804721,,,,,,,,,,,,,,,,,,,,,,,,,,,,,
Gemma4-E4B,prompt_running,12,13,0.3170731707317073,3,200,20,100,0.9748051219951456,0.9752819183378713,0.9991634528638064,0.02892312459250685,0.8744071972357829,1.1726980039979722,1.010247005338044,1.1608032469302592,0.9999999999999998,44.978776163487844,47.9334918596768,0.9671179002629746,0.18133422108643846,0.9282660940220147,0.9885969625689187,0.10678500564724114,0.9607477461694015,0.9704431133186424,5,0.9737849273945908,0.16191069330161373,0.9955521626430504,0.06669210865574496,3.3328804995824757,0.9956521739130433,500.0,-0.3460040443803643,-0.8930604293588121,0.7804058741624208,0.001996007984031936,500.0,0.07113301043737102,0.029228295828510286,0.2867873848682623,3.194127824652984,0.9113011982758865,9.25868110091114,43.13231971709295,28.279106686527307,79.93485153185576,44.79274664567053,29.294887769796926,77.91657579012526,1.1884288238827234,0.03394583335400814,1.0989316569017382,0.026494954871330717,0.9765219410926187,0.11428119557610772,1.6296315963111292,0.4786578575976899,1.0220933253080913
Gemma4-E4B,prompt_running,13,14,0.34146341463414637,1,200,20,100,0.8680809334451935,0.8562732829479589,0.9998936641577377,0.010311927184688104,2.9259311059028317,1.020943079273759,1.020943079273759,1.0,1.0,43.23452085708964,43.23452085708964,0.9921742466548937,0.08846328812058887,0.9911923830718747,0.9977673621017005,0.047250797858866864,0.9872815557942267,0.9950316892209444,5,0.9936724762605659,0.07954573363439471,0.9995676347455839,0.020793394489984383,,,,,,,,,,,,,,,,,,,,,,,,,,,,,
Gemma4-E4B,prompt_running,13,14,0.34146341463414637,2,200,20,100,0.9641375701939849,0.9577459657545503,0.999719490151597,0.016748428236792706,1.624848558650125,1.0517435295344164,1.021103327881827,1.030006955041611,1.0000000000000004,45.2393958555214,47.36618286469032,0.9859062311155377,0.11871718024137155,0.9852622099308448,0.9955420084908052,0.06676819234631708,0.9787786313916688,0.9910465156033126,5,0.9884876166087635,0.10729577527207916,0.9991360386656238,0.02939321919042238,,,,,,,,,,,,,,,,,,,,,,,,,,,,,
Gemma4-E4B,prompt_running,13,14,0.34146341463414637,3,200,20,100,0.9752819183378713,0.9708396180208246,0.99862694438767,0.03705476504216502,1.0957533228167702,1.0783143946577072,1.012216400470896,1.0653002600590757,1.0000000000000009,47.375298995932894,52.12121761351891,0.9788171754405832,0.14554320512966867,0.9392978587283279,0.9933737784004071,0.08140160686124615,0.9741110130282011,0.9881644007852607,5,0.9826323461126382,0.13178639492512795,0.9985497841032823,0.03808170028658947,2.063506295876998,0.9964426877470356,500.0,-0.3368415408935388,-0.8592812201290507,0.8306079557330754,0.001996007984031936,500.0,0.05436398819833156,0.025328869447509922,0.5407794526353474,2.14041440914536,0.6561115351125901,6.927952062582332,44.638836953054394,29.077811753695606,79.43954612341705,43.97447623331305,29.206190238514036,81.00535853120022,1.0967807262006841,0.03300532528927349,1.035636597753437,0.019660787967203705,0.966293832193084,0.11050924864573197,1.1710196908548534,0.3828613671704672,1.111929915097254
Gemma4-E4B,prompt_running,14,15,0.36585365853658536,1,200,20,100,0.8562732829479589,0.8234915408599548,0.9979355010401789,0.045436757804899655,3.056194994273598,0.922955470452278,0.922955470452278,1.0,1.0,48.597860187019116,48.597860187019116,0.984473631639786,0.12460484886317258,0.9783691860774995,0.9939890142812393,0.07753054700413729,0.9812822414734227,0.9874144715039395,5,0.9871542187460387,0.11333923086893313,0.9961303159596913,0.06220678451992817,,,,,,,,,,,,,,,,,,,,,,,,,,,,,
Gemma4-E4B,prompt_running,14,15,0.36585365853658536,2,200,20,100,0.9577459657545503,0.9483220578155819,0.9992600828301497,0.027201418526435893,1.7091847221062277,1.0574829352212216,0.9084091916012409,1.1641041779390302,1.0,52.220719799394786,56.08602887417397,0.9787951238505477,0.14561894158883415,0.9716845352171211,0.9927618284069121,0.08507744467888051,0.9748494204257321,0.9811157344598186,5,0.9860669899645439,0.1180381719421987,0.9975062446012682,0.049937514943494354,,,,,,,,,,,,,,,,,,,,,,,,,,,,,
Gemma4-E4B,prompt_running,14,15,0.36585365853658536,3,200,20,100,0.9708396180208246,0.963880796181555,0.9983275326995824,0.04089581030396072,1.1550343564080987,1.066503918029794,0.9073059013108753,1.1754623401974014,-1.0,55.11620574287738,63.12611529874951,0.9689161858248027,0.17630602421697733,0.8816261549835204,0.9891709602717303,0.10406267211766954,0.9620752461679957,0.9739372687051362,5,0.975057163173725,0.15793301373137594,0.996893588395493,0.05573519179573183,162.30223306542683,0.9965744400527008,500.0,-0.3058907861627923,-0.8309340336999641,0.847277405748923,0.001996007984031936,500.0,0.07183451937744972,0.027979323463090493,1.1429285569649938,50.07281614300605,7.074488855346065,163.7097570218223,45.24625740781943,29.88398339230179,78.33093225323684,46.332384317762006,29.682641266722054,85.6085848703631,1.0731421010205664,0.0292665158393174,0.9769278573614772,0.042595616750507014,0.8522348231286321,0.14014852011470882,1.1433068595031775,0.3305207655710782,1.1661907867226442
Gemma4-E4B,prompt_running,15,16,0.3902439024390244,1,200,20,100,0.8234915408599548,0.8201428423467668,0.9994758439163219,0.022894455304244884,2.6140133751346366,1.2016255970374463,1.2016255970374463,1.0,1.0,51.53356925294201,51.53356925294201,0.9836095624113569,0.1280251443609539,0.9639349718749687,0.9954019658889749,0.06780880555669085,0.977528705275033,0.9871811383709151,5,0.9833862086035091,0.1288944971536446,0.9985796776194167,0.037687164666280124,,,,,,,,,,,,,,,,,,,,,,,,,,,,,
Gemma4-E4B,prompt_running,15,16,0.3902439024390244,2,200,20,100,0.9483220578155819,0.9425688714091252,0.9993770651886745,0.024958662049987416,1.505131759141354,1.2203821860341006,1.1697227312565739,1.043308942729621,0.9999999999999992,52.06943796582329,52.62389325728695,0.9753035307958134,0.15715110309567193,0.956670052743089,0.9918268505982326,0.09040547218928398,0.9633759779395263,0.9807115404306059,5,0.9778075480039168,0.1489713126614761,0.9970864083575576,0.053977695786708475,,,,,,,,,,,,,,,,,,,,,,,,,,,,,
Gemma4-E4B,prompt_running,15,16,0.3902439024390244,3,200,20,100,0.963880796181555,0.9576903220706898,0.9984549960703893,0.039306538000829755,1.0198839001320514,1.2740398049128847,1.0589340841518518,1.2031341931290471,-1.000000000000001,54.16852907856565,59.191102507559535,0.9602705428281622,0.1993224953983817,0.9177753048396888,0.9867958387924726,0.11490936083508353,0.9294308299660713,0.9743898646278278,5,0.9669456159835592,0.1818086467042776,0.9964948881235425,0.05920398530890883,62.702119207144094,0.9968379446640315,500.0,-0.33461726201208436,-0.9252545054081374,0.8250557284278729,0.001996007984031936,500.0,0.06909795150630624,0.025438744619211966,1.1333908440279727,43.07578138234452,7.6343383801392966,156.73117384897554,46.124975385759356,28.362134208352213,87.53147525839722,51.387014576541596,31.115756112553704,88.3734846607287,1.2769660708129835,0.04079654279203699,1.1894021268706976,0.021632736379225404,1.054364370341421,0.17010684467716028,0.855648960675962,0.25325431326138564,1.2324178290734535
Gemma4-E4B,prompt_running,16,17,0.4146341463414634,1,200,20,100,0.8201428423467668,0.8052802404732919,0.9965994836453638,0.05831394648483527,3.7839166977409047,0.9320957555676683,0.9320957555676683,1.0,1.0,62.984671879254975,62.984671879254975,0.9744669652504476,0.15979059656172642,0.9672132259514428,0.9925885066928816,0.08609003024229044,0.965947636405184,0.9855575183846942,5,0.98123647275119,0.13698002499930423,0.9952751262002894,0.0687377174461784,,,,,,,,,,,,,,,,,,,,,,,,,,,,,
Gemma4-E4B,prompt_running,16,17,0.4146341463414634,2,200,20,100,0.9425688714091252,0.9339256156319272,0.997781757454944,0.04709822231311855,2.174378600372996,1.0029557066735584,0.8910024925087657,1.1256485981869364,0.999999999999999,62.4866556762984,64.84140648184754,0.9596564649543935,0.20085700148515245,0.9535081061578653,0.9881788101189144,0.10872529549780749,0.954060051344662,0.9687981227406826,5,0.973182259410259,0.16376123042326288,0.9936877041190317,0.07944995834466023,,,,,,,,,,,,,,,,,,,,,,,,,,,,,
Gemma4-E4B,prompt_running,16,17,0.4146341463414634,3,200,20,100,0.9576903220706898,0.9501919545921864,0.9987123360202829,0.035884035164918594,1.4728411580023886,1.0843916263088784,0.817778832771649,1.3260206584628935,0.9999999999999996,63.81827682730375,67.76590416261433,0.8505123577461132,0.38663631781544633,0.8555003250057789,0.9662963024286728,0.1835856682078621,0.746281790079559,0.9376764876810479,5,0.9582030072285664,0.20444312845247115,0.9898180962998713,0.10090541957758603,10.318881918597722,0.9899868247694333,500.0,-0.32378229921830654,-0.8874171082457464,0.8018667547481908,0.001996007984031936,500.0,0.1357838822426981,0.050027073933678744,1.1500366172520713,5.258288413504976,1.4269549002124915,139.83102925493955,50.73182087646319,31.013668635795657,86.4406201828307,59.24035818631724,33.23828459469704,87.47664771125746,1.0699071165572578,0.05578630600614528,0.9439469870041799,0.037942805346635675,0.7624939344136842,0.18145032877602701,0.6831266315350525,0.23515333011215336,1.2374526271015007
Gemma4-E4B,prompt_running,17,18,0.43902439024390244,1,200,20,100,0.8052802404732919,0.796355439329379,0.9996248166182209,0.019369651049492422,3.3052909259135026,0.9916081689906674,0.9916081689906674,1.0,1.0,54.58650096771328,54.58650096771328,0.9909669648406889,0.09504228090334924,0.9908519513852901,0.997596330029343,0.049027237028584164,0.9897360208759006,0.9919641913564755,5,0.991811567295433,0.09048995913673015,0.9991115790545677,0.029806391016563655,,,,,,,,,,,,,,,,,,,,,,,,,,,,,
Gemma4-E4B,prompt_running,17,18,0.43902439024390244,2,200,20,100,0.9339256156319272,0.9303294976897447,0.9995198408936645,0.02191253308806287,1.9166593861859278,1.019383423017976,0.9870079446946362,1.0328016390317467,1.0000000000000002,56.74170570581562,58.91095637195062,0.9862945029350791,0.11707047904967684,0.9861641233785343,0.9962189396468693,0.06149032731357666,0.9850217171672286,0.9874352080217828,5,0.987928731519767,0.10986932456437959,0.9987889825589916,0.034799675875048126,,,,,,,,,,,,,,,,,,,,,,,,,,,,,
Gemma4-E4B,prompt_running,17,18,0.43902439024390244,3,200,20,100,0.9501919545921864,0.9488249566634145,0.9986333706891728,0.0369679497785199,1.3000281092801895,1.0446534985394536,0.9868087726992715,1.0586179687904034,1.000000000000001,56.92495014920425,59.25724903501652,0.9623699579342659,0.1939846438915567,0.963150322231313,0.9888633946989619,0.10553011561179178,0.9040846660897707,0.9807258119696499,5,0.979337552604868,0.143744382134162,0.9983924851142247,0.04009382603064034,1.8898107166965894,0.9967061923583661,500.0,-0.3461804585915721,-0.9218319723977518,0.8034616054524779,0.001996007984031936,500.0,0.05767136103913363,0.024740208503465137,1.12939954072338,2.2849101426254386,0.5150878283819992,57.229453397217235,62.44708113892703,33.690002822951755,87.95537467810912,52.383198905363386,32.485532847132134,87.22122781658344,1.0441769307817004,0.02608694719117104,1.0044924048174055,0.019222165824353793,0.9327455062852803,0.12133656304283673,0.8024500263896204,0.26794747550048464,1.2101111543033816
Gemma4-E4B,prompt_running,18,19,0.4634146341463415,1,200,20,100,0.796355439329379,0.800654385505933,0.9982530874640357,0.041796082782531684,3.257771167292702,1.027333817163131,1.027333817163131,1.0,1.0,57.85078013613271,57.85078013613271,0.9738237287958805,0.16179082546337237,0.972068668103457,0.9932787239586272,0.08198338881366697,0.9696488718151172,0.9776102972326122,5,0.9816377893536412,0.1355072346642747,0.9977725065217358,0.04719632907615026,,,,,,,,,,,,,,,,,,,,,,,,,,,,,
Gemma4-E4B,prompt_running,18,19,0.4634146341463415,2,200,20,100,0.9303294976897447,0.9254095108995098,0.9992017966873454,0.02825249214944627,1.9029195155669616,1.047569866631944,0.9683295630620262,1.0818319574167974,0.9999999999999998,58.8573095063459,60.00934891506624,0.9653910269873605,0.1860348704212184,0.9640877450603612,0.9921094947910595,0.08882851574207769,0.9582052000649911,0.9735491265762022,5,0.9730758812816162,0.16408570540538822,0.9968252030328988,0.0563453366934764,,,,,,,,,,,,,,,,,,,,,,,,,,,,,
Gemma4-E4B,prompt_running,18,19,0.4634146341463415,3,200,20,100,0.9488249566634145,0.9436559662018633,0.9971336255302085,0.05353853257039737,1.293833730504742,1.0498369568496693,0.9267711923820593,1.1327898034371318,0.9999999999999999,60.509378422273755,65.01403661955393,0.9296483984901038,0.26523876321136813,0.7735330132187872,0.9849821032039888,0.12254752872257828,0.8556966533704606,0.9604555995773021,5,0.9385679301030642,0.24785493720508342,0.9924083574468052,0.0871300324411436,3.272985461995785,0.9932806324110671,500.0,-0.3529723891793044,-0.9142009857404458,0.8081869074024337,0.001996007984031936,500.0,0.09574276203197696,0.04079820910831219,1.1518460090108584,4.500912816843872,1.2772747127738266,111.4678599287212,53.30329124085195,31.865073227025235,85.4185136641597,61.36322467977416,35.287662578782054,88.69246058625046,1.0785694887432733,0.028232492880057806,0.9881795083264496,0.028327794526313288,0.8668416871186724,0.15706215667206577,0.6486601611803002,0.20856317855430945,1.2589356204728563
Gemma4-E4B,prompt_running,19,20,0.4878048780487805,1,200,20,100,0.800654385505933,0.7903982083265213,0.9987459603840462,0.035412421774764245,3.4512053669346328,0.9911427654394824,0.9911427654394824,1.0,1.0,61.96144856719118,61.96144856719118,0.9852101506287001,0.1216135246232916,0.9849383092626899,0.9941131469598349,0.07672583033219703,0.9789498523784507,0.991333256557425,5,0.9815177681739254,0.13594937229010853,0.9975111018192552,0.04988885828263445,,,,,,,,,,,,,,,,,,,,,,,,,,,,,
Gemma4-E4B,prompt_running,19,20,0.4878048780487805,2,200,20,100,0.9254095108995098,0.9311001820167265,0.9972196012658092,0.05272948638277059,1.9944799706621212,1.0528737289851322,0.9896700440987214,1.0638633908980943,1.0000000000000004,62.56535103921442,64.0967710596724,0.9726413087556853,0.16540462884790938,0.9734266508691455,0.9899648336419575,0.1001756774773324,0.9651723423050618,0.982364847645417,5,0.9699957071161814,0.17321747280173136,0.9963104831287248,0.06074139339260518,,,,,,,,,,,,,,,,,,,,,,,,,,,,,
Gemma4-E4B,prompt_running,19,20,0.4878048780487805,3,200,20,100,0.9436559662018633,0.9529431079187374,0.9984661319386186,0.039164627680874066,1.3558703122728877,1.195626388599167,0.9318097344070769,1.283122878470421,0.9999999999999987,64.66867939745161,71.60473615708845,0.9306677321153854,0.2633102122679911,0.9033168962278174,0.977040899570411,0.15152260699179204,0.9101900215039342,0.9596143158143412,5,0.9620183751343387,0.1948887499720323,0.9962024191430694,0.06162451506446622,9.04604158962694,0.9873517786561263,500.0,-0.3122645766589927,-0.8091406630465919,0.7925546649087436,0.001996007984031936,500.0,0.14814834360507695,0.04602431107874515,1.0026378178614788,3.8789131443983322,0.9418298848508017,18.750257211891444,60.81094086063054,35.5436575545236,87.91171315158543,42.571867624515,28.562743344759053,80.5767339725385,1.0813619338720974,0.04633256077301855,0.991391889776227,0.010607752420167569,0.7502322834792051,0.20860521396259737,0.5987089579817472,0.20557296571648495,1.2641526354709065
Gemma4-E4B,prompt_running,20,21,0.5121951219512195,1,200,20,100,0.7903982083265213,0.7897542050761306,0.9984450587892933,0.03943274287577109,3.401385997658059,0.9203892898742491,0.9203892898742491,1.0,1.0,57.53896852108529,57.53896852108529,0.971277648644769,0.16947669856128034,0.9546331846526955,0.9911998969239505,0.09380886459204991,0.960665976890052,0.9801200865950072,5,0.9719287526746194,0.1675447621544182,0.9976621674314388,0.0483511382343919,,,,,,,,,,,,,,,,,,,,,,,,,,,,,
Gemma4-E4B,prompt_running,20,21,0.5121951219512195,2,200,20,100,0.9311001820167265,0.9295022502863982,0.9994124085737969,0.024240285192281087,2.003440220489613,0.9489389065968916,0.8888900377028828,1.0675548901967564,0.9999999999999999,59.29564895456871,61.199997844345795,0.9673869473540174,0.18059084319528115,0.950248075744933,0.990675749560257,0.09656215842525004,0.9573182823607216,0.9741241164655076,5,0.9675834020799364,0.1800460994302948,0.9950750692878567,0.07017785058081585,,,,,,,,,,,,,,,,,,,,,,,,,,,,,
Gemma4-E4B,prompt_running,20,21,0.5121951219512195,3,200,20,100,0.9529431079187374,0.9531936126533034,0.9989766425166394,0.03198995910220252,1.366959637008911,0.9621332076471203,0.8890920239284462,1.0821525576125879,1.0000000000000007,60.35401433044546,63.84724385465124,0.9607834420334317,0.1980317094976668,0.9425268305099269,0.9885578082251261,0.10696818113286718,0.9511137838489012,0.969854081425449,5,0.9586189789017879,0.20342325604072917,0.9940113831364129,0.07738615421111919,2.970460505955161,0.9930171277997365,500.0,-0.36425999012589033,-0.9261978691976108,0.7516294645335928,0.001996007984031936,500.0,0.05561513772688083,0.0238539944201794,0.5097718028624244,2.2903694363807268,0.6530806403338454,7.440048705627523,43.947804786697944,27.78504364829176,81.29517977383483,41.20187064616083,26.440124430802403,82.6270513926226,0.9686830242630381,0.018761810894789333,0.911474845828021,0.02446717626456207,0.8429946412486514,0.10184925430039161,0.2324419636193035,0.1413651356488325,1.3520296703022998
Gemma4-E4B,prompt_running,21,22,0.5365853658536586,1,200,20,100,0.7897542050761306,0.7588884303569612,0.9985435604630596,0.03816332712094646,2.8916290673516625,0.5719160509934799,0.5719160509934799,1.0,1.0,71.1422292940327,71.1422292940327,0.9819076753452721,0.13450771224999664,0.3672294424017787,0.995098741384405,0.07000898953416611,0.9724815867377226,0.9875308247215789,5,0.9817898394747755,0.13494502778992828,0.9963517428218039,0.06040080444990811,,,,,,,,,,,,,,,,,,,,,,,,,,,,,
Gemma4-E4B,prompt_running,21,22,0.5365853658536586,2,200,20,100,0.9295022502863982,0.9079871588486692,0.9991812507498372,0.028613794752930112,1.7016533168302874,0.609922280260046,0.5638503409033102,1.0817095176051978,1.0,71.90844806801256,73.52726965567345,0.9724950979325777,0.16584601914855332,0.3736961602463138,0.9924820954813718,0.08670585054440196,0.9668928626772405,0.9809775969375438,5,0.9766546115640476,0.15279197765574057,0.9966970242968503,0.05747152080073877,,,,,,,,,,,,,,,,,,,,,,,,,,,,,
Gemma4-E4B,prompt_running,21,22,0.5365853658536586,3,200,20,100,0.9531936126533034,0.9351298439206329,0.997601094269574,0.048978625240262086,1.1633502928068333,0.6188357753249702,0.5497396009890139,1.1256889156459682,-1.0000000000000004,73.21957279639693,76.13394198182041,0.9579627415867019,0.20502989638903418,0.2186956594215863,0.9876739325050439,0.11102282420726009,0.9559076583621513,0.9618022082197828,5,0.9650586204065618,0.18692613405684685,0.9958957507959669,0.06406441449067585,121.3799019503162,0.9870882740447957,500.0,-0.3363114442812023,-0.8970530814094876,0.77083571758404,0.001996007984031936,500.0,0.05852794934611654,0.02232081871756847,0.8754936993448812,42.65585098999583,4.637213860573853,130.89585783193075,40.749231653080166,27.26332531543162,84.08352658975538,41.36476766636292,29.06383376254102,71.84876219823285,0.6223759609943422,0.019351544393170585,0.5852632061216433,0.016632018484344563,0.5248018598792035,0.07720847035719056,0.04527422865308989,0.014212228157442245,1.5769261461861388
Gemma4-E4B,prompt_running,22,23,0.5609756097560976,1,200,20,100,0.7588884303569612,0.7959744728141813,0.9973229274790671,0.051740434100737996,0.9490910076791796,1.9912934418821027,1.9912934418821027,1.0,1.0,87.22304575815062,87.22304575815062,0.9429947176661183,0.23875779010093412,0.7161007451740767,0.9837936750542077,0.12730406492250088,0.8814991082990418,0.9658752215007204,5,0.9440320449481272,0.23657547432452258,0.9903035338755014,0.09847063584896047,,,,,,,,,,,,,,,,,,,,,,,,,,,,,
Gemma4-E4B,prompt_running,22,23,0.5609756097560976,2,200,20,100,0.9079871588486692,0.9364969474979824,0.9960235760388023,0.06305889280028389,0.5677794080653514,1.9933036456550879,1.8742744153509274,1.0635068319394811,0.9999999999999998,86.75666991228718,87.27870686268935,0.9070929541474055,0.3048065712096681,0.6984106325303528,0.9692720362167873,0.17529393538628968,0.8333340378336445,0.9454945586145819,5,0.9148933947542207,0.29173036394208146,0.9889011747975011,0.10535096203879195,,,,,,,,,,,,,,,,,,,,,,,,,,,,,
Gemma4-E4B,prompt_running,22,23,0.5609756097560976,3,200,20,100,0.9351298439206329,0.9533117248602103,0.9950595852932155,0.07028808367557388,0.3898347857097778,2.009935091159576,1.4401942215229495,1.3956000247203795,-0.9999999999999987,87.1373512976498,88.21283791385008,0.8662419673580392,0.36572945279531544,0.6565427165177027,0.9593128378575614,0.20171059006021128,0.8013601977551178,0.9318847676920672,5,0.8967395655058228,0.3213416164989795,0.9878553977220507,0.11020255114083946,21.830505356554703,0.979710144927536,500.0,-0.32249488334164345,-0.848478726836143,0.688641546145253,0.001996007984031936,500.0,0.10634175489316933,0.04464329949319724,0.7057347081526699,25.523455574263572,5.586210102156367,68.27042758217367,41.57099404915976,28.979751294805872,71.87765466784519,53.50336035050486,34.0656897976822,84.8898881782761,2.043203914878962,0.05300488802616114,1.901197077891149,0.06329869364164752,1.3820615357426747,0.31340847302914143,0.11327763251448678,0.02975986902179495,1.5262578046455255
Gemma4-E4B,prompt_running,23,24,0.5853658536585366,1,200,20,100,0.7959744728141813,0.7973958178581887,0.996887807692873,0.05578702633343149,3.7810315728355355,0.8697929728118035,0.8697929728118035,1.0,1.0,54.842741588574135,54.842741588574135,0.9878784087318456,0.11009809838573248,0.9642617831700083,0.9950489606642301,0.07036362224736518,0.9853174308191337,0.9902687512965249,5,0.9864652946587218,0.11633875253447687,0.9963744472324564,0.06021256320356765,,,,,,,,,,,,,,,,,,,,,,,,,,,,,
Gemma4-E4B,prompt_running,23,24,0.5853658536585366,2,200,20,100,0.9364969474979824,0.9242178903816857,0.9996599429559492,0.018440635673717676,2.2242701539378364,0.9019211580183223,0.7963539157475302,1.1325632236914376,1.0,53.565766056045895,56.01196117628971,0.9841584399201352,0.12586325945193397,0.9569089632020955,0.9964147382983611,0.05987705488447887,0.9793004264406345,0.9868081754762531,5,0.9829095419513285,0.13073047865234577,0.9991587940406917,0.029003550805172126,,,,,,,,,,,,,,,,,,,,,,,,,,,,,
Gemma4-E4B,prompt_running,23,24,0.5853658536585366,3,200,20,100,0.9533117248602103,0.9417005621224347,0.9823471054609983,0.13286419585050602,1.5094712429269166,0.9031470601851876,0.21161773376009682,4.267823136264431,0.9999999999999992,63.293136775346454,82.8483052944568,0.9711005888365362,0.1699982681190131,0.9134420331096589,0.9913100672754508,0.09321980864896236,0.9626899483074581,0.9775104630919718,5,0.9114159217110858,0.2976307751038427,0.9908321960700587,0.09574864975518602,5.867320627691534,0.9890645586297759,500.0,-0.31814875903577794,-0.8049032076099544,0.7896852825762989,0.001996007984031936,500.0,0.5340162623236547,0.26423430407971293,0.888256649350204,4.935998373860335,0.8732325012924024,127.51700130392219,53.04552470310871,33.36700214844135,84.91726638555664,55.382015473079285,32.59794558411006,88.65221738747798,0.909021962137685,0.01292873757606529,0.8450985574696953,0.0285291827851954,0.7397909147519759,0.12147239739815216,0.8117724284370682,0.38569165294431,1.1430456539755494
Gemma4-E4B,prompt_running,24,25,0.6097560975609756,1,200,20,100,0.7973958178581887,0.8074427408076321,0.9962576166571397,0.061175022213810444,2.8751700125645,1.0179997775029133,1.0179997775029133,1.0,1.0,38.126725663653396,38.126725663653396,0.9915107851546102,0.09213693529410324,0.9913776647006739,0.9951490298462802,0.0696489063354178,0.9889278297650723,0.995020348096955,5,0.9900616944206702,0.09969105064813918,0.9974026250370602,0.05096444802938348,,,,,,,,,,,,,,,,,,,,,,,,,,,,,
Gemma4-E4B,prompt_running,24,25,0.6097560975609756,2,200,20,100,0.9242178903816857,0.9211609722318028,0.9997758457948199,0.014971780294275558,1.666226172742247,1.0629218559467513,0.9184777990678636,1.157264614371169,0.9999999999999997,37.13117097866501,40.13802419011282,0.9935783792288935,0.08013501588635569,0.989018591112528,0.9982512720007755,0.04181779524585803,0.991990481260196,0.9958163590201787,5,0.9909497875945169,0.09513260432408589,0.9988421132664127,0.034027734770144744,,,,,,,,,,,,,,,,,,,,,,,,,,,,,
Gemma4-E4B,prompt_running,24,25,0.6097560975609756,3,200,20,100,0.9417005621224347,0.9395009811103882,0.9985561530831515,0.037997985694619825,1.1318298710177401,1.0638692517646626,0.9164726767367951,1.160830299439684,-1.0000000000000016,38.86019893959811,42.63437390990309,0.9887730002382077,0.10595753754118817,0.8792531137099838,0.9970153731536158,0.05463173845288315,0.987565837084413,0.991222044813438,5,0.9868279432355719,0.11476958118085157,0.9977930272771635,0.04697842827124572,157.0492607509395,0.9944664031620553,500.0,-0.3060642557510017,-0.8208119162184466,0.834454999167814,0.001996007984031936,500.0,0.037533277462048875,0.015982885613126968,1.1106703727518221,30.084150789592606,3.389014404773865,164.48436470858385,55.84552855129968,32.42421169172824,88.28698878232484,53.86848105603272,31.688003195034188,87.33776069644891,1.0643247384914067,0.009689752361048076,0.9670599926273801,0.028727569209196186,0.8812614137008298,0.12822058285396554,1.7675445212833878,0.6077213160907234,0.8858564570174751
Gemma4-E4B,prompt_running,25,26,0.6341463414634146,1,200,20,100,0.8074427408076321,0.8155940787038743,0.9996186880445739,0.019527210641207618,2.9967807005846696,1.0059438231199518,1.0059438231199518,1.0,1.0,38.178430395845616,38.178430395845616,0.9959552594844663,0.0635982744697815,0.9958188318320867,0.9991292224084344,0.0295089408750231,0.9948835293893912,0.9972095169841544,5,0.9959692913171252,0.0634878624846892,0.9996067450390567,0.01983065709812184,,,,,,,,,,,,,,,,,,,,,,,,,,,,,
Gemma4-E4B,prompt_running,25,26,0.6341463414634146,2,200,20,100,0.9211609722318028,0.9205858419188644,0.9997018357905498,0.017267432045621325,1.7094199280031372,1.0134507751176476,0.9515780600119922,1.0650211661089324,0.9999999999999997,37.21921973516304,39.12504270995294,0.9909049315054268,0.09536806852701395,0.9913672827166188,0.9983898341584098,0.04012687181416299,0.988368159885248,0.9936347011921868,5,0.9906028680931624,0.09693880495878593,0.9988625704301073,0.03372579976653864,,,,,,,,,,,,,,,,,,,,,,,,,,,,,
Gemma4-E4B,prompt_running,25,26,0.6341463414634146,3,200,20,100,0.9395009811103882,0.9387710879108574,0.9990632181183057,0.03060689271543777,1.1623026071817113,1.0182574241858178,0.913791134828734,1.1143218459617288,1.0000000000000009,38.08667061699756,41.273857123105145,0.9902230493255599,0.09887846415898703,0.9887672154430468,0.9979722332463731,0.04503073121354885,0.9889224843511001,0.9931378382706173,5,0.9916496544525134,0.09138022514464814,0.9989810861793953,0.03192042951786085,3.7935981266288623,0.9943346508563898,500.0,-0.32828254246098254,-0.8394652540032554,0.791883684622064,0.001996007984031936,500.0,0.038071901461021754,0.015045287162354693,1.1391321081842622,1.4928973169601951,0.3884454705063531,104.45806617308023,54.56510342761587,32.74997662794201,88.09392563036964,51.930803162373174,33.25345411745121,87.47194899243694,1.026025845122042,0.014031900958252722,0.98326139004485,0.019618220505807502,0.894604999857674,0.11065785823228151,1.7759858954420462,0.5622958018423064,0.939593945365558
Gemma4-E4B,prompt_running,26,27,0.6585365853658537,1,200,20,100,0.8155940787038743,0.8207826763067434,0.9977608200299433,0.047319974324346294,3.039735352693767,1.0928134793055977,1.0928134793055977,1.0,1.0,45.67451305779949,45.67451305779949,0.993509404621002,0.08056423138712378,0.98711882381228,0.9969070664218121,0.05561414908265521,0.992108717890072,0.9954130249423768,5,0.9931451794732552,0.0827938435316591,0.9977315666772253,0.04762807284338399,,,,,,,,,,,,,,,,,,,,,,,,,,,,,
Gemma4-E4B,prompt_running,26,27,0.6585365853658537,2,200,20,100,0.9205858419188644,0.9255803574157415,0.9997377737643731,0.016193400990121468,1.715520871189495,1.153028078629808,1.0299293546251844,1.1195215219877115,1.0000000000000007,44.954656559845844,47.218399114841716,0.9897397880484262,0.1012927043353753,0.9806631819587107,0.997067906331051,0.054148810411207796,0.9884619478503393,0.9919621500597456,5,0.990023986690929,0.09987999453880173,0.9983462487555675,0.040666340435702844,,,,,,,,,,,,,,,,,,,,,,,,,,,,,
Gemma4-E4B,prompt_running,26,27,0.6585365853658537,3,200,20,100,0.9387710879108574,0.9429867426955777,0.9995044944576145,0.022259953782197375,1.1662728386259378,1.1539518205906845,1.0184020069840183,1.1331004973253096,-0.999999999999998,43.830997941692566,47.40240440043783,0.986668153554499,0.11546361524524089,0.9559650219019947,0.9962652054416135,0.06111296555058157,0.9823404999014953,0.9912231963438414,5,0.9888595423383154,0.10554836645673177,0.9979405933408889,0.04538068597003708,108.52693115252782,0.997760210803689,500.0,-0.30568897100181963,-0.8350445017219946,0.8691326673166216,0.001996007984031936,500.0,0.037482722969621206,0.0163238648426243,1.087971231180274,53.242522002856006,6.6410754487316925,166.474203842641,53.69518313093663,32.485306829353206,87.89973800674085,51.75683120921005,32.70049088617734,86.93932745513901,1.1496388111308034,0.01365547512551802,1.047712818740662,0.020824105553027796,0.9669884926335756,0.12993252084331816,1.6257967979045649,0.4923190699981754,1.008692659018994
Gemma4-E4B,prompt_running,27,28,0.6829268292682927,1,200,20,100,0.8207826763067434,0.8179043378256132,0.9997142674930355,0.016903624077828756,3.645601012703248,1.011463282019423,1.011463282019423,1.0,1.0,45.532141897136746,45.532141897136746,0.9943849349129541,0.07493373797593368,0.9941636814377303,0.9984883762056698,0.03887960640657585,0.9920210239809417,0.9962753966233359,5,0.9909308382649377,0.09523214654234324,0.9975332444805676,0.04966644258885864,,,,,,,,,,,,,,,,,,,,,,,,,,,,,
Gemma4-E4B,prompt_running,27,28,0.6829268292682927,2,200,20,100,0.9255803574157415,0.9254975902870677,0.9995583426553191,0.0210156452358934,2.0555360058988463,1.0234910329860643,1.0108949356461185,1.0124603427080132,1.0,45.666066385050584,47.08329470302032,0.9917074678513332,0.09106334140951963,0.9913755100566461,0.9972156065284703,0.052767352326317706,0.9884864011027251,0.9942248235310515,5,0.9894760265652723,0.10258641934840937,0.9974823655765724,0.05017603435333966,,,,,,,,,,,,,,,,,,,,,,,,,,,,,
Gemma4-E4B,prompt_running,27,28,0.6829268292682927,3,200,20,100,0.9429867426955777,0.9445156562780712,0.9990851407450877,0.03024664039050201,1.3961281605038702,1.04996487302855,0.9932932278745267,1.0570542953114568,1.000000000000001,46.56287534601686,50.359763957374874,0.9883210378983301,0.10806924678959261,0.9877049005301736,0.9957562965491906,0.06514371382420071,0.9841437668168898,0.9912910338035712,5,0.9856313534780032,0.11986928931964504,0.9973089896427079,0.05187494922688764,1.6479665037721305,0.9959156785243741,500.0,-0.3472678214816785,-0.8342419261068984,0.8638392439457556,0.001996007984031936,500.0,0.049979069184968375,0.01563105224206873,1.0903327603901156,2.156961207758061,0.48195514723646443,35.545381452618116,50.822884964817206,32.60904526090025,85.96061622628945,44.16431561723002,29.398073885933567,84.0991213109763,1.0435020593682978,0.01722090471850269,1.011735842463912,0.010091006310957093,0.9282818103878181,0.135283793975208,0.9305262807102963,0.2819789655573796,1.199081906999848
Gemma4-E4B,prompt_running,28,29,0.7073170731707317,1,200,20,100,0.8179043378256132,0.7701463303347061,0.9960211600213473,0.06307804672508988,3.7381886190255313,0.9705477781399218,0.9705477781399218,1.0,1.0,64.48695299197395,64.48695299197395,0.9846517901498782,0.12388789226603925,0.9842589013671011,0.9939124334861662,0.07802285891861277,0.9740654822994148,0.992564896653747,5,0.9815731095198169,0.13574568309962232,0.9949835460657793,0.0708269294422724,,,,,,,,,,,,,,,,,,,,,,,,,,,,,
Gemma4-E4B,prompt_running,28,29,0.7073170731707317,2,200,20,100,0.9254975902870677,0.8800679216228666,0.9976353808151954,0.04862735017255753,2.1149689511026386,1.059175652874322,0.9200813521932159,1.1511760893203022,1.0000000000000007,66.79018772040928,70.27851774358595,0.9622343472293682,0.1943338693347915,0.959691649535199,0.9811655677197237,0.1372385961756979,0.944042583183253,0.9686933987961492,5,0.9678941300097902,0.17918110946807356,0.9941464545275575,0.07650846667162109,,,,,,,,,,,,,,,,,,,,,,,,,,,,,
Gemma4-E4B,prompt_running,28,29,0.7073170731707317,3,200,20,100,0.9445156562780712,0.9101118036235434,0.9971627439743125,0.05326589927606168,1.4389529897741007,1.2478674792995463,0.8977905740849916,1.389931589080611,0.9999999999999994,65.28353383667404,70.15412283500362,0.9567399788873189,0.20799043514710255,0.7894737736996207,0.980726420411164,0.13882931818904842,0.9387500776360048,0.9633466752951181,5,0.9614585299114048,0.19631981583272548,0.9945438088414659,0.07386603521601867,8.94731619310524,0.9827404479578391,500.0,-0.3099443653520258,-0.8126633745899966,0.8536362580174658,0.001996007984031936,500.0,0.0743924064135873,0.029137428948166445,1.1071770213223209,2.790074046890463,0.7344593298133764,40.9103672465046,45.5949939384781,29.297472308002938,84.19880431684682,48.03322581876085,29.56430215750459,86.32292411398187,1.208559960451575,0.07225662948684035,1.0506217096978359,0.04641538432925593,0.8734046589893618,0.14501787684439052,1.0366817903211942,0.33339111963554957,1.1582457001469184
Gemma4-E4B,prompt_running,29,30,0.7317073170731707,1,200,20,100,0.7701463303347061,0.7858401252533632,0.9995220934418172,0.02186107404000906,3.5423723307654846,0.9722420613459885,0.9722420613459885,1.0,1.0,36.76806693379679,36.76806693379679,0.9960170129091861,0.06311091102823582,0.9952376862004406,0.9988748097183126,0.03354385609448396,0.994671354752517,0.9966866045338922,5,0.9943651411070017,0.07506569717919293,0.9992974717976255,0.026505248581638222,,,,,,,,,,,,,,,,,,,,,,,,,,,,,
Gemma4-E4B,prompt_running,29,30,0.7317073170731707,2,200,20,100,0.8800679216228666,0.8858751307040759,0.9994874445909474,0.022639686593515916,2.02398435982695,0.9795138631222079,0.9078260920913968,1.078966414002996,0.9999999999999997,35.65376696797229,38.49510500783609,0.99178244812916,0.09065071357049527,0.9911054530322916,0.997681352735493,0.04815233394662266,0.9887194315744944,0.9935189143894555,5,0.9895315777299823,0.10231530809227748,0.9979661353203876,0.04509838888045171,,,,,,,,,,,,,,,,,,,,,,,,,,,,,
Gemma4-E4B,prompt_running,29,30,0.7317073170731707,3,200,20,100,0.9101118036235434,0.9206000947745488,0.9974876816627247,0.050123032004013066,1.3953862809673139,1.0059442820134035,0.9032689533196789,1.1136708267414417,-1.0000000000000004,36.32387927773616,38.707314215803734,0.9793159783408623,0.14381940640656873,0.9018825598774037,0.9925242126200386,0.08646263574493505,0.9768382958336694,0.9810394928755137,5,0.9761045993876929,0.15458137213877704,0.9975031355768005,0.04996863439398334,149.77407169183056,0.993544137022398,500.0,-0.3316087847813428,-0.8409857917746424,0.8132543150009028,0.001996007984031936,500.0,0.061574132863782216,0.01963743604458042,0.8923547164436926,71.25191637036329,7.817011316645703,170.5362166950749,48.4581432282999,29.887575670882274,84.95390810013,37.15692177929569,25.670857129054465,71.68984782063785,0.9901443296873689,0.016867297596261526,0.9415517583947263,0.026721571082777756,0.8220830678255462,0.16654868299465284,2.0471674015133736,0.7297837307698536,0.7351866866224092
Gemma4-E4B,prompt_running,30,31,0.7560975609756098,1,200,20,100,0.7858401252533632,0.7771614829294735,0.9992343947388762,0.027669572839560532,3.356744930220752,0.9608849635783383,0.9608849635783383,1.0,1.0,27.887387733566438,27.887387733566438,0.9957748585680801,0.06500108792874039,0.9935181203172841,0.9984309716467102,0.03961096253929903,0.995153662119886,0.9961070081917855,5,0.9953550144569305,0.06815413078507725,0.999538930553758,0.021472527709658205,,,,,,,,,,,,,,,,,,,,,,,,,,,,,
Gemma4-E4B,prompt_running,30,31,0.7560975609756098,2,200,20,100,0.8858751307040759,0.8809341116460018,0.9992250830953896,0.027837329336889618,1.8920240633174672,1.000108551696581,0.9408429404320943,1.0629920348206772,0.9999999999999994,25.864440994875558,29.81913609695881,0.9935926587914241,0.08004586940358534,0.9905942673933212,0.9977338353363452,0.04760425047886852,0.9927913777987166,0.9946948221784557,5,0.9913905263449257,0.09278724942078098,0.9990653486458176,0.030572068202565385,,,,,,,,,,,,,,,,,,,,,,,,,,,,,
Gemma4-E4B,prompt_running,30,31,0.7560975609756098,3,200,20,100,0.9206000947745488,0.9164631802747388,0.9993797771077794,0.024904274577282566,1.310792361613795,1.0250046567206004,0.9370611890067144,1.093850293604739,1.0000000000000002,24.159420622121093,29.3107569128937,0.9899136906970329,0.10043061934971365,0.9077436636636389,0.9962164854259605,0.06151028023053899,0.9890866916915121,0.9921794225342496,5,0.9889567673688295,0.10508678618727697,0.9988493677984556,0.03392096993814403,4.772256538106189,0.993544137022398,500.0,-0.3235341979310457,-0.83063534986268,0.8313769891327333,0.001996007984031936,500.0,0.026043567191092812,0.010078265228384089,0.09413334864493501,1.0337166091965408,0.2554746123017308,4.361266113074093,37.08976530512156,25.73095937879662,66.85509348201286,38.03867517802077,25.93966995549526,66.38933680654495,1.0150430974512705,0.017659121983487208,0.9530685970353584,0.009461783270455017,0.9267973386111784,0.06180321456544422,2.3184385041840487,0.8212868047116024,0.5978561779471021
Gemma4-E4B,prompt_running,31,32,0.7804878048780488,1,200,20,100,0.7771614829294735,0.7767742076767132,0.9997199612906461,0.016734357153889587,3.107860261583961,0.9767933902737533,0.9767933902737533,1.0,1.0,25.222467798430813,25.222467798430813,0.9980731229021991,0.04389620823944772,0.9975903432451687,0.9994571869028183,0.023298349666483757,0.9974647775461616,0.9986843773572357,5,0.9973835833529293,0.05115092029544194,0.9996274800466679,0.01930077597745885,,,,,,,,,,,,,,,,,,,,,,,,,,,,,
Gemma4-E4B,prompt_running,31,32,0.7804878048780488,2,200,20,100,0.8809341116460018,0.8807017765790824,0.9987924150975328,0.03475032233616222,1.761422933840141,0.9887254769188493,0.9589865387788102,1.031010798314134,0.9999999999999997,25.858568352817024,27.59156840049684,0.9880889020725361,0.10913797655932553,0.9884494912830363,0.9968827475413271,0.055832360317945716,0.9832486382788568,0.9918543450298438,5,0.9891095161955596,0.10435748082643799,0.9986397423462424,0.036881670972959246,,,,,,,,,,,,,,,,,,,,,,,,,,,,,
Gemma4-E4B,prompt_running,31,32,0.7804878048780488,3,200,20,100,0.9164631802747388,0.9148121789770435,0.9995759416797185,0.020592676374903533,1.2216420747137444,1.0159134071983353,0.9100583807960937,1.1163167425694631,1.0000000000000002,24.95320944175778,28.798393797464605,0.9893545500254989,0.10317678990209539,0.98455209901855,0.9973387195500545,0.05158759976918421,0.9787356782306188,0.993149442878819,5,0.9906182364319784,0.09685950427305315,0.9988834945861923,0.03341414990401067,6.0837352204028114,0.9932806324110671,500.0,-0.3316465630761143,-0.8390245210778758,0.8116567443931499,0.001996007984031936,500.0,0.024478902661531955,0.010065474748185336,0.08408343702530033,0.996267449894704,0.2400455168782179,3.744552598634487,37.73826895284617,25.884814443929375,70.09802592135233,39.88003974734132,26.639809918933704,76.26648879423587,1.0152731400158805,0.02016679604451408,0.9758875162723414,0.006758617626336706,0.9163334916762658,0.05598902922045399,2.172456112686895,0.8055446868903178,0.6249757767083357
Gemma4-E4B,prompt_running,32,33,0.8048780487804879,1,200,20,100,0.7767742076767132,0.8022627195011938,0.9996720550541395,0.01810925028433027,2.9720510549520793,0.9787440531625625,0.9787440531625625,1.0,1.0,26.062144675963875,26.062144675963875,0.9942224985209923,0.07600987750949005,0.9938986512184464,0.9984420351820523,0.03947106304557461,0.9933294272138197,0.9948054967173816,5,0.9943177399129306,0.07538076735527033,0.9992824965441065,0.026786254980744745,,,,,,,,,,,,,,,,,,,,,,,,,,,,,
Gemma4-E4B,prompt_running,32,33,0.8048780487804879,2,200,20,100,0.8807017765790824,0.894362795043632,0.999769667829925,0.015176698259996926,1.68484652187976,0.9812650984840925,0.9018055705911857,1.0881115957631715,0.9999999999999998,25.027101958238863,26.38566857896254,0.9926456225060346,0.08575766726051624,0.9916176046200711,0.9976471105578495,0.048506591739169574,0.9898885812281738,0.9944484061588325,5,0.9927483757912435,0.08515646897773779,0.9990249517039339,0.03122576333840456,,,,,,,,,,,,,,,,,,,,,,,,,,,,,
Gemma4-E4B,prompt_running,32,33,0.8048780487804879,3,200,20,100,0.9148121789770435,0.9245916383812622,0.9995755708171887,0.020601679126014526,1.1667348008990979,0.9817858705513742,0.8920314187014169,1.1006180387464584,0.9999999999999994,26.59582724039441,30.35226329900837,0.9884067846284917,0.1076717946888054,0.9122257369271277,0.9961200903658765,0.06228892063700889,0.986688496843782,0.9918532990622188,5,0.9897310841272682,0.1013356594330538,0.9979346929896139,0.045445648970897576,1.3863142462113351,0.9967061923583661,500.0,-0.35163963134052006,-0.8543195635626586,0.8185918539384468,0.001996007984031936,500.0,0.027908332161086104,0.011224220332615888,0.09910205419007789,1.1133001061262533,0.29564433449415745,3.1958774256957527,39.57601652469694,26.803699902647516,70.90933685903173,40.65846715850644,27.99459650162398,72.9061014449764,0.9857078776292634,0.006952766904347847,0.9196526508452156,0.0152444591344816,0.8787978560608374,0.061672500930357525,2.046267792820976,0.8030867206516361,0.6276886055692681
Gemma4-E4B,prompt_running,33,34,0.8292682926829268,1,200,20,100,0.8022627195011938,0.8021520473521472,0.999311619132198,0.026237013317105692,2.8536762960027513,0.9233367355128579,0.9233367355128579,1.0,1.0,28.532646853207222,28.532646853207222,0.9935083582199548,0.08057072532902543,0.9826918950152849,0.998456285477545,0.0392901326347349,0.9917518228346881,0.9951800737641129,5,0.99048202395221,0.09756011504600648,0.9983521911395953,0.04059321199911066,,,,,,,,,,,,,,,,,,,,,,,,,,,,,
Gemma4-E4B,prompt_running,33,34,0.8292682926829268,2,200,20,100,0.894362795043632,0.8946097291482487,0.999718524671335,0.0167772264890537,1.5906397282361717,0.9483587838169925,0.8979796422079915,1.0561027658546094,0.9999999999999997,26.33066238836443,30.118960995738284,0.9945102565527288,0.0740928029384172,0.9842710561935767,0.9984282160713289,0.039645730270371396,0.9929567725562571,0.9958813350342384,5,0.9927118207970858,0.08537083344394733,0.9989715171066222,0.03206996871494803,,,,,,,,,,,,,,,,,,,,,,,,,,,,,
Gemma4-E4B,prompt_running,33,34,0.8292682926829268,3,200,20,100,0.9245916383812622,0.9237252374664131,0.999652337222192,0.018645717411995617,1.0962681666056702,0.9542178166204835,0.8816896513080498,1.0822604248613252,1.0000000000000002,25.288378550476704,30.196802276954948,0.9936689592820498,0.07956783720794575,0.9836742032625914,0.9981503185006034,0.0430079236815328,0.9920892790313225,0.9951819903809648,5,0.9919611227339322,0.0896597862258646,0.9987214183015043,0.0357572607800942,2.4395117348224957,0.9959156785243741,500.0,-0.3262274416260182,-0.8645394970324696,0.8448478472728981,0.001996007984031936,500.0,0.025995692473922992,0.00957849133313397,0.0820957177399947,1.1538265607503053,0.3194134581815545,3.8290563424623647,41.52449972287944,27.40110207952969,76.63545153986469,42.70419212257747,28.420496820908603,77.24019729318618,0.9584026701668997,0.010592994943539605,0.9138311699938785,0.008729542430614464,0.8797762975086462,0.05901195088541173,2.16721792675524,0.7536755822013564,0.713068539330208
Gemma4-E4B,prompt_running,34,35,0.8536585365853658,1,200,20,100,0.8021520473521472,0.7999192575500612,0.9992571169965764,0.02725588016233571,2.4394488787393542,1.0129892781941523,1.0129892781941523,1.0,1.0,29.7181059158849,29.7181059158849,0.989991808011383,0.10004095155793437,0.9899503050410214,0.9974986408508202,0.050013589645013734,0.9853696976548915,0.9938899957909533,5,0.9903143810974414,0.09841554197665436,0.9988112357814727,0.03447846021108393,,,,,,,,,,,,,,,,,,,,,,,,,,,,,
Gemma4-E4B,prompt_running,34,35,0.8536585365853658,2,200,20,100,0.8946097291482487,0.891003019706653,0.9986770207699508,0.03637278144504791,1.3603123671402606,1.0153908358306545,0.9981619768319355,1.0172605843526534,0.9999999999999997,30.892808524942435,32.07860701027492,0.9861943084482424,0.11749762360046934,0.985846604695425,0.9957971227540827,0.06482960161775837,0.9767748002719693,0.9921396970941693,5,0.9885556379000359,0.10697832537464835,0.9984018779126544,0.039976519199969446,,,,,,,,,,,,,,,,,,,,,,,,,,,,,
Gemma4-E4B,prompt_running,34,35,0.8536585365853658,3,200,20,100,0.9237252374664131,0.9270497470162664,0.9991410880465682,0.02930719968594459,0.9363895960618065,1.1509029140610962,0.9699775531696075,1.1865253070035247,0.9999999999999996,32.363063443226004,38.44169672978452,0.9811435484466711,0.13731879533890817,0.8747784863237847,0.9923373399796157,0.08753662102448478,0.9746092598864329,0.9869895983134591,5,0.9787963426889519,0.14561475650169547,0.9963140388823012,0.0607121167288604,6.045909561398294,0.9907773386034254,500.0,-0.356040117423753,-0.8836788171898665,0.841540346908444,0.001996007984031936,500.0,0.04363705946092678,0.015560433535394259,0.3715776744500633,1.3619388808550794,0.3105409079111486,6.234612282595327,42.444192780406084,29.114956267050133,79.40513178000121,35.0724078955532,25.40849510949297,57.66687758015147,1.0969815747665483,0.04574320445343671,1.009014523908629,0.011391655797016603,0.9333965204185712,0.12345536355609592,2.2966775623480276,0.7858765412918794,0.6638684526569646
Gemma4-E4B,prompt_running,35,36,0.8780487804878049,1,200,20,100,0.7999192575500612,0.8090582649530459,0.9998549573010038,0.012043367427601799,2.5101050080947958,0.9523112496936481,0.9523112496936481,1.0,1.0,22.95511466221464,22.95511466221464,0.9990035260691048,0.03156697532066041,0.9963757442358038,0.999679610894953,0.01789941633257788,0.9985414469332553,0.99932437736964,5,0.9990217152721799,0.03127754350680581,0.9998144077424523,0.013623224931991681,,,,,,,,,,,,,,,,,,,,,,,,,,,,,
Gemma4-E4B,prompt_running,35,36,0.8780487804878049,2,200,20,100,0.891003019706653,0.8949629036054975,0.999922447467236,0.008806391585884848,1.3979605571961677,0.9567437778923054,0.9121415607400913,1.0488983498526532,0.9999999999999994,20.633644125011234,24.204501302933803,0.9980483973576862,0.04417694695555328,0.9942097761974558,0.9994845515941555,0.022703488847410098,0.9971698034750255,0.9989641050722426,5,0.9980674537200374,0.04396073566220904,0.9997955465397694,0.014298722328606638,,,,,,,,,,,,,,,,,,,,,,,,,,,,,
Gemma4-E4B,prompt_running,35,36,0.8780487804878049,3,200,20,100,0.9270497470162664,0.9296477048145866,0.9997552618414899,0.015644109386926442,0.9696779563583705,0.9585740176949412,0.9133848159089581,1.049474439468334,1.0,19.661708647781484,24.66161643329525,0.9968302599469046,0.05630044451951953,0.9934264893671181,0.9991259077938841,0.029565050416258797,0.994622637098093,0.9981559391635575,5,0.9968652586489156,0.055988760935426964,0.999606109269967,0.019846680579710275,1.1403026139003736,0.998155467720685,500.0,-0.3437025539100382,-0.8067546458173008,0.8758949963433619,0.001996007984031936,500.0,0.014808541457045979,0.006445251953852565,0.03841579526914167,0.5416454491028523,0.12949050228868342,1.9761324066953627,35.332811107338756,24.721313574209674,57.974257947005285,35.357392679132225,24.656660000229284,59.05140904019219,0.9594953671465292,0.00502147148763515,0.9288746550709998,0.010843466695356204,0.9090383896285549,0.0173953533686842,2.4061686297577296,0.888962879933755,0.4729821614878364
Gemma4-E4B,prompt_running,36,37,0.9024390243902439,1,200,20,100,0.8090582649530459,0.8175724527433091,0.9993681702229734,0.02513622439879509,2.2812896857839804,0.9847402814756385,0.9847402814756385,1.0,1.0,20.493149731895645,20.493149731895645,0.9965377048589549,0.0588412707293543,0.9963442887292518,0.9987470404428241,0.0353971687734467,0.9958050135496056,0.997386254258422,5,0.9965719460493943,0.05854958540080196,0.9993422261255487,0.025647102652177494,,,,,,,,,,,,,,,,,,,,,,,,,,,,,
Gemma4-E4B,prompt_running,36,37,0.9024390243902439,2,200,20,100,0.8949629036054975,0.8977891121761837,0.9996338037893101,0.01913625383114188,1.2617568657264713,1.0010827954975,0.9269595911482591,1.079963792442583,0.9999999999999996,19.056010981971752,22.61444896912015,0.9953330288685703,0.06831523352393419,0.9947209746224251,0.9984751781779102,0.039048966978523184,0.9924802303870637,0.9969983236088795,5,0.9956477656428566,0.06597146623460347,0.999566235529157,0.020827013008180663,,,,,,,,,,,,,,,,,,,,,,,,,,,,,
Gemma4-E4B,prompt_running,36,37,0.9024390243902439,3,200,20,100,0.9296477048145866,0.9328049238678903,0.9998231976300687,0.013296705228414762,0.8737713183649588,1.0192949364027577,0.9263397452265824,1.1003467590105815,0.9999999999999989,18.351287501042066,22.678868907365466,0.9966600900558167,0.05779195397443585,0.9932122429559174,0.9986536852454327,0.03669216203179128,0.9958103654435685,0.9974938240521228,5,0.9959903779852438,0.06332157621819144,0.9996603708902858,0.018429028995423435,4.00244031968836,0.9961791831357047,500.0,-0.28931850407258597,-0.7823153964651192,0.8890429763117426,0.001996007984031936,500.0,0.01723614509808534,0.007621952613725433,0.0419047580417898,0.6815134778249312,0.21136727625271723,2.1163849701085313,35.49166778925169,24.808648665718838,58.725746884154546,34.16026985171216,23.923719300519583,61.72895014375877,1.0121207273619468,0.00874455265222693,0.9572313335844614,0.007556583333814227,0.9306627830134376,0.009788168597632438,2.4889805119422204,0.8929654266600873,0.4628308915662788
Gemma4-E4B,prompt_running,37,38,0.926829268292683,1,200,20,100,0.8175724527433091,0.8296854658784856,0.9998595555600063,0.011850925701974874,2.2180230351403813,0.9860082514638397,0.9860082514638397,1.0,1.0,22.882052545850815,22.882052545850815,0.9987840832158726,0.03486999833850524,0.9984797304366413,0.9996613813140174,0.01840159465868607,0.9986479911074991,0.99893243700656,5,0.9986581598745301,0.03663113601118387,0.9997473471972705,0.015895055920928592,,,,,,,,,,,,,,,,,,,,,,,,,,,,,
Gemma4-E4B,prompt_running,37,38,0.926829268292683,2,200,20,100,0.8977891121761837,0.9032465631419145,0.999957762278536,0.006499055428597718,1.2178229127114542,0.9906875340221816,0.9290458456383267,1.0663494580738395,1.0000000000000002,20.247369347913164,23.957686133646344,0.9985196106109561,0.038475828633623664,0.9976069567677356,0.9995867980945699,0.020327368384277705,0.9978412613234386,0.9988719765415885,5,0.9986622297160485,0.03657554215526418,0.9998885257942464,0.010558134577357136,,,,,,,,,,,,,,,,,,,,,,,,,,,,,
Gemma4-E4B,prompt_running,37,38,0.926829268292683,3,200,20,100,0.9328049238678903,0.9369253081013716,0.9998859164241323,0.010680991333566755,0.8435471790049596,0.9920547400887803,0.928620080037034,1.0683106702250251,1.0000000000000002,18.75558796905622,25.22150260118992,0.9981014727833765,0.04357209217634036,0.9964064766561797,0.9993875743269928,0.024747235663953045,0.9973392093409377,0.9984424628472149,5,0.9984707295362362,0.03910588784011738,0.9999017844655155,0.009910375093027028,1.422111594076042,0.9980237154150196,500.0,-0.32219633518671753,-0.7776709899848275,0.8774165962411544,0.001996007984031936,500.0,0.013493756871396034,0.0053113124650521785,0.03095460583579508,0.5734964904723161,0.1480412306375716,1.511018084309727,33.48891058187885,24.036222518729353,55.22648550856238,33.400680071235925,23.667068478359948,54.4526155121366,0.9923373416643109,0.002957993181325466,0.9502950153932941,0.009610751012683433,0.9305872632270454,0.008821055384261237,2.3266372729754448,0.8794377208623223,0.4925633930149282
Gemma4-E4B,prompt_running,38,39,0.9512195121951219,1,200,20,100,0.8296854658784856,0.8467608118608295,0.9996817396497168,0.017839852866073688,2.161005493876758,0.9740318816726876,0.9740318816726876,1.0,1.0,24.546175390085907,24.546175390085907,0.9959409894536242,0.06371036451297199,0.9947376947831423,0.9991691750816231,0.028824033693723133,0.9955101748432983,0.9963957480748218,5,0.9963008033271046,0.060821021636399755,0.9995176929433497,0.02196149031031987,,,,,,,,,,,,,,,,,,,,,,,,,,,,,
Gemma4-E4B,prompt_running,38,39,0.9512195121951219,2,200,20,100,0.9032465631419145,0.9135383671485365,0.9997836742411375,0.01470801682289626,1.1763016622258464,0.9787619957837089,0.9099479849324046,1.0756241147744463,1.0000000000000009,21.335500685283172,25.11706552578766,0.9959360283474262,0.06374928746718496,0.9934345792751138,0.9990067762948438,0.03151545184756499,0.9952362474906494,0.9965560319336886,5,0.9965165080433988,0.05902111449812914,0.9997012134910993,0.017285442108916697,,,,,,,,,,,,,,,,,,,,,,,,,,,,,
Gemma4-E4B,prompt_running,38,39,0.9512195121951219,3,200,20,100,0.9369253081013716,0.9412722832200086,0.9997736883884165,0.015043656855415794,0.8134410855787174,0.983859660732161,0.862067261386149,1.1412794625214948,1.0000000000000009,20.155772473129435,26.306298376987765,0.9944807109544044,0.07429191776765243,0.9867126510392207,0.9985406956225809,0.03820084262708234,0.9932619763755536,0.9960284015547413,5,0.9960391020813426,0.06293566491789362,0.9995868953215646,0.020324976714263088,2.110635749906895,0.9964426877470356,500.0,-0.32034345668077857,-0.8139302987263686,0.9059965167196403,0.001996007984031936,500.0,0.018341300164515732,0.007544605767953896,0.05392980437546566,0.7918497329560019,0.23498841921800334,2.3403843210628774,34.02010415334347,23.891245955960837,58.805752366364615,36.64338115622088,25.189439149456227,69.73093337967536,0.9841097983936036,0.004402034343479048,0.9156497333261541,0.008577971948916407,0.8641056852343236,0.03656188837685636,2.078999790093184,0.8317792865128096,0.5802622599049541
Gemma4-E4B,prompt_running,39,40,0.975609756097561,1,200,20,100,0.8467608118608295,0.862408309321484,0.9998935801074292,0.010316001772525266,2.054982736475189,0.9574553716915262,0.9574553716915262,1.0,1.0,29.513398120005743,29.513398120005743,0.994964042632979,0.07096447961495236,0.9931190413617638,0.9990598695968912,0.03066154599997873,0.9931866792657982,0.9970568655924439,5,0.9961306928591233,0.0622037550383958,0.9991728843699774,0.028759618043753998,,,,,,,,,,,,,,,,,,,,,,,,,,,,,
Gemma4-E4B,prompt_running,39,40,0.975609756097561,2,200,20,100,0.9135383671485365,0.9224611840986839,0.9995526237342022,0.02115127102085825,1.1085217615777674,0.9583281094164795,0.8916749188128517,1.074750550001303,0.9999999999999999,27.905049828432077,29.62464844324708,0.991121559643012,0.09422547615686538,0.9866882503618207,0.9975372396666559,0.04962620611475538,0.9873957525292943,0.9927112779567192,5,0.9918316771186887,0.09037877450658058,0.9988972932894815,0.033207028028995396,,,,,,,,,,,,,,,,,,,,,,,,,,,,,
Gemma4-E4B,prompt_running,39,40,0.975609756097561,3,200,20,100,0.9412722832200086,0.9456591738307094,0.9996945641509853,0.017476723062824565,0.7614500912360814,0.9608101924526337,0.8446512063566831,1.1375230215996381,1.0000000000000007,26.512850230915287,31.199174320870725,0.9911061362139815,0.09430728384392452,0.9817001464570803,0.997451033240518,0.05048729304965724,0.9892840670256172,0.9926832650129807,5,0.992038023816422,0.0892299063295369,0.99880889765322,0.0345123506411841,3.782213533829377,0.9952569169960473,500.0,-0.3166012054394354,-0.8011268273025757,0.9267588963883692,0.001996007984031936,500.0,0.030795404471862624,0.012424282319074678,0.22370584550334566,1.4029144854363844,0.33151721341239504,8.960198841162292,36.95216087713016,25.602491646883706,73.34367573684216,40.34723106943359,26.627356813431653,81.50808352333772,0.962595937420622,0.005473975427949458,0.9052001110187055,0.016030746473832624,0.8391844432355438,0.06954848504590486,0.8312171050036447,0.41980902291546635,1.0923644971364408
Gemma4-E4B,prompt_running,40,41,1.0,1,200,20,100,0.862408309321484,0.9473735107470498,0.9930221098857415,0.08353376631194462,1.8878139868646895,0.9612107747654172,0.9612107747654172,1.0,1.0,53.61757725780457,53.61757725780457,0.810017634814453,0.435869665365172,0.8116837674884683,0.9392613896808826,0.2464520446641039,0.7684336829737063,0.8606833753754551,5,0.8717618540415059,0.35810354083490176,0.9833295238942391,0.1291141979247861,,,,,,,,,,,,,,,,,,,,,,,,,,,,,
Gemma4-E4B,prompt_running,40,41,1.0,2,200,20,100,0.9224611840986839,0.9697155842791598,0.9887791462398167,0.10592853137933762,1.009634941395315,0.9620252350117972,0.5002801020274146,1.9229732126325496,1.0,52.97424569325533,55.03990518941878,0.777441281665118,0.4717612938074531,0.7805867280213128,0.9196848173990099,0.2833993341576337,0.7273222772382928,0.8393651807610288,5,0.8493316311336263,0.3881602360705868,0.9793985048063869,0.14353220960332586,,,,,,,,,,,,,,,,,,,,,,,,,,,,,
Gemma4-E4B,prompt_running,40,41,1.0,3,200,20,100,0.9456591738307094,0.981364838879606,0.9904218861730878,0.0978678385728031,0.6900167804772512,1.040483394651651,0.45312815686705843,2.2962232182735764,-1.0000000000000004,58.69374901435168,77.43769571941863,0.7863680394321347,0.4622033757642465,0.6007622189785664,0.9147614549052769,0.2919564095797917,0.733332316360917,0.8407997618162207,5,0.8286114958481827,0.41399094694427474,0.975663033014416,0.15600309928198206,48.755515812017656,0.8884057971014492,500.0,-0.3341910298033176,-0.868758776338482,0.947504792582229,0.001996007984031936,500.0,0.23277775035780562,0.07747717242664748,0.7794192589125656,47.165139208093265,7.274723628880977,140.00515769546595,39.30626221346117,26.934271709228824,76.8436588029749,34.251144331370995,24.85784821883387,61.230913983834235,1.080967911228503,0.08366480212972366,0.5837147675240986,0.048731090894069636,0.4038888535054424,0.12772977061990715,,,
Gemma4-E4B,answer_query,0,1,0.024390243902439025,1,200,20,0,0.29529458201155784,0.8191882381697173,0.4061616727542333,0.7706090625250697,1.929314296511245e-06,2.0542875850980256,2.0542875850980256,1.0,1.0,81.6431796020466,81.6431796020466,-0.7886553346746794,1.3374061965890092,-0.15857010121508552,-0.8548310828265437,1.3619218343306432,-304.7136916995029,-0.004161180829824973,5,,,,,,,,,,,,,,,,,,,,,,,,,,,,,,,,,
Gemma4-E4B,answer_query,0,1,0.024390243902439025,2,200,20,0,0.5005179523550727,0.902692562338829,0.4205877954817624,0.7611913061236562,1.635073076114516e-06,2.055068076610091,0.9238517371622689,2.224456581012123,0.9999999999999999,84.59880757751922,89.42622156794836,-0.9827635032700477,1.4081063536786018,-0.6206882708623362,-1.014187411378472,1.4192207056615513,-10.356496246237063,0.020032908023301932,5,,,,,,,,,,,,,,,,,,,,,,,,,,,,,,,,,
Gemma4-E4B,answer_query,0,1,0.024390243902439025,3,200,20,0,0.6386160187673103,0.9328634318213558,0.4400771759716188,0.7482799102130039,1.3908044035166688e-06,2.1012026654854385,0.7638257089546643,2.750892829152144,-1.0000000000000018,79.20181912044119,89.11465792386463,-1.4045535971610783,1.5506623091960023,-0.8310552542205636,-1.0422696108172578,1.4290799875504723,-26.978775402626756,-0.05594616901404059,5,,,,,26.05144829847457,0.24334650856389983,500.0,-0.34106505167856865,-1.2512294166251345,0.30416827420340875,0.001996007984031936,500.0,0.8545560975308149,0.3985977010821263,2.287216304117316,94.93954303809966,24.458845911397944,175.08796655666708,69.79183654276213,42.28942041995297,88.93356959319692,51.96865446024314,31.802832340625613,88.03365886228356,2.5989015499478874,1.4881922304020652,0.8225041783814306,0.23628609757577368,0.3821979127941868,0.197550692021734,-0.5004356693313574,-0.046823382192085795,1.5010439814189631
Gemma4-E4B,answer_query,1,2,0.04878048780487805,1,200,20,0,0.8191882381697173,0.8736157273144268,0.5581319197332535,0.6647315851279721,2.008603652515507e-05,1.4525131480943114,1.4525131480943114,1.0,1.0,11.39098343552653,11.39098343552653,-0.023643883001555288,1.0117528764483723,-0.06975703189114846,-3.6263625755905746,2.150898085821496,-0.9553979125109264,0.3557558886583737,5,,,,,,,,,,,,,,,,,,,,,,,,,,,,,,,,,
Gemma4-E4B,answer_query,1,2,0.04878048780487805,2,200,20,0,0.902692562338829,0.9045748937559677,0.5622264330859539,0.6616445925979039,1.106675787889369e-05,1.4769181478683804,0.8779233881059288,1.6822859122761835,1.0,39.304079018160856,68.15109553723128,-0.09457542966931531,1.0462195896031175,-0.10236928701769954,-5.271019291881415,2.50420032982216,-1.3588444176998125,0.2545465308499615,5,,,,,,,,,,,,,,,,,,,,,,,,,,,,,,,,,
Gemma4-E4B,answer_query,1,2,0.04878048780487805,3,200,20,0,0.9328634318213558,0.9275181832639176,0.7058172382471744,0.542386174005962,7.624429523227296e-06,4.258897915722315,0.4954124142837022,8.59667176867195,-1.000000000000001,43.47544672327041,65.88944966646491,0.12439103742452384,0.9357397942673359,-0.1165334867760972,-3.533663852967895,2.1292402055587565,-0.5509720902813551,0.7476642407767028,5,,,,,87.20080171658812,0.36772068511198946,500.0,-0.35507842499476205,-1.671475820028892,0.4992182928388923,0.001996007984031936,500.0,0.6655799369819643,0.20961245768463127,1.6784630353393077,66.54364730924769,10.698147887396965,176.07109702639778,53.824034178059556,30.138500974601083,86.60489138641505,62.25783843816001,40.54461838621643,87.71020769752559,3.6152037203633567,1.5053078633374415,1.345411218543787,0.27432235677825856,0.6034178209816362,0.30688749260983816,3.3848698499701744,0.3031999936882967,1.2579395101249957
Gemma4-E4B,answer_query,2,3,0.07317073170731707,1,200,20,0,0.8736157273144268,0.6184306921171024,0.6303138810809839,0.6080181896284157,7.607908024232792e-05,0.5257736773342535,0.5257736773342535,1.0,1.0,22.23981733055558,22.23981733055558,0.4443654790415307,0.7454089622203837,0.600223489692915,-3.7207997099552292,2.1727401386164957,0.05206581211402039,0.6294276369108824,5,,,,,,,,,,,,,,,,,,,,,,,,,,,,,,,,,
Gemma4-E4B,answer_query,2,3,0.07317073170731707,2,200,20,0,0.9045748937559677,0.7050862771735293,0.8074403396759745,0.4388162033517285,3.938758413771464e-05,1.9282144523301694,0.19521719068085622,9.877277946707272,0.9999999999999999,46.628146678292715,73.815817609452,0.1145893282002095,0.9409626303949539,0.5051712171985266,-5.989749678833298,2.6438134727762654,-0.9612047643116848,0.7733599648912655,5,,,,,,,,,,,,,,,,,,,,,,,,,,,,,,,,,
Gemma4-E4B,answer_query,2,3,0.07317073170731707,3,200,20,0,0.9275181832639176,0.7744807133455274,0.900857138205012,0.31486959490396654,2.6924397109804833e-05,2.131696133090957,0.34140848968592163,6.243828719818914,-0.999999999999999,47.496492545148605,66.11771657639201,0.019088749807299688,0.9904096375705864,0.48035569230875996,-8.320622394731858,3.0529694388794426,-0.938607276596261,0.5851960981517448,5,,,,,126.33036797251819,0.5007905138339921,500.0,-0.3387349686004819,-1.4630611559611506,0.5288940979770865,0.001996007984031936,500.0,0.4811955931570516,0.16616331540012666,1.1691865470244647,35.05699022371479,7.416906098614154,167.98631224588027,61.51052150696355,40.93959762543673,88.49578501750062,62.95913203282241,43.773821820375,88.25964638181938,1.8680188715096733,0.559245546654799,1.199012309815726,0.21111561645763108,0.4046490595707691,0.13952776049938828,1.62800878360294,0.36209580486773796,1.1666477024951956
Gemma4-E4B,answer_query,3,4,0.0975609756097561,1,200,20,0,0.6184306921171024,0.764333655085117,0.5804622060310689,0.6477173719832834,3.343287947149711e-05,1.1160138307695857,1.1160138307695857,1.0,-1.0,21.523254192027213,21.523254192027213,0.29019319884919814,0.8425003270924005,-1.3439087859102896,-12.318429970893076,3.6494424191776305,-1.8943998112570646,0.6528846004613116,5,,,,,,,,,,,,,,,,,,,,,,,,,,,,,,,,,
Gemma4-E4B,answer_query,3,4,0.0975609756097561,2,200,20,0,0.7050862771735293,0.8172915710932065,0.5776786524874267,0.6498625604791934,1.9058776369143666e-05,1.210463387406794,0.4880519808660527,2.4801935754032094,-1.0000000000000002,42.25579471053773,64.14692128998625,0.31723607153190236,0.826295303428561,-1.3054249380890166,-9.217416280691,3.1964693461209666,-1.3680095395183107,0.6494455095730838,5,,,,,,,,,,,,,,,,,,,,,,,,,,,,,,,,,
Gemma4-E4B,answer_query,3,4,0.0975609756097561,3,200,20,0,0.7744807133455274,0.8566999979116606,0.6200684620491415,0.6163858677410268,1.3956357962355205e-05,1.4804003523116596,0.44064341154104536,3.3596334667397203,1.0000000000000002,46.120075255154966,62.85023087369837,0.3187737616979902,0.8253643064138464,-1.2870396546008043,-7.991230158184816,2.998538003458488,-1.6105476343301692,0.6180302507310788,5,,,,,162.774163641751,0.5177865612648221,500.0,-0.3127158936034432,-1.4204754756510032,0.39393928595136585,0.001996007984031936,500.0,0.858134560454917,0.31412455470713924,1.803913396251035,48.55147999051128,13.722839104592673,146.83371413210133,62.65951641232749,42.72345187142717,87.92621538035652,63.69865697409654,43.249165401904335,89.02137945770134,1.8533293698079911,0.6371718643441788,0.901670097382962,0.10882990969981006,0.4334555132444363,0.2095123574777985,0.9899911780258106,0.05926111422552945,1.6941887510283888
Gemma4-E4B,answer_query,4,5,0.12195121951219512,1,200,20,0,0.764333655085117,0.8884616921307583,0.38365086361762923,0.7850790637778915,7.187977514308077e-05,2.31919841000818,2.31919841000818,1.0,1.0,81.59273607446606,81.59273607446606,-14.867900921359679,3.9834533913878896,-4.077291182945998,-9.225302618008287,3.1977027094475634,-36.99166933817926,-8.77705118544497,5,,,,,,,,,,,,,,,,,,,,,,,,,,,,,,,,,
Gemma4-E4B,answer_query,4,5,0.12195121951219512,2,200,20,0,0.8172915710932065,0.9488869633975844,0.6462735045407126,0.5947491029495441,3.84300324640113e-05,7.6912179559246985,0.9769075503639032,7.873025398421457,-1.0000000000000007,57.02454698420759,89.80794578335724,-10.853043536361344,3.442824935479779,-1.7503610166999528,-21.681285806236286,4.76248735496865,-23.337828619373063,-7.150636257211476,5,,,,,,,,,,,,,,,,,,,,,,,,,,,,,,,,,
Gemma4-E4B,answer_query,4,5,0.12195121951219512,3,200,20,0,0.8566999979116606,0.9672465625736993,0.7319385288528615,0.5177465317577111,2.6855376054370914e-05,9.34110766463012,0.08231763802759634,113.47638110678768,-1.0000000000000002,64.0730191552518,89.43189199131481,-10.645365357167442,3.412530638275273,-1.4347190883526402,-32.69872730565506,5.805060491127983,-25.757731387758213,-5.472247860901938,5,,,,,116.7302051568894,0.26271409749670616,500.0,-0.3262910304040659,-1.5864135162008224,0.5288036863844442,0.001996007984031936,500.0,0.45667289923895804,0.20314957533053285,1.0598795373340444,43.211941033033206,7.69091227944469,159.6001913541431,64.06939767342632,45.205663479780725,88.21759662641243,45.48710508031343,30.242198440761474,71.24811898950384,6.351176068205391,1.8237318418542867,1.5548969022395627,0.43313395657770004,0.6368389147986473,0.36628323467331764,0.4167649510420945,0.03123490090973764,1.7500664249044309
Gemma4-E4B,answer_query,5,6,0.14634146341463414,1,200,20,0,0.8884616921307583,0.937120295003869,0.996282579874032,0.06097064970924899,0.0010097504617616884,0.992889371241532,0.992889371241532,1.0,1.0,52.250449767319324,52.250449767319324,0.16104629316685948,0.9159441614165902,0.14190357967464495,-0.318333761188617,1.1481871629610814,-1.1472560064321695,0.7813293331378455,5,,,,,,,,,,,,,,,,,,,,,,,,,,,,,,,,,
Gemma4-E4B,answer_query,5,6,0.14634146341463414,2,200,20,0,0.9488869633975844,0.9580160531921638,0.9778945708340973,0.14867894661283668,0.0005392123588089065,1.0057490265288187,0.15528184040816445,6.476926238671358,-1.0000000000000007,49.29701889747052,52.60392819738913,-0.03369385264043978,1.0167073584077375,-1.3050378507572566,-1.3290781975010937,1.5261317759292916,-0.6682716063157956,0.37364708909383315,5,,,,,,,,,,,,,,,,,,,,,,,,,,,,,,,,,
Gemma4-E4B,answer_query,5,6,0.14634146341463414,3,200,20,0,0.9672465625736993,0.9689846046165103,0.9918370684385741,0.09034894333320076,0.0003664302287300935,1.0628537702577365,0.35238946352051886,3.0161337959409473,0.9999999999999998,44.918907654806596,52.896100321116805,-0.12557674880649072,1.0609320189373543,-1.634366795867796,-1.221823585772552,1.4905782722730638,-1.1302013794340633,0.566040060456249,5,,,,,113.95132093874197,0.9807641633728589,500.0,-0.2943286536503845,-1.7204571629726966,0.7208183385099497,0.001996007984031936,500.0,0.26395482128129916,0.0859083181627534,0.8553816622917245,12.509344117463758,2.6849070184230683,65.60882048587602,46.194235152544195,30.00998512941232,74.25317210732642,56.97421412600026,36.48490751001118,87.98766018774533,1.0543348791133378,0.0779372794179295,0.8001025491102255,0.10656042987645781,0.34995308042527057,0.1433146332973058,1.0925981155856017,0.47237009879189396,1.0344785806910632
Gemma4-E4B,answer_query,6,7,0.17073170731707318,1,200,20,0,0.937120295003869,0.850575277625906,0.9979707453698607,0.045047248863157086,0.0010011541883699184,0.9892143978027749,0.9892143978027749,1.0,1.0,42.95080847121432,42.95080847121432,0.6685364507200586,0.5757287115299543,0.6640366194502809,0.9577876665684467,0.20545640275141897,-0.016082453144015574,0.8367762752953314,5,,,,,,,,,,,,,,,,,,,,,,,,,,,,,,,,,
Gemma4-E4B,answer_query,6,7,0.17073170731707318,2,200,20,0,0.9580160531921638,0.9474614022985726,0.9127568619714571,0.2953694940723278,0.0005117388820263426,1.0014409290660329,0.870612840280683,1.150271260349401,-1.0000000000000004,41.83679301472879,42.27894236797506,-0.12193342620564707,1.059213588567314,-0.9305083018432634,-0.6932249280448519,1.301239765779102,-0.5819906601525149,0.04602755144540549,5,,,,,,,,,,,,,,,,,,,,,,,,,,,,,,,,,
Gemma4-E4B,answer_query,6,7,0.17073170731707318,3,200,20,0,0.9689846046165103,0.963398091177178,0.9117877186017493,0.2970055241881045,0.0003450652673407251,1.3010828739836662,0.01193567632129255,109.00788853184717,1.0000000000000004,50.12020393609722,73.91348261680962,-0.013090761942632145,1.0065240990371924,-1.0698421519811192,-0.689623943626857,1.2998553548864031,-0.7782272821123151,0.3489543835439338,5,,,,,112.19350559201472,0.9541501976284584,500.0,-0.36332507353806315,-1.6688737323940936,0.6278723470510948,0.001996007984031936,500.0,0.7258940626169577,0.288486427196041,1.5150162526915216,56.47246832284796,6.388694346247494,168.812586229594,57.76390087902158,36.5524761468853,85.36690402088111,51.05830383563085,32.24155682242134,85.68633877724766,1.4429907062524137,0.39342527719006937,0.9862105420877033,0.04375140195254439,0.5826094155878245,0.29554404992465455,0.2835347258727685,0.23136234199904632,1.3693237863670273
Gemma4-E4B,answer_query,7,8,0.1951219512195122,1,200,20,0,0.850575277625906,0.8588445253848972,0.9991434889183922,0.029266210578204367,0.0009836299349230463,0.4817056004860215,0.4817056004860215,1.0,1.0,57.8785985320266,57.8785985320266,0.48572100411093233,0.7171324814070742,-0.13794556697784932,0.04676490148773771,0.9763375945400558,-1.4156239679406055,0.8452304215706617,5,,,,,,,,,,,,,,,,,,,,,,,,,,,,,,,,,
Gemma4-E4B,answer_query,7,8,0.1951219512195122,2,200,20,0,0.9474614022985726,0.8925361692365353,0.9913956970946951,0.09275938176435264,0.0005478359305752873,0.48263335161671583,0.24961376435286686,1.9335205847640697,1.0000000000000007,55.806894925380206,57.7733529010183,0.45768103707087315,0.736423086906655,-2.5759322241240183,-0.26175802130165415,1.123280027999098,-0.23343583583097338,0.7700388117783905,5,,,,,,,,,,,,,,,,,,,,,,,,,,,,,,,,,
Gemma4-E4B,answer_query,7,8,0.1951219512195122,3,200,20,0,0.963398091177178,0.9177853055673856,0.9882910746181968,0.10820778799052871,0.0003713671702186377,0.525692709227212,0.2648711499721543,1.9847110917231934,0.9999999999999994,59.540257059883686,68.10664470226503,0.21293078392906062,0.8871692150153427,-3.43069052619854,-1.4650229099928653,1.5700391428218805,-0.6172461005771657,0.5492773759126086,5,,,,,23.291861324898523,0.9827404479578391,500.0,-0.3341298677637987,-1.707963081171749,0.7123210749502386,0.001996007984031936,500.0,0.3446881209385413,0.07827569233765454,1.5034948056638409,13.115193981309027,1.989202369878097,164.84960642836216,49.14426193238688,30.25569405249116,86.70119282826145,67.0493042408528,40.131970748294904,88.29992446083502,0.5712400068749518,0.07263672003941317,0.45031138917574753,0.06066756946708719,0.22789823018526267,0.08933978422129292,0.25070305081197913,0.1929411765074838,1.4096009604969724
Gemma4-E4B,answer_query,8,9,0.21951219512195122,1,200,20,0,0.8588445253848972,0.8149535119501341,0.9979360022515873,0.0454312419862451,0.00022889430501553284,0.9655829576910869,0.9655829576910869,1.0,1.0,56.968511471288785,56.968511471288785,0.6029153331590984,0.6301465439410912,0.6105345803552505,-0.1865600012400941,1.0892933494886003,-1.3383461185635528,0.9098971952267538,5,,,,,,,,,,,,,,,,,,,,,,,,,,,,,,,,,
Gemma4-E4B,answer_query,8,9,0.21951219512195122,2,200,20,0,0.8925361692365353,0.8793153319965653,0.9617695488438991,0.19552608817265502,0.00011893680411309944,1.0129912515962713,0.9109897504912589,1.1119677812511144,0.9999999999999996,66.57276574495557,76.57441433657301,0.19711622119164107,0.8960378221974555,-0.22950220946717037,-0.681353914145137,1.296670318217062,-0.42606472048787314,0.5213214066595087,5,,,,,,,,,,,,,,,,,,,,,,,,,,,,,,,,,
Gemma4-E4B,answer_query,8,9,0.21951219512195122,3,200,20,0,0.9177853055673856,0.9099284012303286,0.9621161385321676,0.19463776989020504,8.153428762408743e-05,1.120003341343287,0.8835128907824399,1.2676706282705292,1.0000000000000016,66.91173065647973,79.80978008892411,0.31240535226972643,0.8292132703534559,-0.1971191581525511,-1.2182446819727568,1.4893772799303597,-0.231780206960285,0.5623308805594216,5,,,,,9.074506289396892,0.9853754940711461,500.0,-0.3172062801344191,-1.5850430147893446,0.6527736647886391,0.001996007984031936,500.0,0.5087041671968578,0.1383626926283884,1.2830868543244127,21.78472495419209,2.8703385738025666,98.79881802389775,66.33004957822942,41.33051559795843,88.2663694372979,55.468471676130946,37.40525355603766,87.20982037422617,1.2601568493904878,0.2291466805721724,0.9627772861681496,0.04713842593421806,0.6165574990173145,0.27380331234755717,0.7643514868915917,0.24428686630918778,1.2298602819748303
Gemma4-E4B,answer_query,9,10,0.24390243902439024,1,200,20,0,0.8149535119501341,0.8213062036623429,0.99893812832346,0.03258637255878672,0.00021427879824071247,1.1758094015531944,1.1758094015531944,1.0,1.0,49.86406197392317,49.86406197392317,0.8759250658332374,0.35224272053054917,0.9322290918370619,0.7241207312127511,0.5252421049261463,0.6574609889334069,0.9439777841124082,5,,,,,,,,,,,,,,,,,,,,,,,,,,,,,,,,,
Gemma4-E4B,answer_query,9,10,0.24390243902439024,2,200,20,0,0.8793153319965653,0.8656468360048161,0.963284249318153,0.1916135451418999,0.0001156008470740759,1.1781022765933338,0.5283188054732497,2.2299078972553903,1.0000000000000007,44.736117857738265,49.8348630247985,0.6047364910664095,0.6286998559993398,0.43388720567301753,0.4438124678639014,0.7457798147818823,0.32184301042380026,0.8395689794008034,5,,,,,,,,,,,,,,,,,,,,,,,,,,,,,,,,,
Gemma4-E4B,answer_query,9,10,0.24390243902439024,3,200,20,0,0.9099284012303286,0.901503352525356,0.9669603719047164,0.1817680612629282,7.975030127144154e-05,1.2549121221752004,0.5879133431046306,2.134518865566663,1.0000000000000002,47.11081304325139,55.65478640524959,0.6458931750103716,0.5950687565228311,0.5830624248126188,0.24125754535119026,0.8710582383795068,0.530823399281813,0.7682356364599365,5,,,,,27.72109040677783,0.9862977602108036,500.0,-0.3484997479588443,-1.7003704851213075,0.6826686176421061,0.001996007984031936,500.0,0.3187332998822632,0.09616478613777728,1.2066592998314691,18.0064502522519,2.6716714563657273,130.35272481568362,55.96784777044367,36.70831782762872,86.22208494726414,52.12736275003371,34.998515027612015,85.16855366275506,1.2576657365742798,0.0921626331873655,1.1134932093364467,0.09311795318522038,0.5779766505668071,0.21461790064804306,1.402412807357477,0.3448114433804982,1.158687452981247
Gemma4-E4B,answer_query,10,11,0.2682926829268293,1,200,20,0,0.8213062036623429,0.8190987963532319,0.9979920132405193,0.04481056526624738,0.00029715441717144425,1.2954356487478678,1.2954356487478678,1.0,1.0,64.16779873644174,64.16779873644174,-0.617987498729536,1.2720013752860237,-0.01848660542008096,-0.530607819451143,1.2371773597391535,-1.0860318147177637,0.24321943306580662,5,,,,,,,,,,,,,,,,,,,,,,,,,,,,,,,,,
Gemma4-E4B,answer_query,10,11,0.2682926829268293,2,200,20,0,0.8656468360048161,0.9012705875346554,0.9690689754033309,0.17587218255502782,0.00015659858642384555,1.4491094145246175,1.2917042172480622,1.1218585456134087,0.9999999999999998,48.447670073862405,63.934739052835546,-0.4800981859968001,1.2165928595864766,-0.5185632497175268,-0.4689301614449346,1.2119942910116923,-1.6088661669872555,-0.154765970238395,5,,,,,,,,,,,,,,,,,,,,,,,,,,,,,,,,,
Gemma4-E4B,answer_query,10,11,0.2682926829268293,3,200,20,0,0.901503352525356,0.9337656418363459,0.965168724728907,0.1866313887616254,0.00010872343838925019,1.4962014337164324,1.0517005004850213,1.42264973062808,0.9999999999999991,53.050713519154016,65.81152591804602,-0.905569886501989,1.3804238068441115,-0.8374691037278956,-0.7000747397398492,1.3038691421073854,-1.6415101709222748,-0.161955351822195,5,,,,,3.3988902536971612,0.9787878787878788,500.0,-0.3293519908156853,-1.5868856783045795,0.6584626283227978,0.001996007984031936,500.0,0.44982913999846175,0.15813168668421007,0.9899561927383754,14.597304436760327,2.4161654015569427,86.34110859569857,51.867402084440144,34.03613680449345,87.48355232782481,39.41944005720824,28.373210941017202,81.3826482770753,1.394204755670541,0.15081946950636127,1.102879252359427,0.16472419077163505,0.5559802856691982,0.3042235695545748,1.3934161635365236,0.38348404200543385,1.1437074674635834
Gemma4-E4B,answer_query,11,12,0.2926829268292683,1,200,20,0,0.8190987963532319,0.8687494795765345,0.9995188260381992,0.021935677828614684,0.0005006734182306956,1.1335453272919314,1.1335453272919314,1.0,1.0,46.68474275464211,46.68474275464211,0.6774475327812575,0.5679370275116269,0.6836333311547613,0.8438024614648891,0.3952183428626647,0.6349599114757942,0.7307343136868469,5,,,,,,,,,,,,,,,,,,,,,,,,,,,,,,,,,
Gemma4-E4B,answer_query,11,12,0.2926829268292683,2,200,20,0,0.9012705875346554,0.909630570043996,0.977149795226174,0.1511628419084069,0.00027545042662788097,1.134241079230999,0.5471587595041825,2.0729652217554033,1.0000000000000004,37.33094807360266,46.65151608284353,0.5182478684227574,0.6940836632404214,-0.3548985139020788,0.6143920250449197,0.6209734092173997,0.4472525162569746,0.6584287123834831,5,,,,,,,,,,,,,,,,,,,,,,,,,,,,,,,,,
Gemma4-E4B,answer_query,11,12,0.2926829268292683,3,200,20,0,0.9337656418363459,0.9385211090035916,0.9778961831622691,0.14867352433345646,0.00019025447553092266,1.1367544951920046,0.5645990116204763,2.013383785298107,1.0000000000000004,39.32885021813729,47.144566395458966,0.4643795969410236,0.7318609178382026,-0.6614084326335801,0.48955820016900575,0.7144520976461572,-0.10209765457872022,0.5657583138582138,5,,,,,11.88593144025495,0.9715415019762844,500.0,-0.32202026352108476,-1.5600485224586633,0.6305504582035786,0.001996007984031936,500.0,0.22957565139116748,0.07011438687464301,0.7935096925660161,8.733919756357402,1.6441202888771698,46.975351899306766,39.87031037815185,28.381836402744476,81.27132773899291,40.77134293086911,29.56484818622042,78.10719165502049,1.1784283402928992,0.11124876961835958,1.0027052224835988,0.08169671940383129,0.5424058586104736,0.2445014806383854,1.2289907888368188,0.4696047138901092,1.0299532294093001
Gemma4-E4B,answer_query,12,13,0.3170731707317073,1,200,20,0,0.8687494795765345,0.888112338419868,0.9971755736760438,0.05314533209940641,0.0006449247730398251,1.047129973654447,1.047129973654447,1.0,1.0,49.87352578957918,49.87352578957918,0.8870004294700213,0.3361540874806948,0.8924779648866936,0.9796358885302022,0.14270287828140596,0.7947366594561334,0.9355540621716412,5,,,,,,,,,,,,,,,,,,,,,,,,,,,,,,,,,
Gemma4-E4B,answer_query,12,13,0.3170731707317073,2,200,20,0,0.909630570043996,0.921168135106821,0.9640227486780849,0.18967670210628151,0.00033763662754748684,1.0525573121438971,0.22373982786971058,4.70438062890094,-0.9999999999999994,63.8020353889321,79.51961780803202,0.7060407149609821,0.542180122320081,0.2465553885539723,0.8333314945934176,0.40825054244493353,0.6408976889229283,0.8363233827389208,5,,,,,,,,,,,,,,,,,,,,,,,,,,,,,,,,,
Gemma4-E4B,answer_query,12,13,0.3170731707317073,3,200,20,0,0.9385211090035916,0.9411922268562535,0.9896277491527817,0.1018442479829779,0.00023224014419448956,1.2026014406498982,0.5546831505968136,2.1680872032185476,-1.0,46.20493010326816,54.19597061012916,0.6854364655235337,0.5608596388370858,-0.1055006218052068,0.8327260030590637,0.40899143871349714,0.3905230162022483,0.8234319335985053,5,,,,,95.39141104571507,0.9853754940711461,500.0,-0.356450379820237,-1.7266662707825176,0.6970357098556828,0.001996007984031936,500.0,0.1463536017495019,0.0551364892230684,0.6068506962309084,13.311935465957461,2.161202965173338,64.8660013783186,40.34272427782328,28.433005533618473,81.83867900619025,48.576183740738735,29.557216689658585,86.77209253938564,1.1512791988150015,0.04090719111507083,0.9426697949706692,0.028463130782900303,0.495693599888337,0.19141560070321387,1.1146082981791015,0.3493894746214482,1.1516953843199174
Gemma4-E4B,answer_query,13,14,0.34146341463414637,1,200,20,0,0.888112338419868,0.9083450064036802,0.9927778375717171,0.08498330676246325,0.0007105691231577686,1.2984205633943473,1.2984205633943473,1.0,1.0,57.821451073628815,57.821451073628815,0.8283956481978886,0.4142515561855036,0.836788355950996,0.9128919085653493,0.29514079933931653,0.7326204766420055,0.9157274645279116,5,,,,,,,,,,,,,,,,,,,,,,,,,,,,,,,,,
Gemma4-E4B,answer_query,13,14,0.34146341463414637,2,200,20,0,0.921168135106821,0.9371572743972226,0.9970349202688492,0.05445254568108639,0.0003685083551526345,1.5290414346479024,0.9674174754105938,1.5805393984628433,1.0000000000000007,57.91056289238426,63.06915770724317,0.7701951389898545,0.4793796626997703,0.7863639401415236,0.904141106905224,0.3096108736701217,0.7296356420493613,0.8466466383852855,5,,,,,,,,,,,,,,,,,,,,,,,,,,,,,,,,,
Gemma4-E4B,answer_query,13,14,0.34146341463414637,3,200,20,0,0.9411922268562535,0.9545716915017315,0.9870002730892847,0.11401634492788863,0.0002510125901977877,1.5532578192670399,0.6836075339350056,2.2721484801756393,0.9999999999999996,54.88968651579674,60.17997374223311,0.5278865050953907,0.6871051556382104,0.15254692732465747,0.7952645970896535,0.4524769639554554,0.2600238501634069,0.674080494874808,5,,,,,22.267540934244884,0.9847167325428194,500.0,-0.34038895083692966,-1.7116250358831027,0.7572566135374921,0.001996007984031936,500.0,0.25932442598946925,0.07208991876971461,0.9229665298059277,7.658184945011966,1.608842764208777,151.6443031632267,47.48897603053162,30.776423243627953,86.73655106658863,44.69967485611666,28.577807044360227,83.91411675592983,1.4966131293012548,0.046035761140294534,1.0502523000737243,0.07186103763097725,0.6839043212735507,0.2965740077274893,0.8067774809575787,0.26219038670318473,1.2282834172437205
Gemma4-E4B,answer_query,14,15,0.36585365853658536,1,200,20,0,0.9083450064036802,0.9106020416086528,0.9991375699021606,0.029367160193647438,0.0012090736310164994,1.0879856353571895,1.0879856353571895,1.0,1.0,59.03235485034512,59.03235485034512,0.867783240091962,0.36361622613414557,0.8568983113885693,0.9486143282758989,0.22668407911474758,0.7650988578506102,0.9409842052529467,5,,,,,,,,,,,,,,,,,,,,,,,,,,,,,,,,,
Gemma4-E4B,answer_query,14,15,0.36585365853658536,2,200,20,0,0.9371572743972226,0.9380398280779999,0.9972466422457279,0.052472447572722736,0.000623712433382066,1.1064115800601355,0.990474714910129,1.1170518170779615,1.0000000000000002,59.63856906917998,61.69798749036186,0.517119248773642,0.6948962161548716,0.485031947853358,0.6489328194381943,0.5925092240309899,0.2142753347292753,0.7717457609820291,5,,,,,,,,,,,,,,,,,,,,,,,,,,,,,,,,,
Gemma4-E4B,answer_query,14,15,0.36585365853658536,3,200,20,0,0.9545716915017315,0.9586636379029378,0.9795169280631516,0.14311908306319035,0.0004235349098169431,1.112322174420177,0.388299425819365,2.8645990708665736,1.0000000000000002,61.605127391599275,67.93917610159151,0.3003929868268771,0.8364251390131234,-0.04168510802946823,0.38942567338776723,0.7813925560256079,-0.2681093477688523,0.5141020839003168,5,,,,,5.759682889144962,0.993544137022398,500.0,-0.3459393368764773,-1.722211879429991,0.7189598536530917,0.001996007984031936,500.0,0.3640012888908337,0.1134694117314638,0.8532310077964576,13.029550702811953,2.60698630303015,58.439110274215054,43.230732139063136,28.097603455500074,87.34521838424214,41.93813114615365,28.371428468517372,81.56110414172315,1.1570207249200952,0.07742870330041474,1.0356250318083497,0.048984922962854456,0.4437857079472613,0.26584922607973027,0.7353299265034837,0.21673849599983608,1.2769653362148103
Gemma4-E4B,answer_query,15,16,0.3902439024390244,1,200,20,0,0.9106020416086528,0.9481790683066011,0.9995468477484454,0.021287373054338324,0.001435296098231813,1.7090176672828394,1.7090176672828394,1.0,1.0,63.30585793174894,63.30585793174894,0.8715047192560326,0.35846238400140046,0.781085666700301,0.9481977612759287,0.22760105167611003,0.8104433478647729,0.9165256170183403,5,,,,,,,,,,,,,,,,,,,,,,,,,,,,,,,,,
Gemma4-E4B,answer_query,15,16,0.3902439024390244,2,200,20,0,0.9380398280779999,0.9665492529742588,0.9970746363517257,0.05408663095695969,0.000739271846375356,1.7118301560742977,1.2553117109400072,1.3636693907622663,1.0000000000000004,66.29190120568079,69.41573520261014,0.5583346482205065,0.6645790786501584,0.45002939535342057,0.8905631703477037,0.33081237832387156,0.21841279069572483,0.8092925976161267,5,,,,,,,,,,,,,,,,,,,,,,,,,,,,,,,,,
Gemma4-E4B,answer_query,15,16,0.3902439024390244,3,200,20,0,0.9586636379029378,0.9752348522324371,0.9897082675197005,0.101448176328111,0.0005036836862229618,1.7210805505809563,0.12725534421928694,13.524622962908207,-0.9999999999999998,63.75276827359938,65.95617030457649,0.4922090632701448,0.7125945107351411,0.26935327381682894,0.7277307175497472,0.5217942913162742,0.13932009069029094,0.7724824128464385,5,,,,,8.899832911771071,0.998550724637681,500.0,-0.3219843859748646,-1.5760240396238452,0.7508728614769918,0.001996007984031936,500.0,0.2750731740635235,0.08612311413675285,0.6533222213301865,16.506736700297722,2.2621556630374204,80.67578836197794,40.86723577124798,28.127477674430533,83.5627151129557,52.31594131714222,31.585160113313005,86.89381188629879,1.7231191911477177,0.030480869003949983,1.2792672118317419,0.12869352654841518,0.5100612688380622,0.29487896804926766,0.736245935037288,0.08555521010571676,1.419511605044333
Gemma4-E4B,answer_query,16,17,0.4146341463414634,1,200,20,0,0.9481790683066011,0.9661428530634373,0.9862073801268672,0.11744198513790918,0.004202417309126355,2.361970976347679,2.361970976347679,1.0,1.0,74.64859149367764,74.64859149367764,0.6921472024169739,0.5548448409988382,0.5075402315647213,0.9469588268455386,0.230306693681407,0.5381109414955241,0.8938329412463896,5,,,,,,,,,,,,,,,,,,,,,,,,,,,,,,,,,
Gemma4-E4B,answer_query,16,17,0.4146341463414634,2,200,20,0,0.9665492529742588,0.9894996392632842,0.9960565382674121,0.06279698824456348,0.0021419178331348408,3.4956876441031146,1.6452575186195004,2.1247054667990635,1.0000000000000004,76.61124331259951,82.18094825038503,0.360784587715275,0.7995094822981933,0.35601358575223063,0.8515624528581643,0.3852759363648808,-0.0026705314234651834,0.5213301796154604,5,,,,,,,,,,,,,,,,,,,,,,,,,,,,,,,,,
Gemma4-E4B,answer_query,16,17,0.4146341463414634,3,200,20,0,0.9752348522324371,0.9932735152589864,0.9935356312137366,0.08040129841155229,0.0014407770151139306,3.5278634314088277,0.7259346180664555,4.859753679753388,-1.0000000000000016,79.85268314626872,89.44695651890964,0.39178783621149926,0.7798795828770624,0.27568484697822826,0.8630483731401196,0.3700697594506749,0.03529268834008015,0.7604086377455663,5,,,,,24.428295866017915,0.9832674571805006,500.0,-0.30361550713807933,-1.4943385835792315,0.7583220033175161,0.001996007984031936,500.0,0.2710042741341593,0.11584487377641273,0.6221279344710505,14.855172324139067,4.187154424453648,88.97490387839733,51.92215272927933,33.01240754874773,85.02991422935258,47.28618027002464,25.641314752501373,86.84463690467926,3.2059328950379404,0.3983900202205726,1.6339882707562519,0.10995871737906195,0.7857163523950773,0.41842057013167905,0.5250775268004869,0.054318723322116104,1.4183049284429525
Gemma4-E4B,answer_query,17,18,0.43902439024390244,1,200,20,0,0.9661428530634373,0.9390780286403166,0.9976048469327283,0.04894030105415905,0.023820329432507364,1.1599660540776378,1.1599660540776378,1.0,1.0,61.63633880097202,61.63633880097202,0.8680475371359692,0.36325261577039036,0.8996712813757465,0.9560107581789556,0.20973612426342855,0.8229641719134976,0.9527661641720817,5,,,,,,,,,,,,,,,,,,,,,,,,,,,,,,,,,
Gemma4-E4B,answer_query,17,18,0.43902439024390244,2,200,20,0,0.9894996392632842,0.9874942464259726,0.9980105959316553,0.04460273610827771,0.012198096433598,1.6916358112557364,1.1228523704317592,1.5065522911130949,1.0,67.31639130785138,74.53591464064677,0.5172473092589125,0.6948040664396601,0.7453410835057749,0.8752603109861986,0.3531850634069926,0.28513251700198694,0.6874680439494398,5,,,,,,,,,,,,,,,,,,,,,,,,,,,,,,,,,
Gemma4-E4B,answer_query,17,18,0.43902439024390244,3,200,20,0,0.9932735152589864,0.992740015273226,0.9985430203488571,0.03817040281609396,0.008163079360722013,1.8543572113347977,1.0462632872810116,1.7723619225461205,0.9999999999999991,67.23578039829587,74.56725363067746,0.5769923921002404,0.6503903504048624,0.2801047432785513,0.8417343275609492,0.39782618370219275,0.3387297164289438,0.7703584397081176,5,,,,,15.642053038259643,0.994729907773386,500.0,-0.32347695719161706,-1.560397454274266,0.7188922455934135,0.001996007984031936,500.0,0.18340359520201266,0.0632482019793198,0.8226476245714746,7.005128830266404,1.5655693804398223,25.24235649235144,48.12813409032175,25.233810115813345,87.45693605815337,35.91811485563175,23.150560335621893,74.28194547565136,1.7632990063215594,0.17951113335426774,1.1648856438560655,0.06932478689761645,0.9002813289971521,0.24945263397504272,1.0109917974880442,0.1023558913350353,1.389924847342726
Gemma4-E4B,answer_query,18,19,0.4634146341463415,1,200,20,0,0.9390780286403166,0.9150571827382623,0.9935660112041995,0.08021214867961365,0.032191965556496054,2.0992526798499624,2.0992526798499624,1.0,1.0,68.43375905809769,68.43375905809769,0.7776019128043773,0.4715910168733313,0.6659239189443122,0.9455920576986799,0.23325510134039956,0.6505981655730517,0.8638296328970633,5,,,,,,,,,,,,,,,,,,,,,,,,,,,,,,,,,
Gemma4-E4B,answer_query,18,19,0.4634146341463415,2,200,20,0,0.9874942464259726,0.9920876794272889,0.9991936545468794,0.028396222514986635,0.016925846308112707,2.8373996494072795,1.975553511883713,1.4362555265343262,0.9999999999999998,71.32289718237223,74.88089822555396,0.5600755746782711,0.6632679890675631,0.5854211982658462,0.8792760777187338,0.3474534821832502,0.22500626993075545,0.8539049049894608,5,,,,,,,,,,,,,,,,,,,,,,,,,,,,,,,,,
Gemma4-E4B,answer_query,18,19,0.4634146341463415,3,200,20,0,0.992740015273226,0.9975854102441055,0.9994498011532583,0.023456317842783733,0.01134383988108817,2.854079734756376,1.708780772418087,1.6702433576178308,0.9999999999999994,71.78349053898799,75.30864342177912,0.3184316082597477,0.8255715545852172,0.545599405142372,0.8144830720405122,0.4307167607134506,-0.06851422146129327,0.7693892203212417,5,,,,,13.100439354576178,0.9964426877470356,500.0,-0.3303228775117641,-1.281819085309311,0.6829394717268004,0.001996007984031936,500.0,0.1295989131706602,0.05685514474661804,0.3449395989004395,4.866599570790573,1.3246442268921972,13.17162673643765,35.80970231219246,22.639346559577536,76.43350410555792,21.926492610011387,14.891783740105216,34.1616562024251,2.8366948381636035,0.14208630543692893,2.155007649762542,0.17034908525628217,1.490907183422609,0.26401951574841087,0.9878626802292337,0.09087995987644013,1.3815148226010603
Gemma4-E4B,answer_query,19,20,0.4878048780487805,1,200,20,0,0.9150571827382623,0.9285214733481054,0.9845404472292901,0.1243364498878341,0.1430697841999381,1.6700620512430315,1.6700620512430315,1.0,1.0,67.73787784374667,67.73787784374667,0.9256811148576961,0.27261490264162724,0.7798124375227901,0.976483280445798,0.15335162064419805,0.8931323117381464,0.9464989621708665,5,,,,,,,,,,,,,,,,,,,,,,,,,,,,,,,,,
Gemma4-E4B,answer_query,19,20,0.4878048780487805,2,200,20,0,0.9920876794272889,0.9953307589511462,0.9996338069616904,0.019136170941691222,0.07755677616689373,1.9832328131254147,1.3123102196987138,1.5112530431872537,1.0000000000000004,71.26095668788204,75.32920043999607,0.9017333245947061,0.3134751591518758,0.7740179310653247,0.9853889035533717,0.12087636843745862,0.8450415916192422,0.9296240509084885,5,,,,,,,,,,,,,,,,,,,,,,,,,,,,,,,,,
Gemma4-E4B,answer_query,19,20,0.4878048780487805,3,200,20,0,0.9975854102441055,0.9985937348219256,0.9997387411654268,0.01616350316525321,0.05199104203795423,1.987335261181506,1.13847999547735,1.7456040238530868,1.0000000000000009,70.81685255909487,76.33056131870308,0.8817327342208839,0.343900081097862,0.7622537273948334,0.977441034353489,0.15019642354766988,0.8348032439470733,0.904494946945413,5,,,,,14.649671036081632,0.9952569169960473,500.0,-0.3024642494995701,-1.181195972482915,0.8614710782517422,0.001996007984031936,500.0,0.07176243183612932,0.03279733706382108,0.15045529643712513,3.3465819377009467,1.176519039651107,7.75572248007185,21.97241005857917,14.741932601051166,32.25576719800612,22.0047483243452,15.12389884771914,31.862741148246894,1.9918398278173652,0.05248498252366423,1.3934183958624202,0.05365212146517062,1.1339486577226638,0.05629529672471156,0.6326547646608919,0.1675618865434723,1.375369545080658
Gemma4-E4B,answer_query,20,21,0.5121951219512195,1,200,20,0,0.9285214733481054,0.9464402365795569,0.9996959610342387,0.01743671315819792,0.4061133782314575,0.8813734617669513,0.8813734617669513,1.0,1.0,55.32399084879623,55.32399084879623,0.9813591225681624,0.13653159865700534,0.9688150389048374,0.9920145853971418,0.08936114705428866,0.9729728408708274,0.989916523486382,5,,,,,,,,,,,,,,,,,,,,,,,,,,,,,,,,,
Gemma4-E4B,answer_query,20,21,0.5121951219512195,2,200,20,0,0.9953307589511462,0.9952521922660119,0.9999509541961594,0.0070032709386819245,0.21766709148781763,0.8866221950485349,0.7374894752086398,1.2022167432256639,0.9999999999999994,56.08887077955761,57.18636335738198,0.9793449990084938,0.1437184782535155,0.9499751539221689,0.9914308289539747,0.09256981714373932,0.973215696218235,0.9858175320623256,5,,,,,,,,,,,,,,,,,,,,,,,,,,,,,,,,,
Gemma4-E4B,answer_query,20,21,0.5121951219512195,3,200,20,0,0.9985937348219256,0.9986098365155599,0.999931364278309,0.008284667868480821,0.1455871105371344,0.8947319930740736,0.7360798425276726,1.2155366053791055,1.0000000000000004,57.69070150325382,64.15932828062556,0.9658192889133907,0.1848802614845869,0.9343974101138905,0.9839410185485015,0.12672403659723955,0.950602601267695,0.9816003261553052,5,,,,,2.975356872054297,0.9992094861660078,500.0,-0.3390057655825097,-1.2096813162672642,0.6652501443321109,0.001996007984031936,500.0,0.03816663278008388,0.01658252469946484,0.06978904513306537,1.495771191912282,0.4291194319369179,3.287555244108791,21.39277476355973,15.482528720545151,30.949660500611014,19.427203807004556,13.807666763678707,29.08439452052747,0.8987018134976268,0.015711081382333625,0.8006941560672278,0.02741370204578015,0.7335926865259561,0.009269576691652294,0.24317124782881627,0.1751865742560208,1.312454952953556
Gemma4-E4B,answer_query,21,22,0.5365853658536586,1,200,20,0,0.9464402365795569,0.9476973101740499,0.9997991989215902,0.014170429718600181,0.3162037526862965,0.5670881628738228,0.5670881628738228,1.0,1.0,68.73824058958112,68.73824058958112,0.9972117985086368,0.05280342310270405,0.3781840910021481,0.9990499374443554,0.030823084784695278,0.9958458973132019,0.9992732522133689,5,,,,,,,,,,,,,,,,,,,,,,,,,,,,,,,,,
Gemma4-E4B,answer_query,21,22,0.5365853658536586,2,200,20,0,0.9952521922660119,0.9941158087446755,0.9999235600595173,0.008742993794041582,0.16625586376225598,0.5745879215752111,0.5407481781431195,1.0625794867183729,0.9999999999999998,69.94953127514728,71.64161220027518,0.9950459607163571,0.07038493648248088,0.3694369867410391,0.9987463617887924,0.035406753751333536,0.9916290998574018,0.9986511836791164,5,,,,,,,,,,,,,,,,,,,,,,,,,,,,,,,,,
Gemma4-E4B,answer_query,21,22,0.5365853658536586,3,200,20,0,0.9986098365155599,0.9984600508533776,0.999928310080855,0.008466989969580074,0.11121116987335034,0.6124918790255237,0.5335272678919158,1.1480048272801773,0.9999999999999997,70.85935107108007,73.45367713313675,0.9814860243407466,0.1360660709334011,0.375066083918003,0.9951129653817413,0.0699073287878934,0.9688509635962235,0.9919602902042034,5,,,,,3.6693573789590417,0.9993412384716732,500.0,-0.2772412712847859,-1.2173469431135282,0.8749924384719402,0.001996007984031936,500.0,0.02645307566229841,0.010253059252592319,0.055532764638056856,0.8394025583217398,0.21226775611902576,1.8754677183892468,20.02731417673364,13.909692305923745,28.57510361533405,18.792780199355597,12.969052939168504,26.524258633964994,0.6151160104207154,0.014973456880172896,0.5595515081612386,0.007413936112536259,0.5331455189322223,0.007594747574573336,0.06263007744741138,0.0279619823779605,1.504722044164859
Gemma4-E4B,answer_query,22,23,0.5609756097560976,1,200,20,0,0.9476973101740499,0.9453939864680125,0.9994931049475652,0.02251432993528435,0.10191148293559826,1.2679169194203759,1.2679169194203759,1.0,1.0,84.7571959213662,84.7571959213662,0.9684655807045401,0.17757933239952198,0.9391091975126726,0.9924417854025465,0.08693799283083038,0.938945915793307,0.9886042178407636,5,,,,,,,,,,,,,,,,,,,,,,,,,,,,,,,,,
Gemma4-E4B,answer_query,22,23,0.5609756097560976,2,200,20,0,0.9941158087446755,0.9922397065805707,0.9995124332411633,0.022080913904017133,0.05345156897210403,1.2861116719003385,1.245416789381965,1.0326757137572942,1.0000000000000002,84.28706319799736,85.55788738374524,0.9607195946321229,0.1981928489322385,0.934127587196857,0.9914669460447196,0.09237453087989358,0.9275776559971337,0.9854694972945355,5,,,,,,,,,,,,,,,,,,,,,,,,,,,,,,,,,
Gemma4-E4B,answer_query,22,23,0.5609756097560976,3,200,20,0,0.9984600508533776,0.9981469265725437,0.9996418004887732,0.0189261594420758,0.035790099976025995,1.5041914339901927,1.123555751647815,1.3387777435913926,0.999999999999999,84.66292047415583,86.3208753677357,0.9420256680260639,0.2407785953400677,0.8891210582263729,0.9810866994694246,0.13752563590318506,0.8818874369175759,0.9731694748005237,5,,,,,8.386758379511951,0.998155467720685,500.0,-0.3531741017699571,-1.298157791767316,0.7790385344489569,0.001996007984031936,500.0,0.055199678952306624,0.024096833125902228,0.11302389129202384,1.531272812305775,0.4044644262650197,3.4497566973042035,18.823037182112955,12.715725369708252,26.40652318484089,17.29676123212754,11.784050565138106,27.99560344855509,1.5092556188278117,0.060202551491934465,1.2742228435356449,0.0364613269601146,1.1171916690314787,0.04118900611680468,0.21426517935279582,0.03551084046182089,1.3934171874147165
Gemma4-E4B,answer_query,23,24,0.5853658536585366,1,200,20,0,0.9453939864680125,0.9252052950010414,0.9991036613655765,0.029938915050875536,0.16424518045615874,1.4498581674075557,1.4498581674075557,1.0,1.0,61.75143043122682,61.75143043122682,0.9789972040906213,0.14492341394467195,0.8930333163203178,0.9918750941016693,0.0901382599029439,0.9731281504221527,0.9852799686537449,5,,,,,,,,,,,,,,,,,,,,,,,,,,,,,,,,,
Gemma4-E4B,answer_query,23,24,0.5853658536585366,2,200,20,0,0.9922397065805707,0.9931944475179684,0.9992116839649198,0.028076966272733695,0.0861918903630586,1.7674938318342464,1.4287047045590178,1.237130266453346,0.9999999999999998,64.85178609466446,68.27922146580983,0.9599644534490077,0.20008884664316584,0.8775004088613382,0.9827164088033732,0.13146707267079005,0.9477189405628055,0.9710822403950051,5,,,,,,,,,,,,,,,,,,,,,,,,,,,,,,,,,
Gemma4-E4B,answer_query,23,24,0.5853658536585366,3,200,20,0,0.9981469265725437,0.9982833929144422,0.9998801150909598,0.010949196730367226,0.05780335127408967,1.8775242856532532,1.212628008943872,1.5483101757549433,0.9999999999999993,64.55373145317914,68.5787056132222,0.9136724142496927,0.2938155641730154,0.8567931357515424,0.9591458390340895,0.2021241226719626,0.8543463040185132,0.9502195384498896,5,,,,,10.676405722147246,0.9994729907773384,500.0,-0.33446618931189087,-1.137877774858429,0.8140025631279654,0.001996007984031936,500.0,0.05679452083682894,0.02364835682382479,0.11889817156916363,2.035808442711569,0.5614478627821804,5.83975558829371,17.52465975798127,11.876807305040177,29.053377010543294,19.358975599426916,13.551410424004963,28.163074830261888,1.86466375074386,0.0661774581045888,1.4450816913994236,0.03109383107845223,1.2191859332405588,0.0710346285517683,1.497831567586823,0.21201130788366712,1.2553797464548382
Gemma4-E4B,answer_query,24,25,0.6097560975609756,1,200,20,0,0.9252052950010414,0.9017971843906074,0.9998757628418993,0.01114617235201286,0.3462588198211489,1.4796031373495713,1.4796031373495713,1.0,1.0,55.7994022380574,55.7994022380574,0.9888315283856235,0.105680989843853,0.8856441995436908,0.9966332017221256,0.05802411807063058,0.9759336430111887,0.9952147584702378,5,,,,,,,,,,,,,,,,,,,,,,,,,,,,,,,,,
Gemma4-E4B,answer_query,24,25,0.6097560975609756,2,200,20,0,0.9931944475179684,0.9936684643334123,0.9999064868750038,0.009670218456484905,0.18585190719758177,1.7321647858528015,1.4795371504029544,1.170747747280995,0.9999999999999996,59.60417387682314,63.527420984394546,0.9833394196819749,0.12907587039421842,0.8756819475539446,0.9942937456026292,0.07553975375503162,0.9729131344819201,0.9893029844801609,5,,,,,,,,,,,,,,,,,,,,,,,,,,,,,,,,,
Gemma4-E4B,answer_query,24,25,0.6097560975609756,3,200,20,0,0.9982833929144422,0.9984052877534064,0.9999516524941241,0.006953237078934766,0.12453611875665492,1.7364405383018489,1.3159253935405026,1.31955849991613,1.0000000000000007,59.473445062254505,64.69450448715149,0.9767875504081153,0.15235632442365066,0.8731208740734996,0.992540981317409,0.08636561053215007,0.9705965123076195,0.9829272250650487,5,,,,,3.5166057753632365,0.9992094861660078,500.0,-0.29836319909712516,-1.112524131822679,0.8655659624774382,0.001996007984031936,500.0,0.029693613872899385,0.01274029011823185,0.054212521601464184,1.1639346040537495,0.27560989120420915,2.673880968689654,19.36503057908722,13.360193665543315,28.567783739855987,19.229998807881252,13.161420636142937,27.606686651978148,1.7285830561619564,0.02560580260820759,1.524333044845114,0.02111632013653684,1.3205042706409709,0.03375441793509176,1.592838291965822,0.30457005216904337,1.2039339590548328
Gemma4-E4B,answer_query,25,26,0.6341463414634146,1,200,20,0,0.9017971843906074,0.9131833959376091,0.9996803868992221,0.01787772638726358,0.7596490724598874,1.2448196516847039,1.2448196516847039,1.0,1.0,50.47472596476626,50.47472596476626,0.996851822031447,0.056108626507454594,0.9581048740592426,0.9992555874131062,0.027283925430439865,0.9955560135056384,0.9985181454475744,5,,,,,,,,,,,,,,,,,,,,,,,,,,,,,,,,,
Gemma4-E4B,answer_query,25,26,0.6341463414634146,2,200,20,0,0.9936684643334123,0.995488894896448,0.9999887397824775,0.0033556247588936027,0.4185194522278327,1.256728120725063,1.1555265616185002,1.0875804697771843,1.0,52.52711501549743,54.673002189137,0.996423704960883,0.059802132396069324,0.9593142562670581,0.9993041802716829,0.026378395105029876,0.9948823382109472,0.9978836042619452,5,,,,,,,,,,,,,,,,,,,,,,,,,,,,,,,,,
Gemma4-E4B,answer_query,25,26,0.6341463414634146,3,200,20,0,0.9984052877534064,0.9988415390036645,0.9999716432365218,0.005325106898291468,0.2803430246138398,1.2572059944742915,0.9726089349285516,1.2926120142692772,1.0,52.45187006305684,55.134301207334246,0.9954967486194117,0.06710626930912074,0.9586475901077788,0.9990553925119577,0.030734467427339773,0.9939320103988627,0.9973328094965106,5,,,,,1.840678616955787,0.9986824769433464,500.0,-0.33530923567627374,-1.0881880332802876,0.7224819678598167,0.001996007984031936,500.0,0.01793978073829028,0.006866287673622018,0.036848624754022834,0.7115456230449473,0.19564597206085535,1.5261737259095838,19.472868602523796,13.718542961837475,28.216502627914313,19.910778953977673,13.969582181480973,30.252342620569387,1.2574778917760996,0.00657002261006523,1.1572597844104968,0.00437772193800215,0.980978029133423,0.015455838387789725,1.5675743111147304,0.34983883654937287,1.1467085879832202
Gemma4-E4B,answer_query,26,27,0.6585365853658537,1,200,20,0,0.9131833959376091,0.8618329571131356,0.9957902877237436,0.0648822955532277,1.179865312986388,1.0789726229371992,1.0789726229371992,1.0,1.0,48.50916836626201,48.50916836626201,0.9921256120209558,0.08873774833206112,0.9875893722021585,0.9941391990458083,0.07655586818913206,0.9888543246011265,0.9936806506531974,5,,,,,,,,,,,,,,,,,,,,,,,,,,,,,,,,,
Gemma4-E4B,answer_query,26,27,0.6585365853658537,2,200,20,0,0.995488894896448,0.9921360141022466,0.9998161746456027,0.013558220915639687,0.6431034673738849,1.4271702096363823,1.055449527728435,1.352191812248923,0.9999999999999999,52.27861821425302,56.47111960792379,0.993688676425613,0.07944383912165257,0.972232447494549,0.9980087462900886,0.044623465911013044,0.9900971075555584,0.995479488713976,5,,,,,,,,,,,,,,,,,,,,,,,,,,,,,,,,,
Gemma4-E4B,answer_query,26,27,0.6585365853658537,3,200,20,0,0.9988415390036645,0.9987544844913632,0.9997928296946693,0.014393411872473156,0.4301795565867115,1.522482950277301,1.0506223165829969,1.4491248912634611,0.9999999999999998,53.63797509204457,58.384900260724386,0.9907060930306438,0.0964049115416647,0.9685516375032379,0.997243695291191,0.05250052103369069,0.9879464616403251,0.9924624111722256,5,,,,,7.721035541416095,0.9997364953886693,500.0,-0.3202746659367048,-1.0221601842345631,0.809194037287468,0.001996007984031936,500.0,0.030581425565178726,0.012913510186932483,0.06550741748000595,1.0367077652108807,0.272085210277957,2.8791292912287814,19.92867041186276,13.611856643906576,28.43229880786445,14.968713063769801,10.120105782907851,21.907282068992807,1.5067502118808185,0.03822252738339359,1.3176289493802678,0.026103678218463666,1.0497320663715373,0.0069030257831084315,1.4733666865895507,0.3586820807884472,1.14874535405846
Gemma4-E4B,answer_query,27,28,0.6829268292682927,1,200,20,0,0.8618329571131356,0.8591766536989209,0.9999283628809923,0.008463871395978775,1.3821434486269013,1.0500288961555206,1.0500288961555206,1.0,1.0,51.524949413105126,51.524949413105126,0.9969271615812144,0.05543318878420744,0.9945474262716422,0.9986362340871536,0.03692920135673669,0.9937765967694655,0.9993885708411815,5,,,,,,,,,,,,,,,,,,,,,,,,,,,,,,,,,
Gemma4-E4B,answer_query,27,28,0.6829268292682927,2,200,20,0,0.9921360141022466,0.9923281811007566,0.9999674127074438,0.005708528055129793,0.7955568887917427,1.0638964354325458,1.0467836046063959,1.0163480119012607,0.9999999999999999,50.79137669793391,51.65057631235351,0.996281765450428,0.06097732816032475,0.9933342240580558,0.9983791425071716,0.040259874476062926,0.9919336436857522,0.9982917446155974,5,,,,,,,,,,,,,,,,,,,,,,,,,,,,,,,,,
Gemma4-E4B,answer_query,27,28,0.6829268292682927,3,200,20,0,0.9987544844913632,0.9990171128004606,0.9999751454849141,0.004985430280918639,0.5339093289997664,1.0676304200787596,0.9920754765509809,1.0761584630540921,1.0000000000000002,51.72201685839378,53.97498000831291,0.9952279568624784,0.069079976386226,0.992296734832741,0.9980075120461572,0.044637293307756995,0.9902326735542659,0.9976367776319169,5,,,,,1.7779877059024922,0.9998682476943345,500.0,-0.3166339003144081,-1.0243391897346437,0.8483627440064427,0.001996007984031936,500.0,0.01676972372319829,0.0072771663796821675,0.03517812813853257,0.7979508588485872,0.19424098770139914,1.9050328524598472,15.003932859299223,10.313612669518609,22.0003611533788,13.685933718502866,9.330559308112173,20.17515499463731,1.0707117458893294,0.008393829712515951,1.0573462101103899,0.0055597071036312,0.9885575062912239,0.01212758212694602,1.620994395973114,0.22574456780029695,1.3772325176229376
Gemma4-E4B,answer_query,28,29,0.7073170731707317,1,200,20,0,0.8591766536989209,0.7492134337825983,0.983100298973561,0.12999885009660261,1.5270542122056392,1.3874597080934703,1.3874597080934703,1.0,1.0,63.082521315324215,63.082521315324215,0.9718886404814036,0.16766442532211914,0.9010753137105267,0.9804368359081601,0.13986838131557802,0.9632540547357468,0.9830289430445744,5,,,,,,,,,,,,,,,,,,,,,,,,,,,,,,,,,
Gemma4-E4B,answer_query,28,29,0.7073170731707317,2,200,20,0,0.9923281811007566,0.9626841283667319,0.9938217172897336,0.07860205283748281,0.8818552752314934,1.9315823850760057,1.357256564412742,1.4231519933092114,0.9999999999999997,63.21754152435412,63.90383776112545,0.9439041604104744,0.23684560285030756,0.8580473367441306,0.970672541620592,0.17125261568632463,0.8913775773049396,0.9757393702152397,5,,,,,,,,,,,,,,,,,,,,,,,,,,,,,,,,,
Gemma4-E4B,answer_query,28,29,0.7073170731707317,3,200,20,0,0.9990171128004606,0.9928285643800138,0.998048613858305,0.044174496507543626,0.5918663655487918,3.312490667580474,1.342034674936111,2.468260119834958,1.0000000000000004,65.26362289435299,70.71725871745409,0.9259634779439805,0.27209653076807055,0.8392373097233222,0.9741794822854977,0.1606876402045358,0.8389631081840372,0.9713181030842576,5,,,,,18.663667824444214,0.9918313570487481,500.0,-0.3561649651211525,-0.9741034956019503,0.5531016401112638,0.001996007984031936,500.0,0.060828944207421756,0.022056167140302164,0.1343332510678075,1.9511306621439553,0.5307736376584332,4.446156261392763,13.471655407529152,9.245518391178281,21.414500104332806,19.991069668267187,13.02410512709748,31.131829195110406,3.3919210498752546,0.16248707767823745,1.794802228181389,0.057282399053018684,1.3429666584722897,0.018406287128960273,2.026469243358708,0.27111058260681287,1.3365826078325955
Gemma4-E4B,answer_query,29,30,0.7317073170731707,1,200,20,0,0.7492134337825983,0.7118177623942589,0.9976606309915924,0.04836702397716404,2.9961607383538333,0.9064959619964048,0.9064959619964048,1.0,1.0,35.327022661584635,35.327022661584635,0.9941583863372024,0.07643044984034557,0.9837116366620003,0.9965177725969266,0.05901040080420906,0.9916347294682621,0.9952626420870885,5,,,,,,,,,,,,,,,,,,,,,,,,,,,,,,,,,
Gemma4-E4B,answer_query,29,30,0.7317073170731707,2,200,20,0,0.9626841283667319,0.9304532245866027,0.9981574604085125,0.042924813237654375,1.9249230318030766,0.9411135768709554,0.9067040268287202,1.0379501458293792,1.0000000000000002,37.18289183200751,39.04422062194633,0.9923626363201536,0.08739201153335695,0.9834345506412069,0.9958797803466116,0.06418893715733599,0.9890523278381705,0.9942619828469071,5,,,,,,,,,,,,,,,,,,,,,,,,,,,,,,,,,
Gemma4-E4B,answer_query,29,30,0.7317073170731707,3,200,20,0,0.9928285643800138,0.9933210426526377,0.9998142313924007,0.013629695799954074,1.3234653083626593,1.3575292961389203,0.8895158949417172,1.5261439439796274,1.0,40.55338341167984,48.40623938849695,0.9808299488413573,0.1384559538576898,0.9689678544265139,0.9942800099086608,0.07563061609784191,0.9692312062280929,0.9895534991414452,5,,,,,5.9125079033841414,0.9976284584980236,500.0,-0.34252670877341335,-0.9223932565111762,0.5951071682640136,0.001996007984031936,500.0,0.03415941989633489,0.01008400630754718,0.08295906011211639,0.6742503891357248,0.17220859085586662,1.8608948669838452,20.15756135311352,14.166286223604747,30.145023598204975,12.245670675665954,8.428136521311863,17.892893817874416,1.304720992755756,0.04926689257326345,0.9380127497242982,0.008761024898972283,0.8884820978413323,0.00263658754814986,2.046260754922528,0.5966258727444455,0.8984983560852557
Gemma4-E4B,answer_query,30,31,0.7560975609756098,1,200,20,0,0.7118177623942589,0.7080221453195182,0.9808934017199437,0.13822661928896463,2.4727587269456808,1.0660736326658309,1.0660736326658309,1.0,1.0,31.193387174056163,31.193387174056163,0.9774395277468195,0.15020143891847515,0.9726814823472354,0.9797017811225812,0.14247181783573487,0.9746642040074801,0.9809607266316706,5,,,,,,,,,,,,,,,,,,,,,,,,,,,,,,,,,
Gemma4-E4B,answer_query,30,31,0.7560975609756098,2,200,20,0,0.9304532245866027,0.9468478456081914,0.9981703856084809,0.04277399199886586,1.6161343904740333,1.1946017416663401,1.0130399747307401,1.1792246816161998,1.0000000000000004,32.6499431435532,36.66271844265783,0.9953867218553453,0.06792111707455015,0.9702519700521448,0.9973889922937403,0.051098020570856474,0.9935151498766489,0.9970669695729454,5,,,,,,,,,,,,,,,,,,,,,,,,,,,,,,,,,
Gemma4-E4B,answer_query,30,31,0.7560975609756098,3,200,20,0,0.9933210426526377,0.9938719087948982,0.9995711498950587,0.020708696360256778,1.1502210287720798,1.2134390727190256,0.9171543736756314,1.3230477960389477,1.0,32.71559841989349,38.849582788836734,0.9962237809407235,0.06145094840013867,0.9709413025380974,0.9988754081114335,0.03353493534459949,0.9956081615593063,0.9967435665670779,5,,,,,10.292896104117949,0.9971014492753623,500.0,-0.34401569339890314,-1.061578823593298,0.6306534740431422,0.001996007984031936,500.0,0.010332645800329412,0.004691592291721554,0.02307347461245522,0.4190175611118214,0.10718214322976928,1.0902549479834132,12.100701416713743,8.277429120833226,16.96201569812412,11.657739345984897,8.00353018223457,16.019053373360343,1.2084046543938085,0.009546386825957643,1.0130650202119034,0.0035198680971316363,0.9164343201854679,0.006202123080264055,2.4400070830540432,0.6763730936798895,0.8075850525519109
Gemma4-E4B,answer_query,31,32,0.7804878048780488,1,200,20,0,0.7080221453195182,0.6860359625572311,0.9898880068561844,0.10055840662926017,2.870794170761095,1.0685593832834657,1.0685593832834657,1.0,1.0,29.00250988272458,29.00250988272458,0.9869926528509478,0.11404975733885706,0.9824929350250887,0.9889946919838003,0.10490618673938994,0.9846879522771865,0.9888907265988821,5,,,,,,,,,,,,,,,,,,,,,,,,,,,,,,,,,
Gemma4-E4B,answer_query,31,32,0.7804878048780488,2,200,20,0,0.9468478456081914,0.9342901170069171,0.9930793308048961,0.08319055953113846,1.9195764523318815,1.1324892285688941,1.045120027511707,1.0835972890742527,1.0,31.033911514038337,34.144718951400314,0.9895827792129747,0.10206478720413464,0.978132218611327,0.9920887764129488,0.08894505937403832,0.9873768490217433,0.9915780589416201,5,,,,,,,,,,,,,,,,,,,,,,,,,,,,,,,,,
Gemma4-E4B,answer_query,31,32,0.7804878048780488,3,200,20,0,0.9938719087948982,0.9896772878756885,0.9996367208808689,0.019059882453234003,1.3432732771204474,1.341712438165261,0.9906330118647382,1.3543990782617483,1.0000000000000007,33.7491742998742,42.45229976899493,0.997001475995988,0.05475878015452843,0.9756259146120244,0.9988403610634677,0.03405347172510168,0.9965321950228864,0.9974679717279746,5,,,,,12.314931470528634,0.9959156785243741,500.0,-0.350258862009426,-1.112587889561196,0.6145290662657674,0.001996007984031936,500.0,0.010429377651764524,0.004294177528890915,0.022809926275544616,0.361883099392201,0.07622530408795276,1.0715959527108603,11.549592647826657,7.882972376559951,16.670701223172937,9.696640652675306,6.629158248932722,14.197380987512965,1.3328145380656675,0.011941304474754786,1.0550795378028115,0.0031763270986614276,0.9903053269226988,0.006158453362331024,2.3092012779006454,0.6879505713882447,0.8017084061370773
Gemma4-E4B,answer_query,32,33,0.8048780487804879,1,200,20,0,0.6860359625572311,0.6512193947979847,0.9966705543112553,0.05770134910679954,3.318035584603232,0.9105948570466029,0.9105948570466029,1.0,1.0,24.926226580057566,24.926226580057566,0.995543244749566,0.0667589338623226,0.9854670556072562,0.9964471504662529,0.059605784398388234,0.9948970010311049,0.9959086733127144,5,,,,,,,,,,,,,,,,,,,,,,,,,,,,,,,,,
Gemma4-E4B,answer_query,32,33,0.8048780487804879,2,200,20,0,0.9342901170069171,0.9194308955358027,0.9977710446023885,0.04721181417411844,2.259362499756314,0.9773106794230499,0.9050806650083089,1.0798050573912967,0.9999999999999999,27.45821429159458,30.09128386056319,0.996486850778422,0.059271824854461176,0.9870154079169627,0.9974094001584993,0.05089793553279588,0.996020212361858,0.9967393065951546,5,,,,,,,,,,,,,,,,,,,,,,,,,,,,,,,,,
Gemma4-E4B,answer_query,32,33,0.8048780487804879,3,200,20,0,0.9896772878756885,0.9889912418697391,0.9999761452509703,0.004884132372254837,1.5955356267353162,1.0824503803548515,0.8806643999940719,1.2291292578218649,1.0000000000000007,30.35624568120382,37.00427795106869,0.9975366246635454,0.04963240208225498,0.9865451384451724,0.9993292787002223,0.025898287583887573,0.9966867298676505,0.998174589895737,5,,,,,6.6795094849928205,0.9976284584980236,500.0,-0.31985631655964025,-0.9816533547181516,0.5234187813048061,0.001996007984031936,500.0,0.0068537964310710995,0.0027373187815429917,0.015104162089069326,0.23371031260634967,0.06516739439272218,0.6197215804925194,9.723611237488102,6.416540096524936,14.404228997955563,8.420652155152098,5.401299373587537,12.802454124044184,1.078189504008162,0.008231654471359106,0.9715854703261596,0.0025298227295685555,0.8807174745717005,0.00244312236860152,2.1630956713595513,0.7564600612921699,0.6979930757032047
Gemma4-E4B,answer_query,33,34,0.8292682926829268,1,200,20,0,0.6512193947979847,0.6624158362263762,0.9997510700303524,0.015777514685388114,2.765970344574452,0.9863375943593791,0.9863375943593791,1.0,1.0,26.50980995447148,26.50980995447148,0.9994631551902473,0.02316991173381343,0.99930002755906,0.999665415761235,0.01829164396015324,0.999256690006921,0.9996385099744522,5,,,,,,,,,,,,,,,,,,,,,,,,,,,,,,,,,
Gemma4-E4B,answer_query,33,34,0.8292682926829268,2,200,20,0,0.9194308955358027,0.9198378943649841,0.9995982399924608,0.020043951894256153,1.9525820416685102,0.9866314743241379,0.9571450709331933,1.0308066188568428,1.0,26.211035597209765,26.699211554400634,0.9991564514532948,0.029043907221742816,0.9985722146435434,0.9994895593724133,0.02259293313376289,0.9989502787490424,0.9994004191235006,5,,,,,,,,,,,,,,,,,,,,,,,,,,,,,,,,,
Gemma4-E4B,answer_query,33,34,0.8292682926829268,3,200,20,0,0.9889912418697391,0.9881424112505146,0.9999600225487979,0.006322772430039521,1.4002042260551044,1.0028364306648236,0.9387531956538666,1.06826419905428,1.0000000000000002,27.372572234428674,30.564709684861526,0.9994016047760286,0.0244621181415546,0.9982297731894858,0.9998413015854852,0.01259755589448994,0.9990034923526652,0.9996123280499817,5,,,,,2.470445221331307,0.9997364953886693,500.0,-0.3313664125426309,-1.054956221166073,0.5305952429328025,0.001996007984031936,500.0,0.004388431036180483,0.0017788191745043184,0.00930996934273023,0.17513396006697746,0.04679388388607444,0.46687264391769057,8.569587669040112,5.648447060571123,13.106484772090816,8.298005269100749,5.518338841032165,12.862651972267527,1.0023642104262454,0.0029617969366586704,0.969398378254702,0.001798550504539084,0.939011015427156,0.0031870329165008815,2.322597354610433,0.7427414785342321,0.723441009173653
Gemma4-E4B,answer_query,34,35,0.8536585365853658,1,200,20,0,0.6624158362263762,0.6467377311191175,0.9997763618439318,0.014954536304018152,2.6969601948695052,1.040886039940936,1.040886039940936,1.0,1.0,34.35473971418436,34.35473971418436,0.9989448177038993,0.032483569632980706,0.9974638926475542,0.9996261310258461,0.019335691716458908,0.9981484399043797,0.9994331943265579,5,,,,,,,,,,,,,,,,,,,,,,,,,,,,,,,,,
Gemma4-E4B,answer_query,34,35,0.8536585365853658,2,200,20,0,0.9198378943649841,0.9113118960994538,0.9973788670812724,0.051197001071620916,1.872514250993207,1.0647165095052857,1.0390759253261688,1.0246763336096623,1.0,33.368024104880035,34.71114176210591,0.9955161952300641,0.06696121840241485,0.9930565189948068,0.9971405404528166,0.053473914642406147,0.9947444987132308,0.9961004494676724,5,,,,,,,,,,,,,,,,,,,,,,,,,,,,,,,,,
Gemma4-E4B,answer_query,34,35,0.8536585365853658,3,200,20,0,0.9881424112505146,0.9866703836309806,0.9998880091276576,0.010582573994185832,1.3410411830262423,1.1602800462332805,1.01336083516944,1.144982128739241,1.0000000000000009,32.71137848000668,35.45960581027657,0.997701342951994,0.04794431194631961,0.9911937810576303,0.9993607137225189,0.025284111166523047,0.9973683550148448,0.9979783441689526,5,,,,,6.665312641382056,0.9990777338603425,500.0,-0.3151950855155633,-1.0640274129395286,0.5930869711433825,0.001996007984031936,500.0,0.007436658275673644,0.0036637849016672194,0.01454682219769827,0.20777548463800288,0.05358959730858267,0.5187398110551429,8.289329528252928,5.530692100067151,12.624183860595224,7.892740188348782,5.418191020531655,11.930320849208144,1.1583132757374761,0.008928000892836813,1.042358372296158,0.0027963821062214765,1.0134796276448106,0.004256129948129528,2.549826287666909,0.74573918444303,0.7131886979941402
Gemma4-E4B,answer_query,35,36,0.8780487804878049,1,200,20,0,0.6467377311191175,0.6242379541583067,0.9970802812473346,0.05403442192404184,2.9285035965930146,1.023943565283463,1.023943565283463,1.0,1.0,26.310232370134333,26.310232370134333,0.9961866493724317,0.061752332972675864,0.9954889060409591,0.9968750961221182,0.05590083968852191,0.9952358953373253,0.9966525183803241,5,,,,,,,,,,,,,,,,,,,,,,,,,,,,,,,,,
Gemma4-E4B,answer_query,35,36,0.8780487804878049,2,200,20,0,0.9113118960994538,0.9011139191507418,0.9960672879555303,0.06271133904223118,2.063263079399422,1.0722135859738011,1.0146073696047357,1.05677685585066,0.9999999999999992,26.325037840467978,26.603155423400544,0.9942636321045609,0.07573881366537918,0.9904164784173201,0.9956526272541123,0.0659346096211068,0.9931867464744555,0.9951503144252759,5,,,,,,,,,,,,,,,,,,,,,,,,,,,,,,,,,
Gemma4-E4B,answer_query,35,36,0.8780487804878049,3,200,20,0,0.9866703836309806,0.9822257737375509,0.999541741099838,0.0214069825094992,1.489252715633374,1.1505786648323968,0.9774189767036056,1.1771601455015546,1.0000000000000016,26.867852896805005,30.145734690316953,0.9977457665263351,0.047478768662055026,0.9887941018110387,0.9990303373311794,0.03113940700817216,0.9968936705195309,0.9984453669866341,5,,,,,8.082039722054166,0.9990777338603425,500.0,-0.32644288676297073,-1.0251881033826968,0.5038492213547391,0.001996007984031936,500.0,0.007374636429908812,0.002771445542943319,0.016651066697342745,0.2505565812418339,0.05878897722655322,0.6133802661457457,7.854707511732821,5.47850173427108,11.6249260723737,7.383136117484232,5.060168451735363,11.290404486848114,1.148974594104921,0.008927436298693987,1.0491171545277629,0.0032783050773451034,0.9775105546066659,0.0013806651586278544,2.7750523862425642,0.7773451884307627,0.6693027234829577
Gemma4-E4B,answer_query,36,37,0.9024390243902439,1,200,20,0,0.6242379541583067,0.603508009126932,0.9919764879017261,0.08957405929326809,3.085569961893086,1.081376269846179,1.081376269846179,1.0,1.0,26.561099550330013,26.561099550330013,0.9896209156030764,0.10187779148039842,0.984350670864603,0.9912107868989695,0.09375080320205556,0.9878106511249336,0.9907985656148063,5,,,,,,,,,,,,,,,,,,,,,,,,,,,,,,,,,
Gemma4-E4B,answer_query,36,37,0.9024390243902439,2,200,20,0,0.9011139191507418,0.8954241799433433,0.996736811785389,0.057124322443342736,2.227075446673465,1.1513378916504622,1.0639067809642957,1.0821792963918524,0.9999999999999998,27.623374114086587,29.222338823111837,0.9948810598620736,0.07154676888529878,0.9796375611918021,0.9963801958543833,0.060164808198951654,0.9942268154603037,0.9953934899125402,5,,,,,,,,,,,,,,,,,,,,,,,,,,,,,,,,,
Gemma4-E4B,answer_query,36,37,0.9024390243902439,3,200,20,0,0.9822257737375509,0.9812369953636148,0.9995798803881077,0.020496819555537726,1.6183606070157812,1.2018753141975043,1.0297406459429155,1.1671631288254802,0.9999999999999998,28.23232088489878,32.3550091170542,0.9981094834488394,0.04348007073545957,0.9784943028076485,0.9992668924218095,0.027075959414034872,0.9973469552164137,0.9985750489187293,5,,,,,8.406126548530754,0.9976284584980236,500.0,-0.3412210760617582,-1.012826686178928,0.4976654259961323,0.001996007984031936,500.0,0.007429447143197274,0.00339910251803229,0.015097964496638529,0.2526439960533744,0.09068928832259847,0.5832890207944097,7.408212306424891,4.931035285779128,11.663982470106973,6.960274081756679,4.594551415457037,11.49085086228183,1.201311492258302,0.007362826665650833,1.1245197085595064,0.005612767110008941,1.0301535660835077,0.004259143597615744,2.834790994365132,0.7955782486190751,0.6416505879975875
Gemma4-E4B,answer_query,37,38,0.926829268292683,1,200,20,0,0.603508009126932,0.5542001062056444,0.9984742757346596,0.039060520546203424,3.6446464938303276,0.9745047978060818,0.9745047978060818,1.0,1.0,21.851821751567215,21.851821751567215,0.9976069599643149,0.048918708442528346,0.9970369413792279,0.9983158712277592,0.04103813802112299,0.9971607974294504,0.9979786801365582,5,,,,,,,,,,,,,,,,,,,,,,,,,,,,,,,,,
Gemma4-E4B,answer_query,37,38,0.926829268292683,2,200,20,0,0.8954241799433433,0.8573699499377707,0.9992975090559264,0.02650454572471659,2.7037790290824546,1.0381987434985824,0.9731261391065646,1.066869650065881,1.0000000000000004,22.288195515527654,23.292407395940902,0.9980603047391627,0.04404197158208552,0.9960159708756221,0.9990367166529077,0.03103680632881432,0.9973002596498382,0.9984526501700317,5,,,,,,,,,,,,,,,,,,,,,,,,,,,,,,,,,
Gemma4-E4B,answer_query,37,38,0.926829268292683,3,200,20,0,0.9812369953636148,0.9691497159310651,0.999439905036193,0.0236663255239813,1.9752634710638013,1.1608514331773685,0.9732129035971391,1.192803166590465,0.9999999999999987,24.06069188300385,28.812008423932216,0.9976542975228484,0.04843245272698455,0.9926546980975706,0.9990943581272613,0.030093884307923424,0.9970513517595583,0.9983578036161652,5,,,,,3.187227350318438,0.9978919631093545,500.0,-0.31718762247288074,-0.9448301256958223,0.5030098101456548,0.001996007984031936,500.0,0.007943096824203195,0.002832256348219878,0.017227138141110123,0.27898589764986625,0.06509123070279996,0.8183932724564668,6.882432610327724,4.532126639983881,10.947080816598266,6.4326930295507285,3.934256644324283,11.006283575688268,1.160240455368821,0.009971474224083043,1.035391583898952,0.0026058474635524903,0.9732553784092622,0.00130547881294098,2.49700660186766,0.8237649927248141,0.6021025497737867
Gemma4-E4B,answer_query,38,39,0.9512195121951219,1,200,20,0,0.5542001062056444,0.5405199123223996,0.9859289297988733,0.1186215418932275,3.4733953255251784,0.9266597415361699,0.9266597415361699,1.0,1.0,25.889952896743328,25.889952896743328,0.9838741220104994,0.1269877080252281,0.9781607624486485,0.9854657294188979,0.120558162648168,0.9822066151043605,0.9848966491983763,5,,,,,,,,,,,,,,,,,,,,,,,,,,,,,,,,,
Gemma4-E4B,answer_query,38,39,0.9512195121951219,2,200,20,0,0.8573699499377707,0.8279891824559669,0.9953352984495292,0.06829862041411074,2.6867414341983005,0.9586915959274646,0.8898228566550013,1.077396010629973,1.0000000000000007,24.531292662598567,24.713016146951908,0.9934835916641718,0.08072427352307475,0.9722770162312959,0.9950393661746595,0.07043176716042601,0.9930853700017075,0.9936722364840671,5,,,,,,,,,,,,,,,,,,,,,,,,,,,,,,,,,
Gemma4-E4B,answer_query,38,39,0.9512195121951219,3,200,20,0,0.9691497159310651,0.9531238693831819,0.9997641656604885,0.015356898759562337,2.024683897480115,1.0319293636881552,0.8833274838139218,1.1682296572870332,0.9999999999999998,24.584127356787437,27.798866729626194,0.9987473096281,0.035393366213176854,0.974370872885081,0.9995410971897983,0.021422016949895564,0.9985175177157707,0.998898914220954,5,,,,,10.035527965306024,0.9956521739130433,500.0,-0.3392335398467243,-1.0061432791549036,0.46311192126206296,0.001996007984031936,500.0,0.005278283459204922,0.0025033187323302364,0.010268630586547823,0.20728722602661293,0.06991017764717114,0.47455786864599697,6.413166140440398,3.937941624155009,11.46241703910509,6.843690572474003,4.020709556963806,13.293959885054024,1.0324846897801956,0.0056775875664102715,0.9400803891859251,0.002131550951735321,0.8834013761076278,0.0016311643006522306,2.2247186750009864,0.8092842876789219,0.6176413452767985
Gemma4-E4B,answer_query,39,40,0.975609756097561,1,200,20,0,0.5405199123223996,0.4995671128620644,0.9983528384384622,0.04058523822201533,3.0312162334991863,0.8998534700042634,0.8998534700042634,1.0,1.0,27.11560586790082,27.11560586790082,0.9976074920111698,0.04891327006886992,0.9850905321063741,0.9982573277607146,0.04174532595734949,0.9969550385311856,0.9979341686252258,5,,,,,,,,,,,,,,,,,,,,,,,,,,,,,,,,,
Gemma4-E4B,answer_query,39,40,0.975609756097561,2,200,20,0,0.8279891824559669,0.7968454135015243,0.9987734563294294,0.03502204549381146,2.3216667821159165,0.9519847065921329,0.9000243733409088,1.0577321401401012,0.9999999999999998,25.19680275305359,27.85212258841568,0.9977604330204726,0.04732406343000841,0.9891128688433328,0.9985292407001997,0.03835047978579069,0.9973376035159187,0.9982723024977481,5,,,,,,,,,,,,,,,,,,,,,,,,,,,,,,,,,
Gemma4-E4B,answer_query,39,40,0.975609756097561,3,200,20,0,0.9531238693831819,0.9490344088186798,0.9973857836697162,0.05112940768563403,1.7816947964022494,1.029338433146898,0.8963619708919723,1.148351298440964,0.9999999999999997,26.376289119088142,28.895157392790754,0.9922420290921052,0.08807934438842512,0.9843410127876148,0.9960965112254809,0.06247790629109722,0.9894343865060863,0.9936535152326125,5,,,,,2.80510699884462,0.9980237154150196,500.0,-0.3170468747294556,-0.9594653639203589,0.3480932437455769,0.001996007984031936,500.0,0.01081360115673378,0.0038705295265042032,0.028685314599210546,0.3581116565028717,0.07909495011314449,1.0040664550034786,7.026163735202225,4.0723641724106745,13.523698982276981,6.158399780155169,3.6627252329487714,12.07193505416347,1.0252930449263242,0.016610612609614172,0.9516259608375558,0.003404289706699002,0.8964656101501485,0.0019139599081018333,1.2387227319701257,0.7677764987804659,0.8428589111260558
Gemma4-E4B,answer_query,40,41,1.0,1,200,20,0,0.4995671128620644,0.5251456768426599,0.8119675251211207,0.43362711501805246,2.4634523943648605,0.525669482608723,0.525669482608723,1.0,1.0,44.01294930695236,44.01294930695236,0.7582831619040103,0.4916470665995981,0.06337156854602155,0.8012079877234841,0.4458609786430248,0.7076923208079224,0.8014062152793431,5,,,,,,,,,,,,,,,,,,,,,,,,,,,,,,,,,
Gemma4-E4B,answer_query,40,41,1.0,2,200,20,0,0.7968454135015243,0.8191146799396047,0.9982471292049618,0.04186729982979735,1.9646917213813786,0.6472800840884629,0.5089202815091638,1.2718693037129585,1.0000000000000004,31.523981413924403,35.483352405374504,0.9728255846674334,0.16484664186014394,0.07116751624097883,0.9916845711115834,0.09118897350237402,0.9632247923939097,0.9878038374957294,5,,,,,,,,,,,,,,,,,,,,,,,,,,,,,,,,,
Gemma4-E4B,answer_query,40,41,1.0,3,200,20,0,0.9490344088186798,0.9423452160252626,0.9985333300333588,0.03829712739411756,1.5599512901913393,0.6477785758606729,0.50902508709723,1.272586739397658,1.0000000000000002,29.58165007394864,36.14490464796766,0.9759590506017338,0.15505144113572808,0.07236834743417775,0.9926956109721531,0.08546571843638223,0.9680220373128094,0.9884445230198876,5,,,,,26.515761585631747,0.9885375494071146,500.0,-0.3308589270584237,-0.9298211684359983,0.4739001819163113,0.001996007984031936,500.0,0.018361499766823018,0.006566100317803948,0.03751157104941728,0.7779547165019847,0.1846751701048953,1.8036286310381568,6.262388722210158,3.6590724548349356,11.873380781405935,7.440002945786283,4.294670542887394,14.020761260944676,0.6481696896518863,0.0075652157895226635,0.5132590111850613,0.0030452090104207724,0.5083250676230215,0.001971621016346779,,,
