model_label,query_variant,response_type,request_id,occurrence,bank_size,seed,split,gold_count,clean_exact,ranked_exact,random_exact_mean,ranked_damage,random_damage_mean,all_accuracy_damage_specificity,clean_correct_to_wrong_specificity,ranked_token_accuracy,random_token_accuracy_mean,token_accuracy_specificity
Gemma4-E4B,response_reference_pre_reference_d1,bare_or_list,Gemma4-E4B/native_thinking/v5/V4_4_T10000_N2_seed1259,1,1,1259,confirmation,2,1.0,1.0,1.0,0.0,0.0,0.0,0.0,1.0,1.0,0.0
Gemma4-E4B,response_reference_pre_reference_d1,bare_or_list,Gemma4-E4B/native_thinking/v5/V4_4_T10000_N2_seed1259,1,2,1259,confirmation,2,1.0,1.0,1.0,0.0,0.0,0.0,0.0,1.0,1.0,0.0
Gemma4-E4B,response_reference_pre_reference_d1,bare_or_list,Gemma4-E4B/native_thinking/v5/V4_4_T10000_N2_seed1259,1,4,1259,confirmation,2,1.0,1.0,1.0,0.0,0.0,0.0,0.0,1.0,1.0,0.0
Gemma4-E4B,response_reference_pre_reference_d1,bare_or_list,Gemma4-E4B/native_thinking/v5/V4_4_T10000_N2_seed1259,1,8,1259,confirmation,2,1.0,1.0,1.0,0.0,0.0,0.0,0.0,1.0,1.0,0.0
Gemma4-E4B,response_reference_pre_reference_d1,bare_or_list,Gemma4-E4B/native_thinking/v5/V4_4_T10000_N2_seed1259,1,16,1259,confirmation,2,1.0,0.0,1.0,1.0,0.0,1.0,1.0,0.0,1.0,1.0
Gemma4-E4B,response_reference_pre_reference_d1,bare_or_list,Gemma4-E4B/native_thinking/v5/V4_4_T10000_N2_seed1259,1,32,1259,confirmation,2,1.0,0.0,1.0,1.0,0.0,1.0,1.0,0.0,1.0,1.0
Gemma4-E4B,response_reference_pre_reference_d1,bare_or_list,Gemma4-E4B/native_thinking/v5/V4_4_T10000_N2_seed1259,2,1,1259,confirmation,2,1.0,1.0,1.0,0.0,0.0,0.0,0.0,1.0,1.0,0.0
Gemma4-E4B,response_reference_pre_reference_d1,bare_or_list,Gemma4-E4B/native_thinking/v5/V4_4_T10000_N2_seed1259,2,2,1259,confirmation,2,1.0,1.0,1.0,0.0,0.0,0.0,0.0,1.0,1.0,0.0
Gemma4-E4B,response_reference_pre_reference_d1,bare_or_list,Gemma4-E4B/native_thinking/v5/V4_4_T10000_N2_seed1259,2,4,1259,confirmation,2,1.0,1.0,1.0,0.0,0.0,0.0,0.0,1.0,1.0,0.0
Gemma4-E4B,response_reference_pre_reference_d1,bare_or_list,Gemma4-E4B/native_thinking/v5/V4_4_T10000_N2_seed1259,2,8,1259,confirmation,2,1.0,1.0,1.0,0.0,0.0,0.0,0.0,1.0,1.0,0.0
Gemma4-E4B,response_reference_pre_reference_d1,bare_or_list,Gemma4-E4B/native_thinking/v5/V4_4_T10000_N2_seed1259,2,16,1259,confirmation,2,1.0,0.0,1.0,1.0,0.0,1.0,1.0,0.0,1.0,1.0
Gemma4-E4B,response_reference_pre_reference_d1,bare_or_list,Gemma4-E4B/native_thinking/v5/V4_4_T10000_N2_seed1259,2,32,1259,confirmation,2,1.0,0.0,1.0,1.0,0.0,1.0,1.0,0.0,1.0,1.0
Gemma4-E4B,response_reference_pre_reference_d1,bare_or_list,Gemma4-E4B/native_thinking/v5/V4_4_T10000_N5_seed1260,1,1,1260,confirmation,5,1.0,1.0,1.0,0.0,0.0,0.0,0.0,1.0,1.0,0.0
Gemma4-E4B,response_reference_pre_reference_d1,bare_or_list,Gemma4-E4B/native_thinking/v5/V4_4_T10000_N5_seed1260,1,2,1260,confirmation,5,1.0,1.0,1.0,0.0,0.0,0.0,0.0,1.0,1.0,0.0
Gemma4-E4B,response_reference_pre_reference_d1,bare_or_list,Gemma4-E4B/native_thinking/v5/V4_4_T10000_N5_seed1260,1,4,1260,confirmation,5,1.0,1.0,1.0,0.0,0.0,0.0,0.0,1.0,1.0,0.0
Gemma4-E4B,response_reference_pre_reference_d1,bare_or_list,Gemma4-E4B/native_thinking/v5/V4_4_T10000_N5_seed1260,1,8,1260,confirmation,5,1.0,1.0,1.0,0.0,0.0,0.0,0.0,1.0,1.0,0.0
Gemma4-E4B,response_reference_pre_reference_d1,bare_or_list,Gemma4-E4B/native_thinking/v5/V4_4_T10000_N5_seed1260,1,16,1260,confirmation,5,1.0,0.0,1.0,1.0,0.0,1.0,1.0,0.0,1.0,1.0
Gemma4-E4B,response_reference_pre_reference_d1,bare_or_list,Gemma4-E4B/native_thinking/v5/V4_4_T10000_N5_seed1260,1,32,1260,confirmation,5,1.0,0.0,1.0,1.0,0.0,1.0,1.0,0.0,1.0,1.0
Gemma4-E4B,response_reference_pre_reference_d1,bare_or_list,Gemma4-E4B/native_thinking/v5/V4_4_T10000_N5_seed1260,2,1,1260,confirmation,5,1.0,1.0,1.0,0.0,0.0,0.0,0.0,1.0,1.0,0.0
Gemma4-E4B,response_reference_pre_reference_d1,bare_or_list,Gemma4-E4B/native_thinking/v5/V4_4_T10000_N5_seed1260,2,2,1260,confirmation,5,1.0,1.0,1.0,0.0,0.0,0.0,0.0,1.0,1.0,0.0
Gemma4-E4B,response_reference_pre_reference_d1,bare_or_list,Gemma4-E4B/native_thinking/v5/V4_4_T10000_N5_seed1260,2,4,1260,confirmation,5,1.0,1.0,1.0,0.0,0.0,0.0,0.0,1.0,1.0,0.0
Gemma4-E4B,response_reference_pre_reference_d1,bare_or_list,Gemma4-E4B/native_thinking/v5/V4_4_T10000_N5_seed1260,2,8,1260,confirmation,5,1.0,1.0,1.0,0.0,0.0,0.0,0.0,1.0,1.0,0.0
Gemma4-E4B,response_reference_pre_reference_d1,bare_or_list,Gemma4-E4B/native_thinking/v5/V4_4_T10000_N5_seed1260,2,16,1260,confirmation,5,1.0,0.0,1.0,1.0,0.0,1.0,1.0,0.0,1.0,1.0
Gemma4-E4B,response_reference_pre_reference_d1,bare_or_list,Gemma4-E4B/native_thinking/v5/V4_4_T10000_N5_seed1260,2,32,1260,confirmation,5,1.0,0.0,1.0,1.0,0.0,1.0,1.0,0.0,1.0,1.0
Gemma4-E4B,response_reference_pre_reference_d1,bare_or_list,Gemma4-E4B/native_thinking/v5/V4_4_T10000_N5_seed1260,3,1,1260,confirmation,5,1.0,1.0,1.0,0.0,0.0,0.0,0.0,1.0,1.0,0.0
Gemma4-E4B,response_reference_pre_reference_d1,bare_or_list,Gemma4-E4B/native_thinking/v5/V4_4_T10000_N5_seed1260,3,2,1260,confirmation,5,1.0,1.0,1.0,0.0,0.0,0.0,0.0,1.0,1.0,0.0
Gemma4-E4B,response_reference_pre_reference_d1,bare_or_list,Gemma4-E4B/native_thinking/v5/V4_4_T10000_N5_seed1260,3,4,1260,confirmation,5,1.0,1.0,1.0,0.0,0.0,0.0,0.0,1.0,1.0,0.0
Gemma4-E4B,response_reference_pre_reference_d1,bare_or_list,Gemma4-E4B/native_thinking/v5/V4_4_T10000_N5_seed1260,3,8,1260,confirmation,5,1.0,1.0,1.0,0.0,0.0,0.0,0.0,1.0,1.0,0.0
Gemma4-E4B,response_reference_pre_reference_d1,bare_or_list,Gemma4-E4B/native_thinking/v5/V4_4_T10000_N5_seed1260,3,16,1260,confirmation,5,1.0,0.0,1.0,1.0,0.0,1.0,1.0,0.0,1.0,1.0
Gemma4-E4B,response_reference_pre_reference_d1,bare_or_list,Gemma4-E4B/native_thinking/v5/V4_4_T10000_N5_seed1260,3,32,1260,confirmation,5,1.0,0.0,1.0,1.0,0.0,1.0,1.0,0.0,1.0,1.0
Gemma4-E4B,response_reference_pre_reference_d1,bare_or_list,Gemma4-E4B/native_thinking/v5/V4_4_T10000_N5_seed1260,4,1,1260,confirmation,5,1.0,1.0,1.0,0.0,0.0,0.0,0.0,1.0,1.0,0.0
Gemma4-E4B,response_reference_pre_reference_d1,bare_or_list,Gemma4-E4B/native_thinking/v5/V4_4_T10000_N5_seed1260,4,2,1260,confirmation,5,1.0,1.0,1.0,0.0,0.0,0.0,0.0,1.0,1.0,0.0
Gemma4-E4B,response_reference_pre_reference_d1,bare_or_list,Gemma4-E4B/native_thinking/v5/V4_4_T10000_N5_seed1260,4,4,1260,confirmation,5,1.0,1.0,1.0,0.0,0.0,0.0,0.0,1.0,1.0,0.0
Gemma4-E4B,response_reference_pre_reference_d1,bare_or_list,Gemma4-E4B/native_thinking/v5/V4_4_T10000_N5_seed1260,4,8,1260,confirmation,5,1.0,1.0,1.0,0.0,0.0,0.0,0.0,1.0,1.0,0.0
Gemma4-E4B,response_reference_pre_reference_d1,bare_or_list,Gemma4-E4B/native_thinking/v5/V4_4_T10000_N5_seed1260,4,16,1260,confirmation,5,1.0,0.0,1.0,1.0,0.0,1.0,1.0,0.0,1.0,1.0
Gemma4-E4B,response_reference_pre_reference_d1,bare_or_list,Gemma4-E4B/native_thinking/v5/V4_4_T10000_N5_seed1260,4,32,1260,confirmation,5,1.0,0.0,1.0,1.0,0.0,1.0,1.0,0.0,1.0,1.0
Gemma4-E4B,response_reference_pre_reference_d1,bare_or_list,Gemma4-E4B/native_thinking/v5/V4_4_T10000_N5_seed1260,5,1,1260,confirmation,5,1.0,1.0,1.0,0.0,0.0,0.0,0.0,1.0,1.0,0.0
Gemma4-E4B,response_reference_pre_reference_d1,bare_or_list,Gemma4-E4B/native_thinking/v5/V4_4_T10000_N5_seed1260,5,2,1260,confirmation,5,1.0,1.0,1.0,0.0,0.0,0.0,0.0,1.0,1.0,0.0
Gemma4-E4B,response_reference_pre_reference_d1,bare_or_list,Gemma4-E4B/native_thinking/v5/V4_4_T10000_N5_seed1260,5,4,1260,confirmation,5,1.0,1.0,1.0,0.0,0.0,0.0,0.0,1.0,1.0,0.0
Gemma4-E4B,response_reference_pre_reference_d1,bare_or_list,Gemma4-E4B/native_thinking/v5/V4_4_T10000_N5_seed1260,5,8,1260,confirmation,5,1.0,1.0,1.0,0.0,0.0,0.0,0.0,1.0,1.0,0.0
Gemma4-E4B,response_reference_pre_reference_d1,bare_or_list,Gemma4-E4B/native_thinking/v5/V4_4_T10000_N5_seed1260,5,16,1260,confirmation,5,1.0,0.0,1.0,1.0,0.0,1.0,1.0,0.0,1.0,1.0
Gemma4-E4B,response_reference_pre_reference_d1,bare_or_list,Gemma4-E4B/native_thinking/v5/V4_4_T10000_N5_seed1260,5,32,1260,confirmation,5,1.0,0.0,1.0,1.0,0.0,1.0,1.0,0.0,1.0,1.0
Gemma4-E4B,response_reference_pre_reference_d1,record_template,Gemma4-E4B/native_thinking/v5/V4_4_T10000_N10_seed10016,1,1,10016,confirmation,10,1.0,1.0,1.0,0.0,0.0,0.0,0.0,1.0,1.0,0.0
Gemma4-E4B,response_reference_pre_reference_d1,record_template,Gemma4-E4B/native_thinking/v5/V4_4_T10000_N10_seed10016,1,2,10016,confirmation,10,1.0,1.0,0.6666666666666666,0.0,0.3333333333333333,-0.3333333333333333,-0.3333333333333333,1.0,0.6666666666666666,-0.33333333333333337
Gemma4-E4B,response_reference_pre_reference_d1,record_template,Gemma4-E4B/native_thinking/v5/V4_4_T10000_N10_seed10016,1,4,10016,confirmation,10,1.0,1.0,0.0,0.0,1.0,-1.0,-1.0,1.0,0.0,-1.0
Gemma4-E4B,response_reference_pre_reference_d1,record_template,Gemma4-E4B/native_thinking/v5/V4_4_T10000_N10_seed10016,1,8,10016,confirmation,10,1.0,0.0,0.0,1.0,1.0,0.0,0.0,0.0,0.0,0.0
Gemma4-E4B,response_reference_pre_reference_d1,record_template,Gemma4-E4B/native_thinking/v5/V4_4_T10000_N10_seed10016,1,16,10016,confirmation,10,1.0,0.0,0.0,1.0,1.0,0.0,0.0,0.0,0.0,0.0
Gemma4-E4B,response_reference_pre_reference_d1,record_template,Gemma4-E4B/native_thinking/v5/V4_4_T10000_N10_seed10016,1,32,10016,confirmation,10,1.0,0.0,0.0,1.0,1.0,0.0,0.0,0.0,0.0,0.0
Gemma4-E4B,response_reference_pre_reference_d1,record_template,Gemma4-E4B/native_thinking/v5/V4_4_T10000_N10_seed10016,2,1,10016,confirmation,10,1.0,1.0,1.0,0.0,0.0,0.0,0.0,1.0,1.0,0.0
Gemma4-E4B,response_reference_pre_reference_d1,record_template,Gemma4-E4B/native_thinking/v5/V4_4_T10000_N10_seed10016,2,2,10016,confirmation,10,1.0,1.0,1.0,0.0,0.0,0.0,0.0,1.0,1.0,0.0
Gemma4-E4B,response_reference_pre_reference_d1,record_template,Gemma4-E4B/native_thinking/v5/V4_4_T10000_N10_seed10016,2,4,10016,confirmation,10,1.0,1.0,1.0,0.0,0.0,0.0,0.0,1.0,1.0,0.0
Gemma4-E4B,response_reference_pre_reference_d1,record_template,Gemma4-E4B/native_thinking/v5/V4_4_T10000_N10_seed10016,2,8,10016,confirmation,10,1.0,1.0,1.0,0.0,0.0,0.0,0.0,1.0,1.0,0.0
Gemma4-E4B,response_reference_pre_reference_d1,record_template,Gemma4-E4B/native_thinking/v5/V4_4_T10000_N10_seed10016,2,16,10016,confirmation,10,1.0,0.0,1.0,1.0,0.0,1.0,1.0,0.95,1.0,0.050000000000000044
Gemma4-E4B,response_reference_pre_reference_d1,record_template,Gemma4-E4B/native_thinking/v5/V4_4_T10000_N10_seed10016,2,32,10016,confirmation,10,1.0,0.0,1.0,1.0,0.0,1.0,1.0,0.05,1.0,0.95
Gemma4-E4B,response_reference_pre_reference_d1,record_template,Gemma4-E4B/native_thinking/v5/V4_4_T10000_N10_seed10016,3,1,10016,confirmation,10,1.0,1.0,1.0,0.0,0.0,0.0,0.0,1.0,1.0,0.0
Gemma4-E4B,response_reference_pre_reference_d1,record_template,Gemma4-E4B/native_thinking/v5/V4_4_T10000_N10_seed10016,3,2,10016,confirmation,10,1.0,1.0,1.0,0.0,0.0,0.0,0.0,1.0,1.0,0.0
Gemma4-E4B,response_reference_pre_reference_d1,record_template,Gemma4-E4B/native_thinking/v5/V4_4_T10000_N10_seed10016,3,4,10016,confirmation,10,1.0,1.0,1.0,0.0,0.0,0.0,0.0,1.0,1.0,0.0
Gemma4-E4B,response_reference_pre_reference_d1,record_template,Gemma4-E4B/native_thinking/v5/V4_4_T10000_N10_seed10016,3,8,10016,confirmation,10,1.0,1.0,1.0,0.0,0.0,0.0,0.0,1.0,1.0,0.0
Gemma4-E4B,response_reference_pre_reference_d1,record_template,Gemma4-E4B/native_thinking/v5/V4_4_T10000_N10_seed10016,3,16,10016,confirmation,10,1.0,0.0,1.0,1.0,0.0,1.0,1.0,0.95,1.0,0.050000000000000044
Gemma4-E4B,response_reference_pre_reference_d1,record_template,Gemma4-E4B/native_thinking/v5/V4_4_T10000_N10_seed10016,3,32,10016,confirmation,10,1.0,0.0,1.0,1.0,0.0,1.0,1.0,0.05,1.0,0.95
Gemma4-E4B,response_reference_pre_reference_d1,record_template,Gemma4-E4B/native_thinking/v5/V4_4_T10000_N10_seed10016,4,1,10016,confirmation,10,1.0,1.0,1.0,0.0,0.0,0.0,0.0,1.0,1.0,0.0
Gemma4-E4B,response_reference_pre_reference_d1,record_template,Gemma4-E4B/native_thinking/v5/V4_4_T10000_N10_seed10016,4,2,10016,confirmation,10,1.0,1.0,1.0,0.0,0.0,0.0,0.0,1.0,1.0,0.0
Gemma4-E4B,response_reference_pre_reference_d1,record_template,Gemma4-E4B/native_thinking/v5/V4_4_T10000_N10_seed10016,4,4,10016,confirmation,10,1.0,1.0,1.0,0.0,0.0,0.0,0.0,1.0,1.0,0.0
Gemma4-E4B,response_reference_pre_reference_d1,record_template,Gemma4-E4B/native_thinking/v5/V4_4_T10000_N10_seed10016,4,8,10016,confirmation,10,1.0,0.0,1.0,1.0,0.0,1.0,1.0,0.0,1.0,1.0
Gemma4-E4B,response_reference_pre_reference_d1,record_template,Gemma4-E4B/native_thinking/v5/V4_4_T10000_N10_seed10016,4,16,10016,confirmation,10,1.0,0.0,1.0,1.0,0.0,1.0,1.0,0.0,1.0,1.0
Gemma4-E4B,response_reference_pre_reference_d1,record_template,Gemma4-E4B/native_thinking/v5/V4_4_T10000_N10_seed10016,4,32,10016,confirmation,10,1.0,0.0,1.0,1.0,0.0,1.0,1.0,0.0,1.0,1.0
Gemma4-E4B,response_reference_pre_reference_d1,record_template,Gemma4-E4B/native_thinking/v5/V4_4_T10000_N10_seed10016,5,1,10016,confirmation,10,1.0,1.0,1.0,0.0,0.0,0.0,0.0,1.0,1.0,0.0
Gemma4-E4B,response_reference_pre_reference_d1,record_template,Gemma4-E4B/native_thinking/v5/V4_4_T10000_N10_seed10016,5,2,10016,confirmation,10,1.0,1.0,1.0,0.0,0.0,0.0,0.0,1.0,1.0,0.0
Gemma4-E4B,response_reference_pre_reference_d1,record_template,Gemma4-E4B/native_thinking/v5/V4_4_T10000_N10_seed10016,5,4,10016,confirmation,10,1.0,1.0,1.0,0.0,0.0,0.0,0.0,1.0,1.0,0.0
Gemma4-E4B,response_reference_pre_reference_d1,record_template,Gemma4-E4B/native_thinking/v5/V4_4_T10000_N10_seed10016,5,8,10016,confirmation,10,1.0,1.0,1.0,0.0,0.0,0.0,0.0,1.0,1.0,0.0
Gemma4-E4B,response_reference_pre_reference_d1,record_template,Gemma4-E4B/native_thinking/v5/V4_4_T10000_N10_seed10016,5,16,10016,confirmation,10,1.0,0.0,1.0,1.0,0.0,1.0,1.0,0.0,1.0,1.0
Gemma4-E4B,response_reference_pre_reference_d1,record_template,Gemma4-E4B/native_thinking/v5/V4_4_T10000_N10_seed10016,5,32,10016,confirmation,10,1.0,0.0,1.0,1.0,0.0,1.0,1.0,0.0,1.0,1.0
Gemma4-E4B,response_reference_pre_reference_d1,record_template,Gemma4-E4B/native_thinking/v5/V4_4_T10000_N10_seed10016,6,1,10016,confirmation,10,1.0,1.0,1.0,0.0,0.0,0.0,0.0,1.0,1.0,0.0
Gemma4-E4B,response_reference_pre_reference_d1,record_template,Gemma4-E4B/native_thinking/v5/V4_4_T10000_N10_seed10016,6,2,10016,confirmation,10,1.0,1.0,1.0,0.0,0.0,0.0,0.0,1.0,1.0,0.0
Gemma4-E4B,response_reference_pre_reference_d1,record_template,Gemma4-E4B/native_thinking/v5/V4_4_T10000_N10_seed10016,6,4,10016,confirmation,10,1.0,1.0,1.0,0.0,0.0,0.0,0.0,1.0,1.0,0.0
Gemma4-E4B,response_reference_pre_reference_d1,record_template,Gemma4-E4B/native_thinking/v5/V4_4_T10000_N10_seed10016,6,8,10016,confirmation,10,1.0,1.0,1.0,0.0,0.0,0.0,0.0,1.0,1.0,0.0
Gemma4-E4B,response_reference_pre_reference_d1,record_template,Gemma4-E4B/native_thinking/v5/V4_4_T10000_N10_seed10016,6,16,10016,confirmation,10,1.0,1.0,1.0,0.0,0.0,0.0,0.0,1.0,1.0,0.0
Gemma4-E4B,response_reference_pre_reference_d1,record_template,Gemma4-E4B/native_thinking/v5/V4_4_T10000_N10_seed10016,6,32,10016,confirmation,10,1.0,1.0,1.0,0.0,0.0,0.0,0.0,1.0,1.0,0.0
Gemma4-E4B,response_reference_pre_reference_d1,record_template,Gemma4-E4B/native_thinking/v5/V4_4_T10000_N10_seed10016,7,1,10016,confirmation,10,1.0,1.0,1.0,0.0,0.0,0.0,0.0,1.0,1.0,0.0
Gemma4-E4B,response_reference_pre_reference_d1,record_template,Gemma4-E4B/native_thinking/v5/V4_4_T10000_N10_seed10016,7,2,10016,confirmation,10,1.0,1.0,1.0,0.0,0.0,0.0,0.0,1.0,1.0,0.0
Gemma4-E4B,response_reference_pre_reference_d1,record_template,Gemma4-E4B/native_thinking/v5/V4_4_T10000_N10_seed10016,7,4,10016,confirmation,10,1.0,1.0,1.0,0.0,0.0,0.0,0.0,1.0,1.0,0.0
Gemma4-E4B,response_reference_pre_reference_d1,record_template,Gemma4-E4B/native_thinking/v5/V4_4_T10000_N10_seed10016,7,8,10016,confirmation,10,1.0,1.0,1.0,0.0,0.0,0.0,0.0,1.0,1.0,0.0
Gemma4-E4B,response_reference_pre_reference_d1,record_template,Gemma4-E4B/native_thinking/v5/V4_4_T10000_N10_seed10016,7,16,10016,confirmation,10,1.0,1.0,1.0,0.0,0.0,0.0,0.0,1.0,1.0,0.0
Gemma4-E4B,response_reference_pre_reference_d1,record_template,Gemma4-E4B/native_thinking/v5/V4_4_T10000_N10_seed10016,7,32,10016,confirmation,10,1.0,1.0,1.0,0.0,0.0,0.0,0.0,1.0,1.0,0.0
Gemma4-E4B,response_reference_pre_reference_d1,record_template,Gemma4-E4B/native_thinking/v5/V4_4_T10000_N10_seed10016,8,1,10016,confirmation,10,1.0,1.0,1.0,0.0,0.0,0.0,0.0,1.0,1.0,0.0
Gemma4-E4B,response_reference_pre_reference_d1,record_template,Gemma4-E4B/native_thinking/v5/V4_4_T10000_N10_seed10016,8,2,10016,confirmation,10,1.0,1.0,1.0,0.0,0.0,0.0,0.0,1.0,1.0,0.0
Gemma4-E4B,response_reference_pre_reference_d1,record_template,Gemma4-E4B/native_thinking/v5/V4_4_T10000_N10_seed10016,8,4,10016,confirmation,10,1.0,1.0,1.0,0.0,0.0,0.0,0.0,1.0,1.0,0.0
Gemma4-E4B,response_reference_pre_reference_d1,record_template,Gemma4-E4B/native_thinking/v5/V4_4_T10000_N10_seed10016,8,8,10016,confirmation,10,1.0,1.0,1.0,0.0,0.0,0.0,0.0,1.0,1.0,0.0
Gemma4-E4B,response_reference_pre_reference_d1,record_template,Gemma4-E4B/native_thinking/v5/V4_4_T10000_N10_seed10016,8,16,10016,confirmation,10,1.0,1.0,1.0,0.0,0.0,0.0,0.0,1.0,1.0,0.0
Gemma4-E4B,response_reference_pre_reference_d1,record_template,Gemma4-E4B/native_thinking/v5/V4_4_T10000_N10_seed10016,8,32,10016,confirmation,10,1.0,0.0,1.0,1.0,0.0,1.0,1.0,0.0,1.0,1.0
Gemma4-E4B,response_reference_pre_reference_d1,record_template,Gemma4-E4B/native_thinking/v5/V4_4_T10000_N10_seed10016,9,1,10016,confirmation,10,1.0,1.0,1.0,0.0,0.0,0.0,0.0,1.0,1.0,0.0
Gemma4-E4B,response_reference_pre_reference_d1,record_template,Gemma4-E4B/native_thinking/v5/V4_4_T10000_N10_seed10016,9,2,10016,confirmation,10,1.0,1.0,1.0,0.0,0.0,0.0,0.0,1.0,1.0,0.0
Gemma4-E4B,response_reference_pre_reference_d1,record_template,Gemma4-E4B/native_thinking/v5/V4_4_T10000_N10_seed10016,9,4,10016,confirmation,10,1.0,1.0,1.0,0.0,0.0,0.0,0.0,1.0,1.0,0.0
Gemma4-E4B,response_reference_pre_reference_d1,record_template,Gemma4-E4B/native_thinking/v5/V4_4_T10000_N10_seed10016,9,8,10016,confirmation,10,1.0,1.0,1.0,0.0,0.0,0.0,0.0,1.0,1.0,0.0
Gemma4-E4B,response_reference_pre_reference_d1,record_template,Gemma4-E4B/native_thinking/v5/V4_4_T10000_N10_seed10016,9,16,10016,confirmation,10,1.0,1.0,1.0,0.0,0.0,0.0,0.0,1.0,1.0,0.0
Gemma4-E4B,response_reference_pre_reference_d1,record_template,Gemma4-E4B/native_thinking/v5/V4_4_T10000_N10_seed10016,9,32,10016,confirmation,10,1.0,1.0,1.0,0.0,0.0,0.0,0.0,1.0,1.0,0.0
Gemma4-E4B,response_reference_pre_reference_d1,record_template,Gemma4-E4B/native_thinking/v5/V4_4_T10000_N10_seed10016,10,1,10016,confirmation,10,1.0,1.0,1.0,0.0,0.0,0.0,0.0,1.0,1.0,0.0
Gemma4-E4B,response_reference_pre_reference_d1,record_template,Gemma4-E4B/native_thinking/v5/V4_4_T10000_N10_seed10016,10,2,10016,confirmation,10,1.0,1.0,1.0,0.0,0.0,0.0,0.0,1.0,1.0,0.0
Gemma4-E4B,response_reference_pre_reference_d1,record_template,Gemma4-E4B/native_thinking/v5/V4_4_T10000_N10_seed10016,10,4,10016,confirmation,10,1.0,0.0,1.0,1.0,0.0,1.0,1.0,0.0,1.0,1.0
Gemma4-E4B,response_reference_pre_reference_d1,record_template,Gemma4-E4B/native_thinking/v5/V4_4_T10000_N10_seed10016,10,8,10016,confirmation,10,1.0,0.0,1.0,1.0,0.0,1.0,1.0,0.0,1.0,1.0
Gemma4-E4B,response_reference_pre_reference_d1,record_template,Gemma4-E4B/native_thinking/v5/V4_4_T10000_N10_seed10016,10,16,10016,confirmation,10,1.0,1.0,1.0,0.0,0.0,0.0,0.0,1.0,1.0,0.0
Gemma4-E4B,response_reference_pre_reference_d1,record_template,Gemma4-E4B/native_thinking/v5/V4_4_T10000_N10_seed10016,10,32,10016,confirmation,10,1.0,1.0,1.0,0.0,0.0,0.0,0.0,1.0,1.0,0.0
Gemma4-E4B,response_reference_pre_reference_d1,record_template,Gemma4-E4B/native_thinking/v5/V4_4_T10000_N10_seed10022,1,1,10022,confirmation,10,1.0,1.0,1.0,0.0,0.0,0.0,0.0,1.0,1.0,0.0
Gemma4-E4B,response_reference_pre_reference_d1,record_template,Gemma4-E4B/native_thinking/v5/V4_4_T10000_N10_seed10022,1,2,10022,confirmation,10,1.0,1.0,1.0,0.0,0.0,0.0,0.0,1.0,1.0,0.0
Gemma4-E4B,response_reference_pre_reference_d1,record_template,Gemma4-E4B/native_thinking/v5/V4_4_T10000_N10_seed10022,1,4,10022,confirmation,10,1.0,1.0,1.0,0.0,0.0,0.0,0.0,1.0,1.0,0.0
Gemma4-E4B,response_reference_pre_reference_d1,record_template,Gemma4-E4B/native_thinking/v5/V4_4_T10000_N10_seed10022,1,8,10022,confirmation,10,1.0,1.0,1.0,0.0,0.0,0.0,0.0,1.0,1.0,0.0
Gemma4-E4B,response_reference_pre_reference_d1,record_template,Gemma4-E4B/native_thinking/v5/V4_4_T10000_N10_seed10022,1,16,10022,confirmation,10,1.0,0.0,1.0,1.0,0.0,1.0,1.0,0.9615384615384616,1.0,0.038461538461538436
Gemma4-E4B,response_reference_pre_reference_d1,record_template,Gemma4-E4B/native_thinking/v5/V4_4_T10000_N10_seed10022,1,32,10022,confirmation,10,1.0,0.0,1.0,1.0,0.0,1.0,1.0,0.038461538461538464,1.0,0.9615384615384616
Gemma4-E4B,response_reference_pre_reference_d1,record_template,Gemma4-E4B/native_thinking/v5/V4_4_T10000_N10_seed10022,2,1,10022,confirmation,10,1.0,1.0,1.0,0.0,0.0,0.0,0.0,1.0,1.0,0.0
Gemma4-E4B,response_reference_pre_reference_d1,record_template,Gemma4-E4B/native_thinking/v5/V4_4_T10000_N10_seed10022,2,2,10022,confirmation,10,1.0,1.0,1.0,0.0,0.0,0.0,0.0,1.0,1.0,0.0
Gemma4-E4B,response_reference_pre_reference_d1,record_template,Gemma4-E4B/native_thinking/v5/V4_4_T10000_N10_seed10022,2,4,10022,confirmation,10,1.0,1.0,1.0,0.0,0.0,0.0,0.0,1.0,1.0,0.0
Gemma4-E4B,response_reference_pre_reference_d1,record_template,Gemma4-E4B/native_thinking/v5/V4_4_T10000_N10_seed10022,2,8,10022,confirmation,10,1.0,1.0,1.0,0.0,0.0,0.0,0.0,1.0,1.0,0.0
Gemma4-E4B,response_reference_pre_reference_d1,record_template,Gemma4-E4B/native_thinking/v5/V4_4_T10000_N10_seed10022,2,16,10022,confirmation,10,1.0,0.0,1.0,1.0,0.0,1.0,1.0,0.9642857142857143,1.0,0.0357142857142857
Gemma4-E4B,response_reference_pre_reference_d1,record_template,Gemma4-E4B/native_thinking/v5/V4_4_T10000_N10_seed10022,2,32,10022,confirmation,10,1.0,0.0,1.0,1.0,0.0,1.0,1.0,0.0,1.0,1.0
Gemma4-E4B,response_reference_pre_reference_d1,record_template,Gemma4-E4B/native_thinking/v5/V4_4_T10000_N10_seed10022,3,1,10022,confirmation,10,1.0,1.0,1.0,0.0,0.0,0.0,0.0,1.0,1.0,0.0
Gemma4-E4B,response_reference_pre_reference_d1,record_template,Gemma4-E4B/native_thinking/v5/V4_4_T10000_N10_seed10022,3,2,10022,confirmation,10,1.0,1.0,1.0,0.0,0.0,0.0,0.0,1.0,1.0,0.0
Gemma4-E4B,response_reference_pre_reference_d1,record_template,Gemma4-E4B/native_thinking/v5/V4_4_T10000_N10_seed10022,3,4,10022,confirmation,10,1.0,1.0,1.0,0.0,0.0,0.0,0.0,1.0,1.0,0.0
Gemma4-E4B,response_reference_pre_reference_d1,record_template,Gemma4-E4B/native_thinking/v5/V4_4_T10000_N10_seed10022,3,8,10022,confirmation,10,1.0,0.0,1.0,1.0,0.0,1.0,1.0,0.0,1.0,1.0
Gemma4-E4B,response_reference_pre_reference_d1,record_template,Gemma4-E4B/native_thinking/v5/V4_4_T10000_N10_seed10022,3,16,10022,confirmation,10,1.0,1.0,1.0,0.0,0.0,0.0,0.0,1.0,1.0,0.0
Gemma4-E4B,response_reference_pre_reference_d1,record_template,Gemma4-E4B/native_thinking/v5/V4_4_T10000_N10_seed10022,3,32,10022,confirmation,10,1.0,0.0,1.0,1.0,0.0,1.0,1.0,0.0,1.0,1.0
Gemma4-E4B,response_reference_pre_reference_d1,record_template,Gemma4-E4B/native_thinking/v5/V4_4_T10000_N10_seed10022,4,1,10022,confirmation,10,1.0,1.0,1.0,0.0,0.0,0.0,0.0,1.0,1.0,0.0
Gemma4-E4B,response_reference_pre_reference_d1,record_template,Gemma4-E4B/native_thinking/v5/V4_4_T10000_N10_seed10022,4,2,10022,confirmation,10,1.0,1.0,1.0,0.0,0.0,0.0,0.0,1.0,1.0,0.0
Gemma4-E4B,response_reference_pre_reference_d1,record_template,Gemma4-E4B/native_thinking/v5/V4_4_T10000_N10_seed10022,4,4,10022,confirmation,10,1.0,1.0,1.0,0.0,0.0,0.0,0.0,1.0,1.0,0.0
Gemma4-E4B,response_reference_pre_reference_d1,record_template,Gemma4-E4B/native_thinking/v5/V4_4_T10000_N10_seed10022,4,8,10022,confirmation,10,1.0,1.0,1.0,0.0,0.0,0.0,0.0,1.0,1.0,0.0
Gemma4-E4B,response_reference_pre_reference_d1,record_template,Gemma4-E4B/native_thinking/v5/V4_4_T10000_N10_seed10022,4,16,10022,confirmation,10,1.0,1.0,1.0,0.0,0.0,0.0,0.0,1.0,1.0,0.0
Gemma4-E4B,response_reference_pre_reference_d1,record_template,Gemma4-E4B/native_thinking/v5/V4_4_T10000_N10_seed10022,4,32,10022,confirmation,10,1.0,0.0,1.0,1.0,0.0,1.0,1.0,0.0,1.0,1.0
Gemma4-E4B,response_reference_pre_reference_d1,record_template,Gemma4-E4B/native_thinking/v5/V4_4_T10000_N10_seed10022,5,1,10022,confirmation,10,1.0,1.0,1.0,0.0,0.0,0.0,0.0,1.0,1.0,0.0
Gemma4-E4B,response_reference_pre_reference_d1,record_template,Gemma4-E4B/native_thinking/v5/V4_4_T10000_N10_seed10022,5,2,10022,confirmation,10,1.0,1.0,1.0,0.0,0.0,0.0,0.0,1.0,1.0,0.0
Gemma4-E4B,response_reference_pre_reference_d1,record_template,Gemma4-E4B/native_thinking/v5/V4_4_T10000_N10_seed10022,5,4,10022,confirmation,10,1.0,1.0,1.0,0.0,0.0,0.0,0.0,1.0,1.0,0.0
Gemma4-E4B,response_reference_pre_reference_d1,record_template,Gemma4-E4B/native_thinking/v5/V4_4_T10000_N10_seed10022,5,8,10022,confirmation,10,1.0,0.0,1.0,1.0,0.0,1.0,1.0,0.038461538461538464,1.0,0.9615384615384616
Gemma4-E4B,response_reference_pre_reference_d1,record_template,Gemma4-E4B/native_thinking/v5/V4_4_T10000_N10_seed10022,5,16,10022,confirmation,10,1.0,1.0,1.0,0.0,0.0,0.0,0.0,1.0,1.0,0.0
Gemma4-E4B,response_reference_pre_reference_d1,record_template,Gemma4-E4B/native_thinking/v5/V4_4_T10000_N10_seed10022,5,32,10022,confirmation,10,1.0,0.0,1.0,1.0,0.0,1.0,1.0,0.9615384615384616,1.0,0.038461538461538436
Gemma4-E4B,response_reference_pre_reference_d1,record_template,Gemma4-E4B/native_thinking/v5/V4_4_T10000_N10_seed10022,6,1,10022,confirmation,10,1.0,1.0,1.0,0.0,0.0,0.0,0.0,1.0,1.0,0.0
Gemma4-E4B,response_reference_pre_reference_d1,record_template,Gemma4-E4B/native_thinking/v5/V4_4_T10000_N10_seed10022,6,2,10022,confirmation,10,1.0,1.0,1.0,0.0,0.0,0.0,0.0,1.0,1.0,0.0
Gemma4-E4B,response_reference_pre_reference_d1,record_template,Gemma4-E4B/native_thinking/v5/V4_4_T10000_N10_seed10022,6,4,10022,confirmation,10,1.0,1.0,1.0,0.0,0.0,0.0,0.0,1.0,1.0,0.0
Gemma4-E4B,response_reference_pre_reference_d1,record_template,Gemma4-E4B/native_thinking/v5/V4_4_T10000_N10_seed10022,6,8,10022,confirmation,10,1.0,1.0,1.0,0.0,0.0,0.0,0.0,1.0,1.0,0.0
Gemma4-E4B,response_reference_pre_reference_d1,record_template,Gemma4-E4B/native_thinking/v5/V4_4_T10000_N10_seed10022,6,16,10022,confirmation,10,1.0,1.0,1.0,0.0,0.0,0.0,0.0,1.0,1.0,0.0
Gemma4-E4B,response_reference_pre_reference_d1,record_template,Gemma4-E4B/native_thinking/v5/V4_4_T10000_N10_seed10022,6,32,10022,confirmation,10,1.0,0.0,1.0,1.0,0.0,1.0,1.0,0.9615384615384616,1.0,0.038461538461538436
Gemma4-E4B,response_reference_pre_reference_d1,record_template,Gemma4-E4B/native_thinking/v5/V4_4_T10000_N10_seed10022,7,1,10022,confirmation,10,1.0,1.0,1.0,0.0,0.0,0.0,0.0,1.0,1.0,0.0
Gemma4-E4B,response_reference_pre_reference_d1,record_template,Gemma4-E4B/native_thinking/v5/V4_4_T10000_N10_seed10022,7,2,10022,confirmation,10,1.0,1.0,1.0,0.0,0.0,0.0,0.0,1.0,1.0,0.0
Gemma4-E4B,response_reference_pre_reference_d1,record_template,Gemma4-E4B/native_thinking/v5/V4_4_T10000_N10_seed10022,7,4,10022,confirmation,10,1.0,1.0,1.0,0.0,0.0,0.0,0.0,1.0,1.0,0.0
Gemma4-E4B,response_reference_pre_reference_d1,record_template,Gemma4-E4B/native_thinking/v5/V4_4_T10000_N10_seed10022,7,8,10022,confirmation,10,1.0,1.0,1.0,0.0,0.0,0.0,0.0,1.0,1.0,0.0
Gemma4-E4B,response_reference_pre_reference_d1,record_template,Gemma4-E4B/native_thinking/v5/V4_4_T10000_N10_seed10022,7,16,10022,confirmation,10,1.0,1.0,1.0,0.0,0.0,0.0,0.0,1.0,1.0,0.0
Gemma4-E4B,response_reference_pre_reference_d1,record_template,Gemma4-E4B/native_thinking/v5/V4_4_T10000_N10_seed10022,7,32,10022,confirmation,10,1.0,0.0,1.0,1.0,0.0,1.0,1.0,0.0,1.0,1.0
Gemma4-E4B,response_reference_pre_reference_d1,record_template,Gemma4-E4B/native_thinking/v5/V4_4_T10000_N10_seed10022,8,1,10022,confirmation,10,1.0,1.0,1.0,0.0,0.0,0.0,0.0,1.0,1.0,0.0
Gemma4-E4B,response_reference_pre_reference_d1,record_template,Gemma4-E4B/native_thinking/v5/V4_4_T10000_N10_seed10022,8,2,10022,confirmation,10,1.0,1.0,1.0,0.0,0.0,0.0,0.0,1.0,1.0,0.0
Gemma4-E4B,response_reference_pre_reference_d1,record_template,Gemma4-E4B/native_thinking/v5/V4_4_T10000_N10_seed10022,8,4,10022,confirmation,10,1.0,1.0,1.0,0.0,0.0,0.0,0.0,1.0,1.0,0.0
Gemma4-E4B,response_reference_pre_reference_d1,record_template,Gemma4-E4B/native_thinking/v5/V4_4_T10000_N10_seed10022,8,8,10022,confirmation,10,1.0,0.0,1.0,1.0,0.0,1.0,1.0,0.0,1.0,1.0
Gemma4-E4B,response_reference_pre_reference_d1,record_template,Gemma4-E4B/native_thinking/v5/V4_4_T10000_N10_seed10022,8,16,10022,confirmation,10,1.0,1.0,1.0,0.0,0.0,0.0,0.0,1.0,1.0,0.0
Gemma4-E4B,response_reference_pre_reference_d1,record_template,Gemma4-E4B/native_thinking/v5/V4_4_T10000_N10_seed10022,8,32,10022,confirmation,10,1.0,0.0,1.0,1.0,0.0,1.0,1.0,0.3448275862068966,1.0,0.6551724137931034
Gemma4-E4B,response_reference_pre_reference_d1,record_template,Gemma4-E4B/native_thinking/v5/V4_4_T10000_N10_seed10022,9,1,10022,confirmation,10,1.0,1.0,1.0,0.0,0.0,0.0,0.0,1.0,1.0,0.0
Gemma4-E4B,response_reference_pre_reference_d1,record_template,Gemma4-E4B/native_thinking/v5/V4_4_T10000_N10_seed10022,9,2,10022,confirmation,10,1.0,1.0,1.0,0.0,0.0,0.0,0.0,1.0,1.0,0.0
Gemma4-E4B,response_reference_pre_reference_d1,record_template,Gemma4-E4B/native_thinking/v5/V4_4_T10000_N10_seed10022,9,4,10022,confirmation,10,1.0,1.0,1.0,0.0,0.0,0.0,0.0,1.0,1.0,0.0
Gemma4-E4B,response_reference_pre_reference_d1,record_template,Gemma4-E4B/native_thinking/v5/V4_4_T10000_N10_seed10022,9,8,10022,confirmation,10,1.0,0.0,1.0,1.0,0.0,1.0,1.0,0.46153846153846156,1.0,0.5384615384615384
Gemma4-E4B,response_reference_pre_reference_d1,record_template,Gemma4-E4B/native_thinking/v5/V4_4_T10000_N10_seed10022,9,16,10022,confirmation,10,1.0,1.0,1.0,0.0,0.0,0.0,0.0,1.0,1.0,0.0
Gemma4-E4B,response_reference_pre_reference_d1,record_template,Gemma4-E4B/native_thinking/v5/V4_4_T10000_N10_seed10022,9,32,10022,confirmation,10,1.0,0.0,1.0,1.0,0.0,1.0,1.0,0.0,1.0,1.0
Gemma4-E4B,response_reference_pre_reference_d1,record_template,Gemma4-E4B/native_thinking/v5/V4_4_T10000_N10_seed10022,10,1,10022,confirmation,10,1.0,1.0,1.0,0.0,0.0,0.0,0.0,1.0,1.0,0.0
Gemma4-E4B,response_reference_pre_reference_d1,record_template,Gemma4-E4B/native_thinking/v5/V4_4_T10000_N10_seed10022,10,2,10022,confirmation,10,1.0,1.0,1.0,0.0,0.0,0.0,0.0,1.0,1.0,0.0
Gemma4-E4B,response_reference_pre_reference_d1,record_template,Gemma4-E4B/native_thinking/v5/V4_4_T10000_N10_seed10022,10,4,10022,confirmation,10,1.0,0.0,1.0,1.0,0.0,1.0,1.0,0.0,1.0,1.0
Gemma4-E4B,response_reference_pre_reference_d1,record_template,Gemma4-E4B/native_thinking/v5/V4_4_T10000_N10_seed10022,10,8,10022,confirmation,10,1.0,0.0,1.0,1.0,0.0,1.0,1.0,0.0,1.0,1.0
Gemma4-E4B,response_reference_pre_reference_d1,record_template,Gemma4-E4B/native_thinking/v5/V4_4_T10000_N10_seed10022,10,16,10022,confirmation,10,1.0,1.0,1.0,0.0,0.0,0.0,0.0,1.0,1.0,0.0
Gemma4-E4B,response_reference_pre_reference_d1,record_template,Gemma4-E4B/native_thinking/v5/V4_4_T10000_N10_seed10022,10,32,10022,confirmation,10,1.0,0.0,1.0,1.0,0.0,1.0,1.0,0.0,1.0,1.0
Gemma4-E4B,response_reference_pre_reference_d1,record_template,Gemma4-E4B/native_thinking/v5/V4_4_T10000_N10_seed10025,1,1,10025,confirmation,10,1.0,1.0,1.0,0.0,0.0,0.0,0.0,1.0,1.0,0.0
Gemma4-E4B,response_reference_pre_reference_d1,record_template,Gemma4-E4B/native_thinking/v5/V4_4_T10000_N10_seed10025,1,2,10025,confirmation,10,1.0,1.0,1.0,0.0,0.0,0.0,0.0,1.0,1.0,0.0
Gemma4-E4B,response_reference_pre_reference_d1,record_template,Gemma4-E4B/native_thinking/v5/V4_4_T10000_N10_seed10025,1,4,10025,confirmation,10,1.0,1.0,1.0,0.0,0.0,0.0,0.0,1.0,1.0,0.0
Gemma4-E4B,response_reference_pre_reference_d1,record_template,Gemma4-E4B/native_thinking/v5/V4_4_T10000_N10_seed10025,1,8,10025,confirmation,10,1.0,0.0,0.6666666666666666,1.0,0.3333333333333333,0.6666666666666667,0.6666666666666667,0.9615384615384616,0.6794871794871794,-0.28205128205128216
Gemma4-E4B,response_reference_pre_reference_d1,record_template,Gemma4-E4B/native_thinking/v5/V4_4_T10000_N10_seed10025,1,16,10025,confirmation,10,1.0,0.0,1.0,1.0,0.0,1.0,1.0,0.9615384615384616,1.0,0.038461538461538436
Gemma4-E4B,response_reference_pre_reference_d1,record_template,Gemma4-E4B/native_thinking/v5/V4_4_T10000_N10_seed10025,1,32,10025,confirmation,10,1.0,0.0,1.0,1.0,0.0,1.0,1.0,0.038461538461538464,1.0,0.9615384615384616
Gemma4-E4B,response_reference_pre_reference_d1,record_template,Gemma4-E4B/native_thinking/v5/V4_4_T10000_N10_seed10025,2,1,10025,confirmation,10,1.0,1.0,1.0,0.0,0.0,0.0,0.0,1.0,1.0,0.0
Gemma4-E4B,response_reference_pre_reference_d1,record_template,Gemma4-E4B/native_thinking/v5/V4_4_T10000_N10_seed10025,2,2,10025,confirmation,10,1.0,1.0,1.0,0.0,0.0,0.0,0.0,1.0,1.0,0.0
Gemma4-E4B,response_reference_pre_reference_d1,record_template,Gemma4-E4B/native_thinking/v5/V4_4_T10000_N10_seed10025,2,4,10025,confirmation,10,1.0,1.0,1.0,0.0,0.0,0.0,0.0,1.0,1.0,0.0
Gemma4-E4B,response_reference_pre_reference_d1,record_template,Gemma4-E4B/native_thinking/v5/V4_4_T10000_N10_seed10025,2,8,10025,confirmation,10,1.0,1.0,1.0,0.0,0.0,0.0,0.0,1.0,1.0,0.0
Gemma4-E4B,response_reference_pre_reference_d1,record_template,Gemma4-E4B/native_thinking/v5/V4_4_T10000_N10_seed10025,2,16,10025,confirmation,10,1.0,0.0,1.0,1.0,0.0,1.0,1.0,0.9615384615384616,1.0,0.038461538461538436
Gemma4-E4B,response_reference_pre_reference_d1,record_template,Gemma4-E4B/native_thinking/v5/V4_4_T10000_N10_seed10025,2,32,10025,confirmation,10,1.0,0.0,1.0,1.0,0.0,1.0,1.0,0.0,1.0,1.0
Gemma4-E4B,response_reference_pre_reference_d1,record_template,Gemma4-E4B/native_thinking/v5/V4_4_T10000_N10_seed10025,3,1,10025,confirmation,10,1.0,1.0,1.0,0.0,0.0,0.0,0.0,1.0,1.0,0.0
Gemma4-E4B,response_reference_pre_reference_d1,record_template,Gemma4-E4B/native_thinking/v5/V4_4_T10000_N10_seed10025,3,2,10025,confirmation,10,1.0,1.0,1.0,0.0,0.0,0.0,0.0,1.0,1.0,0.0
Gemma4-E4B,response_reference_pre_reference_d1,record_template,Gemma4-E4B/native_thinking/v5/V4_4_T10000_N10_seed10025,3,4,10025,confirmation,10,1.0,1.0,1.0,0.0,0.0,0.0,0.0,1.0,1.0,0.0
Gemma4-E4B,response_reference_pre_reference_d1,record_template,Gemma4-E4B/native_thinking/v5/V4_4_T10000_N10_seed10025,3,8,10025,confirmation,10,1.0,1.0,1.0,0.0,0.0,0.0,0.0,1.0,1.0,0.0
Gemma4-E4B,response_reference_pre_reference_d1,record_template,Gemma4-E4B/native_thinking/v5/V4_4_T10000_N10_seed10025,3,16,10025,confirmation,10,1.0,1.0,1.0,0.0,0.0,0.0,0.0,1.0,1.0,0.0
Gemma4-E4B,response_reference_pre_reference_d1,record_template,Gemma4-E4B/native_thinking/v5/V4_4_T10000_N10_seed10025,3,32,10025,confirmation,10,1.0,0.0,1.0,1.0,0.0,1.0,1.0,0.0,1.0,1.0
Gemma4-E4B,response_reference_pre_reference_d1,record_template,Gemma4-E4B/native_thinking/v5/V4_4_T10000_N10_seed10025,4,1,10025,confirmation,10,1.0,1.0,1.0,0.0,0.0,0.0,0.0,1.0,1.0,0.0
Gemma4-E4B,response_reference_pre_reference_d1,record_template,Gemma4-E4B/native_thinking/v5/V4_4_T10000_N10_seed10025,4,2,10025,confirmation,10,1.0,1.0,1.0,0.0,0.0,0.0,0.0,1.0,1.0,0.0
Gemma4-E4B,response_reference_pre_reference_d1,record_template,Gemma4-E4B/native_thinking/v5/V4_4_T10000_N10_seed10025,4,4,10025,confirmation,10,1.0,1.0,1.0,0.0,0.0,0.0,0.0,1.0,1.0,0.0
Gemma4-E4B,response_reference_pre_reference_d1,record_template,Gemma4-E4B/native_thinking/v5/V4_4_T10000_N10_seed10025,4,8,10025,confirmation,10,1.0,1.0,1.0,0.0,0.0,0.0,0.0,1.0,1.0,0.0
Gemma4-E4B,response_reference_pre_reference_d1,record_template,Gemma4-E4B/native_thinking/v5/V4_4_T10000_N10_seed10025,4,16,10025,confirmation,10,1.0,1.0,1.0,0.0,0.0,0.0,0.0,1.0,1.0,0.0
Gemma4-E4B,response_reference_pre_reference_d1,record_template,Gemma4-E4B/native_thinking/v5/V4_4_T10000_N10_seed10025,4,32,10025,confirmation,10,1.0,0.0,1.0,1.0,0.0,1.0,1.0,0.0,1.0,1.0
Gemma4-E4B,response_reference_pre_reference_d1,record_template,Gemma4-E4B/native_thinking/v5/V4_4_T10000_N10_seed10025,5,1,10025,confirmation,10,1.0,1.0,1.0,0.0,0.0,0.0,0.0,1.0,1.0,0.0
Gemma4-E4B,response_reference_pre_reference_d1,record_template,Gemma4-E4B/native_thinking/v5/V4_4_T10000_N10_seed10025,5,2,10025,confirmation,10,1.0,1.0,1.0,0.0,0.0,0.0,0.0,1.0,1.0,0.0
Gemma4-E4B,response_reference_pre_reference_d1,record_template,Gemma4-E4B/native_thinking/v5/V4_4_T10000_N10_seed10025,5,4,10025,confirmation,10,1.0,1.0,1.0,0.0,0.0,0.0,0.0,1.0,1.0,0.0
Gemma4-E4B,response_reference_pre_reference_d1,record_template,Gemma4-E4B/native_thinking/v5/V4_4_T10000_N10_seed10025,5,8,10025,confirmation,10,1.0,1.0,1.0,0.0,0.0,0.0,0.0,1.0,1.0,0.0
Gemma4-E4B,response_reference_pre_reference_d1,record_template,Gemma4-E4B/native_thinking/v5/V4_4_T10000_N10_seed10025,5,16,10025,confirmation,10,1.0,1.0,1.0,0.0,0.0,0.0,0.0,1.0,1.0,0.0
Gemma4-E4B,response_reference_pre_reference_d1,record_template,Gemma4-E4B/native_thinking/v5/V4_4_T10000_N10_seed10025,5,32,10025,confirmation,10,1.0,0.0,1.0,1.0,0.0,1.0,1.0,0.0,1.0,1.0
Gemma4-E4B,response_reference_pre_reference_d1,record_template,Gemma4-E4B/native_thinking/v5/V4_4_T10000_N10_seed10025,6,1,10025,confirmation,10,1.0,1.0,1.0,0.0,0.0,0.0,0.0,1.0,1.0,0.0
Gemma4-E4B,response_reference_pre_reference_d1,record_template,Gemma4-E4B/native_thinking/v5/V4_4_T10000_N10_seed10025,6,2,10025,confirmation,10,1.0,1.0,1.0,0.0,0.0,0.0,0.0,1.0,1.0,0.0
Gemma4-E4B,response_reference_pre_reference_d1,record_template,Gemma4-E4B/native_thinking/v5/V4_4_T10000_N10_seed10025,6,4,10025,confirmation,10,1.0,1.0,1.0,0.0,0.0,0.0,0.0,1.0,1.0,0.0
Gemma4-E4B,response_reference_pre_reference_d1,record_template,Gemma4-E4B/native_thinking/v5/V4_4_T10000_N10_seed10025,6,8,10025,confirmation,10,1.0,0.0,1.0,1.0,0.0,1.0,1.0,0.0,1.0,1.0
Gemma4-E4B,response_reference_pre_reference_d1,record_template,Gemma4-E4B/native_thinking/v5/V4_4_T10000_N10_seed10025,6,16,10025,confirmation,10,1.0,1.0,1.0,0.0,0.0,0.0,0.0,1.0,1.0,0.0
Gemma4-E4B,response_reference_pre_reference_d1,record_template,Gemma4-E4B/native_thinking/v5/V4_4_T10000_N10_seed10025,6,32,10025,confirmation,10,1.0,0.0,1.0,1.0,0.0,1.0,1.0,0.0,1.0,1.0
Gemma4-E4B,response_reference_pre_reference_d1,record_template,Gemma4-E4B/native_thinking/v5/V4_4_T10000_N10_seed10025,7,1,10025,confirmation,10,1.0,1.0,1.0,0.0,0.0,0.0,0.0,1.0,1.0,0.0
Gemma4-E4B,response_reference_pre_reference_d1,record_template,Gemma4-E4B/native_thinking/v5/V4_4_T10000_N10_seed10025,7,2,10025,confirmation,10,1.0,1.0,1.0,0.0,0.0,0.0,0.0,1.0,1.0,0.0
Gemma4-E4B,response_reference_pre_reference_d1,record_template,Gemma4-E4B/native_thinking/v5/V4_4_T10000_N10_seed10025,7,4,10025,confirmation,10,1.0,1.0,1.0,0.0,0.0,0.0,0.0,1.0,1.0,0.0
Gemma4-E4B,response_reference_pre_reference_d1,record_template,Gemma4-E4B/native_thinking/v5/V4_4_T10000_N10_seed10025,7,8,10025,confirmation,10,1.0,1.0,1.0,0.0,0.0,0.0,0.0,1.0,1.0,0.0
Gemma4-E4B,response_reference_pre_reference_d1,record_template,Gemma4-E4B/native_thinking/v5/V4_4_T10000_N10_seed10025,7,16,10025,confirmation,10,1.0,1.0,1.0,0.0,0.0,0.0,0.0,1.0,1.0,0.0
Gemma4-E4B,response_reference_pre_reference_d1,record_template,Gemma4-E4B/native_thinking/v5/V4_4_T10000_N10_seed10025,7,32,10025,confirmation,10,1.0,0.0,1.0,1.0,0.0,1.0,1.0,0.0,1.0,1.0
Gemma4-E4B,response_reference_pre_reference_d1,record_template,Gemma4-E4B/native_thinking/v5/V4_4_T10000_N10_seed10025,8,1,10025,confirmation,10,1.0,1.0,1.0,0.0,0.0,0.0,0.0,1.0,1.0,0.0
Gemma4-E4B,response_reference_pre_reference_d1,record_template,Gemma4-E4B/native_thinking/v5/V4_4_T10000_N10_seed10025,8,2,10025,confirmation,10,1.0,1.0,1.0,0.0,0.0,0.0,0.0,1.0,1.0,0.0
Gemma4-E4B,response_reference_pre_reference_d1,record_template,Gemma4-E4B/native_thinking/v5/V4_4_T10000_N10_seed10025,8,4,10025,confirmation,10,1.0,1.0,1.0,0.0,0.0,0.0,0.0,1.0,1.0,0.0
Gemma4-E4B,response_reference_pre_reference_d1,record_template,Gemma4-E4B/native_thinking/v5/V4_4_T10000_N10_seed10025,8,8,10025,confirmation,10,1.0,1.0,1.0,0.0,0.0,0.0,0.0,1.0,1.0,0.0
Gemma4-E4B,response_reference_pre_reference_d1,record_template,Gemma4-E4B/native_thinking/v5/V4_4_T10000_N10_seed10025,8,16,10025,confirmation,10,1.0,1.0,1.0,0.0,0.0,0.0,0.0,1.0,1.0,0.0
Gemma4-E4B,response_reference_pre_reference_d1,record_template,Gemma4-E4B/native_thinking/v5/V4_4_T10000_N10_seed10025,8,32,10025,confirmation,10,1.0,0.0,1.0,1.0,0.0,1.0,1.0,0.0,1.0,1.0
Gemma4-E4B,response_reference_pre_reference_d1,record_template,Gemma4-E4B/native_thinking/v5/V4_4_T10000_N10_seed10025,9,1,10025,confirmation,10,1.0,1.0,1.0,0.0,0.0,0.0,0.0,1.0,1.0,0.0
Gemma4-E4B,response_reference_pre_reference_d1,record_template,Gemma4-E4B/native_thinking/v5/V4_4_T10000_N10_seed10025,9,2,10025,confirmation,10,1.0,1.0,1.0,0.0,0.0,0.0,0.0,1.0,1.0,0.0
Gemma4-E4B,response_reference_pre_reference_d1,record_template,Gemma4-E4B/native_thinking/v5/V4_4_T10000_N10_seed10025,9,4,10025,confirmation,10,1.0,1.0,1.0,0.0,0.0,0.0,0.0,1.0,1.0,0.0
Gemma4-E4B,response_reference_pre_reference_d1,record_template,Gemma4-E4B/native_thinking/v5/V4_4_T10000_N10_seed10025,9,8,10025,confirmation,10,1.0,0.0,1.0,1.0,0.0,1.0,1.0,0.0,1.0,1.0
Gemma4-E4B,response_reference_pre_reference_d1,record_template,Gemma4-E4B/native_thinking/v5/V4_4_T10000_N10_seed10025,9,16,10025,confirmation,10,1.0,1.0,1.0,0.0,0.0,0.0,0.0,1.0,1.0,0.0
Gemma4-E4B,response_reference_pre_reference_d1,record_template,Gemma4-E4B/native_thinking/v5/V4_4_T10000_N10_seed10025,9,32,10025,confirmation,10,1.0,0.0,1.0,1.0,0.0,1.0,1.0,0.0,1.0,1.0
Gemma4-E4B,response_reference_pre_reference_d1,record_template,Gemma4-E4B/native_thinking/v5/V4_4_T10000_N10_seed10025,10,1,10025,confirmation,10,1.0,1.0,1.0,0.0,0.0,0.0,0.0,1.0,1.0,0.0
Gemma4-E4B,response_reference_pre_reference_d1,record_template,Gemma4-E4B/native_thinking/v5/V4_4_T10000_N10_seed10025,10,2,10025,confirmation,10,1.0,1.0,1.0,0.0,0.0,0.0,0.0,1.0,1.0,0.0
Gemma4-E4B,response_reference_pre_reference_d1,record_template,Gemma4-E4B/native_thinking/v5/V4_4_T10000_N10_seed10025,10,4,10025,confirmation,10,1.0,1.0,1.0,0.0,0.0,0.0,0.0,1.0,1.0,0.0
Gemma4-E4B,response_reference_pre_reference_d1,record_template,Gemma4-E4B/native_thinking/v5/V4_4_T10000_N10_seed10025,10,8,10025,confirmation,10,1.0,0.0,1.0,1.0,0.0,1.0,1.0,0.0,1.0,1.0
Gemma4-E4B,response_reference_pre_reference_d1,record_template,Gemma4-E4B/native_thinking/v5/V4_4_T10000_N10_seed10025,10,16,10025,confirmation,10,1.0,1.0,1.0,0.0,0.0,0.0,0.0,1.0,1.0,0.0
Gemma4-E4B,response_reference_pre_reference_d1,record_template,Gemma4-E4B/native_thinking/v5/V4_4_T10000_N10_seed10025,10,32,10025,confirmation,10,1.0,0.0,1.0,1.0,0.0,1.0,1.0,0.0,1.0,1.0
Gemma4-E4B,response_reference_pre_reference_d1,record_template,Gemma4-E4B/native_thinking/v5/V4_4_T10000_N10_seed1260,1,1,1260,confirmation,10,1.0,1.0,1.0,0.0,0.0,0.0,0.0,1.0,1.0,0.0
Gemma4-E4B,response_reference_pre_reference_d1,record_template,Gemma4-E4B/native_thinking/v5/V4_4_T10000_N10_seed1260,1,2,1260,confirmation,10,1.0,1.0,1.0,0.0,0.0,0.0,0.0,1.0,1.0,0.0
Gemma4-E4B,response_reference_pre_reference_d1,record_template,Gemma4-E4B/native_thinking/v5/V4_4_T10000_N10_seed1260,1,4,1260,confirmation,10,1.0,1.0,1.0,0.0,0.0,0.0,0.0,1.0,1.0,0.0
Gemma4-E4B,response_reference_pre_reference_d1,record_template,Gemma4-E4B/native_thinking/v5/V4_4_T10000_N10_seed1260,1,8,1260,confirmation,10,1.0,1.0,1.0,0.0,0.0,0.0,0.0,1.0,1.0,0.0
Gemma4-E4B,response_reference_pre_reference_d1,record_template,Gemma4-E4B/native_thinking/v5/V4_4_T10000_N10_seed1260,1,16,1260,confirmation,10,1.0,0.0,0.0,1.0,1.0,0.0,0.0,0.0,0.03508771929824561,0.03508771929824561
Gemma4-E4B,response_reference_pre_reference_d1,record_template,Gemma4-E4B/native_thinking/v5/V4_4_T10000_N10_seed1260,1,32,1260,confirmation,10,1.0,0.0,1.0,1.0,0.0,1.0,1.0,0.0,1.0,1.0
Gemma4-E4B,response_reference_pre_reference_d1,record_template,Gemma4-E4B/native_thinking/v5/V4_4_T10000_N10_seed1260,2,1,1260,confirmation,10,1.0,1.0,1.0,0.0,0.0,0.0,0.0,1.0,1.0,0.0
Gemma4-E4B,response_reference_pre_reference_d1,record_template,Gemma4-E4B/native_thinking/v5/V4_4_T10000_N10_seed1260,2,2,1260,confirmation,10,1.0,1.0,1.0,0.0,0.0,0.0,0.0,1.0,1.0,0.0
Gemma4-E4B,response_reference_pre_reference_d1,record_template,Gemma4-E4B/native_thinking/v5/V4_4_T10000_N10_seed1260,2,4,1260,confirmation,10,1.0,1.0,1.0,0.0,0.0,0.0,0.0,1.0,1.0,0.0
Gemma4-E4B,response_reference_pre_reference_d1,record_template,Gemma4-E4B/native_thinking/v5/V4_4_T10000_N10_seed1260,2,8,1260,confirmation,10,1.0,0.0,1.0,1.0,0.0,1.0,1.0,0.0,1.0,1.0
Gemma4-E4B,response_reference_pre_reference_d1,record_template,Gemma4-E4B/native_thinking/v5/V4_4_T10000_N10_seed1260,2,16,1260,confirmation,10,1.0,0.0,1.0,1.0,0.0,1.0,1.0,0.0,1.0,1.0
Gemma4-E4B,response_reference_pre_reference_d1,record_template,Gemma4-E4B/native_thinking/v5/V4_4_T10000_N10_seed1260,2,32,1260,confirmation,10,1.0,0.0,1.0,1.0,0.0,1.0,1.0,0.0,1.0,1.0
Gemma4-E4B,response_reference_pre_reference_d1,record_template,Gemma4-E4B/native_thinking/v5/V4_4_T10000_N10_seed1260,3,1,1260,confirmation,10,1.0,1.0,1.0,0.0,0.0,0.0,0.0,1.0,1.0,0.0
Gemma4-E4B,response_reference_pre_reference_d1,record_template,Gemma4-E4B/native_thinking/v5/V4_4_T10000_N10_seed1260,3,2,1260,confirmation,10,1.0,1.0,1.0,0.0,0.0,0.0,0.0,1.0,1.0,0.0
Gemma4-E4B,response_reference_pre_reference_d1,record_template,Gemma4-E4B/native_thinking/v5/V4_4_T10000_N10_seed1260,3,4,1260,confirmation,10,1.0,1.0,1.0,0.0,0.0,0.0,0.0,1.0,1.0,0.0
Gemma4-E4B,response_reference_pre_reference_d1,record_template,Gemma4-E4B/native_thinking/v5/V4_4_T10000_N10_seed1260,3,8,1260,confirmation,10,1.0,1.0,1.0,0.0,0.0,0.0,0.0,1.0,1.0,0.0
Gemma4-E4B,response_reference_pre_reference_d1,record_template,Gemma4-E4B/native_thinking/v5/V4_4_T10000_N10_seed1260,3,16,1260,confirmation,10,1.0,1.0,1.0,0.0,0.0,0.0,0.0,1.0,1.0,0.0
Gemma4-E4B,response_reference_pre_reference_d1,record_template,Gemma4-E4B/native_thinking/v5/V4_4_T10000_N10_seed1260,3,32,1260,confirmation,10,1.0,0.0,1.0,1.0,0.0,1.0,1.0,0.0,1.0,1.0
Gemma4-E4B,response_reference_pre_reference_d1,record_template,Gemma4-E4B/native_thinking/v5/V4_4_T10000_N10_seed1260,4,1,1260,confirmation,10,1.0,1.0,1.0,0.0,0.0,0.0,0.0,1.0,1.0,0.0
Gemma4-E4B,response_reference_pre_reference_d1,record_template,Gemma4-E4B/native_thinking/v5/V4_4_T10000_N10_seed1260,4,2,1260,confirmation,10,1.0,1.0,1.0,0.0,0.0,0.0,0.0,1.0,1.0,0.0
Gemma4-E4B,response_reference_pre_reference_d1,record_template,Gemma4-E4B/native_thinking/v5/V4_4_T10000_N10_seed1260,4,4,1260,confirmation,10,1.0,1.0,1.0,0.0,0.0,0.0,0.0,1.0,1.0,0.0
Gemma4-E4B,response_reference_pre_reference_d1,record_template,Gemma4-E4B/native_thinking/v5/V4_4_T10000_N10_seed1260,4,8,1260,confirmation,10,1.0,0.0,1.0,1.0,0.0,1.0,1.0,0.0,1.0,1.0
Gemma4-E4B,response_reference_pre_reference_d1,record_template,Gemma4-E4B/native_thinking/v5/V4_4_T10000_N10_seed1260,4,16,1260,confirmation,10,1.0,0.0,1.0,1.0,0.0,1.0,1.0,0.0,1.0,1.0
Gemma4-E4B,response_reference_pre_reference_d1,record_template,Gemma4-E4B/native_thinking/v5/V4_4_T10000_N10_seed1260,4,32,1260,confirmation,10,1.0,0.0,1.0,1.0,0.0,1.0,1.0,0.0,1.0,1.0
Gemma4-E4B,response_reference_pre_reference_d1,record_template,Gemma4-E4B/native_thinking/v5/V4_4_T10000_N10_seed1260,5,1,1260,confirmation,10,1.0,1.0,1.0,0.0,0.0,0.0,0.0,1.0,1.0,0.0
Gemma4-E4B,response_reference_pre_reference_d1,record_template,Gemma4-E4B/native_thinking/v5/V4_4_T10000_N10_seed1260,5,2,1260,confirmation,10,1.0,1.0,1.0,0.0,0.0,0.0,0.0,1.0,1.0,0.0
Gemma4-E4B,response_reference_pre_reference_d1,record_template,Gemma4-E4B/native_thinking/v5/V4_4_T10000_N10_seed1260,5,4,1260,confirmation,10,1.0,1.0,1.0,0.0,0.0,0.0,0.0,1.0,1.0,0.0
Gemma4-E4B,response_reference_pre_reference_d1,record_template,Gemma4-E4B/native_thinking/v5/V4_4_T10000_N10_seed1260,5,8,1260,confirmation,10,1.0,1.0,1.0,0.0,0.0,0.0,0.0,1.0,1.0,0.0
Gemma4-E4B,response_reference_pre_reference_d1,record_template,Gemma4-E4B/native_thinking/v5/V4_4_T10000_N10_seed1260,5,16,1260,confirmation,10,1.0,1.0,1.0,0.0,0.0,0.0,0.0,1.0,1.0,0.0
Gemma4-E4B,response_reference_pre_reference_d1,record_template,Gemma4-E4B/native_thinking/v5/V4_4_T10000_N10_seed1260,5,32,1260,confirmation,10,1.0,0.0,1.0,1.0,0.0,1.0,1.0,0.0,1.0,1.0
Gemma4-E4B,response_reference_pre_reference_d1,record_template,Gemma4-E4B/native_thinking/v5/V4_4_T10000_N10_seed1260,6,1,1260,confirmation,10,1.0,1.0,1.0,0.0,0.0,0.0,0.0,1.0,1.0,0.0
Gemma4-E4B,response_reference_pre_reference_d1,record_template,Gemma4-E4B/native_thinking/v5/V4_4_T10000_N10_seed1260,6,2,1260,confirmation,10,1.0,1.0,1.0,0.0,0.0,0.0,0.0,1.0,1.0,0.0
Gemma4-E4B,response_reference_pre_reference_d1,record_template,Gemma4-E4B/native_thinking/v5/V4_4_T10000_N10_seed1260,6,4,1260,confirmation,10,1.0,1.0,1.0,0.0,0.0,0.0,0.0,1.0,1.0,0.0
Gemma4-E4B,response_reference_pre_reference_d1,record_template,Gemma4-E4B/native_thinking/v5/V4_4_T10000_N10_seed1260,6,8,1260,confirmation,10,1.0,1.0,1.0,0.0,0.0,0.0,0.0,1.0,1.0,0.0
Gemma4-E4B,response_reference_pre_reference_d1,record_template,Gemma4-E4B/native_thinking/v5/V4_4_T10000_N10_seed1260,6,16,1260,confirmation,10,1.0,1.0,1.0,0.0,0.0,0.0,0.0,1.0,1.0,0.0
Gemma4-E4B,response_reference_pre_reference_d1,record_template,Gemma4-E4B/native_thinking/v5/V4_4_T10000_N10_seed1260,6,32,1260,confirmation,10,1.0,0.0,1.0,1.0,0.0,1.0,1.0,0.0,1.0,1.0
Gemma4-E4B,response_reference_pre_reference_d1,record_template,Gemma4-E4B/native_thinking/v5/V4_4_T10000_N10_seed1260,7,1,1260,confirmation,10,1.0,1.0,1.0,0.0,0.0,0.0,0.0,1.0,1.0,0.0
Gemma4-E4B,response_reference_pre_reference_d1,record_template,Gemma4-E4B/native_thinking/v5/V4_4_T10000_N10_seed1260,7,2,1260,confirmation,10,1.0,1.0,1.0,0.0,0.0,0.0,0.0,1.0,1.0,0.0
Gemma4-E4B,response_reference_pre_reference_d1,record_template,Gemma4-E4B/native_thinking/v5/V4_4_T10000_N10_seed1260,7,4,1260,confirmation,10,1.0,1.0,1.0,0.0,0.0,0.0,0.0,1.0,1.0,0.0
Gemma4-E4B,response_reference_pre_reference_d1,record_template,Gemma4-E4B/native_thinking/v5/V4_4_T10000_N10_seed1260,7,8,1260,confirmation,10,1.0,0.0,0.6666666666666666,1.0,0.3333333333333333,0.6666666666666667,0.6666666666666667,0.0,0.9500000000000001,0.9500000000000001
Gemma4-E4B,response_reference_pre_reference_d1,record_template,Gemma4-E4B/native_thinking/v5/V4_4_T10000_N10_seed1260,7,16,1260,confirmation,10,1.0,0.0,0.6666666666666666,1.0,0.3333333333333333,0.6666666666666667,0.6666666666666667,0.0,0.9500000000000001,0.9500000000000001
Gemma4-E4B,response_reference_pre_reference_d1,record_template,Gemma4-E4B/native_thinking/v5/V4_4_T10000_N10_seed1260,7,32,1260,confirmation,10,1.0,0.0,1.0,1.0,0.0,1.0,1.0,0.0,1.0,1.0
Gemma4-E4B,response_reference_pre_reference_d1,record_template,Gemma4-E4B/native_thinking/v5/V4_4_T10000_N10_seed1260,8,1,1260,confirmation,10,1.0,1.0,1.0,0.0,0.0,0.0,0.0,1.0,1.0,0.0
Gemma4-E4B,response_reference_pre_reference_d1,record_template,Gemma4-E4B/native_thinking/v5/V4_4_T10000_N10_seed1260,8,2,1260,confirmation,10,1.0,1.0,1.0,0.0,0.0,0.0,0.0,1.0,1.0,0.0
Gemma4-E4B,response_reference_pre_reference_d1,record_template,Gemma4-E4B/native_thinking/v5/V4_4_T10000_N10_seed1260,8,4,1260,confirmation,10,1.0,1.0,1.0,0.0,0.0,0.0,0.0,1.0,1.0,0.0
Gemma4-E4B,response_reference_pre_reference_d1,record_template,Gemma4-E4B/native_thinking/v5/V4_4_T10000_N10_seed1260,8,8,1260,confirmation,10,1.0,0.0,1.0,1.0,0.0,1.0,1.0,0.0,1.0,1.0
Gemma4-E4B,response_reference_pre_reference_d1,record_template,Gemma4-E4B/native_thinking/v5/V4_4_T10000_N10_seed1260,8,16,1260,confirmation,10,1.0,0.0,1.0,1.0,0.0,1.0,1.0,0.0,1.0,1.0
Gemma4-E4B,response_reference_pre_reference_d1,record_template,Gemma4-E4B/native_thinking/v5/V4_4_T10000_N10_seed1260,8,32,1260,confirmation,10,1.0,0.0,1.0,1.0,0.0,1.0,1.0,0.0,1.0,1.0
Gemma4-E4B,response_reference_pre_reference_d1,record_template,Gemma4-E4B/native_thinking/v5/V4_4_T10000_N10_seed1260,9,1,1260,confirmation,10,1.0,1.0,1.0,0.0,0.0,0.0,0.0,1.0,1.0,0.0
Gemma4-E4B,response_reference_pre_reference_d1,record_template,Gemma4-E4B/native_thinking/v5/V4_4_T10000_N10_seed1260,9,2,1260,confirmation,10,1.0,0.0,1.0,1.0,0.0,1.0,1.0,0.0,1.0,1.0
Gemma4-E4B,response_reference_pre_reference_d1,record_template,Gemma4-E4B/native_thinking/v5/V4_4_T10000_N10_seed1260,9,4,1260,confirmation,10,1.0,0.0,1.0,1.0,0.0,1.0,1.0,0.0,1.0,1.0
Gemma4-E4B,response_reference_pre_reference_d1,record_template,Gemma4-E4B/native_thinking/v5/V4_4_T10000_N10_seed1260,9,8,1260,confirmation,10,1.0,0.0,1.0,1.0,0.0,1.0,1.0,0.0,1.0,1.0
Gemma4-E4B,response_reference_pre_reference_d1,record_template,Gemma4-E4B/native_thinking/v5/V4_4_T10000_N10_seed1260,9,16,1260,confirmation,10,1.0,0.0,1.0,1.0,0.0,1.0,1.0,0.0,1.0,1.0
Gemma4-E4B,response_reference_pre_reference_d1,record_template,Gemma4-E4B/native_thinking/v5/V4_4_T10000_N10_seed1260,9,32,1260,confirmation,10,1.0,0.0,1.0,1.0,0.0,1.0,1.0,0.0,1.0,1.0
Gemma4-E4B,response_reference_pre_reference_d1,record_template,Gemma4-E4B/native_thinking/v5/V4_4_T10000_N10_seed1260,10,1,1260,confirmation,10,1.0,1.0,1.0,0.0,0.0,0.0,0.0,1.0,1.0,0.0
Gemma4-E4B,response_reference_pre_reference_d1,record_template,Gemma4-E4B/native_thinking/v5/V4_4_T10000_N10_seed1260,10,2,1260,confirmation,10,1.0,0.0,1.0,1.0,0.0,1.0,1.0,0.0,1.0,1.0
Gemma4-E4B,response_reference_pre_reference_d1,record_template,Gemma4-E4B/native_thinking/v5/V4_4_T10000_N10_seed1260,10,4,1260,confirmation,10,1.0,0.0,1.0,1.0,0.0,1.0,1.0,0.0,1.0,1.0
Gemma4-E4B,response_reference_pre_reference_d1,record_template,Gemma4-E4B/native_thinking/v5/V4_4_T10000_N10_seed1260,10,8,1260,confirmation,10,1.0,0.0,1.0,1.0,0.0,1.0,1.0,0.05263157894736842,1.0,0.9473684210526316
Gemma4-E4B,response_reference_pre_reference_d1,record_template,Gemma4-E4B/native_thinking/v5/V4_4_T10000_N10_seed1260,10,16,1260,confirmation,10,1.0,0.0,1.0,1.0,0.0,1.0,1.0,0.05263157894736842,1.0,0.9473684210526316
Gemma4-E4B,response_reference_pre_reference_d1,record_template,Gemma4-E4B/native_thinking/v5/V4_4_T10000_N10_seed1260,10,32,1260,confirmation,10,1.0,0.0,1.0,1.0,0.0,1.0,1.0,0.05263157894736842,1.0,0.9473684210526316
Gemma4-E4B,response_reference_pre_reference_d1,record_template,Gemma4-E4B/native_thinking/v5/V4_4_T10000_N10_seed1261,1,1,1261,confirmation,10,1.0,1.0,1.0,0.0,0.0,0.0,0.0,1.0,1.0,0.0
Gemma4-E4B,response_reference_pre_reference_d1,record_template,Gemma4-E4B/native_thinking/v5/V4_4_T10000_N10_seed1261,1,2,1261,confirmation,10,1.0,1.0,1.0,0.0,0.0,0.0,0.0,1.0,1.0,0.0
Gemma4-E4B,response_reference_pre_reference_d1,record_template,Gemma4-E4B/native_thinking/v5/V4_4_T10000_N10_seed1261,1,4,1261,confirmation,10,1.0,1.0,1.0,0.0,0.0,0.0,0.0,1.0,1.0,0.0
Gemma4-E4B,response_reference_pre_reference_d1,record_template,Gemma4-E4B/native_thinking/v5/V4_4_T10000_N10_seed1261,1,8,1261,confirmation,10,1.0,1.0,1.0,0.0,0.0,0.0,0.0,1.0,1.0,0.0
Gemma4-E4B,response_reference_pre_reference_d1,record_template,Gemma4-E4B/native_thinking/v5/V4_4_T10000_N10_seed1261,1,16,1261,confirmation,10,1.0,0.0,1.0,1.0,0.0,1.0,1.0,0.038461538461538464,1.0,0.9615384615384616
Gemma4-E4B,response_reference_pre_reference_d1,record_template,Gemma4-E4B/native_thinking/v5/V4_4_T10000_N10_seed1261,1,32,1261,confirmation,10,1.0,0.0,1.0,1.0,0.0,1.0,1.0,0.038461538461538464,1.0,0.9615384615384616
Gemma4-E4B,response_reference_pre_reference_d1,record_template,Gemma4-E4B/native_thinking/v5/V4_4_T10000_N10_seed1261,2,1,1261,confirmation,10,1.0,1.0,1.0,0.0,0.0,0.0,0.0,1.0,1.0,0.0
Gemma4-E4B,response_reference_pre_reference_d1,record_template,Gemma4-E4B/native_thinking/v5/V4_4_T10000_N10_seed1261,2,2,1261,confirmation,10,1.0,1.0,1.0,0.0,0.0,0.0,0.0,1.0,1.0,0.0
Gemma4-E4B,response_reference_pre_reference_d1,record_template,Gemma4-E4B/native_thinking/v5/V4_4_T10000_N10_seed1261,2,4,1261,confirmation,10,1.0,1.0,1.0,0.0,0.0,0.0,0.0,1.0,1.0,0.0
Gemma4-E4B,response_reference_pre_reference_d1,record_template,Gemma4-E4B/native_thinking/v5/V4_4_T10000_N10_seed1261,2,8,1261,confirmation,10,1.0,1.0,1.0,0.0,0.0,0.0,0.0,1.0,1.0,0.0
Gemma4-E4B,response_reference_pre_reference_d1,record_template,Gemma4-E4B/native_thinking/v5/V4_4_T10000_N10_seed1261,2,16,1261,confirmation,10,1.0,1.0,1.0,0.0,0.0,0.0,0.0,1.0,1.0,0.0
Gemma4-E4B,response_reference_pre_reference_d1,record_template,Gemma4-E4B/native_thinking/v5/V4_4_T10000_N10_seed1261,2,32,1261,confirmation,10,1.0,0.0,1.0,1.0,0.0,1.0,1.0,0.0,1.0,1.0
Gemma4-E4B,response_reference_pre_reference_d1,record_template,Gemma4-E4B/native_thinking/v5/V4_4_T10000_N10_seed1261,3,1,1261,confirmation,10,1.0,1.0,1.0,0.0,0.0,0.0,0.0,1.0,1.0,0.0
Gemma4-E4B,response_reference_pre_reference_d1,record_template,Gemma4-E4B/native_thinking/v5/V4_4_T10000_N10_seed1261,3,2,1261,confirmation,10,1.0,1.0,1.0,0.0,0.0,0.0,0.0,1.0,1.0,0.0
Gemma4-E4B,response_reference_pre_reference_d1,record_template,Gemma4-E4B/native_thinking/v5/V4_4_T10000_N10_seed1261,3,4,1261,confirmation,10,1.0,1.0,1.0,0.0,0.0,0.0,0.0,1.0,1.0,0.0
Gemma4-E4B,response_reference_pre_reference_d1,record_template,Gemma4-E4B/native_thinking/v5/V4_4_T10000_N10_seed1261,3,8,1261,confirmation,10,1.0,1.0,1.0,0.0,0.0,0.0,0.0,1.0,1.0,0.0
Gemma4-E4B,response_reference_pre_reference_d1,record_template,Gemma4-E4B/native_thinking/v5/V4_4_T10000_N10_seed1261,3,16,1261,confirmation,10,1.0,1.0,1.0,0.0,0.0,0.0,0.0,1.0,1.0,0.0
Gemma4-E4B,response_reference_pre_reference_d1,record_template,Gemma4-E4B/native_thinking/v5/V4_4_T10000_N10_seed1261,3,32,1261,confirmation,10,1.0,0.0,1.0,1.0,0.0,1.0,1.0,0.0,1.0,1.0
Gemma4-E4B,response_reference_pre_reference_d1,record_template,Gemma4-E4B/native_thinking/v5/V4_4_T10000_N10_seed1261,4,1,1261,confirmation,10,1.0,1.0,1.0,0.0,0.0,0.0,0.0,1.0,1.0,0.0
Gemma4-E4B,response_reference_pre_reference_d1,record_template,Gemma4-E4B/native_thinking/v5/V4_4_T10000_N10_seed1261,4,2,1261,confirmation,10,1.0,1.0,1.0,0.0,0.0,0.0,0.0,1.0,1.0,0.0
Gemma4-E4B,response_reference_pre_reference_d1,record_template,Gemma4-E4B/native_thinking/v5/V4_4_T10000_N10_seed1261,4,4,1261,confirmation,10,1.0,1.0,1.0,0.0,0.0,0.0,0.0,1.0,1.0,0.0
Gemma4-E4B,response_reference_pre_reference_d1,record_template,Gemma4-E4B/native_thinking/v5/V4_4_T10000_N10_seed1261,4,8,1261,confirmation,10,1.0,1.0,1.0,0.0,0.0,0.0,0.0,1.0,1.0,0.0
Gemma4-E4B,response_reference_pre_reference_d1,record_template,Gemma4-E4B/native_thinking/v5/V4_4_T10000_N10_seed1261,4,16,1261,confirmation,10,1.0,1.0,1.0,0.0,0.0,0.0,0.0,1.0,1.0,0.0
Gemma4-E4B,response_reference_pre_reference_d1,record_template,Gemma4-E4B/native_thinking/v5/V4_4_T10000_N10_seed1261,4,32,1261,confirmation,10,1.0,0.0,1.0,1.0,0.0,1.0,1.0,0.0,1.0,1.0
Gemma4-E4B,response_reference_pre_reference_d1,record_template,Gemma4-E4B/native_thinking/v5/V4_4_T10000_N10_seed1261,5,1,1261,confirmation,10,1.0,1.0,1.0,0.0,0.0,0.0,0.0,1.0,1.0,0.0
Gemma4-E4B,response_reference_pre_reference_d1,record_template,Gemma4-E4B/native_thinking/v5/V4_4_T10000_N10_seed1261,5,2,1261,confirmation,10,1.0,1.0,1.0,0.0,0.0,0.0,0.0,1.0,1.0,0.0
Gemma4-E4B,response_reference_pre_reference_d1,record_template,Gemma4-E4B/native_thinking/v5/V4_4_T10000_N10_seed1261,5,4,1261,confirmation,10,1.0,1.0,1.0,0.0,0.0,0.0,0.0,1.0,1.0,0.0
Gemma4-E4B,response_reference_pre_reference_d1,record_template,Gemma4-E4B/native_thinking/v5/V4_4_T10000_N10_seed1261,5,8,1261,confirmation,10,1.0,1.0,1.0,0.0,0.0,0.0,0.0,1.0,1.0,0.0
Gemma4-E4B,response_reference_pre_reference_d1,record_template,Gemma4-E4B/native_thinking/v5/V4_4_T10000_N10_seed1261,5,16,1261,confirmation,10,1.0,1.0,1.0,0.0,0.0,0.0,0.0,1.0,1.0,0.0
Gemma4-E4B,response_reference_pre_reference_d1,record_template,Gemma4-E4B/native_thinking/v5/V4_4_T10000_N10_seed1261,5,32,1261,confirmation,10,1.0,0.0,1.0,1.0,0.0,1.0,1.0,0.0,1.0,1.0
Gemma4-E4B,response_reference_pre_reference_d1,record_template,Gemma4-E4B/native_thinking/v5/V4_4_T10000_N10_seed1261,6,1,1261,confirmation,10,1.0,1.0,1.0,0.0,0.0,0.0,0.0,1.0,1.0,0.0
Gemma4-E4B,response_reference_pre_reference_d1,record_template,Gemma4-E4B/native_thinking/v5/V4_4_T10000_N10_seed1261,6,2,1261,confirmation,10,1.0,1.0,1.0,0.0,0.0,0.0,0.0,1.0,1.0,0.0
Gemma4-E4B,response_reference_pre_reference_d1,record_template,Gemma4-E4B/native_thinking/v5/V4_4_T10000_N10_seed1261,6,4,1261,confirmation,10,1.0,1.0,1.0,0.0,0.0,0.0,0.0,1.0,1.0,0.0
Gemma4-E4B,response_reference_pre_reference_d1,record_template,Gemma4-E4B/native_thinking/v5/V4_4_T10000_N10_seed1261,6,8,1261,confirmation,10,1.0,1.0,1.0,0.0,0.0,0.0,0.0,1.0,1.0,0.0
Gemma4-E4B,response_reference_pre_reference_d1,record_template,Gemma4-E4B/native_thinking/v5/V4_4_T10000_N10_seed1261,6,16,1261,confirmation,10,1.0,1.0,1.0,0.0,0.0,0.0,0.0,1.0,1.0,0.0
Gemma4-E4B,response_reference_pre_reference_d1,record_template,Gemma4-E4B/native_thinking/v5/V4_4_T10000_N10_seed1261,6,32,1261,confirmation,10,1.0,0.0,1.0,1.0,0.0,1.0,1.0,0.0,1.0,1.0
Gemma4-E4B,response_reference_pre_reference_d1,record_template,Gemma4-E4B/native_thinking/v5/V4_4_T10000_N10_seed1261,7,1,1261,confirmation,10,1.0,1.0,1.0,0.0,0.0,0.0,0.0,1.0,1.0,0.0
Gemma4-E4B,response_reference_pre_reference_d1,record_template,Gemma4-E4B/native_thinking/v5/V4_4_T10000_N10_seed1261,7,2,1261,confirmation,10,1.0,1.0,1.0,0.0,0.0,0.0,0.0,1.0,1.0,0.0
Gemma4-E4B,response_reference_pre_reference_d1,record_template,Gemma4-E4B/native_thinking/v5/V4_4_T10000_N10_seed1261,7,4,1261,confirmation,10,1.0,1.0,1.0,0.0,0.0,0.0,0.0,1.0,1.0,0.0
Gemma4-E4B,response_reference_pre_reference_d1,record_template,Gemma4-E4B/native_thinking/v5/V4_4_T10000_N10_seed1261,7,8,1261,confirmation,10,1.0,1.0,1.0,0.0,0.0,0.0,0.0,1.0,1.0,0.0
Gemma4-E4B,response_reference_pre_reference_d1,record_template,Gemma4-E4B/native_thinking/v5/V4_4_T10000_N10_seed1261,7,16,1261,confirmation,10,1.0,1.0,1.0,0.0,0.0,0.0,0.0,1.0,1.0,0.0
Gemma4-E4B,response_reference_pre_reference_d1,record_template,Gemma4-E4B/native_thinking/v5/V4_4_T10000_N10_seed1261,7,32,1261,confirmation,10,1.0,0.0,1.0,1.0,0.0,1.0,1.0,0.0,1.0,1.0
Gemma4-E4B,response_reference_pre_reference_d1,record_template,Gemma4-E4B/native_thinking/v5/V4_4_T10000_N10_seed1261,8,1,1261,confirmation,10,1.0,1.0,1.0,0.0,0.0,0.0,0.0,1.0,1.0,0.0
Gemma4-E4B,response_reference_pre_reference_d1,record_template,Gemma4-E4B/native_thinking/v5/V4_4_T10000_N10_seed1261,8,2,1261,confirmation,10,1.0,1.0,1.0,0.0,0.0,0.0,0.0,1.0,1.0,0.0
Gemma4-E4B,response_reference_pre_reference_d1,record_template,Gemma4-E4B/native_thinking/v5/V4_4_T10000_N10_seed1261,8,4,1261,confirmation,10,1.0,1.0,1.0,0.0,0.0,0.0,0.0,1.0,1.0,0.0
Gemma4-E4B,response_reference_pre_reference_d1,record_template,Gemma4-E4B/native_thinking/v5/V4_4_T10000_N10_seed1261,8,8,1261,confirmation,10,1.0,0.0,1.0,1.0,0.0,1.0,1.0,0.0,1.0,1.0
Gemma4-E4B,response_reference_pre_reference_d1,record_template,Gemma4-E4B/native_thinking/v5/V4_4_T10000_N10_seed1261,8,16,1261,confirmation,10,1.0,1.0,1.0,0.0,0.0,0.0,0.0,1.0,1.0,0.0
Gemma4-E4B,response_reference_pre_reference_d1,record_template,Gemma4-E4B/native_thinking/v5/V4_4_T10000_N10_seed1261,8,32,1261,confirmation,10,1.0,0.0,1.0,1.0,0.0,1.0,1.0,0.0,1.0,1.0
Gemma4-E4B,response_reference_pre_reference_d1,record_template,Gemma4-E4B/native_thinking/v5/V4_4_T10000_N10_seed1261,9,1,1261,confirmation,10,1.0,1.0,1.0,0.0,0.0,0.0,0.0,1.0,1.0,0.0
Gemma4-E4B,response_reference_pre_reference_d1,record_template,Gemma4-E4B/native_thinking/v5/V4_4_T10000_N10_seed1261,9,2,1261,confirmation,10,1.0,1.0,1.0,0.0,0.0,0.0,0.0,1.0,1.0,0.0
Gemma4-E4B,response_reference_pre_reference_d1,record_template,Gemma4-E4B/native_thinking/v5/V4_4_T10000_N10_seed1261,9,4,1261,confirmation,10,1.0,0.0,1.0,1.0,0.0,1.0,1.0,0.0,1.0,1.0
Gemma4-E4B,response_reference_pre_reference_d1,record_template,Gemma4-E4B/native_thinking/v5/V4_4_T10000_N10_seed1261,9,8,1261,confirmation,10,1.0,0.0,1.0,1.0,0.0,1.0,1.0,0.0,1.0,1.0
Gemma4-E4B,response_reference_pre_reference_d1,record_template,Gemma4-E4B/native_thinking/v5/V4_4_T10000_N10_seed1261,9,16,1261,confirmation,10,1.0,1.0,1.0,0.0,0.0,0.0,0.0,1.0,1.0,0.0
Gemma4-E4B,response_reference_pre_reference_d1,record_template,Gemma4-E4B/native_thinking/v5/V4_4_T10000_N10_seed1261,9,32,1261,confirmation,10,1.0,0.0,1.0,1.0,0.0,1.0,1.0,0.0,1.0,1.0
Gemma4-E4B,response_reference_pre_reference_d1,record_template,Gemma4-E4B/native_thinking/v5/V4_4_T10000_N10_seed1261,10,1,1261,confirmation,10,1.0,1.0,1.0,0.0,0.0,0.0,0.0,1.0,1.0,0.0
Gemma4-E4B,response_reference_pre_reference_d1,record_template,Gemma4-E4B/native_thinking/v5/V4_4_T10000_N10_seed1261,10,2,1261,confirmation,10,1.0,1.0,1.0,0.0,0.0,0.0,0.0,1.0,1.0,0.0
Gemma4-E4B,response_reference_pre_reference_d1,record_template,Gemma4-E4B/native_thinking/v5/V4_4_T10000_N10_seed1261,10,4,1261,confirmation,10,1.0,0.0,1.0,1.0,0.0,1.0,1.0,0.07407407407407407,1.0,0.9259259259259259
Gemma4-E4B,response_reference_pre_reference_d1,record_template,Gemma4-E4B/native_thinking/v5/V4_4_T10000_N10_seed1261,10,8,1261,confirmation,10,1.0,0.0,1.0,1.0,0.0,1.0,1.0,0.07407407407407407,1.0,0.9259259259259259
Gemma4-E4B,response_reference_pre_reference_d1,record_template,Gemma4-E4B/native_thinking/v5/V4_4_T10000_N10_seed1261,10,16,1261,confirmation,10,1.0,1.0,1.0,0.0,0.0,0.0,0.0,1.0,1.0,0.0
Gemma4-E4B,response_reference_pre_reference_d1,record_template,Gemma4-E4B/native_thinking/v5/V4_4_T10000_N10_seed1261,10,32,1261,confirmation,10,1.0,0.0,1.0,1.0,0.0,1.0,1.0,0.1111111111111111,1.0,0.8888888888888888
Gemma4-E4B,response_reference_pre_reference_d1,record_template,Gemma4-E4B/native_thinking/v5/V4_4_T10000_N10_seed1271,1,1,1271,confirmation,10,1.0,1.0,1.0,0.0,0.0,0.0,0.0,1.0,1.0,0.0
Gemma4-E4B,response_reference_pre_reference_d1,record_template,Gemma4-E4B/native_thinking/v5/V4_4_T10000_N10_seed1271,1,2,1271,confirmation,10,1.0,1.0,1.0,0.0,0.0,0.0,0.0,1.0,1.0,0.0
Gemma4-E4B,response_reference_pre_reference_d1,record_template,Gemma4-E4B/native_thinking/v5/V4_4_T10000_N10_seed1271,1,4,1271,confirmation,10,1.0,1.0,1.0,0.0,0.0,0.0,0.0,1.0,1.0,0.0
Gemma4-E4B,response_reference_pre_reference_d1,record_template,Gemma4-E4B/native_thinking/v5/V4_4_T10000_N10_seed1271,1,8,1271,confirmation,10,1.0,1.0,1.0,0.0,0.0,0.0,0.0,1.0,1.0,0.0
Gemma4-E4B,response_reference_pre_reference_d1,record_template,Gemma4-E4B/native_thinking/v5/V4_4_T10000_N10_seed1271,1,16,1271,confirmation,10,1.0,0.0,1.0,1.0,0.0,1.0,1.0,0.9615384615384616,1.0,0.038461538461538436
Gemma4-E4B,response_reference_pre_reference_d1,record_template,Gemma4-E4B/native_thinking/v5/V4_4_T10000_N10_seed1271,1,32,1271,confirmation,10,1.0,0.0,1.0,1.0,0.0,1.0,1.0,0.0,1.0,1.0
Gemma4-E4B,response_reference_pre_reference_d1,record_template,Gemma4-E4B/native_thinking/v5/V4_4_T10000_N10_seed1271,2,1,1271,confirmation,10,1.0,1.0,1.0,0.0,0.0,0.0,0.0,1.0,1.0,0.0
Gemma4-E4B,response_reference_pre_reference_d1,record_template,Gemma4-E4B/native_thinking/v5/V4_4_T10000_N10_seed1271,2,2,1271,confirmation,10,1.0,1.0,1.0,0.0,0.0,0.0,0.0,1.0,1.0,0.0
Gemma4-E4B,response_reference_pre_reference_d1,record_template,Gemma4-E4B/native_thinking/v5/V4_4_T10000_N10_seed1271,2,4,1271,confirmation,10,1.0,1.0,1.0,0.0,0.0,0.0,0.0,1.0,1.0,0.0
Gemma4-E4B,response_reference_pre_reference_d1,record_template,Gemma4-E4B/native_thinking/v5/V4_4_T10000_N10_seed1271,2,8,1271,confirmation,10,1.0,0.0,1.0,1.0,0.0,1.0,1.0,0.0,1.0,1.0
Gemma4-E4B,response_reference_pre_reference_d1,record_template,Gemma4-E4B/native_thinking/v5/V4_4_T10000_N10_seed1271,2,16,1271,confirmation,10,1.0,0.0,1.0,1.0,0.0,1.0,1.0,0.9615384615384616,1.0,0.038461538461538436
Gemma4-E4B,response_reference_pre_reference_d1,record_template,Gemma4-E4B/native_thinking/v5/V4_4_T10000_N10_seed1271,2,32,1271,confirmation,10,1.0,0.0,1.0,1.0,0.0,1.0,1.0,0.0,1.0,1.0
Gemma4-E4B,response_reference_pre_reference_d1,record_template,Gemma4-E4B/native_thinking/v5/V4_4_T10000_N10_seed1271,3,1,1271,confirmation,10,1.0,1.0,1.0,0.0,0.0,0.0,0.0,1.0,1.0,0.0
Gemma4-E4B,response_reference_pre_reference_d1,record_template,Gemma4-E4B/native_thinking/v5/V4_4_T10000_N10_seed1271,3,2,1271,confirmation,10,1.0,1.0,1.0,0.0,0.0,0.0,0.0,1.0,1.0,0.0
Gemma4-E4B,response_reference_pre_reference_d1,record_template,Gemma4-E4B/native_thinking/v5/V4_4_T10000_N10_seed1271,3,4,1271,confirmation,10,1.0,1.0,1.0,0.0,0.0,0.0,0.0,1.0,1.0,0.0
Gemma4-E4B,response_reference_pre_reference_d1,record_template,Gemma4-E4B/native_thinking/v5/V4_4_T10000_N10_seed1271,3,8,1271,confirmation,10,1.0,0.0,1.0,1.0,0.0,1.0,1.0,0.0,1.0,1.0
Gemma4-E4B,response_reference_pre_reference_d1,record_template,Gemma4-E4B/native_thinking/v5/V4_4_T10000_N10_seed1271,3,16,1271,confirmation,10,1.0,1.0,1.0,0.0,0.0,0.0,0.0,1.0,1.0,0.0
Gemma4-E4B,response_reference_pre_reference_d1,record_template,Gemma4-E4B/native_thinking/v5/V4_4_T10000_N10_seed1271,3,32,1271,confirmation,10,1.0,0.0,1.0,1.0,0.0,1.0,1.0,0.0,1.0,1.0
Gemma4-E4B,response_reference_pre_reference_d1,record_template,Gemma4-E4B/native_thinking/v5/V4_4_T10000_N10_seed1271,4,1,1271,confirmation,10,1.0,1.0,1.0,0.0,0.0,0.0,0.0,1.0,1.0,0.0
Gemma4-E4B,response_reference_pre_reference_d1,record_template,Gemma4-E4B/native_thinking/v5/V4_4_T10000_N10_seed1271,4,2,1271,confirmation,10,1.0,1.0,1.0,0.0,0.0,0.0,0.0,1.0,1.0,0.0
Gemma4-E4B,response_reference_pre_reference_d1,record_template,Gemma4-E4B/native_thinking/v5/V4_4_T10000_N10_seed1271,4,4,1271,confirmation,10,1.0,1.0,1.0,0.0,0.0,0.0,0.0,1.0,1.0,0.0
Gemma4-E4B,response_reference_pre_reference_d1,record_template,Gemma4-E4B/native_thinking/v5/V4_4_T10000_N10_seed1271,4,8,1271,confirmation,10,1.0,1.0,1.0,0.0,0.0,0.0,0.0,1.0,1.0,0.0
Gemma4-E4B,response_reference_pre_reference_d1,record_template,Gemma4-E4B/native_thinking/v5/V4_4_T10000_N10_seed1271,4,16,1271,confirmation,10,1.0,1.0,1.0,0.0,0.0,0.0,0.0,1.0,1.0,0.0
Gemma4-E4B,response_reference_pre_reference_d1,record_template,Gemma4-E4B/native_thinking/v5/V4_4_T10000_N10_seed1271,4,32,1271,confirmation,10,1.0,0.0,1.0,1.0,0.0,1.0,1.0,0.9615384615384616,1.0,0.038461538461538436
Gemma4-E4B,response_reference_pre_reference_d1,record_template,Gemma4-E4B/native_thinking/v5/V4_4_T10000_N10_seed1271,5,1,1271,confirmation,10,1.0,1.0,1.0,0.0,0.0,0.0,0.0,1.0,1.0,0.0
Gemma4-E4B,response_reference_pre_reference_d1,record_template,Gemma4-E4B/native_thinking/v5/V4_4_T10000_N10_seed1271,5,2,1271,confirmation,10,1.0,1.0,1.0,0.0,0.0,0.0,0.0,1.0,1.0,0.0
Gemma4-E4B,response_reference_pre_reference_d1,record_template,Gemma4-E4B/native_thinking/v5/V4_4_T10000_N10_seed1271,5,4,1271,confirmation,10,1.0,1.0,1.0,0.0,0.0,0.0,0.0,1.0,1.0,0.0
Gemma4-E4B,response_reference_pre_reference_d1,record_template,Gemma4-E4B/native_thinking/v5/V4_4_T10000_N10_seed1271,5,8,1271,confirmation,10,1.0,1.0,1.0,0.0,0.0,0.0,0.0,1.0,1.0,0.0
Gemma4-E4B,response_reference_pre_reference_d1,record_template,Gemma4-E4B/native_thinking/v5/V4_4_T10000_N10_seed1271,5,16,1271,confirmation,10,1.0,1.0,1.0,0.0,0.0,0.0,0.0,1.0,1.0,0.0
Gemma4-E4B,response_reference_pre_reference_d1,record_template,Gemma4-E4B/native_thinking/v5/V4_4_T10000_N10_seed1271,5,32,1271,confirmation,10,1.0,0.0,1.0,1.0,0.0,1.0,1.0,0.0,1.0,1.0
Gemma4-E4B,response_reference_pre_reference_d1,record_template,Gemma4-E4B/native_thinking/v5/V4_4_T10000_N10_seed1271,6,1,1271,confirmation,10,1.0,1.0,1.0,0.0,0.0,0.0,0.0,1.0,1.0,0.0
Gemma4-E4B,response_reference_pre_reference_d1,record_template,Gemma4-E4B/native_thinking/v5/V4_4_T10000_N10_seed1271,6,2,1271,confirmation,10,1.0,1.0,1.0,0.0,0.0,0.0,0.0,1.0,1.0,0.0
Gemma4-E4B,response_reference_pre_reference_d1,record_template,Gemma4-E4B/native_thinking/v5/V4_4_T10000_N10_seed1271,6,4,1271,confirmation,10,1.0,1.0,1.0,0.0,0.0,0.0,0.0,1.0,1.0,0.0
Gemma4-E4B,response_reference_pre_reference_d1,record_template,Gemma4-E4B/native_thinking/v5/V4_4_T10000_N10_seed1271,6,8,1271,confirmation,10,1.0,1.0,1.0,0.0,0.0,0.0,0.0,1.0,1.0,0.0
Gemma4-E4B,response_reference_pre_reference_d1,record_template,Gemma4-E4B/native_thinking/v5/V4_4_T10000_N10_seed1271,6,16,1271,confirmation,10,1.0,1.0,1.0,0.0,0.0,0.0,0.0,1.0,1.0,0.0
Gemma4-E4B,response_reference_pre_reference_d1,record_template,Gemma4-E4B/native_thinking/v5/V4_4_T10000_N10_seed1271,6,32,1271,confirmation,10,1.0,0.0,1.0,1.0,0.0,1.0,1.0,0.07692307692307693,1.0,0.9230769230769231
Gemma4-E4B,response_reference_pre_reference_d1,record_template,Gemma4-E4B/native_thinking/v5/V4_4_T10000_N10_seed1271,7,1,1271,confirmation,10,1.0,1.0,1.0,0.0,0.0,0.0,0.0,1.0,1.0,0.0
Gemma4-E4B,response_reference_pre_reference_d1,record_template,Gemma4-E4B/native_thinking/v5/V4_4_T10000_N10_seed1271,7,2,1271,confirmation,10,1.0,1.0,1.0,0.0,0.0,0.0,0.0,1.0,1.0,0.0
Gemma4-E4B,response_reference_pre_reference_d1,record_template,Gemma4-E4B/native_thinking/v5/V4_4_T10000_N10_seed1271,7,4,1271,confirmation,10,1.0,1.0,1.0,0.0,0.0,0.0,0.0,1.0,1.0,0.0
Gemma4-E4B,response_reference_pre_reference_d1,record_template,Gemma4-E4B/native_thinking/v5/V4_4_T10000_N10_seed1271,7,8,1271,confirmation,10,1.0,1.0,1.0,0.0,0.0,0.0,0.0,1.0,1.0,0.0
Gemma4-E4B,response_reference_pre_reference_d1,record_template,Gemma4-E4B/native_thinking/v5/V4_4_T10000_N10_seed1271,7,16,1271,confirmation,10,1.0,1.0,1.0,0.0,0.0,0.0,0.0,1.0,1.0,0.0
Gemma4-E4B,response_reference_pre_reference_d1,record_template,Gemma4-E4B/native_thinking/v5/V4_4_T10000_N10_seed1271,7,32,1271,confirmation,10,1.0,0.0,1.0,1.0,0.0,1.0,1.0,0.037037037037037035,1.0,0.962962962962963
Gemma4-E4B,response_reference_pre_reference_d1,record_template,Gemma4-E4B/native_thinking/v5/V4_4_T10000_N10_seed1271,8,1,1271,confirmation,10,1.0,1.0,1.0,0.0,0.0,0.0,0.0,1.0,1.0,0.0
Gemma4-E4B,response_reference_pre_reference_d1,record_template,Gemma4-E4B/native_thinking/v5/V4_4_T10000_N10_seed1271,8,2,1271,confirmation,10,1.0,1.0,1.0,0.0,0.0,0.0,0.0,1.0,1.0,0.0
Gemma4-E4B,response_reference_pre_reference_d1,record_template,Gemma4-E4B/native_thinking/v5/V4_4_T10000_N10_seed1271,8,4,1271,confirmation,10,1.0,0.0,1.0,1.0,0.0,1.0,1.0,0.0,1.0,1.0
Gemma4-E4B,response_reference_pre_reference_d1,record_template,Gemma4-E4B/native_thinking/v5/V4_4_T10000_N10_seed1271,8,8,1271,confirmation,10,1.0,0.0,1.0,1.0,0.0,1.0,1.0,0.0,1.0,1.0
Gemma4-E4B,response_reference_pre_reference_d1,record_template,Gemma4-E4B/native_thinking/v5/V4_4_T10000_N10_seed1271,8,16,1271,confirmation,10,1.0,1.0,1.0,0.0,0.0,0.0,0.0,1.0,1.0,0.0
Gemma4-E4B,response_reference_pre_reference_d1,record_template,Gemma4-E4B/native_thinking/v5/V4_4_T10000_N10_seed1271,8,32,1271,confirmation,10,1.0,0.0,1.0,1.0,0.0,1.0,1.0,0.9615384615384616,1.0,0.038461538461538436
Gemma4-E4B,response_reference_pre_reference_d1,record_template,Gemma4-E4B/native_thinking/v5/V4_4_T10000_N10_seed1271,9,1,1271,confirmation,10,1.0,1.0,1.0,0.0,0.0,0.0,0.0,1.0,1.0,0.0
Gemma4-E4B,response_reference_pre_reference_d1,record_template,Gemma4-E4B/native_thinking/v5/V4_4_T10000_N10_seed1271,9,2,1271,confirmation,10,1.0,1.0,1.0,0.0,0.0,0.0,0.0,1.0,1.0,0.0
Gemma4-E4B,response_reference_pre_reference_d1,record_template,Gemma4-E4B/native_thinking/v5/V4_4_T10000_N10_seed1271,9,4,1271,confirmation,10,1.0,0.0,1.0,1.0,0.0,1.0,1.0,0.038461538461538464,1.0,0.9615384615384616
Gemma4-E4B,response_reference_pre_reference_d1,record_template,Gemma4-E4B/native_thinking/v5/V4_4_T10000_N10_seed1271,9,8,1271,confirmation,10,1.0,0.0,1.0,1.0,0.0,1.0,1.0,0.0,1.0,1.0
Gemma4-E4B,response_reference_pre_reference_d1,record_template,Gemma4-E4B/native_thinking/v5/V4_4_T10000_N10_seed1271,9,16,1271,confirmation,10,1.0,1.0,1.0,0.0,0.0,0.0,0.0,1.0,1.0,0.0
Gemma4-E4B,response_reference_pre_reference_d1,record_template,Gemma4-E4B/native_thinking/v5/V4_4_T10000_N10_seed1271,9,32,1271,confirmation,10,1.0,0.0,1.0,1.0,0.0,1.0,1.0,0.9615384615384616,1.0,0.038461538461538436
Gemma4-E4B,response_reference_pre_reference_d1,record_template,Gemma4-E4B/native_thinking/v5/V4_4_T10000_N10_seed1271,10,1,1271,confirmation,10,1.0,1.0,1.0,0.0,0.0,0.0,0.0,1.0,1.0,0.0
Gemma4-E4B,response_reference_pre_reference_d1,record_template,Gemma4-E4B/native_thinking/v5/V4_4_T10000_N10_seed1271,10,2,1271,confirmation,10,1.0,1.0,1.0,0.0,0.0,0.0,0.0,1.0,1.0,0.0
Gemma4-E4B,response_reference_pre_reference_d1,record_template,Gemma4-E4B/native_thinking/v5/V4_4_T10000_N10_seed1271,10,4,1271,confirmation,10,1.0,1.0,1.0,0.0,0.0,0.0,0.0,1.0,1.0,0.0
Gemma4-E4B,response_reference_pre_reference_d1,record_template,Gemma4-E4B/native_thinking/v5/V4_4_T10000_N10_seed1271,10,8,1271,confirmation,10,1.0,0.0,1.0,1.0,0.0,1.0,1.0,0.0,1.0,1.0
Gemma4-E4B,response_reference_pre_reference_d1,record_template,Gemma4-E4B/native_thinking/v5/V4_4_T10000_N10_seed1271,10,16,1271,confirmation,10,1.0,1.0,1.0,0.0,0.0,0.0,0.0,1.0,1.0,0.0
Gemma4-E4B,response_reference_pre_reference_d1,record_template,Gemma4-E4B/native_thinking/v5/V4_4_T10000_N10_seed1271,10,32,1271,confirmation,10,1.0,0.0,1.0,1.0,0.0,1.0,1.0,0.0,1.0,1.0
Gemma4-E4B,response_reference_pre_reference_d1,record_template,Gemma4-E4B/native_thinking/v5/V4_4_T10000_N10_seed1274,1,1,1274,confirmation,10,1.0,1.0,1.0,0.0,0.0,0.0,0.0,1.0,1.0,0.0
Gemma4-E4B,response_reference_pre_reference_d1,record_template,Gemma4-E4B/native_thinking/v5/V4_4_T10000_N10_seed1274,1,2,1274,confirmation,10,1.0,1.0,1.0,0.0,0.0,0.0,0.0,1.0,1.0,0.0
Gemma4-E4B,response_reference_pre_reference_d1,record_template,Gemma4-E4B/native_thinking/v5/V4_4_T10000_N10_seed1274,1,4,1274,confirmation,10,1.0,1.0,1.0,0.0,0.0,0.0,0.0,1.0,1.0,0.0
Gemma4-E4B,response_reference_pre_reference_d1,record_template,Gemma4-E4B/native_thinking/v5/V4_4_T10000_N10_seed1274,1,8,1274,confirmation,10,1.0,1.0,1.0,0.0,0.0,0.0,0.0,1.0,1.0,0.0
Gemma4-E4B,response_reference_pre_reference_d1,record_template,Gemma4-E4B/native_thinking/v5/V4_4_T10000_N10_seed1274,1,16,1274,confirmation,10,1.0,0.0,1.0,1.0,0.0,1.0,1.0,0.95,1.0,0.050000000000000044
Gemma4-E4B,response_reference_pre_reference_d1,record_template,Gemma4-E4B/native_thinking/v5/V4_4_T10000_N10_seed1274,1,32,1274,confirmation,10,1.0,0.0,1.0,1.0,0.0,1.0,1.0,0.05,1.0,0.95
Gemma4-E4B,response_reference_pre_reference_d1,record_template,Gemma4-E4B/native_thinking/v5/V4_4_T10000_N10_seed1274,2,1,1274,confirmation,10,1.0,1.0,1.0,0.0,0.0,0.0,0.0,1.0,1.0,0.0
Gemma4-E4B,response_reference_pre_reference_d1,record_template,Gemma4-E4B/native_thinking/v5/V4_4_T10000_N10_seed1274,2,2,1274,confirmation,10,1.0,1.0,1.0,0.0,0.0,0.0,0.0,1.0,1.0,0.0
Gemma4-E4B,response_reference_pre_reference_d1,record_template,Gemma4-E4B/native_thinking/v5/V4_4_T10000_N10_seed1274,2,4,1274,confirmation,10,1.0,1.0,1.0,0.0,0.0,0.0,0.0,1.0,1.0,0.0
Gemma4-E4B,response_reference_pre_reference_d1,record_template,Gemma4-E4B/native_thinking/v5/V4_4_T10000_N10_seed1274,2,8,1274,confirmation,10,1.0,1.0,1.0,0.0,0.0,0.0,0.0,1.0,1.0,0.0
Gemma4-E4B,response_reference_pre_reference_d1,record_template,Gemma4-E4B/native_thinking/v5/V4_4_T10000_N10_seed1274,2,16,1274,confirmation,10,1.0,1.0,1.0,0.0,0.0,0.0,0.0,1.0,1.0,0.0
Gemma4-E4B,response_reference_pre_reference_d1,record_template,Gemma4-E4B/native_thinking/v5/V4_4_T10000_N10_seed1274,2,32,1274,confirmation,10,1.0,0.0,1.0,1.0,0.0,1.0,1.0,0.9523809523809523,1.0,0.04761904761904767
Gemma4-E4B,response_reference_pre_reference_d1,record_template,Gemma4-E4B/native_thinking/v5/V4_4_T10000_N10_seed1274,3,1,1274,confirmation,10,1.0,1.0,1.0,0.0,0.0,0.0,0.0,1.0,1.0,0.0
Gemma4-E4B,response_reference_pre_reference_d1,record_template,Gemma4-E4B/native_thinking/v5/V4_4_T10000_N10_seed1274,3,2,1274,confirmation,10,1.0,1.0,1.0,0.0,0.0,0.0,0.0,1.0,1.0,0.0
Gemma4-E4B,response_reference_pre_reference_d1,record_template,Gemma4-E4B/native_thinking/v5/V4_4_T10000_N10_seed1274,3,4,1274,confirmation,10,1.0,1.0,1.0,0.0,0.0,0.0,0.0,1.0,1.0,0.0
Gemma4-E4B,response_reference_pre_reference_d1,record_template,Gemma4-E4B/native_thinking/v5/V4_4_T10000_N10_seed1274,3,8,1274,confirmation,10,1.0,1.0,1.0,0.0,0.0,0.0,0.0,1.0,1.0,0.0
Gemma4-E4B,response_reference_pre_reference_d1,record_template,Gemma4-E4B/native_thinking/v5/V4_4_T10000_N10_seed1274,3,16,1274,confirmation,10,1.0,1.0,1.0,0.0,0.0,0.0,0.0,1.0,1.0,0.0
Gemma4-E4B,response_reference_pre_reference_d1,record_template,Gemma4-E4B/native_thinking/v5/V4_4_T10000_N10_seed1274,3,32,1274,confirmation,10,1.0,0.0,1.0,1.0,0.0,1.0,1.0,0.0,1.0,1.0
Gemma4-E4B,response_reference_pre_reference_d1,record_template,Gemma4-E4B/native_thinking/v5/V4_4_T10000_N10_seed1274,4,1,1274,confirmation,10,1.0,1.0,1.0,0.0,0.0,0.0,0.0,1.0,1.0,0.0
Gemma4-E4B,response_reference_pre_reference_d1,record_template,Gemma4-E4B/native_thinking/v5/V4_4_T10000_N10_seed1274,4,2,1274,confirmation,10,1.0,1.0,1.0,0.0,0.0,0.0,0.0,1.0,1.0,0.0
Gemma4-E4B,response_reference_pre_reference_d1,record_template,Gemma4-E4B/native_thinking/v5/V4_4_T10000_N10_seed1274,4,4,1274,confirmation,10,1.0,1.0,1.0,0.0,0.0,0.0,0.0,1.0,1.0,0.0
Gemma4-E4B,response_reference_pre_reference_d1,record_template,Gemma4-E4B/native_thinking/v5/V4_4_T10000_N10_seed1274,4,8,1274,confirmation,10,1.0,1.0,1.0,0.0,0.0,0.0,0.0,1.0,1.0,0.0
Gemma4-E4B,response_reference_pre_reference_d1,record_template,Gemma4-E4B/native_thinking/v5/V4_4_T10000_N10_seed1274,4,16,1274,confirmation,10,1.0,1.0,1.0,0.0,0.0,0.0,0.0,1.0,1.0,0.0
Gemma4-E4B,response_reference_pre_reference_d1,record_template,Gemma4-E4B/native_thinking/v5/V4_4_T10000_N10_seed1274,4,32,1274,confirmation,10,1.0,0.0,1.0,1.0,0.0,1.0,1.0,0.0,1.0,1.0
Gemma4-E4B,response_reference_pre_reference_d1,record_template,Gemma4-E4B/native_thinking/v5/V4_4_T10000_N10_seed1274,5,1,1274,confirmation,10,1.0,1.0,1.0,0.0,0.0,0.0,0.0,1.0,1.0,0.0
Gemma4-E4B,response_reference_pre_reference_d1,record_template,Gemma4-E4B/native_thinking/v5/V4_4_T10000_N10_seed1274,5,2,1274,confirmation,10,1.0,1.0,1.0,0.0,0.0,0.0,0.0,1.0,1.0,0.0
Gemma4-E4B,response_reference_pre_reference_d1,record_template,Gemma4-E4B/native_thinking/v5/V4_4_T10000_N10_seed1274,5,4,1274,confirmation,10,1.0,1.0,1.0,0.0,0.0,0.0,0.0,1.0,1.0,0.0
Gemma4-E4B,response_reference_pre_reference_d1,record_template,Gemma4-E4B/native_thinking/v5/V4_4_T10000_N10_seed1274,5,8,1274,confirmation,10,1.0,1.0,1.0,0.0,0.0,0.0,0.0,1.0,1.0,0.0
Gemma4-E4B,response_reference_pre_reference_d1,record_template,Gemma4-E4B/native_thinking/v5/V4_4_T10000_N10_seed1274,5,16,1274,confirmation,10,1.0,1.0,1.0,0.0,0.0,0.0,0.0,1.0,1.0,0.0
Gemma4-E4B,response_reference_pre_reference_d1,record_template,Gemma4-E4B/native_thinking/v5/V4_4_T10000_N10_seed1274,5,32,1274,confirmation,10,1.0,0.0,1.0,1.0,0.0,1.0,1.0,0.9523809523809523,1.0,0.04761904761904767
Gemma4-E4B,response_reference_pre_reference_d1,record_template,Gemma4-E4B/native_thinking/v5/V4_4_T10000_N10_seed1274,6,1,1274,confirmation,10,1.0,1.0,1.0,0.0,0.0,0.0,0.0,1.0,1.0,0.0
Gemma4-E4B,response_reference_pre_reference_d1,record_template,Gemma4-E4B/native_thinking/v5/V4_4_T10000_N10_seed1274,6,2,1274,confirmation,10,1.0,1.0,1.0,0.0,0.0,0.0,0.0,1.0,1.0,0.0
Gemma4-E4B,response_reference_pre_reference_d1,record_template,Gemma4-E4B/native_thinking/v5/V4_4_T10000_N10_seed1274,6,4,1274,confirmation,10,1.0,1.0,1.0,0.0,0.0,0.0,0.0,1.0,1.0,0.0
Gemma4-E4B,response_reference_pre_reference_d1,record_template,Gemma4-E4B/native_thinking/v5/V4_4_T10000_N10_seed1274,6,8,1274,confirmation,10,1.0,1.0,1.0,0.0,0.0,0.0,0.0,1.0,1.0,0.0
Gemma4-E4B,response_reference_pre_reference_d1,record_template,Gemma4-E4B/native_thinking/v5/V4_4_T10000_N10_seed1274,6,16,1274,confirmation,10,1.0,1.0,1.0,0.0,0.0,0.0,0.0,1.0,1.0,0.0
Gemma4-E4B,response_reference_pre_reference_d1,record_template,Gemma4-E4B/native_thinking/v5/V4_4_T10000_N10_seed1274,6,32,1274,confirmation,10,1.0,0.0,1.0,1.0,0.0,1.0,1.0,0.0,1.0,1.0
Gemma4-E4B,response_reference_pre_reference_d1,record_template,Gemma4-E4B/native_thinking/v5/V4_4_T10000_N10_seed1274,7,1,1274,confirmation,10,1.0,1.0,1.0,0.0,0.0,0.0,0.0,1.0,1.0,0.0
Gemma4-E4B,response_reference_pre_reference_d1,record_template,Gemma4-E4B/native_thinking/v5/V4_4_T10000_N10_seed1274,7,2,1274,confirmation,10,1.0,1.0,1.0,0.0,0.0,0.0,0.0,1.0,1.0,0.0
Gemma4-E4B,response_reference_pre_reference_d1,record_template,Gemma4-E4B/native_thinking/v5/V4_4_T10000_N10_seed1274,7,4,1274,confirmation,10,1.0,1.0,1.0,0.0,0.0,0.0,0.0,1.0,1.0,0.0
Gemma4-E4B,response_reference_pre_reference_d1,record_template,Gemma4-E4B/native_thinking/v5/V4_4_T10000_N10_seed1274,7,8,1274,confirmation,10,1.0,1.0,1.0,0.0,0.0,0.0,0.0,1.0,1.0,0.0
Gemma4-E4B,response_reference_pre_reference_d1,record_template,Gemma4-E4B/native_thinking/v5/V4_4_T10000_N10_seed1274,7,16,1274,confirmation,10,1.0,1.0,1.0,0.0,0.0,0.0,0.0,1.0,1.0,0.0
Gemma4-E4B,response_reference_pre_reference_d1,record_template,Gemma4-E4B/native_thinking/v5/V4_4_T10000_N10_seed1274,7,32,1274,confirmation,10,1.0,0.0,1.0,1.0,0.0,1.0,1.0,0.05,1.0,0.95
Gemma4-E4B,response_reference_pre_reference_d1,record_template,Gemma4-E4B/native_thinking/v5/V4_4_T10000_N10_seed1274,8,1,1274,confirmation,10,1.0,1.0,1.0,0.0,0.0,0.0,0.0,1.0,1.0,0.0
Gemma4-E4B,response_reference_pre_reference_d1,record_template,Gemma4-E4B/native_thinking/v5/V4_4_T10000_N10_seed1274,8,2,1274,confirmation,10,1.0,1.0,1.0,0.0,0.0,0.0,0.0,1.0,1.0,0.0
Gemma4-E4B,response_reference_pre_reference_d1,record_template,Gemma4-E4B/native_thinking/v5/V4_4_T10000_N10_seed1274,8,4,1274,confirmation,10,1.0,1.0,1.0,0.0,0.0,0.0,0.0,1.0,1.0,0.0
Gemma4-E4B,response_reference_pre_reference_d1,record_template,Gemma4-E4B/native_thinking/v5/V4_4_T10000_N10_seed1274,8,8,1274,confirmation,10,1.0,1.0,1.0,0.0,0.0,0.0,0.0,1.0,1.0,0.0
Gemma4-E4B,response_reference_pre_reference_d1,record_template,Gemma4-E4B/native_thinking/v5/V4_4_T10000_N10_seed1274,8,16,1274,confirmation,10,1.0,1.0,1.0,0.0,0.0,0.0,0.0,1.0,1.0,0.0
Gemma4-E4B,response_reference_pre_reference_d1,record_template,Gemma4-E4B/native_thinking/v5/V4_4_T10000_N10_seed1274,8,32,1274,confirmation,10,1.0,0.0,1.0,1.0,0.0,1.0,1.0,0.0,1.0,1.0
Gemma4-E4B,response_reference_pre_reference_d1,record_template,Gemma4-E4B/native_thinking/v5/V4_4_T10000_N10_seed1274,9,1,1274,confirmation,10,1.0,1.0,1.0,0.0,0.0,0.0,0.0,1.0,1.0,0.0
Gemma4-E4B,response_reference_pre_reference_d1,record_template,Gemma4-E4B/native_thinking/v5/V4_4_T10000_N10_seed1274,9,2,1274,confirmation,10,1.0,1.0,1.0,0.0,0.0,0.0,0.0,1.0,1.0,0.0
Gemma4-E4B,response_reference_pre_reference_d1,record_template,Gemma4-E4B/native_thinking/v5/V4_4_T10000_N10_seed1274,9,4,1274,confirmation,10,1.0,1.0,1.0,0.0,0.0,0.0,0.0,1.0,1.0,0.0
Gemma4-E4B,response_reference_pre_reference_d1,record_template,Gemma4-E4B/native_thinking/v5/V4_4_T10000_N10_seed1274,9,8,1274,confirmation,10,1.0,1.0,1.0,0.0,0.0,0.0,0.0,1.0,1.0,0.0
Gemma4-E4B,response_reference_pre_reference_d1,record_template,Gemma4-E4B/native_thinking/v5/V4_4_T10000_N10_seed1274,9,16,1274,confirmation,10,1.0,1.0,1.0,0.0,0.0,0.0,0.0,1.0,1.0,0.0
Gemma4-E4B,response_reference_pre_reference_d1,record_template,Gemma4-E4B/native_thinking/v5/V4_4_T10000_N10_seed1274,9,32,1274,confirmation,10,1.0,0.0,1.0,1.0,0.0,1.0,1.0,0.0,1.0,1.0
Gemma4-E4B,response_reference_pre_reference_d1,record_template,Gemma4-E4B/native_thinking/v5/V4_4_T10000_N10_seed1274,10,1,1274,confirmation,10,1.0,1.0,1.0,0.0,0.0,0.0,0.0,1.0,1.0,0.0
Gemma4-E4B,response_reference_pre_reference_d1,record_template,Gemma4-E4B/native_thinking/v5/V4_4_T10000_N10_seed1274,10,2,1274,confirmation,10,1.0,1.0,1.0,0.0,0.0,0.0,0.0,1.0,1.0,0.0
Gemma4-E4B,response_reference_pre_reference_d1,record_template,Gemma4-E4B/native_thinking/v5/V4_4_T10000_N10_seed1274,10,4,1274,confirmation,10,1.0,1.0,1.0,0.0,0.0,0.0,0.0,1.0,1.0,0.0
Gemma4-E4B,response_reference_pre_reference_d1,record_template,Gemma4-E4B/native_thinking/v5/V4_4_T10000_N10_seed1274,10,8,1274,confirmation,10,1.0,1.0,1.0,0.0,0.0,0.0,0.0,1.0,1.0,0.0
Gemma4-E4B,response_reference_pre_reference_d1,record_template,Gemma4-E4B/native_thinking/v5/V4_4_T10000_N10_seed1274,10,16,1274,confirmation,10,1.0,1.0,1.0,0.0,0.0,0.0,0.0,1.0,1.0,0.0
Gemma4-E4B,response_reference_pre_reference_d1,record_template,Gemma4-E4B/native_thinking/v5/V4_4_T10000_N10_seed1274,10,32,1274,confirmation,10,1.0,0.0,1.0,1.0,0.0,1.0,1.0,0.0,1.0,1.0
Gemma4-E4B,response_reference_pre_reference_d1,record_template,Gemma4-E4B/native_thinking/v5/V4_4_T10000_N10_seed1283,1,1,1283,confirmation,10,1.0,1.0,1.0,0.0,0.0,0.0,0.0,1.0,1.0,0.0
Gemma4-E4B,response_reference_pre_reference_d1,record_template,Gemma4-E4B/native_thinking/v5/V4_4_T10000_N10_seed1283,1,2,1283,confirmation,10,1.0,1.0,1.0,0.0,0.0,0.0,0.0,1.0,1.0,0.0
Gemma4-E4B,response_reference_pre_reference_d1,record_template,Gemma4-E4B/native_thinking/v5/V4_4_T10000_N10_seed1283,1,4,1283,confirmation,10,1.0,1.0,1.0,0.0,0.0,0.0,0.0,1.0,1.0,0.0
Gemma4-E4B,response_reference_pre_reference_d1,record_template,Gemma4-E4B/native_thinking/v5/V4_4_T10000_N10_seed1283,1,8,1283,confirmation,10,1.0,1.0,0.3333333333333333,0.0,0.6666666666666666,-0.6666666666666666,-0.6666666666666666,1.0,0.358974358974359,-0.641025641025641
Gemma4-E4B,response_reference_pre_reference_d1,record_template,Gemma4-E4B/native_thinking/v5/V4_4_T10000_N10_seed1283,1,16,1283,confirmation,10,1.0,0.0,1.0,1.0,0.0,1.0,1.0,0.9615384615384616,1.0,0.038461538461538436
Gemma4-E4B,response_reference_pre_reference_d1,record_template,Gemma4-E4B/native_thinking/v5/V4_4_T10000_N10_seed1283,1,32,1283,confirmation,10,1.0,0.0,1.0,1.0,0.0,1.0,1.0,0.0,1.0,1.0
Gemma4-E4B,response_reference_pre_reference_d1,record_template,Gemma4-E4B/native_thinking/v5/V4_4_T10000_N10_seed1283,2,1,1283,confirmation,10,1.0,1.0,1.0,0.0,0.0,0.0,0.0,1.0,1.0,0.0
Gemma4-E4B,response_reference_pre_reference_d1,record_template,Gemma4-E4B/native_thinking/v5/V4_4_T10000_N10_seed1283,2,2,1283,confirmation,10,1.0,1.0,1.0,0.0,0.0,0.0,0.0,1.0,1.0,0.0
Gemma4-E4B,response_reference_pre_reference_d1,record_template,Gemma4-E4B/native_thinking/v5/V4_4_T10000_N10_seed1283,2,4,1283,confirmation,10,1.0,1.0,1.0,0.0,0.0,0.0,0.0,1.0,1.0,0.0
Gemma4-E4B,response_reference_pre_reference_d1,record_template,Gemma4-E4B/native_thinking/v5/V4_4_T10000_N10_seed1283,2,8,1283,confirmation,10,1.0,0.0,1.0,1.0,0.0,1.0,1.0,0.0,1.0,1.0
Gemma4-E4B,response_reference_pre_reference_d1,record_template,Gemma4-E4B/native_thinking/v5/V4_4_T10000_N10_seed1283,2,16,1283,confirmation,10,1.0,0.0,1.0,1.0,0.0,1.0,1.0,0.9629629629629629,1.0,0.03703703703703709
Gemma4-E4B,response_reference_pre_reference_d1,record_template,Gemma4-E4B/native_thinking/v5/V4_4_T10000_N10_seed1283,2,32,1283,confirmation,10,1.0,0.0,1.0,1.0,0.0,1.0,1.0,0.0,1.0,1.0
Gemma4-E4B,response_reference_pre_reference_d1,record_template,Gemma4-E4B/native_thinking/v5/V4_4_T10000_N10_seed1283,3,1,1283,confirmation,10,1.0,1.0,1.0,0.0,0.0,0.0,0.0,1.0,1.0,0.0
Gemma4-E4B,response_reference_pre_reference_d1,record_template,Gemma4-E4B/native_thinking/v5/V4_4_T10000_N10_seed1283,3,2,1283,confirmation,10,1.0,1.0,1.0,0.0,0.0,0.0,0.0,1.0,1.0,0.0
Gemma4-E4B,response_reference_pre_reference_d1,record_template,Gemma4-E4B/native_thinking/v5/V4_4_T10000_N10_seed1283,3,4,1283,confirmation,10,1.0,1.0,1.0,0.0,0.0,0.0,0.0,1.0,1.0,0.0
Gemma4-E4B,response_reference_pre_reference_d1,record_template,Gemma4-E4B/native_thinking/v5/V4_4_T10000_N10_seed1283,3,8,1283,confirmation,10,1.0,1.0,1.0,0.0,0.0,0.0,0.0,1.0,1.0,0.0
Gemma4-E4B,response_reference_pre_reference_d1,record_template,Gemma4-E4B/native_thinking/v5/V4_4_T10000_N10_seed1283,3,16,1283,confirmation,10,1.0,1.0,1.0,0.0,0.0,0.0,0.0,1.0,1.0,0.0
Gemma4-E4B,response_reference_pre_reference_d1,record_template,Gemma4-E4B/native_thinking/v5/V4_4_T10000_N10_seed1283,3,32,1283,confirmation,10,1.0,0.0,1.0,1.0,0.0,1.0,1.0,0.0,1.0,1.0
Gemma4-E4B,response_reference_pre_reference_d1,record_template,Gemma4-E4B/native_thinking/v5/V4_4_T10000_N10_seed1283,4,1,1283,confirmation,10,1.0,1.0,1.0,0.0,0.0,0.0,0.0,1.0,1.0,0.0
Gemma4-E4B,response_reference_pre_reference_d1,record_template,Gemma4-E4B/native_thinking/v5/V4_4_T10000_N10_seed1283,4,2,1283,confirmation,10,1.0,1.0,1.0,0.0,0.0,0.0,0.0,1.0,1.0,0.0
Gemma4-E4B,response_reference_pre_reference_d1,record_template,Gemma4-E4B/native_thinking/v5/V4_4_T10000_N10_seed1283,4,4,1283,confirmation,10,1.0,1.0,1.0,0.0,0.0,0.0,0.0,1.0,1.0,0.0
Gemma4-E4B,response_reference_pre_reference_d1,record_template,Gemma4-E4B/native_thinking/v5/V4_4_T10000_N10_seed1283,4,8,1283,confirmation,10,1.0,1.0,1.0,0.0,0.0,0.0,0.0,1.0,1.0,0.0
Gemma4-E4B,response_reference_pre_reference_d1,record_template,Gemma4-E4B/native_thinking/v5/V4_4_T10000_N10_seed1283,4,16,1283,confirmation,10,1.0,1.0,1.0,0.0,0.0,0.0,0.0,1.0,1.0,0.0
Gemma4-E4B,response_reference_pre_reference_d1,record_template,Gemma4-E4B/native_thinking/v5/V4_4_T10000_N10_seed1283,4,32,1283,confirmation,10,1.0,0.0,1.0,1.0,0.0,1.0,1.0,0.0,1.0,1.0
Gemma4-E4B,response_reference_pre_reference_d1,record_template,Gemma4-E4B/native_thinking/v5/V4_4_T10000_N10_seed1283,5,1,1283,confirmation,10,1.0,1.0,1.0,0.0,0.0,0.0,0.0,1.0,1.0,0.0
Gemma4-E4B,response_reference_pre_reference_d1,record_template,Gemma4-E4B/native_thinking/v5/V4_4_T10000_N10_seed1283,5,2,1283,confirmation,10,1.0,1.0,1.0,0.0,0.0,0.0,0.0,1.0,1.0,0.0
Gemma4-E4B,response_reference_pre_reference_d1,record_template,Gemma4-E4B/native_thinking/v5/V4_4_T10000_N10_seed1283,5,4,1283,confirmation,10,1.0,1.0,1.0,0.0,0.0,0.0,0.0,1.0,1.0,0.0
Gemma4-E4B,response_reference_pre_reference_d1,record_template,Gemma4-E4B/native_thinking/v5/V4_4_T10000_N10_seed1283,5,8,1283,confirmation,10,1.0,1.0,1.0,0.0,0.0,0.0,0.0,1.0,1.0,0.0
Gemma4-E4B,response_reference_pre_reference_d1,record_template,Gemma4-E4B/native_thinking/v5/V4_4_T10000_N10_seed1283,5,16,1283,confirmation,10,1.0,1.0,1.0,0.0,0.0,0.0,0.0,1.0,1.0,0.0
Gemma4-E4B,response_reference_pre_reference_d1,record_template,Gemma4-E4B/native_thinking/v5/V4_4_T10000_N10_seed1283,5,32,1283,confirmation,10,1.0,0.0,1.0,1.0,0.0,1.0,1.0,0.0,1.0,1.0
Gemma4-E4B,response_reference_pre_reference_d1,record_template,Gemma4-E4B/native_thinking/v5/V4_4_T10000_N10_seed1283,6,1,1283,confirmation,10,1.0,1.0,1.0,0.0,0.0,0.0,0.0,1.0,1.0,0.0
Gemma4-E4B,response_reference_pre_reference_d1,record_template,Gemma4-E4B/native_thinking/v5/V4_4_T10000_N10_seed1283,6,2,1283,confirmation,10,1.0,1.0,1.0,0.0,0.0,0.0,0.0,1.0,1.0,0.0
Gemma4-E4B,response_reference_pre_reference_d1,record_template,Gemma4-E4B/native_thinking/v5/V4_4_T10000_N10_seed1283,6,4,1283,confirmation,10,1.0,1.0,1.0,0.0,0.0,0.0,0.0,1.0,1.0,0.0
Gemma4-E4B,response_reference_pre_reference_d1,record_template,Gemma4-E4B/native_thinking/v5/V4_4_T10000_N10_seed1283,6,8,1283,confirmation,10,1.0,1.0,1.0,0.0,0.0,0.0,0.0,1.0,1.0,0.0
Gemma4-E4B,response_reference_pre_reference_d1,record_template,Gemma4-E4B/native_thinking/v5/V4_4_T10000_N10_seed1283,6,16,1283,confirmation,10,1.0,1.0,1.0,0.0,0.0,0.0,0.0,1.0,1.0,0.0
Gemma4-E4B,response_reference_pre_reference_d1,record_template,Gemma4-E4B/native_thinking/v5/V4_4_T10000_N10_seed1283,6,32,1283,confirmation,10,1.0,0.0,1.0,1.0,0.0,1.0,1.0,0.07407407407407407,1.0,0.9259259259259259
Gemma4-E4B,response_reference_pre_reference_d1,record_template,Gemma4-E4B/native_thinking/v5/V4_4_T10000_N10_seed1283,7,1,1283,confirmation,10,1.0,1.0,1.0,0.0,0.0,0.0,0.0,1.0,1.0,0.0
Gemma4-E4B,response_reference_pre_reference_d1,record_template,Gemma4-E4B/native_thinking/v5/V4_4_T10000_N10_seed1283,7,2,1283,confirmation,10,1.0,1.0,1.0,0.0,0.0,0.0,0.0,1.0,1.0,0.0
Gemma4-E4B,response_reference_pre_reference_d1,record_template,Gemma4-E4B/native_thinking/v5/V4_4_T10000_N10_seed1283,7,4,1283,confirmation,10,1.0,1.0,1.0,0.0,0.0,0.0,0.0,1.0,1.0,0.0
Gemma4-E4B,response_reference_pre_reference_d1,record_template,Gemma4-E4B/native_thinking/v5/V4_4_T10000_N10_seed1283,7,8,1283,confirmation,10,1.0,1.0,1.0,0.0,0.0,0.0,0.0,1.0,1.0,0.0
Gemma4-E4B,response_reference_pre_reference_d1,record_template,Gemma4-E4B/native_thinking/v5/V4_4_T10000_N10_seed1283,7,16,1283,confirmation,10,1.0,1.0,1.0,0.0,0.0,0.0,0.0,1.0,1.0,0.0
Gemma4-E4B,response_reference_pre_reference_d1,record_template,Gemma4-E4B/native_thinking/v5/V4_4_T10000_N10_seed1283,7,32,1283,confirmation,10,1.0,0.0,1.0,1.0,0.0,1.0,1.0,0.0,1.0,1.0
Gemma4-E4B,response_reference_pre_reference_d1,record_template,Gemma4-E4B/native_thinking/v5/V4_4_T10000_N10_seed1283,8,1,1283,confirmation,10,1.0,1.0,1.0,0.0,0.0,0.0,0.0,1.0,1.0,0.0
Gemma4-E4B,response_reference_pre_reference_d1,record_template,Gemma4-E4B/native_thinking/v5/V4_4_T10000_N10_seed1283,8,2,1283,confirmation,10,1.0,1.0,1.0,0.0,0.0,0.0,0.0,1.0,1.0,0.0
Gemma4-E4B,response_reference_pre_reference_d1,record_template,Gemma4-E4B/native_thinking/v5/V4_4_T10000_N10_seed1283,8,4,1283,confirmation,10,1.0,1.0,1.0,0.0,0.0,0.0,0.0,1.0,1.0,0.0
Gemma4-E4B,response_reference_pre_reference_d1,record_template,Gemma4-E4B/native_thinking/v5/V4_4_T10000_N10_seed1283,8,8,1283,confirmation,10,1.0,1.0,1.0,0.0,0.0,0.0,0.0,1.0,1.0,0.0
Gemma4-E4B,response_reference_pre_reference_d1,record_template,Gemma4-E4B/native_thinking/v5/V4_4_T10000_N10_seed1283,8,16,1283,confirmation,10,1.0,1.0,1.0,0.0,0.0,0.0,0.0,1.0,1.0,0.0
Gemma4-E4B,response_reference_pre_reference_d1,record_template,Gemma4-E4B/native_thinking/v5/V4_4_T10000_N10_seed1283,8,32,1283,confirmation,10,1.0,0.0,1.0,1.0,0.0,1.0,1.0,0.7692307692307693,1.0,0.23076923076923073
Gemma4-E4B,response_reference_pre_reference_d1,record_template,Gemma4-E4B/native_thinking/v5/V4_4_T10000_N10_seed1283,9,1,1283,confirmation,10,1.0,1.0,1.0,0.0,0.0,0.0,0.0,1.0,1.0,0.0
Gemma4-E4B,response_reference_pre_reference_d1,record_template,Gemma4-E4B/native_thinking/v5/V4_4_T10000_N10_seed1283,9,2,1283,confirmation,10,1.0,1.0,1.0,0.0,0.0,0.0,0.0,1.0,1.0,0.0
Gemma4-E4B,response_reference_pre_reference_d1,record_template,Gemma4-E4B/native_thinking/v5/V4_4_T10000_N10_seed1283,9,4,1283,confirmation,10,1.0,1.0,1.0,0.0,0.0,0.0,0.0,1.0,1.0,0.0
Gemma4-E4B,response_reference_pre_reference_d1,record_template,Gemma4-E4B/native_thinking/v5/V4_4_T10000_N10_seed1283,9,8,1283,confirmation,10,1.0,1.0,1.0,0.0,0.0,0.0,0.0,1.0,1.0,0.0
Gemma4-E4B,response_reference_pre_reference_d1,record_template,Gemma4-E4B/native_thinking/v5/V4_4_T10000_N10_seed1283,9,16,1283,confirmation,10,1.0,1.0,1.0,0.0,0.0,0.0,0.0,1.0,1.0,0.0
Gemma4-E4B,response_reference_pre_reference_d1,record_template,Gemma4-E4B/native_thinking/v5/V4_4_T10000_N10_seed1283,9,32,1283,confirmation,10,1.0,0.0,1.0,1.0,0.0,1.0,1.0,0.0,1.0,1.0
Gemma4-E4B,response_reference_pre_reference_d1,record_template,Gemma4-E4B/native_thinking/v5/V4_4_T10000_N10_seed1283,10,1,1283,confirmation,10,1.0,1.0,1.0,0.0,0.0,0.0,0.0,1.0,1.0,0.0
Gemma4-E4B,response_reference_pre_reference_d1,record_template,Gemma4-E4B/native_thinking/v5/V4_4_T10000_N10_seed1283,10,2,1283,confirmation,10,1.0,1.0,1.0,0.0,0.0,0.0,0.0,1.0,1.0,0.0
Gemma4-E4B,response_reference_pre_reference_d1,record_template,Gemma4-E4B/native_thinking/v5/V4_4_T10000_N10_seed1283,10,4,1283,confirmation,10,1.0,1.0,1.0,0.0,0.0,0.0,0.0,1.0,1.0,0.0
Gemma4-E4B,response_reference_pre_reference_d1,record_template,Gemma4-E4B/native_thinking/v5/V4_4_T10000_N10_seed1283,10,8,1283,confirmation,10,1.0,1.0,1.0,0.0,0.0,0.0,0.0,1.0,1.0,0.0
Gemma4-E4B,response_reference_pre_reference_d1,record_template,Gemma4-E4B/native_thinking/v5/V4_4_T10000_N10_seed1283,10,16,1283,confirmation,10,1.0,1.0,1.0,0.0,0.0,0.0,0.0,1.0,1.0,0.0
Gemma4-E4B,response_reference_pre_reference_d1,record_template,Gemma4-E4B/native_thinking/v5/V4_4_T10000_N10_seed1283,10,32,1283,confirmation,10,1.0,0.0,1.0,1.0,0.0,1.0,1.0,0.0,1.0,1.0
Gemma4-E4B,response_reference_pre_reference_d1,record_template,Gemma4-E4B/native_thinking/v5/V4_4_T10000_N10_seed1289,1,1,1289,confirmation,10,1.0,1.0,1.0,0.0,0.0,0.0,0.0,1.0,1.0,0.0
Gemma4-E4B,response_reference_pre_reference_d1,record_template,Gemma4-E4B/native_thinking/v5/V4_4_T10000_N10_seed1289,1,2,1289,confirmation,10,1.0,1.0,0.3333333333333333,0.0,0.6666666666666666,-0.6666666666666666,-0.6666666666666666,1.0,0.35000000000000003,-0.6499999999999999
Gemma4-E4B,response_reference_pre_reference_d1,record_template,Gemma4-E4B/native_thinking/v5/V4_4_T10000_N10_seed1289,1,4,1289,confirmation,10,1.0,1.0,1.0,0.0,0.0,0.0,0.0,1.0,1.0,0.0
Gemma4-E4B,response_reference_pre_reference_d1,record_template,Gemma4-E4B/native_thinking/v5/V4_4_T10000_N10_seed1289,1,8,1289,confirmation,10,1.0,0.0,0.6666666666666666,1.0,0.3333333333333333,0.6666666666666667,0.6666666666666667,0.0,0.6833333333333332,0.6833333333333332
Gemma4-E4B,response_reference_pre_reference_d1,record_template,Gemma4-E4B/native_thinking/v5/V4_4_T10000_N10_seed1289,1,16,1289,confirmation,10,1.0,0.0,0.0,1.0,1.0,0.0,0.0,0.0,0.016666666666666666,0.016666666666666666
Gemma4-E4B,response_reference_pre_reference_d1,record_template,Gemma4-E4B/native_thinking/v5/V4_4_T10000_N10_seed1289,1,32,1289,confirmation,10,1.0,0.0,1.0,1.0,0.0,1.0,1.0,0.0,1.0,1.0
Gemma4-E4B,response_reference_pre_reference_d1,record_template,Gemma4-E4B/native_thinking/v5/V4_4_T10000_N10_seed1289,2,1,1289,confirmation,10,1.0,1.0,1.0,0.0,0.0,0.0,0.0,1.0,1.0,0.0
Gemma4-E4B,response_reference_pre_reference_d1,record_template,Gemma4-E4B/native_thinking/v5/V4_4_T10000_N10_seed1289,2,2,1289,confirmation,10,1.0,1.0,1.0,0.0,0.0,0.0,0.0,1.0,1.0,0.0
Gemma4-E4B,response_reference_pre_reference_d1,record_template,Gemma4-E4B/native_thinking/v5/V4_4_T10000_N10_seed1289,2,4,1289,confirmation,10,1.0,1.0,1.0,0.0,0.0,0.0,0.0,1.0,1.0,0.0
Gemma4-E4B,response_reference_pre_reference_d1,record_template,Gemma4-E4B/native_thinking/v5/V4_4_T10000_N10_seed1289,2,8,1289,confirmation,10,1.0,0.0,1.0,1.0,0.0,1.0,1.0,0.0,1.0,1.0
Gemma4-E4B,response_reference_pre_reference_d1,record_template,Gemma4-E4B/native_thinking/v5/V4_4_T10000_N10_seed1289,2,16,1289,confirmation,10,1.0,0.0,1.0,1.0,0.0,1.0,1.0,0.0,1.0,1.0
Gemma4-E4B,response_reference_pre_reference_d1,record_template,Gemma4-E4B/native_thinking/v5/V4_4_T10000_N10_seed1289,2,32,1289,confirmation,10,1.0,0.0,1.0,1.0,0.0,1.0,1.0,0.0,1.0,1.0
Gemma4-E4B,response_reference_pre_reference_d1,record_template,Gemma4-E4B/native_thinking/v5/V4_4_T10000_N10_seed1289,3,1,1289,confirmation,10,1.0,1.0,1.0,0.0,0.0,0.0,0.0,1.0,1.0,0.0
Gemma4-E4B,response_reference_pre_reference_d1,record_template,Gemma4-E4B/native_thinking/v5/V4_4_T10000_N10_seed1289,3,2,1289,confirmation,10,1.0,1.0,1.0,0.0,0.0,0.0,0.0,1.0,1.0,0.0
Gemma4-E4B,response_reference_pre_reference_d1,record_template,Gemma4-E4B/native_thinking/v5/V4_4_T10000_N10_seed1289,3,4,1289,confirmation,10,1.0,1.0,1.0,0.0,0.0,0.0,0.0,1.0,1.0,0.0
Gemma4-E4B,response_reference_pre_reference_d1,record_template,Gemma4-E4B/native_thinking/v5/V4_4_T10000_N10_seed1289,3,8,1289,confirmation,10,1.0,0.0,1.0,1.0,0.0,1.0,1.0,0.0,1.0,1.0
Gemma4-E4B,response_reference_pre_reference_d1,record_template,Gemma4-E4B/native_thinking/v5/V4_4_T10000_N10_seed1289,3,16,1289,confirmation,10,1.0,0.0,1.0,1.0,0.0,1.0,1.0,0.0,1.0,1.0
Gemma4-E4B,response_reference_pre_reference_d1,record_template,Gemma4-E4B/native_thinking/v5/V4_4_T10000_N10_seed1289,3,32,1289,confirmation,10,1.0,0.0,1.0,1.0,0.0,1.0,1.0,0.0,1.0,1.0
Gemma4-E4B,response_reference_pre_reference_d1,record_template,Gemma4-E4B/native_thinking/v5/V4_4_T10000_N10_seed1289,4,1,1289,confirmation,10,1.0,1.0,1.0,0.0,0.0,0.0,0.0,1.0,1.0,0.0
Gemma4-E4B,response_reference_pre_reference_d1,record_template,Gemma4-E4B/native_thinking/v5/V4_4_T10000_N10_seed1289,4,2,1289,confirmation,10,1.0,1.0,1.0,0.0,0.0,0.0,0.0,1.0,1.0,0.0
Gemma4-E4B,response_reference_pre_reference_d1,record_template,Gemma4-E4B/native_thinking/v5/V4_4_T10000_N10_seed1289,4,4,1289,confirmation,10,1.0,1.0,1.0,0.0,0.0,0.0,0.0,1.0,1.0,0.0
Gemma4-E4B,response_reference_pre_reference_d1,record_template,Gemma4-E4B/native_thinking/v5/V4_4_T10000_N10_seed1289,4,8,1289,confirmation,10,1.0,1.0,1.0,0.0,0.0,0.0,0.0,1.0,1.0,0.0
Gemma4-E4B,response_reference_pre_reference_d1,record_template,Gemma4-E4B/native_thinking/v5/V4_4_T10000_N10_seed1289,4,16,1289,confirmation,10,1.0,0.0,1.0,1.0,0.0,1.0,1.0,0.0,1.0,1.0
Gemma4-E4B,response_reference_pre_reference_d1,record_template,Gemma4-E4B/native_thinking/v5/V4_4_T10000_N10_seed1289,4,32,1289,confirmation,10,1.0,0.0,1.0,1.0,0.0,1.0,1.0,0.0,1.0,1.0
Gemma4-E4B,response_reference_pre_reference_d1,record_template,Gemma4-E4B/native_thinking/v5/V4_4_T10000_N10_seed1289,5,1,1289,confirmation,10,1.0,1.0,1.0,0.0,0.0,0.0,0.0,1.0,1.0,0.0
Gemma4-E4B,response_reference_pre_reference_d1,record_template,Gemma4-E4B/native_thinking/v5/V4_4_T10000_N10_seed1289,5,2,1289,confirmation,10,1.0,1.0,1.0,0.0,0.0,0.0,0.0,1.0,1.0,0.0
Gemma4-E4B,response_reference_pre_reference_d1,record_template,Gemma4-E4B/native_thinking/v5/V4_4_T10000_N10_seed1289,5,4,1289,confirmation,10,1.0,1.0,1.0,0.0,0.0,0.0,0.0,1.0,1.0,0.0
Gemma4-E4B,response_reference_pre_reference_d1,record_template,Gemma4-E4B/native_thinking/v5/V4_4_T10000_N10_seed1289,5,8,1289,confirmation,10,1.0,1.0,1.0,0.0,0.0,0.0,0.0,1.0,1.0,0.0
Gemma4-E4B,response_reference_pre_reference_d1,record_template,Gemma4-E4B/native_thinking/v5/V4_4_T10000_N10_seed1289,5,16,1289,confirmation,10,1.0,1.0,1.0,0.0,0.0,0.0,0.0,1.0,1.0,0.0
Gemma4-E4B,response_reference_pre_reference_d1,record_template,Gemma4-E4B/native_thinking/v5/V4_4_T10000_N10_seed1289,5,32,1289,confirmation,10,1.0,0.0,1.0,1.0,0.0,1.0,1.0,0.0,1.0,1.0
Gemma4-E4B,response_reference_pre_reference_d1,record_template,Gemma4-E4B/native_thinking/v5/V4_4_T10000_N10_seed1289,6,1,1289,confirmation,10,1.0,1.0,1.0,0.0,0.0,0.0,0.0,1.0,1.0,0.0
Gemma4-E4B,response_reference_pre_reference_d1,record_template,Gemma4-E4B/native_thinking/v5/V4_4_T10000_N10_seed1289,6,2,1289,confirmation,10,1.0,1.0,1.0,0.0,0.0,0.0,0.0,1.0,1.0,0.0
Gemma4-E4B,response_reference_pre_reference_d1,record_template,Gemma4-E4B/native_thinking/v5/V4_4_T10000_N10_seed1289,6,4,1289,confirmation,10,1.0,1.0,1.0,0.0,0.0,0.0,0.0,1.0,1.0,0.0
Gemma4-E4B,response_reference_pre_reference_d1,record_template,Gemma4-E4B/native_thinking/v5/V4_4_T10000_N10_seed1289,6,8,1289,confirmation,10,1.0,1.0,1.0,0.0,0.0,0.0,0.0,1.0,1.0,0.0
Gemma4-E4B,response_reference_pre_reference_d1,record_template,Gemma4-E4B/native_thinking/v5/V4_4_T10000_N10_seed1289,6,16,1289,confirmation,10,1.0,1.0,1.0,0.0,0.0,0.0,0.0,1.0,1.0,0.0
Gemma4-E4B,response_reference_pre_reference_d1,record_template,Gemma4-E4B/native_thinking/v5/V4_4_T10000_N10_seed1289,6,32,1289,confirmation,10,1.0,0.0,1.0,1.0,0.0,1.0,1.0,0.0,1.0,1.0
Gemma4-E4B,response_reference_pre_reference_d1,record_template,Gemma4-E4B/native_thinking/v5/V4_4_T10000_N10_seed1289,7,1,1289,confirmation,10,1.0,1.0,1.0,0.0,0.0,0.0,0.0,1.0,1.0,0.0
Gemma4-E4B,response_reference_pre_reference_d1,record_template,Gemma4-E4B/native_thinking/v5/V4_4_T10000_N10_seed1289,7,2,1289,confirmation,10,1.0,1.0,1.0,0.0,0.0,0.0,0.0,1.0,1.0,0.0
Gemma4-E4B,response_reference_pre_reference_d1,record_template,Gemma4-E4B/native_thinking/v5/V4_4_T10000_N10_seed1289,7,4,1289,confirmation,10,1.0,1.0,1.0,0.0,0.0,0.0,0.0,1.0,1.0,0.0
Gemma4-E4B,response_reference_pre_reference_d1,record_template,Gemma4-E4B/native_thinking/v5/V4_4_T10000_N10_seed1289,7,8,1289,confirmation,10,1.0,1.0,1.0,0.0,0.0,0.0,0.0,1.0,1.0,0.0
Gemma4-E4B,response_reference_pre_reference_d1,record_template,Gemma4-E4B/native_thinking/v5/V4_4_T10000_N10_seed1289,7,16,1289,confirmation,10,1.0,1.0,1.0,0.0,0.0,0.0,0.0,1.0,1.0,0.0
Gemma4-E4B,response_reference_pre_reference_d1,record_template,Gemma4-E4B/native_thinking/v5/V4_4_T10000_N10_seed1289,7,32,1289,confirmation,10,1.0,0.0,1.0,1.0,0.0,1.0,1.0,0.0,1.0,1.0
Gemma4-E4B,response_reference_pre_reference_d1,record_template,Gemma4-E4B/native_thinking/v5/V4_4_T10000_N10_seed1289,8,1,1289,confirmation,10,1.0,1.0,1.0,0.0,0.0,0.0,0.0,1.0,1.0,0.0
Gemma4-E4B,response_reference_pre_reference_d1,record_template,Gemma4-E4B/native_thinking/v5/V4_4_T10000_N10_seed1289,8,2,1289,confirmation,10,1.0,1.0,1.0,0.0,0.0,0.0,0.0,1.0,1.0,0.0
Gemma4-E4B,response_reference_pre_reference_d1,record_template,Gemma4-E4B/native_thinking/v5/V4_4_T10000_N10_seed1289,8,4,1289,confirmation,10,1.0,1.0,1.0,0.0,0.0,0.0,0.0,1.0,1.0,0.0
Gemma4-E4B,response_reference_pre_reference_d1,record_template,Gemma4-E4B/native_thinking/v5/V4_4_T10000_N10_seed1289,8,8,1289,confirmation,10,1.0,1.0,1.0,0.0,0.0,0.0,0.0,1.0,1.0,0.0
Gemma4-E4B,response_reference_pre_reference_d1,record_template,Gemma4-E4B/native_thinking/v5/V4_4_T10000_N10_seed1289,8,16,1289,confirmation,10,1.0,1.0,1.0,0.0,0.0,0.0,0.0,1.0,1.0,0.0
Gemma4-E4B,response_reference_pre_reference_d1,record_template,Gemma4-E4B/native_thinking/v5/V4_4_T10000_N10_seed1289,8,32,1289,confirmation,10,1.0,0.0,1.0,1.0,0.0,1.0,1.0,0.0,1.0,1.0
Gemma4-E4B,response_reference_pre_reference_d1,record_template,Gemma4-E4B/native_thinking/v5/V4_4_T10000_N10_seed1289,9,1,1289,confirmation,10,1.0,1.0,1.0,0.0,0.0,0.0,0.0,1.0,1.0,0.0
Gemma4-E4B,response_reference_pre_reference_d1,record_template,Gemma4-E4B/native_thinking/v5/V4_4_T10000_N10_seed1289,9,2,1289,confirmation,10,1.0,1.0,1.0,0.0,0.0,0.0,0.0,1.0,1.0,0.0
Gemma4-E4B,response_reference_pre_reference_d1,record_template,Gemma4-E4B/native_thinking/v5/V4_4_T10000_N10_seed1289,9,4,1289,confirmation,10,1.0,0.0,1.0,1.0,0.0,1.0,1.0,0.0,1.0,1.0
Gemma4-E4B,response_reference_pre_reference_d1,record_template,Gemma4-E4B/native_thinking/v5/V4_4_T10000_N10_seed1289,9,8,1289,confirmation,10,1.0,0.0,1.0,1.0,0.0,1.0,1.0,0.0,1.0,1.0
Gemma4-E4B,response_reference_pre_reference_d1,record_template,Gemma4-E4B/native_thinking/v5/V4_4_T10000_N10_seed1289,9,16,1289,confirmation,10,1.0,0.0,1.0,1.0,0.0,1.0,1.0,0.0,1.0,1.0
Gemma4-E4B,response_reference_pre_reference_d1,record_template,Gemma4-E4B/native_thinking/v5/V4_4_T10000_N10_seed1289,9,32,1289,confirmation,10,1.0,0.0,1.0,1.0,0.0,1.0,1.0,0.0,1.0,1.0
Gemma4-E4B,response_reference_pre_reference_d1,record_template,Gemma4-E4B/native_thinking/v5/V4_4_T10000_N10_seed1289,10,1,1289,confirmation,10,1.0,1.0,1.0,0.0,0.0,0.0,0.0,1.0,1.0,0.0
Gemma4-E4B,response_reference_pre_reference_d1,record_template,Gemma4-E4B/native_thinking/v5/V4_4_T10000_N10_seed1289,10,2,1289,confirmation,10,1.0,1.0,1.0,0.0,0.0,0.0,0.0,1.0,1.0,0.0
Gemma4-E4B,response_reference_pre_reference_d1,record_template,Gemma4-E4B/native_thinking/v5/V4_4_T10000_N10_seed1289,10,4,1289,confirmation,10,1.0,0.0,1.0,1.0,0.0,1.0,1.0,0.0,1.0,1.0
Gemma4-E4B,response_reference_pre_reference_d1,record_template,Gemma4-E4B/native_thinking/v5/V4_4_T10000_N10_seed1289,10,8,1289,confirmation,10,1.0,0.0,1.0,1.0,0.0,1.0,1.0,0.0,1.0,1.0
Gemma4-E4B,response_reference_pre_reference_d1,record_template,Gemma4-E4B/native_thinking/v5/V4_4_T10000_N10_seed1289,10,16,1289,confirmation,10,1.0,1.0,1.0,0.0,0.0,0.0,0.0,1.0,1.0,0.0
Gemma4-E4B,response_reference_pre_reference_d1,record_template,Gemma4-E4B/native_thinking/v5/V4_4_T10000_N10_seed1289,10,32,1289,confirmation,10,1.0,1.0,1.0,0.0,0.0,0.0,0.0,1.0,1.0,0.0
Gemma4-E4B,response_reference_pre_reference_d1,record_template,Gemma4-E4B/native_thinking/v5/V4_4_T10000_N10_seed1298,1,1,1298,confirmation,10,0.0,1.0,1.0,-1.0,-1.0,0.0,,1.0,1.0,0.0
Gemma4-E4B,response_reference_pre_reference_d1,record_template,Gemma4-E4B/native_thinking/v5/V4_4_T10000_N10_seed1298,1,2,1298,confirmation,10,0.0,1.0,1.0,-1.0,-1.0,0.0,,1.0,1.0,0.0
Gemma4-E4B,response_reference_pre_reference_d1,record_template,Gemma4-E4B/native_thinking/v5/V4_4_T10000_N10_seed1298,1,4,1298,confirmation,10,0.0,1.0,0.6666666666666666,-1.0,-0.6666666666666666,-0.33333333333333337,,1.0,0.6794871794871794,-0.3205128205128206
Gemma4-E4B,response_reference_pre_reference_d1,record_template,Gemma4-E4B/native_thinking/v5/V4_4_T10000_N10_seed1298,1,8,1298,confirmation,10,0.0,1.0,0.0,-1.0,0.0,-1.0,,1.0,0.038461538461538464,-0.9615384615384616
Gemma4-E4B,response_reference_pre_reference_d1,record_template,Gemma4-E4B/native_thinking/v5/V4_4_T10000_N10_seed1298,1,16,1298,confirmation,10,0.0,0.0,1.0,0.0,-1.0,1.0,,0.9615384615384616,1.0,0.038461538461538436
Gemma4-E4B,response_reference_pre_reference_d1,record_template,Gemma4-E4B/native_thinking/v5/V4_4_T10000_N10_seed1298,1,32,1298,confirmation,10,0.0,0.0,1.0,0.0,-1.0,1.0,,0.0,1.0,1.0
Gemma4-E4B,response_reference_pre_reference_d1,record_template,Gemma4-E4B/native_thinking/v5/V4_4_T10000_N10_seed1298,2,1,1298,confirmation,10,1.0,1.0,1.0,0.0,0.0,0.0,0.0,1.0,1.0,0.0
Gemma4-E4B,response_reference_pre_reference_d1,record_template,Gemma4-E4B/native_thinking/v5/V4_4_T10000_N10_seed1298,2,2,1298,confirmation,10,1.0,1.0,0.6666666666666666,0.0,0.3333333333333333,-0.3333333333333333,-0.3333333333333333,1.0,0.6794871794871794,-0.3205128205128206
Gemma4-E4B,response_reference_pre_reference_d1,record_template,Gemma4-E4B/native_thinking/v5/V4_4_T10000_N10_seed1298,2,4,1298,confirmation,10,1.0,1.0,0.3333333333333333,0.0,0.6666666666666666,-0.6666666666666666,-0.6666666666666666,1.0,0.35897435897435903,-0.641025641025641
Gemma4-E4B,response_reference_pre_reference_d1,record_template,Gemma4-E4B/native_thinking/v5/V4_4_T10000_N10_seed1298,2,8,1298,confirmation,10,1.0,1.0,0.0,0.0,1.0,-1.0,-1.0,1.0,0.038461538461538464,-0.9615384615384616
Gemma4-E4B,response_reference_pre_reference_d1,record_template,Gemma4-E4B/native_thinking/v5/V4_4_T10000_N10_seed1298,2,16,1298,confirmation,10,1.0,0.0,1.0,1.0,0.0,1.0,1.0,0.9615384615384616,1.0,0.038461538461538436
Gemma4-E4B,response_reference_pre_reference_d1,record_template,Gemma4-E4B/native_thinking/v5/V4_4_T10000_N10_seed1298,2,32,1298,confirmation,10,1.0,0.0,1.0,1.0,0.0,1.0,1.0,0.0,1.0,1.0
Gemma4-E4B,response_reference_pre_reference_d1,record_template,Gemma4-E4B/native_thinking/v5/V4_4_T10000_N10_seed1298,3,1,1298,confirmation,10,1.0,1.0,1.0,0.0,0.0,0.0,0.0,1.0,1.0,0.0
Gemma4-E4B,response_reference_pre_reference_d1,record_template,Gemma4-E4B/native_thinking/v5/V4_4_T10000_N10_seed1298,3,2,1298,confirmation,10,1.0,1.0,1.0,0.0,0.0,0.0,0.0,1.0,1.0,0.0
Gemma4-E4B,response_reference_pre_reference_d1,record_template,Gemma4-E4B/native_thinking/v5/V4_4_T10000_N10_seed1298,3,4,1298,confirmation,10,1.0,1.0,1.0,0.0,0.0,0.0,0.0,1.0,1.0,0.0
Gemma4-E4B,response_reference_pre_reference_d1,record_template,Gemma4-E4B/native_thinking/v5/V4_4_T10000_N10_seed1298,3,8,1298,confirmation,10,1.0,1.0,1.0,0.0,0.0,0.0,0.0,1.0,1.0,0.0
Gemma4-E4B,response_reference_pre_reference_d1,record_template,Gemma4-E4B/native_thinking/v5/V4_4_T10000_N10_seed1298,3,16,1298,confirmation,10,1.0,1.0,1.0,0.0,0.0,0.0,0.0,1.0,1.0,0.0
Gemma4-E4B,response_reference_pre_reference_d1,record_template,Gemma4-E4B/native_thinking/v5/V4_4_T10000_N10_seed1298,3,32,1298,confirmation,10,1.0,0.0,1.0,1.0,0.0,1.0,1.0,0.0,1.0,1.0
Gemma4-E4B,response_reference_pre_reference_d1,record_template,Gemma4-E4B/native_thinking/v5/V4_4_T10000_N10_seed1298,4,1,1298,confirmation,10,1.0,1.0,1.0,0.0,0.0,0.0,0.0,1.0,1.0,0.0
Gemma4-E4B,response_reference_pre_reference_d1,record_template,Gemma4-E4B/native_thinking/v5/V4_4_T10000_N10_seed1298,4,2,1298,confirmation,10,1.0,1.0,1.0,0.0,0.0,0.0,0.0,1.0,1.0,0.0
Gemma4-E4B,response_reference_pre_reference_d1,record_template,Gemma4-E4B/native_thinking/v5/V4_4_T10000_N10_seed1298,4,4,1298,confirmation,10,1.0,1.0,1.0,0.0,0.0,0.0,0.0,1.0,1.0,0.0
Gemma4-E4B,response_reference_pre_reference_d1,record_template,Gemma4-E4B/native_thinking/v5/V4_4_T10000_N10_seed1298,4,8,1298,confirmation,10,1.0,1.0,1.0,0.0,0.0,0.0,0.0,1.0,1.0,0.0
Gemma4-E4B,response_reference_pre_reference_d1,record_template,Gemma4-E4B/native_thinking/v5/V4_4_T10000_N10_seed1298,4,16,1298,confirmation,10,1.0,0.0,1.0,1.0,0.0,1.0,1.0,0.0,1.0,1.0
Gemma4-E4B,response_reference_pre_reference_d1,record_template,Gemma4-E4B/native_thinking/v5/V4_4_T10000_N10_seed1298,4,32,1298,confirmation,10,1.0,0.0,1.0,1.0,0.0,1.0,1.0,0.0,1.0,1.0
Gemma4-E4B,response_reference_pre_reference_d1,record_template,Gemma4-E4B/native_thinking/v5/V4_4_T10000_N10_seed1298,5,1,1298,confirmation,10,1.0,1.0,1.0,0.0,0.0,0.0,0.0,1.0,1.0,0.0
Gemma4-E4B,response_reference_pre_reference_d1,record_template,Gemma4-E4B/native_thinking/v5/V4_4_T10000_N10_seed1298,5,2,1298,confirmation,10,1.0,1.0,1.0,0.0,0.0,0.0,0.0,1.0,1.0,0.0
Gemma4-E4B,response_reference_pre_reference_d1,record_template,Gemma4-E4B/native_thinking/v5/V4_4_T10000_N10_seed1298,5,4,1298,confirmation,10,1.0,1.0,1.0,0.0,0.0,0.0,0.0,1.0,1.0,0.0
Gemma4-E4B,response_reference_pre_reference_d1,record_template,Gemma4-E4B/native_thinking/v5/V4_4_T10000_N10_seed1298,5,8,1298,confirmation,10,1.0,1.0,1.0,0.0,0.0,0.0,0.0,1.0,1.0,0.0
Gemma4-E4B,response_reference_pre_reference_d1,record_template,Gemma4-E4B/native_thinking/v5/V4_4_T10000_N10_seed1298,5,16,1298,confirmation,10,1.0,1.0,1.0,0.0,0.0,0.0,0.0,1.0,1.0,0.0
Gemma4-E4B,response_reference_pre_reference_d1,record_template,Gemma4-E4B/native_thinking/v5/V4_4_T10000_N10_seed1298,5,32,1298,confirmation,10,1.0,0.0,1.0,1.0,0.0,1.0,1.0,0.9615384615384616,1.0,0.038461538461538436
Gemma4-E4B,response_reference_pre_reference_d1,record_template,Gemma4-E4B/native_thinking/v5/V4_4_T10000_N10_seed1298,6,1,1298,confirmation,10,1.0,1.0,1.0,0.0,0.0,0.0,0.0,1.0,1.0,0.0
Gemma4-E4B,response_reference_pre_reference_d1,record_template,Gemma4-E4B/native_thinking/v5/V4_4_T10000_N10_seed1298,6,2,1298,confirmation,10,1.0,1.0,1.0,0.0,0.0,0.0,0.0,1.0,1.0,0.0
Gemma4-E4B,response_reference_pre_reference_d1,record_template,Gemma4-E4B/native_thinking/v5/V4_4_T10000_N10_seed1298,6,4,1298,confirmation,10,1.0,1.0,1.0,0.0,0.0,0.0,0.0,1.0,1.0,0.0
Gemma4-E4B,response_reference_pre_reference_d1,record_template,Gemma4-E4B/native_thinking/v5/V4_4_T10000_N10_seed1298,6,8,1298,confirmation,10,1.0,1.0,1.0,0.0,0.0,0.0,0.0,1.0,1.0,0.0
Gemma4-E4B,response_reference_pre_reference_d1,record_template,Gemma4-E4B/native_thinking/v5/V4_4_T10000_N10_seed1298,6,16,1298,confirmation,10,1.0,1.0,1.0,0.0,0.0,0.0,0.0,1.0,1.0,0.0
Gemma4-E4B,response_reference_pre_reference_d1,record_template,Gemma4-E4B/native_thinking/v5/V4_4_T10000_N10_seed1298,6,32,1298,confirmation,10,1.0,0.0,1.0,1.0,0.0,1.0,1.0,0.9615384615384616,1.0,0.038461538461538436
Gemma4-E4B,response_reference_pre_reference_d1,record_template,Gemma4-E4B/native_thinking/v5/V4_4_T10000_N10_seed1298,7,1,1298,confirmation,10,1.0,1.0,1.0,0.0,0.0,0.0,0.0,1.0,1.0,0.0
Gemma4-E4B,response_reference_pre_reference_d1,record_template,Gemma4-E4B/native_thinking/v5/V4_4_T10000_N10_seed1298,7,2,1298,confirmation,10,1.0,1.0,1.0,0.0,0.0,0.0,0.0,1.0,1.0,0.0
Gemma4-E4B,response_reference_pre_reference_d1,record_template,Gemma4-E4B/native_thinking/v5/V4_4_T10000_N10_seed1298,7,4,1298,confirmation,10,1.0,1.0,1.0,0.0,0.0,0.0,0.0,1.0,1.0,0.0
Gemma4-E4B,response_reference_pre_reference_d1,record_template,Gemma4-E4B/native_thinking/v5/V4_4_T10000_N10_seed1298,7,8,1298,confirmation,10,1.0,1.0,1.0,0.0,0.0,0.0,0.0,1.0,1.0,0.0
Gemma4-E4B,response_reference_pre_reference_d1,record_template,Gemma4-E4B/native_thinking/v5/V4_4_T10000_N10_seed1298,7,16,1298,confirmation,10,1.0,1.0,1.0,0.0,0.0,0.0,0.0,1.0,1.0,0.0
Gemma4-E4B,response_reference_pre_reference_d1,record_template,Gemma4-E4B/native_thinking/v5/V4_4_T10000_N10_seed1298,7,32,1298,confirmation,10,1.0,0.0,1.0,1.0,0.0,1.0,1.0,0.9615384615384616,1.0,0.038461538461538436
Gemma4-E4B,response_reference_pre_reference_d1,record_template,Gemma4-E4B/native_thinking/v5/V4_4_T10000_N10_seed1298,8,1,1298,confirmation,10,1.0,1.0,1.0,0.0,0.0,0.0,0.0,1.0,1.0,0.0
Gemma4-E4B,response_reference_pre_reference_d1,record_template,Gemma4-E4B/native_thinking/v5/V4_4_T10000_N10_seed1298,8,2,1298,confirmation,10,1.0,1.0,1.0,0.0,0.0,0.0,0.0,1.0,1.0,0.0
Gemma4-E4B,response_reference_pre_reference_d1,record_template,Gemma4-E4B/native_thinking/v5/V4_4_T10000_N10_seed1298,8,4,1298,confirmation,10,1.0,1.0,1.0,0.0,0.0,0.0,0.0,1.0,1.0,0.0
Gemma4-E4B,response_reference_pre_reference_d1,record_template,Gemma4-E4B/native_thinking/v5/V4_4_T10000_N10_seed1298,8,8,1298,confirmation,10,1.0,1.0,1.0,0.0,0.0,0.0,0.0,1.0,1.0,0.0
Gemma4-E4B,response_reference_pre_reference_d1,record_template,Gemma4-E4B/native_thinking/v5/V4_4_T10000_N10_seed1298,8,16,1298,confirmation,10,1.0,1.0,1.0,0.0,0.0,0.0,0.0,1.0,1.0,0.0
Gemma4-E4B,response_reference_pre_reference_d1,record_template,Gemma4-E4B/native_thinking/v5/V4_4_T10000_N10_seed1298,8,32,1298,confirmation,10,1.0,0.0,1.0,1.0,0.0,1.0,1.0,0.9629629629629629,1.0,0.03703703703703709
Gemma4-E4B,response_reference_pre_reference_d1,record_template,Gemma4-E4B/native_thinking/v5/V4_4_T10000_N10_seed1298,9,1,1298,confirmation,10,1.0,1.0,1.0,0.0,0.0,0.0,0.0,1.0,1.0,0.0
Gemma4-E4B,response_reference_pre_reference_d1,record_template,Gemma4-E4B/native_thinking/v5/V4_4_T10000_N10_seed1298,9,2,1298,confirmation,10,1.0,1.0,1.0,0.0,0.0,0.0,0.0,1.0,1.0,0.0
Gemma4-E4B,response_reference_pre_reference_d1,record_template,Gemma4-E4B/native_thinking/v5/V4_4_T10000_N10_seed1298,9,4,1298,confirmation,10,1.0,1.0,1.0,0.0,0.0,0.0,0.0,1.0,1.0,0.0
Gemma4-E4B,response_reference_pre_reference_d1,record_template,Gemma4-E4B/native_thinking/v5/V4_4_T10000_N10_seed1298,9,8,1298,confirmation,10,1.0,0.0,1.0,1.0,0.0,1.0,1.0,0.0,1.0,1.0
Gemma4-E4B,response_reference_pre_reference_d1,record_template,Gemma4-E4B/native_thinking/v5/V4_4_T10000_N10_seed1298,9,16,1298,confirmation,10,1.0,1.0,1.0,0.0,0.0,0.0,0.0,1.0,1.0,0.0
Gemma4-E4B,response_reference_pre_reference_d1,record_template,Gemma4-E4B/native_thinking/v5/V4_4_T10000_N10_seed1298,9,32,1298,confirmation,10,1.0,0.0,1.0,1.0,0.0,1.0,1.0,0.0,1.0,1.0
Gemma4-E4B,response_reference_pre_reference_d1,record_template,Gemma4-E4B/native_thinking/v5/V4_4_T10000_N10_seed1298,10,1,1298,confirmation,10,1.0,1.0,1.0,0.0,0.0,0.0,0.0,1.0,1.0,0.0
Gemma4-E4B,response_reference_pre_reference_d1,record_template,Gemma4-E4B/native_thinking/v5/V4_4_T10000_N10_seed1298,10,2,1298,confirmation,10,1.0,1.0,1.0,0.0,0.0,0.0,0.0,1.0,1.0,0.0
Gemma4-E4B,response_reference_pre_reference_d1,record_template,Gemma4-E4B/native_thinking/v5/V4_4_T10000_N10_seed1298,10,4,1298,confirmation,10,1.0,1.0,1.0,0.0,0.0,0.0,0.0,1.0,1.0,0.0
Gemma4-E4B,response_reference_pre_reference_d1,record_template,Gemma4-E4B/native_thinking/v5/V4_4_T10000_N10_seed1298,10,8,1298,confirmation,10,1.0,0.0,1.0,1.0,0.0,1.0,1.0,0.0,1.0,1.0
Gemma4-E4B,response_reference_pre_reference_d1,record_template,Gemma4-E4B/native_thinking/v5/V4_4_T10000_N10_seed1298,10,16,1298,confirmation,10,1.0,1.0,1.0,0.0,0.0,0.0,0.0,1.0,1.0,0.0
Gemma4-E4B,response_reference_pre_reference_d1,record_template,Gemma4-E4B/native_thinking/v5/V4_4_T10000_N10_seed1298,10,32,1298,confirmation,10,1.0,0.0,1.0,1.0,0.0,1.0,1.0,0.0,1.0,1.0
Gemma4-E4B,response_reference_pre_reference_d1,record_template,Gemma4-E4B/native_thinking/v5/V4_4_T10000_N10_seed1325,1,1,1325,confirmation,10,1.0,1.0,1.0,0.0,0.0,0.0,0.0,1.0,1.0,0.0
Gemma4-E4B,response_reference_pre_reference_d1,record_template,Gemma4-E4B/native_thinking/v5/V4_4_T10000_N10_seed1325,1,2,1325,confirmation,10,1.0,1.0,1.0,0.0,0.0,0.0,0.0,1.0,1.0,0.0
Gemma4-E4B,response_reference_pre_reference_d1,record_template,Gemma4-E4B/native_thinking/v5/V4_4_T10000_N10_seed1325,1,4,1325,confirmation,10,1.0,1.0,1.0,0.0,0.0,0.0,0.0,1.0,1.0,0.0
Gemma4-E4B,response_reference_pre_reference_d1,record_template,Gemma4-E4B/native_thinking/v5/V4_4_T10000_N10_seed1325,1,8,1325,confirmation,10,1.0,1.0,0.6666666666666666,0.0,0.3333333333333333,-0.3333333333333333,-0.3333333333333333,1.0,0.6842105263157895,-0.3157894736842105
Gemma4-E4B,response_reference_pre_reference_d1,record_template,Gemma4-E4B/native_thinking/v5/V4_4_T10000_N10_seed1325,1,16,1325,confirmation,10,1.0,0.0,0.3333333333333333,1.0,0.6666666666666666,0.33333333333333337,0.33333333333333337,0.0,0.3684210526315789,0.3684210526315789
Gemma4-E4B,response_reference_pre_reference_d1,record_template,Gemma4-E4B/native_thinking/v5/V4_4_T10000_N10_seed1325,1,32,1325,confirmation,10,1.0,0.0,1.0,1.0,0.0,1.0,1.0,0.0,1.0,1.0
Gemma4-E4B,response_reference_pre_reference_d1,record_template,Gemma4-E4B/native_thinking/v5/V4_4_T10000_N10_seed1325,2,1,1325,confirmation,10,1.0,1.0,1.0,0.0,0.0,0.0,0.0,1.0,1.0,0.0
Gemma4-E4B,response_reference_pre_reference_d1,record_template,Gemma4-E4B/native_thinking/v5/V4_4_T10000_N10_seed1325,2,2,1325,confirmation,10,1.0,1.0,1.0,0.0,0.0,0.0,0.0,1.0,1.0,0.0
Gemma4-E4B,response_reference_pre_reference_d1,record_template,Gemma4-E4B/native_thinking/v5/V4_4_T10000_N10_seed1325,2,4,1325,confirmation,10,1.0,1.0,1.0,0.0,0.0,0.0,0.0,1.0,1.0,0.0
Gemma4-E4B,response_reference_pre_reference_d1,record_template,Gemma4-E4B/native_thinking/v5/V4_4_T10000_N10_seed1325,2,8,1325,confirmation,10,1.0,0.0,1.0,1.0,0.0,1.0,1.0,0.0,1.0,1.0
Gemma4-E4B,response_reference_pre_reference_d1,record_template,Gemma4-E4B/native_thinking/v5/V4_4_T10000_N10_seed1325,2,16,1325,confirmation,10,1.0,0.0,1.0,1.0,0.0,1.0,1.0,0.0,1.0,1.0
Gemma4-E4B,response_reference_pre_reference_d1,record_template,Gemma4-E4B/native_thinking/v5/V4_4_T10000_N10_seed1325,2,32,1325,confirmation,10,1.0,0.0,1.0,1.0,0.0,1.0,1.0,0.0,1.0,1.0
Gemma4-E4B,response_reference_pre_reference_d1,record_template,Gemma4-E4B/native_thinking/v5/V4_4_T10000_N10_seed1325,3,1,1325,confirmation,10,1.0,1.0,1.0,0.0,0.0,0.0,0.0,1.0,1.0,0.0
Gemma4-E4B,response_reference_pre_reference_d1,record_template,Gemma4-E4B/native_thinking/v5/V4_4_T10000_N10_seed1325,3,2,1325,confirmation,10,1.0,1.0,1.0,0.0,0.0,0.0,0.0,1.0,1.0,0.0
Gemma4-E4B,response_reference_pre_reference_d1,record_template,Gemma4-E4B/native_thinking/v5/V4_4_T10000_N10_seed1325,3,4,1325,confirmation,10,1.0,1.0,1.0,0.0,0.0,0.0,0.0,1.0,1.0,0.0
Gemma4-E4B,response_reference_pre_reference_d1,record_template,Gemma4-E4B/native_thinking/v5/V4_4_T10000_N10_seed1325,3,8,1325,confirmation,10,1.0,0.0,1.0,1.0,0.0,1.0,1.0,0.05263157894736842,1.0,0.9473684210526316
Gemma4-E4B,response_reference_pre_reference_d1,record_template,Gemma4-E4B/native_thinking/v5/V4_4_T10000_N10_seed1325,3,16,1325,confirmation,10,1.0,0.0,1.0,1.0,0.0,1.0,1.0,0.0,1.0,1.0
Gemma4-E4B,response_reference_pre_reference_d1,record_template,Gemma4-E4B/native_thinking/v5/V4_4_T10000_N10_seed1325,3,32,1325,confirmation,10,1.0,0.0,1.0,1.0,0.0,1.0,1.0,0.0,1.0,1.0
Gemma4-E4B,response_reference_pre_reference_d1,record_template,Gemma4-E4B/native_thinking/v5/V4_4_T10000_N10_seed1325,4,1,1325,confirmation,10,1.0,1.0,1.0,0.0,0.0,0.0,0.0,1.0,1.0,0.0
Gemma4-E4B,response_reference_pre_reference_d1,record_template,Gemma4-E4B/native_thinking/v5/V4_4_T10000_N10_seed1325,4,2,1325,confirmation,10,1.0,1.0,1.0,0.0,0.0,0.0,0.0,1.0,1.0,0.0
Gemma4-E4B,response_reference_pre_reference_d1,record_template,Gemma4-E4B/native_thinking/v5/V4_4_T10000_N10_seed1325,4,4,1325,confirmation,10,1.0,1.0,1.0,0.0,0.0,0.0,0.0,1.0,1.0,0.0
Gemma4-E4B,response_reference_pre_reference_d1,record_template,Gemma4-E4B/native_thinking/v5/V4_4_T10000_N10_seed1325,4,8,1325,confirmation,10,1.0,1.0,1.0,0.0,0.0,0.0,0.0,1.0,1.0,0.0
Gemma4-E4B,response_reference_pre_reference_d1,record_template,Gemma4-E4B/native_thinking/v5/V4_4_T10000_N10_seed1325,4,16,1325,confirmation,10,1.0,1.0,1.0,0.0,0.0,0.0,0.0,1.0,1.0,0.0
Gemma4-E4B,response_reference_pre_reference_d1,record_template,Gemma4-E4B/native_thinking/v5/V4_4_T10000_N10_seed1325,4,32,1325,confirmation,10,1.0,1.0,1.0,0.0,0.0,0.0,0.0,1.0,1.0,0.0
Gemma4-E4B,response_reference_pre_reference_d1,record_template,Gemma4-E4B/native_thinking/v5/V4_4_T10000_N10_seed1325,5,1,1325,confirmation,10,1.0,1.0,1.0,0.0,0.0,0.0,0.0,1.0,1.0,0.0
Gemma4-E4B,response_reference_pre_reference_d1,record_template,Gemma4-E4B/native_thinking/v5/V4_4_T10000_N10_seed1325,5,2,1325,confirmation,10,1.0,1.0,1.0,0.0,0.0,0.0,0.0,1.0,1.0,0.0
Gemma4-E4B,response_reference_pre_reference_d1,record_template,Gemma4-E4B/native_thinking/v5/V4_4_T10000_N10_seed1325,5,4,1325,confirmation,10,1.0,1.0,1.0,0.0,0.0,0.0,0.0,1.0,1.0,0.0
Gemma4-E4B,response_reference_pre_reference_d1,record_template,Gemma4-E4B/native_thinking/v5/V4_4_T10000_N10_seed1325,5,8,1325,confirmation,10,1.0,1.0,1.0,0.0,0.0,0.0,0.0,1.0,1.0,0.0
Gemma4-E4B,response_reference_pre_reference_d1,record_template,Gemma4-E4B/native_thinking/v5/V4_4_T10000_N10_seed1325,5,16,1325,confirmation,10,1.0,1.0,1.0,0.0,0.0,0.0,0.0,1.0,1.0,0.0
Gemma4-E4B,response_reference_pre_reference_d1,record_template,Gemma4-E4B/native_thinking/v5/V4_4_T10000_N10_seed1325,5,32,1325,confirmation,10,1.0,0.0,1.0,1.0,0.0,1.0,1.0,0.0,1.0,1.0
Gemma4-E4B,response_reference_pre_reference_d1,record_template,Gemma4-E4B/native_thinking/v5/V4_4_T10000_N10_seed1325,6,1,1325,confirmation,10,1.0,1.0,1.0,0.0,0.0,0.0,0.0,1.0,1.0,0.0
Gemma4-E4B,response_reference_pre_reference_d1,record_template,Gemma4-E4B/native_thinking/v5/V4_4_T10000_N10_seed1325,6,2,1325,confirmation,10,1.0,1.0,1.0,0.0,0.0,0.0,0.0,1.0,1.0,0.0
Gemma4-E4B,response_reference_pre_reference_d1,record_template,Gemma4-E4B/native_thinking/v5/V4_4_T10000_N10_seed1325,6,4,1325,confirmation,10,1.0,1.0,1.0,0.0,0.0,0.0,0.0,1.0,1.0,0.0
Gemma4-E4B,response_reference_pre_reference_d1,record_template,Gemma4-E4B/native_thinking/v5/V4_4_T10000_N10_seed1325,6,8,1325,confirmation,10,1.0,1.0,1.0,0.0,0.0,0.0,0.0,1.0,1.0,0.0
Gemma4-E4B,response_reference_pre_reference_d1,record_template,Gemma4-E4B/native_thinking/v5/V4_4_T10000_N10_seed1325,6,16,1325,confirmation,10,1.0,1.0,1.0,0.0,0.0,0.0,0.0,1.0,1.0,0.0
Gemma4-E4B,response_reference_pre_reference_d1,record_template,Gemma4-E4B/native_thinking/v5/V4_4_T10000_N10_seed1325,6,32,1325,confirmation,10,1.0,0.0,1.0,1.0,0.0,1.0,1.0,0.0,1.0,1.0
Gemma4-E4B,response_reference_pre_reference_d1,record_template,Gemma4-E4B/native_thinking/v5/V4_4_T10000_N10_seed1325,7,1,1325,confirmation,10,1.0,1.0,1.0,0.0,0.0,0.0,0.0,1.0,1.0,0.0
Gemma4-E4B,response_reference_pre_reference_d1,record_template,Gemma4-E4B/native_thinking/v5/V4_4_T10000_N10_seed1325,7,2,1325,confirmation,10,1.0,1.0,1.0,0.0,0.0,0.0,0.0,1.0,1.0,0.0
Gemma4-E4B,response_reference_pre_reference_d1,record_template,Gemma4-E4B/native_thinking/v5/V4_4_T10000_N10_seed1325,7,4,1325,confirmation,10,1.0,1.0,1.0,0.0,0.0,0.0,0.0,1.0,1.0,0.0
Gemma4-E4B,response_reference_pre_reference_d1,record_template,Gemma4-E4B/native_thinking/v5/V4_4_T10000_N10_seed1325,7,8,1325,confirmation,10,1.0,1.0,1.0,0.0,0.0,0.0,0.0,1.0,1.0,0.0
Gemma4-E4B,response_reference_pre_reference_d1,record_template,Gemma4-E4B/native_thinking/v5/V4_4_T10000_N10_seed1325,7,16,1325,confirmation,10,1.0,1.0,1.0,0.0,0.0,0.0,0.0,1.0,1.0,0.0
Gemma4-E4B,response_reference_pre_reference_d1,record_template,Gemma4-E4B/native_thinking/v5/V4_4_T10000_N10_seed1325,7,32,1325,confirmation,10,1.0,0.0,1.0,1.0,0.0,1.0,1.0,0.0,1.0,1.0
Gemma4-E4B,response_reference_pre_reference_d1,record_template,Gemma4-E4B/native_thinking/v5/V4_4_T10000_N10_seed1325,8,1,1325,confirmation,10,1.0,1.0,1.0,0.0,0.0,0.0,0.0,1.0,1.0,0.0
Gemma4-E4B,response_reference_pre_reference_d1,record_template,Gemma4-E4B/native_thinking/v5/V4_4_T10000_N10_seed1325,8,2,1325,confirmation,10,1.0,1.0,1.0,0.0,0.0,0.0,0.0,1.0,1.0,0.0
Gemma4-E4B,response_reference_pre_reference_d1,record_template,Gemma4-E4B/native_thinking/v5/V4_4_T10000_N10_seed1325,8,4,1325,confirmation,10,1.0,0.0,1.0,1.0,0.0,1.0,1.0,0.0,1.0,1.0
Gemma4-E4B,response_reference_pre_reference_d1,record_template,Gemma4-E4B/native_thinking/v5/V4_4_T10000_N10_seed1325,8,8,1325,confirmation,10,1.0,0.0,1.0,1.0,0.0,1.0,1.0,0.0,1.0,1.0
Gemma4-E4B,response_reference_pre_reference_d1,record_template,Gemma4-E4B/native_thinking/v5/V4_4_T10000_N10_seed1325,8,16,1325,confirmation,10,1.0,1.0,1.0,0.0,0.0,0.0,0.0,1.0,1.0,0.0
Gemma4-E4B,response_reference_pre_reference_d1,record_template,Gemma4-E4B/native_thinking/v5/V4_4_T10000_N10_seed1325,8,32,1325,confirmation,10,1.0,0.0,1.0,1.0,0.0,1.0,1.0,0.0,1.0,1.0
Gemma4-E4B,response_reference_pre_reference_d1,record_template,Gemma4-E4B/native_thinking/v5/V4_4_T10000_N10_seed1325,9,1,1325,confirmation,10,1.0,1.0,1.0,0.0,0.0,0.0,0.0,1.0,1.0,0.0
Gemma4-E4B,response_reference_pre_reference_d1,record_template,Gemma4-E4B/native_thinking/v5/V4_4_T10000_N10_seed1325,9,2,1325,confirmation,10,1.0,1.0,1.0,0.0,0.0,0.0,0.0,1.0,1.0,0.0
Gemma4-E4B,response_reference_pre_reference_d1,record_template,Gemma4-E4B/native_thinking/v5/V4_4_T10000_N10_seed1325,9,4,1325,confirmation,10,1.0,0.0,1.0,1.0,0.0,1.0,1.0,0.0,1.0,1.0
Gemma4-E4B,response_reference_pre_reference_d1,record_template,Gemma4-E4B/native_thinking/v5/V4_4_T10000_N10_seed1325,9,8,1325,confirmation,10,1.0,0.0,1.0,1.0,0.0,1.0,1.0,0.0,1.0,1.0
Gemma4-E4B,response_reference_pre_reference_d1,record_template,Gemma4-E4B/native_thinking/v5/V4_4_T10000_N10_seed1325,9,16,1325,confirmation,10,1.0,0.0,1.0,1.0,0.0,1.0,1.0,0.0,1.0,1.0
Gemma4-E4B,response_reference_pre_reference_d1,record_template,Gemma4-E4B/native_thinking/v5/V4_4_T10000_N10_seed1325,9,32,1325,confirmation,10,1.0,0.0,1.0,1.0,0.0,1.0,1.0,0.0,1.0,1.0
Gemma4-E4B,response_reference_pre_reference_d1,record_template,Gemma4-E4B/native_thinking/v5/V4_4_T10000_N10_seed1325,10,1,1325,confirmation,10,1.0,1.0,1.0,0.0,0.0,0.0,0.0,1.0,1.0,0.0
Gemma4-E4B,response_reference_pre_reference_d1,record_template,Gemma4-E4B/native_thinking/v5/V4_4_T10000_N10_seed1325,10,2,1325,confirmation,10,1.0,0.0,1.0,1.0,0.0,1.0,1.0,0.0,1.0,1.0
Gemma4-E4B,response_reference_pre_reference_d1,record_template,Gemma4-E4B/native_thinking/v5/V4_4_T10000_N10_seed1325,10,4,1325,confirmation,10,1.0,0.0,1.0,1.0,0.0,1.0,1.0,0.0,1.0,1.0
Gemma4-E4B,response_reference_pre_reference_d1,record_template,Gemma4-E4B/native_thinking/v5/V4_4_T10000_N10_seed1325,10,8,1325,confirmation,10,1.0,0.0,1.0,1.0,0.0,1.0,1.0,0.05263157894736842,1.0,0.9473684210526316
Gemma4-E4B,response_reference_pre_reference_d1,record_template,Gemma4-E4B/native_thinking/v5/V4_4_T10000_N10_seed1325,10,16,1325,confirmation,10,1.0,0.0,1.0,1.0,0.0,1.0,1.0,0.05263157894736842,1.0,0.9473684210526316
Gemma4-E4B,response_reference_pre_reference_d1,record_template,Gemma4-E4B/native_thinking/v5/V4_4_T10000_N10_seed1325,10,32,1325,confirmation,10,1.0,0.0,1.0,1.0,0.0,1.0,1.0,0.0,1.0,1.0
Gemma4-E4B,response_reference_pre_reference_d1,record_template,Gemma4-E4B/native_thinking/v5/V4_4_T10000_N10_seed1352,1,1,1352,confirmation,10,1.0,1.0,1.0,0.0,0.0,0.0,0.0,1.0,1.0,0.0
Gemma4-E4B,response_reference_pre_reference_d1,record_template,Gemma4-E4B/native_thinking/v5/V4_4_T10000_N10_seed1352,1,2,1352,confirmation,10,1.0,1.0,1.0,0.0,0.0,0.0,0.0,1.0,1.0,0.0
Gemma4-E4B,response_reference_pre_reference_d1,record_template,Gemma4-E4B/native_thinking/v5/V4_4_T10000_N10_seed1352,1,4,1352,confirmation,10,1.0,1.0,1.0,0.0,0.0,0.0,0.0,1.0,1.0,0.0
Gemma4-E4B,response_reference_pre_reference_d1,record_template,Gemma4-E4B/native_thinking/v5/V4_4_T10000_N10_seed1352,1,8,1352,confirmation,10,1.0,1.0,1.0,0.0,0.0,0.0,0.0,1.0,1.0,0.0
Gemma4-E4B,response_reference_pre_reference_d1,record_template,Gemma4-E4B/native_thinking/v5/V4_4_T10000_N10_seed1352,1,16,1352,confirmation,10,1.0,0.0,1.0,1.0,0.0,1.0,1.0,0.038461538461538464,1.0,0.9615384615384616
Gemma4-E4B,response_reference_pre_reference_d1,record_template,Gemma4-E4B/native_thinking/v5/V4_4_T10000_N10_seed1352,1,32,1352,confirmation,10,1.0,0.0,1.0,1.0,0.0,1.0,1.0,0.038461538461538464,1.0,0.9615384615384616
Gemma4-E4B,response_reference_pre_reference_d1,record_template,Gemma4-E4B/native_thinking/v5/V4_4_T10000_N10_seed1352,2,1,1352,confirmation,10,1.0,1.0,1.0,0.0,0.0,0.0,0.0,1.0,1.0,0.0
Gemma4-E4B,response_reference_pre_reference_d1,record_template,Gemma4-E4B/native_thinking/v5/V4_4_T10000_N10_seed1352,2,2,1352,confirmation,10,1.0,1.0,1.0,0.0,0.0,0.0,0.0,1.0,1.0,0.0
Gemma4-E4B,response_reference_pre_reference_d1,record_template,Gemma4-E4B/native_thinking/v5/V4_4_T10000_N10_seed1352,2,4,1352,confirmation,10,1.0,1.0,1.0,0.0,0.0,0.0,0.0,1.0,1.0,0.0
Gemma4-E4B,response_reference_pre_reference_d1,record_template,Gemma4-E4B/native_thinking/v5/V4_4_T10000_N10_seed1352,2,8,1352,confirmation,10,1.0,0.0,1.0,1.0,0.0,1.0,1.0,0.0,1.0,1.0
Gemma4-E4B,response_reference_pre_reference_d1,record_template,Gemma4-E4B/native_thinking/v5/V4_4_T10000_N10_seed1352,2,16,1352,confirmation,10,1.0,0.0,1.0,1.0,0.0,1.0,1.0,0.0,1.0,1.0
Gemma4-E4B,response_reference_pre_reference_d1,record_template,Gemma4-E4B/native_thinking/v5/V4_4_T10000_N10_seed1352,2,32,1352,confirmation,10,1.0,0.0,1.0,1.0,0.0,1.0,1.0,0.0,1.0,1.0
Gemma4-E4B,response_reference_pre_reference_d1,record_template,Gemma4-E4B/native_thinking/v5/V4_4_T10000_N10_seed1352,3,1,1352,confirmation,10,1.0,1.0,1.0,0.0,0.0,0.0,0.0,1.0,1.0,0.0
Gemma4-E4B,response_reference_pre_reference_d1,record_template,Gemma4-E4B/native_thinking/v5/V4_4_T10000_N10_seed1352,3,2,1352,confirmation,10,1.0,1.0,1.0,0.0,0.0,0.0,0.0,1.0,1.0,0.0
Gemma4-E4B,response_reference_pre_reference_d1,record_template,Gemma4-E4B/native_thinking/v5/V4_4_T10000_N10_seed1352,3,4,1352,confirmation,10,1.0,1.0,1.0,0.0,0.0,0.0,0.0,1.0,1.0,0.0
Gemma4-E4B,response_reference_pre_reference_d1,record_template,Gemma4-E4B/native_thinking/v5/V4_4_T10000_N10_seed1352,3,8,1352,confirmation,10,1.0,0.0,1.0,1.0,0.0,1.0,1.0,0.0,1.0,1.0
Gemma4-E4B,response_reference_pre_reference_d1,record_template,Gemma4-E4B/native_thinking/v5/V4_4_T10000_N10_seed1352,3,16,1352,confirmation,10,1.0,0.0,1.0,1.0,0.0,1.0,1.0,0.0,1.0,1.0
Gemma4-E4B,response_reference_pre_reference_d1,record_template,Gemma4-E4B/native_thinking/v5/V4_4_T10000_N10_seed1352,3,32,1352,confirmation,10,1.0,0.0,1.0,1.0,0.0,1.0,1.0,0.0,1.0,1.0
Gemma4-E4B,response_reference_pre_reference_d1,record_template,Gemma4-E4B/native_thinking/v5/V4_4_T10000_N10_seed1352,4,1,1352,confirmation,10,1.0,1.0,1.0,0.0,0.0,0.0,0.0,1.0,1.0,0.0
Gemma4-E4B,response_reference_pre_reference_d1,record_template,Gemma4-E4B/native_thinking/v5/V4_4_T10000_N10_seed1352,4,2,1352,confirmation,10,1.0,1.0,1.0,0.0,0.0,0.0,0.0,1.0,1.0,0.0
Gemma4-E4B,response_reference_pre_reference_d1,record_template,Gemma4-E4B/native_thinking/v5/V4_4_T10000_N10_seed1352,4,4,1352,confirmation,10,1.0,1.0,1.0,0.0,0.0,0.0,0.0,1.0,1.0,0.0
Gemma4-E4B,response_reference_pre_reference_d1,record_template,Gemma4-E4B/native_thinking/v5/V4_4_T10000_N10_seed1352,4,8,1352,confirmation,10,1.0,0.0,1.0,1.0,0.0,1.0,1.0,0.0,1.0,1.0
Gemma4-E4B,response_reference_pre_reference_d1,record_template,Gemma4-E4B/native_thinking/v5/V4_4_T10000_N10_seed1352,4,16,1352,confirmation,10,1.0,0.0,1.0,1.0,0.0,1.0,1.0,0.0,1.0,1.0
Gemma4-E4B,response_reference_pre_reference_d1,record_template,Gemma4-E4B/native_thinking/v5/V4_4_T10000_N10_seed1352,4,32,1352,confirmation,10,1.0,0.0,1.0,1.0,0.0,1.0,1.0,0.0,1.0,1.0
Gemma4-E4B,response_reference_pre_reference_d1,record_template,Gemma4-E4B/native_thinking/v5/V4_4_T10000_N10_seed1352,5,1,1352,confirmation,10,1.0,1.0,1.0,0.0,0.0,0.0,0.0,1.0,1.0,0.0
Gemma4-E4B,response_reference_pre_reference_d1,record_template,Gemma4-E4B/native_thinking/v5/V4_4_T10000_N10_seed1352,5,2,1352,confirmation,10,1.0,1.0,1.0,0.0,0.0,0.0,0.0,1.0,1.0,0.0
Gemma4-E4B,response_reference_pre_reference_d1,record_template,Gemma4-E4B/native_thinking/v5/V4_4_T10000_N10_seed1352,5,4,1352,confirmation,10,1.0,1.0,1.0,0.0,0.0,0.0,0.0,1.0,1.0,0.0
Gemma4-E4B,response_reference_pre_reference_d1,record_template,Gemma4-E4B/native_thinking/v5/V4_4_T10000_N10_seed1352,5,8,1352,confirmation,10,1.0,1.0,1.0,0.0,0.0,0.0,0.0,1.0,1.0,0.0
Gemma4-E4B,response_reference_pre_reference_d1,record_template,Gemma4-E4B/native_thinking/v5/V4_4_T10000_N10_seed1352,5,16,1352,confirmation,10,1.0,1.0,1.0,0.0,0.0,0.0,0.0,1.0,1.0,0.0
Gemma4-E4B,response_reference_pre_reference_d1,record_template,Gemma4-E4B/native_thinking/v5/V4_4_T10000_N10_seed1352,5,32,1352,confirmation,10,1.0,0.0,1.0,1.0,0.0,1.0,1.0,0.0,1.0,1.0
Gemma4-E4B,response_reference_pre_reference_d1,record_template,Gemma4-E4B/native_thinking/v5/V4_4_T10000_N10_seed1352,6,1,1352,confirmation,10,1.0,1.0,1.0,0.0,0.0,0.0,0.0,1.0,1.0,0.0
Gemma4-E4B,response_reference_pre_reference_d1,record_template,Gemma4-E4B/native_thinking/v5/V4_4_T10000_N10_seed1352,6,2,1352,confirmation,10,1.0,1.0,1.0,0.0,0.0,0.0,0.0,1.0,1.0,0.0
Gemma4-E4B,response_reference_pre_reference_d1,record_template,Gemma4-E4B/native_thinking/v5/V4_4_T10000_N10_seed1352,6,4,1352,confirmation,10,1.0,1.0,1.0,0.0,0.0,0.0,0.0,1.0,1.0,0.0
Gemma4-E4B,response_reference_pre_reference_d1,record_template,Gemma4-E4B/native_thinking/v5/V4_4_T10000_N10_seed1352,6,8,1352,confirmation,10,1.0,1.0,1.0,0.0,0.0,0.0,0.0,1.0,1.0,0.0
Gemma4-E4B,response_reference_pre_reference_d1,record_template,Gemma4-E4B/native_thinking/v5/V4_4_T10000_N10_seed1352,6,16,1352,confirmation,10,1.0,0.0,1.0,1.0,0.0,1.0,1.0,0.0,1.0,1.0
Gemma4-E4B,response_reference_pre_reference_d1,record_template,Gemma4-E4B/native_thinking/v5/V4_4_T10000_N10_seed1352,6,32,1352,confirmation,10,1.0,0.0,1.0,1.0,0.0,1.0,1.0,0.0,1.0,1.0
Gemma4-E4B,response_reference_pre_reference_d1,record_template,Gemma4-E4B/native_thinking/v5/V4_4_T10000_N10_seed1352,7,1,1352,confirmation,10,1.0,1.0,1.0,0.0,0.0,0.0,0.0,1.0,1.0,0.0
Gemma4-E4B,response_reference_pre_reference_d1,record_template,Gemma4-E4B/native_thinking/v5/V4_4_T10000_N10_seed1352,7,2,1352,confirmation,10,1.0,1.0,1.0,0.0,0.0,0.0,0.0,1.0,1.0,0.0
Gemma4-E4B,response_reference_pre_reference_d1,record_template,Gemma4-E4B/native_thinking/v5/V4_4_T10000_N10_seed1352,7,4,1352,confirmation,10,1.0,1.0,1.0,0.0,0.0,0.0,0.0,1.0,1.0,0.0
Gemma4-E4B,response_reference_pre_reference_d1,record_template,Gemma4-E4B/native_thinking/v5/V4_4_T10000_N10_seed1352,7,8,1352,confirmation,10,1.0,1.0,1.0,0.0,0.0,0.0,0.0,1.0,1.0,0.0
Gemma4-E4B,response_reference_pre_reference_d1,record_template,Gemma4-E4B/native_thinking/v5/V4_4_T10000_N10_seed1352,7,16,1352,confirmation,10,1.0,1.0,1.0,0.0,0.0,0.0,0.0,1.0,1.0,0.0
Gemma4-E4B,response_reference_pre_reference_d1,record_template,Gemma4-E4B/native_thinking/v5/V4_4_T10000_N10_seed1352,7,32,1352,confirmation,10,1.0,0.0,1.0,1.0,0.0,1.0,1.0,0.0,1.0,1.0
Gemma4-E4B,response_reference_pre_reference_d1,record_template,Gemma4-E4B/native_thinking/v5/V4_4_T10000_N10_seed1352,8,1,1352,confirmation,10,1.0,1.0,1.0,0.0,0.0,0.0,0.0,1.0,1.0,0.0
Gemma4-E4B,response_reference_pre_reference_d1,record_template,Gemma4-E4B/native_thinking/v5/V4_4_T10000_N10_seed1352,8,2,1352,confirmation,10,1.0,1.0,1.0,0.0,0.0,0.0,0.0,1.0,1.0,0.0
Gemma4-E4B,response_reference_pre_reference_d1,record_template,Gemma4-E4B/native_thinking/v5/V4_4_T10000_N10_seed1352,8,4,1352,confirmation,10,1.0,1.0,1.0,0.0,0.0,0.0,0.0,1.0,1.0,0.0
Gemma4-E4B,response_reference_pre_reference_d1,record_template,Gemma4-E4B/native_thinking/v5/V4_4_T10000_N10_seed1352,8,8,1352,confirmation,10,1.0,0.0,1.0,1.0,0.0,1.0,1.0,0.0,1.0,1.0
Gemma4-E4B,response_reference_pre_reference_d1,record_template,Gemma4-E4B/native_thinking/v5/V4_4_T10000_N10_seed1352,8,16,1352,confirmation,10,1.0,0.0,1.0,1.0,0.0,1.0,1.0,0.0,1.0,1.0
Gemma4-E4B,response_reference_pre_reference_d1,record_template,Gemma4-E4B/native_thinking/v5/V4_4_T10000_N10_seed1352,8,32,1352,confirmation,10,1.0,0.0,1.0,1.0,0.0,1.0,1.0,0.0,1.0,1.0
Gemma4-E4B,response_reference_pre_reference_d1,record_template,Gemma4-E4B/native_thinking/v5/V4_4_T10000_N10_seed1352,9,1,1352,confirmation,10,1.0,1.0,1.0,0.0,0.0,0.0,0.0,1.0,1.0,0.0
Gemma4-E4B,response_reference_pre_reference_d1,record_template,Gemma4-E4B/native_thinking/v5/V4_4_T10000_N10_seed1352,9,2,1352,confirmation,10,1.0,1.0,1.0,0.0,0.0,0.0,0.0,1.0,1.0,0.0
Gemma4-E4B,response_reference_pre_reference_d1,record_template,Gemma4-E4B/native_thinking/v5/V4_4_T10000_N10_seed1352,9,4,1352,confirmation,10,1.0,1.0,1.0,0.0,0.0,0.0,0.0,1.0,1.0,0.0
Gemma4-E4B,response_reference_pre_reference_d1,record_template,Gemma4-E4B/native_thinking/v5/V4_4_T10000_N10_seed1352,9,8,1352,confirmation,10,1.0,0.0,1.0,1.0,0.0,1.0,1.0,0.0,1.0,1.0
Gemma4-E4B,response_reference_pre_reference_d1,record_template,Gemma4-E4B/native_thinking/v5/V4_4_T10000_N10_seed1352,9,16,1352,confirmation,10,1.0,0.0,1.0,1.0,0.0,1.0,1.0,0.0,1.0,1.0
Gemma4-E4B,response_reference_pre_reference_d1,record_template,Gemma4-E4B/native_thinking/v5/V4_4_T10000_N10_seed1352,9,32,1352,confirmation,10,1.0,0.0,1.0,1.0,0.0,1.0,1.0,0.0,1.0,1.0
Gemma4-E4B,response_reference_pre_reference_d1,record_template,Gemma4-E4B/native_thinking/v5/V4_4_T10000_N10_seed1352,10,1,1352,confirmation,10,1.0,1.0,1.0,0.0,0.0,0.0,0.0,1.0,1.0,0.0
Gemma4-E4B,response_reference_pre_reference_d1,record_template,Gemma4-E4B/native_thinking/v5/V4_4_T10000_N10_seed1352,10,2,1352,confirmation,10,1.0,1.0,1.0,0.0,0.0,0.0,0.0,1.0,1.0,0.0
Gemma4-E4B,response_reference_pre_reference_d1,record_template,Gemma4-E4B/native_thinking/v5/V4_4_T10000_N10_seed1352,10,4,1352,confirmation,10,1.0,0.0,1.0,1.0,0.0,1.0,1.0,0.0,1.0,1.0
Gemma4-E4B,response_reference_pre_reference_d1,record_template,Gemma4-E4B/native_thinking/v5/V4_4_T10000_N10_seed1352,10,8,1352,confirmation,10,1.0,0.0,1.0,1.0,0.0,1.0,1.0,0.0,1.0,1.0
Gemma4-E4B,response_reference_pre_reference_d1,record_template,Gemma4-E4B/native_thinking/v5/V4_4_T10000_N10_seed1352,10,16,1352,confirmation,10,1.0,0.0,1.0,1.0,0.0,1.0,1.0,0.0,1.0,1.0
Gemma4-E4B,response_reference_pre_reference_d1,record_template,Gemma4-E4B/native_thinking/v5/V4_4_T10000_N10_seed1352,10,32,1352,confirmation,10,1.0,0.0,1.0,1.0,0.0,1.0,1.0,0.0,1.0,1.0
Gemma4-E4B,response_reference_pre_reference_d1,record_template,Gemma4-E4B/native_thinking/v5/V4_4_T10000_N1_seed1256,1,1,1256,confirmation,1,1.0,1.0,1.0,0.0,0.0,0.0,0.0,1.0,1.0,0.0
Gemma4-E4B,response_reference_pre_reference_d1,record_template,Gemma4-E4B/native_thinking/v5/V4_4_T10000_N1_seed1256,1,2,1256,confirmation,1,1.0,1.0,1.0,0.0,0.0,0.0,0.0,1.0,1.0,0.0
Gemma4-E4B,response_reference_pre_reference_d1,record_template,Gemma4-E4B/native_thinking/v5/V4_4_T10000_N1_seed1256,1,4,1256,confirmation,1,1.0,1.0,1.0,0.0,0.0,0.0,0.0,1.0,1.0,0.0
Gemma4-E4B,response_reference_pre_reference_d1,record_template,Gemma4-E4B/native_thinking/v5/V4_4_T10000_N1_seed1256,1,8,1256,confirmation,1,1.0,1.0,0.6666666666666666,0.0,0.3333333333333333,-0.3333333333333333,-0.3333333333333333,1.0,0.6666666666666666,-0.33333333333333337
Gemma4-E4B,response_reference_pre_reference_d1,record_template,Gemma4-E4B/native_thinking/v5/V4_4_T10000_N1_seed1256,1,16,1256,confirmation,1,1.0,1.0,0.0,0.0,1.0,-1.0,-1.0,1.0,0.0,-1.0
Gemma4-E4B,response_reference_pre_reference_d1,record_template,Gemma4-E4B/native_thinking/v5/V4_4_T10000_N1_seed1256,1,32,1256,confirmation,1,1.0,0.0,0.0,1.0,1.0,0.0,0.0,0.0,0.0,0.0
Gemma4-E4B,response_reference_pre_reference_d1,record_template,Gemma4-E4B/native_thinking/v5/V4_4_T10000_N2_seed1257,1,1,1257,confirmation,2,1.0,1.0,1.0,0.0,0.0,0.0,0.0,1.0,1.0,0.0
Gemma4-E4B,response_reference_pre_reference_d1,record_template,Gemma4-E4B/native_thinking/v5/V4_4_T10000_N2_seed1257,1,2,1257,confirmation,2,1.0,1.0,0.6666666666666666,0.0,0.3333333333333333,-0.3333333333333333,-0.3333333333333333,1.0,0.6666666666666666,-0.33333333333333337
Gemma4-E4B,response_reference_pre_reference_d1,record_template,Gemma4-E4B/native_thinking/v5/V4_4_T10000_N2_seed1257,1,4,1257,confirmation,2,1.0,1.0,0.6666666666666666,0.0,0.3333333333333333,-0.3333333333333333,-0.3333333333333333,1.0,0.6666666666666666,-0.33333333333333337
Gemma4-E4B,response_reference_pre_reference_d1,record_template,Gemma4-E4B/native_thinking/v5/V4_4_T10000_N2_seed1257,1,8,1257,confirmation,2,1.0,1.0,1.0,0.0,0.0,0.0,0.0,1.0,1.0,0.0
Gemma4-E4B,response_reference_pre_reference_d1,record_template,Gemma4-E4B/native_thinking/v5/V4_4_T10000_N2_seed1257,1,16,1257,confirmation,2,1.0,0.0,0.0,1.0,1.0,0.0,0.0,0.0,0.0,0.0
Gemma4-E4B,response_reference_pre_reference_d1,record_template,Gemma4-E4B/native_thinking/v5/V4_4_T10000_N2_seed1257,1,32,1257,confirmation,2,1.0,0.0,0.0,1.0,1.0,0.0,0.0,0.0,0.0,0.0
Gemma4-E4B,response_reference_pre_reference_d1,record_template,Gemma4-E4B/native_thinking/v5/V4_4_T10000_N2_seed1257,2,1,1257,confirmation,2,1.0,1.0,1.0,0.0,0.0,0.0,0.0,1.0,1.0,0.0
Gemma4-E4B,response_reference_pre_reference_d1,record_template,Gemma4-E4B/native_thinking/v5/V4_4_T10000_N2_seed1257,2,2,1257,confirmation,2,1.0,1.0,1.0,0.0,0.0,0.0,0.0,1.0,1.0,0.0
Gemma4-E4B,response_reference_pre_reference_d1,record_template,Gemma4-E4B/native_thinking/v5/V4_4_T10000_N2_seed1257,2,4,1257,confirmation,2,1.0,1.0,1.0,0.0,0.0,0.0,0.0,1.0,1.0,0.0
Gemma4-E4B,response_reference_pre_reference_d1,record_template,Gemma4-E4B/native_thinking/v5/V4_4_T10000_N2_seed1257,2,8,1257,confirmation,2,1.0,0.0,1.0,1.0,0.0,1.0,1.0,0.0,1.0,1.0
Gemma4-E4B,response_reference_pre_reference_d1,record_template,Gemma4-E4B/native_thinking/v5/V4_4_T10000_N2_seed1257,2,16,1257,confirmation,2,1.0,0.0,1.0,1.0,0.0,1.0,1.0,0.0,1.0,1.0
Gemma4-E4B,response_reference_pre_reference_d1,record_template,Gemma4-E4B/native_thinking/v5/V4_4_T10000_N2_seed1257,2,32,1257,confirmation,2,1.0,0.0,1.0,1.0,0.0,1.0,1.0,0.0,1.0,1.0
Gemma4-E4B,response_reference_pre_reference_d1,record_template,Gemma4-E4B/native_thinking/v5/V4_4_T10000_N2_seed1258,1,1,1258,confirmation,2,1.0,1.0,1.0,0.0,0.0,0.0,0.0,1.0,1.0,0.0
Gemma4-E4B,response_reference_pre_reference_d1,record_template,Gemma4-E4B/native_thinking/v5/V4_4_T10000_N2_seed1258,1,2,1258,confirmation,2,1.0,1.0,1.0,0.0,0.0,0.0,0.0,1.0,1.0,0.0
Gemma4-E4B,response_reference_pre_reference_d1,record_template,Gemma4-E4B/native_thinking/v5/V4_4_T10000_N2_seed1258,1,4,1258,confirmation,2,1.0,1.0,1.0,0.0,0.0,0.0,0.0,1.0,1.0,0.0
Gemma4-E4B,response_reference_pre_reference_d1,record_template,Gemma4-E4B/native_thinking/v5/V4_4_T10000_N2_seed1258,1,8,1258,confirmation,2,1.0,1.0,1.0,0.0,0.0,0.0,0.0,1.0,1.0,0.0
Gemma4-E4B,response_reference_pre_reference_d1,record_template,Gemma4-E4B/native_thinking/v5/V4_4_T10000_N2_seed1258,1,16,1258,confirmation,2,1.0,1.0,1.0,0.0,0.0,0.0,0.0,1.0,1.0,0.0
Gemma4-E4B,response_reference_pre_reference_d1,record_template,Gemma4-E4B/native_thinking/v5/V4_4_T10000_N2_seed1258,1,32,1258,confirmation,2,1.0,0.0,1.0,1.0,0.0,1.0,1.0,0.95,1.0,0.050000000000000044
Gemma4-E4B,response_reference_pre_reference_d1,record_template,Gemma4-E4B/native_thinking/v5/V4_4_T10000_N2_seed1258,2,1,1258,confirmation,2,1.0,1.0,1.0,0.0,0.0,0.0,0.0,1.0,1.0,0.0
Gemma4-E4B,response_reference_pre_reference_d1,record_template,Gemma4-E4B/native_thinking/v5/V4_4_T10000_N2_seed1258,2,2,1258,confirmation,2,1.0,1.0,1.0,0.0,0.0,0.0,0.0,1.0,1.0,0.0
Gemma4-E4B,response_reference_pre_reference_d1,record_template,Gemma4-E4B/native_thinking/v5/V4_4_T10000_N2_seed1258,2,4,1258,confirmation,2,1.0,1.0,1.0,0.0,0.0,0.0,0.0,1.0,1.0,0.0
Gemma4-E4B,response_reference_pre_reference_d1,record_template,Gemma4-E4B/native_thinking/v5/V4_4_T10000_N2_seed1258,2,8,1258,confirmation,2,1.0,1.0,1.0,0.0,0.0,0.0,0.0,1.0,1.0,0.0
Gemma4-E4B,response_reference_pre_reference_d1,record_template,Gemma4-E4B/native_thinking/v5/V4_4_T10000_N2_seed1258,2,16,1258,confirmation,2,1.0,1.0,1.0,0.0,0.0,0.0,0.0,1.0,1.0,0.0
Gemma4-E4B,response_reference_pre_reference_d1,record_template,Gemma4-E4B/native_thinking/v5/V4_4_T10000_N2_seed1258,2,32,1258,confirmation,2,1.0,0.0,1.0,1.0,0.0,1.0,1.0,0.0,1.0,1.0
Gemma4-E4B,response_reference_pre_reference_d1,record_template,Gemma4-E4B/native_thinking/v5/V4_4_T10000_N2_seed1262,1,1,1262,confirmation,2,1.0,1.0,1.0,0.0,0.0,0.0,0.0,1.0,1.0,0.0
Gemma4-E4B,response_reference_pre_reference_d1,record_template,Gemma4-E4B/native_thinking/v5/V4_4_T10000_N2_seed1262,1,2,1262,confirmation,2,1.0,1.0,0.6666666666666666,0.0,0.3333333333333333,-0.3333333333333333,-0.3333333333333333,1.0,0.6833333333333332,-0.31666666666666676
Gemma4-E4B,response_reference_pre_reference_d1,record_template,Gemma4-E4B/native_thinking/v5/V4_4_T10000_N2_seed1262,1,4,1262,confirmation,2,1.0,1.0,0.6666666666666666,0.0,0.3333333333333333,-0.3333333333333333,-0.3333333333333333,1.0,0.6833333333333332,-0.31666666666666676
Gemma4-E4B,response_reference_pre_reference_d1,record_template,Gemma4-E4B/native_thinking/v5/V4_4_T10000_N2_seed1262,1,8,1262,confirmation,2,1.0,1.0,1.0,0.0,0.0,0.0,0.0,1.0,1.0,0.0
Gemma4-E4B,response_reference_pre_reference_d1,record_template,Gemma4-E4B/native_thinking/v5/V4_4_T10000_N2_seed1262,1,16,1262,confirmation,2,1.0,0.0,0.3333333333333333,1.0,0.6666666666666666,0.33333333333333337,0.33333333333333337,0.0,0.3333333333333333,0.3333333333333333
Gemma4-E4B,response_reference_pre_reference_d1,record_template,Gemma4-E4B/native_thinking/v5/V4_4_T10000_N2_seed1262,1,32,1262,confirmation,2,1.0,0.0,1.0,1.0,0.0,1.0,1.0,0.0,1.0,1.0
Gemma4-E4B,response_reference_pre_reference_d1,record_template,Gemma4-E4B/native_thinking/v5/V4_4_T10000_N2_seed1262,2,1,1262,confirmation,2,1.0,1.0,1.0,0.0,0.0,0.0,0.0,1.0,1.0,0.0
Gemma4-E4B,response_reference_pre_reference_d1,record_template,Gemma4-E4B/native_thinking/v5/V4_4_T10000_N2_seed1262,2,2,1262,confirmation,2,1.0,1.0,1.0,0.0,0.0,0.0,0.0,1.0,1.0,0.0
Gemma4-E4B,response_reference_pre_reference_d1,record_template,Gemma4-E4B/native_thinking/v5/V4_4_T10000_N2_seed1262,2,4,1262,confirmation,2,1.0,1.0,1.0,0.0,0.0,0.0,0.0,1.0,1.0,0.0
Gemma4-E4B,response_reference_pre_reference_d1,record_template,Gemma4-E4B/native_thinking/v5/V4_4_T10000_N2_seed1262,2,8,1262,confirmation,2,1.0,1.0,1.0,0.0,0.0,0.0,0.0,1.0,1.0,0.0
Gemma4-E4B,response_reference_pre_reference_d1,record_template,Gemma4-E4B/native_thinking/v5/V4_4_T10000_N2_seed1262,2,16,1262,confirmation,2,1.0,1.0,1.0,0.0,0.0,0.0,0.0,1.0,1.0,0.0
Gemma4-E4B,response_reference_pre_reference_d1,record_template,Gemma4-E4B/native_thinking/v5/V4_4_T10000_N2_seed1262,2,32,1262,confirmation,2,1.0,0.0,1.0,1.0,0.0,1.0,1.0,0.047619047619047616,1.0,0.9523809523809523
Gemma4-E4B,response_reference_pre_reference_d1,record_template,Gemma4-E4B/native_thinking/v5/V4_4_T10000_N2_seed1263,1,1,1263,confirmation,2,1.0,1.0,1.0,0.0,0.0,0.0,0.0,1.0,1.0,0.0
Gemma4-E4B,response_reference_pre_reference_d1,record_template,Gemma4-E4B/native_thinking/v5/V4_4_T10000_N2_seed1263,1,2,1263,confirmation,2,1.0,1.0,1.0,0.0,0.0,0.0,0.0,1.0,1.0,0.0
Gemma4-E4B,response_reference_pre_reference_d1,record_template,Gemma4-E4B/native_thinking/v5/V4_4_T10000_N2_seed1263,1,4,1263,confirmation,2,1.0,1.0,1.0,0.0,0.0,0.0,0.0,1.0,1.0,0.0
Gemma4-E4B,response_reference_pre_reference_d1,record_template,Gemma4-E4B/native_thinking/v5/V4_4_T10000_N2_seed1263,1,8,1263,confirmation,2,1.0,1.0,1.0,0.0,0.0,0.0,0.0,1.0,1.0,0.0
Gemma4-E4B,response_reference_pre_reference_d1,record_template,Gemma4-E4B/native_thinking/v5/V4_4_T10000_N2_seed1263,1,16,1263,confirmation,2,1.0,1.0,1.0,0.0,0.0,0.0,0.0,1.0,1.0,0.0
Gemma4-E4B,response_reference_pre_reference_d1,record_template,Gemma4-E4B/native_thinking/v5/V4_4_T10000_N2_seed1263,1,32,1263,confirmation,2,1.0,0.0,1.0,1.0,0.0,1.0,1.0,0.95,1.0,0.050000000000000044
Gemma4-E4B,response_reference_pre_reference_d1,record_template,Gemma4-E4B/native_thinking/v5/V4_4_T10000_N2_seed1263,2,1,1263,confirmation,2,1.0,1.0,1.0,0.0,0.0,0.0,0.0,1.0,1.0,0.0
Gemma4-E4B,response_reference_pre_reference_d1,record_template,Gemma4-E4B/native_thinking/v5/V4_4_T10000_N2_seed1263,2,2,1263,confirmation,2,1.0,1.0,1.0,0.0,0.0,0.0,0.0,1.0,1.0,0.0
Gemma4-E4B,response_reference_pre_reference_d1,record_template,Gemma4-E4B/native_thinking/v5/V4_4_T10000_N2_seed1263,2,4,1263,confirmation,2,1.0,1.0,1.0,0.0,0.0,0.0,0.0,1.0,1.0,0.0
Gemma4-E4B,response_reference_pre_reference_d1,record_template,Gemma4-E4B/native_thinking/v5/V4_4_T10000_N2_seed1263,2,8,1263,confirmation,2,1.0,1.0,1.0,0.0,0.0,0.0,0.0,1.0,1.0,0.0
Gemma4-E4B,response_reference_pre_reference_d1,record_template,Gemma4-E4B/native_thinking/v5/V4_4_T10000_N2_seed1263,2,16,1263,confirmation,2,1.0,1.0,1.0,0.0,0.0,0.0,0.0,1.0,1.0,0.0
Gemma4-E4B,response_reference_pre_reference_d1,record_template,Gemma4-E4B/native_thinking/v5/V4_4_T10000_N2_seed1263,2,32,1263,confirmation,2,1.0,0.0,1.0,1.0,0.0,1.0,1.0,0.95,1.0,0.050000000000000044
Gemma4-E4B,response_reference_pre_reference_d1,record_template,Gemma4-E4B/native_thinking/v5/V4_4_T10000_N3_seed1254,1,1,1254,confirmation,3,1.0,1.0,1.0,0.0,0.0,0.0,0.0,1.0,1.0,0.0
Gemma4-E4B,response_reference_pre_reference_d1,record_template,Gemma4-E4B/native_thinking/v5/V4_4_T10000_N3_seed1254,1,2,1254,confirmation,3,1.0,1.0,1.0,0.0,0.0,0.0,0.0,1.0,1.0,0.0
Gemma4-E4B,response_reference_pre_reference_d1,record_template,Gemma4-E4B/native_thinking/v5/V4_4_T10000_N3_seed1254,1,4,1254,confirmation,3,1.0,1.0,1.0,0.0,0.0,0.0,0.0,1.0,1.0,0.0
Gemma4-E4B,response_reference_pre_reference_d1,record_template,Gemma4-E4B/native_thinking/v5/V4_4_T10000_N3_seed1254,1,8,1254,confirmation,3,1.0,1.0,0.6666666666666666,0.0,0.3333333333333333,-0.3333333333333333,-0.3333333333333333,1.0,0.9506172839506174,-0.0493827160493826
Gemma4-E4B,response_reference_pre_reference_d1,record_template,Gemma4-E4B/native_thinking/v5/V4_4_T10000_N3_seed1254,1,16,1254,confirmation,3,1.0,0.0,0.6666666666666666,1.0,0.3333333333333333,0.6666666666666667,0.6666666666666667,0.8148148148148148,0.9506172839506174,0.13580246913580263
Gemma4-E4B,response_reference_pre_reference_d1,record_template,Gemma4-E4B/native_thinking/v5/V4_4_T10000_N3_seed1254,1,32,1254,confirmation,3,1.0,0.0,0.0,1.0,1.0,0.0,0.0,0.0,0.8518518518518517,0.8518518518518517
Gemma4-E4B,response_reference_pre_reference_d1,record_template,Gemma4-E4B/native_thinking/v5/V4_4_T10000_N3_seed1254,2,1,1254,confirmation,3,1.0,1.0,1.0,0.0,0.0,0.0,0.0,1.0,1.0,0.0
Gemma4-E4B,response_reference_pre_reference_d1,record_template,Gemma4-E4B/native_thinking/v5/V4_4_T10000_N3_seed1254,2,2,1254,confirmation,3,1.0,1.0,1.0,0.0,0.0,0.0,0.0,1.0,1.0,0.0
Gemma4-E4B,response_reference_pre_reference_d1,record_template,Gemma4-E4B/native_thinking/v5/V4_4_T10000_N3_seed1254,2,4,1254,confirmation,3,1.0,1.0,1.0,0.0,0.0,0.0,0.0,1.0,1.0,0.0
Gemma4-E4B,response_reference_pre_reference_d1,record_template,Gemma4-E4B/native_thinking/v5/V4_4_T10000_N3_seed1254,2,8,1254,confirmation,3,1.0,1.0,1.0,0.0,0.0,0.0,0.0,1.0,1.0,0.0
Gemma4-E4B,response_reference_pre_reference_d1,record_template,Gemma4-E4B/native_thinking/v5/V4_4_T10000_N3_seed1254,2,16,1254,confirmation,3,1.0,0.0,1.0,1.0,0.0,1.0,1.0,0.9615384615384616,1.0,0.038461538461538436
Gemma4-E4B,response_reference_pre_reference_d1,record_template,Gemma4-E4B/native_thinking/v5/V4_4_T10000_N3_seed1254,2,32,1254,confirmation,3,1.0,0.0,1.0,1.0,0.0,1.0,1.0,0.0,1.0,1.0
Gemma4-E4B,response_reference_pre_reference_d1,record_template,Gemma4-E4B/native_thinking/v5/V4_4_T10000_N3_seed1254,3,1,1254,confirmation,3,1.0,1.0,1.0,0.0,0.0,0.0,0.0,1.0,1.0,0.0
Gemma4-E4B,response_reference_pre_reference_d1,record_template,Gemma4-E4B/native_thinking/v5/V4_4_T10000_N3_seed1254,3,2,1254,confirmation,3,1.0,1.0,1.0,0.0,0.0,0.0,0.0,1.0,1.0,0.0
Gemma4-E4B,response_reference_pre_reference_d1,record_template,Gemma4-E4B/native_thinking/v5/V4_4_T10000_N3_seed1254,3,4,1254,confirmation,3,1.0,1.0,1.0,0.0,0.0,0.0,0.0,1.0,1.0,0.0
Gemma4-E4B,response_reference_pre_reference_d1,record_template,Gemma4-E4B/native_thinking/v5/V4_4_T10000_N3_seed1254,3,8,1254,confirmation,3,1.0,0.0,1.0,1.0,0.0,1.0,1.0,0.0,1.0,1.0
Gemma4-E4B,response_reference_pre_reference_d1,record_template,Gemma4-E4B/native_thinking/v5/V4_4_T10000_N3_seed1254,3,16,1254,confirmation,3,1.0,1.0,1.0,0.0,0.0,0.0,0.0,1.0,1.0,0.0
Gemma4-E4B,response_reference_pre_reference_d1,record_template,Gemma4-E4B/native_thinking/v5/V4_4_T10000_N3_seed1254,3,32,1254,confirmation,3,1.0,0.0,1.0,1.0,0.0,1.0,1.0,0.0,1.0,1.0
Gemma4-E4B,response_reference_pre_reference_d1,record_template,Gemma4-E4B/native_thinking/v5/V4_4_T10000_N3_seed1255,1,1,1255,confirmation,3,1.0,1.0,1.0,0.0,0.0,0.0,0.0,1.0,1.0,0.0
Gemma4-E4B,response_reference_pre_reference_d1,record_template,Gemma4-E4B/native_thinking/v5/V4_4_T10000_N3_seed1255,1,2,1255,confirmation,3,1.0,1.0,1.0,0.0,0.0,0.0,0.0,1.0,1.0,0.0
Gemma4-E4B,response_reference_pre_reference_d1,record_template,Gemma4-E4B/native_thinking/v5/V4_4_T10000_N3_seed1255,1,4,1255,confirmation,3,1.0,1.0,1.0,0.0,0.0,0.0,0.0,1.0,1.0,0.0
Gemma4-E4B,response_reference_pre_reference_d1,record_template,Gemma4-E4B/native_thinking/v5/V4_4_T10000_N3_seed1255,1,8,1255,confirmation,3,1.0,1.0,1.0,0.0,0.0,0.0,0.0,1.0,1.0,0.0
Gemma4-E4B,response_reference_pre_reference_d1,record_template,Gemma4-E4B/native_thinking/v5/V4_4_T10000_N3_seed1255,1,16,1255,confirmation,3,1.0,0.0,1.0,1.0,0.0,1.0,1.0,0.0,1.0,1.0
Gemma4-E4B,response_reference_pre_reference_d1,record_template,Gemma4-E4B/native_thinking/v5/V4_4_T10000_N3_seed1255,1,32,1255,confirmation,3,1.0,0.0,1.0,1.0,0.0,1.0,1.0,0.0,1.0,1.0
Gemma4-E4B,response_reference_pre_reference_d1,record_template,Gemma4-E4B/native_thinking/v5/V4_4_T10000_N3_seed1255,2,1,1255,confirmation,3,1.0,1.0,1.0,0.0,0.0,0.0,0.0,1.0,1.0,0.0
Gemma4-E4B,response_reference_pre_reference_d1,record_template,Gemma4-E4B/native_thinking/v5/V4_4_T10000_N3_seed1255,2,2,1255,confirmation,3,1.0,1.0,1.0,0.0,0.0,0.0,0.0,1.0,1.0,0.0
Gemma4-E4B,response_reference_pre_reference_d1,record_template,Gemma4-E4B/native_thinking/v5/V4_4_T10000_N3_seed1255,2,4,1255,confirmation,3,1.0,1.0,1.0,0.0,0.0,0.0,0.0,1.0,1.0,0.0
Gemma4-E4B,response_reference_pre_reference_d1,record_template,Gemma4-E4B/native_thinking/v5/V4_4_T10000_N3_seed1255,2,8,1255,confirmation,3,1.0,1.0,1.0,0.0,0.0,0.0,0.0,1.0,1.0,0.0
Gemma4-E4B,response_reference_pre_reference_d1,record_template,Gemma4-E4B/native_thinking/v5/V4_4_T10000_N3_seed1255,2,16,1255,confirmation,3,1.0,0.0,1.0,1.0,0.0,1.0,1.0,0.9523809523809523,1.0,0.04761904761904767
Gemma4-E4B,response_reference_pre_reference_d1,record_template,Gemma4-E4B/native_thinking/v5/V4_4_T10000_N3_seed1255,2,32,1255,confirmation,3,1.0,0.0,1.0,1.0,0.0,1.0,1.0,0.0,1.0,1.0
Gemma4-E4B,response_reference_pre_reference_d1,record_template,Gemma4-E4B/native_thinking/v5/V4_4_T10000_N3_seed1255,3,1,1255,confirmation,3,1.0,1.0,1.0,0.0,0.0,0.0,0.0,1.0,1.0,0.0
Gemma4-E4B,response_reference_pre_reference_d1,record_template,Gemma4-E4B/native_thinking/v5/V4_4_T10000_N3_seed1255,3,2,1255,confirmation,3,1.0,1.0,1.0,0.0,0.0,0.0,0.0,1.0,1.0,0.0
Gemma4-E4B,response_reference_pre_reference_d1,record_template,Gemma4-E4B/native_thinking/v5/V4_4_T10000_N3_seed1255,3,4,1255,confirmation,3,1.0,1.0,1.0,0.0,0.0,0.0,0.0,1.0,1.0,0.0
Gemma4-E4B,response_reference_pre_reference_d1,record_template,Gemma4-E4B/native_thinking/v5/V4_4_T10000_N3_seed1255,3,8,1255,confirmation,3,1.0,0.0,1.0,1.0,0.0,1.0,1.0,0.0,1.0,1.0
Gemma4-E4B,response_reference_pre_reference_d1,record_template,Gemma4-E4B/native_thinking/v5/V4_4_T10000_N3_seed1255,3,16,1255,confirmation,3,1.0,0.0,1.0,1.0,0.0,1.0,1.0,0.0,1.0,1.0
Gemma4-E4B,response_reference_pre_reference_d1,record_template,Gemma4-E4B/native_thinking/v5/V4_4_T10000_N3_seed1255,3,32,1255,confirmation,3,1.0,0.0,1.0,1.0,0.0,1.0,1.0,0.0,1.0,1.0
Gemma4-E4B,response_reference_pre_reference_d1,record_template,Gemma4-E4B/native_thinking/v5/V4_4_T10000_N3_seed1258,1,1,1258,confirmation,3,1.0,1.0,1.0,0.0,0.0,0.0,0.0,1.0,1.0,0.0
Gemma4-E4B,response_reference_pre_reference_d1,record_template,Gemma4-E4B/native_thinking/v5/V4_4_T10000_N3_seed1258,1,2,1258,confirmation,3,1.0,1.0,1.0,0.0,0.0,0.0,0.0,1.0,1.0,0.0
Gemma4-E4B,response_reference_pre_reference_d1,record_template,Gemma4-E4B/native_thinking/v5/V4_4_T10000_N3_seed1258,1,4,1258,confirmation,3,1.0,1.0,0.6666666666666666,0.0,0.3333333333333333,-0.3333333333333333,-0.3333333333333333,1.0,0.6833333333333332,-0.31666666666666676
Gemma4-E4B,response_reference_pre_reference_d1,record_template,Gemma4-E4B/native_thinking/v5/V4_4_T10000_N3_seed1258,1,8,1258,confirmation,3,1.0,1.0,0.0,0.0,1.0,-1.0,-1.0,1.0,0.05000000000000001,-0.95
Gemma4-E4B,response_reference_pre_reference_d1,record_template,Gemma4-E4B/native_thinking/v5/V4_4_T10000_N3_seed1258,1,16,1258,confirmation,3,1.0,0.0,0.0,1.0,1.0,0.0,0.0,0.05,0.05000000000000001,6.938893903907228e-18
Gemma4-E4B,response_reference_pre_reference_d1,record_template,Gemma4-E4B/native_thinking/v5/V4_4_T10000_N3_seed1258,1,32,1258,confirmation,3,1.0,0.0,0.0,1.0,1.0,0.0,0.0,0.05,0.05000000000000001,6.938893903907228e-18
Gemma4-E4B,response_reference_pre_reference_d1,record_template,Gemma4-E4B/native_thinking/v5/V4_4_T10000_N3_seed1258,2,1,1258,confirmation,3,1.0,1.0,1.0,0.0,0.0,0.0,0.0,1.0,1.0,0.0
Gemma4-E4B,response_reference_pre_reference_d1,record_template,Gemma4-E4B/native_thinking/v5/V4_4_T10000_N3_seed1258,2,2,1258,confirmation,3,1.0,1.0,1.0,0.0,0.0,0.0,0.0,1.0,1.0,0.0
Gemma4-E4B,response_reference_pre_reference_d1,record_template,Gemma4-E4B/native_thinking/v5/V4_4_T10000_N3_seed1258,2,4,1258,confirmation,3,1.0,1.0,1.0,0.0,0.0,0.0,0.0,1.0,1.0,0.0
Gemma4-E4B,response_reference_pre_reference_d1,record_template,Gemma4-E4B/native_thinking/v5/V4_4_T10000_N3_seed1258,2,8,1258,confirmation,3,1.0,1.0,1.0,0.0,0.0,0.0,0.0,1.0,1.0,0.0
Gemma4-E4B,response_reference_pre_reference_d1,record_template,Gemma4-E4B/native_thinking/v5/V4_4_T10000_N3_seed1258,2,16,1258,confirmation,3,1.0,0.0,1.0,1.0,0.0,1.0,1.0,0.0,1.0,1.0
Gemma4-E4B,response_reference_pre_reference_d1,record_template,Gemma4-E4B/native_thinking/v5/V4_4_T10000_N3_seed1258,2,32,1258,confirmation,3,1.0,0.0,1.0,1.0,0.0,1.0,1.0,0.0,1.0,1.0
Gemma4-E4B,response_reference_pre_reference_d1,record_template,Gemma4-E4B/native_thinking/v5/V4_4_T10000_N3_seed1258,3,1,1258,confirmation,3,1.0,1.0,1.0,0.0,0.0,0.0,0.0,1.0,1.0,0.0
Gemma4-E4B,response_reference_pre_reference_d1,record_template,Gemma4-E4B/native_thinking/v5/V4_4_T10000_N3_seed1258,3,2,1258,confirmation,3,1.0,1.0,1.0,0.0,0.0,0.0,0.0,1.0,1.0,0.0
Gemma4-E4B,response_reference_pre_reference_d1,record_template,Gemma4-E4B/native_thinking/v5/V4_4_T10000_N3_seed1258,3,4,1258,confirmation,3,1.0,1.0,1.0,0.0,0.0,0.0,0.0,1.0,1.0,0.0
Gemma4-E4B,response_reference_pre_reference_d1,record_template,Gemma4-E4B/native_thinking/v5/V4_4_T10000_N3_seed1258,3,8,1258,confirmation,3,1.0,1.0,1.0,0.0,0.0,0.0,0.0,1.0,1.0,0.0
Gemma4-E4B,response_reference_pre_reference_d1,record_template,Gemma4-E4B/native_thinking/v5/V4_4_T10000_N3_seed1258,3,16,1258,confirmation,3,1.0,1.0,1.0,0.0,0.0,0.0,0.0,1.0,1.0,0.0
Gemma4-E4B,response_reference_pre_reference_d1,record_template,Gemma4-E4B/native_thinking/v5/V4_4_T10000_N3_seed1258,3,32,1258,confirmation,3,1.0,0.0,1.0,1.0,0.0,1.0,1.0,0.05,1.0,0.95
Gemma4-E4B,response_reference_pre_reference_d1,record_template,Gemma4-E4B/native_thinking/v5/V4_4_T10000_N3_seed1263,1,1,1263,confirmation,3,1.0,1.0,1.0,0.0,0.0,0.0,0.0,1.0,1.0,0.0
Gemma4-E4B,response_reference_pre_reference_d1,record_template,Gemma4-E4B/native_thinking/v5/V4_4_T10000_N3_seed1263,1,2,1263,confirmation,3,1.0,1.0,1.0,0.0,0.0,0.0,0.0,1.0,1.0,0.0
Gemma4-E4B,response_reference_pre_reference_d1,record_template,Gemma4-E4B/native_thinking/v5/V4_4_T10000_N3_seed1263,1,4,1263,confirmation,3,1.0,1.0,1.0,0.0,0.0,0.0,0.0,1.0,1.0,0.0
Gemma4-E4B,response_reference_pre_reference_d1,record_template,Gemma4-E4B/native_thinking/v5/V4_4_T10000_N3_seed1263,1,8,1263,confirmation,3,1.0,1.0,1.0,0.0,0.0,0.0,0.0,1.0,1.0,0.0
Gemma4-E4B,response_reference_pre_reference_d1,record_template,Gemma4-E4B/native_thinking/v5/V4_4_T10000_N3_seed1263,1,16,1263,confirmation,3,1.0,0.0,1.0,1.0,0.0,1.0,1.0,0.95,1.0,0.050000000000000044
Gemma4-E4B,response_reference_pre_reference_d1,record_template,Gemma4-E4B/native_thinking/v5/V4_4_T10000_N3_seed1263,1,32,1263,confirmation,3,1.0,0.0,1.0,1.0,0.0,1.0,1.0,0.0,1.0,1.0
Gemma4-E4B,response_reference_pre_reference_d1,record_template,Gemma4-E4B/native_thinking/v5/V4_4_T10000_N3_seed1263,2,1,1263,confirmation,3,1.0,1.0,1.0,0.0,0.0,0.0,0.0,1.0,1.0,0.0
Gemma4-E4B,response_reference_pre_reference_d1,record_template,Gemma4-E4B/native_thinking/v5/V4_4_T10000_N3_seed1263,2,2,1263,confirmation,3,1.0,1.0,1.0,0.0,0.0,0.0,0.0,1.0,1.0,0.0
Gemma4-E4B,response_reference_pre_reference_d1,record_template,Gemma4-E4B/native_thinking/v5/V4_4_T10000_N3_seed1263,2,4,1263,confirmation,3,1.0,1.0,1.0,0.0,0.0,0.0,0.0,1.0,1.0,0.0
Gemma4-E4B,response_reference_pre_reference_d1,record_template,Gemma4-E4B/native_thinking/v5/V4_4_T10000_N3_seed1263,2,8,1263,confirmation,3,1.0,1.0,1.0,0.0,0.0,0.0,0.0,1.0,1.0,0.0
Gemma4-E4B,response_reference_pre_reference_d1,record_template,Gemma4-E4B/native_thinking/v5/V4_4_T10000_N3_seed1263,2,16,1263,confirmation,3,1.0,1.0,1.0,0.0,0.0,0.0,0.0,1.0,1.0,0.0
Gemma4-E4B,response_reference_pre_reference_d1,record_template,Gemma4-E4B/native_thinking/v5/V4_4_T10000_N3_seed1263,2,32,1263,confirmation,3,1.0,0.0,1.0,1.0,0.0,1.0,1.0,0.0,1.0,1.0
Gemma4-E4B,response_reference_pre_reference_d1,record_template,Gemma4-E4B/native_thinking/v5/V4_4_T10000_N3_seed1263,3,1,1263,confirmation,3,1.0,1.0,1.0,0.0,0.0,0.0,0.0,1.0,1.0,0.0
Gemma4-E4B,response_reference_pre_reference_d1,record_template,Gemma4-E4B/native_thinking/v5/V4_4_T10000_N3_seed1263,3,2,1263,confirmation,3,1.0,1.0,1.0,0.0,0.0,0.0,0.0,1.0,1.0,0.0
Gemma4-E4B,response_reference_pre_reference_d1,record_template,Gemma4-E4B/native_thinking/v5/V4_4_T10000_N3_seed1263,3,4,1263,confirmation,3,1.0,1.0,1.0,0.0,0.0,0.0,0.0,1.0,1.0,0.0
Gemma4-E4B,response_reference_pre_reference_d1,record_template,Gemma4-E4B/native_thinking/v5/V4_4_T10000_N3_seed1263,3,8,1263,confirmation,3,1.0,1.0,1.0,0.0,0.0,0.0,0.0,1.0,1.0,0.0
Gemma4-E4B,response_reference_pre_reference_d1,record_template,Gemma4-E4B/native_thinking/v5/V4_4_T10000_N3_seed1263,3,16,1263,confirmation,3,1.0,1.0,1.0,0.0,0.0,0.0,0.0,1.0,1.0,0.0
Gemma4-E4B,response_reference_pre_reference_d1,record_template,Gemma4-E4B/native_thinking/v5/V4_4_T10000_N3_seed1263,3,32,1263,confirmation,3,1.0,0.0,1.0,1.0,0.0,1.0,1.0,0.0,1.0,1.0
Gemma4-E4B,response_reference_pre_reference_d1,record_template,Gemma4-E4B/native_thinking/v5/V4_4_T10000_N4_seed1254,1,1,1254,confirmation,4,1.0,1.0,1.0,0.0,0.0,0.0,0.0,1.0,1.0,0.0
Gemma4-E4B,response_reference_pre_reference_d1,record_template,Gemma4-E4B/native_thinking/v5/V4_4_T10000_N4_seed1254,1,2,1254,confirmation,4,1.0,1.0,1.0,0.0,0.0,0.0,0.0,1.0,1.0,0.0
Gemma4-E4B,response_reference_pre_reference_d1,record_template,Gemma4-E4B/native_thinking/v5/V4_4_T10000_N4_seed1254,1,4,1254,confirmation,4,1.0,1.0,1.0,0.0,0.0,0.0,0.0,1.0,1.0,0.0
Gemma4-E4B,response_reference_pre_reference_d1,record_template,Gemma4-E4B/native_thinking/v5/V4_4_T10000_N4_seed1254,1,8,1254,confirmation,4,1.0,1.0,1.0,0.0,0.0,0.0,0.0,1.0,1.0,0.0
Gemma4-E4B,response_reference_pre_reference_d1,record_template,Gemma4-E4B/native_thinking/v5/V4_4_T10000_N4_seed1254,1,16,1254,confirmation,4,1.0,1.0,1.0,0.0,0.0,0.0,0.0,1.0,1.0,0.0
Gemma4-E4B,response_reference_pre_reference_d1,record_template,Gemma4-E4B/native_thinking/v5/V4_4_T10000_N4_seed1254,1,32,1254,confirmation,4,1.0,1.0,1.0,0.0,0.0,0.0,0.0,1.0,1.0,0.0
Gemma4-E4B,response_reference_pre_reference_d1,record_template,Gemma4-E4B/native_thinking/v5/V4_4_T10000_N4_seed1254,2,1,1254,confirmation,4,1.0,1.0,1.0,0.0,0.0,0.0,0.0,1.0,1.0,0.0
Gemma4-E4B,response_reference_pre_reference_d1,record_template,Gemma4-E4B/native_thinking/v5/V4_4_T10000_N4_seed1254,2,2,1254,confirmation,4,1.0,1.0,1.0,0.0,0.0,0.0,0.0,1.0,1.0,0.0
Gemma4-E4B,response_reference_pre_reference_d1,record_template,Gemma4-E4B/native_thinking/v5/V4_4_T10000_N4_seed1254,2,4,1254,confirmation,4,1.0,1.0,1.0,0.0,0.0,0.0,0.0,1.0,1.0,0.0
Gemma4-E4B,response_reference_pre_reference_d1,record_template,Gemma4-E4B/native_thinking/v5/V4_4_T10000_N4_seed1254,2,8,1254,confirmation,4,1.0,1.0,1.0,0.0,0.0,0.0,0.0,1.0,1.0,0.0
Gemma4-E4B,response_reference_pre_reference_d1,record_template,Gemma4-E4B/native_thinking/v5/V4_4_T10000_N4_seed1254,2,16,1254,confirmation,4,1.0,1.0,1.0,0.0,0.0,0.0,0.0,1.0,1.0,0.0
Gemma4-E4B,response_reference_pre_reference_d1,record_template,Gemma4-E4B/native_thinking/v5/V4_4_T10000_N4_seed1254,2,32,1254,confirmation,4,1.0,1.0,1.0,0.0,0.0,0.0,0.0,1.0,1.0,0.0
Gemma4-E4B,response_reference_pre_reference_d1,record_template,Gemma4-E4B/native_thinking/v5/V4_4_T10000_N4_seed1254,3,1,1254,confirmation,4,1.0,1.0,1.0,0.0,0.0,0.0,0.0,1.0,1.0,0.0
Gemma4-E4B,response_reference_pre_reference_d1,record_template,Gemma4-E4B/native_thinking/v5/V4_4_T10000_N4_seed1254,3,2,1254,confirmation,4,1.0,1.0,1.0,0.0,0.0,0.0,0.0,1.0,1.0,0.0
Gemma4-E4B,response_reference_pre_reference_d1,record_template,Gemma4-E4B/native_thinking/v5/V4_4_T10000_N4_seed1254,3,4,1254,confirmation,4,1.0,1.0,1.0,0.0,0.0,0.0,0.0,1.0,1.0,0.0
Gemma4-E4B,response_reference_pre_reference_d1,record_template,Gemma4-E4B/native_thinking/v5/V4_4_T10000_N4_seed1254,3,8,1254,confirmation,4,1.0,1.0,1.0,0.0,0.0,0.0,0.0,1.0,1.0,0.0
Gemma4-E4B,response_reference_pre_reference_d1,record_template,Gemma4-E4B/native_thinking/v5/V4_4_T10000_N4_seed1254,3,16,1254,confirmation,4,1.0,1.0,1.0,0.0,0.0,0.0,0.0,1.0,1.0,0.0
Gemma4-E4B,response_reference_pre_reference_d1,record_template,Gemma4-E4B/native_thinking/v5/V4_4_T10000_N4_seed1254,3,32,1254,confirmation,4,1.0,0.0,1.0,1.0,0.0,1.0,1.0,0.95,1.0,0.050000000000000044
Gemma4-E4B,response_reference_pre_reference_d1,record_template,Gemma4-E4B/native_thinking/v5/V4_4_T10000_N4_seed1254,4,1,1254,confirmation,4,1.0,1.0,1.0,0.0,0.0,0.0,0.0,1.0,1.0,0.0
Gemma4-E4B,response_reference_pre_reference_d1,record_template,Gemma4-E4B/native_thinking/v5/V4_4_T10000_N4_seed1254,4,2,1254,confirmation,4,1.0,1.0,1.0,0.0,0.0,0.0,0.0,1.0,1.0,0.0
Gemma4-E4B,response_reference_pre_reference_d1,record_template,Gemma4-E4B/native_thinking/v5/V4_4_T10000_N4_seed1254,4,4,1254,confirmation,4,1.0,1.0,1.0,0.0,0.0,0.0,0.0,1.0,1.0,0.0
Gemma4-E4B,response_reference_pre_reference_d1,record_template,Gemma4-E4B/native_thinking/v5/V4_4_T10000_N4_seed1254,4,8,1254,confirmation,4,1.0,0.0,1.0,1.0,0.0,1.0,1.0,0.0,1.0,1.0
Gemma4-E4B,response_reference_pre_reference_d1,record_template,Gemma4-E4B/native_thinking/v5/V4_4_T10000_N4_seed1254,4,16,1254,confirmation,4,1.0,1.0,1.0,0.0,0.0,0.0,0.0,1.0,1.0,0.0
Gemma4-E4B,response_reference_pre_reference_d1,record_template,Gemma4-E4B/native_thinking/v5/V4_4_T10000_N4_seed1254,4,32,1254,confirmation,4,1.0,0.0,1.0,1.0,0.0,1.0,1.0,0.0,1.0,1.0
Gemma4-E4B,response_reference_pre_reference_d1,record_template,Gemma4-E4B/native_thinking/v5/V4_4_T10000_N4_seed1255,1,1,1255,confirmation,4,1.0,1.0,1.0,0.0,0.0,0.0,0.0,1.0,1.0,0.0
Gemma4-E4B,response_reference_pre_reference_d1,record_template,Gemma4-E4B/native_thinking/v5/V4_4_T10000_N4_seed1255,1,2,1255,confirmation,4,1.0,0.0,1.0,1.0,0.0,1.0,1.0,0.0,1.0,1.0
Gemma4-E4B,response_reference_pre_reference_d1,record_template,Gemma4-E4B/native_thinking/v5/V4_4_T10000_N4_seed1255,1,4,1255,confirmation,4,1.0,1.0,0.3333333333333333,0.0,0.6666666666666666,-0.6666666666666666,-0.6666666666666666,1.0,0.3333333333333333,-0.6666666666666667
Gemma4-E4B,response_reference_pre_reference_d1,record_template,Gemma4-E4B/native_thinking/v5/V4_4_T10000_N4_seed1255,1,8,1255,confirmation,4,1.0,0.0,0.6666666666666666,1.0,0.3333333333333333,0.6666666666666667,0.6666666666666667,0.0,0.6666666666666666,0.6666666666666666
Gemma4-E4B,response_reference_pre_reference_d1,record_template,Gemma4-E4B/native_thinking/v5/V4_4_T10000_N4_seed1255,1,16,1255,confirmation,4,1.0,0.0,0.6666666666666666,1.0,0.3333333333333333,0.6666666666666667,0.6666666666666667,0.0,0.6666666666666666,0.6666666666666666
Gemma4-E4B,response_reference_pre_reference_d1,record_template,Gemma4-E4B/native_thinking/v5/V4_4_T10000_N4_seed1255,1,32,1255,confirmation,4,1.0,0.0,0.0,1.0,1.0,0.0,0.0,0.1,0.05000000000000001,-0.049999999999999996
Gemma4-E4B,response_reference_pre_reference_d1,record_template,Gemma4-E4B/native_thinking/v5/V4_4_T10000_N4_seed1255,2,1,1255,confirmation,4,1.0,1.0,1.0,0.0,0.0,0.0,0.0,1.0,1.0,0.0
Gemma4-E4B,response_reference_pre_reference_d1,record_template,Gemma4-E4B/native_thinking/v5/V4_4_T10000_N4_seed1255,2,2,1255,confirmation,4,1.0,1.0,1.0,0.0,0.0,0.0,0.0,1.0,1.0,0.0
Gemma4-E4B,response_reference_pre_reference_d1,record_template,Gemma4-E4B/native_thinking/v5/V4_4_T10000_N4_seed1255,2,4,1255,confirmation,4,1.0,1.0,1.0,0.0,0.0,0.0,0.0,1.0,1.0,0.0
Gemma4-E4B,response_reference_pre_reference_d1,record_template,Gemma4-E4B/native_thinking/v5/V4_4_T10000_N4_seed1255,2,8,1255,confirmation,4,1.0,0.0,1.0,1.0,0.0,1.0,1.0,0.0,1.0,1.0
Gemma4-E4B,response_reference_pre_reference_d1,record_template,Gemma4-E4B/native_thinking/v5/V4_4_T10000_N4_seed1255,2,16,1255,confirmation,4,1.0,0.0,1.0,1.0,0.0,1.0,1.0,0.0,1.0,1.0
Gemma4-E4B,response_reference_pre_reference_d1,record_template,Gemma4-E4B/native_thinking/v5/V4_4_T10000_N4_seed1255,2,32,1255,confirmation,4,1.0,0.0,1.0,1.0,0.0,1.0,1.0,0.047619047619047616,1.0,0.9523809523809523
Gemma4-E4B,response_reference_pre_reference_d1,record_template,Gemma4-E4B/native_thinking/v5/V4_4_T10000_N4_seed1255,3,1,1255,confirmation,4,1.0,1.0,1.0,0.0,0.0,0.0,0.0,1.0,1.0,0.0
Gemma4-E4B,response_reference_pre_reference_d1,record_template,Gemma4-E4B/native_thinking/v5/V4_4_T10000_N4_seed1255,3,2,1255,confirmation,4,1.0,1.0,1.0,0.0,0.0,0.0,0.0,1.0,1.0,0.0
Gemma4-E4B,response_reference_pre_reference_d1,record_template,Gemma4-E4B/native_thinking/v5/V4_4_T10000_N4_seed1255,3,4,1255,confirmation,4,1.0,1.0,1.0,0.0,0.0,0.0,0.0,1.0,1.0,0.0
Gemma4-E4B,response_reference_pre_reference_d1,record_template,Gemma4-E4B/native_thinking/v5/V4_4_T10000_N4_seed1255,3,8,1255,confirmation,4,1.0,0.0,1.0,1.0,0.0,1.0,1.0,0.0,1.0,1.0
Gemma4-E4B,response_reference_pre_reference_d1,record_template,Gemma4-E4B/native_thinking/v5/V4_4_T10000_N4_seed1255,3,16,1255,confirmation,4,1.0,0.0,1.0,1.0,0.0,1.0,1.0,0.0,1.0,1.0
Gemma4-E4B,response_reference_pre_reference_d1,record_template,Gemma4-E4B/native_thinking/v5/V4_4_T10000_N4_seed1255,3,32,1255,confirmation,4,1.0,0.0,1.0,1.0,0.0,1.0,1.0,0.0,1.0,1.0
Gemma4-E4B,response_reference_pre_reference_d1,record_template,Gemma4-E4B/native_thinking/v5/V4_4_T10000_N4_seed1255,4,1,1255,confirmation,4,1.0,1.0,1.0,0.0,0.0,0.0,0.0,1.0,1.0,0.0
Gemma4-E4B,response_reference_pre_reference_d1,record_template,Gemma4-E4B/native_thinking/v5/V4_4_T10000_N4_seed1255,4,2,1255,confirmation,4,1.0,1.0,1.0,0.0,0.0,0.0,0.0,1.0,1.0,0.0
Gemma4-E4B,response_reference_pre_reference_d1,record_template,Gemma4-E4B/native_thinking/v5/V4_4_T10000_N4_seed1255,4,4,1255,confirmation,4,1.0,1.0,1.0,0.0,0.0,0.0,0.0,1.0,1.0,0.0
Gemma4-E4B,response_reference_pre_reference_d1,record_template,Gemma4-E4B/native_thinking/v5/V4_4_T10000_N4_seed1255,4,8,1255,confirmation,4,1.0,0.0,1.0,1.0,0.0,1.0,1.0,0.0,1.0,1.0
Gemma4-E4B,response_reference_pre_reference_d1,record_template,Gemma4-E4B/native_thinking/v5/V4_4_T10000_N4_seed1255,4,16,1255,confirmation,4,1.0,1.0,1.0,0.0,0.0,0.0,0.0,1.0,1.0,0.0
Gemma4-E4B,response_reference_pre_reference_d1,record_template,Gemma4-E4B/native_thinking/v5/V4_4_T10000_N4_seed1255,4,32,1255,confirmation,4,1.0,0.0,1.0,1.0,0.0,1.0,1.0,0.95,1.0,0.050000000000000044
Gemma4-E4B,response_reference_pre_reference_d1,record_template,Gemma4-E4B/native_thinking/v5/V4_4_T10000_N4_seed1258,1,1,1258,confirmation,4,1.0,1.0,1.0,0.0,0.0,0.0,0.0,1.0,1.0,0.0
Gemma4-E4B,response_reference_pre_reference_d1,record_template,Gemma4-E4B/native_thinking/v5/V4_4_T10000_N4_seed1258,1,2,1258,confirmation,4,1.0,1.0,1.0,0.0,0.0,0.0,0.0,1.0,1.0,0.0
Gemma4-E4B,response_reference_pre_reference_d1,record_template,Gemma4-E4B/native_thinking/v5/V4_4_T10000_N4_seed1258,1,4,1258,confirmation,4,1.0,1.0,0.6666666666666666,0.0,0.3333333333333333,-0.3333333333333333,-0.3333333333333333,1.0,0.6833333333333332,-0.31666666666666676
Gemma4-E4B,response_reference_pre_reference_d1,record_template,Gemma4-E4B/native_thinking/v5/V4_4_T10000_N4_seed1258,1,8,1258,confirmation,4,1.0,1.0,0.0,0.0,1.0,-1.0,-1.0,1.0,0.05000000000000001,-0.95
Gemma4-E4B,response_reference_pre_reference_d1,record_template,Gemma4-E4B/native_thinking/v5/V4_4_T10000_N4_seed1258,1,16,1258,confirmation,4,1.0,0.0,0.0,1.0,1.0,0.0,0.0,0.05,0.05000000000000001,6.938893903907228e-18
Gemma4-E4B,response_reference_pre_reference_d1,record_template,Gemma4-E4B/native_thinking/v5/V4_4_T10000_N4_seed1258,1,32,1258,confirmation,4,1.0,0.0,0.0,1.0,1.0,0.0,0.0,0.05,0.05000000000000001,6.938893903907228e-18
Gemma4-E4B,response_reference_pre_reference_d1,record_template,Gemma4-E4B/native_thinking/v5/V4_4_T10000_N4_seed1258,2,1,1258,confirmation,4,1.0,1.0,1.0,0.0,0.0,0.0,0.0,1.0,1.0,0.0
Gemma4-E4B,response_reference_pre_reference_d1,record_template,Gemma4-E4B/native_thinking/v5/V4_4_T10000_N4_seed1258,2,2,1258,confirmation,4,1.0,1.0,1.0,0.0,0.0,0.0,0.0,1.0,1.0,0.0
Gemma4-E4B,response_reference_pre_reference_d1,record_template,Gemma4-E4B/native_thinking/v5/V4_4_T10000_N4_seed1258,2,4,1258,confirmation,4,1.0,1.0,1.0,0.0,0.0,0.0,0.0,1.0,1.0,0.0
Gemma4-E4B,response_reference_pre_reference_d1,record_template,Gemma4-E4B/native_thinking/v5/V4_4_T10000_N4_seed1258,2,8,1258,confirmation,4,1.0,1.0,1.0,0.0,0.0,0.0,0.0,1.0,1.0,0.0
Gemma4-E4B,response_reference_pre_reference_d1,record_template,Gemma4-E4B/native_thinking/v5/V4_4_T10000_N4_seed1258,2,16,1258,confirmation,4,1.0,0.0,1.0,1.0,0.0,1.0,1.0,0.0,1.0,1.0
Gemma4-E4B,response_reference_pre_reference_d1,record_template,Gemma4-E4B/native_thinking/v5/V4_4_T10000_N4_seed1258,2,32,1258,confirmation,4,1.0,0.0,1.0,1.0,0.0,1.0,1.0,0.0,1.0,1.0
Gemma4-E4B,response_reference_pre_reference_d1,record_template,Gemma4-E4B/native_thinking/v5/V4_4_T10000_N4_seed1258,3,1,1258,confirmation,4,1.0,1.0,1.0,0.0,0.0,0.0,0.0,1.0,1.0,0.0
Gemma4-E4B,response_reference_pre_reference_d1,record_template,Gemma4-E4B/native_thinking/v5/V4_4_T10000_N4_seed1258,3,2,1258,confirmation,4,1.0,1.0,1.0,0.0,0.0,0.0,0.0,1.0,1.0,0.0
Gemma4-E4B,response_reference_pre_reference_d1,record_template,Gemma4-E4B/native_thinking/v5/V4_4_T10000_N4_seed1258,3,4,1258,confirmation,4,1.0,1.0,1.0,0.0,0.0,0.0,0.0,1.0,1.0,0.0
Gemma4-E4B,response_reference_pre_reference_d1,record_template,Gemma4-E4B/native_thinking/v5/V4_4_T10000_N4_seed1258,3,8,1258,confirmation,4,1.0,1.0,1.0,0.0,0.0,0.0,0.0,1.0,1.0,0.0
Gemma4-E4B,response_reference_pre_reference_d1,record_template,Gemma4-E4B/native_thinking/v5/V4_4_T10000_N4_seed1258,3,16,1258,confirmation,4,1.0,1.0,1.0,0.0,0.0,0.0,0.0,1.0,1.0,0.0
Gemma4-E4B,response_reference_pre_reference_d1,record_template,Gemma4-E4B/native_thinking/v5/V4_4_T10000_N4_seed1258,3,32,1258,confirmation,4,1.0,0.0,1.0,1.0,0.0,1.0,1.0,0.0,1.0,1.0
Gemma4-E4B,response_reference_pre_reference_d1,record_template,Gemma4-E4B/native_thinking/v5/V4_4_T10000_N4_seed1258,4,1,1258,confirmation,4,1.0,1.0,1.0,0.0,0.0,0.0,0.0,1.0,1.0,0.0
Gemma4-E4B,response_reference_pre_reference_d1,record_template,Gemma4-E4B/native_thinking/v5/V4_4_T10000_N4_seed1258,4,2,1258,confirmation,4,1.0,1.0,1.0,0.0,0.0,0.0,0.0,1.0,1.0,0.0
Gemma4-E4B,response_reference_pre_reference_d1,record_template,Gemma4-E4B/native_thinking/v5/V4_4_T10000_N4_seed1258,4,4,1258,confirmation,4,1.0,1.0,1.0,0.0,0.0,0.0,0.0,1.0,1.0,0.0
Gemma4-E4B,response_reference_pre_reference_d1,record_template,Gemma4-E4B/native_thinking/v5/V4_4_T10000_N4_seed1258,4,8,1258,confirmation,4,1.0,1.0,1.0,0.0,0.0,0.0,0.0,1.0,1.0,0.0
Gemma4-E4B,response_reference_pre_reference_d1,record_template,Gemma4-E4B/native_thinking/v5/V4_4_T10000_N4_seed1258,4,16,1258,confirmation,4,1.0,1.0,1.0,0.0,0.0,0.0,0.0,1.0,1.0,0.0
Gemma4-E4B,response_reference_pre_reference_d1,record_template,Gemma4-E4B/native_thinking/v5/V4_4_T10000_N4_seed1258,4,32,1258,confirmation,4,1.0,0.0,1.0,1.0,0.0,1.0,1.0,0.0,1.0,1.0
Gemma4-E4B,response_reference_pre_reference_d1,record_template,Gemma4-E4B/native_thinking/v5/V4_4_T10000_N5_seed1254,1,1,1254,confirmation,5,1.0,1.0,1.0,0.0,0.0,0.0,0.0,1.0,1.0,0.0
Gemma4-E4B,response_reference_pre_reference_d1,record_template,Gemma4-E4B/native_thinking/v5/V4_4_T10000_N5_seed1254,1,2,1254,confirmation,5,1.0,1.0,1.0,0.0,0.0,0.0,0.0,1.0,1.0,0.0
Gemma4-E4B,response_reference_pre_reference_d1,record_template,Gemma4-E4B/native_thinking/v5/V4_4_T10000_N5_seed1254,1,4,1254,confirmation,5,1.0,1.0,1.0,0.0,0.0,0.0,0.0,1.0,1.0,0.0
Gemma4-E4B,response_reference_pre_reference_d1,record_template,Gemma4-E4B/native_thinking/v5/V4_4_T10000_N5_seed1254,1,8,1254,confirmation,5,1.0,1.0,1.0,0.0,0.0,0.0,0.0,1.0,1.0,0.0
Gemma4-E4B,response_reference_pre_reference_d1,record_template,Gemma4-E4B/native_thinking/v5/V4_4_T10000_N5_seed1254,1,16,1254,confirmation,5,1.0,0.0,1.0,1.0,0.0,1.0,1.0,0.07407407407407407,1.0,0.9259259259259259
Gemma4-E4B,response_reference_pre_reference_d1,record_template,Gemma4-E4B/native_thinking/v5/V4_4_T10000_N5_seed1254,1,32,1254,confirmation,5,1.0,0.0,1.0,1.0,0.0,1.0,1.0,0.0,1.0,1.0
Gemma4-E4B,response_reference_pre_reference_d1,record_template,Gemma4-E4B/native_thinking/v5/V4_4_T10000_N5_seed1254,2,1,1254,confirmation,5,1.0,1.0,1.0,0.0,0.0,0.0,0.0,1.0,1.0,0.0
Gemma4-E4B,response_reference_pre_reference_d1,record_template,Gemma4-E4B/native_thinking/v5/V4_4_T10000_N5_seed1254,2,2,1254,confirmation,5,1.0,1.0,1.0,0.0,0.0,0.0,0.0,1.0,1.0,0.0
Gemma4-E4B,response_reference_pre_reference_d1,record_template,Gemma4-E4B/native_thinking/v5/V4_4_T10000_N5_seed1254,2,4,1254,confirmation,5,1.0,1.0,1.0,0.0,0.0,0.0,0.0,1.0,1.0,0.0
Gemma4-E4B,response_reference_pre_reference_d1,record_template,Gemma4-E4B/native_thinking/v5/V4_4_T10000_N5_seed1254,2,8,1254,confirmation,5,1.0,1.0,1.0,0.0,0.0,0.0,0.0,1.0,1.0,0.0
Gemma4-E4B,response_reference_pre_reference_d1,record_template,Gemma4-E4B/native_thinking/v5/V4_4_T10000_N5_seed1254,2,16,1254,confirmation,5,1.0,0.0,1.0,1.0,0.0,1.0,1.0,0.9615384615384616,1.0,0.038461538461538436
Gemma4-E4B,response_reference_pre_reference_d1,record_template,Gemma4-E4B/native_thinking/v5/V4_4_T10000_N5_seed1254,2,32,1254,confirmation,5,1.0,0.0,1.0,1.0,0.0,1.0,1.0,0.0,1.0,1.0
Gemma4-E4B,response_reference_pre_reference_d1,record_template,Gemma4-E4B/native_thinking/v5/V4_4_T10000_N5_seed1254,3,1,1254,confirmation,5,1.0,1.0,1.0,0.0,0.0,0.0,0.0,1.0,1.0,0.0
Gemma4-E4B,response_reference_pre_reference_d1,record_template,Gemma4-E4B/native_thinking/v5/V4_4_T10000_N5_seed1254,3,2,1254,confirmation,5,1.0,1.0,1.0,0.0,0.0,0.0,0.0,1.0,1.0,0.0
Gemma4-E4B,response_reference_pre_reference_d1,record_template,Gemma4-E4B/native_thinking/v5/V4_4_T10000_N5_seed1254,3,4,1254,confirmation,5,1.0,1.0,1.0,0.0,0.0,0.0,0.0,1.0,1.0,0.0
Gemma4-E4B,response_reference_pre_reference_d1,record_template,Gemma4-E4B/native_thinking/v5/V4_4_T10000_N5_seed1254,3,8,1254,confirmation,5,1.0,1.0,1.0,0.0,0.0,0.0,0.0,1.0,1.0,0.0
Gemma4-E4B,response_reference_pre_reference_d1,record_template,Gemma4-E4B/native_thinking/v5/V4_4_T10000_N5_seed1254,3,16,1254,confirmation,5,1.0,1.0,1.0,0.0,0.0,0.0,0.0,1.0,1.0,0.0
Gemma4-E4B,response_reference_pre_reference_d1,record_template,Gemma4-E4B/native_thinking/v5/V4_4_T10000_N5_seed1254,3,32,1254,confirmation,5,1.0,0.0,1.0,1.0,0.0,1.0,1.0,0.0,1.0,1.0
Gemma4-E4B,response_reference_pre_reference_d1,record_template,Gemma4-E4B/native_thinking/v5/V4_4_T10000_N5_seed1254,4,1,1254,confirmation,5,1.0,1.0,1.0,0.0,0.0,0.0,0.0,1.0,1.0,0.0
Gemma4-E4B,response_reference_pre_reference_d1,record_template,Gemma4-E4B/native_thinking/v5/V4_4_T10000_N5_seed1254,4,2,1254,confirmation,5,1.0,1.0,1.0,0.0,0.0,0.0,0.0,1.0,1.0,0.0
Gemma4-E4B,response_reference_pre_reference_d1,record_template,Gemma4-E4B/native_thinking/v5/V4_4_T10000_N5_seed1254,4,4,1254,confirmation,5,1.0,1.0,1.0,0.0,0.0,0.0,0.0,1.0,1.0,0.0
Gemma4-E4B,response_reference_pre_reference_d1,record_template,Gemma4-E4B/native_thinking/v5/V4_4_T10000_N5_seed1254,4,8,1254,confirmation,5,1.0,1.0,1.0,0.0,0.0,0.0,0.0,1.0,1.0,0.0
Gemma4-E4B,response_reference_pre_reference_d1,record_template,Gemma4-E4B/native_thinking/v5/V4_4_T10000_N5_seed1254,4,16,1254,confirmation,5,1.0,1.0,1.0,0.0,0.0,0.0,0.0,1.0,1.0,0.0
Gemma4-E4B,response_reference_pre_reference_d1,record_template,Gemma4-E4B/native_thinking/v5/V4_4_T10000_N5_seed1254,4,32,1254,confirmation,5,1.0,0.0,1.0,1.0,0.0,1.0,1.0,0.9615384615384616,1.0,0.038461538461538436
Gemma4-E4B,response_reference_pre_reference_d1,record_template,Gemma4-E4B/native_thinking/v5/V4_4_T10000_N5_seed1254,5,1,1254,confirmation,5,1.0,1.0,1.0,0.0,0.0,0.0,0.0,1.0,1.0,0.0
Gemma4-E4B,response_reference_pre_reference_d1,record_template,Gemma4-E4B/native_thinking/v5/V4_4_T10000_N5_seed1254,5,2,1254,confirmation,5,1.0,1.0,1.0,0.0,0.0,0.0,0.0,1.0,1.0,0.0
Gemma4-E4B,response_reference_pre_reference_d1,record_template,Gemma4-E4B/native_thinking/v5/V4_4_T10000_N5_seed1254,5,4,1254,confirmation,5,1.0,1.0,1.0,0.0,0.0,0.0,0.0,1.0,1.0,0.0
Gemma4-E4B,response_reference_pre_reference_d1,record_template,Gemma4-E4B/native_thinking/v5/V4_4_T10000_N5_seed1254,5,8,1254,confirmation,5,1.0,1.0,1.0,0.0,0.0,0.0,0.0,1.0,1.0,0.0
Gemma4-E4B,response_reference_pre_reference_d1,record_template,Gemma4-E4B/native_thinking/v5/V4_4_T10000_N5_seed1254,5,16,1254,confirmation,5,1.0,1.0,1.0,0.0,0.0,0.0,0.0,1.0,1.0,0.0
Gemma4-E4B,response_reference_pre_reference_d1,record_template,Gemma4-E4B/native_thinking/v5/V4_4_T10000_N5_seed1254,5,32,1254,confirmation,5,1.0,0.0,1.0,1.0,0.0,1.0,1.0,0.9629629629629629,1.0,0.03703703703703709
Gemma4-E4B,response_reference_pre_reference_d1,record_template,Gemma4-E4B/native_thinking/v5/V4_4_T10000_N6_seed1263,1,1,1263,confirmation,6,1.0,0.0,0.3333333333333333,1.0,0.6666666666666666,0.33333333333333337,0.33333333333333337,0.05,0.3666666666666667,0.3166666666666667
Gemma4-E4B,response_reference_pre_reference_d1,record_template,Gemma4-E4B/native_thinking/v5/V4_4_T10000_N6_seed1263,1,2,1263,confirmation,6,1.0,0.0,0.6666666666666666,1.0,0.3333333333333333,0.6666666666666667,0.6666666666666667,0.05,0.6833333333333332,0.6333333333333332
Gemma4-E4B,response_reference_pre_reference_d1,record_template,Gemma4-E4B/native_thinking/v5/V4_4_T10000_N6_seed1263,1,4,1263,confirmation,6,1.0,0.0,1.0,1.0,0.0,1.0,1.0,0.05,1.0,0.95
Gemma4-E4B,response_reference_pre_reference_d1,record_template,Gemma4-E4B/native_thinking/v5/V4_4_T10000_N6_seed1263,1,8,1263,confirmation,6,1.0,1.0,1.0,0.0,0.0,0.0,0.0,1.0,1.0,0.0
Gemma4-E4B,response_reference_pre_reference_d1,record_template,Gemma4-E4B/native_thinking/v5/V4_4_T10000_N6_seed1263,1,16,1263,confirmation,6,1.0,0.0,1.0,1.0,0.0,1.0,1.0,0.05,1.0,0.95
Gemma4-E4B,response_reference_pre_reference_d1,record_template,Gemma4-E4B/native_thinking/v5/V4_4_T10000_N6_seed1263,1,32,1263,confirmation,6,1.0,0.0,1.0,1.0,0.0,1.0,1.0,0.0,1.0,1.0
Gemma4-E4B,response_reference_pre_reference_d1,record_template,Gemma4-E4B/native_thinking/v5/V4_4_T10000_N6_seed1263,2,1,1263,confirmation,6,1.0,1.0,1.0,0.0,0.0,0.0,0.0,1.0,1.0,0.0
Gemma4-E4B,response_reference_pre_reference_d1,record_template,Gemma4-E4B/native_thinking/v5/V4_4_T10000_N6_seed1263,2,2,1263,confirmation,6,1.0,1.0,1.0,0.0,0.0,0.0,0.0,1.0,1.0,0.0
Gemma4-E4B,response_reference_pre_reference_d1,record_template,Gemma4-E4B/native_thinking/v5/V4_4_T10000_N6_seed1263,2,4,1263,confirmation,6,1.0,1.0,1.0,0.0,0.0,0.0,0.0,1.0,1.0,0.0
Gemma4-E4B,response_reference_pre_reference_d1,record_template,Gemma4-E4B/native_thinking/v5/V4_4_T10000_N6_seed1263,2,8,1263,confirmation,6,1.0,1.0,1.0,0.0,0.0,0.0,0.0,1.0,1.0,0.0
Gemma4-E4B,response_reference_pre_reference_d1,record_template,Gemma4-E4B/native_thinking/v5/V4_4_T10000_N6_seed1263,2,16,1263,confirmation,6,1.0,0.0,1.0,1.0,0.0,1.0,1.0,0.0,1.0,1.0
Gemma4-E4B,response_reference_pre_reference_d1,record_template,Gemma4-E4B/native_thinking/v5/V4_4_T10000_N6_seed1263,2,32,1263,confirmation,6,1.0,0.0,1.0,1.0,0.0,1.0,1.0,0.0,1.0,1.0
Gemma4-E4B,response_reference_pre_reference_d1,record_template,Gemma4-E4B/native_thinking/v5/V4_4_T10000_N6_seed1263,3,1,1263,confirmation,6,1.0,1.0,1.0,0.0,0.0,0.0,0.0,1.0,1.0,0.0
Gemma4-E4B,response_reference_pre_reference_d1,record_template,Gemma4-E4B/native_thinking/v5/V4_4_T10000_N6_seed1263,3,2,1263,confirmation,6,1.0,1.0,1.0,0.0,0.0,0.0,0.0,1.0,1.0,0.0
Gemma4-E4B,response_reference_pre_reference_d1,record_template,Gemma4-E4B/native_thinking/v5/V4_4_T10000_N6_seed1263,3,4,1263,confirmation,6,1.0,1.0,1.0,0.0,0.0,0.0,0.0,1.0,1.0,0.0
Gemma4-E4B,response_reference_pre_reference_d1,record_template,Gemma4-E4B/native_thinking/v5/V4_4_T10000_N6_seed1263,3,8,1263,confirmation,6,1.0,1.0,1.0,0.0,0.0,0.0,0.0,1.0,1.0,0.0
Gemma4-E4B,response_reference_pre_reference_d1,record_template,Gemma4-E4B/native_thinking/v5/V4_4_T10000_N6_seed1263,3,16,1263,confirmation,6,1.0,1.0,1.0,0.0,0.0,0.0,0.0,1.0,1.0,0.0
Gemma4-E4B,response_reference_pre_reference_d1,record_template,Gemma4-E4B/native_thinking/v5/V4_4_T10000_N6_seed1263,3,32,1263,confirmation,6,1.0,0.0,1.0,1.0,0.0,1.0,1.0,0.95,1.0,0.050000000000000044
Gemma4-E4B,response_reference_pre_reference_d1,record_template,Gemma4-E4B/native_thinking/v5/V4_4_T10000_N6_seed1263,4,1,1263,confirmation,6,1.0,1.0,1.0,0.0,0.0,0.0,0.0,1.0,1.0,0.0
Gemma4-E4B,response_reference_pre_reference_d1,record_template,Gemma4-E4B/native_thinking/v5/V4_4_T10000_N6_seed1263,4,2,1263,confirmation,6,1.0,1.0,1.0,0.0,0.0,0.0,0.0,1.0,1.0,0.0
Gemma4-E4B,response_reference_pre_reference_d1,record_template,Gemma4-E4B/native_thinking/v5/V4_4_T10000_N6_seed1263,4,4,1263,confirmation,6,1.0,1.0,1.0,0.0,0.0,0.0,0.0,1.0,1.0,0.0
Gemma4-E4B,response_reference_pre_reference_d1,record_template,Gemma4-E4B/native_thinking/v5/V4_4_T10000_N6_seed1263,4,8,1263,confirmation,6,1.0,1.0,1.0,0.0,0.0,0.0,0.0,1.0,1.0,0.0
Gemma4-E4B,response_reference_pre_reference_d1,record_template,Gemma4-E4B/native_thinking/v5/V4_4_T10000_N6_seed1263,4,16,1263,confirmation,6,1.0,1.0,1.0,0.0,0.0,0.0,0.0,1.0,1.0,0.0
Gemma4-E4B,response_reference_pre_reference_d1,record_template,Gemma4-E4B/native_thinking/v5/V4_4_T10000_N6_seed1263,4,32,1263,confirmation,6,1.0,0.0,1.0,1.0,0.0,1.0,1.0,0.95,1.0,0.050000000000000044
Gemma4-E4B,response_reference_pre_reference_d1,record_template,Gemma4-E4B/native_thinking/v5/V4_4_T10000_N6_seed1263,5,1,1263,confirmation,6,1.0,1.0,1.0,0.0,0.0,0.0,0.0,1.0,1.0,0.0
Gemma4-E4B,response_reference_pre_reference_d1,record_template,Gemma4-E4B/native_thinking/v5/V4_4_T10000_N6_seed1263,5,2,1263,confirmation,6,1.0,1.0,1.0,0.0,0.0,0.0,0.0,1.0,1.0,0.0
Gemma4-E4B,response_reference_pre_reference_d1,record_template,Gemma4-E4B/native_thinking/v5/V4_4_T10000_N6_seed1263,5,4,1263,confirmation,6,1.0,1.0,1.0,0.0,0.0,0.0,0.0,1.0,1.0,0.0
Gemma4-E4B,response_reference_pre_reference_d1,record_template,Gemma4-E4B/native_thinking/v5/V4_4_T10000_N6_seed1263,5,8,1263,confirmation,6,1.0,1.0,1.0,0.0,0.0,0.0,0.0,1.0,1.0,0.0
Gemma4-E4B,response_reference_pre_reference_d1,record_template,Gemma4-E4B/native_thinking/v5/V4_4_T10000_N6_seed1263,5,16,1263,confirmation,6,1.0,1.0,1.0,0.0,0.0,0.0,0.0,1.0,1.0,0.0
Gemma4-E4B,response_reference_pre_reference_d1,record_template,Gemma4-E4B/native_thinking/v5/V4_4_T10000_N6_seed1263,5,32,1263,confirmation,6,1.0,0.0,1.0,1.0,0.0,1.0,1.0,0.95,1.0,0.050000000000000044
Gemma4-E4B,response_reference_pre_reference_d1,record_template,Gemma4-E4B/native_thinking/v5/V4_4_T10000_N6_seed1263,6,1,1263,confirmation,6,1.0,1.0,1.0,0.0,0.0,0.0,0.0,1.0,1.0,0.0
Gemma4-E4B,response_reference_pre_reference_d1,record_template,Gemma4-E4B/native_thinking/v5/V4_4_T10000_N6_seed1263,6,2,1263,confirmation,6,1.0,1.0,1.0,0.0,0.0,0.0,0.0,1.0,1.0,0.0
Gemma4-E4B,response_reference_pre_reference_d1,record_template,Gemma4-E4B/native_thinking/v5/V4_4_T10000_N6_seed1263,6,4,1263,confirmation,6,1.0,1.0,1.0,0.0,0.0,0.0,0.0,1.0,1.0,0.0
Gemma4-E4B,response_reference_pre_reference_d1,record_template,Gemma4-E4B/native_thinking/v5/V4_4_T10000_N6_seed1263,6,8,1263,confirmation,6,1.0,1.0,1.0,0.0,0.0,0.0,0.0,1.0,1.0,0.0
Gemma4-E4B,response_reference_pre_reference_d1,record_template,Gemma4-E4B/native_thinking/v5/V4_4_T10000_N6_seed1263,6,16,1263,confirmation,6,1.0,1.0,1.0,0.0,0.0,0.0,0.0,1.0,1.0,0.0
Gemma4-E4B,response_reference_pre_reference_d1,record_template,Gemma4-E4B/native_thinking/v5/V4_4_T10000_N6_seed1263,6,32,1263,confirmation,6,1.0,0.0,1.0,1.0,0.0,1.0,1.0,0.05,1.0,0.95
Gemma4-E4B,response_reference_pre_reference_d1,record_template,Gemma4-E4B/native_thinking/v5/V4_4_T10000_N7_seed1254,1,1,1254,confirmation,7,0.0,0.0,0.0,0.0,0.0,0.0,,0.9629629629629629,0.9629629629629629,0.0
Gemma4-E4B,response_reference_pre_reference_d1,record_template,Gemma4-E4B/native_thinking/v5/V4_4_T10000_N7_seed1254,1,2,1254,confirmation,7,0.0,0.0,0.0,0.0,0.0,0.0,,0.9629629629629629,0.9629629629629629,0.0
Gemma4-E4B,response_reference_pre_reference_d1,record_template,Gemma4-E4B/native_thinking/v5/V4_4_T10000_N7_seed1254,1,4,1254,confirmation,7,0.0,0.0,0.0,0.0,0.0,0.0,,0.9629629629629629,0.9629629629629629,0.0
Gemma4-E4B,response_reference_pre_reference_d1,record_template,Gemma4-E4B/native_thinking/v5/V4_4_T10000_N7_seed1254,1,8,1254,confirmation,7,0.0,1.0,1.0,-1.0,-1.0,0.0,,1.0,1.0,0.0
Gemma4-E4B,response_reference_pre_reference_d1,record_template,Gemma4-E4B/native_thinking/v5/V4_4_T10000_N7_seed1254,1,16,1254,confirmation,7,0.0,0.0,1.0,0.0,-1.0,1.0,,0.07407407407407407,1.0,0.9259259259259259
Gemma4-E4B,response_reference_pre_reference_d1,record_template,Gemma4-E4B/native_thinking/v5/V4_4_T10000_N7_seed1254,1,32,1254,confirmation,7,0.0,0.0,1.0,0.0,-1.0,1.0,,0.07407407407407407,1.0,0.9259259259259259
Gemma4-E4B,response_reference_pre_reference_d1,record_template,Gemma4-E4B/native_thinking/v5/V4_4_T10000_N7_seed1254,2,1,1254,confirmation,7,1.0,1.0,1.0,0.0,0.0,0.0,0.0,1.0,1.0,0.0
Gemma4-E4B,response_reference_pre_reference_d1,record_template,Gemma4-E4B/native_thinking/v5/V4_4_T10000_N7_seed1254,2,2,1254,confirmation,7,1.0,1.0,1.0,0.0,0.0,0.0,0.0,1.0,1.0,0.0
Gemma4-E4B,response_reference_pre_reference_d1,record_template,Gemma4-E4B/native_thinking/v5/V4_4_T10000_N7_seed1254,2,4,1254,confirmation,7,1.0,1.0,1.0,0.0,0.0,0.0,0.0,1.0,1.0,0.0
Gemma4-E4B,response_reference_pre_reference_d1,record_template,Gemma4-E4B/native_thinking/v5/V4_4_T10000_N7_seed1254,2,8,1254,confirmation,7,1.0,1.0,1.0,0.0,0.0,0.0,0.0,1.0,1.0,0.0
Gemma4-E4B,response_reference_pre_reference_d1,record_template,Gemma4-E4B/native_thinking/v5/V4_4_T10000_N7_seed1254,2,16,1254,confirmation,7,1.0,0.0,1.0,1.0,0.0,1.0,1.0,0.9615384615384616,1.0,0.038461538461538436
Gemma4-E4B,response_reference_pre_reference_d1,record_template,Gemma4-E4B/native_thinking/v5/V4_4_T10000_N7_seed1254,2,32,1254,confirmation,7,1.0,0.0,1.0,1.0,0.0,1.0,1.0,0.0,1.0,1.0
Gemma4-E4B,response_reference_pre_reference_d1,record_template,Gemma4-E4B/native_thinking/v5/V4_4_T10000_N7_seed1254,3,1,1254,confirmation,7,1.0,1.0,1.0,0.0,0.0,0.0,0.0,1.0,1.0,0.0
Gemma4-E4B,response_reference_pre_reference_d1,record_template,Gemma4-E4B/native_thinking/v5/V4_4_T10000_N7_seed1254,3,2,1254,confirmation,7,1.0,1.0,1.0,0.0,0.0,0.0,0.0,1.0,1.0,0.0
Gemma4-E4B,response_reference_pre_reference_d1,record_template,Gemma4-E4B/native_thinking/v5/V4_4_T10000_N7_seed1254,3,4,1254,confirmation,7,1.0,1.0,1.0,0.0,0.0,0.0,0.0,1.0,1.0,0.0
Gemma4-E4B,response_reference_pre_reference_d1,record_template,Gemma4-E4B/native_thinking/v5/V4_4_T10000_N7_seed1254,3,8,1254,confirmation,7,1.0,1.0,1.0,0.0,0.0,0.0,0.0,1.0,1.0,0.0
Gemma4-E4B,response_reference_pre_reference_d1,record_template,Gemma4-E4B/native_thinking/v5/V4_4_T10000_N7_seed1254,3,16,1254,confirmation,7,1.0,1.0,1.0,0.0,0.0,0.0,0.0,1.0,1.0,0.0
Gemma4-E4B,response_reference_pre_reference_d1,record_template,Gemma4-E4B/native_thinking/v5/V4_4_T10000_N7_seed1254,3,32,1254,confirmation,7,1.0,0.0,1.0,1.0,0.0,1.0,1.0,0.0,1.0,1.0
Gemma4-E4B,response_reference_pre_reference_d1,record_template,Gemma4-E4B/native_thinking/v5/V4_4_T10000_N7_seed1254,4,1,1254,confirmation,7,1.0,1.0,1.0,0.0,0.0,0.0,0.0,1.0,1.0,0.0
Gemma4-E4B,response_reference_pre_reference_d1,record_template,Gemma4-E4B/native_thinking/v5/V4_4_T10000_N7_seed1254,4,2,1254,confirmation,7,1.0,1.0,1.0,0.0,0.0,0.0,0.0,1.0,1.0,0.0
Gemma4-E4B,response_reference_pre_reference_d1,record_template,Gemma4-E4B/native_thinking/v5/V4_4_T10000_N7_seed1254,4,4,1254,confirmation,7,1.0,1.0,1.0,0.0,0.0,0.0,0.0,1.0,1.0,0.0
Gemma4-E4B,response_reference_pre_reference_d1,record_template,Gemma4-E4B/native_thinking/v5/V4_4_T10000_N7_seed1254,4,8,1254,confirmation,7,1.0,1.0,1.0,0.0,0.0,0.0,0.0,1.0,1.0,0.0
Gemma4-E4B,response_reference_pre_reference_d1,record_template,Gemma4-E4B/native_thinking/v5/V4_4_T10000_N7_seed1254,4,16,1254,confirmation,7,1.0,1.0,1.0,0.0,0.0,0.0,0.0,1.0,1.0,0.0
Gemma4-E4B,response_reference_pre_reference_d1,record_template,Gemma4-E4B/native_thinking/v5/V4_4_T10000_N7_seed1254,4,32,1254,confirmation,7,1.0,0.0,1.0,1.0,0.0,1.0,1.0,0.038461538461538464,1.0,0.9615384615384616
Gemma4-E4B,response_reference_pre_reference_d1,record_template,Gemma4-E4B/native_thinking/v5/V4_4_T10000_N7_seed1254,5,1,1254,confirmation,7,1.0,1.0,1.0,0.0,0.0,0.0,0.0,1.0,1.0,0.0
Gemma4-E4B,response_reference_pre_reference_d1,record_template,Gemma4-E4B/native_thinking/v5/V4_4_T10000_N7_seed1254,5,2,1254,confirmation,7,1.0,1.0,1.0,0.0,0.0,0.0,0.0,1.0,1.0,0.0
Gemma4-E4B,response_reference_pre_reference_d1,record_template,Gemma4-E4B/native_thinking/v5/V4_4_T10000_N7_seed1254,5,4,1254,confirmation,7,1.0,1.0,1.0,0.0,0.0,0.0,0.0,1.0,1.0,0.0
Gemma4-E4B,response_reference_pre_reference_d1,record_template,Gemma4-E4B/native_thinking/v5/V4_4_T10000_N7_seed1254,5,8,1254,confirmation,7,1.0,1.0,1.0,0.0,0.0,0.0,0.0,1.0,1.0,0.0
Gemma4-E4B,response_reference_pre_reference_d1,record_template,Gemma4-E4B/native_thinking/v5/V4_4_T10000_N7_seed1254,5,16,1254,confirmation,7,1.0,1.0,1.0,0.0,0.0,0.0,0.0,1.0,1.0,0.0
Gemma4-E4B,response_reference_pre_reference_d1,record_template,Gemma4-E4B/native_thinking/v5/V4_4_T10000_N7_seed1254,5,32,1254,confirmation,7,1.0,0.0,1.0,1.0,0.0,1.0,1.0,0.9629629629629629,1.0,0.03703703703703709
Gemma4-E4B,response_reference_pre_reference_d1,record_template,Gemma4-E4B/native_thinking/v5/V4_4_T10000_N7_seed1254,6,1,1254,confirmation,7,1.0,1.0,1.0,0.0,0.0,0.0,0.0,1.0,1.0,0.0
Gemma4-E4B,response_reference_pre_reference_d1,record_template,Gemma4-E4B/native_thinking/v5/V4_4_T10000_N7_seed1254,6,2,1254,confirmation,7,1.0,1.0,1.0,0.0,0.0,0.0,0.0,1.0,1.0,0.0
Gemma4-E4B,response_reference_pre_reference_d1,record_template,Gemma4-E4B/native_thinking/v5/V4_4_T10000_N7_seed1254,6,4,1254,confirmation,7,1.0,1.0,1.0,0.0,0.0,0.0,0.0,1.0,1.0,0.0
Gemma4-E4B,response_reference_pre_reference_d1,record_template,Gemma4-E4B/native_thinking/v5/V4_4_T10000_N7_seed1254,6,8,1254,confirmation,7,1.0,1.0,1.0,0.0,0.0,0.0,0.0,1.0,1.0,0.0
Gemma4-E4B,response_reference_pre_reference_d1,record_template,Gemma4-E4B/native_thinking/v5/V4_4_T10000_N7_seed1254,6,16,1254,confirmation,7,1.0,1.0,1.0,0.0,0.0,0.0,0.0,1.0,1.0,0.0
Gemma4-E4B,response_reference_pre_reference_d1,record_template,Gemma4-E4B/native_thinking/v5/V4_4_T10000_N7_seed1254,6,32,1254,confirmation,7,1.0,0.0,1.0,1.0,0.0,1.0,1.0,0.9615384615384616,1.0,0.038461538461538436
Gemma4-E4B,response_reference_pre_reference_d1,record_template,Gemma4-E4B/native_thinking/v5/V4_4_T10000_N7_seed1254,7,1,1254,confirmation,7,1.0,1.0,1.0,0.0,0.0,0.0,0.0,1.0,1.0,0.0
Gemma4-E4B,response_reference_pre_reference_d1,record_template,Gemma4-E4B/native_thinking/v5/V4_4_T10000_N7_seed1254,7,2,1254,confirmation,7,1.0,1.0,1.0,0.0,0.0,0.0,0.0,1.0,1.0,0.0
Gemma4-E4B,response_reference_pre_reference_d1,record_template,Gemma4-E4B/native_thinking/v5/V4_4_T10000_N7_seed1254,7,4,1254,confirmation,7,1.0,1.0,1.0,0.0,0.0,0.0,0.0,1.0,1.0,0.0
Gemma4-E4B,response_reference_pre_reference_d1,record_template,Gemma4-E4B/native_thinking/v5/V4_4_T10000_N7_seed1254,7,8,1254,confirmation,7,1.0,1.0,1.0,0.0,0.0,0.0,0.0,1.0,1.0,0.0
Gemma4-E4B,response_reference_pre_reference_d1,record_template,Gemma4-E4B/native_thinking/v5/V4_4_T10000_N7_seed1254,7,16,1254,confirmation,7,1.0,1.0,1.0,0.0,0.0,0.0,0.0,1.0,1.0,0.0
Gemma4-E4B,response_reference_pre_reference_d1,record_template,Gemma4-E4B/native_thinking/v5/V4_4_T10000_N7_seed1254,7,32,1254,confirmation,7,1.0,0.0,1.0,1.0,0.0,1.0,1.0,0.0,1.0,1.0
Gemma4-E4B,response_reference_pre_reference_d1,record_template,Gemma4-E4B/native_thinking/v5/V4_4_T10000_N7_seed1263,1,1,1263,confirmation,7,1.0,1.0,1.0,0.0,0.0,0.0,0.0,1.0,1.0,0.0
Gemma4-E4B,response_reference_pre_reference_d1,record_template,Gemma4-E4B/native_thinking/v5/V4_4_T10000_N7_seed1263,1,2,1263,confirmation,7,1.0,0.0,0.6666666666666666,1.0,0.3333333333333333,0.6666666666666667,0.6666666666666667,0.05,0.6833333333333332,0.6333333333333332
Gemma4-E4B,response_reference_pre_reference_d1,record_template,Gemma4-E4B/native_thinking/v5/V4_4_T10000_N7_seed1263,1,4,1263,confirmation,7,1.0,0.0,1.0,1.0,0.0,1.0,1.0,0.05,1.0,0.95
Gemma4-E4B,response_reference_pre_reference_d1,record_template,Gemma4-E4B/native_thinking/v5/V4_4_T10000_N7_seed1263,1,8,1263,confirmation,7,1.0,1.0,1.0,0.0,0.0,0.0,0.0,1.0,1.0,0.0
Gemma4-E4B,response_reference_pre_reference_d1,record_template,Gemma4-E4B/native_thinking/v5/V4_4_T10000_N7_seed1263,1,16,1263,confirmation,7,1.0,0.0,0.3333333333333333,1.0,0.6666666666666666,0.33333333333333337,0.33333333333333337,0.05,0.9666666666666667,0.9166666666666666
Gemma4-E4B,response_reference_pre_reference_d1,record_template,Gemma4-E4B/native_thinking/v5/V4_4_T10000_N7_seed1263,1,32,1263,confirmation,7,1.0,0.0,1.0,1.0,0.0,1.0,1.0,0.0,1.0,1.0
Gemma4-E4B,response_reference_pre_reference_d1,record_template,Gemma4-E4B/native_thinking/v5/V4_4_T10000_N7_seed1263,2,1,1263,confirmation,7,1.0,1.0,1.0,0.0,0.0,0.0,0.0,1.0,1.0,0.0
Gemma4-E4B,response_reference_pre_reference_d1,record_template,Gemma4-E4B/native_thinking/v5/V4_4_T10000_N7_seed1263,2,2,1263,confirmation,7,1.0,1.0,1.0,0.0,0.0,0.0,0.0,1.0,1.0,0.0
Gemma4-E4B,response_reference_pre_reference_d1,record_template,Gemma4-E4B/native_thinking/v5/V4_4_T10000_N7_seed1263,2,4,1263,confirmation,7,1.0,1.0,1.0,0.0,0.0,0.0,0.0,1.0,1.0,0.0
Gemma4-E4B,response_reference_pre_reference_d1,record_template,Gemma4-E4B/native_thinking/v5/V4_4_T10000_N7_seed1263,2,8,1263,confirmation,7,1.0,1.0,1.0,0.0,0.0,0.0,0.0,1.0,1.0,0.0
Gemma4-E4B,response_reference_pre_reference_d1,record_template,Gemma4-E4B/native_thinking/v5/V4_4_T10000_N7_seed1263,2,16,1263,confirmation,7,1.0,1.0,1.0,0.0,0.0,0.0,0.0,1.0,1.0,0.0
Gemma4-E4B,response_reference_pre_reference_d1,record_template,Gemma4-E4B/native_thinking/v5/V4_4_T10000_N7_seed1263,2,32,1263,confirmation,7,1.0,0.0,1.0,1.0,0.0,1.0,1.0,0.0,1.0,1.0
Gemma4-E4B,response_reference_pre_reference_d1,record_template,Gemma4-E4B/native_thinking/v5/V4_4_T10000_N7_seed1263,3,1,1263,confirmation,7,1.0,1.0,1.0,0.0,0.0,0.0,0.0,1.0,1.0,0.0
Gemma4-E4B,response_reference_pre_reference_d1,record_template,Gemma4-E4B/native_thinking/v5/V4_4_T10000_N7_seed1263,3,2,1263,confirmation,7,1.0,1.0,1.0,0.0,0.0,0.0,0.0,1.0,1.0,0.0
Gemma4-E4B,response_reference_pre_reference_d1,record_template,Gemma4-E4B/native_thinking/v5/V4_4_T10000_N7_seed1263,3,4,1263,confirmation,7,1.0,1.0,1.0,0.0,0.0,0.0,0.0,1.0,1.0,0.0
Gemma4-E4B,response_reference_pre_reference_d1,record_template,Gemma4-E4B/native_thinking/v5/V4_4_T10000_N7_seed1263,3,8,1263,confirmation,7,1.0,1.0,1.0,0.0,0.0,0.0,0.0,1.0,1.0,0.0
Gemma4-E4B,response_reference_pre_reference_d1,record_template,Gemma4-E4B/native_thinking/v5/V4_4_T10000_N7_seed1263,3,16,1263,confirmation,7,1.0,1.0,1.0,0.0,0.0,0.0,0.0,1.0,1.0,0.0
Gemma4-E4B,response_reference_pre_reference_d1,record_template,Gemma4-E4B/native_thinking/v5/V4_4_T10000_N7_seed1263,3,32,1263,confirmation,7,1.0,0.0,1.0,1.0,0.0,1.0,1.0,0.95,1.0,0.050000000000000044
Gemma4-E4B,response_reference_pre_reference_d1,record_template,Gemma4-E4B/native_thinking/v5/V4_4_T10000_N7_seed1263,4,1,1263,confirmation,7,1.0,1.0,1.0,0.0,0.0,0.0,0.0,1.0,1.0,0.0
Gemma4-E4B,response_reference_pre_reference_d1,record_template,Gemma4-E4B/native_thinking/v5/V4_4_T10000_N7_seed1263,4,2,1263,confirmation,7,1.0,1.0,1.0,0.0,0.0,0.0,0.0,1.0,1.0,0.0
Gemma4-E4B,response_reference_pre_reference_d1,record_template,Gemma4-E4B/native_thinking/v5/V4_4_T10000_N7_seed1263,4,4,1263,confirmation,7,1.0,1.0,1.0,0.0,0.0,0.0,0.0,1.0,1.0,0.0
Gemma4-E4B,response_reference_pre_reference_d1,record_template,Gemma4-E4B/native_thinking/v5/V4_4_T10000_N7_seed1263,4,8,1263,confirmation,7,1.0,1.0,1.0,0.0,0.0,0.0,0.0,1.0,1.0,0.0
Gemma4-E4B,response_reference_pre_reference_d1,record_template,Gemma4-E4B/native_thinking/v5/V4_4_T10000_N7_seed1263,4,16,1263,confirmation,7,1.0,1.0,1.0,0.0,0.0,0.0,0.0,1.0,1.0,0.0
Gemma4-E4B,response_reference_pre_reference_d1,record_template,Gemma4-E4B/native_thinking/v5/V4_4_T10000_N7_seed1263,4,32,1263,confirmation,7,1.0,0.0,1.0,1.0,0.0,1.0,1.0,0.95,1.0,0.050000000000000044
Gemma4-E4B,response_reference_pre_reference_d1,record_template,Gemma4-E4B/native_thinking/v5/V4_4_T10000_N7_seed1263,5,1,1263,confirmation,7,1.0,1.0,1.0,0.0,0.0,0.0,0.0,1.0,1.0,0.0
Gemma4-E4B,response_reference_pre_reference_d1,record_template,Gemma4-E4B/native_thinking/v5/V4_4_T10000_N7_seed1263,5,2,1263,confirmation,7,1.0,1.0,1.0,0.0,0.0,0.0,0.0,1.0,1.0,0.0
Gemma4-E4B,response_reference_pre_reference_d1,record_template,Gemma4-E4B/native_thinking/v5/V4_4_T10000_N7_seed1263,5,4,1263,confirmation,7,1.0,1.0,1.0,0.0,0.0,0.0,0.0,1.0,1.0,0.0
Gemma4-E4B,response_reference_pre_reference_d1,record_template,Gemma4-E4B/native_thinking/v5/V4_4_T10000_N7_seed1263,5,8,1263,confirmation,7,1.0,1.0,1.0,0.0,0.0,0.0,0.0,1.0,1.0,0.0
Gemma4-E4B,response_reference_pre_reference_d1,record_template,Gemma4-E4B/native_thinking/v5/V4_4_T10000_N7_seed1263,5,16,1263,confirmation,7,1.0,1.0,1.0,0.0,0.0,0.0,0.0,1.0,1.0,0.0
Gemma4-E4B,response_reference_pre_reference_d1,record_template,Gemma4-E4B/native_thinking/v5/V4_4_T10000_N7_seed1263,5,32,1263,confirmation,7,1.0,0.0,1.0,1.0,0.0,1.0,1.0,0.95,1.0,0.050000000000000044
Gemma4-E4B,response_reference_pre_reference_d1,record_template,Gemma4-E4B/native_thinking/v5/V4_4_T10000_N7_seed1263,6,1,1263,confirmation,7,1.0,1.0,1.0,0.0,0.0,0.0,0.0,1.0,1.0,0.0
Gemma4-E4B,response_reference_pre_reference_d1,record_template,Gemma4-E4B/native_thinking/v5/V4_4_T10000_N7_seed1263,6,2,1263,confirmation,7,1.0,1.0,1.0,0.0,0.0,0.0,0.0,1.0,1.0,0.0
Gemma4-E4B,response_reference_pre_reference_d1,record_template,Gemma4-E4B/native_thinking/v5/V4_4_T10000_N7_seed1263,6,4,1263,confirmation,7,1.0,1.0,1.0,0.0,0.0,0.0,0.0,1.0,1.0,0.0
Gemma4-E4B,response_reference_pre_reference_d1,record_template,Gemma4-E4B/native_thinking/v5/V4_4_T10000_N7_seed1263,6,8,1263,confirmation,7,1.0,1.0,1.0,0.0,0.0,0.0,0.0,1.0,1.0,0.0
Gemma4-E4B,response_reference_pre_reference_d1,record_template,Gemma4-E4B/native_thinking/v5/V4_4_T10000_N7_seed1263,6,16,1263,confirmation,7,1.0,1.0,1.0,0.0,0.0,0.0,0.0,1.0,1.0,0.0
Gemma4-E4B,response_reference_pre_reference_d1,record_template,Gemma4-E4B/native_thinking/v5/V4_4_T10000_N7_seed1263,6,32,1263,confirmation,7,1.0,0.0,1.0,1.0,0.0,1.0,1.0,0.05,1.0,0.95
Gemma4-E4B,response_reference_pre_reference_d1,record_template,Gemma4-E4B/native_thinking/v5/V4_4_T10000_N7_seed1263,7,1,1263,confirmation,7,1.0,1.0,1.0,0.0,0.0,0.0,0.0,1.0,1.0,0.0
Gemma4-E4B,response_reference_pre_reference_d1,record_template,Gemma4-E4B/native_thinking/v5/V4_4_T10000_N7_seed1263,7,2,1263,confirmation,7,1.0,1.0,1.0,0.0,0.0,0.0,0.0,1.0,1.0,0.0
Gemma4-E4B,response_reference_pre_reference_d1,record_template,Gemma4-E4B/native_thinking/v5/V4_4_T10000_N7_seed1263,7,4,1263,confirmation,7,1.0,1.0,1.0,0.0,0.0,0.0,0.0,1.0,1.0,0.0
Gemma4-E4B,response_reference_pre_reference_d1,record_template,Gemma4-E4B/native_thinking/v5/V4_4_T10000_N7_seed1263,7,8,1263,confirmation,7,1.0,1.0,1.0,0.0,0.0,0.0,0.0,1.0,1.0,0.0
Gemma4-E4B,response_reference_pre_reference_d1,record_template,Gemma4-E4B/native_thinking/v5/V4_4_T10000_N7_seed1263,7,16,1263,confirmation,7,1.0,1.0,1.0,0.0,0.0,0.0,0.0,1.0,1.0,0.0
Gemma4-E4B,response_reference_pre_reference_d1,record_template,Gemma4-E4B/native_thinking/v5/V4_4_T10000_N7_seed1263,7,32,1263,confirmation,7,1.0,0.0,1.0,1.0,0.0,1.0,1.0,0.05,1.0,0.95
Gemma4-E4B,response_reference_pre_reference_d1,record_template,Gemma4-E4B/native_thinking/v5/V4_4_T10000_N8_seed1254,1,1,1254,confirmation,8,0.0,0.0,0.0,0.0,0.0,0.0,,0.9629629629629629,0.9629629629629629,0.0
Gemma4-E4B,response_reference_pre_reference_d1,record_template,Gemma4-E4B/native_thinking/v5/V4_4_T10000_N8_seed1254,1,2,1254,confirmation,8,0.0,0.0,0.0,0.0,0.0,0.0,,0.9629629629629629,0.9629629629629629,0.0
Gemma4-E4B,response_reference_pre_reference_d1,record_template,Gemma4-E4B/native_thinking/v5/V4_4_T10000_N8_seed1254,1,4,1254,confirmation,8,0.0,0.0,0.0,0.0,0.0,0.0,,0.9629629629629629,0.9629629629629629,0.0
Gemma4-E4B,response_reference_pre_reference_d1,record_template,Gemma4-E4B/native_thinking/v5/V4_4_T10000_N8_seed1254,1,8,1254,confirmation,8,0.0,1.0,0.3333333333333333,-1.0,-0.3333333333333333,-0.6666666666666667,,1.0,0.9753086419753085,-0.024691358024691468
Gemma4-E4B,response_reference_pre_reference_d1,record_template,Gemma4-E4B/native_thinking/v5/V4_4_T10000_N8_seed1254,1,16,1254,confirmation,8,0.0,0.0,0.6666666666666666,0.0,-0.6666666666666666,0.6666666666666666,,0.07407407407407407,0.9876543209876543,0.9135802469135802
Gemma4-E4B,response_reference_pre_reference_d1,record_template,Gemma4-E4B/native_thinking/v5/V4_4_T10000_N8_seed1254,1,32,1254,confirmation,8,0.0,0.0,0.0,0.0,0.0,0.0,,0.07407407407407407,0.9629629629629629,0.8888888888888888
Gemma4-E4B,response_reference_pre_reference_d1,record_template,Gemma4-E4B/native_thinking/v5/V4_4_T10000_N8_seed1254,2,1,1254,confirmation,8,1.0,1.0,1.0,0.0,0.0,0.0,0.0,1.0,1.0,0.0
Gemma4-E4B,response_reference_pre_reference_d1,record_template,Gemma4-E4B/native_thinking/v5/V4_4_T10000_N8_seed1254,2,2,1254,confirmation,8,1.0,1.0,1.0,0.0,0.0,0.0,0.0,1.0,1.0,0.0
Gemma4-E4B,response_reference_pre_reference_d1,record_template,Gemma4-E4B/native_thinking/v5/V4_4_T10000_N8_seed1254,2,4,1254,confirmation,8,1.0,1.0,1.0,0.0,0.0,0.0,0.0,1.0,1.0,0.0
Gemma4-E4B,response_reference_pre_reference_d1,record_template,Gemma4-E4B/native_thinking/v5/V4_4_T10000_N8_seed1254,2,8,1254,confirmation,8,1.0,1.0,1.0,0.0,0.0,0.0,0.0,1.0,1.0,0.0
Gemma4-E4B,response_reference_pre_reference_d1,record_template,Gemma4-E4B/native_thinking/v5/V4_4_T10000_N8_seed1254,2,16,1254,confirmation,8,1.0,0.0,1.0,1.0,0.0,1.0,1.0,0.9615384615384616,1.0,0.038461538461538436
Gemma4-E4B,response_reference_pre_reference_d1,record_template,Gemma4-E4B/native_thinking/v5/V4_4_T10000_N8_seed1254,2,32,1254,confirmation,8,1.0,0.0,1.0,1.0,0.0,1.0,1.0,0.0,1.0,1.0
Gemma4-E4B,response_reference_pre_reference_d1,record_template,Gemma4-E4B/native_thinking/v5/V4_4_T10000_N8_seed1254,3,1,1254,confirmation,8,1.0,1.0,1.0,0.0,0.0,0.0,0.0,1.0,1.0,0.0
Gemma4-E4B,response_reference_pre_reference_d1,record_template,Gemma4-E4B/native_thinking/v5/V4_4_T10000_N8_seed1254,3,2,1254,confirmation,8,1.0,1.0,1.0,0.0,0.0,0.0,0.0,1.0,1.0,0.0
Gemma4-E4B,response_reference_pre_reference_d1,record_template,Gemma4-E4B/native_thinking/v5/V4_4_T10000_N8_seed1254,3,4,1254,confirmation,8,1.0,1.0,1.0,0.0,0.0,0.0,0.0,1.0,1.0,0.0
Gemma4-E4B,response_reference_pre_reference_d1,record_template,Gemma4-E4B/native_thinking/v5/V4_4_T10000_N8_seed1254,3,8,1254,confirmation,8,1.0,1.0,1.0,0.0,0.0,0.0,0.0,1.0,1.0,0.0
Gemma4-E4B,response_reference_pre_reference_d1,record_template,Gemma4-E4B/native_thinking/v5/V4_4_T10000_N8_seed1254,3,16,1254,confirmation,8,1.0,1.0,1.0,0.0,0.0,0.0,0.0,1.0,1.0,0.0
Gemma4-E4B,response_reference_pre_reference_d1,record_template,Gemma4-E4B/native_thinking/v5/V4_4_T10000_N8_seed1254,3,32,1254,confirmation,8,1.0,0.0,1.0,1.0,0.0,1.0,1.0,0.0,1.0,1.0
Gemma4-E4B,response_reference_pre_reference_d1,record_template,Gemma4-E4B/native_thinking/v5/V4_4_T10000_N8_seed1254,4,1,1254,confirmation,8,1.0,1.0,1.0,0.0,0.0,0.0,0.0,1.0,1.0,0.0
Gemma4-E4B,response_reference_pre_reference_d1,record_template,Gemma4-E4B/native_thinking/v5/V4_4_T10000_N8_seed1254,4,2,1254,confirmation,8,1.0,1.0,1.0,0.0,0.0,0.0,0.0,1.0,1.0,0.0
Gemma4-E4B,response_reference_pre_reference_d1,record_template,Gemma4-E4B/native_thinking/v5/V4_4_T10000_N8_seed1254,4,4,1254,confirmation,8,1.0,1.0,1.0,0.0,0.0,0.0,0.0,1.0,1.0,0.0
Gemma4-E4B,response_reference_pre_reference_d1,record_template,Gemma4-E4B/native_thinking/v5/V4_4_T10000_N8_seed1254,4,8,1254,confirmation,8,1.0,1.0,1.0,0.0,0.0,0.0,0.0,1.0,1.0,0.0
Gemma4-E4B,response_reference_pre_reference_d1,record_template,Gemma4-E4B/native_thinking/v5/V4_4_T10000_N8_seed1254,4,16,1254,confirmation,8,1.0,1.0,1.0,0.0,0.0,0.0,0.0,1.0,1.0,0.0
Gemma4-E4B,response_reference_pre_reference_d1,record_template,Gemma4-E4B/native_thinking/v5/V4_4_T10000_N8_seed1254,4,32,1254,confirmation,8,1.0,0.0,1.0,1.0,0.0,1.0,1.0,0.038461538461538464,1.0,0.9615384615384616
Gemma4-E4B,response_reference_pre_reference_d1,record_template,Gemma4-E4B/native_thinking/v5/V4_4_T10000_N8_seed1254,5,1,1254,confirmation,8,1.0,1.0,1.0,0.0,0.0,0.0,0.0,1.0,1.0,0.0
Gemma4-E4B,response_reference_pre_reference_d1,record_template,Gemma4-E4B/native_thinking/v5/V4_4_T10000_N8_seed1254,5,2,1254,confirmation,8,1.0,1.0,1.0,0.0,0.0,0.0,0.0,1.0,1.0,0.0
Gemma4-E4B,response_reference_pre_reference_d1,record_template,Gemma4-E4B/native_thinking/v5/V4_4_T10000_N8_seed1254,5,4,1254,confirmation,8,1.0,1.0,1.0,0.0,0.0,0.0,0.0,1.0,1.0,0.0
Gemma4-E4B,response_reference_pre_reference_d1,record_template,Gemma4-E4B/native_thinking/v5/V4_4_T10000_N8_seed1254,5,8,1254,confirmation,8,1.0,1.0,1.0,0.0,0.0,0.0,0.0,1.0,1.0,0.0
Gemma4-E4B,response_reference_pre_reference_d1,record_template,Gemma4-E4B/native_thinking/v5/V4_4_T10000_N8_seed1254,5,16,1254,confirmation,8,1.0,1.0,1.0,0.0,0.0,0.0,0.0,1.0,1.0,0.0
Gemma4-E4B,response_reference_pre_reference_d1,record_template,Gemma4-E4B/native_thinking/v5/V4_4_T10000_N8_seed1254,5,32,1254,confirmation,8,1.0,0.0,1.0,1.0,0.0,1.0,1.0,0.9629629629629629,1.0,0.03703703703703709
Gemma4-E4B,response_reference_pre_reference_d1,record_template,Gemma4-E4B/native_thinking/v5/V4_4_T10000_N8_seed1254,6,1,1254,confirmation,8,1.0,1.0,1.0,0.0,0.0,0.0,0.0,1.0,1.0,0.0
Gemma4-E4B,response_reference_pre_reference_d1,record_template,Gemma4-E4B/native_thinking/v5/V4_4_T10000_N8_seed1254,6,2,1254,confirmation,8,1.0,1.0,1.0,0.0,0.0,0.0,0.0,1.0,1.0,0.0
Gemma4-E4B,response_reference_pre_reference_d1,record_template,Gemma4-E4B/native_thinking/v5/V4_4_T10000_N8_seed1254,6,4,1254,confirmation,8,1.0,1.0,1.0,0.0,0.0,0.0,0.0,1.0,1.0,0.0
Gemma4-E4B,response_reference_pre_reference_d1,record_template,Gemma4-E4B/native_thinking/v5/V4_4_T10000_N8_seed1254,6,8,1254,confirmation,8,1.0,1.0,1.0,0.0,0.0,0.0,0.0,1.0,1.0,0.0
Gemma4-E4B,response_reference_pre_reference_d1,record_template,Gemma4-E4B/native_thinking/v5/V4_4_T10000_N8_seed1254,6,16,1254,confirmation,8,1.0,1.0,1.0,0.0,0.0,0.0,0.0,1.0,1.0,0.0
Gemma4-E4B,response_reference_pre_reference_d1,record_template,Gemma4-E4B/native_thinking/v5/V4_4_T10000_N8_seed1254,6,32,1254,confirmation,8,1.0,0.0,1.0,1.0,0.0,1.0,1.0,0.9615384615384616,1.0,0.038461538461538436
Gemma4-E4B,response_reference_pre_reference_d1,record_template,Gemma4-E4B/native_thinking/v5/V4_4_T10000_N8_seed1254,7,1,1254,confirmation,8,1.0,1.0,1.0,0.0,0.0,0.0,0.0,1.0,1.0,0.0
Gemma4-E4B,response_reference_pre_reference_d1,record_template,Gemma4-E4B/native_thinking/v5/V4_4_T10000_N8_seed1254,7,2,1254,confirmation,8,1.0,1.0,1.0,0.0,0.0,0.0,0.0,1.0,1.0,0.0
Gemma4-E4B,response_reference_pre_reference_d1,record_template,Gemma4-E4B/native_thinking/v5/V4_4_T10000_N8_seed1254,7,4,1254,confirmation,8,1.0,1.0,1.0,0.0,0.0,0.0,0.0,1.0,1.0,0.0
Gemma4-E4B,response_reference_pre_reference_d1,record_template,Gemma4-E4B/native_thinking/v5/V4_4_T10000_N8_seed1254,7,8,1254,confirmation,8,1.0,1.0,1.0,0.0,0.0,0.0,0.0,1.0,1.0,0.0
Gemma4-E4B,response_reference_pre_reference_d1,record_template,Gemma4-E4B/native_thinking/v5/V4_4_T10000_N8_seed1254,7,16,1254,confirmation,8,1.0,1.0,1.0,0.0,0.0,0.0,0.0,1.0,1.0,0.0
Gemma4-E4B,response_reference_pre_reference_d1,record_template,Gemma4-E4B/native_thinking/v5/V4_4_T10000_N8_seed1254,7,32,1254,confirmation,8,1.0,0.0,1.0,1.0,0.0,1.0,1.0,0.9615384615384616,1.0,0.038461538461538436
Gemma4-E4B,response_reference_pre_reference_d1,record_template,Gemma4-E4B/native_thinking/v5/V4_4_T10000_N8_seed1254,8,1,1254,confirmation,8,1.0,1.0,1.0,0.0,0.0,0.0,0.0,1.0,1.0,0.0
Gemma4-E4B,response_reference_pre_reference_d1,record_template,Gemma4-E4B/native_thinking/v5/V4_4_T10000_N8_seed1254,8,2,1254,confirmation,8,1.0,1.0,1.0,0.0,0.0,0.0,0.0,1.0,1.0,0.0
Gemma4-E4B,response_reference_pre_reference_d1,record_template,Gemma4-E4B/native_thinking/v5/V4_4_T10000_N8_seed1254,8,4,1254,confirmation,8,1.0,1.0,1.0,0.0,0.0,0.0,0.0,1.0,1.0,0.0
Gemma4-E4B,response_reference_pre_reference_d1,record_template,Gemma4-E4B/native_thinking/v5/V4_4_T10000_N8_seed1254,8,8,1254,confirmation,8,1.0,0.0,1.0,1.0,0.0,1.0,1.0,0.038461538461538464,1.0,0.9615384615384616
Gemma4-E4B,response_reference_pre_reference_d1,record_template,Gemma4-E4B/native_thinking/v5/V4_4_T10000_N8_seed1254,8,16,1254,confirmation,8,1.0,1.0,1.0,0.0,0.0,0.0,0.0,1.0,1.0,0.0
Gemma4-E4B,response_reference_pre_reference_d1,record_template,Gemma4-E4B/native_thinking/v5/V4_4_T10000_N8_seed1254,8,32,1254,confirmation,8,1.0,0.0,1.0,1.0,0.0,1.0,1.0,0.038461538461538464,1.0,0.9615384615384616
Gemma4-E4B,response_reference_pre_reference_d1,record_template,Gemma4-E4B/native_thinking/v5/V4_4_T10000_N8_seed1261,1,1,1261,confirmation,8,1.0,1.0,1.0,0.0,0.0,0.0,0.0,1.0,1.0,0.0
Gemma4-E4B,response_reference_pre_reference_d1,record_template,Gemma4-E4B/native_thinking/v5/V4_4_T10000_N8_seed1261,1,2,1261,confirmation,8,1.0,1.0,1.0,0.0,0.0,0.0,0.0,1.0,1.0,0.0
Gemma4-E4B,response_reference_pre_reference_d1,record_template,Gemma4-E4B/native_thinking/v5/V4_4_T10000_N8_seed1261,1,4,1261,confirmation,8,1.0,1.0,1.0,0.0,0.0,0.0,0.0,1.0,1.0,0.0
Gemma4-E4B,response_reference_pre_reference_d1,record_template,Gemma4-E4B/native_thinking/v5/V4_4_T10000_N8_seed1261,1,8,1261,confirmation,8,1.0,1.0,1.0,0.0,0.0,0.0,0.0,1.0,1.0,0.0
Gemma4-E4B,response_reference_pre_reference_d1,record_template,Gemma4-E4B/native_thinking/v5/V4_4_T10000_N8_seed1261,1,16,1261,confirmation,8,1.0,0.0,1.0,1.0,0.0,1.0,1.0,0.05,1.0,0.95
Gemma4-E4B,response_reference_pre_reference_d1,record_template,Gemma4-E4B/native_thinking/v5/V4_4_T10000_N8_seed1261,1,32,1261,confirmation,8,1.0,0.0,1.0,1.0,0.0,1.0,1.0,0.05,1.0,0.95
Gemma4-E4B,response_reference_pre_reference_d1,record_template,Gemma4-E4B/native_thinking/v5/V4_4_T10000_N8_seed1261,2,1,1261,confirmation,8,1.0,1.0,1.0,0.0,0.0,0.0,0.0,1.0,1.0,0.0
Gemma4-E4B,response_reference_pre_reference_d1,record_template,Gemma4-E4B/native_thinking/v5/V4_4_T10000_N8_seed1261,2,2,1261,confirmation,8,1.0,1.0,1.0,0.0,0.0,0.0,0.0,1.0,1.0,0.0
Gemma4-E4B,response_reference_pre_reference_d1,record_template,Gemma4-E4B/native_thinking/v5/V4_4_T10000_N8_seed1261,2,4,1261,confirmation,8,1.0,1.0,1.0,0.0,0.0,0.0,0.0,1.0,1.0,0.0
Gemma4-E4B,response_reference_pre_reference_d1,record_template,Gemma4-E4B/native_thinking/v5/V4_4_T10000_N8_seed1261,2,8,1261,confirmation,8,1.0,1.0,1.0,0.0,0.0,0.0,0.0,1.0,1.0,0.0
Gemma4-E4B,response_reference_pre_reference_d1,record_template,Gemma4-E4B/native_thinking/v5/V4_4_T10000_N8_seed1261,2,16,1261,confirmation,8,1.0,1.0,1.0,0.0,0.0,0.0,0.0,1.0,1.0,0.0
Gemma4-E4B,response_reference_pre_reference_d1,record_template,Gemma4-E4B/native_thinking/v5/V4_4_T10000_N8_seed1261,2,32,1261,confirmation,8,1.0,0.0,1.0,1.0,0.0,1.0,1.0,0.0,1.0,1.0
Gemma4-E4B,response_reference_pre_reference_d1,record_template,Gemma4-E4B/native_thinking/v5/V4_4_T10000_N8_seed1261,3,1,1261,confirmation,8,1.0,1.0,1.0,0.0,0.0,0.0,0.0,1.0,1.0,0.0
Gemma4-E4B,response_reference_pre_reference_d1,record_template,Gemma4-E4B/native_thinking/v5/V4_4_T10000_N8_seed1261,3,2,1261,confirmation,8,1.0,1.0,1.0,0.0,0.0,0.0,0.0,1.0,1.0,0.0
Gemma4-E4B,response_reference_pre_reference_d1,record_template,Gemma4-E4B/native_thinking/v5/V4_4_T10000_N8_seed1261,3,4,1261,confirmation,8,1.0,1.0,1.0,0.0,0.0,0.0,0.0,1.0,1.0,0.0
Gemma4-E4B,response_reference_pre_reference_d1,record_template,Gemma4-E4B/native_thinking/v5/V4_4_T10000_N8_seed1261,3,8,1261,confirmation,8,1.0,0.0,1.0,1.0,0.0,1.0,1.0,0.0,1.0,1.0
Gemma4-E4B,response_reference_pre_reference_d1,record_template,Gemma4-E4B/native_thinking/v5/V4_4_T10000_N8_seed1261,3,16,1261,confirmation,8,1.0,0.0,1.0,1.0,0.0,1.0,1.0,0.0,1.0,1.0
Gemma4-E4B,response_reference_pre_reference_d1,record_template,Gemma4-E4B/native_thinking/v5/V4_4_T10000_N8_seed1261,3,32,1261,confirmation,8,1.0,0.0,1.0,1.0,0.0,1.0,1.0,0.0,1.0,1.0
Gemma4-E4B,response_reference_pre_reference_d1,record_template,Gemma4-E4B/native_thinking/v5/V4_4_T10000_N8_seed1261,4,1,1261,confirmation,8,1.0,1.0,1.0,0.0,0.0,0.0,0.0,1.0,1.0,0.0
Gemma4-E4B,response_reference_pre_reference_d1,record_template,Gemma4-E4B/native_thinking/v5/V4_4_T10000_N8_seed1261,4,2,1261,confirmation,8,1.0,1.0,1.0,0.0,0.0,0.0,0.0,1.0,1.0,0.0
Gemma4-E4B,response_reference_pre_reference_d1,record_template,Gemma4-E4B/native_thinking/v5/V4_4_T10000_N8_seed1261,4,4,1261,confirmation,8,1.0,1.0,1.0,0.0,0.0,0.0,0.0,1.0,1.0,0.0
Gemma4-E4B,response_reference_pre_reference_d1,record_template,Gemma4-E4B/native_thinking/v5/V4_4_T10000_N8_seed1261,4,8,1261,confirmation,8,1.0,1.0,1.0,0.0,0.0,0.0,0.0,1.0,1.0,0.0
Gemma4-E4B,response_reference_pre_reference_d1,record_template,Gemma4-E4B/native_thinking/v5/V4_4_T10000_N8_seed1261,4,16,1261,confirmation,8,1.0,1.0,1.0,0.0,0.0,0.0,0.0,1.0,1.0,0.0
Gemma4-E4B,response_reference_pre_reference_d1,record_template,Gemma4-E4B/native_thinking/v5/V4_4_T10000_N8_seed1261,4,32,1261,confirmation,8,1.0,0.0,1.0,1.0,0.0,1.0,1.0,0.0,1.0,1.0
Gemma4-E4B,response_reference_pre_reference_d1,record_template,Gemma4-E4B/native_thinking/v5/V4_4_T10000_N8_seed1261,5,1,1261,confirmation,8,1.0,1.0,1.0,0.0,0.0,0.0,0.0,1.0,1.0,0.0
Gemma4-E4B,response_reference_pre_reference_d1,record_template,Gemma4-E4B/native_thinking/v5/V4_4_T10000_N8_seed1261,5,2,1261,confirmation,8,1.0,1.0,1.0,0.0,0.0,0.0,0.0,1.0,1.0,0.0
Gemma4-E4B,response_reference_pre_reference_d1,record_template,Gemma4-E4B/native_thinking/v5/V4_4_T10000_N8_seed1261,5,4,1261,confirmation,8,1.0,1.0,1.0,0.0,0.0,0.0,0.0,1.0,1.0,0.0
Gemma4-E4B,response_reference_pre_reference_d1,record_template,Gemma4-E4B/native_thinking/v5/V4_4_T10000_N8_seed1261,5,8,1261,confirmation,8,1.0,1.0,1.0,0.0,0.0,0.0,0.0,1.0,1.0,0.0
Gemma4-E4B,response_reference_pre_reference_d1,record_template,Gemma4-E4B/native_thinking/v5/V4_4_T10000_N8_seed1261,5,16,1261,confirmation,8,1.0,1.0,1.0,0.0,0.0,0.0,0.0,1.0,1.0,0.0
Gemma4-E4B,response_reference_pre_reference_d1,record_template,Gemma4-E4B/native_thinking/v5/V4_4_T10000_N8_seed1261,5,32,1261,confirmation,8,1.0,0.0,1.0,1.0,0.0,1.0,1.0,0.0,1.0,1.0
Gemma4-E4B,response_reference_pre_reference_d1,record_template,Gemma4-E4B/native_thinking/v5/V4_4_T10000_N8_seed1261,6,1,1261,confirmation,8,1.0,1.0,1.0,0.0,0.0,0.0,0.0,1.0,1.0,0.0
Gemma4-E4B,response_reference_pre_reference_d1,record_template,Gemma4-E4B/native_thinking/v5/V4_4_T10000_N8_seed1261,6,2,1261,confirmation,8,1.0,1.0,1.0,0.0,0.0,0.0,0.0,1.0,1.0,0.0
Gemma4-E4B,response_reference_pre_reference_d1,record_template,Gemma4-E4B/native_thinking/v5/V4_4_T10000_N8_seed1261,6,4,1261,confirmation,8,1.0,1.0,1.0,0.0,0.0,0.0,0.0,1.0,1.0,0.0
Gemma4-E4B,response_reference_pre_reference_d1,record_template,Gemma4-E4B/native_thinking/v5/V4_4_T10000_N8_seed1261,6,8,1261,confirmation,8,1.0,1.0,1.0,0.0,0.0,0.0,0.0,1.0,1.0,0.0
Gemma4-E4B,response_reference_pre_reference_d1,record_template,Gemma4-E4B/native_thinking/v5/V4_4_T10000_N8_seed1261,6,16,1261,confirmation,8,1.0,1.0,1.0,0.0,0.0,0.0,0.0,1.0,1.0,0.0
Gemma4-E4B,response_reference_pre_reference_d1,record_template,Gemma4-E4B/native_thinking/v5/V4_4_T10000_N8_seed1261,6,32,1261,confirmation,8,1.0,0.0,1.0,1.0,0.0,1.0,1.0,0.0,1.0,1.0
Gemma4-E4B,response_reference_pre_reference_d1,record_template,Gemma4-E4B/native_thinking/v5/V4_4_T10000_N8_seed1261,7,1,1261,confirmation,8,1.0,1.0,1.0,0.0,0.0,0.0,0.0,1.0,1.0,0.0
Gemma4-E4B,response_reference_pre_reference_d1,record_template,Gemma4-E4B/native_thinking/v5/V4_4_T10000_N8_seed1261,7,2,1261,confirmation,8,1.0,1.0,1.0,0.0,0.0,0.0,0.0,1.0,1.0,0.0
Gemma4-E4B,response_reference_pre_reference_d1,record_template,Gemma4-E4B/native_thinking/v5/V4_4_T10000_N8_seed1261,7,4,1261,confirmation,8,1.0,1.0,1.0,0.0,0.0,0.0,0.0,1.0,1.0,0.0
Gemma4-E4B,response_reference_pre_reference_d1,record_template,Gemma4-E4B/native_thinking/v5/V4_4_T10000_N8_seed1261,7,8,1261,confirmation,8,1.0,1.0,1.0,0.0,0.0,0.0,0.0,1.0,1.0,0.0
Gemma4-E4B,response_reference_pre_reference_d1,record_template,Gemma4-E4B/native_thinking/v5/V4_4_T10000_N8_seed1261,7,16,1261,confirmation,8,1.0,1.0,1.0,0.0,0.0,0.0,0.0,1.0,1.0,0.0
Gemma4-E4B,response_reference_pre_reference_d1,record_template,Gemma4-E4B/native_thinking/v5/V4_4_T10000_N8_seed1261,7,32,1261,confirmation,8,1.0,0.0,1.0,1.0,0.0,1.0,1.0,0.95,1.0,0.050000000000000044
Gemma4-E4B,response_reference_pre_reference_d1,record_template,Gemma4-E4B/native_thinking/v5/V4_4_T10000_N8_seed1261,8,1,1261,confirmation,8,1.0,1.0,1.0,0.0,0.0,0.0,0.0,1.0,1.0,0.0
Gemma4-E4B,response_reference_pre_reference_d1,record_template,Gemma4-E4B/native_thinking/v5/V4_4_T10000_N8_seed1261,8,2,1261,confirmation,8,1.0,1.0,1.0,0.0,0.0,0.0,0.0,1.0,1.0,0.0
Gemma4-E4B,response_reference_pre_reference_d1,record_template,Gemma4-E4B/native_thinking/v5/V4_4_T10000_N8_seed1261,8,4,1261,confirmation,8,1.0,1.0,1.0,0.0,0.0,0.0,0.0,1.0,1.0,0.0
Gemma4-E4B,response_reference_pre_reference_d1,record_template,Gemma4-E4B/native_thinking/v5/V4_4_T10000_N8_seed1261,8,8,1261,confirmation,8,1.0,0.0,1.0,1.0,0.0,1.0,1.0,0.0,1.0,1.0
Gemma4-E4B,response_reference_pre_reference_d1,record_template,Gemma4-E4B/native_thinking/v5/V4_4_T10000_N8_seed1261,8,16,1261,confirmation,8,1.0,1.0,1.0,0.0,0.0,0.0,0.0,1.0,1.0,0.0
Gemma4-E4B,response_reference_pre_reference_d1,record_template,Gemma4-E4B/native_thinking/v5/V4_4_T10000_N8_seed1261,8,32,1261,confirmation,8,1.0,0.0,1.0,1.0,0.0,1.0,1.0,0.0,1.0,1.0
Gemma4-E4B,response_reference_pre_reference_d1,record_template,Gemma4-E4B/native_thinking/v5/V4_4_T10000_N9_seed1260,1,1,1260,confirmation,9,1.0,1.0,1.0,0.0,0.0,0.0,0.0,1.0,1.0,0.0
Gemma4-E4B,response_reference_pre_reference_d1,record_template,Gemma4-E4B/native_thinking/v5/V4_4_T10000_N9_seed1260,1,2,1260,confirmation,9,1.0,1.0,1.0,0.0,0.0,0.0,0.0,1.0,1.0,0.0
Gemma4-E4B,response_reference_pre_reference_d1,record_template,Gemma4-E4B/native_thinking/v5/V4_4_T10000_N9_seed1260,1,4,1260,confirmation,9,1.0,1.0,1.0,0.0,0.0,0.0,0.0,1.0,1.0,0.0
Gemma4-E4B,response_reference_pre_reference_d1,record_template,Gemma4-E4B/native_thinking/v5/V4_4_T10000_N9_seed1260,1,8,1260,confirmation,9,1.0,0.0,1.0,1.0,0.0,1.0,1.0,0.0,1.0,1.0
Gemma4-E4B,response_reference_pre_reference_d1,record_template,Gemma4-E4B/native_thinking/v5/V4_4_T10000_N9_seed1260,1,16,1260,confirmation,9,1.0,0.0,0.0,1.0,1.0,0.0,0.0,0.0,0.03508771929824561,0.03508771929824561
Gemma4-E4B,response_reference_pre_reference_d1,record_template,Gemma4-E4B/native_thinking/v5/V4_4_T10000_N9_seed1260,1,32,1260,confirmation,9,1.0,0.0,1.0,1.0,0.0,1.0,1.0,0.0,1.0,1.0
Gemma4-E4B,response_reference_pre_reference_d1,record_template,Gemma4-E4B/native_thinking/v5/V4_4_T10000_N9_seed1260,2,1,1260,confirmation,9,1.0,1.0,1.0,0.0,0.0,0.0,0.0,1.0,1.0,0.0
Gemma4-E4B,response_reference_pre_reference_d1,record_template,Gemma4-E4B/native_thinking/v5/V4_4_T10000_N9_seed1260,2,2,1260,confirmation,9,1.0,1.0,1.0,0.0,0.0,0.0,0.0,1.0,1.0,0.0
Gemma4-E4B,response_reference_pre_reference_d1,record_template,Gemma4-E4B/native_thinking/v5/V4_4_T10000_N9_seed1260,2,4,1260,confirmation,9,1.0,1.0,1.0,0.0,0.0,0.0,0.0,1.0,1.0,0.0
Gemma4-E4B,response_reference_pre_reference_d1,record_template,Gemma4-E4B/native_thinking/v5/V4_4_T10000_N9_seed1260,2,8,1260,confirmation,9,1.0,0.0,1.0,1.0,0.0,1.0,1.0,0.0,1.0,1.0
Gemma4-E4B,response_reference_pre_reference_d1,record_template,Gemma4-E4B/native_thinking/v5/V4_4_T10000_N9_seed1260,2,16,1260,confirmation,9,1.0,0.0,1.0,1.0,0.0,1.0,1.0,0.0,1.0,1.0
Gemma4-E4B,response_reference_pre_reference_d1,record_template,Gemma4-E4B/native_thinking/v5/V4_4_T10000_N9_seed1260,2,32,1260,confirmation,9,1.0,0.0,1.0,1.0,0.0,1.0,1.0,0.0,1.0,1.0
Gemma4-E4B,response_reference_pre_reference_d1,record_template,Gemma4-E4B/native_thinking/v5/V4_4_T10000_N9_seed1260,3,1,1260,confirmation,9,1.0,1.0,1.0,0.0,0.0,0.0,0.0,1.0,1.0,0.0
Gemma4-E4B,response_reference_pre_reference_d1,record_template,Gemma4-E4B/native_thinking/v5/V4_4_T10000_N9_seed1260,3,2,1260,confirmation,9,1.0,1.0,1.0,0.0,0.0,0.0,0.0,1.0,1.0,0.0
Gemma4-E4B,response_reference_pre_reference_d1,record_template,Gemma4-E4B/native_thinking/v5/V4_4_T10000_N9_seed1260,3,4,1260,confirmation,9,1.0,1.0,1.0,0.0,0.0,0.0,0.0,1.0,1.0,0.0
Gemma4-E4B,response_reference_pre_reference_d1,record_template,Gemma4-E4B/native_thinking/v5/V4_4_T10000_N9_seed1260,3,8,1260,confirmation,9,1.0,1.0,1.0,0.0,0.0,0.0,0.0,1.0,1.0,0.0
Gemma4-E4B,response_reference_pre_reference_d1,record_template,Gemma4-E4B/native_thinking/v5/V4_4_T10000_N9_seed1260,3,16,1260,confirmation,9,1.0,0.0,1.0,1.0,0.0,1.0,1.0,0.0,1.0,1.0
Gemma4-E4B,response_reference_pre_reference_d1,record_template,Gemma4-E4B/native_thinking/v5/V4_4_T10000_N9_seed1260,3,32,1260,confirmation,9,1.0,0.0,1.0,1.0,0.0,1.0,1.0,0.0,1.0,1.0
Gemma4-E4B,response_reference_pre_reference_d1,record_template,Gemma4-E4B/native_thinking/v5/V4_4_T10000_N9_seed1260,4,1,1260,confirmation,9,1.0,1.0,1.0,0.0,0.0,0.0,0.0,1.0,1.0,0.0
Gemma4-E4B,response_reference_pre_reference_d1,record_template,Gemma4-E4B/native_thinking/v5/V4_4_T10000_N9_seed1260,4,2,1260,confirmation,9,1.0,1.0,1.0,0.0,0.0,0.0,0.0,1.0,1.0,0.0
Gemma4-E4B,response_reference_pre_reference_d1,record_template,Gemma4-E4B/native_thinking/v5/V4_4_T10000_N9_seed1260,4,4,1260,confirmation,9,1.0,1.0,1.0,0.0,0.0,0.0,0.0,1.0,1.0,0.0
Gemma4-E4B,response_reference_pre_reference_d1,record_template,Gemma4-E4B/native_thinking/v5/V4_4_T10000_N9_seed1260,4,8,1260,confirmation,9,1.0,0.0,1.0,1.0,0.0,1.0,1.0,0.0,1.0,1.0
Gemma4-E4B,response_reference_pre_reference_d1,record_template,Gemma4-E4B/native_thinking/v5/V4_4_T10000_N9_seed1260,4,16,1260,confirmation,9,1.0,0.0,1.0,1.0,0.0,1.0,1.0,0.0,1.0,1.0
Gemma4-E4B,response_reference_pre_reference_d1,record_template,Gemma4-E4B/native_thinking/v5/V4_4_T10000_N9_seed1260,4,32,1260,confirmation,9,1.0,0.0,1.0,1.0,0.0,1.0,1.0,0.0,1.0,1.0
Gemma4-E4B,response_reference_pre_reference_d1,record_template,Gemma4-E4B/native_thinking/v5/V4_4_T10000_N9_seed1260,5,1,1260,confirmation,9,1.0,1.0,1.0,0.0,0.0,0.0,0.0,1.0,1.0,0.0
Gemma4-E4B,response_reference_pre_reference_d1,record_template,Gemma4-E4B/native_thinking/v5/V4_4_T10000_N9_seed1260,5,2,1260,confirmation,9,1.0,1.0,1.0,0.0,0.0,0.0,0.0,1.0,1.0,0.0
Gemma4-E4B,response_reference_pre_reference_d1,record_template,Gemma4-E4B/native_thinking/v5/V4_4_T10000_N9_seed1260,5,4,1260,confirmation,9,1.0,1.0,1.0,0.0,0.0,0.0,0.0,1.0,1.0,0.0
Gemma4-E4B,response_reference_pre_reference_d1,record_template,Gemma4-E4B/native_thinking/v5/V4_4_T10000_N9_seed1260,5,8,1260,confirmation,9,1.0,1.0,1.0,0.0,0.0,0.0,0.0,1.0,1.0,0.0
Gemma4-E4B,response_reference_pre_reference_d1,record_template,Gemma4-E4B/native_thinking/v5/V4_4_T10000_N9_seed1260,5,16,1260,confirmation,9,1.0,1.0,1.0,0.0,0.0,0.0,0.0,1.0,1.0,0.0
Gemma4-E4B,response_reference_pre_reference_d1,record_template,Gemma4-E4B/native_thinking/v5/V4_4_T10000_N9_seed1260,5,32,1260,confirmation,9,1.0,0.0,1.0,1.0,0.0,1.0,1.0,0.0,1.0,1.0
Gemma4-E4B,response_reference_pre_reference_d1,record_template,Gemma4-E4B/native_thinking/v5/V4_4_T10000_N9_seed1260,6,1,1260,confirmation,9,1.0,1.0,1.0,0.0,0.0,0.0,0.0,1.0,1.0,0.0
Gemma4-E4B,response_reference_pre_reference_d1,record_template,Gemma4-E4B/native_thinking/v5/V4_4_T10000_N9_seed1260,6,2,1260,confirmation,9,1.0,1.0,1.0,0.0,0.0,0.0,0.0,1.0,1.0,0.0
Gemma4-E4B,response_reference_pre_reference_d1,record_template,Gemma4-E4B/native_thinking/v5/V4_4_T10000_N9_seed1260,6,4,1260,confirmation,9,1.0,1.0,1.0,0.0,0.0,0.0,0.0,1.0,1.0,0.0
Gemma4-E4B,response_reference_pre_reference_d1,record_template,Gemma4-E4B/native_thinking/v5/V4_4_T10000_N9_seed1260,6,8,1260,confirmation,9,1.0,0.0,0.6666666666666666,1.0,0.3333333333333333,0.6666666666666667,0.6666666666666667,0.0,0.9500000000000001,0.9500000000000001
Gemma4-E4B,response_reference_pre_reference_d1,record_template,Gemma4-E4B/native_thinking/v5/V4_4_T10000_N9_seed1260,6,16,1260,confirmation,9,1.0,0.0,0.3333333333333333,1.0,0.6666666666666666,0.33333333333333337,0.33333333333333337,0.0,0.9,0.9
Gemma4-E4B,response_reference_pre_reference_d1,record_template,Gemma4-E4B/native_thinking/v5/V4_4_T10000_N9_seed1260,6,32,1260,confirmation,9,1.0,0.0,1.0,1.0,0.0,1.0,1.0,0.0,1.0,1.0
Gemma4-E4B,response_reference_pre_reference_d1,record_template,Gemma4-E4B/native_thinking/v5/V4_4_T10000_N9_seed1260,7,1,1260,confirmation,9,1.0,1.0,1.0,0.0,0.0,0.0,0.0,1.0,1.0,0.0
Gemma4-E4B,response_reference_pre_reference_d1,record_template,Gemma4-E4B/native_thinking/v5/V4_4_T10000_N9_seed1260,7,2,1260,confirmation,9,1.0,1.0,1.0,0.0,0.0,0.0,0.0,1.0,1.0,0.0
Gemma4-E4B,response_reference_pre_reference_d1,record_template,Gemma4-E4B/native_thinking/v5/V4_4_T10000_N9_seed1260,7,4,1260,confirmation,9,1.0,1.0,1.0,0.0,0.0,0.0,0.0,1.0,1.0,0.0
Gemma4-E4B,response_reference_pre_reference_d1,record_template,Gemma4-E4B/native_thinking/v5/V4_4_T10000_N9_seed1260,7,8,1260,confirmation,9,1.0,1.0,1.0,0.0,0.0,0.0,0.0,1.0,1.0,0.0
Gemma4-E4B,response_reference_pre_reference_d1,record_template,Gemma4-E4B/native_thinking/v5/V4_4_T10000_N9_seed1260,7,16,1260,confirmation,9,1.0,1.0,1.0,0.0,0.0,0.0,0.0,1.0,1.0,0.0
Gemma4-E4B,response_reference_pre_reference_d1,record_template,Gemma4-E4B/native_thinking/v5/V4_4_T10000_N9_seed1260,7,32,1260,confirmation,9,1.0,0.0,1.0,1.0,0.0,1.0,1.0,0.0,1.0,1.0
Gemma4-E4B,response_reference_pre_reference_d1,record_template,Gemma4-E4B/native_thinking/v5/V4_4_T10000_N9_seed1260,8,1,1260,confirmation,9,1.0,1.0,1.0,0.0,0.0,0.0,0.0,1.0,1.0,0.0
Gemma4-E4B,response_reference_pre_reference_d1,record_template,Gemma4-E4B/native_thinking/v5/V4_4_T10000_N9_seed1260,8,2,1260,confirmation,9,1.0,0.0,1.0,1.0,0.0,1.0,1.0,0.0,1.0,1.0
Gemma4-E4B,response_reference_pre_reference_d1,record_template,Gemma4-E4B/native_thinking/v5/V4_4_T10000_N9_seed1260,8,4,1260,confirmation,9,1.0,0.0,1.0,1.0,0.0,1.0,1.0,0.0,1.0,1.0
Gemma4-E4B,response_reference_pre_reference_d1,record_template,Gemma4-E4B/native_thinking/v5/V4_4_T10000_N9_seed1260,8,8,1260,confirmation,9,1.0,0.0,1.0,1.0,0.0,1.0,1.0,0.0,1.0,1.0
Gemma4-E4B,response_reference_pre_reference_d1,record_template,Gemma4-E4B/native_thinking/v5/V4_4_T10000_N9_seed1260,8,16,1260,confirmation,9,1.0,0.0,1.0,1.0,0.0,1.0,1.0,0.0,1.0,1.0
Gemma4-E4B,response_reference_pre_reference_d1,record_template,Gemma4-E4B/native_thinking/v5/V4_4_T10000_N9_seed1260,8,32,1260,confirmation,9,1.0,0.0,1.0,1.0,0.0,1.0,1.0,0.0,1.0,1.0
Gemma4-E4B,response_reference_pre_reference_d1,record_template,Gemma4-E4B/native_thinking/v5/V4_4_T10000_N9_seed1260,9,1,1260,confirmation,9,1.0,1.0,1.0,0.0,0.0,0.0,0.0,1.0,1.0,0.0
Gemma4-E4B,response_reference_pre_reference_d1,record_template,Gemma4-E4B/native_thinking/v5/V4_4_T10000_N9_seed1260,9,2,1260,confirmation,9,1.0,0.0,1.0,1.0,0.0,1.0,1.0,0.0,1.0,1.0
Gemma4-E4B,response_reference_pre_reference_d1,record_template,Gemma4-E4B/native_thinking/v5/V4_4_T10000_N9_seed1260,9,4,1260,confirmation,9,1.0,0.0,1.0,1.0,0.0,1.0,1.0,0.0,1.0,1.0
Gemma4-E4B,response_reference_pre_reference_d1,record_template,Gemma4-E4B/native_thinking/v5/V4_4_T10000_N9_seed1260,9,8,1260,confirmation,9,1.0,0.0,1.0,1.0,0.0,1.0,1.0,0.05263157894736842,1.0,0.9473684210526316
Gemma4-E4B,response_reference_pre_reference_d1,record_template,Gemma4-E4B/native_thinking/v5/V4_4_T10000_N9_seed1260,9,16,1260,confirmation,9,1.0,0.0,1.0,1.0,0.0,1.0,1.0,0.05263157894736842,1.0,0.9473684210526316
Gemma4-E4B,response_reference_pre_reference_d1,record_template,Gemma4-E4B/native_thinking/v5/V4_4_T10000_N9_seed1260,9,32,1260,confirmation,9,1.0,0.0,1.0,1.0,0.0,1.0,1.0,0.05263157894736842,1.0,0.9473684210526316
Gemma4-E4B,response_reference_pre_reference_d1,semantic_cue,Gemma4-E4B/native_thinking/v5/V4_4_T10000_N10_seed10007,1,1,10007,confirmation,10,1.0,1.0,1.0,0.0,0.0,0.0,0.0,1.0,1.0,0.0
Gemma4-E4B,response_reference_pre_reference_d1,semantic_cue,Gemma4-E4B/native_thinking/v5/V4_4_T10000_N10_seed10007,1,2,10007,confirmation,10,1.0,1.0,1.0,0.0,0.0,0.0,0.0,1.0,1.0,0.0
Gemma4-E4B,response_reference_pre_reference_d1,semantic_cue,Gemma4-E4B/native_thinking/v5/V4_4_T10000_N10_seed10007,1,4,10007,confirmation,10,1.0,1.0,1.0,0.0,0.0,0.0,0.0,1.0,1.0,0.0
Gemma4-E4B,response_reference_pre_reference_d1,semantic_cue,Gemma4-E4B/native_thinking/v5/V4_4_T10000_N10_seed10007,1,8,10007,confirmation,10,1.0,0.0,0.3333333333333333,1.0,0.6666666666666666,0.33333333333333337,0.33333333333333337,0.7096774193548387,0.8064516129032259,0.09677419354838712
Gemma4-E4B,response_reference_pre_reference_d1,semantic_cue,Gemma4-E4B/native_thinking/v5/V4_4_T10000_N10_seed10007,1,16,10007,confirmation,10,1.0,0.0,0.3333333333333333,1.0,0.6666666666666666,0.33333333333333337,0.33333333333333337,0.0,0.8064516129032259,0.8064516129032259
Gemma4-E4B,response_reference_pre_reference_d1,semantic_cue,Gemma4-E4B/native_thinking/v5/V4_4_T10000_N10_seed10007,1,32,10007,confirmation,10,1.0,0.0,1.0,1.0,0.0,1.0,1.0,0.0,1.0,1.0
Gemma4-E4B,response_reference_pre_reference_d1,semantic_cue,Gemma4-E4B/native_thinking/v5/V4_4_T10000_N10_seed10007,2,1,10007,confirmation,10,1.0,1.0,1.0,0.0,0.0,0.0,0.0,1.0,1.0,0.0
Gemma4-E4B,response_reference_pre_reference_d1,semantic_cue,Gemma4-E4B/native_thinking/v5/V4_4_T10000_N10_seed10007,2,2,10007,confirmation,10,1.0,1.0,1.0,0.0,0.0,0.0,0.0,1.0,1.0,0.0
Gemma4-E4B,response_reference_pre_reference_d1,semantic_cue,Gemma4-E4B/native_thinking/v5/V4_4_T10000_N10_seed10007,2,4,10007,confirmation,10,1.0,1.0,1.0,0.0,0.0,0.0,0.0,1.0,1.0,0.0
Gemma4-E4B,response_reference_pre_reference_d1,semantic_cue,Gemma4-E4B/native_thinking/v5/V4_4_T10000_N10_seed10007,2,8,10007,confirmation,10,1.0,1.0,1.0,0.0,0.0,0.0,0.0,1.0,1.0,0.0
Gemma4-E4B,response_reference_pre_reference_d1,semantic_cue,Gemma4-E4B/native_thinking/v5/V4_4_T10000_N10_seed10007,2,16,10007,confirmation,10,1.0,1.0,1.0,0.0,0.0,0.0,0.0,1.0,1.0,0.0
Gemma4-E4B,response_reference_pre_reference_d1,semantic_cue,Gemma4-E4B/native_thinking/v5/V4_4_T10000_N10_seed10007,2,32,10007,confirmation,10,1.0,0.0,1.0,1.0,0.0,1.0,1.0,0.0,1.0,1.0
Gemma4-E4B,response_reference_pre_reference_d1,semantic_cue,Gemma4-E4B/native_thinking/v5/V4_4_T10000_N10_seed10007,3,1,10007,confirmation,10,1.0,1.0,1.0,0.0,0.0,0.0,0.0,1.0,1.0,0.0
Gemma4-E4B,response_reference_pre_reference_d1,semantic_cue,Gemma4-E4B/native_thinking/v5/V4_4_T10000_N10_seed10007,3,2,10007,confirmation,10,1.0,1.0,1.0,0.0,0.0,0.0,0.0,1.0,1.0,0.0
Gemma4-E4B,response_reference_pre_reference_d1,semantic_cue,Gemma4-E4B/native_thinking/v5/V4_4_T10000_N10_seed10007,3,4,10007,confirmation,10,1.0,1.0,1.0,0.0,0.0,0.0,0.0,1.0,1.0,0.0
Gemma4-E4B,response_reference_pre_reference_d1,semantic_cue,Gemma4-E4B/native_thinking/v5/V4_4_T10000_N10_seed10007,3,8,10007,confirmation,10,1.0,1.0,1.0,0.0,0.0,0.0,0.0,1.0,1.0,0.0
Gemma4-E4B,response_reference_pre_reference_d1,semantic_cue,Gemma4-E4B/native_thinking/v5/V4_4_T10000_N10_seed10007,3,16,10007,confirmation,10,1.0,1.0,1.0,0.0,0.0,0.0,0.0,1.0,1.0,0.0
Gemma4-E4B,response_reference_pre_reference_d1,semantic_cue,Gemma4-E4B/native_thinking/v5/V4_4_T10000_N10_seed10007,3,32,10007,confirmation,10,1.0,0.0,1.0,1.0,0.0,1.0,1.0,0.0,1.0,1.0
Gemma4-E4B,response_reference_pre_reference_d1,semantic_cue,Gemma4-E4B/native_thinking/v5/V4_4_T10000_N10_seed10007,4,1,10007,confirmation,10,1.0,1.0,1.0,0.0,0.0,0.0,0.0,1.0,1.0,0.0
Gemma4-E4B,response_reference_pre_reference_d1,semantic_cue,Gemma4-E4B/native_thinking/v5/V4_4_T10000_N10_seed10007,4,2,10007,confirmation,10,1.0,1.0,1.0,0.0,0.0,0.0,0.0,1.0,1.0,0.0
Gemma4-E4B,response_reference_pre_reference_d1,semantic_cue,Gemma4-E4B/native_thinking/v5/V4_4_T10000_N10_seed10007,4,4,10007,confirmation,10,1.0,1.0,1.0,0.0,0.0,0.0,0.0,1.0,1.0,0.0
Gemma4-E4B,response_reference_pre_reference_d1,semantic_cue,Gemma4-E4B/native_thinking/v5/V4_4_T10000_N10_seed10007,4,8,10007,confirmation,10,1.0,1.0,1.0,0.0,0.0,0.0,0.0,1.0,1.0,0.0
Gemma4-E4B,response_reference_pre_reference_d1,semantic_cue,Gemma4-E4B/native_thinking/v5/V4_4_T10000_N10_seed10007,4,16,10007,confirmation,10,1.0,1.0,1.0,0.0,0.0,0.0,0.0,1.0,1.0,0.0
Gemma4-E4B,response_reference_pre_reference_d1,semantic_cue,Gemma4-E4B/native_thinking/v5/V4_4_T10000_N10_seed10007,4,32,10007,confirmation,10,1.0,0.0,1.0,1.0,0.0,1.0,1.0,0.0,1.0,1.0
Gemma4-E4B,response_reference_pre_reference_d1,semantic_cue,Gemma4-E4B/native_thinking/v5/V4_4_T10000_N10_seed10007,5,1,10007,confirmation,10,1.0,1.0,1.0,0.0,0.0,0.0,0.0,1.0,1.0,0.0
Gemma4-E4B,response_reference_pre_reference_d1,semantic_cue,Gemma4-E4B/native_thinking/v5/V4_4_T10000_N10_seed10007,5,2,10007,confirmation,10,1.0,1.0,1.0,0.0,0.0,0.0,0.0,1.0,1.0,0.0
Gemma4-E4B,response_reference_pre_reference_d1,semantic_cue,Gemma4-E4B/native_thinking/v5/V4_4_T10000_N10_seed10007,5,4,10007,confirmation,10,1.0,1.0,1.0,0.0,0.0,0.0,0.0,1.0,1.0,0.0
Gemma4-E4B,response_reference_pre_reference_d1,semantic_cue,Gemma4-E4B/native_thinking/v5/V4_4_T10000_N10_seed10007,5,8,10007,confirmation,10,1.0,1.0,1.0,0.0,0.0,0.0,0.0,1.0,1.0,0.0
Gemma4-E4B,response_reference_pre_reference_d1,semantic_cue,Gemma4-E4B/native_thinking/v5/V4_4_T10000_N10_seed10007,5,16,10007,confirmation,10,1.0,1.0,1.0,0.0,0.0,0.0,0.0,1.0,1.0,0.0
Gemma4-E4B,response_reference_pre_reference_d1,semantic_cue,Gemma4-E4B/native_thinking/v5/V4_4_T10000_N10_seed10007,5,32,10007,confirmation,10,1.0,0.0,1.0,1.0,0.0,1.0,1.0,0.0,1.0,1.0
Gemma4-E4B,response_reference_pre_reference_d1,semantic_cue,Gemma4-E4B/native_thinking/v5/V4_4_T10000_N10_seed10007,6,1,10007,confirmation,10,1.0,1.0,1.0,0.0,0.0,0.0,0.0,1.0,1.0,0.0
Gemma4-E4B,response_reference_pre_reference_d1,semantic_cue,Gemma4-E4B/native_thinking/v5/V4_4_T10000_N10_seed10007,6,2,10007,confirmation,10,1.0,1.0,1.0,0.0,0.0,0.0,0.0,1.0,1.0,0.0
Gemma4-E4B,response_reference_pre_reference_d1,semantic_cue,Gemma4-E4B/native_thinking/v5/V4_4_T10000_N10_seed10007,6,4,10007,confirmation,10,1.0,1.0,1.0,0.0,0.0,0.0,0.0,1.0,1.0,0.0
Gemma4-E4B,response_reference_pre_reference_d1,semantic_cue,Gemma4-E4B/native_thinking/v5/V4_4_T10000_N10_seed10007,6,8,10007,confirmation,10,1.0,1.0,1.0,0.0,0.0,0.0,0.0,1.0,1.0,0.0
Gemma4-E4B,response_reference_pre_reference_d1,semantic_cue,Gemma4-E4B/native_thinking/v5/V4_4_T10000_N10_seed10007,6,16,10007,confirmation,10,1.0,1.0,1.0,0.0,0.0,0.0,0.0,1.0,1.0,0.0
Gemma4-E4B,response_reference_pre_reference_d1,semantic_cue,Gemma4-E4B/native_thinking/v5/V4_4_T10000_N10_seed10007,6,32,10007,confirmation,10,1.0,0.0,1.0,1.0,0.0,1.0,1.0,0.03225806451612903,1.0,0.967741935483871
Gemma4-E4B,response_reference_pre_reference_d1,semantic_cue,Gemma4-E4B/native_thinking/v5/V4_4_T10000_N10_seed10007,7,1,10007,confirmation,10,1.0,1.0,1.0,0.0,0.0,0.0,0.0,1.0,1.0,0.0
Gemma4-E4B,response_reference_pre_reference_d1,semantic_cue,Gemma4-E4B/native_thinking/v5/V4_4_T10000_N10_seed10007,7,2,10007,confirmation,10,1.0,1.0,1.0,0.0,0.0,0.0,0.0,1.0,1.0,0.0
Gemma4-E4B,response_reference_pre_reference_d1,semantic_cue,Gemma4-E4B/native_thinking/v5/V4_4_T10000_N10_seed10007,7,4,10007,confirmation,10,1.0,1.0,1.0,0.0,0.0,0.0,0.0,1.0,1.0,0.0
Gemma4-E4B,response_reference_pre_reference_d1,semantic_cue,Gemma4-E4B/native_thinking/v5/V4_4_T10000_N10_seed10007,7,8,10007,confirmation,10,1.0,1.0,1.0,0.0,0.0,0.0,0.0,1.0,1.0,0.0
Gemma4-E4B,response_reference_pre_reference_d1,semantic_cue,Gemma4-E4B/native_thinking/v5/V4_4_T10000_N10_seed10007,7,16,10007,confirmation,10,1.0,1.0,1.0,0.0,0.0,0.0,0.0,1.0,1.0,0.0
Gemma4-E4B,response_reference_pre_reference_d1,semantic_cue,Gemma4-E4B/native_thinking/v5/V4_4_T10000_N10_seed10007,7,32,10007,confirmation,10,1.0,0.0,1.0,1.0,0.0,1.0,1.0,0.967741935483871,1.0,0.032258064516129004
Gemma4-E4B,response_reference_pre_reference_d1,semantic_cue,Gemma4-E4B/native_thinking/v5/V4_4_T10000_N10_seed10007,8,1,10007,confirmation,10,1.0,1.0,1.0,0.0,0.0,0.0,0.0,1.0,1.0,0.0
Gemma4-E4B,response_reference_pre_reference_d1,semantic_cue,Gemma4-E4B/native_thinking/v5/V4_4_T10000_N10_seed10007,8,2,10007,confirmation,10,1.0,1.0,1.0,0.0,0.0,0.0,0.0,1.0,1.0,0.0
Gemma4-E4B,response_reference_pre_reference_d1,semantic_cue,Gemma4-E4B/native_thinking/v5/V4_4_T10000_N10_seed10007,8,4,10007,confirmation,10,1.0,1.0,1.0,0.0,0.0,0.0,0.0,1.0,1.0,0.0
Gemma4-E4B,response_reference_pre_reference_d1,semantic_cue,Gemma4-E4B/native_thinking/v5/V4_4_T10000_N10_seed10007,8,8,10007,confirmation,10,1.0,1.0,1.0,0.0,0.0,0.0,0.0,1.0,1.0,0.0
Gemma4-E4B,response_reference_pre_reference_d1,semantic_cue,Gemma4-E4B/native_thinking/v5/V4_4_T10000_N10_seed10007,8,16,10007,confirmation,10,1.0,1.0,1.0,0.0,0.0,0.0,0.0,1.0,1.0,0.0
Gemma4-E4B,response_reference_pre_reference_d1,semantic_cue,Gemma4-E4B/native_thinking/v5/V4_4_T10000_N10_seed10007,8,32,10007,confirmation,10,1.0,0.0,1.0,1.0,0.0,1.0,1.0,0.0,1.0,1.0
Gemma4-E4B,response_reference_pre_reference_d1,semantic_cue,Gemma4-E4B/native_thinking/v5/V4_4_T10000_N10_seed10007,9,1,10007,confirmation,10,1.0,1.0,1.0,0.0,0.0,0.0,0.0,1.0,1.0,0.0
Gemma4-E4B,response_reference_pre_reference_d1,semantic_cue,Gemma4-E4B/native_thinking/v5/V4_4_T10000_N10_seed10007,9,2,10007,confirmation,10,1.0,1.0,1.0,0.0,0.0,0.0,0.0,1.0,1.0,0.0
Gemma4-E4B,response_reference_pre_reference_d1,semantic_cue,Gemma4-E4B/native_thinking/v5/V4_4_T10000_N10_seed10007,9,4,10007,confirmation,10,1.0,1.0,1.0,0.0,0.0,0.0,0.0,1.0,1.0,0.0
Gemma4-E4B,response_reference_pre_reference_d1,semantic_cue,Gemma4-E4B/native_thinking/v5/V4_4_T10000_N10_seed10007,9,8,10007,confirmation,10,1.0,1.0,1.0,0.0,0.0,0.0,0.0,1.0,1.0,0.0
Gemma4-E4B,response_reference_pre_reference_d1,semantic_cue,Gemma4-E4B/native_thinking/v5/V4_4_T10000_N10_seed10007,9,16,10007,confirmation,10,1.0,1.0,1.0,0.0,0.0,0.0,0.0,1.0,1.0,0.0
Gemma4-E4B,response_reference_pre_reference_d1,semantic_cue,Gemma4-E4B/native_thinking/v5/V4_4_T10000_N10_seed10007,9,32,10007,confirmation,10,1.0,0.0,1.0,1.0,0.0,1.0,1.0,0.0,1.0,1.0
Gemma4-E4B,response_reference_pre_reference_d1,semantic_cue,Gemma4-E4B/native_thinking/v5/V4_4_T10000_N10_seed10007,10,1,10007,confirmation,10,1.0,1.0,1.0,0.0,0.0,0.0,0.0,1.0,1.0,0.0
Gemma4-E4B,response_reference_pre_reference_d1,semantic_cue,Gemma4-E4B/native_thinking/v5/V4_4_T10000_N10_seed10007,10,2,10007,confirmation,10,1.0,1.0,1.0,0.0,0.0,0.0,0.0,1.0,1.0,0.0
Gemma4-E4B,response_reference_pre_reference_d1,semantic_cue,Gemma4-E4B/native_thinking/v5/V4_4_T10000_N10_seed10007,10,4,10007,confirmation,10,1.0,1.0,1.0,0.0,0.0,0.0,0.0,1.0,1.0,0.0
Gemma4-E4B,response_reference_pre_reference_d1,semantic_cue,Gemma4-E4B/native_thinking/v5/V4_4_T10000_N10_seed10007,10,8,10007,confirmation,10,1.0,0.0,1.0,1.0,0.0,1.0,1.0,0.03225806451612903,1.0,0.967741935483871
Gemma4-E4B,response_reference_pre_reference_d1,semantic_cue,Gemma4-E4B/native_thinking/v5/V4_4_T10000_N10_seed10007,10,16,10007,confirmation,10,1.0,1.0,1.0,0.0,0.0,0.0,0.0,1.0,1.0,0.0
Gemma4-E4B,response_reference_pre_reference_d1,semantic_cue,Gemma4-E4B/native_thinking/v5/V4_4_T10000_N10_seed10007,10,32,10007,confirmation,10,1.0,0.0,1.0,1.0,0.0,1.0,1.0,0.0,1.0,1.0
Gemma4-E4B,response_reference_pre_reference_d1,semantic_cue,Gemma4-E4B/native_thinking/v5/V4_4_T10000_N10_seed1255,1,1,1255,confirmation,10,1.0,1.0,1.0,0.0,0.0,0.0,0.0,1.0,1.0,0.0
Gemma4-E4B,response_reference_pre_reference_d1,semantic_cue,Gemma4-E4B/native_thinking/v5/V4_4_T10000_N10_seed1255,1,2,1255,confirmation,10,1.0,1.0,1.0,0.0,0.0,0.0,0.0,1.0,1.0,0.0
Gemma4-E4B,response_reference_pre_reference_d1,semantic_cue,Gemma4-E4B/native_thinking/v5/V4_4_T10000_N10_seed1255,1,4,1255,confirmation,10,1.0,1.0,1.0,0.0,0.0,0.0,0.0,1.0,1.0,0.0
Gemma4-E4B,response_reference_pre_reference_d1,semantic_cue,Gemma4-E4B/native_thinking/v5/V4_4_T10000_N10_seed1255,1,8,1255,confirmation,10,1.0,1.0,1.0,0.0,0.0,0.0,0.0,1.0,1.0,0.0
Gemma4-E4B,response_reference_pre_reference_d1,semantic_cue,Gemma4-E4B/native_thinking/v5/V4_4_T10000_N10_seed1255,1,16,1255,confirmation,10,1.0,0.0,1.0,1.0,0.0,1.0,1.0,0.0,1.0,1.0
Gemma4-E4B,response_reference_pre_reference_d1,semantic_cue,Gemma4-E4B/native_thinking/v5/V4_4_T10000_N10_seed1255,1,32,1255,confirmation,10,1.0,0.0,1.0,1.0,0.0,1.0,1.0,0.0,1.0,1.0
Gemma4-E4B,response_reference_pre_reference_d1,semantic_cue,Gemma4-E4B/native_thinking/v5/V4_4_T10000_N10_seed1255,2,1,1255,confirmation,10,1.0,1.0,1.0,0.0,0.0,0.0,0.0,1.0,1.0,0.0
Gemma4-E4B,response_reference_pre_reference_d1,semantic_cue,Gemma4-E4B/native_thinking/v5/V4_4_T10000_N10_seed1255,2,2,1255,confirmation,10,1.0,1.0,1.0,0.0,0.0,0.0,0.0,1.0,1.0,0.0
Gemma4-E4B,response_reference_pre_reference_d1,semantic_cue,Gemma4-E4B/native_thinking/v5/V4_4_T10000_N10_seed1255,2,4,1255,confirmation,10,1.0,1.0,1.0,0.0,0.0,0.0,0.0,1.0,1.0,0.0
Gemma4-E4B,response_reference_pre_reference_d1,semantic_cue,Gemma4-E4B/native_thinking/v5/V4_4_T10000_N10_seed1255,2,8,1255,confirmation,10,1.0,0.0,1.0,1.0,0.0,1.0,1.0,0.030303030303030304,1.0,0.9696969696969697
Gemma4-E4B,response_reference_pre_reference_d1,semantic_cue,Gemma4-E4B/native_thinking/v5/V4_4_T10000_N10_seed1255,2,16,1255,confirmation,10,1.0,0.0,0.6666666666666666,1.0,0.3333333333333333,0.6666666666666667,0.6666666666666667,0.0,0.6767676767676768,0.6767676767676768
Gemma4-E4B,response_reference_pre_reference_d1,semantic_cue,Gemma4-E4B/native_thinking/v5/V4_4_T10000_N10_seed1255,2,32,1255,confirmation,10,1.0,0.0,1.0,1.0,0.0,1.0,1.0,0.030303030303030304,1.0,0.9696969696969697
Gemma4-E4B,response_reference_pre_reference_d1,semantic_cue,Gemma4-E4B/native_thinking/v5/V4_4_T10000_N10_seed1255,3,1,1255,confirmation,10,1.0,1.0,1.0,0.0,0.0,0.0,0.0,1.0,1.0,0.0
Gemma4-E4B,response_reference_pre_reference_d1,semantic_cue,Gemma4-E4B/native_thinking/v5/V4_4_T10000_N10_seed1255,3,2,1255,confirmation,10,1.0,1.0,1.0,0.0,0.0,0.0,0.0,1.0,1.0,0.0
Gemma4-E4B,response_reference_pre_reference_d1,semantic_cue,Gemma4-E4B/native_thinking/v5/V4_4_T10000_N10_seed1255,3,4,1255,confirmation,10,1.0,1.0,1.0,0.0,0.0,0.0,0.0,1.0,1.0,0.0
Gemma4-E4B,response_reference_pre_reference_d1,semantic_cue,Gemma4-E4B/native_thinking/v5/V4_4_T10000_N10_seed1255,3,8,1255,confirmation,10,1.0,0.0,1.0,1.0,0.0,1.0,1.0,0.0,1.0,1.0
Gemma4-E4B,response_reference_pre_reference_d1,semantic_cue,Gemma4-E4B/native_thinking/v5/V4_4_T10000_N10_seed1255,3,16,1255,confirmation,10,1.0,0.0,1.0,1.0,0.0,1.0,1.0,0.03225806451612903,1.0,0.967741935483871
Gemma4-E4B,response_reference_pre_reference_d1,semantic_cue,Gemma4-E4B/native_thinking/v5/V4_4_T10000_N10_seed1255,3,32,1255,confirmation,10,1.0,0.0,1.0,1.0,0.0,1.0,1.0,0.03225806451612903,1.0,0.967741935483871
Gemma4-E4B,response_reference_pre_reference_d1,semantic_cue,Gemma4-E4B/native_thinking/v5/V4_4_T10000_N10_seed1255,4,1,1255,confirmation,10,1.0,1.0,1.0,0.0,0.0,0.0,0.0,1.0,1.0,0.0
Gemma4-E4B,response_reference_pre_reference_d1,semantic_cue,Gemma4-E4B/native_thinking/v5/V4_4_T10000_N10_seed1255,4,2,1255,confirmation,10,1.0,1.0,1.0,0.0,0.0,0.0,0.0,1.0,1.0,0.0
Gemma4-E4B,response_reference_pre_reference_d1,semantic_cue,Gemma4-E4B/native_thinking/v5/V4_4_T10000_N10_seed1255,4,4,1255,confirmation,10,1.0,1.0,1.0,0.0,0.0,0.0,0.0,1.0,1.0,0.0
Gemma4-E4B,response_reference_pre_reference_d1,semantic_cue,Gemma4-E4B/native_thinking/v5/V4_4_T10000_N10_seed1255,4,8,1255,confirmation,10,1.0,0.0,1.0,1.0,0.0,1.0,1.0,0.0,1.0,1.0
Gemma4-E4B,response_reference_pre_reference_d1,semantic_cue,Gemma4-E4B/native_thinking/v5/V4_4_T10000_N10_seed1255,4,16,1255,confirmation,10,1.0,1.0,1.0,0.0,0.0,0.0,0.0,1.0,1.0,0.0
Gemma4-E4B,response_reference_pre_reference_d1,semantic_cue,Gemma4-E4B/native_thinking/v5/V4_4_T10000_N10_seed1255,4,32,1255,confirmation,10,1.0,0.0,1.0,1.0,0.0,1.0,1.0,0.0,1.0,1.0
Gemma4-E4B,response_reference_pre_reference_d1,semantic_cue,Gemma4-E4B/native_thinking/v5/V4_4_T10000_N10_seed1255,5,1,1255,confirmation,10,1.0,1.0,1.0,0.0,0.0,0.0,0.0,1.0,1.0,0.0
Gemma4-E4B,response_reference_pre_reference_d1,semantic_cue,Gemma4-E4B/native_thinking/v5/V4_4_T10000_N10_seed1255,5,2,1255,confirmation,10,1.0,1.0,1.0,0.0,0.0,0.0,0.0,1.0,1.0,0.0
Gemma4-E4B,response_reference_pre_reference_d1,semantic_cue,Gemma4-E4B/native_thinking/v5/V4_4_T10000_N10_seed1255,5,4,1255,confirmation,10,1.0,1.0,1.0,0.0,0.0,0.0,0.0,1.0,1.0,0.0
Gemma4-E4B,response_reference_pre_reference_d1,semantic_cue,Gemma4-E4B/native_thinking/v5/V4_4_T10000_N10_seed1255,5,8,1255,confirmation,10,1.0,1.0,1.0,0.0,0.0,0.0,0.0,1.0,1.0,0.0
Gemma4-E4B,response_reference_pre_reference_d1,semantic_cue,Gemma4-E4B/native_thinking/v5/V4_4_T10000_N10_seed1255,5,16,1255,confirmation,10,1.0,1.0,1.0,0.0,0.0,0.0,0.0,1.0,1.0,0.0
Gemma4-E4B,response_reference_pre_reference_d1,semantic_cue,Gemma4-E4B/native_thinking/v5/V4_4_T10000_N10_seed1255,5,32,1255,confirmation,10,1.0,0.0,1.0,1.0,0.0,1.0,1.0,0.0,1.0,1.0
Gemma4-E4B,response_reference_pre_reference_d1,semantic_cue,Gemma4-E4B/native_thinking/v5/V4_4_T10000_N10_seed1255,6,1,1255,confirmation,10,1.0,1.0,1.0,0.0,0.0,0.0,0.0,1.0,1.0,0.0
Gemma4-E4B,response_reference_pre_reference_d1,semantic_cue,Gemma4-E4B/native_thinking/v5/V4_4_T10000_N10_seed1255,6,2,1255,confirmation,10,1.0,1.0,1.0,0.0,0.0,0.0,0.0,1.0,1.0,0.0
Gemma4-E4B,response_reference_pre_reference_d1,semantic_cue,Gemma4-E4B/native_thinking/v5/V4_4_T10000_N10_seed1255,6,4,1255,confirmation,10,1.0,1.0,1.0,0.0,0.0,0.0,0.0,1.0,1.0,0.0
Gemma4-E4B,response_reference_pre_reference_d1,semantic_cue,Gemma4-E4B/native_thinking/v5/V4_4_T10000_N10_seed1255,6,8,1255,confirmation,10,1.0,1.0,1.0,0.0,0.0,0.0,0.0,1.0,1.0,0.0
Gemma4-E4B,response_reference_pre_reference_d1,semantic_cue,Gemma4-E4B/native_thinking/v5/V4_4_T10000_N10_seed1255,6,16,1255,confirmation,10,1.0,1.0,1.0,0.0,0.0,0.0,0.0,1.0,1.0,0.0
Gemma4-E4B,response_reference_pre_reference_d1,semantic_cue,Gemma4-E4B/native_thinking/v5/V4_4_T10000_N10_seed1255,6,32,1255,confirmation,10,1.0,0.0,1.0,1.0,0.0,1.0,1.0,0.0,1.0,1.0
Gemma4-E4B,response_reference_pre_reference_d1,semantic_cue,Gemma4-E4B/native_thinking/v5/V4_4_T10000_N10_seed1255,7,1,1255,confirmation,10,1.0,1.0,1.0,0.0,0.0,0.0,0.0,1.0,1.0,0.0
Gemma4-E4B,response_reference_pre_reference_d1,semantic_cue,Gemma4-E4B/native_thinking/v5/V4_4_T10000_N10_seed1255,7,2,1255,confirmation,10,1.0,1.0,1.0,0.0,0.0,0.0,0.0,1.0,1.0,0.0
Gemma4-E4B,response_reference_pre_reference_d1,semantic_cue,Gemma4-E4B/native_thinking/v5/V4_4_T10000_N10_seed1255,7,4,1255,confirmation,10,1.0,1.0,1.0,0.0,0.0,0.0,0.0,1.0,1.0,0.0
Gemma4-E4B,response_reference_pre_reference_d1,semantic_cue,Gemma4-E4B/native_thinking/v5/V4_4_T10000_N10_seed1255,7,8,1255,confirmation,10,1.0,1.0,1.0,0.0,0.0,0.0,0.0,1.0,1.0,0.0
Gemma4-E4B,response_reference_pre_reference_d1,semantic_cue,Gemma4-E4B/native_thinking/v5/V4_4_T10000_N10_seed1255,7,16,1255,confirmation,10,1.0,1.0,1.0,0.0,0.0,0.0,0.0,1.0,1.0,0.0
Gemma4-E4B,response_reference_pre_reference_d1,semantic_cue,Gemma4-E4B/native_thinking/v5/V4_4_T10000_N10_seed1255,7,32,1255,confirmation,10,1.0,0.0,1.0,1.0,0.0,1.0,1.0,0.0,1.0,1.0
Gemma4-E4B,response_reference_pre_reference_d1,semantic_cue,Gemma4-E4B/native_thinking/v5/V4_4_T10000_N10_seed1255,8,1,1255,confirmation,10,1.0,1.0,1.0,0.0,0.0,0.0,0.0,1.0,1.0,0.0
Gemma4-E4B,response_reference_pre_reference_d1,semantic_cue,Gemma4-E4B/native_thinking/v5/V4_4_T10000_N10_seed1255,8,2,1255,confirmation,10,1.0,1.0,1.0,0.0,0.0,0.0,0.0,1.0,1.0,0.0
Gemma4-E4B,response_reference_pre_reference_d1,semantic_cue,Gemma4-E4B/native_thinking/v5/V4_4_T10000_N10_seed1255,8,4,1255,confirmation,10,1.0,1.0,1.0,0.0,0.0,0.0,0.0,1.0,1.0,0.0
Gemma4-E4B,response_reference_pre_reference_d1,semantic_cue,Gemma4-E4B/native_thinking/v5/V4_4_T10000_N10_seed1255,8,8,1255,confirmation,10,1.0,1.0,1.0,0.0,0.0,0.0,0.0,1.0,1.0,0.0
Gemma4-E4B,response_reference_pre_reference_d1,semantic_cue,Gemma4-E4B/native_thinking/v5/V4_4_T10000_N10_seed1255,8,16,1255,confirmation,10,1.0,1.0,1.0,0.0,0.0,0.0,0.0,1.0,1.0,0.0
Gemma4-E4B,response_reference_pre_reference_d1,semantic_cue,Gemma4-E4B/native_thinking/v5/V4_4_T10000_N10_seed1255,8,32,1255,confirmation,10,1.0,0.0,1.0,1.0,0.0,1.0,1.0,0.0,1.0,1.0
Gemma4-E4B,response_reference_pre_reference_d1,semantic_cue,Gemma4-E4B/native_thinking/v5/V4_4_T10000_N10_seed1255,9,1,1255,confirmation,10,1.0,1.0,1.0,0.0,0.0,0.0,0.0,1.0,1.0,0.0
Gemma4-E4B,response_reference_pre_reference_d1,semantic_cue,Gemma4-E4B/native_thinking/v5/V4_4_T10000_N10_seed1255,9,2,1255,confirmation,10,1.0,1.0,1.0,0.0,0.0,0.0,0.0,1.0,1.0,0.0
Gemma4-E4B,response_reference_pre_reference_d1,semantic_cue,Gemma4-E4B/native_thinking/v5/V4_4_T10000_N10_seed1255,9,4,1255,confirmation,10,1.0,0.0,1.0,1.0,0.0,1.0,1.0,0.03225806451612903,1.0,0.967741935483871
Gemma4-E4B,response_reference_pre_reference_d1,semantic_cue,Gemma4-E4B/native_thinking/v5/V4_4_T10000_N10_seed1255,9,8,1255,confirmation,10,1.0,0.0,1.0,1.0,0.0,1.0,1.0,0.0,1.0,1.0
Gemma4-E4B,response_reference_pre_reference_d1,semantic_cue,Gemma4-E4B/native_thinking/v5/V4_4_T10000_N10_seed1255,9,16,1255,confirmation,10,1.0,0.0,1.0,1.0,0.0,1.0,1.0,0.03225806451612903,1.0,0.967741935483871
Gemma4-E4B,response_reference_pre_reference_d1,semantic_cue,Gemma4-E4B/native_thinking/v5/V4_4_T10000_N10_seed1255,9,32,1255,confirmation,10,1.0,0.0,1.0,1.0,0.0,1.0,1.0,0.0,1.0,1.0
Gemma4-E4B,response_reference_pre_reference_d1,semantic_cue,Gemma4-E4B/native_thinking/v5/V4_4_T10000_N10_seed1255,10,1,1255,confirmation,10,1.0,1.0,1.0,0.0,0.0,0.0,0.0,1.0,1.0,0.0
Gemma4-E4B,response_reference_pre_reference_d1,semantic_cue,Gemma4-E4B/native_thinking/v5/V4_4_T10000_N10_seed1255,10,2,1255,confirmation,10,1.0,1.0,1.0,0.0,0.0,0.0,0.0,1.0,1.0,0.0
Gemma4-E4B,response_reference_pre_reference_d1,semantic_cue,Gemma4-E4B/native_thinking/v5/V4_4_T10000_N10_seed1255,10,4,1255,confirmation,10,1.0,0.0,1.0,1.0,0.0,1.0,1.0,0.0,1.0,1.0
Gemma4-E4B,response_reference_pre_reference_d1,semantic_cue,Gemma4-E4B/native_thinking/v5/V4_4_T10000_N10_seed1255,10,8,1255,confirmation,10,1.0,0.0,1.0,1.0,0.0,1.0,1.0,0.0,1.0,1.0
Gemma4-E4B,response_reference_pre_reference_d1,semantic_cue,Gemma4-E4B/native_thinking/v5/V4_4_T10000_N10_seed1255,10,16,1255,confirmation,10,1.0,0.0,1.0,1.0,0.0,1.0,1.0,0.0,1.0,1.0
Gemma4-E4B,response_reference_pre_reference_d1,semantic_cue,Gemma4-E4B/native_thinking/v5/V4_4_T10000_N10_seed1255,10,32,1255,confirmation,10,1.0,0.0,1.0,1.0,0.0,1.0,1.0,0.0,1.0,1.0
Gemma4-E4B,response_reference_pre_reference_d1,semantic_cue,Gemma4-E4B/native_thinking/v5/V4_4_T10000_N1_seed1254,1,1,1254,confirmation,1,1.0,1.0,1.0,0.0,0.0,0.0,0.0,1.0,1.0,0.0
Gemma4-E4B,response_reference_pre_reference_d1,semantic_cue,Gemma4-E4B/native_thinking/v5/V4_4_T10000_N1_seed1254,1,2,1254,confirmation,1,1.0,1.0,1.0,0.0,0.0,0.0,0.0,1.0,1.0,0.0
Gemma4-E4B,response_reference_pre_reference_d1,semantic_cue,Gemma4-E4B/native_thinking/v5/V4_4_T10000_N1_seed1254,1,4,1254,confirmation,1,1.0,1.0,1.0,0.0,0.0,0.0,0.0,1.0,1.0,0.0
Gemma4-E4B,response_reference_pre_reference_d1,semantic_cue,Gemma4-E4B/native_thinking/v5/V4_4_T10000_N1_seed1254,1,8,1254,confirmation,1,1.0,0.0,0.3333333333333333,1.0,0.6666666666666666,0.33333333333333337,0.33333333333333337,0.3333333333333333,0.5555555555555555,0.22222222222222215
Gemma4-E4B,response_reference_pre_reference_d1,semantic_cue,Gemma4-E4B/native_thinking/v5/V4_4_T10000_N1_seed1254,1,16,1254,confirmation,1,1.0,0.0,0.6666666666666666,1.0,0.3333333333333333,0.6666666666666667,0.6666666666666667,0.2222222222222222,0.7777777777777777,0.5555555555555555
Gemma4-E4B,response_reference_pre_reference_d1,semantic_cue,Gemma4-E4B/native_thinking/v5/V4_4_T10000_N1_seed1254,1,32,1254,confirmation,1,1.0,0.0,0.0,1.0,1.0,0.0,0.0,0.0,0.2222222222222222,0.2222222222222222
Gemma4-E4B,response_reference_pre_reference_d1,semantic_cue,Gemma4-E4B/native_thinking/v5/V4_4_T10000_N1_seed1261,1,1,1261,confirmation,1,1.0,1.0,1.0,0.0,0.0,0.0,0.0,1.0,1.0,0.0
Gemma4-E4B,response_reference_pre_reference_d1,semantic_cue,Gemma4-E4B/native_thinking/v5/V4_4_T10000_N1_seed1261,1,2,1261,confirmation,1,1.0,1.0,1.0,0.0,0.0,0.0,0.0,1.0,1.0,0.0
Gemma4-E4B,response_reference_pre_reference_d1,semantic_cue,Gemma4-E4B/native_thinking/v5/V4_4_T10000_N1_seed1261,1,4,1261,confirmation,1,1.0,1.0,1.0,0.0,0.0,0.0,0.0,1.0,1.0,0.0
Gemma4-E4B,response_reference_pre_reference_d1,semantic_cue,Gemma4-E4B/native_thinking/v5/V4_4_T10000_N1_seed1261,1,8,1261,confirmation,1,1.0,1.0,1.0,0.0,0.0,0.0,0.0,1.0,1.0,0.0
Gemma4-E4B,response_reference_pre_reference_d1,semantic_cue,Gemma4-E4B/native_thinking/v5/V4_4_T10000_N1_seed1261,1,16,1261,confirmation,1,1.0,1.0,1.0,0.0,0.0,0.0,0.0,1.0,1.0,0.0
Gemma4-E4B,response_reference_pre_reference_d1,semantic_cue,Gemma4-E4B/native_thinking/v5/V4_4_T10000_N1_seed1261,1,32,1261,confirmation,1,1.0,0.0,0.0,1.0,1.0,0.0,0.0,0.0,0.0,0.0
Gemma4-E4B,response_reference_pre_reference_d1,semantic_cue,Gemma4-E4B/native_thinking/v5/V4_4_T10000_N2_seed1254,1,1,1254,confirmation,2,1.0,1.0,1.0,0.0,0.0,0.0,0.0,1.0,1.0,0.0
Gemma4-E4B,response_reference_pre_reference_d1,semantic_cue,Gemma4-E4B/native_thinking/v5/V4_4_T10000_N2_seed1254,1,2,1254,confirmation,2,1.0,1.0,1.0,0.0,0.0,0.0,0.0,1.0,1.0,0.0
Gemma4-E4B,response_reference_pre_reference_d1,semantic_cue,Gemma4-E4B/native_thinking/v5/V4_4_T10000_N2_seed1254,1,4,1254,confirmation,2,1.0,1.0,1.0,0.0,0.0,0.0,0.0,1.0,1.0,0.0
Gemma4-E4B,response_reference_pre_reference_d1,semantic_cue,Gemma4-E4B/native_thinking/v5/V4_4_T10000_N2_seed1254,1,8,1254,confirmation,2,1.0,1.0,1.0,0.0,0.0,0.0,0.0,1.0,1.0,0.0
Gemma4-E4B,response_reference_pre_reference_d1,semantic_cue,Gemma4-E4B/native_thinking/v5/V4_4_T10000_N2_seed1254,1,16,1254,confirmation,2,1.0,0.0,0.0,1.0,1.0,0.0,0.0,0.0,0.5,0.5
Gemma4-E4B,response_reference_pre_reference_d1,semantic_cue,Gemma4-E4B/native_thinking/v5/V4_4_T10000_N2_seed1254,1,32,1254,confirmation,2,1.0,0.0,0.0,1.0,1.0,0.0,0.0,0.0,0.5,0.5
Gemma4-E4B,response_reference_pre_reference_d1,semantic_cue,Gemma4-E4B/native_thinking/v5/V4_4_T10000_N2_seed1254,2,1,1254,confirmation,2,1.0,1.0,1.0,0.0,0.0,0.0,0.0,1.0,1.0,0.0
Gemma4-E4B,response_reference_pre_reference_d1,semantic_cue,Gemma4-E4B/native_thinking/v5/V4_4_T10000_N2_seed1254,2,2,1254,confirmation,2,1.0,1.0,1.0,0.0,0.0,0.0,0.0,1.0,1.0,0.0
Gemma4-E4B,response_reference_pre_reference_d1,semantic_cue,Gemma4-E4B/native_thinking/v5/V4_4_T10000_N2_seed1254,2,4,1254,confirmation,2,1.0,1.0,1.0,0.0,0.0,0.0,0.0,1.0,1.0,0.0
Gemma4-E4B,response_reference_pre_reference_d1,semantic_cue,Gemma4-E4B/native_thinking/v5/V4_4_T10000_N2_seed1254,2,8,1254,confirmation,2,1.0,1.0,1.0,0.0,0.0,0.0,0.0,1.0,1.0,0.0
Gemma4-E4B,response_reference_pre_reference_d1,semantic_cue,Gemma4-E4B/native_thinking/v5/V4_4_T10000_N2_seed1254,2,16,1254,confirmation,2,1.0,0.0,1.0,1.0,0.0,1.0,1.0,0.0,1.0,1.0
Gemma4-E4B,response_reference_pre_reference_d1,semantic_cue,Gemma4-E4B/native_thinking/v5/V4_4_T10000_N2_seed1254,2,32,1254,confirmation,2,1.0,0.0,1.0,1.0,0.0,1.0,1.0,0.0,1.0,1.0
Gemma4-E4B,response_reference_pre_reference_d1,semantic_cue,Gemma4-E4B/native_thinking/v5/V4_4_T10000_N2_seed1256,1,1,1256,confirmation,2,1.0,1.0,1.0,0.0,0.0,0.0,0.0,1.0,1.0,0.0
Gemma4-E4B,response_reference_pre_reference_d1,semantic_cue,Gemma4-E4B/native_thinking/v5/V4_4_T10000_N2_seed1256,1,2,1256,confirmation,2,1.0,1.0,1.0,0.0,0.0,0.0,0.0,1.0,1.0,0.0
Gemma4-E4B,response_reference_pre_reference_d1,semantic_cue,Gemma4-E4B/native_thinking/v5/V4_4_T10000_N2_seed1256,1,4,1256,confirmation,2,1.0,1.0,1.0,0.0,0.0,0.0,0.0,1.0,1.0,0.0
Gemma4-E4B,response_reference_pre_reference_d1,semantic_cue,Gemma4-E4B/native_thinking/v5/V4_4_T10000_N2_seed1256,1,8,1256,confirmation,2,1.0,1.0,1.0,0.0,0.0,0.0,0.0,1.0,1.0,0.0
Gemma4-E4B,response_reference_pre_reference_d1,semantic_cue,Gemma4-E4B/native_thinking/v5/V4_4_T10000_N2_seed1256,1,16,1256,confirmation,2,1.0,0.0,1.0,1.0,0.0,1.0,1.0,0.6333333333333333,1.0,0.3666666666666667
Gemma4-E4B,response_reference_pre_reference_d1,semantic_cue,Gemma4-E4B/native_thinking/v5/V4_4_T10000_N2_seed1256,1,32,1256,confirmation,2,1.0,0.0,0.0,1.0,1.0,0.0,0.0,0.0,0.6666666666666666,0.6666666666666666
Gemma4-E4B,response_reference_pre_reference_d1,semantic_cue,Gemma4-E4B/native_thinking/v5/V4_4_T10000_N2_seed1256,2,1,1256,confirmation,2,1.0,1.0,1.0,0.0,0.0,0.0,0.0,1.0,1.0,0.0
Gemma4-E4B,response_reference_pre_reference_d1,semantic_cue,Gemma4-E4B/native_thinking/v5/V4_4_T10000_N2_seed1256,2,2,1256,confirmation,2,1.0,1.0,1.0,0.0,0.0,0.0,0.0,1.0,1.0,0.0
Gemma4-E4B,response_reference_pre_reference_d1,semantic_cue,Gemma4-E4B/native_thinking/v5/V4_4_T10000_N2_seed1256,2,4,1256,confirmation,2,1.0,1.0,1.0,0.0,0.0,0.0,0.0,1.0,1.0,0.0
Gemma4-E4B,response_reference_pre_reference_d1,semantic_cue,Gemma4-E4B/native_thinking/v5/V4_4_T10000_N2_seed1256,2,8,1256,confirmation,2,1.0,1.0,1.0,0.0,0.0,0.0,0.0,1.0,1.0,0.0
Gemma4-E4B,response_reference_pre_reference_d1,semantic_cue,Gemma4-E4B/native_thinking/v5/V4_4_T10000_N2_seed1256,2,16,1256,confirmation,2,1.0,0.0,1.0,1.0,0.0,1.0,1.0,0.96875,1.0,0.03125
Gemma4-E4B,response_reference_pre_reference_d1,semantic_cue,Gemma4-E4B/native_thinking/v5/V4_4_T10000_N2_seed1256,2,32,1256,confirmation,2,1.0,0.0,1.0,1.0,0.0,1.0,1.0,0.0,1.0,1.0
Gemma4-E4B,response_reference_pre_reference_d1,semantic_cue,Gemma4-E4B/native_thinking/v5/V4_4_T10000_N2_seed1260,1,1,1260,confirmation,2,1.0,1.0,1.0,0.0,0.0,0.0,0.0,1.0,1.0,0.0
Gemma4-E4B,response_reference_pre_reference_d1,semantic_cue,Gemma4-E4B/native_thinking/v5/V4_4_T10000_N2_seed1260,1,2,1260,confirmation,2,1.0,1.0,1.0,0.0,0.0,0.0,0.0,1.0,1.0,0.0
Gemma4-E4B,response_reference_pre_reference_d1,semantic_cue,Gemma4-E4B/native_thinking/v5/V4_4_T10000_N2_seed1260,1,4,1260,confirmation,2,1.0,1.0,1.0,0.0,0.0,0.0,0.0,1.0,1.0,0.0
Gemma4-E4B,response_reference_pre_reference_d1,semantic_cue,Gemma4-E4B/native_thinking/v5/V4_4_T10000_N2_seed1260,1,8,1260,confirmation,2,1.0,1.0,0.6666666666666666,0.0,0.3333333333333333,-0.3333333333333333,-0.3333333333333333,1.0,0.7333333333333334,-0.2666666666666666
Gemma4-E4B,response_reference_pre_reference_d1,semantic_cue,Gemma4-E4B/native_thinking/v5/V4_4_T10000_N2_seed1260,1,16,1260,confirmation,2,1.0,0.0,0.3333333333333333,1.0,0.6666666666666666,0.33333333333333337,0.33333333333333337,0.0,0.4666666666666666,0.4666666666666666
Gemma4-E4B,response_reference_pre_reference_d1,semantic_cue,Gemma4-E4B/native_thinking/v5/V4_4_T10000_N2_seed1260,1,32,1260,confirmation,2,1.0,0.0,0.0,1.0,1.0,0.0,0.0,0.0,0.20000000000000004,0.20000000000000004
Gemma4-E4B,response_reference_pre_reference_d1,semantic_cue,Gemma4-E4B/native_thinking/v5/V4_4_T10000_N2_seed1260,2,1,1260,confirmation,2,1.0,1.0,1.0,0.0,0.0,0.0,0.0,1.0,1.0,0.0
Gemma4-E4B,response_reference_pre_reference_d1,semantic_cue,Gemma4-E4B/native_thinking/v5/V4_4_T10000_N2_seed1260,2,2,1260,confirmation,2,1.0,1.0,1.0,0.0,0.0,0.0,0.0,1.0,1.0,0.0
Gemma4-E4B,response_reference_pre_reference_d1,semantic_cue,Gemma4-E4B/native_thinking/v5/V4_4_T10000_N2_seed1260,2,4,1260,confirmation,2,1.0,1.0,1.0,0.0,0.0,0.0,0.0,1.0,1.0,0.0
Gemma4-E4B,response_reference_pre_reference_d1,semantic_cue,Gemma4-E4B/native_thinking/v5/V4_4_T10000_N2_seed1260,2,8,1260,confirmation,2,1.0,1.0,1.0,0.0,0.0,0.0,0.0,1.0,1.0,0.0
Gemma4-E4B,response_reference_pre_reference_d1,semantic_cue,Gemma4-E4B/native_thinking/v5/V4_4_T10000_N2_seed1260,2,16,1260,confirmation,2,1.0,0.0,1.0,1.0,0.0,1.0,1.0,0.0,1.0,1.0
Gemma4-E4B,response_reference_pre_reference_d1,semantic_cue,Gemma4-E4B/native_thinking/v5/V4_4_T10000_N2_seed1260,2,32,1260,confirmation,2,1.0,0.0,1.0,1.0,0.0,1.0,1.0,0.0,1.0,1.0
Gemma4-E4B,response_reference_pre_reference_d1,semantic_cue,Gemma4-E4B/native_thinking/v5/V4_4_T10000_N2_seed1261,1,1,1261,confirmation,2,1.0,1.0,1.0,0.0,0.0,0.0,0.0,1.0,1.0,0.0
Gemma4-E4B,response_reference_pre_reference_d1,semantic_cue,Gemma4-E4B/native_thinking/v5/V4_4_T10000_N2_seed1261,1,2,1261,confirmation,2,1.0,1.0,1.0,0.0,0.0,0.0,0.0,1.0,1.0,0.0
Gemma4-E4B,response_reference_pre_reference_d1,semantic_cue,Gemma4-E4B/native_thinking/v5/V4_4_T10000_N2_seed1261,1,4,1261,confirmation,2,1.0,1.0,1.0,0.0,0.0,0.0,0.0,1.0,1.0,0.0
Gemma4-E4B,response_reference_pre_reference_d1,semantic_cue,Gemma4-E4B/native_thinking/v5/V4_4_T10000_N2_seed1261,1,8,1261,confirmation,2,1.0,1.0,1.0,0.0,0.0,0.0,0.0,1.0,1.0,0.0
Gemma4-E4B,response_reference_pre_reference_d1,semantic_cue,Gemma4-E4B/native_thinking/v5/V4_4_T10000_N2_seed1261,1,16,1261,confirmation,2,1.0,1.0,1.0,0.0,0.0,0.0,0.0,1.0,1.0,0.0
Gemma4-E4B,response_reference_pre_reference_d1,semantic_cue,Gemma4-E4B/native_thinking/v5/V4_4_T10000_N2_seed1261,1,32,1261,confirmation,2,1.0,0.0,1.0,1.0,0.0,1.0,1.0,0.0,1.0,1.0
Gemma4-E4B,response_reference_pre_reference_d1,semantic_cue,Gemma4-E4B/native_thinking/v5/V4_4_T10000_N2_seed1261,2,1,1261,confirmation,2,1.0,1.0,1.0,0.0,0.0,0.0,0.0,1.0,1.0,0.0
Gemma4-E4B,response_reference_pre_reference_d1,semantic_cue,Gemma4-E4B/native_thinking/v5/V4_4_T10000_N2_seed1261,2,2,1261,confirmation,2,1.0,1.0,1.0,0.0,0.0,0.0,0.0,1.0,1.0,0.0
Gemma4-E4B,response_reference_pre_reference_d1,semantic_cue,Gemma4-E4B/native_thinking/v5/V4_4_T10000_N2_seed1261,2,4,1261,confirmation,2,1.0,1.0,1.0,0.0,0.0,0.0,0.0,1.0,1.0,0.0
Gemma4-E4B,response_reference_pre_reference_d1,semantic_cue,Gemma4-E4B/native_thinking/v5/V4_4_T10000_N2_seed1261,2,8,1261,confirmation,2,1.0,1.0,1.0,0.0,0.0,0.0,0.0,1.0,1.0,0.0
Gemma4-E4B,response_reference_pre_reference_d1,semantic_cue,Gemma4-E4B/native_thinking/v5/V4_4_T10000_N2_seed1261,2,16,1261,confirmation,2,1.0,1.0,1.0,0.0,0.0,0.0,0.0,1.0,1.0,0.0
Gemma4-E4B,response_reference_pre_reference_d1,semantic_cue,Gemma4-E4B/native_thinking/v5/V4_4_T10000_N2_seed1261,2,32,1261,confirmation,2,1.0,0.0,1.0,1.0,0.0,1.0,1.0,0.0,1.0,1.0
Gemma4-E4B,response_reference_pre_reference_d1,semantic_cue,Gemma4-E4B/native_thinking/v5/V4_4_T10000_N3_seed1259,1,1,1259,confirmation,3,1.0,1.0,1.0,0.0,0.0,0.0,0.0,1.0,1.0,0.0
Gemma4-E4B,response_reference_pre_reference_d1,semantic_cue,Gemma4-E4B/native_thinking/v5/V4_4_T10000_N3_seed1259,1,2,1259,confirmation,3,1.0,1.0,1.0,0.0,0.0,0.0,0.0,1.0,1.0,0.0
Gemma4-E4B,response_reference_pre_reference_d1,semantic_cue,Gemma4-E4B/native_thinking/v5/V4_4_T10000_N3_seed1259,1,4,1259,confirmation,3,1.0,1.0,1.0,0.0,0.0,0.0,0.0,1.0,1.0,0.0
Gemma4-E4B,response_reference_pre_reference_d1,semantic_cue,Gemma4-E4B/native_thinking/v5/V4_4_T10000_N3_seed1259,1,8,1259,confirmation,3,1.0,1.0,1.0,0.0,0.0,0.0,0.0,1.0,1.0,0.0
Gemma4-E4B,response_reference_pre_reference_d1,semantic_cue,Gemma4-E4B/native_thinking/v5/V4_4_T10000_N3_seed1259,1,16,1259,confirmation,3,1.0,0.0,1.0,1.0,0.0,1.0,1.0,0.03225806451612903,1.0,0.967741935483871
Gemma4-E4B,response_reference_pre_reference_d1,semantic_cue,Gemma4-E4B/native_thinking/v5/V4_4_T10000_N3_seed1259,1,32,1259,confirmation,3,1.0,0.0,1.0,1.0,0.0,1.0,1.0,0.03225806451612903,1.0,0.967741935483871
Gemma4-E4B,response_reference_pre_reference_d1,semantic_cue,Gemma4-E4B/native_thinking/v5/V4_4_T10000_N3_seed1259,2,1,1259,confirmation,3,1.0,1.0,1.0,0.0,0.0,0.0,0.0,1.0,1.0,0.0
Gemma4-E4B,response_reference_pre_reference_d1,semantic_cue,Gemma4-E4B/native_thinking/v5/V4_4_T10000_N3_seed1259,2,2,1259,confirmation,3,1.0,1.0,1.0,0.0,0.0,0.0,0.0,1.0,1.0,0.0
Gemma4-E4B,response_reference_pre_reference_d1,semantic_cue,Gemma4-E4B/native_thinking/v5/V4_4_T10000_N3_seed1259,2,4,1259,confirmation,3,1.0,1.0,1.0,0.0,0.0,0.0,0.0,1.0,1.0,0.0
Gemma4-E4B,response_reference_pre_reference_d1,semantic_cue,Gemma4-E4B/native_thinking/v5/V4_4_T10000_N3_seed1259,2,8,1259,confirmation,3,1.0,1.0,1.0,0.0,0.0,0.0,0.0,1.0,1.0,0.0
Gemma4-E4B,response_reference_pre_reference_d1,semantic_cue,Gemma4-E4B/native_thinking/v5/V4_4_T10000_N3_seed1259,2,16,1259,confirmation,3,1.0,0.0,1.0,1.0,0.0,1.0,1.0,0.9714285714285714,1.0,0.02857142857142858
Gemma4-E4B,response_reference_pre_reference_d1,semantic_cue,Gemma4-E4B/native_thinking/v5/V4_4_T10000_N3_seed1259,2,32,1259,confirmation,3,1.0,0.0,1.0,1.0,0.0,1.0,1.0,0.05714285714285714,1.0,0.9428571428571428
Gemma4-E4B,response_reference_pre_reference_d1,semantic_cue,Gemma4-E4B/native_thinking/v5/V4_4_T10000_N3_seed1259,3,1,1259,confirmation,3,1.0,1.0,1.0,0.0,0.0,0.0,0.0,1.0,1.0,0.0
Gemma4-E4B,response_reference_pre_reference_d1,semantic_cue,Gemma4-E4B/native_thinking/v5/V4_4_T10000_N3_seed1259,3,2,1259,confirmation,3,1.0,1.0,1.0,0.0,0.0,0.0,0.0,1.0,1.0,0.0
Gemma4-E4B,response_reference_pre_reference_d1,semantic_cue,Gemma4-E4B/native_thinking/v5/V4_4_T10000_N3_seed1259,3,4,1259,confirmation,3,1.0,1.0,1.0,0.0,0.0,0.0,0.0,1.0,1.0,0.0
Gemma4-E4B,response_reference_pre_reference_d1,semantic_cue,Gemma4-E4B/native_thinking/v5/V4_4_T10000_N3_seed1259,3,8,1259,confirmation,3,1.0,0.0,1.0,1.0,0.0,1.0,1.0,0.0,1.0,1.0
Gemma4-E4B,response_reference_pre_reference_d1,semantic_cue,Gemma4-E4B/native_thinking/v5/V4_4_T10000_N3_seed1259,3,16,1259,confirmation,3,1.0,1.0,1.0,0.0,0.0,0.0,0.0,1.0,1.0,0.0
Gemma4-E4B,response_reference_pre_reference_d1,semantic_cue,Gemma4-E4B/native_thinking/v5/V4_4_T10000_N3_seed1259,3,32,1259,confirmation,3,1.0,0.0,1.0,1.0,0.0,1.0,1.0,0.0,1.0,1.0
Gemma4-E4B,response_reference_pre_reference_d1,semantic_cue,Gemma4-E4B/native_thinking/v5/V4_4_T10000_N3_seed1261,1,1,1261,confirmation,3,1.0,1.0,1.0,0.0,0.0,0.0,0.0,1.0,1.0,0.0
Gemma4-E4B,response_reference_pre_reference_d1,semantic_cue,Gemma4-E4B/native_thinking/v5/V4_4_T10000_N3_seed1261,1,2,1261,confirmation,3,1.0,1.0,1.0,0.0,0.0,0.0,0.0,1.0,1.0,0.0
Gemma4-E4B,response_reference_pre_reference_d1,semantic_cue,Gemma4-E4B/native_thinking/v5/V4_4_T10000_N3_seed1261,1,4,1261,confirmation,3,1.0,1.0,1.0,0.0,0.0,0.0,0.0,1.0,1.0,0.0
Gemma4-E4B,response_reference_pre_reference_d1,semantic_cue,Gemma4-E4B/native_thinking/v5/V4_4_T10000_N3_seed1261,1,8,1261,confirmation,3,1.0,1.0,1.0,0.0,0.0,0.0,0.0,1.0,1.0,0.0
Gemma4-E4B,response_reference_pre_reference_d1,semantic_cue,Gemma4-E4B/native_thinking/v5/V4_4_T10000_N3_seed1261,1,16,1261,confirmation,3,1.0,1.0,1.0,0.0,0.0,0.0,0.0,1.0,1.0,0.0
Gemma4-E4B,response_reference_pre_reference_d1,semantic_cue,Gemma4-E4B/native_thinking/v5/V4_4_T10000_N3_seed1261,1,32,1261,confirmation,3,1.0,0.0,1.0,1.0,0.0,1.0,1.0,0.0,1.0,1.0
Gemma4-E4B,response_reference_pre_reference_d1,semantic_cue,Gemma4-E4B/native_thinking/v5/V4_4_T10000_N3_seed1261,2,1,1261,confirmation,3,1.0,1.0,1.0,0.0,0.0,0.0,0.0,1.0,1.0,0.0
Gemma4-E4B,response_reference_pre_reference_d1,semantic_cue,Gemma4-E4B/native_thinking/v5/V4_4_T10000_N3_seed1261,2,2,1261,confirmation,3,1.0,1.0,1.0,0.0,0.0,0.0,0.0,1.0,1.0,0.0
Gemma4-E4B,response_reference_pre_reference_d1,semantic_cue,Gemma4-E4B/native_thinking/v5/V4_4_T10000_N3_seed1261,2,4,1261,confirmation,3,1.0,1.0,1.0,0.0,0.0,0.0,0.0,1.0,1.0,0.0
Gemma4-E4B,response_reference_pre_reference_d1,semantic_cue,Gemma4-E4B/native_thinking/v5/V4_4_T10000_N3_seed1261,2,8,1261,confirmation,3,1.0,1.0,1.0,0.0,0.0,0.0,0.0,1.0,1.0,0.0
Gemma4-E4B,response_reference_pre_reference_d1,semantic_cue,Gemma4-E4B/native_thinking/v5/V4_4_T10000_N3_seed1261,2,16,1261,confirmation,3,1.0,1.0,1.0,0.0,0.0,0.0,0.0,1.0,1.0,0.0
Gemma4-E4B,response_reference_pre_reference_d1,semantic_cue,Gemma4-E4B/native_thinking/v5/V4_4_T10000_N3_seed1261,2,32,1261,confirmation,3,1.0,0.0,1.0,1.0,0.0,1.0,1.0,0.0,1.0,1.0
Gemma4-E4B,response_reference_pre_reference_d1,semantic_cue,Gemma4-E4B/native_thinking/v5/V4_4_T10000_N3_seed1261,3,1,1261,confirmation,3,1.0,1.0,1.0,0.0,0.0,0.0,0.0,1.0,1.0,0.0
Gemma4-E4B,response_reference_pre_reference_d1,semantic_cue,Gemma4-E4B/native_thinking/v5/V4_4_T10000_N3_seed1261,3,2,1261,confirmation,3,1.0,1.0,1.0,0.0,0.0,0.0,0.0,1.0,1.0,0.0
Gemma4-E4B,response_reference_pre_reference_d1,semantic_cue,Gemma4-E4B/native_thinking/v5/V4_4_T10000_N3_seed1261,3,4,1261,confirmation,3,1.0,1.0,1.0,0.0,0.0,0.0,0.0,1.0,1.0,0.0
Gemma4-E4B,response_reference_pre_reference_d1,semantic_cue,Gemma4-E4B/native_thinking/v5/V4_4_T10000_N3_seed1261,3,8,1261,confirmation,3,1.0,0.0,1.0,1.0,0.0,1.0,1.0,0.0,1.0,1.0
Gemma4-E4B,response_reference_pre_reference_d1,semantic_cue,Gemma4-E4B/native_thinking/v5/V4_4_T10000_N3_seed1261,3,16,1261,confirmation,3,1.0,1.0,1.0,0.0,0.0,0.0,0.0,1.0,1.0,0.0
Gemma4-E4B,response_reference_pre_reference_d1,semantic_cue,Gemma4-E4B/native_thinking/v5/V4_4_T10000_N3_seed1261,3,32,1261,confirmation,3,1.0,0.0,1.0,1.0,0.0,1.0,1.0,0.0,1.0,1.0
Gemma4-E4B,response_reference_pre_reference_d1,semantic_cue,Gemma4-E4B/native_thinking/v5/V4_4_T10000_N3_seed1262,1,1,1262,confirmation,3,1.0,1.0,1.0,0.0,0.0,0.0,0.0,1.0,1.0,0.0
Gemma4-E4B,response_reference_pre_reference_d1,semantic_cue,Gemma4-E4B/native_thinking/v5/V4_4_T10000_N3_seed1262,1,2,1262,confirmation,3,1.0,1.0,1.0,0.0,0.0,0.0,0.0,1.0,1.0,0.0
Gemma4-E4B,response_reference_pre_reference_d1,semantic_cue,Gemma4-E4B/native_thinking/v5/V4_4_T10000_N3_seed1262,1,4,1262,confirmation,3,1.0,1.0,1.0,0.0,0.0,0.0,0.0,1.0,1.0,0.0
Gemma4-E4B,response_reference_pre_reference_d1,semantic_cue,Gemma4-E4B/native_thinking/v5/V4_4_T10000_N3_seed1262,1,8,1262,confirmation,3,1.0,1.0,1.0,0.0,0.0,0.0,0.0,1.0,1.0,0.0
Gemma4-E4B,response_reference_pre_reference_d1,semantic_cue,Gemma4-E4B/native_thinking/v5/V4_4_T10000_N3_seed1262,1,16,1262,confirmation,3,1.0,0.0,1.0,1.0,0.0,1.0,1.0,0.0,1.0,1.0
Gemma4-E4B,response_reference_pre_reference_d1,semantic_cue,Gemma4-E4B/native_thinking/v5/V4_4_T10000_N3_seed1262,1,32,1262,confirmation,3,1.0,0.0,1.0,1.0,0.0,1.0,1.0,0.0,1.0,1.0
Gemma4-E4B,response_reference_pre_reference_d1,semantic_cue,Gemma4-E4B/native_thinking/v5/V4_4_T10000_N3_seed1262,2,1,1262,confirmation,3,1.0,1.0,1.0,0.0,0.0,0.0,0.0,1.0,1.0,0.0
Gemma4-E4B,response_reference_pre_reference_d1,semantic_cue,Gemma4-E4B/native_thinking/v5/V4_4_T10000_N3_seed1262,2,2,1262,confirmation,3,1.0,1.0,1.0,0.0,0.0,0.0,0.0,1.0,1.0,0.0
Gemma4-E4B,response_reference_pre_reference_d1,semantic_cue,Gemma4-E4B/native_thinking/v5/V4_4_T10000_N3_seed1262,2,4,1262,confirmation,3,1.0,1.0,1.0,0.0,0.0,0.0,0.0,1.0,1.0,0.0
Gemma4-E4B,response_reference_pre_reference_d1,semantic_cue,Gemma4-E4B/native_thinking/v5/V4_4_T10000_N3_seed1262,2,8,1262,confirmation,3,1.0,1.0,1.0,0.0,0.0,0.0,0.0,1.0,1.0,0.0
Gemma4-E4B,response_reference_pre_reference_d1,semantic_cue,Gemma4-E4B/native_thinking/v5/V4_4_T10000_N3_seed1262,2,16,1262,confirmation,3,1.0,1.0,1.0,0.0,0.0,0.0,0.0,1.0,1.0,0.0
Gemma4-E4B,response_reference_pre_reference_d1,semantic_cue,Gemma4-E4B/native_thinking/v5/V4_4_T10000_N3_seed1262,2,32,1262,confirmation,3,1.0,0.0,1.0,1.0,0.0,1.0,1.0,0.029411764705882353,1.0,0.9705882352941176
Gemma4-E4B,response_reference_pre_reference_d1,semantic_cue,Gemma4-E4B/native_thinking/v5/V4_4_T10000_N3_seed1262,3,1,1262,confirmation,3,1.0,1.0,1.0,0.0,0.0,0.0,0.0,1.0,1.0,0.0
Gemma4-E4B,response_reference_pre_reference_d1,semantic_cue,Gemma4-E4B/native_thinking/v5/V4_4_T10000_N3_seed1262,3,2,1262,confirmation,3,1.0,1.0,1.0,0.0,0.0,0.0,0.0,1.0,1.0,0.0
Gemma4-E4B,response_reference_pre_reference_d1,semantic_cue,Gemma4-E4B/native_thinking/v5/V4_4_T10000_N3_seed1262,3,4,1262,confirmation,3,1.0,1.0,1.0,0.0,0.0,0.0,0.0,1.0,1.0,0.0
Gemma4-E4B,response_reference_pre_reference_d1,semantic_cue,Gemma4-E4B/native_thinking/v5/V4_4_T10000_N3_seed1262,3,8,1262,confirmation,3,1.0,1.0,1.0,0.0,0.0,0.0,0.0,1.0,1.0,0.0
Gemma4-E4B,response_reference_pre_reference_d1,semantic_cue,Gemma4-E4B/native_thinking/v5/V4_4_T10000_N3_seed1262,3,16,1262,confirmation,3,1.0,1.0,1.0,0.0,0.0,0.0,0.0,1.0,1.0,0.0
Gemma4-E4B,response_reference_pre_reference_d1,semantic_cue,Gemma4-E4B/native_thinking/v5/V4_4_T10000_N3_seed1262,3,32,1262,confirmation,3,1.0,0.0,1.0,1.0,0.0,1.0,1.0,0.030303030303030304,1.0,0.9696969696969697
Gemma4-E4B,response_reference_pre_reference_d1,semantic_cue,Gemma4-E4B/native_thinking/v5/V4_4_T10000_N4_seed1261,1,1,1261,confirmation,4,1.0,1.0,1.0,0.0,0.0,0.0,0.0,1.0,1.0,0.0
Gemma4-E4B,response_reference_pre_reference_d1,semantic_cue,Gemma4-E4B/native_thinking/v5/V4_4_T10000_N4_seed1261,1,2,1261,confirmation,4,1.0,1.0,1.0,0.0,0.0,0.0,0.0,1.0,1.0,0.0
Gemma4-E4B,response_reference_pre_reference_d1,semantic_cue,Gemma4-E4B/native_thinking/v5/V4_4_T10000_N4_seed1261,1,4,1261,confirmation,4,1.0,1.0,1.0,0.0,0.0,0.0,0.0,1.0,1.0,0.0
Gemma4-E4B,response_reference_pre_reference_d1,semantic_cue,Gemma4-E4B/native_thinking/v5/V4_4_T10000_N4_seed1261,1,8,1261,confirmation,4,1.0,1.0,1.0,0.0,0.0,0.0,0.0,1.0,1.0,0.0
Gemma4-E4B,response_reference_pre_reference_d1,semantic_cue,Gemma4-E4B/native_thinking/v5/V4_4_T10000_N4_seed1261,1,16,1261,confirmation,4,1.0,1.0,1.0,0.0,0.0,0.0,0.0,1.0,1.0,0.0
Gemma4-E4B,response_reference_pre_reference_d1,semantic_cue,Gemma4-E4B/native_thinking/v5/V4_4_T10000_N4_seed1261,1,32,1261,confirmation,4,1.0,0.0,1.0,1.0,0.0,1.0,1.0,0.0,1.0,1.0
Gemma4-E4B,response_reference_pre_reference_d1,semantic_cue,Gemma4-E4B/native_thinking/v5/V4_4_T10000_N4_seed1261,2,1,1261,confirmation,4,1.0,1.0,1.0,0.0,0.0,0.0,0.0,1.0,1.0,0.0
Gemma4-E4B,response_reference_pre_reference_d1,semantic_cue,Gemma4-E4B/native_thinking/v5/V4_4_T10000_N4_seed1261,2,2,1261,confirmation,4,1.0,1.0,1.0,0.0,0.0,0.0,0.0,1.0,1.0,0.0
Gemma4-E4B,response_reference_pre_reference_d1,semantic_cue,Gemma4-E4B/native_thinking/v5/V4_4_T10000_N4_seed1261,2,4,1261,confirmation,4,1.0,1.0,1.0,0.0,0.0,0.0,0.0,1.0,1.0,0.0
Gemma4-E4B,response_reference_pre_reference_d1,semantic_cue,Gemma4-E4B/native_thinking/v5/V4_4_T10000_N4_seed1261,2,8,1261,confirmation,4,1.0,1.0,1.0,0.0,0.0,0.0,0.0,1.0,1.0,0.0
Gemma4-E4B,response_reference_pre_reference_d1,semantic_cue,Gemma4-E4B/native_thinking/v5/V4_4_T10000_N4_seed1261,2,16,1261,confirmation,4,1.0,1.0,1.0,0.0,0.0,0.0,0.0,1.0,1.0,0.0
Gemma4-E4B,response_reference_pre_reference_d1,semantic_cue,Gemma4-E4B/native_thinking/v5/V4_4_T10000_N4_seed1261,2,32,1261,confirmation,4,1.0,0.0,1.0,1.0,0.0,1.0,1.0,0.030303030303030304,1.0,0.9696969696969697
Gemma4-E4B,response_reference_pre_reference_d1,semantic_cue,Gemma4-E4B/native_thinking/v5/V4_4_T10000_N4_seed1261,3,1,1261,confirmation,4,1.0,1.0,1.0,0.0,0.0,0.0,0.0,1.0,1.0,0.0
Gemma4-E4B,response_reference_pre_reference_d1,semantic_cue,Gemma4-E4B/native_thinking/v5/V4_4_T10000_N4_seed1261,3,2,1261,confirmation,4,1.0,1.0,1.0,0.0,0.0,0.0,0.0,1.0,1.0,0.0
Gemma4-E4B,response_reference_pre_reference_d1,semantic_cue,Gemma4-E4B/native_thinking/v5/V4_4_T10000_N4_seed1261,3,4,1261,confirmation,4,1.0,1.0,1.0,0.0,0.0,0.0,0.0,1.0,1.0,0.0
Gemma4-E4B,response_reference_pre_reference_d1,semantic_cue,Gemma4-E4B/native_thinking/v5/V4_4_T10000_N4_seed1261,3,8,1261,confirmation,4,1.0,1.0,1.0,0.0,0.0,0.0,0.0,1.0,1.0,0.0
Gemma4-E4B,response_reference_pre_reference_d1,semantic_cue,Gemma4-E4B/native_thinking/v5/V4_4_T10000_N4_seed1261,3,16,1261,confirmation,4,1.0,1.0,1.0,0.0,0.0,0.0,0.0,1.0,1.0,0.0
Gemma4-E4B,response_reference_pre_reference_d1,semantic_cue,Gemma4-E4B/native_thinking/v5/V4_4_T10000_N4_seed1261,3,32,1261,confirmation,4,1.0,0.0,1.0,1.0,0.0,1.0,1.0,0.0,1.0,1.0
Gemma4-E4B,response_reference_pre_reference_d1,semantic_cue,Gemma4-E4B/native_thinking/v5/V4_4_T10000_N4_seed1261,4,1,1261,confirmation,4,1.0,1.0,1.0,0.0,0.0,0.0,0.0,1.0,1.0,0.0
Gemma4-E4B,response_reference_pre_reference_d1,semantic_cue,Gemma4-E4B/native_thinking/v5/V4_4_T10000_N4_seed1261,4,2,1261,confirmation,4,1.0,1.0,1.0,0.0,0.0,0.0,0.0,1.0,1.0,0.0
Gemma4-E4B,response_reference_pre_reference_d1,semantic_cue,Gemma4-E4B/native_thinking/v5/V4_4_T10000_N4_seed1261,4,4,1261,confirmation,4,1.0,1.0,1.0,0.0,0.0,0.0,0.0,1.0,1.0,0.0
Gemma4-E4B,response_reference_pre_reference_d1,semantic_cue,Gemma4-E4B/native_thinking/v5/V4_4_T10000_N4_seed1261,4,8,1261,confirmation,4,1.0,1.0,1.0,0.0,0.0,0.0,0.0,1.0,1.0,0.0
Gemma4-E4B,response_reference_pre_reference_d1,semantic_cue,Gemma4-E4B/native_thinking/v5/V4_4_T10000_N4_seed1261,4,16,1261,confirmation,4,1.0,1.0,1.0,0.0,0.0,0.0,0.0,1.0,1.0,0.0
Gemma4-E4B,response_reference_pre_reference_d1,semantic_cue,Gemma4-E4B/native_thinking/v5/V4_4_T10000_N4_seed1261,4,32,1261,confirmation,4,1.0,0.0,1.0,1.0,0.0,1.0,1.0,0.0,1.0,1.0
Gemma4-E4B,response_reference_pre_reference_d1,semantic_cue,Gemma4-E4B/native_thinking/v5/V4_4_T10000_N5_seed1255,1,1,1255,confirmation,5,1.0,1.0,1.0,0.0,0.0,0.0,0.0,1.0,1.0,0.0
Gemma4-E4B,response_reference_pre_reference_d1,semantic_cue,Gemma4-E4B/native_thinking/v5/V4_4_T10000_N5_seed1255,1,2,1255,confirmation,5,1.0,1.0,1.0,0.0,0.0,0.0,0.0,1.0,1.0,0.0
Gemma4-E4B,response_reference_pre_reference_d1,semantic_cue,Gemma4-E4B/native_thinking/v5/V4_4_T10000_N5_seed1255,1,4,1255,confirmation,5,1.0,1.0,1.0,0.0,0.0,0.0,0.0,1.0,1.0,0.0
Gemma4-E4B,response_reference_pre_reference_d1,semantic_cue,Gemma4-E4B/native_thinking/v5/V4_4_T10000_N5_seed1255,1,8,1255,confirmation,5,1.0,1.0,1.0,0.0,0.0,0.0,0.0,1.0,1.0,0.0
Gemma4-E4B,response_reference_pre_reference_d1,semantic_cue,Gemma4-E4B/native_thinking/v5/V4_4_T10000_N5_seed1255,1,16,1255,confirmation,5,1.0,0.0,1.0,1.0,0.0,1.0,1.0,0.0,1.0,1.0
Gemma4-E4B,response_reference_pre_reference_d1,semantic_cue,Gemma4-E4B/native_thinking/v5/V4_4_T10000_N5_seed1255,1,32,1255,confirmation,5,1.0,0.0,1.0,1.0,0.0,1.0,1.0,0.030303030303030304,1.0,0.9696969696969697
Gemma4-E4B,response_reference_pre_reference_d1,semantic_cue,Gemma4-E4B/native_thinking/v5/V4_4_T10000_N5_seed1255,2,1,1255,confirmation,5,1.0,1.0,1.0,0.0,0.0,0.0,0.0,1.0,1.0,0.0
Gemma4-E4B,response_reference_pre_reference_d1,semantic_cue,Gemma4-E4B/native_thinking/v5/V4_4_T10000_N5_seed1255,2,2,1255,confirmation,5,1.0,1.0,1.0,0.0,0.0,0.0,0.0,1.0,1.0,0.0
Gemma4-E4B,response_reference_pre_reference_d1,semantic_cue,Gemma4-E4B/native_thinking/v5/V4_4_T10000_N5_seed1255,2,4,1255,confirmation,5,1.0,1.0,1.0,0.0,0.0,0.0,0.0,1.0,1.0,0.0
Gemma4-E4B,response_reference_pre_reference_d1,semantic_cue,Gemma4-E4B/native_thinking/v5/V4_4_T10000_N5_seed1255,2,8,1255,confirmation,5,1.0,1.0,1.0,0.0,0.0,0.0,0.0,1.0,1.0,0.0
Gemma4-E4B,response_reference_pre_reference_d1,semantic_cue,Gemma4-E4B/native_thinking/v5/V4_4_T10000_N5_seed1255,2,16,1255,confirmation,5,1.0,0.0,1.0,1.0,0.0,1.0,1.0,0.9705882352941176,1.0,0.02941176470588236
Gemma4-E4B,response_reference_pre_reference_d1,semantic_cue,Gemma4-E4B/native_thinking/v5/V4_4_T10000_N5_seed1255,2,32,1255,confirmation,5,1.0,0.0,1.0,1.0,0.0,1.0,1.0,0.029411764705882353,1.0,0.9705882352941176
Gemma4-E4B,response_reference_pre_reference_d1,semantic_cue,Gemma4-E4B/native_thinking/v5/V4_4_T10000_N5_seed1255,3,1,1255,confirmation,5,1.0,1.0,1.0,0.0,0.0,0.0,0.0,1.0,1.0,0.0
Gemma4-E4B,response_reference_pre_reference_d1,semantic_cue,Gemma4-E4B/native_thinking/v5/V4_4_T10000_N5_seed1255,3,2,1255,confirmation,5,1.0,1.0,1.0,0.0,0.0,0.0,0.0,1.0,1.0,0.0
Gemma4-E4B,response_reference_pre_reference_d1,semantic_cue,Gemma4-E4B/native_thinking/v5/V4_4_T10000_N5_seed1255,3,4,1255,confirmation,5,1.0,1.0,1.0,0.0,0.0,0.0,0.0,1.0,1.0,0.0
Gemma4-E4B,response_reference_pre_reference_d1,semantic_cue,Gemma4-E4B/native_thinking/v5/V4_4_T10000_N5_seed1255,3,8,1255,confirmation,5,1.0,0.0,1.0,1.0,0.0,1.0,1.0,0.0,1.0,1.0
Gemma4-E4B,response_reference_pre_reference_d1,semantic_cue,Gemma4-E4B/native_thinking/v5/V4_4_T10000_N5_seed1255,3,16,1255,confirmation,5,1.0,0.0,1.0,1.0,0.0,1.0,1.0,0.0,1.0,1.0
Gemma4-E4B,response_reference_pre_reference_d1,semantic_cue,Gemma4-E4B/native_thinking/v5/V4_4_T10000_N5_seed1255,3,32,1255,confirmation,5,1.0,0.0,1.0,1.0,0.0,1.0,1.0,0.0,1.0,1.0
Gemma4-E4B,response_reference_pre_reference_d1,semantic_cue,Gemma4-E4B/native_thinking/v5/V4_4_T10000_N5_seed1255,4,1,1255,confirmation,5,1.0,1.0,1.0,0.0,0.0,0.0,0.0,1.0,1.0,0.0
Gemma4-E4B,response_reference_pre_reference_d1,semantic_cue,Gemma4-E4B/native_thinking/v5/V4_4_T10000_N5_seed1255,4,2,1255,confirmation,5,1.0,1.0,1.0,0.0,0.0,0.0,0.0,1.0,1.0,0.0
Gemma4-E4B,response_reference_pre_reference_d1,semantic_cue,Gemma4-E4B/native_thinking/v5/V4_4_T10000_N5_seed1255,4,4,1255,confirmation,5,1.0,1.0,1.0,0.0,0.0,0.0,0.0,1.0,1.0,0.0
Gemma4-E4B,response_reference_pre_reference_d1,semantic_cue,Gemma4-E4B/native_thinking/v5/V4_4_T10000_N5_seed1255,4,8,1255,confirmation,5,1.0,1.0,1.0,0.0,0.0,0.0,0.0,1.0,1.0,0.0
Gemma4-E4B,response_reference_pre_reference_d1,semantic_cue,Gemma4-E4B/native_thinking/v5/V4_4_T10000_N5_seed1255,4,16,1255,confirmation,5,1.0,1.0,1.0,0.0,0.0,0.0,0.0,1.0,1.0,0.0
Gemma4-E4B,response_reference_pre_reference_d1,semantic_cue,Gemma4-E4B/native_thinking/v5/V4_4_T10000_N5_seed1255,4,32,1255,confirmation,5,1.0,0.0,1.0,1.0,0.0,1.0,1.0,0.0,1.0,1.0
Gemma4-E4B,response_reference_pre_reference_d1,semantic_cue,Gemma4-E4B/native_thinking/v5/V4_4_T10000_N5_seed1255,5,1,1255,confirmation,5,1.0,1.0,1.0,0.0,0.0,0.0,0.0,1.0,1.0,0.0
Gemma4-E4B,response_reference_pre_reference_d1,semantic_cue,Gemma4-E4B/native_thinking/v5/V4_4_T10000_N5_seed1255,5,2,1255,confirmation,5,1.0,1.0,1.0,0.0,0.0,0.0,0.0,1.0,1.0,0.0
Gemma4-E4B,response_reference_pre_reference_d1,semantic_cue,Gemma4-E4B/native_thinking/v5/V4_4_T10000_N5_seed1255,5,4,1255,confirmation,5,1.0,1.0,1.0,0.0,0.0,0.0,0.0,1.0,1.0,0.0
Gemma4-E4B,response_reference_pre_reference_d1,semantic_cue,Gemma4-E4B/native_thinking/v5/V4_4_T10000_N5_seed1255,5,8,1255,confirmation,5,1.0,0.0,1.0,1.0,0.0,1.0,1.0,0.0,1.0,1.0
Gemma4-E4B,response_reference_pre_reference_d1,semantic_cue,Gemma4-E4B/native_thinking/v5/V4_4_T10000_N5_seed1255,5,16,1255,confirmation,5,1.0,1.0,1.0,0.0,0.0,0.0,0.0,1.0,1.0,0.0
Gemma4-E4B,response_reference_pre_reference_d1,semantic_cue,Gemma4-E4B/native_thinking/v5/V4_4_T10000_N5_seed1255,5,32,1255,confirmation,5,1.0,0.0,1.0,1.0,0.0,1.0,1.0,0.0,1.0,1.0
Gemma4-E4B,response_reference_pre_reference_d1,semantic_cue,Gemma4-E4B/native_thinking/v5/V4_4_T10000_N5_seed1261,1,1,1261,confirmation,5,1.0,1.0,1.0,0.0,0.0,0.0,0.0,1.0,1.0,0.0
Gemma4-E4B,response_reference_pre_reference_d1,semantic_cue,Gemma4-E4B/native_thinking/v5/V4_4_T10000_N5_seed1261,1,2,1261,confirmation,5,1.0,1.0,1.0,0.0,0.0,0.0,0.0,1.0,1.0,0.0
Gemma4-E4B,response_reference_pre_reference_d1,semantic_cue,Gemma4-E4B/native_thinking/v5/V4_4_T10000_N5_seed1261,1,4,1261,confirmation,5,1.0,1.0,1.0,0.0,0.0,0.0,0.0,1.0,1.0,0.0
Gemma4-E4B,response_reference_pre_reference_d1,semantic_cue,Gemma4-E4B/native_thinking/v5/V4_4_T10000_N5_seed1261,1,8,1261,confirmation,5,1.0,0.0,0.6666666666666666,1.0,0.3333333333333333,0.6666666666666667,0.6666666666666667,0.7096774193548387,0.903225806451613,0.19354838709677424
Gemma4-E4B,response_reference_pre_reference_d1,semantic_cue,Gemma4-E4B/native_thinking/v5/V4_4_T10000_N5_seed1261,1,16,1261,confirmation,5,1.0,0.0,0.0,1.0,1.0,0.0,0.0,0.06451612903225806,0.7096774193548386,0.6451612903225805
Gemma4-E4B,response_reference_pre_reference_d1,semantic_cue,Gemma4-E4B/native_thinking/v5/V4_4_T10000_N5_seed1261,1,32,1261,confirmation,5,1.0,0.0,0.0,1.0,1.0,0.0,0.0,0.16129032258064516,0.7096774193548386,0.5483870967741935
Gemma4-E4B,response_reference_pre_reference_d1,semantic_cue,Gemma4-E4B/native_thinking/v5/V4_4_T10000_N5_seed1261,2,1,1261,confirmation,5,1.0,1.0,1.0,0.0,0.0,0.0,0.0,1.0,1.0,0.0
Gemma4-E4B,response_reference_pre_reference_d1,semantic_cue,Gemma4-E4B/native_thinking/v5/V4_4_T10000_N5_seed1261,2,2,1261,confirmation,5,1.0,1.0,1.0,0.0,0.0,0.0,0.0,1.0,1.0,0.0
Gemma4-E4B,response_reference_pre_reference_d1,semantic_cue,Gemma4-E4B/native_thinking/v5/V4_4_T10000_N5_seed1261,2,4,1261,confirmation,5,1.0,1.0,1.0,0.0,0.0,0.0,0.0,1.0,1.0,0.0
Gemma4-E4B,response_reference_pre_reference_d1,semantic_cue,Gemma4-E4B/native_thinking/v5/V4_4_T10000_N5_seed1261,2,8,1261,confirmation,5,1.0,1.0,1.0,0.0,0.0,0.0,0.0,1.0,1.0,0.0
Gemma4-E4B,response_reference_pre_reference_d1,semantic_cue,Gemma4-E4B/native_thinking/v5/V4_4_T10000_N5_seed1261,2,16,1261,confirmation,5,1.0,1.0,1.0,0.0,0.0,0.0,0.0,1.0,1.0,0.0
Gemma4-E4B,response_reference_pre_reference_d1,semantic_cue,Gemma4-E4B/native_thinking/v5/V4_4_T10000_N5_seed1261,2,32,1261,confirmation,5,1.0,0.0,1.0,1.0,0.0,1.0,1.0,0.030303030303030304,1.0,0.9696969696969697
Gemma4-E4B,response_reference_pre_reference_d1,semantic_cue,Gemma4-E4B/native_thinking/v5/V4_4_T10000_N5_seed1261,3,1,1261,confirmation,5,1.0,1.0,1.0,0.0,0.0,0.0,0.0,1.0,1.0,0.0
Gemma4-E4B,response_reference_pre_reference_d1,semantic_cue,Gemma4-E4B/native_thinking/v5/V4_4_T10000_N5_seed1261,3,2,1261,confirmation,5,1.0,1.0,1.0,0.0,0.0,0.0,0.0,1.0,1.0,0.0
Gemma4-E4B,response_reference_pre_reference_d1,semantic_cue,Gemma4-E4B/native_thinking/v5/V4_4_T10000_N5_seed1261,3,4,1261,confirmation,5,1.0,1.0,1.0,0.0,0.0,0.0,0.0,1.0,1.0,0.0
Gemma4-E4B,response_reference_pre_reference_d1,semantic_cue,Gemma4-E4B/native_thinking/v5/V4_4_T10000_N5_seed1261,3,8,1261,confirmation,5,1.0,1.0,1.0,0.0,0.0,0.0,0.0,1.0,1.0,0.0
Gemma4-E4B,response_reference_pre_reference_d1,semantic_cue,Gemma4-E4B/native_thinking/v5/V4_4_T10000_N5_seed1261,3,16,1261,confirmation,5,1.0,1.0,1.0,0.0,0.0,0.0,0.0,1.0,1.0,0.0
Gemma4-E4B,response_reference_pre_reference_d1,semantic_cue,Gemma4-E4B/native_thinking/v5/V4_4_T10000_N5_seed1261,3,32,1261,confirmation,5,1.0,0.0,1.0,1.0,0.0,1.0,1.0,0.0,1.0,1.0
Gemma4-E4B,response_reference_pre_reference_d1,semantic_cue,Gemma4-E4B/native_thinking/v5/V4_4_T10000_N5_seed1261,4,1,1261,confirmation,5,1.0,1.0,1.0,0.0,0.0,0.0,0.0,1.0,1.0,0.0
Gemma4-E4B,response_reference_pre_reference_d1,semantic_cue,Gemma4-E4B/native_thinking/v5/V4_4_T10000_N5_seed1261,4,2,1261,confirmation,5,1.0,1.0,1.0,0.0,0.0,0.0,0.0,1.0,1.0,0.0
Gemma4-E4B,response_reference_pre_reference_d1,semantic_cue,Gemma4-E4B/native_thinking/v5/V4_4_T10000_N5_seed1261,4,4,1261,confirmation,5,1.0,1.0,1.0,0.0,0.0,0.0,0.0,1.0,1.0,0.0
Gemma4-E4B,response_reference_pre_reference_d1,semantic_cue,Gemma4-E4B/native_thinking/v5/V4_4_T10000_N5_seed1261,4,8,1261,confirmation,5,1.0,1.0,1.0,0.0,0.0,0.0,0.0,1.0,1.0,0.0
Gemma4-E4B,response_reference_pre_reference_d1,semantic_cue,Gemma4-E4B/native_thinking/v5/V4_4_T10000_N5_seed1261,4,16,1261,confirmation,5,1.0,1.0,1.0,0.0,0.0,0.0,0.0,1.0,1.0,0.0
Gemma4-E4B,response_reference_pre_reference_d1,semantic_cue,Gemma4-E4B/native_thinking/v5/V4_4_T10000_N5_seed1261,4,32,1261,confirmation,5,1.0,0.0,1.0,1.0,0.0,1.0,1.0,0.0,1.0,1.0
Gemma4-E4B,response_reference_pre_reference_d1,semantic_cue,Gemma4-E4B/native_thinking/v5/V4_4_T10000_N5_seed1261,5,1,1261,confirmation,5,1.0,1.0,1.0,0.0,0.0,0.0,0.0,1.0,1.0,0.0
Gemma4-E4B,response_reference_pre_reference_d1,semantic_cue,Gemma4-E4B/native_thinking/v5/V4_4_T10000_N5_seed1261,5,2,1261,confirmation,5,1.0,1.0,1.0,0.0,0.0,0.0,0.0,1.0,1.0,0.0
Gemma4-E4B,response_reference_pre_reference_d1,semantic_cue,Gemma4-E4B/native_thinking/v5/V4_4_T10000_N5_seed1261,5,4,1261,confirmation,5,1.0,1.0,1.0,0.0,0.0,0.0,0.0,1.0,1.0,0.0
Gemma4-E4B,response_reference_pre_reference_d1,semantic_cue,Gemma4-E4B/native_thinking/v5/V4_4_T10000_N5_seed1261,5,8,1261,confirmation,5,1.0,0.0,1.0,1.0,0.0,1.0,1.0,0.0,1.0,1.0
Gemma4-E4B,response_reference_pre_reference_d1,semantic_cue,Gemma4-E4B/native_thinking/v5/V4_4_T10000_N5_seed1261,5,16,1261,confirmation,5,1.0,0.0,1.0,1.0,0.0,1.0,1.0,0.0,1.0,1.0
Gemma4-E4B,response_reference_pre_reference_d1,semantic_cue,Gemma4-E4B/native_thinking/v5/V4_4_T10000_N5_seed1261,5,32,1261,confirmation,5,1.0,0.0,1.0,1.0,0.0,1.0,1.0,0.0,1.0,1.0
Gemma4-E4B,response_reference_pre_reference_d1,semantic_cue,Gemma4-E4B/native_thinking/v5/V4_4_T10000_N6_seed1254,1,1,1254,confirmation,6,1.0,1.0,1.0,0.0,0.0,0.0,0.0,1.0,1.0,0.0
Gemma4-E4B,response_reference_pre_reference_d1,semantic_cue,Gemma4-E4B/native_thinking/v5/V4_4_T10000_N6_seed1254,1,2,1254,confirmation,6,1.0,1.0,1.0,0.0,0.0,0.0,0.0,1.0,1.0,0.0
Gemma4-E4B,response_reference_pre_reference_d1,semantic_cue,Gemma4-E4B/native_thinking/v5/V4_4_T10000_N6_seed1254,1,4,1254,confirmation,6,1.0,1.0,1.0,0.0,0.0,0.0,0.0,1.0,1.0,0.0
Gemma4-E4B,response_reference_pre_reference_d1,semantic_cue,Gemma4-E4B/native_thinking/v5/V4_4_T10000_N6_seed1254,1,8,1254,confirmation,6,1.0,1.0,1.0,0.0,0.0,0.0,0.0,1.0,1.0,0.0
Gemma4-E4B,response_reference_pre_reference_d1,semantic_cue,Gemma4-E4B/native_thinking/v5/V4_4_T10000_N6_seed1254,1,16,1254,confirmation,6,1.0,0.0,1.0,1.0,0.0,1.0,1.0,0.06060606060606061,1.0,0.9393939393939394
Gemma4-E4B,response_reference_pre_reference_d1,semantic_cue,Gemma4-E4B/native_thinking/v5/V4_4_T10000_N6_seed1254,1,32,1254,confirmation,6,1.0,0.0,1.0,1.0,0.0,1.0,1.0,0.0,1.0,1.0
Gemma4-E4B,response_reference_pre_reference_d1,semantic_cue,Gemma4-E4B/native_thinking/v5/V4_4_T10000_N6_seed1254,2,1,1254,confirmation,6,1.0,1.0,1.0,0.0,0.0,0.0,0.0,1.0,1.0,0.0
Gemma4-E4B,response_reference_pre_reference_d1,semantic_cue,Gemma4-E4B/native_thinking/v5/V4_4_T10000_N6_seed1254,2,2,1254,confirmation,6,1.0,1.0,1.0,0.0,0.0,0.0,0.0,1.0,1.0,0.0
Gemma4-E4B,response_reference_pre_reference_d1,semantic_cue,Gemma4-E4B/native_thinking/v5/V4_4_T10000_N6_seed1254,2,4,1254,confirmation,6,1.0,1.0,1.0,0.0,0.0,0.0,0.0,1.0,1.0,0.0
Gemma4-E4B,response_reference_pre_reference_d1,semantic_cue,Gemma4-E4B/native_thinking/v5/V4_4_T10000_N6_seed1254,2,8,1254,confirmation,6,1.0,1.0,1.0,0.0,0.0,0.0,0.0,1.0,1.0,0.0
Gemma4-E4B,response_reference_pre_reference_d1,semantic_cue,Gemma4-E4B/native_thinking/v5/V4_4_T10000_N6_seed1254,2,16,1254,confirmation,6,1.0,0.0,1.0,1.0,0.0,1.0,1.0,0.967741935483871,1.0,0.032258064516129004
Gemma4-E4B,response_reference_pre_reference_d1,semantic_cue,Gemma4-E4B/native_thinking/v5/V4_4_T10000_N6_seed1254,2,32,1254,confirmation,6,1.0,0.0,1.0,1.0,0.0,1.0,1.0,0.0,1.0,1.0
Gemma4-E4B,response_reference_pre_reference_d1,semantic_cue,Gemma4-E4B/native_thinking/v5/V4_4_T10000_N6_seed1254,3,1,1254,confirmation,6,1.0,1.0,1.0,0.0,0.0,0.0,0.0,1.0,1.0,0.0
Gemma4-E4B,response_reference_pre_reference_d1,semantic_cue,Gemma4-E4B/native_thinking/v5/V4_4_T10000_N6_seed1254,3,2,1254,confirmation,6,1.0,1.0,1.0,0.0,0.0,0.0,0.0,1.0,1.0,0.0
Gemma4-E4B,response_reference_pre_reference_d1,semantic_cue,Gemma4-E4B/native_thinking/v5/V4_4_T10000_N6_seed1254,3,4,1254,confirmation,6,1.0,1.0,1.0,0.0,0.0,0.0,0.0,1.0,1.0,0.0
Gemma4-E4B,response_reference_pre_reference_d1,semantic_cue,Gemma4-E4B/native_thinking/v5/V4_4_T10000_N6_seed1254,3,8,1254,confirmation,6,1.0,1.0,1.0,0.0,0.0,0.0,0.0,1.0,1.0,0.0
Gemma4-E4B,response_reference_pre_reference_d1,semantic_cue,Gemma4-E4B/native_thinking/v5/V4_4_T10000_N6_seed1254,3,16,1254,confirmation,6,1.0,1.0,1.0,0.0,0.0,0.0,0.0,1.0,1.0,0.0
Gemma4-E4B,response_reference_pre_reference_d1,semantic_cue,Gemma4-E4B/native_thinking/v5/V4_4_T10000_N6_seed1254,3,32,1254,confirmation,6,1.0,0.0,1.0,1.0,0.0,1.0,1.0,0.03225806451612903,1.0,0.967741935483871
Gemma4-E4B,response_reference_pre_reference_d1,semantic_cue,Gemma4-E4B/native_thinking/v5/V4_4_T10000_N6_seed1254,4,1,1254,confirmation,6,1.0,1.0,1.0,0.0,0.0,0.0,0.0,1.0,1.0,0.0
Gemma4-E4B,response_reference_pre_reference_d1,semantic_cue,Gemma4-E4B/native_thinking/v5/V4_4_T10000_N6_seed1254,4,2,1254,confirmation,6,1.0,1.0,1.0,0.0,0.0,0.0,0.0,1.0,1.0,0.0
Gemma4-E4B,response_reference_pre_reference_d1,semantic_cue,Gemma4-E4B/native_thinking/v5/V4_4_T10000_N6_seed1254,4,4,1254,confirmation,6,1.0,1.0,1.0,0.0,0.0,0.0,0.0,1.0,1.0,0.0
Gemma4-E4B,response_reference_pre_reference_d1,semantic_cue,Gemma4-E4B/native_thinking/v5/V4_4_T10000_N6_seed1254,4,8,1254,confirmation,6,1.0,1.0,1.0,0.0,0.0,0.0,0.0,1.0,1.0,0.0
Gemma4-E4B,response_reference_pre_reference_d1,semantic_cue,Gemma4-E4B/native_thinking/v5/V4_4_T10000_N6_seed1254,4,16,1254,confirmation,6,1.0,1.0,1.0,0.0,0.0,0.0,0.0,1.0,1.0,0.0
Gemma4-E4B,response_reference_pre_reference_d1,semantic_cue,Gemma4-E4B/native_thinking/v5/V4_4_T10000_N6_seed1254,4,32,1254,confirmation,6,1.0,0.0,1.0,1.0,0.0,1.0,1.0,0.967741935483871,1.0,0.032258064516129004
Gemma4-E4B,response_reference_pre_reference_d1,semantic_cue,Gemma4-E4B/native_thinking/v5/V4_4_T10000_N6_seed1254,5,1,1254,confirmation,6,1.0,1.0,1.0,0.0,0.0,0.0,0.0,1.0,1.0,0.0
Gemma4-E4B,response_reference_pre_reference_d1,semantic_cue,Gemma4-E4B/native_thinking/v5/V4_4_T10000_N6_seed1254,5,2,1254,confirmation,6,1.0,1.0,1.0,0.0,0.0,0.0,0.0,1.0,1.0,0.0
Gemma4-E4B,response_reference_pre_reference_d1,semantic_cue,Gemma4-E4B/native_thinking/v5/V4_4_T10000_N6_seed1254,5,4,1254,confirmation,6,1.0,1.0,1.0,0.0,0.0,0.0,0.0,1.0,1.0,0.0
Gemma4-E4B,response_reference_pre_reference_d1,semantic_cue,Gemma4-E4B/native_thinking/v5/V4_4_T10000_N6_seed1254,5,8,1254,confirmation,6,1.0,1.0,1.0,0.0,0.0,0.0,0.0,1.0,1.0,0.0
Gemma4-E4B,response_reference_pre_reference_d1,semantic_cue,Gemma4-E4B/native_thinking/v5/V4_4_T10000_N6_seed1254,5,16,1254,confirmation,6,1.0,1.0,1.0,0.0,0.0,0.0,0.0,1.0,1.0,0.0
Gemma4-E4B,response_reference_pre_reference_d1,semantic_cue,Gemma4-E4B/native_thinking/v5/V4_4_T10000_N6_seed1254,5,32,1254,confirmation,6,1.0,0.0,1.0,1.0,0.0,1.0,1.0,0.9696969696969697,1.0,0.030303030303030276
Gemma4-E4B,response_reference_pre_reference_d1,semantic_cue,Gemma4-E4B/native_thinking/v5/V4_4_T10000_N6_seed1254,6,1,1254,confirmation,6,1.0,1.0,1.0,0.0,0.0,0.0,0.0,1.0,1.0,0.0
Gemma4-E4B,response_reference_pre_reference_d1,semantic_cue,Gemma4-E4B/native_thinking/v5/V4_4_T10000_N6_seed1254,6,2,1254,confirmation,6,1.0,1.0,1.0,0.0,0.0,0.0,0.0,1.0,1.0,0.0
Gemma4-E4B,response_reference_pre_reference_d1,semantic_cue,Gemma4-E4B/native_thinking/v5/V4_4_T10000_N6_seed1254,6,4,1254,confirmation,6,1.0,1.0,1.0,0.0,0.0,0.0,0.0,1.0,1.0,0.0
Gemma4-E4B,response_reference_pre_reference_d1,semantic_cue,Gemma4-E4B/native_thinking/v5/V4_4_T10000_N6_seed1254,6,8,1254,confirmation,6,1.0,1.0,1.0,0.0,0.0,0.0,0.0,1.0,1.0,0.0
Gemma4-E4B,response_reference_pre_reference_d1,semantic_cue,Gemma4-E4B/native_thinking/v5/V4_4_T10000_N6_seed1254,6,16,1254,confirmation,6,1.0,1.0,1.0,0.0,0.0,0.0,0.0,1.0,1.0,0.0
Gemma4-E4B,response_reference_pre_reference_d1,semantic_cue,Gemma4-E4B/native_thinking/v5/V4_4_T10000_N6_seed1254,6,32,1254,confirmation,6,1.0,0.0,1.0,1.0,0.0,1.0,1.0,0.967741935483871,1.0,0.032258064516129004
Gemma4-E4B,response_reference_pre_reference_d1,semantic_cue,Gemma4-E4B/native_thinking/v5/V4_4_T10000_N6_seed1255,1,1,1255,confirmation,6,1.0,1.0,1.0,0.0,0.0,0.0,0.0,1.0,1.0,0.0
Gemma4-E4B,response_reference_pre_reference_d1,semantic_cue,Gemma4-E4B/native_thinking/v5/V4_4_T10000_N6_seed1255,1,2,1255,confirmation,6,1.0,1.0,1.0,0.0,0.0,0.0,0.0,1.0,1.0,0.0
Gemma4-E4B,response_reference_pre_reference_d1,semantic_cue,Gemma4-E4B/native_thinking/v5/V4_4_T10000_N6_seed1255,1,4,1255,confirmation,6,1.0,1.0,1.0,0.0,0.0,0.0,0.0,1.0,1.0,0.0
Gemma4-E4B,response_reference_pre_reference_d1,semantic_cue,Gemma4-E4B/native_thinking/v5/V4_4_T10000_N6_seed1255,1,8,1255,confirmation,6,1.0,1.0,0.0,0.0,1.0,-1.0,-1.0,1.0,0.06451612903225806,-0.935483870967742
Gemma4-E4B,response_reference_pre_reference_d1,semantic_cue,Gemma4-E4B/native_thinking/v5/V4_4_T10000_N6_seed1255,1,16,1255,confirmation,6,1.0,0.0,1.0,1.0,0.0,1.0,1.0,0.0,1.0,1.0
Gemma4-E4B,response_reference_pre_reference_d1,semantic_cue,Gemma4-E4B/native_thinking/v5/V4_4_T10000_N6_seed1255,1,32,1255,confirmation,6,1.0,0.0,1.0,1.0,0.0,1.0,1.0,0.06451612903225806,1.0,0.935483870967742
Gemma4-E4B,response_reference_pre_reference_d1,semantic_cue,Gemma4-E4B/native_thinking/v5/V4_4_T10000_N6_seed1255,2,1,1255,confirmation,6,1.0,1.0,1.0,0.0,0.0,0.0,0.0,1.0,1.0,0.0
Gemma4-E4B,response_reference_pre_reference_d1,semantic_cue,Gemma4-E4B/native_thinking/v5/V4_4_T10000_N6_seed1255,2,2,1255,confirmation,6,1.0,1.0,1.0,0.0,0.0,0.0,0.0,1.0,1.0,0.0
Gemma4-E4B,response_reference_pre_reference_d1,semantic_cue,Gemma4-E4B/native_thinking/v5/V4_4_T10000_N6_seed1255,2,4,1255,confirmation,6,1.0,1.0,0.6666666666666666,0.0,0.3333333333333333,-0.3333333333333333,-0.3333333333333333,1.0,0.6767676767676768,-0.3232323232323232
Gemma4-E4B,response_reference_pre_reference_d1,semantic_cue,Gemma4-E4B/native_thinking/v5/V4_4_T10000_N6_seed1255,2,8,1255,confirmation,6,1.0,0.0,0.0,1.0,1.0,0.0,0.0,0.030303030303030304,0.030303030303030304,0.0
Gemma4-E4B,response_reference_pre_reference_d1,semantic_cue,Gemma4-E4B/native_thinking/v5/V4_4_T10000_N6_seed1255,2,16,1255,confirmation,6,1.0,0.0,0.6666666666666666,1.0,0.3333333333333333,0.6666666666666667,0.6666666666666667,0.0,0.6767676767676768,0.6767676767676768
Gemma4-E4B,response_reference_pre_reference_d1,semantic_cue,Gemma4-E4B/native_thinking/v5/V4_4_T10000_N6_seed1255,2,32,1255,confirmation,6,1.0,0.0,1.0,1.0,0.0,1.0,1.0,0.030303030303030304,1.0,0.9696969696969697
Gemma4-E4B,response_reference_pre_reference_d1,semantic_cue,Gemma4-E4B/native_thinking/v5/V4_4_T10000_N6_seed1255,3,1,1255,confirmation,6,1.0,1.0,1.0,0.0,0.0,0.0,0.0,1.0,1.0,0.0
Gemma4-E4B,response_reference_pre_reference_d1,semantic_cue,Gemma4-E4B/native_thinking/v5/V4_4_T10000_N6_seed1255,3,2,1255,confirmation,6,1.0,1.0,1.0,0.0,0.0,0.0,0.0,1.0,1.0,0.0
Gemma4-E4B,response_reference_pre_reference_d1,semantic_cue,Gemma4-E4B/native_thinking/v5/V4_4_T10000_N6_seed1255,3,4,1255,confirmation,6,1.0,1.0,0.6666666666666666,0.0,0.3333333333333333,-0.3333333333333333,-0.3333333333333333,1.0,0.6774193548387096,-0.32258064516129037
Gemma4-E4B,response_reference_pre_reference_d1,semantic_cue,Gemma4-E4B/native_thinking/v5/V4_4_T10000_N6_seed1255,3,8,1255,confirmation,6,1.0,0.0,1.0,1.0,0.0,1.0,1.0,0.0,1.0,1.0
Gemma4-E4B,response_reference_pre_reference_d1,semantic_cue,Gemma4-E4B/native_thinking/v5/V4_4_T10000_N6_seed1255,3,16,1255,confirmation,6,1.0,0.0,1.0,1.0,0.0,1.0,1.0,0.0,1.0,1.0
Gemma4-E4B,response_reference_pre_reference_d1,semantic_cue,Gemma4-E4B/native_thinking/v5/V4_4_T10000_N6_seed1255,3,32,1255,confirmation,6,1.0,0.0,1.0,1.0,0.0,1.0,1.0,0.0,1.0,1.0
Gemma4-E4B,response_reference_pre_reference_d1,semantic_cue,Gemma4-E4B/native_thinking/v5/V4_4_T10000_N6_seed1255,4,1,1255,confirmation,6,1.0,1.0,1.0,0.0,0.0,0.0,0.0,1.0,1.0,0.0
Gemma4-E4B,response_reference_pre_reference_d1,semantic_cue,Gemma4-E4B/native_thinking/v5/V4_4_T10000_N6_seed1255,4,2,1255,confirmation,6,1.0,1.0,1.0,0.0,0.0,0.0,0.0,1.0,1.0,0.0
Gemma4-E4B,response_reference_pre_reference_d1,semantic_cue,Gemma4-E4B/native_thinking/v5/V4_4_T10000_N6_seed1255,4,4,1255,confirmation,6,1.0,1.0,1.0,0.0,0.0,0.0,0.0,1.0,1.0,0.0
Gemma4-E4B,response_reference_pre_reference_d1,semantic_cue,Gemma4-E4B/native_thinking/v5/V4_4_T10000_N6_seed1255,4,8,1255,confirmation,6,1.0,0.0,1.0,1.0,0.0,1.0,1.0,0.0,1.0,1.0
Gemma4-E4B,response_reference_pre_reference_d1,semantic_cue,Gemma4-E4B/native_thinking/v5/V4_4_T10000_N6_seed1255,4,16,1255,confirmation,6,1.0,0.0,1.0,1.0,0.0,1.0,1.0,0.0,1.0,1.0
Gemma4-E4B,response_reference_pre_reference_d1,semantic_cue,Gemma4-E4B/native_thinking/v5/V4_4_T10000_N6_seed1255,4,32,1255,confirmation,6,1.0,0.0,1.0,1.0,0.0,1.0,1.0,0.0,1.0,1.0
Gemma4-E4B,response_reference_pre_reference_d1,semantic_cue,Gemma4-E4B/native_thinking/v5/V4_4_T10000_N6_seed1255,5,1,1255,confirmation,6,1.0,1.0,1.0,0.0,0.0,0.0,0.0,1.0,1.0,0.0
Gemma4-E4B,response_reference_pre_reference_d1,semantic_cue,Gemma4-E4B/native_thinking/v5/V4_4_T10000_N6_seed1255,5,2,1255,confirmation,6,1.0,1.0,1.0,0.0,0.0,0.0,0.0,1.0,1.0,0.0
Gemma4-E4B,response_reference_pre_reference_d1,semantic_cue,Gemma4-E4B/native_thinking/v5/V4_4_T10000_N6_seed1255,5,4,1255,confirmation,6,1.0,1.0,1.0,0.0,0.0,0.0,0.0,1.0,1.0,0.0
Gemma4-E4B,response_reference_pre_reference_d1,semantic_cue,Gemma4-E4B/native_thinking/v5/V4_4_T10000_N6_seed1255,5,8,1255,confirmation,6,1.0,0.0,1.0,1.0,0.0,1.0,1.0,0.0,1.0,1.0
Gemma4-E4B,response_reference_pre_reference_d1,semantic_cue,Gemma4-E4B/native_thinking/v5/V4_4_T10000_N6_seed1255,5,16,1255,confirmation,6,1.0,1.0,1.0,0.0,0.0,0.0,0.0,1.0,1.0,0.0
Gemma4-E4B,response_reference_pre_reference_d1,semantic_cue,Gemma4-E4B/native_thinking/v5/V4_4_T10000_N6_seed1255,5,32,1255,confirmation,6,1.0,0.0,1.0,1.0,0.0,1.0,1.0,0.0,1.0,1.0
Gemma4-E4B,response_reference_pre_reference_d1,semantic_cue,Gemma4-E4B/native_thinking/v5/V4_4_T10000_N6_seed1255,6,1,1255,confirmation,6,1.0,1.0,1.0,0.0,0.0,0.0,0.0,1.0,1.0,0.0
Gemma4-E4B,response_reference_pre_reference_d1,semantic_cue,Gemma4-E4B/native_thinking/v5/V4_4_T10000_N6_seed1255,6,2,1255,confirmation,6,1.0,1.0,1.0,0.0,0.0,0.0,0.0,1.0,1.0,0.0
Gemma4-E4B,response_reference_pre_reference_d1,semantic_cue,Gemma4-E4B/native_thinking/v5/V4_4_T10000_N6_seed1255,6,4,1255,confirmation,6,1.0,0.0,1.0,1.0,0.0,1.0,1.0,0.0,1.0,1.0
Gemma4-E4B,response_reference_pre_reference_d1,semantic_cue,Gemma4-E4B/native_thinking/v5/V4_4_T10000_N6_seed1255,6,8,1255,confirmation,6,1.0,0.0,1.0,1.0,0.0,1.0,1.0,0.0,1.0,1.0
Gemma4-E4B,response_reference_pre_reference_d1,semantic_cue,Gemma4-E4B/native_thinking/v5/V4_4_T10000_N6_seed1255,6,16,1255,confirmation,6,1.0,0.0,1.0,1.0,0.0,1.0,1.0,0.0,1.0,1.0
Gemma4-E4B,response_reference_pre_reference_d1,semantic_cue,Gemma4-E4B/native_thinking/v5/V4_4_T10000_N6_seed1255,6,32,1255,confirmation,6,1.0,0.0,1.0,1.0,0.0,1.0,1.0,0.0,1.0,1.0
Gemma4-E4B,response_reference_pre_reference_d1,semantic_cue,Gemma4-E4B/native_thinking/v5/V4_4_T10000_N7_seed1255,1,1,1255,confirmation,7,1.0,1.0,1.0,0.0,0.0,0.0,0.0,1.0,1.0,0.0
Gemma4-E4B,response_reference_pre_reference_d1,semantic_cue,Gemma4-E4B/native_thinking/v5/V4_4_T10000_N7_seed1255,1,2,1255,confirmation,7,1.0,1.0,1.0,0.0,0.0,0.0,0.0,1.0,1.0,0.0
Gemma4-E4B,response_reference_pre_reference_d1,semantic_cue,Gemma4-E4B/native_thinking/v5/V4_4_T10000_N7_seed1255,1,4,1255,confirmation,7,1.0,1.0,1.0,0.0,0.0,0.0,0.0,1.0,1.0,0.0
Gemma4-E4B,response_reference_pre_reference_d1,semantic_cue,Gemma4-E4B/native_thinking/v5/V4_4_T10000_N7_seed1255,1,8,1255,confirmation,7,1.0,1.0,0.0,0.0,1.0,-1.0,-1.0,1.0,0.06451612903225806,-0.935483870967742
Gemma4-E4B,response_reference_pre_reference_d1,semantic_cue,Gemma4-E4B/native_thinking/v5/V4_4_T10000_N7_seed1255,1,16,1255,confirmation,7,1.0,0.0,0.6666666666666666,1.0,0.3333333333333333,0.6666666666666667,0.6666666666666667,0.0,0.6881720430107526,0.6881720430107526
Gemma4-E4B,response_reference_pre_reference_d1,semantic_cue,Gemma4-E4B/native_thinking/v5/V4_4_T10000_N7_seed1255,1,32,1255,confirmation,7,1.0,0.0,1.0,1.0,0.0,1.0,1.0,0.0967741935483871,1.0,0.9032258064516129
Gemma4-E4B,response_reference_pre_reference_d1,semantic_cue,Gemma4-E4B/native_thinking/v5/V4_4_T10000_N7_seed1255,2,1,1255,confirmation,7,1.0,1.0,1.0,0.0,0.0,0.0,0.0,1.0,1.0,0.0
Gemma4-E4B,response_reference_pre_reference_d1,semantic_cue,Gemma4-E4B/native_thinking/v5/V4_4_T10000_N7_seed1255,2,2,1255,confirmation,7,1.0,1.0,1.0,0.0,0.0,0.0,0.0,1.0,1.0,0.0
Gemma4-E4B,response_reference_pre_reference_d1,semantic_cue,Gemma4-E4B/native_thinking/v5/V4_4_T10000_N7_seed1255,2,4,1255,confirmation,7,1.0,1.0,0.6666666666666666,0.0,0.3333333333333333,-0.3333333333333333,-0.3333333333333333,1.0,0.6767676767676768,-0.3232323232323232
Gemma4-E4B,response_reference_pre_reference_d1,semantic_cue,Gemma4-E4B/native_thinking/v5/V4_4_T10000_N7_seed1255,2,8,1255,confirmation,7,1.0,0.0,0.0,1.0,1.0,0.0,0.0,0.030303030303030304,0.030303030303030304,0.0
Gemma4-E4B,response_reference_pre_reference_d1,semantic_cue,Gemma4-E4B/native_thinking/v5/V4_4_T10000_N7_seed1255,2,16,1255,confirmation,7,1.0,0.0,0.6666666666666666,1.0,0.3333333333333333,0.6666666666666667,0.6666666666666667,0.0,0.6767676767676768,0.6767676767676768
Gemma4-E4B,response_reference_pre_reference_d1,semantic_cue,Gemma4-E4B/native_thinking/v5/V4_4_T10000_N7_seed1255,2,32,1255,confirmation,7,1.0,0.0,1.0,1.0,0.0,1.0,1.0,0.030303030303030304,1.0,0.9696969696969697
Gemma4-E4B,response_reference_pre_reference_d1,semantic_cue,Gemma4-E4B/native_thinking/v5/V4_4_T10000_N7_seed1255,3,1,1255,confirmation,7,1.0,1.0,1.0,0.0,0.0,0.0,0.0,1.0,1.0,0.0
Gemma4-E4B,response_reference_pre_reference_d1,semantic_cue,Gemma4-E4B/native_thinking/v5/V4_4_T10000_N7_seed1255,3,2,1255,confirmation,7,1.0,1.0,1.0,0.0,0.0,0.0,0.0,1.0,1.0,0.0
Gemma4-E4B,response_reference_pre_reference_d1,semantic_cue,Gemma4-E4B/native_thinking/v5/V4_4_T10000_N7_seed1255,3,4,1255,confirmation,7,1.0,1.0,0.3333333333333333,0.0,0.6666666666666666,-0.6666666666666666,-0.6666666666666666,1.0,0.3548387096774193,-0.6451612903225807
Gemma4-E4B,response_reference_pre_reference_d1,semantic_cue,Gemma4-E4B/native_thinking/v5/V4_4_T10000_N7_seed1255,3,8,1255,confirmation,7,1.0,0.0,1.0,1.0,0.0,1.0,1.0,0.0,1.0,1.0
Gemma4-E4B,response_reference_pre_reference_d1,semantic_cue,Gemma4-E4B/native_thinking/v5/V4_4_T10000_N7_seed1255,3,16,1255,confirmation,7,1.0,0.0,1.0,1.0,0.0,1.0,1.0,0.0,1.0,1.0
Gemma4-E4B,response_reference_pre_reference_d1,semantic_cue,Gemma4-E4B/native_thinking/v5/V4_4_T10000_N7_seed1255,3,32,1255,confirmation,7,1.0,0.0,1.0,1.0,0.0,1.0,1.0,0.0,1.0,1.0
Gemma4-E4B,response_reference_pre_reference_d1,semantic_cue,Gemma4-E4B/native_thinking/v5/V4_4_T10000_N7_seed1255,4,1,1255,confirmation,7,1.0,1.0,1.0,0.0,0.0,0.0,0.0,1.0,1.0,0.0
Gemma4-E4B,response_reference_pre_reference_d1,semantic_cue,Gemma4-E4B/native_thinking/v5/V4_4_T10000_N7_seed1255,4,2,1255,confirmation,7,1.0,1.0,1.0,0.0,0.0,0.0,0.0,1.0,1.0,0.0
Gemma4-E4B,response_reference_pre_reference_d1,semantic_cue,Gemma4-E4B/native_thinking/v5/V4_4_T10000_N7_seed1255,4,4,1255,confirmation,7,1.0,1.0,1.0,0.0,0.0,0.0,0.0,1.0,1.0,0.0
Gemma4-E4B,response_reference_pre_reference_d1,semantic_cue,Gemma4-E4B/native_thinking/v5/V4_4_T10000_N7_seed1255,4,8,1255,confirmation,7,1.0,0.0,1.0,1.0,0.0,1.0,1.0,0.03225806451612903,1.0,0.967741935483871
Gemma4-E4B,response_reference_pre_reference_d1,semantic_cue,Gemma4-E4B/native_thinking/v5/V4_4_T10000_N7_seed1255,4,16,1255,confirmation,7,1.0,0.0,1.0,1.0,0.0,1.0,1.0,0.0,1.0,1.0
Gemma4-E4B,response_reference_pre_reference_d1,semantic_cue,Gemma4-E4B/native_thinking/v5/V4_4_T10000_N7_seed1255,4,32,1255,confirmation,7,1.0,0.0,1.0,1.0,0.0,1.0,1.0,0.0,1.0,1.0
Gemma4-E4B,response_reference_pre_reference_d1,semantic_cue,Gemma4-E4B/native_thinking/v5/V4_4_T10000_N7_seed1255,5,1,1255,confirmation,7,1.0,1.0,1.0,0.0,0.0,0.0,0.0,1.0,1.0,0.0
Gemma4-E4B,response_reference_pre_reference_d1,semantic_cue,Gemma4-E4B/native_thinking/v5/V4_4_T10000_N7_seed1255,5,2,1255,confirmation,7,1.0,1.0,1.0,0.0,0.0,0.0,0.0,1.0,1.0,0.0
Gemma4-E4B,response_reference_pre_reference_d1,semantic_cue,Gemma4-E4B/native_thinking/v5/V4_4_T10000_N7_seed1255,5,4,1255,confirmation,7,1.0,1.0,1.0,0.0,0.0,0.0,0.0,1.0,1.0,0.0
Gemma4-E4B,response_reference_pre_reference_d1,semantic_cue,Gemma4-E4B/native_thinking/v5/V4_4_T10000_N7_seed1255,5,8,1255,confirmation,7,1.0,0.0,1.0,1.0,0.0,1.0,1.0,0.03225806451612903,1.0,0.967741935483871
Gemma4-E4B,response_reference_pre_reference_d1,semantic_cue,Gemma4-E4B/native_thinking/v5/V4_4_T10000_N7_seed1255,5,16,1255,confirmation,7,1.0,1.0,1.0,0.0,0.0,0.0,0.0,1.0,1.0,0.0
Gemma4-E4B,response_reference_pre_reference_d1,semantic_cue,Gemma4-E4B/native_thinking/v5/V4_4_T10000_N7_seed1255,5,32,1255,confirmation,7,1.0,0.0,1.0,1.0,0.0,1.0,1.0,0.03225806451612903,1.0,0.967741935483871
Gemma4-E4B,response_reference_pre_reference_d1,semantic_cue,Gemma4-E4B/native_thinking/v5/V4_4_T10000_N7_seed1255,6,1,1255,confirmation,7,1.0,1.0,1.0,0.0,0.0,0.0,0.0,1.0,1.0,0.0
Gemma4-E4B,response_reference_pre_reference_d1,semantic_cue,Gemma4-E4B/native_thinking/v5/V4_4_T10000_N7_seed1255,6,2,1255,confirmation,7,1.0,1.0,1.0,0.0,0.0,0.0,0.0,1.0,1.0,0.0
Gemma4-E4B,response_reference_pre_reference_d1,semantic_cue,Gemma4-E4B/native_thinking/v5/V4_4_T10000_N7_seed1255,6,4,1255,confirmation,7,1.0,0.0,1.0,1.0,0.0,1.0,1.0,0.0,1.0,1.0
Gemma4-E4B,response_reference_pre_reference_d1,semantic_cue,Gemma4-E4B/native_thinking/v5/V4_4_T10000_N7_seed1255,6,8,1255,confirmation,7,1.0,0.0,1.0,1.0,0.0,1.0,1.0,0.0,1.0,1.0
Gemma4-E4B,response_reference_pre_reference_d1,semantic_cue,Gemma4-E4B/native_thinking/v5/V4_4_T10000_N7_seed1255,6,16,1255,confirmation,7,1.0,1.0,1.0,0.0,0.0,0.0,0.0,1.0,1.0,0.0
Gemma4-E4B,response_reference_pre_reference_d1,semantic_cue,Gemma4-E4B/native_thinking/v5/V4_4_T10000_N7_seed1255,6,32,1255,confirmation,7,1.0,0.0,1.0,1.0,0.0,1.0,1.0,0.0,1.0,1.0
Gemma4-E4B,response_reference_pre_reference_d1,semantic_cue,Gemma4-E4B/native_thinking/v5/V4_4_T10000_N7_seed1255,7,1,1255,confirmation,7,1.0,1.0,1.0,0.0,0.0,0.0,0.0,1.0,1.0,0.0
Gemma4-E4B,response_reference_pre_reference_d1,semantic_cue,Gemma4-E4B/native_thinking/v5/V4_4_T10000_N7_seed1255,7,2,1255,confirmation,7,1.0,1.0,1.0,0.0,0.0,0.0,0.0,1.0,1.0,0.0
Gemma4-E4B,response_reference_pre_reference_d1,semantic_cue,Gemma4-E4B/native_thinking/v5/V4_4_T10000_N7_seed1255,7,4,1255,confirmation,7,1.0,0.0,1.0,1.0,0.0,1.0,1.0,0.0,1.0,1.0
Gemma4-E4B,response_reference_pre_reference_d1,semantic_cue,Gemma4-E4B/native_thinking/v5/V4_4_T10000_N7_seed1255,7,8,1255,confirmation,7,1.0,0.0,1.0,1.0,0.0,1.0,1.0,0.0,1.0,1.0
Gemma4-E4B,response_reference_pre_reference_d1,semantic_cue,Gemma4-E4B/native_thinking/v5/V4_4_T10000_N7_seed1255,7,16,1255,confirmation,7,1.0,1.0,1.0,0.0,0.0,0.0,0.0,1.0,1.0,0.0
Gemma4-E4B,response_reference_pre_reference_d1,semantic_cue,Gemma4-E4B/native_thinking/v5/V4_4_T10000_N7_seed1255,7,32,1255,confirmation,7,1.0,0.0,1.0,1.0,0.0,1.0,1.0,0.0,1.0,1.0
Gemma4-E4B,response_reference_pre_reference_d1,semantic_cue,Gemma4-E4B/native_thinking/v5/V4_4_T10000_N7_seed1259,1,1,1259,confirmation,7,1.0,1.0,1.0,0.0,0.0,0.0,0.0,1.0,1.0,0.0
Gemma4-E4B,response_reference_pre_reference_d1,semantic_cue,Gemma4-E4B/native_thinking/v5/V4_4_T10000_N7_seed1259,1,2,1259,confirmation,7,1.0,1.0,1.0,0.0,0.0,0.0,0.0,1.0,1.0,0.0
Gemma4-E4B,response_reference_pre_reference_d1,semantic_cue,Gemma4-E4B/native_thinking/v5/V4_4_T10000_N7_seed1259,1,4,1259,confirmation,7,1.0,1.0,1.0,0.0,0.0,0.0,0.0,1.0,1.0,0.0
Gemma4-E4B,response_reference_pre_reference_d1,semantic_cue,Gemma4-E4B/native_thinking/v5/V4_4_T10000_N7_seed1259,1,8,1259,confirmation,7,1.0,1.0,1.0,0.0,0.0,0.0,0.0,1.0,1.0,0.0
Gemma4-E4B,response_reference_pre_reference_d1,semantic_cue,Gemma4-E4B/native_thinking/v5/V4_4_T10000_N7_seed1259,1,16,1259,confirmation,7,1.0,1.0,1.0,0.0,0.0,0.0,0.0,1.0,1.0,0.0
Gemma4-E4B,response_reference_pre_reference_d1,semantic_cue,Gemma4-E4B/native_thinking/v5/V4_4_T10000_N7_seed1259,1,32,1259,confirmation,7,1.0,1.0,0.0,0.0,1.0,-1.0,-1.0,1.0,0.6129032258064516,-0.3870967741935484
Gemma4-E4B,response_reference_pre_reference_d1,semantic_cue,Gemma4-E4B/native_thinking/v5/V4_4_T10000_N7_seed1259,2,1,1259,confirmation,7,1.0,1.0,1.0,0.0,0.0,0.0,0.0,1.0,1.0,0.0
Gemma4-E4B,response_reference_pre_reference_d1,semantic_cue,Gemma4-E4B/native_thinking/v5/V4_4_T10000_N7_seed1259,2,2,1259,confirmation,7,1.0,1.0,1.0,0.0,0.0,0.0,0.0,1.0,1.0,0.0
Gemma4-E4B,response_reference_pre_reference_d1,semantic_cue,Gemma4-E4B/native_thinking/v5/V4_4_T10000_N7_seed1259,2,4,1259,confirmation,7,1.0,1.0,1.0,0.0,0.0,0.0,0.0,1.0,1.0,0.0
Gemma4-E4B,response_reference_pre_reference_d1,semantic_cue,Gemma4-E4B/native_thinking/v5/V4_4_T10000_N7_seed1259,2,8,1259,confirmation,7,1.0,1.0,1.0,0.0,0.0,0.0,0.0,1.0,1.0,0.0
Gemma4-E4B,response_reference_pre_reference_d1,semantic_cue,Gemma4-E4B/native_thinking/v5/V4_4_T10000_N7_seed1259,2,16,1259,confirmation,7,1.0,0.0,1.0,1.0,0.0,1.0,1.0,0.05714285714285714,1.0,0.9428571428571428
Gemma4-E4B,response_reference_pre_reference_d1,semantic_cue,Gemma4-E4B/native_thinking/v5/V4_4_T10000_N7_seed1259,2,32,1259,confirmation,7,1.0,0.0,1.0,1.0,0.0,1.0,1.0,0.05714285714285714,1.0,0.9428571428571428
Gemma4-E4B,response_reference_pre_reference_d1,semantic_cue,Gemma4-E4B/native_thinking/v5/V4_4_T10000_N7_seed1259,3,1,1259,confirmation,7,1.0,1.0,1.0,0.0,0.0,0.0,0.0,1.0,1.0,0.0
Gemma4-E4B,response_reference_pre_reference_d1,semantic_cue,Gemma4-E4B/native_thinking/v5/V4_4_T10000_N7_seed1259,3,2,1259,confirmation,7,1.0,1.0,1.0,0.0,0.0,0.0,0.0,1.0,1.0,0.0
Gemma4-E4B,response_reference_pre_reference_d1,semantic_cue,Gemma4-E4B/native_thinking/v5/V4_4_T10000_N7_seed1259,3,4,1259,confirmation,7,1.0,1.0,1.0,0.0,0.0,0.0,0.0,1.0,1.0,0.0
Gemma4-E4B,response_reference_pre_reference_d1,semantic_cue,Gemma4-E4B/native_thinking/v5/V4_4_T10000_N7_seed1259,3,8,1259,confirmation,7,1.0,1.0,1.0,0.0,0.0,0.0,0.0,1.0,1.0,0.0
Gemma4-E4B,response_reference_pre_reference_d1,semantic_cue,Gemma4-E4B/native_thinking/v5/V4_4_T10000_N7_seed1259,3,16,1259,confirmation,7,1.0,1.0,1.0,0.0,0.0,0.0,0.0,1.0,1.0,0.0
Gemma4-E4B,response_reference_pre_reference_d1,semantic_cue,Gemma4-E4B/native_thinking/v5/V4_4_T10000_N7_seed1259,3,32,1259,confirmation,7,1.0,0.0,1.0,1.0,0.0,1.0,1.0,0.967741935483871,1.0,0.032258064516129004
Gemma4-E4B,response_reference_pre_reference_d1,semantic_cue,Gemma4-E4B/native_thinking/v5/V4_4_T10000_N7_seed1259,4,1,1259,confirmation,7,1.0,1.0,1.0,0.0,0.0,0.0,0.0,1.0,1.0,0.0
Gemma4-E4B,response_reference_pre_reference_d1,semantic_cue,Gemma4-E4B/native_thinking/v5/V4_4_T10000_N7_seed1259,4,2,1259,confirmation,7,1.0,1.0,1.0,0.0,0.0,0.0,0.0,1.0,1.0,0.0
Gemma4-E4B,response_reference_pre_reference_d1,semantic_cue,Gemma4-E4B/native_thinking/v5/V4_4_T10000_N7_seed1259,4,4,1259,confirmation,7,1.0,1.0,1.0,0.0,0.0,0.0,0.0,1.0,1.0,0.0
Gemma4-E4B,response_reference_pre_reference_d1,semantic_cue,Gemma4-E4B/native_thinking/v5/V4_4_T10000_N7_seed1259,4,8,1259,confirmation,7,1.0,1.0,1.0,0.0,0.0,0.0,0.0,1.0,1.0,0.0
Gemma4-E4B,response_reference_pre_reference_d1,semantic_cue,Gemma4-E4B/native_thinking/v5/V4_4_T10000_N7_seed1259,4,16,1259,confirmation,7,1.0,1.0,1.0,0.0,0.0,0.0,0.0,1.0,1.0,0.0
Gemma4-E4B,response_reference_pre_reference_d1,semantic_cue,Gemma4-E4B/native_thinking/v5/V4_4_T10000_N7_seed1259,4,32,1259,confirmation,7,1.0,1.0,1.0,0.0,0.0,0.0,0.0,1.0,1.0,0.0
Gemma4-E4B,response_reference_pre_reference_d1,semantic_cue,Gemma4-E4B/native_thinking/v5/V4_4_T10000_N7_seed1259,5,1,1259,confirmation,7,1.0,1.0,1.0,0.0,0.0,0.0,0.0,1.0,1.0,0.0
Gemma4-E4B,response_reference_pre_reference_d1,semantic_cue,Gemma4-E4B/native_thinking/v5/V4_4_T10000_N7_seed1259,5,2,1259,confirmation,7,1.0,1.0,1.0,0.0,0.0,0.0,0.0,1.0,1.0,0.0
Gemma4-E4B,response_reference_pre_reference_d1,semantic_cue,Gemma4-E4B/native_thinking/v5/V4_4_T10000_N7_seed1259,5,4,1259,confirmation,7,1.0,1.0,1.0,0.0,0.0,0.0,0.0,1.0,1.0,0.0
Gemma4-E4B,response_reference_pre_reference_d1,semantic_cue,Gemma4-E4B/native_thinking/v5/V4_4_T10000_N7_seed1259,5,8,1259,confirmation,7,1.0,1.0,1.0,0.0,0.0,0.0,0.0,1.0,1.0,0.0
Gemma4-E4B,response_reference_pre_reference_d1,semantic_cue,Gemma4-E4B/native_thinking/v5/V4_4_T10000_N7_seed1259,5,16,1259,confirmation,7,1.0,1.0,1.0,0.0,0.0,0.0,0.0,1.0,1.0,0.0
Gemma4-E4B,response_reference_pre_reference_d1,semantic_cue,Gemma4-E4B/native_thinking/v5/V4_4_T10000_N7_seed1259,5,32,1259,confirmation,7,1.0,0.0,1.0,1.0,0.0,1.0,1.0,0.967741935483871,1.0,0.032258064516129004
Gemma4-E4B,response_reference_pre_reference_d1,semantic_cue,Gemma4-E4B/native_thinking/v5/V4_4_T10000_N7_seed1259,6,1,1259,confirmation,7,1.0,1.0,1.0,0.0,0.0,0.0,0.0,1.0,1.0,0.0
Gemma4-E4B,response_reference_pre_reference_d1,semantic_cue,Gemma4-E4B/native_thinking/v5/V4_4_T10000_N7_seed1259,6,2,1259,confirmation,7,1.0,1.0,1.0,0.0,0.0,0.0,0.0,1.0,1.0,0.0
Gemma4-E4B,response_reference_pre_reference_d1,semantic_cue,Gemma4-E4B/native_thinking/v5/V4_4_T10000_N7_seed1259,6,4,1259,confirmation,7,1.0,1.0,1.0,0.0,0.0,0.0,0.0,1.0,1.0,0.0
Gemma4-E4B,response_reference_pre_reference_d1,semantic_cue,Gemma4-E4B/native_thinking/v5/V4_4_T10000_N7_seed1259,6,8,1259,confirmation,7,1.0,1.0,1.0,0.0,0.0,0.0,0.0,1.0,1.0,0.0
Gemma4-E4B,response_reference_pre_reference_d1,semantic_cue,Gemma4-E4B/native_thinking/v5/V4_4_T10000_N7_seed1259,6,16,1259,confirmation,7,1.0,1.0,1.0,0.0,0.0,0.0,0.0,1.0,1.0,0.0
Gemma4-E4B,response_reference_pre_reference_d1,semantic_cue,Gemma4-E4B/native_thinking/v5/V4_4_T10000_N7_seed1259,6,32,1259,confirmation,7,1.0,0.0,1.0,1.0,0.0,1.0,1.0,0.967741935483871,1.0,0.032258064516129004
Gemma4-E4B,response_reference_pre_reference_d1,semantic_cue,Gemma4-E4B/native_thinking/v5/V4_4_T10000_N7_seed1259,7,1,1259,confirmation,7,1.0,1.0,1.0,0.0,0.0,0.0,0.0,1.0,1.0,0.0
Gemma4-E4B,response_reference_pre_reference_d1,semantic_cue,Gemma4-E4B/native_thinking/v5/V4_4_T10000_N7_seed1259,7,2,1259,confirmation,7,1.0,1.0,1.0,0.0,0.0,0.0,0.0,1.0,1.0,0.0
Gemma4-E4B,response_reference_pre_reference_d1,semantic_cue,Gemma4-E4B/native_thinking/v5/V4_4_T10000_N7_seed1259,7,4,1259,confirmation,7,1.0,1.0,1.0,0.0,0.0,0.0,0.0,1.0,1.0,0.0
Gemma4-E4B,response_reference_pre_reference_d1,semantic_cue,Gemma4-E4B/native_thinking/v5/V4_4_T10000_N7_seed1259,7,8,1259,confirmation,7,1.0,0.0,1.0,1.0,0.0,1.0,1.0,0.0,1.0,1.0
Gemma4-E4B,response_reference_pre_reference_d1,semantic_cue,Gemma4-E4B/native_thinking/v5/V4_4_T10000_N7_seed1259,7,16,1259,confirmation,7,1.0,1.0,1.0,0.0,0.0,0.0,0.0,1.0,1.0,0.0
Gemma4-E4B,response_reference_pre_reference_d1,semantic_cue,Gemma4-E4B/native_thinking/v5/V4_4_T10000_N7_seed1259,7,32,1259,confirmation,7,1.0,0.0,1.0,1.0,0.0,1.0,1.0,0.0,1.0,1.0
Gemma4-E4B,response_reference_pre_reference_d1,semantic_cue,Gemma4-E4B/native_thinking/v5/V4_4_T10000_N8_seed1255,1,1,1255,confirmation,8,1.0,1.0,1.0,0.0,0.0,0.0,0.0,1.0,1.0,0.0
Gemma4-E4B,response_reference_pre_reference_d1,semantic_cue,Gemma4-E4B/native_thinking/v5/V4_4_T10000_N8_seed1255,1,2,1255,confirmation,8,1.0,1.0,1.0,0.0,0.0,0.0,0.0,1.0,1.0,0.0
Gemma4-E4B,response_reference_pre_reference_d1,semantic_cue,Gemma4-E4B/native_thinking/v5/V4_4_T10000_N8_seed1255,1,4,1255,confirmation,8,1.0,1.0,1.0,0.0,0.0,0.0,0.0,1.0,1.0,0.0
Gemma4-E4B,response_reference_pre_reference_d1,semantic_cue,Gemma4-E4B/native_thinking/v5/V4_4_T10000_N8_seed1255,1,8,1255,confirmation,8,1.0,1.0,0.0,0.0,1.0,-1.0,-1.0,1.0,0.06451612903225806,-0.935483870967742
Gemma4-E4B,response_reference_pre_reference_d1,semantic_cue,Gemma4-E4B/native_thinking/v5/V4_4_T10000_N8_seed1255,1,16,1255,confirmation,8,1.0,0.0,1.0,1.0,0.0,1.0,1.0,0.0,1.0,1.0
Gemma4-E4B,response_reference_pre_reference_d1,semantic_cue,Gemma4-E4B/native_thinking/v5/V4_4_T10000_N8_seed1255,1,32,1255,confirmation,8,1.0,0.0,1.0,1.0,0.0,1.0,1.0,0.06451612903225806,1.0,0.935483870967742
Gemma4-E4B,response_reference_pre_reference_d1,semantic_cue,Gemma4-E4B/native_thinking/v5/V4_4_T10000_N8_seed1255,2,1,1255,confirmation,8,1.0,1.0,1.0,0.0,0.0,0.0,0.0,1.0,1.0,0.0
Gemma4-E4B,response_reference_pre_reference_d1,semantic_cue,Gemma4-E4B/native_thinking/v5/V4_4_T10000_N8_seed1255,2,2,1255,confirmation,8,1.0,1.0,1.0,0.0,0.0,0.0,0.0,1.0,1.0,0.0
Gemma4-E4B,response_reference_pre_reference_d1,semantic_cue,Gemma4-E4B/native_thinking/v5/V4_4_T10000_N8_seed1255,2,4,1255,confirmation,8,1.0,1.0,0.6666666666666666,0.0,0.3333333333333333,-0.3333333333333333,-0.3333333333333333,1.0,0.6767676767676768,-0.3232323232323232
Gemma4-E4B,response_reference_pre_reference_d1,semantic_cue,Gemma4-E4B/native_thinking/v5/V4_4_T10000_N8_seed1255,2,8,1255,confirmation,8,1.0,0.0,0.0,1.0,1.0,0.0,0.0,0.030303030303030304,0.030303030303030304,0.0
Gemma4-E4B,response_reference_pre_reference_d1,semantic_cue,Gemma4-E4B/native_thinking/v5/V4_4_T10000_N8_seed1255,2,16,1255,confirmation,8,1.0,0.0,0.6666666666666666,1.0,0.3333333333333333,0.6666666666666667,0.6666666666666667,0.0,0.6767676767676768,0.6767676767676768
Gemma4-E4B,response_reference_pre_reference_d1,semantic_cue,Gemma4-E4B/native_thinking/v5/V4_4_T10000_N8_seed1255,2,32,1255,confirmation,8,1.0,0.0,1.0,1.0,0.0,1.0,1.0,0.030303030303030304,1.0,0.9696969696969697
Gemma4-E4B,response_reference_pre_reference_d1,semantic_cue,Gemma4-E4B/native_thinking/v5/V4_4_T10000_N8_seed1255,3,1,1255,confirmation,8,1.0,1.0,1.0,0.0,0.0,0.0,0.0,1.0,1.0,0.0
Gemma4-E4B,response_reference_pre_reference_d1,semantic_cue,Gemma4-E4B/native_thinking/v5/V4_4_T10000_N8_seed1255,3,2,1255,confirmation,8,1.0,1.0,1.0,0.0,0.0,0.0,0.0,1.0,1.0,0.0
Gemma4-E4B,response_reference_pre_reference_d1,semantic_cue,Gemma4-E4B/native_thinking/v5/V4_4_T10000_N8_seed1255,3,4,1255,confirmation,8,1.0,1.0,1.0,0.0,0.0,0.0,0.0,1.0,1.0,0.0
Gemma4-E4B,response_reference_pre_reference_d1,semantic_cue,Gemma4-E4B/native_thinking/v5/V4_4_T10000_N8_seed1255,3,8,1255,confirmation,8,1.0,0.0,1.0,1.0,0.0,1.0,1.0,0.0,1.0,1.0
Gemma4-E4B,response_reference_pre_reference_d1,semantic_cue,Gemma4-E4B/native_thinking/v5/V4_4_T10000_N8_seed1255,3,16,1255,confirmation,8,1.0,0.0,1.0,1.0,0.0,1.0,1.0,0.0,1.0,1.0
Gemma4-E4B,response_reference_pre_reference_d1,semantic_cue,Gemma4-E4B/native_thinking/v5/V4_4_T10000_N8_seed1255,3,32,1255,confirmation,8,1.0,0.0,1.0,1.0,0.0,1.0,1.0,0.0,1.0,1.0
Gemma4-E4B,response_reference_pre_reference_d1,semantic_cue,Gemma4-E4B/native_thinking/v5/V4_4_T10000_N8_seed1255,4,1,1255,confirmation,8,1.0,1.0,1.0,0.0,0.0,0.0,0.0,1.0,1.0,0.0
Gemma4-E4B,response_reference_pre_reference_d1,semantic_cue,Gemma4-E4B/native_thinking/v5/V4_4_T10000_N8_seed1255,4,2,1255,confirmation,8,1.0,1.0,1.0,0.0,0.0,0.0,0.0,1.0,1.0,0.0
Gemma4-E4B,response_reference_pre_reference_d1,semantic_cue,Gemma4-E4B/native_thinking/v5/V4_4_T10000_N8_seed1255,4,4,1255,confirmation,8,1.0,1.0,1.0,0.0,0.0,0.0,0.0,1.0,1.0,0.0
Gemma4-E4B,response_reference_pre_reference_d1,semantic_cue,Gemma4-E4B/native_thinking/v5/V4_4_T10000_N8_seed1255,4,8,1255,confirmation,8,1.0,0.0,1.0,1.0,0.0,1.0,1.0,0.0,1.0,1.0
Gemma4-E4B,response_reference_pre_reference_d1,semantic_cue,Gemma4-E4B/native_thinking/v5/V4_4_T10000_N8_seed1255,4,16,1255,confirmation,8,1.0,0.0,1.0,1.0,0.0,1.0,1.0,0.0,1.0,1.0
Gemma4-E4B,response_reference_pre_reference_d1,semantic_cue,Gemma4-E4B/native_thinking/v5/V4_4_T10000_N8_seed1255,4,32,1255,confirmation,8,1.0,0.0,1.0,1.0,0.0,1.0,1.0,0.0,1.0,1.0
Gemma4-E4B,response_reference_pre_reference_d1,semantic_cue,Gemma4-E4B/native_thinking/v5/V4_4_T10000_N8_seed1255,5,1,1255,confirmation,8,1.0,1.0,1.0,0.0,0.0,0.0,0.0,1.0,1.0,0.0
Gemma4-E4B,response_reference_pre_reference_d1,semantic_cue,Gemma4-E4B/native_thinking/v5/V4_4_T10000_N8_seed1255,5,2,1255,confirmation,8,1.0,1.0,1.0,0.0,0.0,0.0,0.0,1.0,1.0,0.0
Gemma4-E4B,response_reference_pre_reference_d1,semantic_cue,Gemma4-E4B/native_thinking/v5/V4_4_T10000_N8_seed1255,5,4,1255,confirmation,8,1.0,1.0,1.0,0.0,0.0,0.0,0.0,1.0,1.0,0.0
Gemma4-E4B,response_reference_pre_reference_d1,semantic_cue,Gemma4-E4B/native_thinking/v5/V4_4_T10000_N8_seed1255,5,8,1255,confirmation,8,1.0,0.0,1.0,1.0,0.0,1.0,1.0,0.03225806451612903,1.0,0.967741935483871
Gemma4-E4B,response_reference_pre_reference_d1,semantic_cue,Gemma4-E4B/native_thinking/v5/V4_4_T10000_N8_seed1255,5,16,1255,confirmation,8,1.0,1.0,1.0,0.0,0.0,0.0,0.0,1.0,1.0,0.0
Gemma4-E4B,response_reference_pre_reference_d1,semantic_cue,Gemma4-E4B/native_thinking/v5/V4_4_T10000_N8_seed1255,5,32,1255,confirmation,8,1.0,0.0,1.0,1.0,0.0,1.0,1.0,0.03225806451612903,1.0,0.967741935483871
Gemma4-E4B,response_reference_pre_reference_d1,semantic_cue,Gemma4-E4B/native_thinking/v5/V4_4_T10000_N8_seed1255,6,1,1255,confirmation,8,1.0,1.0,1.0,0.0,0.0,0.0,0.0,1.0,1.0,0.0
Gemma4-E4B,response_reference_pre_reference_d1,semantic_cue,Gemma4-E4B/native_thinking/v5/V4_4_T10000_N8_seed1255,6,2,1255,confirmation,8,1.0,1.0,1.0,0.0,0.0,0.0,0.0,1.0,1.0,0.0
Gemma4-E4B,response_reference_pre_reference_d1,semantic_cue,Gemma4-E4B/native_thinking/v5/V4_4_T10000_N8_seed1255,6,4,1255,confirmation,8,1.0,1.0,1.0,0.0,0.0,0.0,0.0,1.0,1.0,0.0
Gemma4-E4B,response_reference_pre_reference_d1,semantic_cue,Gemma4-E4B/native_thinking/v5/V4_4_T10000_N8_seed1255,6,8,1255,confirmation,8,1.0,0.0,1.0,1.0,0.0,1.0,1.0,0.0,1.0,1.0
Gemma4-E4B,response_reference_pre_reference_d1,semantic_cue,Gemma4-E4B/native_thinking/v5/V4_4_T10000_N8_seed1255,6,16,1255,confirmation,8,1.0,1.0,1.0,0.0,0.0,0.0,0.0,1.0,1.0,0.0
Gemma4-E4B,response_reference_pre_reference_d1,semantic_cue,Gemma4-E4B/native_thinking/v5/V4_4_T10000_N8_seed1255,6,32,1255,confirmation,8,1.0,0.0,1.0,1.0,0.0,1.0,1.0,0.0,1.0,1.0
Gemma4-E4B,response_reference_pre_reference_d1,semantic_cue,Gemma4-E4B/native_thinking/v5/V4_4_T10000_N8_seed1255,7,1,1255,confirmation,8,1.0,1.0,1.0,0.0,0.0,0.0,0.0,1.0,1.0,0.0
Gemma4-E4B,response_reference_pre_reference_d1,semantic_cue,Gemma4-E4B/native_thinking/v5/V4_4_T10000_N8_seed1255,7,2,1255,confirmation,8,1.0,1.0,1.0,0.0,0.0,0.0,0.0,1.0,1.0,0.0
Gemma4-E4B,response_reference_pre_reference_d1,semantic_cue,Gemma4-E4B/native_thinking/v5/V4_4_T10000_N8_seed1255,7,4,1255,confirmation,8,1.0,0.0,1.0,1.0,0.0,1.0,1.0,0.06451612903225806,1.0,0.935483870967742
Gemma4-E4B,response_reference_pre_reference_d1,semantic_cue,Gemma4-E4B/native_thinking/v5/V4_4_T10000_N8_seed1255,7,8,1255,confirmation,8,1.0,0.0,1.0,1.0,0.0,1.0,1.0,0.06451612903225806,1.0,0.935483870967742
Gemma4-E4B,response_reference_pre_reference_d1,semantic_cue,Gemma4-E4B/native_thinking/v5/V4_4_T10000_N8_seed1255,7,16,1255,confirmation,8,1.0,1.0,1.0,0.0,0.0,0.0,0.0,1.0,1.0,0.0
Gemma4-E4B,response_reference_pre_reference_d1,semantic_cue,Gemma4-E4B/native_thinking/v5/V4_4_T10000_N8_seed1255,7,32,1255,confirmation,8,1.0,0.0,1.0,1.0,0.0,1.0,1.0,0.06451612903225806,1.0,0.935483870967742
Gemma4-E4B,response_reference_pre_reference_d1,semantic_cue,Gemma4-E4B/native_thinking/v5/V4_4_T10000_N8_seed1255,8,1,1255,confirmation,8,1.0,1.0,1.0,0.0,0.0,0.0,0.0,1.0,1.0,0.0
Gemma4-E4B,response_reference_pre_reference_d1,semantic_cue,Gemma4-E4B/native_thinking/v5/V4_4_T10000_N8_seed1255,8,2,1255,confirmation,8,1.0,1.0,1.0,0.0,0.0,0.0,0.0,1.0,1.0,0.0
Gemma4-E4B,response_reference_pre_reference_d1,semantic_cue,Gemma4-E4B/native_thinking/v5/V4_4_T10000_N8_seed1255,8,4,1255,confirmation,8,1.0,0.0,1.0,1.0,0.0,1.0,1.0,0.0,1.0,1.0
Gemma4-E4B,response_reference_pre_reference_d1,semantic_cue,Gemma4-E4B/native_thinking/v5/V4_4_T10000_N8_seed1255,8,8,1255,confirmation,8,1.0,0.0,1.0,1.0,0.0,1.0,1.0,0.0,1.0,1.0
Gemma4-E4B,response_reference_pre_reference_d1,semantic_cue,Gemma4-E4B/native_thinking/v5/V4_4_T10000_N8_seed1255,8,16,1255,confirmation,8,1.0,1.0,1.0,0.0,0.0,0.0,0.0,1.0,1.0,0.0
Gemma4-E4B,response_reference_pre_reference_d1,semantic_cue,Gemma4-E4B/native_thinking/v5/V4_4_T10000_N8_seed1255,8,32,1255,confirmation,8,1.0,0.0,1.0,1.0,0.0,1.0,1.0,0.0,1.0,1.0
Gemma4-E4B,response_reference_pre_reference_d1,semantic_cue,Gemma4-E4B/native_thinking/v5/V4_4_T10000_N9_seed1259,1,1,1259,confirmation,9,1.0,1.0,1.0,0.0,0.0,0.0,0.0,1.0,1.0,0.0
Gemma4-E4B,response_reference_pre_reference_d1,semantic_cue,Gemma4-E4B/native_thinking/v5/V4_4_T10000_N9_seed1259,1,2,1259,confirmation,9,1.0,1.0,1.0,0.0,0.0,0.0,0.0,1.0,1.0,0.0
Gemma4-E4B,response_reference_pre_reference_d1,semantic_cue,Gemma4-E4B/native_thinking/v5/V4_4_T10000_N9_seed1259,1,4,1259,confirmation,9,1.0,1.0,1.0,0.0,0.0,0.0,0.0,1.0,1.0,0.0
Gemma4-E4B,response_reference_pre_reference_d1,semantic_cue,Gemma4-E4B/native_thinking/v5/V4_4_T10000_N9_seed1259,1,8,1259,confirmation,9,1.0,1.0,1.0,0.0,0.0,0.0,0.0,1.0,1.0,0.0
Gemma4-E4B,response_reference_pre_reference_d1,semantic_cue,Gemma4-E4B/native_thinking/v5/V4_4_T10000_N9_seed1259,1,16,1259,confirmation,9,1.0,0.0,1.0,1.0,0.0,1.0,1.0,0.0,1.0,1.0
Gemma4-E4B,response_reference_pre_reference_d1,semantic_cue,Gemma4-E4B/native_thinking/v5/V4_4_T10000_N9_seed1259,1,32,1259,confirmation,9,1.0,0.0,1.0,1.0,0.0,1.0,1.0,0.0,1.0,1.0
Gemma4-E4B,response_reference_pre_reference_d1,semantic_cue,Gemma4-E4B/native_thinking/v5/V4_4_T10000_N9_seed1259,2,1,1259,confirmation,9,1.0,1.0,1.0,0.0,0.0,0.0,0.0,1.0,1.0,0.0
Gemma4-E4B,response_reference_pre_reference_d1,semantic_cue,Gemma4-E4B/native_thinking/v5/V4_4_T10000_N9_seed1259,2,2,1259,confirmation,9,1.0,1.0,1.0,0.0,0.0,0.0,0.0,1.0,1.0,0.0
Gemma4-E4B,response_reference_pre_reference_d1,semantic_cue,Gemma4-E4B/native_thinking/v5/V4_4_T10000_N9_seed1259,2,4,1259,confirmation,9,1.0,1.0,1.0,0.0,0.0,0.0,0.0,1.0,1.0,0.0
Gemma4-E4B,response_reference_pre_reference_d1,semantic_cue,Gemma4-E4B/native_thinking/v5/V4_4_T10000_N9_seed1259,2,8,1259,confirmation,9,1.0,1.0,1.0,0.0,0.0,0.0,0.0,1.0,1.0,0.0
Gemma4-E4B,response_reference_pre_reference_d1,semantic_cue,Gemma4-E4B/native_thinking/v5/V4_4_T10000_N9_seed1259,2,16,1259,confirmation,9,1.0,0.0,1.0,1.0,0.0,1.0,1.0,0.9722222222222222,1.0,0.02777777777777779
Gemma4-E4B,response_reference_pre_reference_d1,semantic_cue,Gemma4-E4B/native_thinking/v5/V4_4_T10000_N9_seed1259,2,32,1259,confirmation,9,1.0,0.0,1.0,1.0,0.0,1.0,1.0,0.0,1.0,1.0
Gemma4-E4B,response_reference_pre_reference_d1,semantic_cue,Gemma4-E4B/native_thinking/v5/V4_4_T10000_N9_seed1259,3,1,1259,confirmation,9,1.0,1.0,1.0,0.0,0.0,0.0,0.0,1.0,1.0,0.0
Gemma4-E4B,response_reference_pre_reference_d1,semantic_cue,Gemma4-E4B/native_thinking/v5/V4_4_T10000_N9_seed1259,3,2,1259,confirmation,9,1.0,1.0,1.0,0.0,0.0,0.0,0.0,1.0,1.0,0.0
Gemma4-E4B,response_reference_pre_reference_d1,semantic_cue,Gemma4-E4B/native_thinking/v5/V4_4_T10000_N9_seed1259,3,4,1259,confirmation,9,1.0,1.0,1.0,0.0,0.0,0.0,0.0,1.0,1.0,0.0
Gemma4-E4B,response_reference_pre_reference_d1,semantic_cue,Gemma4-E4B/native_thinking/v5/V4_4_T10000_N9_seed1259,3,8,1259,confirmation,9,1.0,0.0,1.0,1.0,0.0,1.0,1.0,0.0,1.0,1.0
Gemma4-E4B,response_reference_pre_reference_d1,semantic_cue,Gemma4-E4B/native_thinking/v5/V4_4_T10000_N9_seed1259,3,16,1259,confirmation,9,1.0,0.0,1.0,1.0,0.0,1.0,1.0,0.0,1.0,1.0
Gemma4-E4B,response_reference_pre_reference_d1,semantic_cue,Gemma4-E4B/native_thinking/v5/V4_4_T10000_N9_seed1259,3,32,1259,confirmation,9,1.0,0.0,1.0,1.0,0.0,1.0,1.0,0.0,1.0,1.0
Gemma4-E4B,response_reference_pre_reference_d1,semantic_cue,Gemma4-E4B/native_thinking/v5/V4_4_T10000_N9_seed1259,4,1,1259,confirmation,9,1.0,1.0,1.0,0.0,0.0,0.0,0.0,1.0,1.0,0.0
Gemma4-E4B,response_reference_pre_reference_d1,semantic_cue,Gemma4-E4B/native_thinking/v5/V4_4_T10000_N9_seed1259,4,2,1259,confirmation,9,1.0,1.0,1.0,0.0,0.0,0.0,0.0,1.0,1.0,0.0
Gemma4-E4B,response_reference_pre_reference_d1,semantic_cue,Gemma4-E4B/native_thinking/v5/V4_4_T10000_N9_seed1259,4,4,1259,confirmation,9,1.0,1.0,1.0,0.0,0.0,0.0,0.0,1.0,1.0,0.0
Gemma4-E4B,response_reference_pre_reference_d1,semantic_cue,Gemma4-E4B/native_thinking/v5/V4_4_T10000_N9_seed1259,4,8,1259,confirmation,9,1.0,1.0,0.6666666666666666,0.0,0.3333333333333333,-0.3333333333333333,-0.3333333333333333,1.0,0.6767676767676768,-0.3232323232323232
Gemma4-E4B,response_reference_pre_reference_d1,semantic_cue,Gemma4-E4B/native_thinking/v5/V4_4_T10000_N9_seed1259,4,16,1259,confirmation,9,1.0,1.0,0.6666666666666666,0.0,0.3333333333333333,-0.3333333333333333,-0.3333333333333333,1.0,0.6666666666666666,-0.33333333333333337
Gemma4-E4B,response_reference_pre_reference_d1,semantic_cue,Gemma4-E4B/native_thinking/v5/V4_4_T10000_N9_seed1259,4,32,1259,confirmation,9,1.0,0.0,1.0,1.0,0.0,1.0,1.0,0.0,1.0,1.0
Gemma4-E4B,response_reference_pre_reference_d1,semantic_cue,Gemma4-E4B/native_thinking/v5/V4_4_T10000_N9_seed1259,5,1,1259,confirmation,9,1.0,1.0,1.0,0.0,0.0,0.0,0.0,1.0,1.0,0.0
Gemma4-E4B,response_reference_pre_reference_d1,semantic_cue,Gemma4-E4B/native_thinking/v5/V4_4_T10000_N9_seed1259,5,2,1259,confirmation,9,1.0,0.0,1.0,1.0,0.0,1.0,1.0,0.0,1.0,1.0
Gemma4-E4B,response_reference_pre_reference_d1,semantic_cue,Gemma4-E4B/native_thinking/v5/V4_4_T10000_N9_seed1259,5,4,1259,confirmation,9,1.0,0.0,1.0,1.0,0.0,1.0,1.0,0.0,1.0,1.0
Gemma4-E4B,response_reference_pre_reference_d1,semantic_cue,Gemma4-E4B/native_thinking/v5/V4_4_T10000_N9_seed1259,5,8,1259,confirmation,9,1.0,0.0,1.0,1.0,0.0,1.0,1.0,0.0,1.0,1.0
Gemma4-E4B,response_reference_pre_reference_d1,semantic_cue,Gemma4-E4B/native_thinking/v5/V4_4_T10000_N9_seed1259,5,16,1259,confirmation,9,1.0,0.0,1.0,1.0,0.0,1.0,1.0,0.0625,1.0,0.9375
Gemma4-E4B,response_reference_pre_reference_d1,semantic_cue,Gemma4-E4B/native_thinking/v5/V4_4_T10000_N9_seed1259,5,32,1259,confirmation,9,1.0,0.0,1.0,1.0,0.0,1.0,1.0,0.0625,1.0,0.9375
Gemma4-E4B,response_reference_pre_reference_d1,semantic_cue,Gemma4-E4B/native_thinking/v5/V4_4_T10000_N9_seed1259,6,1,1259,confirmation,9,1.0,1.0,1.0,0.0,0.0,0.0,0.0,1.0,1.0,0.0
Gemma4-E4B,response_reference_pre_reference_d1,semantic_cue,Gemma4-E4B/native_thinking/v5/V4_4_T10000_N9_seed1259,6,2,1259,confirmation,9,1.0,1.0,1.0,0.0,0.0,0.0,0.0,1.0,1.0,0.0
Gemma4-E4B,response_reference_pre_reference_d1,semantic_cue,Gemma4-E4B/native_thinking/v5/V4_4_T10000_N9_seed1259,6,4,1259,confirmation,9,1.0,0.0,1.0,1.0,0.0,1.0,1.0,0.0,1.0,1.0
Gemma4-E4B,response_reference_pre_reference_d1,semantic_cue,Gemma4-E4B/native_thinking/v5/V4_4_T10000_N9_seed1259,6,8,1259,confirmation,9,1.0,0.0,1.0,1.0,0.0,1.0,1.0,0.03125,1.0,0.96875
Gemma4-E4B,response_reference_pre_reference_d1,semantic_cue,Gemma4-E4B/native_thinking/v5/V4_4_T10000_N9_seed1259,6,16,1259,confirmation,9,1.0,0.0,1.0,1.0,0.0,1.0,1.0,0.03125,1.0,0.96875
Gemma4-E4B,response_reference_pre_reference_d1,semantic_cue,Gemma4-E4B/native_thinking/v5/V4_4_T10000_N9_seed1259,6,32,1259,confirmation,9,1.0,0.0,1.0,1.0,0.0,1.0,1.0,0.03125,1.0,0.96875
Gemma4-E4B,response_reference_pre_reference_d1,semantic_cue,Gemma4-E4B/native_thinking/v5/V4_4_T10000_N9_seed1259,7,1,1259,confirmation,9,1.0,1.0,1.0,0.0,0.0,0.0,0.0,1.0,1.0,0.0
Gemma4-E4B,response_reference_pre_reference_d1,semantic_cue,Gemma4-E4B/native_thinking/v5/V4_4_T10000_N9_seed1259,7,2,1259,confirmation,9,1.0,0.0,1.0,1.0,0.0,1.0,1.0,0.0,1.0,1.0
Gemma4-E4B,response_reference_pre_reference_d1,semantic_cue,Gemma4-E4B/native_thinking/v5/V4_4_T10000_N9_seed1259,7,4,1259,confirmation,9,1.0,0.0,1.0,1.0,0.0,1.0,1.0,0.0,1.0,1.0
Gemma4-E4B,response_reference_pre_reference_d1,semantic_cue,Gemma4-E4B/native_thinking/v5/V4_4_T10000_N9_seed1259,7,8,1259,confirmation,9,1.0,0.0,1.0,1.0,0.0,1.0,1.0,0.0,1.0,1.0
Gemma4-E4B,response_reference_pre_reference_d1,semantic_cue,Gemma4-E4B/native_thinking/v5/V4_4_T10000_N9_seed1259,7,16,1259,confirmation,9,1.0,0.0,1.0,1.0,0.0,1.0,1.0,0.03125,1.0,0.96875
Gemma4-E4B,response_reference_pre_reference_d1,semantic_cue,Gemma4-E4B/native_thinking/v5/V4_4_T10000_N9_seed1259,7,32,1259,confirmation,9,1.0,0.0,1.0,1.0,0.0,1.0,1.0,0.0,1.0,1.0
Gemma4-E4B,response_reference_pre_reference_d1,semantic_cue,Gemma4-E4B/native_thinking/v5/V4_4_T10000_N9_seed1259,8,1,1259,confirmation,9,1.0,1.0,1.0,0.0,0.0,0.0,0.0,1.0,1.0,0.0
Gemma4-E4B,response_reference_pre_reference_d1,semantic_cue,Gemma4-E4B/native_thinking/v5/V4_4_T10000_N9_seed1259,8,2,1259,confirmation,9,1.0,0.0,1.0,1.0,0.0,1.0,1.0,0.03125,1.0,0.96875
Gemma4-E4B,response_reference_pre_reference_d1,semantic_cue,Gemma4-E4B/native_thinking/v5/V4_4_T10000_N9_seed1259,8,4,1259,confirmation,9,1.0,0.0,1.0,1.0,0.0,1.0,1.0,0.0,1.0,1.0
Gemma4-E4B,response_reference_pre_reference_d1,semantic_cue,Gemma4-E4B/native_thinking/v5/V4_4_T10000_N9_seed1259,8,8,1259,confirmation,9,1.0,0.0,1.0,1.0,0.0,1.0,1.0,0.03125,1.0,0.96875
Gemma4-E4B,response_reference_pre_reference_d1,semantic_cue,Gemma4-E4B/native_thinking/v5/V4_4_T10000_N9_seed1259,8,16,1259,confirmation,9,1.0,0.0,1.0,1.0,0.0,1.0,1.0,0.03125,1.0,0.96875
Gemma4-E4B,response_reference_pre_reference_d1,semantic_cue,Gemma4-E4B/native_thinking/v5/V4_4_T10000_N9_seed1259,8,32,1259,confirmation,9,1.0,0.0,1.0,1.0,0.0,1.0,1.0,0.03125,1.0,0.96875
Gemma4-E4B,response_reference_pre_reference_d1,semantic_cue,Gemma4-E4B/native_thinking/v5/V4_4_T10000_N9_seed1259,9,1,1259,confirmation,9,1.0,1.0,1.0,0.0,0.0,0.0,0.0,1.0,1.0,0.0
Gemma4-E4B,response_reference_pre_reference_d1,semantic_cue,Gemma4-E4B/native_thinking/v5/V4_4_T10000_N9_seed1259,9,2,1259,confirmation,9,1.0,1.0,1.0,0.0,0.0,0.0,0.0,1.0,1.0,0.0
Gemma4-E4B,response_reference_pre_reference_d1,semantic_cue,Gemma4-E4B/native_thinking/v5/V4_4_T10000_N9_seed1259,9,4,1259,confirmation,9,1.0,0.0,1.0,1.0,0.0,1.0,1.0,0.0,1.0,1.0
Gemma4-E4B,response_reference_pre_reference_d1,semantic_cue,Gemma4-E4B/native_thinking/v5/V4_4_T10000_N9_seed1259,9,8,1259,confirmation,9,1.0,0.0,1.0,1.0,0.0,1.0,1.0,0.0,1.0,1.0
Gemma4-E4B,response_reference_pre_reference_d1,semantic_cue,Gemma4-E4B/native_thinking/v5/V4_4_T10000_N9_seed1259,9,16,1259,confirmation,9,1.0,1.0,1.0,0.0,0.0,0.0,0.0,1.0,1.0,0.0
Gemma4-E4B,response_reference_pre_reference_d1,semantic_cue,Gemma4-E4B/native_thinking/v5/V4_4_T10000_N9_seed1259,9,32,1259,confirmation,9,1.0,0.0,1.0,1.0,0.0,1.0,1.0,0.0,1.0,1.0
